{"type":"FeatureCollection","features":[{"type":"Feature","properties":{"id":"24020145","nom":"Avenida Carrera 30","tipo":"trunk"},"geometry":{"type":"LineString","coordinates":[[-74.10696,4.5983],[-74.10688,4.59835]]}},{"type":"Feature","properties":{"id":"24152203","nom":"","tipo":"trunk_link"},"geometry":{"type":"LineString","coordinates":[[-74.11408,4.59688],[-74.11402,4.59677],[-74.11399,4.59672],[-74.11398,4.59668],[-74.11397,4.59662],[-74.11397,4.59653],[-74.11399,4.59639],[-74.11402,4.59628],[-74.11404,4.59623],[-74.1141,4.59614],[-74.11416,4.59608],[-74.11426,4.59602]]}},{"type":"Feature","properties":{"id":"24152204","nom":"","tipo":"primary_link"},"geometry":{"type":"LineString","coordinates":[[-74.10287,4.58152],[-74.10281,4.58138],[-74.1028,4.58135],[-74.10279,4.58132],[-74.1028,4.58131],[-74.1028,4.58129],[-74.10281,4.58126],[-74.10285,4.5812]]}},{"type":"Feature","properties":{"id":"24191092","nom":"Avenida Carrera 27","tipo":"secondary"},"geometry":{"type":"LineString","coordinates":[[-74.11821,4.58881],[-74.11731,4.58857],[-74.11727,4.58856],[-74.11714,4.58853],[-74.11699,4.58849],[-74.11683,4.58846],[-74.11669,4.58843],[-74.11649,4.58841],[-74.11626,4.58839],[-74.1161,4.58838],[-74.11595,4.58838],[-74.11579,4.58838],[-74.11562,4.58839],[-74.11561,4.58839],[-74.11533,4.58841],[-74.11505,4.58844],[-74.11484,4.58845],[-74.11478,4.58846],[-74.11453,4.58848]]}},{"type":"Feature","properties":{"id":"24191141","nom":"","tipo":"trunk_link"},"geometry":{"type":"LineString","coordinates":[[-74.10758,4.59884],[-74.10757,4.59879],[-74.10756,4.59874],[-74.10757,4.59868],[-74.10758,4.59865],[-74.10759,4.59863],[-74.10761,4.59859],[-74.10764,4.59856],[-74.10767,4.59853],[-74.1077,4.59851],[-74.10774,4.59849],[-74.10779,4.59848]]}},{"type":"Feature","properties":{"id":"24191142","nom":"","tipo":"trunk_link"},"geometry":{"type":"LineString","coordinates":[[-74.10683,4.59876],[-74.10691,4.59874],[-74.10697,4.59872],[-74.10703,4.59872],[-74.1071,4.59872],[-74.10719,4.59872],[-74.10727,4.59874],[-74.10735,4.59877]]}},{"type":"Feature","properties":{"id":"24421503","nom":"Carrera 17","tipo":"residential"},"geometry":{"type":"LineString","coordinates":[[-74.08691,4.5994],[-74.0865,4.6]]}},{"type":"Feature","properties":{"id":"24439636","nom":"Carrera 18","tipo":"tertiary"},"geometry":{"type":"LineString","coordinates":[[-74.10753,4.58037],[-74.10749,4.58039],[-74.10686,4.58076],[-74.10627,4.58109],[-74.10502,4.5818],[-74.1038,4.5825],[-74.10373,4.58254]]}},{"type":"Feature","properties":{"id":"24439637","nom":"Carrera 19B Bis","tipo":"residential"},"geometry":{"type":"LineString","coordinates":[[-74.10771,4.58071],[-74.10777,4.58068],[-74.10865,4.58018],[-74.10869,4.58016]]}},{"type":"Feature","properties":{"id":"24439642","nom":"Carrera 19F","tipo":"residential"},"geometry":{"type":"LineString","coordinates":[[-74.10902,4.58075],[-74.10897,4.58077],[-74.10808,4.58127],[-74.10802,4.5813]]}},{"type":"Feature","properties":{"id":"24439646","nom":"Carrera 20","tipo":"residential"},"geometry":{"type":"LineString","coordinates":[[-74.10916,4.58101],[-74.10911,4.58104],[-74.10822,4.58154],[-74.10816,4.58157],[-74.10812,4.5816],[-74.10801,4.58166],[-74.10756,4.58193],[-74.10737,4.58204],[-74.10728,4.58209],[-74.107,4.58225],[-74.10628,4.58268],[-74.10608,4.5828],[-74.10584,4.58294],[-74.10583,4.58294],[-74.10575,4.58299],[-74.10575,4.58299],[-74.10545,4.58316],[-74.10468,4.58361],[-74.10462,4.58365]]}},{"type":"Feature","properties":{"id":"24439649","nom":"Carrera 21","tipo":"residential"},"geometry":{"type":"LineString","coordinates":[[-74.10505,4.58419],[-74.1051,4.58416],[-74.10606,4.58356],[-74.10622,4.58346],[-74.10732,4.58277],[-74.10761,4.58259],[-74.10785,4.58244],[-74.10833,4.58214],[-74.10836,4.58212],[-74.10839,4.5821],[-74.10842,4.58208]]}},{"type":"Feature","properties":{"id":"24439653","nom":"Carrera 21A","tipo":"residential"},"geometry":{"type":"LineString","coordinates":[[-74.10961,4.58184],[-74.10956,4.58186],[-74.10911,4.58213],[-74.10868,4.58238],[-74.10861,4.58242]]}},{"type":"Feature","properties":{"id":"24439655","nom":"Carrera 22","tipo":"residential"},"geometry":{"type":"LineString","coordinates":[[-74.10987,4.58233],[-74.10982,4.58236],[-74.10939,4.58263]]}},{"type":"Feature","properties":{"id":"24439679","nom":"Calle 24 Sur","tipo":"residential"},"geometry":{"type":"LineString","coordinates":[[-74.10622,4.58346],[-74.1062,4.58343],[-74.10586,4.58296],[-74.10584,4.58294],[-74.10546,4.5824],[-74.10502,4.5818],[-74.10459,4.5812],[-74.1042,4.58066],[-74.10419,4.58064],[-74.10414,4.58058]]}},{"type":"Feature","properties":{"id":"24439686","nom":"Calle 26A Sur","tipo":"residential"},"geometry":{"type":"LineString","coordinates":[[-74.10785,4.58244],[-74.10783,4.58241],[-74.10756,4.58193],[-74.10734,4.58155],[-74.10724,4.58139],[-74.10686,4.58076],[-74.1068,4.58067],[-74.10652,4.58023],[-74.10617,4.57967],[-74.10613,4.57961]]}},{"type":"Feature","properties":{"id":"24508335","nom":"Avenida Calle 11 Sur","tipo":"secondary"},"geometry":{"type":"LineString","coordinates":[[-74.08669,4.57893],[-74.08673,4.57897],[-74.08674,4.57899],[-74.08717,4.57956],[-74.0872,4.5796],[-74.08763,4.58015]]}},{"type":"Feature","properties":{"id":"24508337","nom":"","tipo":"primary_link"},"geometry":{"type":"LineString","coordinates":[[-74.09424,4.58545],[-74.09427,4.58556],[-74.09427,4.58563],[-74.09426,4.58567],[-74.09426,4.5857],[-74.09425,4.58575],[-74.09424,4.58579],[-74.09422,4.58584]]}},{"type":"Feature","properties":{"id":"24508339","nom":"","tipo":"primary_link"},"geometry":{"type":"LineString","coordinates":[[-74.08936,4.58194],[-74.0894,4.58202],[-74.08944,4.58208],[-74.08946,4.58213],[-74.08947,4.58219],[-74.08949,4.58228],[-74.0895,4.58229],[-74.0895,4.58232],[-74.0895,4.58234],[-74.08949,4.5824],[-74.08948,4.58247],[-74.08947,4.58252],[-74.08947,4.58256]]}},{"type":"Feature","properties":{"id":"24508340","nom":"","tipo":"primary_link"},"geometry":{"type":"LineString","coordinates":[[-74.0897,4.5826],[-74.08986,4.58251],[-74.08995,4.58246],[-74.09003,4.58244],[-74.09004,4.58243],[-74.0901,4.58242],[-74.09016,4.58241],[-74.09032,4.58239]]}},{"type":"Feature","properties":{"id":"24508341","nom":"","tipo":"primary_link"},"geometry":{"type":"LineString","coordinates":[[-74.09028,4.58225],[-74.09024,4.58221],[-74.09021,4.58218],[-74.09019,4.58214],[-74.09018,4.58211],[-74.09017,4.58204],[-74.09018,4.582],[-74.09019,4.58196]]}},{"type":"Feature","properties":{"id":"24508351","nom":"Calle 17 Sur","tipo":"tertiary"},"geometry":{"type":"LineString","coordinates":[[-74.09277,4.5784],[-74.09282,4.57844],[-74.09319,4.57879]]}},{"type":"Feature","properties":{"id":"24508362","nom":"Calle 1C Sur","tipo":"tertiary"},"geometry":{"type":"LineString","coordinates":[[-74.08556,4.5868],[-74.08548,4.58674],[-74.08534,4.58659],[-74.08506,4.58629],[-74.08447,4.58567],[-74.08443,4.58562]]}},{"type":"Feature","properties":{"id":"24508364","nom":"Carrera 8C","tipo":"residential"},"geometry":{"type":"LineString","coordinates":[[-74.08556,4.5868],[-74.0853,4.58699],[-74.08496,4.58724],[-74.08477,4.58738],[-74.08459,4.58751],[-74.0844,4.58765],[-74.0841,4.58787],[-74.08399,4.58795],[-74.0839,4.58802],[-74.08362,4.58822]]}},{"type":"Feature","properties":{"id":"24510103","nom":"Avenida Calle 11 Sur","tipo":"secondary"},"geometry":{"type":"LineString","coordinates":[[-74.09455,4.58584],[-74.09461,4.5859],[-74.09464,4.58592],[-74.0947,4.58595],[-74.09476,4.58599],[-74.09536,4.58629],[-74.09575,4.58651],[-74.09606,4.58669],[-74.0961,4.58671]]}},{"type":"Feature","properties":{"id":"24510107","nom":"Avenida Calle 11 Sur","tipo":"secondary"},"geometry":{"type":"LineString","coordinates":[[-74.09463,4.58576],[-74.0946,4.58572],[-74.09454,4.58564],[-74.0945,4.5856]]}},{"type":"Feature","properties":{"id":"24510129","nom":"Carrera 18A","tipo":"tertiary"},"geometry":{"type":"LineString","coordinates":[[-74.09004,4.59593],[-74.09032,4.59576],[-74.09035,4.59573],[-74.09036,4.5957]]}},{"type":"Feature","properties":{"id":"24510130","nom":"Calle 2","tipo":"tertiary"},"geometry":{"type":"LineString","coordinates":[[-74.08952,4.59537],[-74.08925,4.59517],[-74.08897,4.59494],[-74.08882,4.59482],[-74.08848,4.59455],[-74.0883,4.59441],[-74.08817,4.59433],[-74.08801,4.59421],[-74.08771,4.59399],[-74.08752,4.59385],[-74.08747,4.59381],[-74.08745,4.5938],[-74.08741,4.59378]]}},{"type":"Feature","properties":{"id":"24524583","nom":"Calle 1A","tipo":"residential"},"geometry":{"type":"LineString","coordinates":[[-74.08681,4.59102],[-74.08715,4.59125]]}},{"type":"Feature","properties":{"id":"24524585","nom":"Calle 1B","tipo":"residential"},"geometry":{"type":"LineString","coordinates":[[-74.08579,4.59077],[-74.08693,4.59157],[-74.08731,4.59184],[-74.08779,4.59218],[-74.08816,4.59244]]}},{"type":"Feature","properties":{"id":"24524608","nom":"Carrera 10A","tipo":"residential"},"geometry":{"type":"LineString","coordinates":[[-74.0843,4.59112],[-74.08466,4.59056],[-74.08522,4.58964],[-74.08524,4.5896],[-74.08529,4.58952]]}},{"type":"Feature","properties":{"id":"24524610","nom":"Calle 3A","tipo":"residential"},"geometry":{"type":"LineString","coordinates":[[-74.08545,4.59453],[-74.08542,4.59451],[-74.08506,4.59426]]}},{"type":"Feature","properties":{"id":"24524612","nom":"Carrera 13A","tipo":"residential"},"geometry":{"type":"LineString","coordinates":[[-74.08669,4.59343],[-74.08683,4.59325],[-74.08697,4.59312],[-74.08712,4.59301],[-74.08734,4.59287],[-74.08755,4.59251],[-74.08779,4.59218],[-74.08814,4.59165],[-74.08824,4.5915],[-74.08826,4.59147],[-74.0883,4.59141]]}},{"type":"Feature","properties":{"id":"24535604","nom":"Calle 7A","tipo":"residential"},"geometry":{"type":"LineString","coordinates":[[-74.0849,4.59974],[-74.08539,4.60007],[-74.08545,4.60011],[-74.08551,4.60015],[-74.08614,4.60058],[-74.08689,4.60108],[-74.08691,4.6011]]}},{"type":"Feature","properties":{"id":"24535609","nom":"Calle 6A","tipo":"residential"},"geometry":{"type":"LineString","coordinates":[[-74.085,4.59808],[-74.08534,4.59831],[-74.08569,4.59855],[-74.08572,4.59857],[-74.08633,4.59899]]}},{"type":"Feature","properties":{"id":"24535618","nom":"Carrera 15 Bis","tipo":"residential"},"geometry":{"type":"LineString","coordinates":[[-74.08414,4.60001],[-74.08488,4.59896],[-74.08493,4.5989],[-74.08534,4.59831]]}},{"type":"Feature","properties":{"id":"24535622","nom":"Carrera 18","tipo":"tertiary"},"geometry":{"type":"LineString","coordinates":[[-74.09007,4.59523],[-74.09002,4.59521],[-74.08998,4.5952],[-74.08996,4.5952],[-74.08992,4.59519],[-74.08989,4.5952]]}},{"type":"Feature","properties":{"id":"25707788","nom":"Calle 3 Sur","tipo":"residential"},"geometry":{"type":"LineString","coordinates":[[-74.09627,4.59363],[-74.09623,4.5936],[-74.09503,4.5926],[-74.09502,4.59259],[-74.095,4.59257]]}},{"type":"Feature","properties":{"id":"28118148","nom":"Calle 5","tipo":"residential"},"geometry":{"type":"LineString","coordinates":[[-74.08961,4.5984],[-74.08913,4.59821],[-74.08863,4.59802]]}},{"type":"Feature","properties":{"id":"28118153","nom":"Carrera 16","tipo":"residential"},"geometry":{"type":"LineString","coordinates":[[-74.0883,4.59441],[-74.08828,4.59445],[-74.08824,4.59451],[-74.08821,4.5946],[-74.08811,4.59483],[-74.08788,4.59545],[-74.08787,4.59547]]}},{"type":"Feature","properties":{"id":"28118158","nom":"Diagonal 1G Bis","tipo":"residential"},"geometry":{"type":"LineString","coordinates":[[-74.08986,4.59471],[-74.0898,4.5947],[-74.08974,4.59471],[-74.08902,4.59477],[-74.0889,4.5948],[-74.08885,4.59481],[-74.08882,4.59482]]}},{"type":"Feature","properties":{"id":"28118161","nom":"Carrera 18A Bis","tipo":"residential"},"geometry":{"type":"LineString","coordinates":[[-74.09066,4.59501],[-74.09093,4.5943]]}},{"type":"Feature","properties":{"id":"28118171","nom":"Carrera 19","tipo":"residential"},"geometry":{"type":"LineString","coordinates":[[-74.09124,4.59693],[-74.09125,4.5969],[-74.09143,4.59609],[-74.09143,4.59606]]}},{"type":"Feature","properties":{"id":"28118274","nom":"Calle 10B Sur","tipo":"secondary"},"geometry":{"type":"LineString","coordinates":[[-74.097,4.58735],[-74.09701,4.58737],[-74.09702,4.5874],[-74.09703,4.58742],[-74.09704,4.58745],[-74.09709,4.58767],[-74.09709,4.58769],[-74.09722,4.58827]]}},{"type":"Feature","properties":{"id":"28118587","nom":"Carrera 36","tipo":"residential"},"geometry":{"type":"LineString","coordinates":[[-74.11352,4.59953],[-74.1135,4.59956],[-74.11347,4.59959]]}},{"type":"Feature","properties":{"id":"28488009","nom":"Carrera 17","tipo":"residential"},"geometry":{"type":"LineString","coordinates":[[-74.08771,4.59817],[-74.08788,4.59773],[-74.08795,4.59753],[-74.08804,4.5973],[-74.08805,4.59727]]}},{"type":"Feature","properties":{"id":"28488044","nom":"Carrera 15B","tipo":"residential"},"geometry":{"type":"LineString","coordinates":[[-74.08681,4.5968],[-74.08715,4.59627]]}},{"type":"Feature","properties":{"id":"28488048","nom":"Carrera 16A","tipo":"residential"},"geometry":{"type":"LineString","coordinates":[[-74.08724,4.59787],[-74.08742,4.59738],[-74.08747,4.59724]]}},{"type":"Feature","properties":{"id":"28488049","nom":"Calle 5B","tipo":"residential"},"geometry":{"type":"LineString","coordinates":[[-74.08798,4.59833],[-74.08771,4.59817]]}},{"type":"Feature","properties":{"id":"28488059","nom":"Carrera 18A","tipo":"residential"},"geometry":{"type":"LineString","coordinates":[[-74.08878,4.5991],[-74.08913,4.59821],[-74.08945,4.59738],[-74.08947,4.59733]]}},{"type":"Feature","properties":{"id":"28488121","nom":"Calle 4B","tipo":"residential"},"geometry":{"type":"LineString","coordinates":[[-74.09466,4.60022],[-74.09464,4.60021],[-74.09412,4.60001],[-74.09388,4.59992],[-74.09363,4.59982],[-74.09315,4.59965],[-74.09294,4.59957],[-74.09277,4.59951],[-74.09184,4.59916],[-74.09123,4.59894],[-74.09064,4.5987]]}},{"type":"Feature","properties":{"id":"28488140","nom":"Carrera 18C","tipo":"residential"},"geometry":{"type":"LineString","coordinates":[[-74.09163,4.59287],[-74.09162,4.5929],[-74.09153,4.59335],[-74.0915,4.59349],[-74.09129,4.59444]]}},{"type":"Feature","properties":{"id":"28488156","nom":"Carrera 18A","tipo":"residential"},"geometry":{"type":"LineString","coordinates":[[-74.09078,4.59424],[-74.09102,4.59356],[-74.09107,4.59347],[-74.0913,4.59328]]}},{"type":"Feature","properties":{"id":"28488185","nom":"Transversal 22A","tipo":"residential"},"geometry":{"type":"LineString","coordinates":[[-74.09315,4.59965],[-74.09297,4.60015],[-74.09296,4.60023],[-74.09296,4.60081],[-74.093,4.6014],[-74.093,4.60149],[-74.09295,4.60192]]}},{"type":"Feature","properties":{"id":"28488247","nom":"Carrera 23 Bis","tipo":"residential"},"geometry":{"type":"LineString","coordinates":[[-74.0935,4.60111],[-74.09369,4.6005],[-74.09388,4.59992]]}},{"type":"Feature","properties":{"id":"28488249","nom":"Transversal 20A","tipo":"residential"},"geometry":{"type":"LineString","coordinates":[[-74.09294,4.59957],[-74.09291,4.59887]]}},{"type":"Feature","properties":{"id":"28488255","nom":"Carrera 23A","tipo":"residential"},"geometry":{"type":"LineString","coordinates":[[-74.09412,4.60001],[-74.09429,4.59952],[-74.09444,4.5991],[-74.09445,4.59908]]}},{"type":"Feature","properties":{"id":"28488311","nom":"Carrera 15","tipo":"residential"},"geometry":{"type":"LineString","coordinates":[[-74.0864,4.59582],[-74.08582,4.5966],[-74.08581,4.59668]]}},{"type":"Feature","properties":{"id":"28488333","nom":"Carrera 21","tipo":"residential"},"geometry":{"type":"LineString","coordinates":[[-74.09516,4.59384],[-74.09515,4.59387],[-74.09498,4.59442],[-74.09492,4.59462]]}},{"type":"Feature","properties":{"id":"28488340","nom":"Calle 1F Bis","tipo":"residential"},"geometry":{"type":"LineString","coordinates":[[-74.09227,4.59496],[-74.09257,4.59504],[-74.09281,4.59511]]}},{"type":"Feature","properties":{"id":"28488451","nom":"Calle 2B","tipo":"residential"},"geometry":{"type":"LineString","coordinates":[[-74.09172,4.59692],[-74.09214,4.59709],[-74.09229,4.59716],[-74.09239,4.5972]]}},{"type":"Feature","properties":{"id":"28488454","nom":"Carrera 20A","tipo":"residential"},"geometry":{"type":"LineString","coordinates":[[-74.09357,4.5968],[-74.09355,4.59683],[-74.09345,4.59707],[-74.0934,4.59714],[-74.09313,4.59746],[-74.09306,4.59755],[-74.09282,4.59791],[-74.09279,4.59796]]}},{"type":"Feature","properties":{"id":"28488462","nom":"Calle 2A","tipo":"residential"},"geometry":{"type":"LineString","coordinates":[[-74.09652,4.59848],[-74.09648,4.59847],[-74.09539,4.59808],[-74.09535,4.59806],[-74.09533,4.59806],[-74.09431,4.59771]]}},{"type":"Feature","properties":{"id":"28488469","nom":"Calle 2B","tipo":"residential"},"geometry":{"type":"LineString","coordinates":[[-74.09604,4.59913],[-74.09601,4.59911],[-74.0952,4.59868],[-74.09517,4.59866],[-74.09514,4.59864],[-74.09418,4.59815]]}},{"type":"Feature","properties":{"id":"28488490","nom":"Carrera 19D","tipo":"tertiary"},"geometry":{"type":"LineString","coordinates":[[-74.09381,4.59519],[-74.09414,4.59415],[-74.09428,4.59369],[-74.0943,4.59364],[-74.09431,4.59361]]}},{"type":"Feature","properties":{"id":"28488509","nom":"Carrera 19C","tipo":"residential"},"geometry":{"type":"LineString","coordinates":[[-74.09296,4.59657],[-74.09297,4.59652],[-74.09337,4.59507]]}},{"type":"Feature","properties":{"id":"28488517","nom":"Carrera 18A","tipo":"residential"},"geometry":{"type":"LineString","coordinates":[[-74.09029,4.59554],[-74.09047,4.59493]]}},{"type":"Feature","properties":{"id":"28488580","nom":"Calle 4 Sur","tipo":"residential"},"geometry":{"type":"LineString","coordinates":[[-74.09513,4.59144],[-74.09463,4.59103],[-74.09415,4.59063],[-74.09378,4.59032],[-74.09342,4.59001],[-74.09305,4.58971]]}},{"type":"Feature","properties":{"id":"28488587","nom":"Diagonal 1 Bis Sur","tipo":"residential"},"geometry":{"type":"LineString","coordinates":[[-74.0899,4.59146],[-74.08995,4.5915],[-74.09,4.59155],[-74.09005,4.59162],[-74.09009,4.59168],[-74.09013,4.59176],[-74.09016,4.59183],[-74.09017,4.5919],[-74.09018,4.592],[-74.09017,4.59213],[-74.09015,4.5922],[-74.09013,4.59227]]}},{"type":"Feature","properties":{"id":"28488676","nom":"Avenida Calle 11 Sur","tipo":"secondary"},"geometry":{"type":"LineString","coordinates":[[-74.09618,4.58668],[-74.09615,4.58669],[-74.09612,4.5867],[-74.0961,4.58671]]}},{"type":"Feature","properties":{"id":"28488732","nom":"Calle 5 Sur","tipo":"residential"},"geometry":{"type":"LineString","coordinates":[[-74.09585,4.59144],[-74.09715,4.59252],[-74.09719,4.59254]]}},{"type":"Feature","properties":{"id":"28488861","nom":"Calle 2 Sur","tipo":"residential"},"geometry":{"type":"LineString","coordinates":[[-74.09048,4.59037],[-74.09043,4.59033],[-74.09024,4.59015],[-74.09015,4.59007],[-74.08983,4.58978],[-74.08952,4.58949],[-74.08925,4.58924],[-74.08921,4.58921],[-74.08907,4.58907],[-74.08866,4.58868],[-74.08835,4.58839]]}},{"type":"Feature","properties":{"id":"28488879","nom":"Calle 1C Sur","tipo":"residential"},"geometry":{"type":"LineString","coordinates":[[-74.08636,4.58728],[-74.0864,4.58731],[-74.08675,4.58754],[-74.08715,4.58779],[-74.08749,4.58801],[-74.08788,4.58826],[-74.08826,4.5885]]}},{"type":"Feature","properties":{"id":"28488897","nom":"Carrera 10A","tipo":"residential"},"geometry":{"type":"LineString","coordinates":[[-74.08715,4.58779],[-74.08735,4.58752],[-74.08791,4.58674]]}},{"type":"Feature","properties":{"id":"28488902","nom":"Carrera 11","tipo":"residential"},"geometry":{"type":"LineString","coordinates":[[-74.0893,4.58572],[-74.08886,4.5863],[-74.08878,4.5864],[-74.08827,4.58704],[-74.08767,4.58779],[-74.08749,4.58801]]}},{"type":"Feature","properties":{"id":"28488923","nom":"Carrera 11B","tipo":"residential"},"geometry":{"type":"LineString","coordinates":[[-74.09,4.58629],[-74.08947,4.58696],[-74.08896,4.58762],[-74.08835,4.58839]]}},{"type":"Feature","properties":{"id":"28488984","nom":"Carrera 13A","tipo":"residential"},"geometry":{"type":"LineString","coordinates":[[-74.09193,4.58786],[-74.0914,4.58852],[-74.09086,4.58919],[-74.09015,4.59007]]}},{"type":"Feature","properties":{"id":"28488987","nom":"Carrera 10 Bis","tipo":"residential"},"geometry":{"type":"LineString","coordinates":[[-74.08858,4.58513],[-74.0882,4.58572],[-74.08802,4.58601],[-74.08767,4.58656]]}},{"type":"Feature","properties":{"id":"28488989","nom":"Calle 4 Sur","tipo":"residential"},"geometry":{"type":"LineString","coordinates":[[-74.08769,4.58531],[-74.08773,4.58534],[-74.08795,4.58551],[-74.0882,4.58572],[-74.08836,4.58585],[-74.08845,4.58592],[-74.0885,4.58597],[-74.08852,4.58599],[-74.08886,4.5863]]}},{"type":"Feature","properties":{"id":"28499689","nom":"Calle 1D","tipo":"residential"},"geometry":{"type":"LineString","coordinates":[[-74.09102,4.59356],[-74.09042,4.59332],[-74.09035,4.59329],[-74.08987,4.59311]]}},{"type":"Feature","properties":{"id":"28499737","nom":"Calle 1C Bis","tipo":"residential"},"geometry":{"type":"LineString","coordinates":[[-74.09226,4.59431],[-74.09185,4.59387],[-74.0915,4.59349],[-74.0913,4.59328],[-74.09097,4.59291],[-74.09095,4.5929],[-74.09091,4.59288],[-74.09088,4.59286],[-74.09082,4.59284],[-74.09061,4.59277]]}},{"type":"Feature","properties":{"id":"28499782","nom":"Calle 5","tipo":"residential"},"geometry":{"type":"LineString","coordinates":[[-74.08581,4.59668],[-74.08585,4.59674],[-74.0863,4.59678]]}},{"type":"Feature","properties":{"id":"28499783","nom":"Carrera 15A","tipo":"residential"},"geometry":{"type":"LineString","coordinates":[[-74.08622,4.59717],[-74.08626,4.59686],[-74.08627,4.59682],[-74.0863,4.59678]]}},{"type":"Feature","properties":{"id":"28506795","nom":"Calle 10 Sur","tipo":"residential"},"geometry":{"type":"LineString","coordinates":[[-74.08231,4.57629],[-74.08278,4.57667],[-74.08314,4.57697],[-74.08341,4.5772],[-74.08406,4.57773],[-74.08438,4.578],[-74.08471,4.57826],[-74.08535,4.57879],[-74.08576,4.57912],[-74.0858,4.57915]]}},{"type":"Feature","properties":{"id":"28506938","nom":"Carrera 7B","tipo":"residential"},"geometry":{"type":"LineString","coordinates":[[-74.08502,4.58299],[-74.08446,4.58375],[-74.08392,4.58449]]}},{"type":"Feature","properties":{"id":"28571900","nom":"Calle 3A Sur","tipo":"residential"},"geometry":{"type":"LineString","coordinates":[[-74.09657,4.59327],[-74.09653,4.59324],[-74.09528,4.59221]]}},{"type":"Feature","properties":{"id":"28571901","nom":"Calle 2 Sur","tipo":"residential"},"geometry":{"type":"LineString","coordinates":[[-74.09584,4.59391],[-74.09577,4.59385],[-74.09469,4.59298]]}},{"type":"Feature","properties":{"id":"28571985","nom":"Carrera 26A","tipo":"residential"},"geometry":{"type":"LineString","coordinates":[[-74.10112,4.59631],[-74.10116,4.59627],[-74.10144,4.59592],[-74.10174,4.59552]]}},{"type":"Feature","properties":{"id":"28572034","nom":"Calle 1A Bis","tipo":"residential"},"geometry":{"type":"LineString","coordinates":[[-74.10144,4.59592],[-74.10102,4.59559],[-74.10079,4.59542],[-74.10074,4.59538]]}},{"type":"Feature","properties":{"id":"28572040","nom":"Calle 1G","tipo":"residential"},"geometry":{"type":"LineString","coordinates":[[-74.09996,4.59867],[-74.09994,4.59865],[-74.09958,4.59836],[-74.09951,4.59831],[-74.09924,4.5981],[-74.09892,4.59783],[-74.09886,4.59779],[-74.09877,4.59772],[-74.09823,4.59728],[-74.09771,4.59687],[-74.09767,4.59684]]}},{"type":"Feature","properties":{"id":"28692959","nom":"Calle 28C Sur","tipo":"residential"},"geometry":{"type":"LineString","coordinates":[[-74.10677,4.57652],[-74.10652,4.57632],[-74.10642,4.57625],[-74.10617,4.57604],[-74.10586,4.57581],[-74.10551,4.57552],[-74.10507,4.57517],[-74.10502,4.57513],[-74.10496,4.57509],[-74.1046,4.57481],[-74.10405,4.57437],[-74.10402,4.57435],[-74.10389,4.57424],[-74.10383,4.57419]]}},{"type":"Feature","properties":{"id":"28692981","nom":"Calle 27 Bis Sur","tipo":"residential"},"geometry":{"type":"LineString","coordinates":[[-74.1044,4.57646],[-74.10498,4.57691]]}},{"type":"Feature","properties":{"id":"28692992","nom":"Calle 27 Bis Sur","tipo":"residential"},"geometry":{"type":"LineString","coordinates":[[-74.1059,4.57763],[-74.10533,4.57715]]}},{"type":"Feature","properties":{"id":"28693115","nom":"Carrera 12 Bis","tipo":"residential"},"geometry":{"type":"LineString","coordinates":[[-74.09843,4.57843],[-74.09846,4.5784],[-74.09897,4.57774],[-74.09919,4.57745],[-74.09929,4.57733],[-74.09943,4.57715],[-74.09965,4.57686],[-74.0999,4.57654],[-74.10023,4.57613],[-74.1005,4.57579],[-74.10075,4.57546],[-74.10105,4.5751],[-74.10129,4.57479],[-74.10131,4.57476]]}},{"type":"Feature","properties":{"id":"28693117","nom":"Calle 22C Sur","tipo":"residential"},"geometry":{"type":"LineString","coordinates":[[-74.09806,4.57636],[-74.09898,4.57708],[-74.09929,4.57733]]}},{"type":"Feature","properties":{"id":"28693661","nom":"Calle 18 Sur","tipo":"residential"},"geometry":{"type":"LineString","coordinates":[[-74.09187,4.57646],[-74.09217,4.5767],[-74.09231,4.57682],[-74.09264,4.57708]]}},{"type":"Feature","properties":{"id":"28755783","nom":"Calle 15 Sur","tipo":"residential"},"geometry":{"type":"LineString","coordinates":[[-74.08758,4.57608],[-74.08706,4.5756],[-74.08654,4.57511]]}},{"type":"Feature","properties":{"id":"28755785","nom":"Calle 17 Sur","tipo":"residential"},"geometry":{"type":"LineString","coordinates":[[-74.08899,4.57615],[-74.08895,4.57612],[-74.08844,4.57574],[-74.08809,4.57547]]}},{"type":"Feature","properties":{"id":"28755786","nom":"Carrera 5A","tipo":"residential"},"geometry":{"type":"LineString","coordinates":[[-74.08809,4.57547],[-74.08758,4.57608]]}},{"type":"Feature","properties":{"id":"28755787","nom":"Carrera 5 Bis","tipo":"residential"},"geometry":{"type":"LineString","coordinates":[[-74.08671,4.5765],[-74.08612,4.57724]]}},{"type":"Feature","properties":{"id":"28755788","nom":"Calle 13A Sur","tipo":"residential"},"geometry":{"type":"LineString","coordinates":[[-74.08639,4.57608],[-74.08593,4.57599],[-74.0859,4.57599],[-74.08589,4.57599]]}},{"type":"Feature","properties":{"id":"28755789","nom":"Carrera 5","tipo":"residential"},"geometry":{"type":"LineString","coordinates":[[-74.08639,4.57608],[-74.08574,4.57692]]}},{"type":"Feature","properties":{"id":"28755790","nom":"Carrera 7A","tipo":"residential"},"geometry":{"type":"LineString","coordinates":[[-74.08941,4.57743],[-74.08988,4.57659],[-74.08992,4.57653]]}},{"type":"Feature","properties":{"id":"28755791","nom":"Carrera 7","tipo":"residential"},"geometry":{"type":"LineString","coordinates":[[-74.08901,4.57718],[-74.08949,4.57633],[-74.08952,4.57627]]}},{"type":"Feature","properties":{"id":"28755792","nom":"Carrera 7B","tipo":"residential"},"geometry":{"type":"LineString","coordinates":[[-74.08981,4.57768],[-74.09028,4.57686],[-74.09033,4.57678]]}},{"type":"Feature","properties":{"id":"28755793","nom":"Calle 15 Sur","tipo":"residential"},"geometry":{"type":"LineString","coordinates":[[-74.08901,4.57718],[-74.08941,4.57743],[-74.08981,4.57768]]}},{"type":"Feature","properties":{"id":"28755798","nom":"Carrera 9","tipo":"residential"},"geometry":{"type":"LineString","coordinates":[[-74.09105,4.5785],[-74.09156,4.57768],[-74.09161,4.5776]]}},{"type":"Feature","properties":{"id":"28755800","nom":"Calle 15 Sur","tipo":"residential"},"geometry":{"type":"LineString","coordinates":[[-74.09065,4.57825],[-74.09091,4.57842],[-74.09105,4.5785],[-74.09119,4.57859],[-74.09143,4.57875]]}},{"type":"Feature","properties":{"id":"28755801","nom":"Carrera 9A","tipo":"residential"},"geometry":{"type":"LineString","coordinates":[[-74.09119,4.57911],[-74.0912,4.5791],[-74.09143,4.57875]]}},{"type":"Feature","properties":{"id":"28755805","nom":"Carrera 9A","tipo":"residential"},"geometry":{"type":"LineString","coordinates":[[-74.09377,4.57565],[-74.093,4.57662],[-74.09264,4.57708]]}},{"type":"Feature","properties":{"id":"28755840","nom":"Carrera 10 Bis","tipo":"residential"},"geometry":{"type":"LineString","coordinates":[[-74.09126,4.58141],[-74.09179,4.5807]]}},{"type":"Feature","properties":{"id":"28755846","nom":"Carrera 11B","tipo":"residential"},"geometry":{"type":"LineString","coordinates":[[-74.0947,4.5808],[-74.09457,4.58084],[-74.09448,4.58086],[-74.09437,4.58088],[-74.09426,4.58089],[-74.09414,4.58088],[-74.09404,4.58087]]}},{"type":"Feature","properties":{"id":"28755850","nom":"Carrera 10 Bis","tipo":"residential"},"geometry":{"type":"LineString","coordinates":[[-74.09392,4.57784],[-74.09465,4.57695],[-74.0951,4.57639],[-74.09513,4.57635]]}},{"type":"Feature","properties":{"id":"28755862","nom":"Diagonal 13 Bis A Sur","tipo":"residential"},"geometry":{"type":"LineString","coordinates":[[-74.09502,4.58184],[-74.09498,4.58207],[-74.09495,4.58231],[-74.09494,4.58245],[-74.09493,4.58263]]}},{"type":"Feature","properties":{"id":"28755865","nom":"Carrera 12","tipo":"residential"},"geometry":{"type":"LineString","coordinates":[[-74.09265,4.58402],[-74.09264,4.58404],[-74.0925,4.58422],[-74.09231,4.58445],[-74.0918,4.58509],[-74.09117,4.58586],[-74.09114,4.5859],[-74.09093,4.58616],[-74.0905,4.58669]]}},{"type":"Feature","properties":{"id":"28756043","nom":"Carrera 10B","tipo":"residential"},"geometry":{"type":"LineString","coordinates":[[-74.09541,4.57763],[-74.09596,4.57701],[-74.096,4.57697]]}},{"type":"Feature","properties":{"id":"28756046","nom":"Transversal 21A","tipo":"secondary"},"geometry":{"type":"LineString","coordinates":[[-74.10508,4.58449],[-74.10501,4.5845],[-74.1042,4.58452],[-74.10414,4.58452]]}},{"type":"Feature","properties":{"id":"28756066","nom":"Carrera 12C","tipo":"residential"},"geometry":{"type":"LineString","coordinates":[[-74.09677,4.58189],[-74.0968,4.58185],[-74.09709,4.58152],[-74.09751,4.58104],[-74.09824,4.58022]]}},{"type":"Feature","properties":{"id":"28756077","nom":"Calle 13 Bis Sur","tipo":"residential"},"geometry":{"type":"LineString","coordinates":[[-74.09441,4.58193],[-74.09493,4.58263]]}},{"type":"Feature","properties":{"id":"28756078","nom":"Transversal 12C","tipo":"residential"},"geometry":{"type":"LineString","coordinates":[[-74.09599,4.58279],[-74.09543,4.58283]]}},{"type":"Feature","properties":{"id":"28756082","nom":"Carrera 12F","tipo":"residential"},"geometry":{"type":"LineString","coordinates":[[-74.09646,4.58418],[-74.09683,4.58376],[-74.09731,4.58321],[-74.09764,4.58283],[-74.09766,4.5828]]}},{"type":"Feature","properties":{"id":"28756086","nom":"Calle 15 Sur","tipo":"residential"},"geometry":{"type":"LineString","coordinates":[[-74.09727,4.58418],[-74.09723,4.58413],[-74.09683,4.58376]]}},{"type":"Feature","properties":{"id":"28769018","nom":"Carrera 11","tipo":"residential"},"geometry":{"type":"LineString","coordinates":[[-74.09222,4.5822],[-74.0917,4.58283],[-74.09163,4.58292],[-74.0916,4.58295]]}},{"type":"Feature","properties":{"id":"28769022","nom":"Carrera 11A","tipo":"residential"},"geometry":{"type":"LineString","coordinates":[[-74.09286,4.58228],[-74.09202,4.58324],[-74.09199,4.58327]]}},{"type":"Feature","properties":{"id":"28769025","nom":"Carrera 11B","tipo":"residential"},"geometry":{"type":"LineString","coordinates":[[-74.09337,4.58242],[-74.09238,4.58356],[-74.09235,4.58359]]}},{"type":"Feature","properties":{"id":"28769030","nom":"Carrera 12A","tipo":"residential"},"geometry":{"type":"LineString","coordinates":[[-74.09396,4.58325],[-74.09311,4.58421],[-74.09309,4.58424]]}},{"type":"Feature","properties":{"id":"28769036","nom":"Carrera 12B","tipo":"residential"},"geometry":{"type":"LineString","coordinates":[[-74.09425,4.58365],[-74.09348,4.58453],[-74.09345,4.58456]]}},{"type":"Feature","properties":{"id":"28769050","nom":"Carrera 12D","tipo":"residential"},"geometry":{"type":"LineString","coordinates":[[-74.09455,4.58406],[-74.09384,4.58485],[-74.09381,4.58488]]}},{"type":"Feature","properties":{"id":"28769061","nom":"Calle 12A Sur","tipo":"residential"},"geometry":{"type":"LineString","coordinates":[[-74.09164,4.58213],[-74.09166,4.58213],[-74.09168,4.58213],[-74.09214,4.58219],[-74.09222,4.5822],[-74.09286,4.58228],[-74.09322,4.58232],[-74.09327,4.58233],[-74.09332,4.58236],[-74.09335,4.58239],[-74.09337,4.58242],[-74.09366,4.58283],[-74.09384,4.58307],[-74.09396,4.58325],[-74.09425,4.58365],[-74.09455,4.58406],[-74.0949,4.58456]]}},{"type":"Feature","properties":{"id":"28769164","nom":"Carrera 10 Bis","tipo":"residential"},"geometry":{"type":"LineString","coordinates":[[-74.09031,4.58295],[-74.08984,4.5835],[-74.08952,4.58389],[-74.08918,4.58432],[-74.08892,4.58466],[-74.08879,4.58482]]}},{"type":"Feature","properties":{"id":"28769192","nom":"Calle 10A Sur","tipo":"residential"},"geometry":{"type":"LineString","coordinates":[[-74.09358,4.58556],[-74.09316,4.58519],[-74.09275,4.58483],[-74.09261,4.58471]]}},{"type":"Feature","properties":{"id":"28769210","nom":"Carrera 11","tipo":"residential"},"geometry":{"type":"LineString","coordinates":[[-74.08968,4.58529],[-74.08996,4.58494],[-74.09061,4.58412],[-74.09115,4.58345]]}},{"type":"Feature","properties":{"id":"28769240","nom":"Carrera 12B","tipo":"residential"},"geometry":{"type":"LineString","coordinates":[[-74.09133,4.58662],[-74.09133,4.5866],[-74.09133,4.58657],[-74.09158,4.58626],[-74.09191,4.58589],[-74.09203,4.58577]]}},{"type":"Feature","properties":{"id":"28769254","nom":"Calle 7 Sur","tipo":"residential"},"geometry":{"type":"LineString","coordinates":[[-74.09133,4.58662],[-74.09174,4.58695],[-74.09218,4.5873]]}},{"type":"Feature","properties":{"id":"28769323","nom":"Carrera 13","tipo":"residential"},"geometry":{"type":"LineString","coordinates":[[-74.09358,4.58556],[-74.09311,4.58615]]}},{"type":"Feature","properties":{"id":"28769340","nom":"Calle 7 Sur","tipo":"residential"},"geometry":{"type":"LineString","coordinates":[[-74.09093,4.58616],[-74.09016,4.58555]]}},{"type":"Feature","properties":{"id":"28769413","nom":"Calle 7 Sur","tipo":"residential"},"geometry":{"type":"LineString","coordinates":[[-74.0881,4.5844],[-74.08805,4.58436],[-74.08802,4.58434],[-74.08763,4.58406],[-74.08721,4.58376],[-74.08677,4.58344],[-74.08667,4.58336],[-74.08629,4.5831],[-74.08623,4.58306],[-74.08622,4.58305],[-74.08621,4.58305],[-74.08538,4.58244],[-74.08524,4.58234],[-74.08473,4.58198],[-74.08472,4.58197],[-74.08467,4.58193]]}},{"type":"Feature","properties":{"id":"28769450","nom":"Calle 8A Sur","tipo":"residential"},"geometry":{"type":"LineString","coordinates":[[-74.08871,4.58356],[-74.08867,4.58351],[-74.08865,4.5835],[-74.08818,4.58299],[-74.08793,4.58273],[-74.08766,4.58245],[-74.08718,4.58195],[-74.08714,4.58192],[-74.08709,4.58188],[-74.08708,4.58187],[-74.08707,4.58187],[-74.08663,4.58156],[-74.08608,4.58117]]}},{"type":"Feature","properties":{"id":"28769474","nom":"Calle 10 Sur","tipo":"residential"},"geometry":{"type":"LineString","coordinates":[[-74.08919,4.58295],[-74.08914,4.58289],[-74.08912,4.58288],[-74.08869,4.5824],[-74.08823,4.58191]]}},{"type":"Feature","properties":{"id":"28769536","nom":"Calle 8B Sur","tipo":"residential"},"geometry":{"type":"LineString","coordinates":[[-74.08629,4.58089],[-74.08575,4.58052],[-74.08575,4.58051],[-74.08568,4.58047]]}},{"type":"Feature","properties":{"id":"28769537","nom":"Carrera 7A","tipo":"residential"},"geometry":{"type":"LineString","coordinates":[[-74.0872,4.5796],[-74.08718,4.57962],[-74.08686,4.58009],[-74.08648,4.58062],[-74.08629,4.58089],[-74.08608,4.58117],[-74.08584,4.58151],[-74.08524,4.58234]]}},{"type":"Feature","properties":{"id":"28822364","nom":"Carrera 26A","tipo":"residential"},"geometry":{"type":"LineString","coordinates":[[-74.09737,4.60105],[-74.0974,4.60101],[-74.09769,4.60064],[-74.09798,4.60026],[-74.09829,4.59987],[-74.09858,4.59952],[-74.0986,4.59948]]}},{"type":"Feature","properties":{"id":"28822442","nom":"Carrera 27A","tipo":"residential"},"geometry":{"type":"LineString","coordinates":[[-74.10015,4.59928],[-74.09954,4.60006],[-74.09951,4.60009]]}},{"type":"Feature","properties":{"id":"28822443","nom":"Calle 1G Bis","tipo":"residential"},"geometry":{"type":"LineString","coordinates":[[-74.1005,4.59955],[-74.10015,4.59928]]}},{"type":"Feature","properties":{"id":"28822444","nom":"Carrera 27B","tipo":"residential"},"geometry":{"type":"LineString","coordinates":[[-74.09987,4.60037],[-74.0999,4.60034],[-74.1005,4.59955]]}},{"type":"Feature","properties":{"id":"28824688","nom":"Carrera 10B","tipo":"residential"},"geometry":{"type":"LineString","coordinates":[[-74.09695,4.57516],[-74.09757,4.57448]]}},{"type":"Feature","properties":{"id":"28824690","nom":"Carrera 10C","tipo":"residential"},"geometry":{"type":"LineString","coordinates":[[-74.09728,4.57548],[-74.09791,4.5748]]}},{"type":"Feature","properties":{"id":"28824691","nom":"Calle 26 Sur","tipo":"residential"},"geometry":{"type":"LineString","coordinates":[[-74.09926,4.57482],[-74.10017,4.57556]]}},{"type":"Feature","properties":{"id":"28824711","nom":"Calle 23A Sur","tipo":"residential"},"geometry":{"type":"LineString","coordinates":[[-74.09929,4.57668],[-74.09837,4.57596]]}},{"type":"Feature","properties":{"id":"28824715","nom":"Calle 26 Sur","tipo":"residential"},"geometry":{"type":"LineString","coordinates":[[-74.10136,4.57651],[-74.1005,4.57579]]}},{"type":"Feature","properties":{"id":"28824717","nom":"Calle 25 Sur","tipo":"residential"},"geometry":{"type":"LineString","coordinates":[[-74.10111,4.57684],[-74.10023,4.57613]]}},{"type":"Feature","properties":{"id":"28824720","nom":"Calle 23A Sur","tipo":"residential"},"geometry":{"type":"LineString","coordinates":[[-74.10055,4.57757],[-74.09965,4.57686]]}},{"type":"Feature","properties":{"id":"28824721","nom":"Calle 23 Sur","tipo":"residential"},"geometry":{"type":"LineString","coordinates":[[-74.10032,4.57783],[-74.09943,4.57715]]}},{"type":"Feature","properties":{"id":"28824722","nom":"Calle 22B Bis Sur","tipo":"residential"},"geometry":{"type":"LineString","coordinates":[[-74.10008,4.57812],[-74.09919,4.57745]]}},{"type":"Feature","properties":{"id":"28824724","nom":"Calle 26B Sur","tipo":"residential"},"geometry":{"type":"LineString","coordinates":[[-74.10192,4.57581],[-74.10105,4.5751]]}},{"type":"Feature","properties":{"id":"28824725","nom":"Calle 25 Sur","tipo":"residential"},"geometry":{"type":"LineString","coordinates":[[-74.09898,4.57517],[-74.0999,4.57589]]}},{"type":"Feature","properties":{"id":"28824764","nom":"Carrera 12H","tipo":"residential"},"geometry":{"type":"LineString","coordinates":[[-74.10255,4.57867],[-74.10168,4.57969],[-74.10153,4.57988],[-74.10123,4.58026],[-74.10119,4.58031]]}},{"type":"Feature","properties":{"id":"28824778","nom":"Calle 31B Sur","tipo":"residential"},"geometry":{"type":"LineString","coordinates":[[-74.10975,4.57542],[-74.11032,4.57586]]}},{"type":"Feature","properties":{"id":"28824780","nom":"Calle 31B Sur","tipo":"residential"},"geometry":{"type":"LineString","coordinates":[[-74.10818,4.57423],[-74.10842,4.57442],[-74.10865,4.5746],[-74.10897,4.57485],[-74.10933,4.57513]]}},{"type":"Feature","properties":{"id":"28850970","nom":"Carrera 12H Bis","tipo":"residential"},"geometry":{"type":"LineString","coordinates":[[-74.10278,4.57888],[-74.10316,4.57842],[-74.10341,4.57809],[-74.10368,4.57773],[-74.10393,4.57739],[-74.10418,4.57707],[-74.1042,4.57704]]}},{"type":"Feature","properties":{"id":"28850994","nom":"Carrera 12F","tipo":"residential"},"geometry":{"type":"LineString","coordinates":[[-74.10296,4.57663],[-74.1027,4.57695],[-74.10243,4.57731],[-74.10217,4.57764],[-74.10193,4.57794],[-74.10183,4.57806],[-74.101,4.57915]]}},{"type":"Feature","properties":{"id":"28851004","nom":"Carrera 12G","tipo":"residential"},"geometry":{"type":"LineString","coordinates":[[-74.10136,4.57942],[-74.10143,4.57933],[-74.10154,4.57918],[-74.10159,4.57912],[-74.10177,4.57889],[-74.10182,4.57884],[-74.10219,4.57837]]}},{"type":"Feature","properties":{"id":"28851021","nom":"Calle 26A Sur","tipo":"residential"},"geometry":{"type":"LineString","coordinates":[[-74.10368,4.57773],[-74.10463,4.57851],[-74.10561,4.57927],[-74.10585,4.57946],[-74.10589,4.57949]]}},{"type":"Feature","properties":{"id":"28851055","nom":"Carrera 13","tipo":"residential"},"geometry":{"type":"LineString","coordinates":[[-74.1022,4.58043],[-74.10192,4.58074],[-74.10188,4.58078]]}},{"type":"Feature","properties":{"id":"28851081","nom":"Carrera 12G","tipo":"residential"},"geometry":{"type":"LineString","coordinates":[[-74.10304,4.5778],[-74.10357,4.57712]]}},{"type":"Feature","properties":{"id":"28851126","nom":"Calle 24 Sur","tipo":"residential"},"geometry":{"type":"LineString","coordinates":[[-74.10438,4.58023],[-74.10434,4.58019],[-74.10372,4.57967],[-74.10335,4.57935],[-74.10278,4.57888],[-74.10255,4.57867],[-74.10238,4.57852]]}},{"type":"Feature","properties":{"id":"28851220","nom":"Calle 22A Sur","tipo":"residential"},"geometry":{"type":"LineString","coordinates":[[-74.09985,4.57844],[-74.09954,4.5782],[-74.09925,4.57797],[-74.09897,4.57774]]}},{"type":"Feature","properties":{"id":"28851349","nom":"Carrera 10 Bis","tipo":"residential"},"geometry":{"type":"LineString","coordinates":[[-74.09516,4.57618],[-74.09521,4.57613],[-74.09526,4.57605]]}},{"type":"Feature","properties":{"id":"28851351","nom":"Carrera 10A","tipo":"residential"},"geometry":{"type":"LineString","coordinates":[[-74.09552,4.57645],[-74.09555,4.57641],[-74.0956,4.57635]]}},{"type":"Feature","properties":{"id":"28851569","nom":"Carrera 17","tipo":"residential"},"geometry":{"type":"LineString","coordinates":[[-74.10359,4.58262],[-74.10354,4.58265],[-74.10317,4.58286],[-74.10267,4.58318],[-74.10217,4.5835],[-74.10178,4.58374]]}},{"type":"Feature","properties":{"id":"28851622","nom":"Avenida Carrera 24","tipo":"secondary"},"geometry":{"type":"LineString","coordinates":[[-74.10966,4.58431],[-74.1096,4.58432],[-74.10954,4.58433],[-74.10949,4.58433],[-74.10922,4.58434],[-74.10896,4.58435],[-74.1087,4.58436],[-74.10861,4.58436],[-74.10794,4.58439],[-74.10732,4.58441],[-74.10714,4.58442],[-74.10653,4.58444],[-74.10648,4.58444],[-74.1064,4.58444],[-74.10563,4.58447]]}},{"type":"Feature","properties":{"id":"28851755","nom":"Calle 18A Sur","tipo":"residential"},"geometry":{"type":"LineString","coordinates":[[-74.10007,4.58274],[-74.10012,4.58279],[-74.10061,4.58327],[-74.10085,4.5835],[-74.10095,4.5836],[-74.10104,4.58368],[-74.1014,4.58397]]}},{"type":"Feature","properties":{"id":"28851788","nom":"Carrera 24H","tipo":"residential"},"geometry":{"type":"LineString","coordinates":[[-74.10686,4.588],[-74.10667,4.58818],[-74.10621,4.58862],[-74.10553,4.58927]]}},{"type":"Feature","properties":{"id":"28851819","nom":"Calle 19B Sur","tipo":"residential"},"geometry":{"type":"LineString","coordinates":[[-74.10097,4.58223],[-74.10102,4.58227],[-74.10149,4.58278],[-74.10191,4.58322],[-74.10217,4.5835],[-74.10241,4.58374],[-74.10243,4.58377],[-74.10246,4.5838],[-74.10293,4.58429],[-74.10297,4.58433]]}},{"type":"Feature","properties":{"id":"28851827","nom":"Carrera 19","tipo":"residential"},"geometry":{"type":"LineString","coordinates":[[-74.09893,4.5882],[-74.09916,4.58793],[-74.09939,4.5877],[-74.0997,4.58741],[-74.10007,4.58704]]}},{"type":"Feature","properties":{"id":"28851900","nom":"Carrera 24B","tipo":"residential"},"geometry":{"type":"LineString","coordinates":[[-74.10047,4.58961],[-74.10068,4.5894],[-74.10072,4.58936]]}},{"type":"Feature","properties":{"id":"28851903","nom":"Calle 15 Sur","tipo":"residential"},"geometry":{"type":"LineString","coordinates":[[-74.09956,4.5865],[-74.09953,4.58646],[-74.09909,4.58599],[-74.09838,4.58523],[-74.09786,4.58467],[-74.09756,4.58435],[-74.0975,4.58428]]}},{"type":"Feature","properties":{"id":"28851962","nom":"Calle 13 Sur","tipo":"residential"},"geometry":{"type":"LineString","coordinates":[[-74.10018,4.58934],[-74.10022,4.58939],[-74.10047,4.58961]]}},{"type":"Feature","properties":{"id":"28852002","nom":"Calle 17A Sur","tipo":"residential"},"geometry":{"type":"LineString","coordinates":[[-74.10593,4.59034],[-74.10555,4.58995]]}},{"type":"Feature","properties":{"id":"28852005","nom":"Carrera 24I Bis","tipo":"residential"},"geometry":{"type":"LineString","coordinates":[[-74.10468,4.59078],[-74.10519,4.59029]]}},{"type":"Feature","properties":{"id":"28852038","nom":"Carrera 24D","tipo":"residential"},"geometry":{"type":"LineString","coordinates":[[-74.10258,4.5896],[-74.10258,4.58961],[-74.10259,4.59009],[-74.10258,4.59012],[-74.10257,4.59015],[-74.10255,4.59017],[-74.10203,4.5906]]}},{"type":"Feature","properties":{"id":"28852044","nom":"Calle 16 Sur","tipo":"residential"},"geometry":{"type":"LineString","coordinates":[[-74.10468,4.59078],[-74.10506,4.59118],[-74.10543,4.59158],[-74.10546,4.59162],[-74.10592,4.59211],[-74.10595,4.59213]]}},{"type":"Feature","properties":{"id":"28852052","nom":"Carrera 25","tipo":"residential"},"geometry":{"type":"LineString","coordinates":[[-74.10593,4.59034],[-74.10624,4.59004],[-74.10651,4.58978],[-74.10654,4.58975],[-74.10655,4.58973],[-74.10655,4.58969],[-74.10655,4.58951],[-74.10655,4.58942],[-74.10655,4.58898]]}},{"type":"Feature","properties":{"id":"28852055","nom":"Carrera 25","tipo":"residential"},"geometry":{"type":"LineString","coordinates":[[-74.10655,4.58898],[-74.10711,4.58898],[-74.10746,4.58864],[-74.10795,4.58817],[-74.10799,4.58814]]}},{"type":"Feature","properties":{"id":"28852076","nom":"Carrera 24B","tipo":"residential"},"geometry":{"type":"LineString","coordinates":[[-74.10471,4.58559],[-74.10538,4.58496],[-74.10542,4.58492]]}},{"type":"Feature","properties":{"id":"28852548","nom":"Calle 13A Sur","tipo":"tertiary"},"geometry":{"type":"LineString","coordinates":[[-74.09793,4.58665],[-74.098,4.58671],[-74.09808,4.58681],[-74.09855,4.58731]]}},{"type":"Feature","properties":{"id":"28852559","nom":"Calle 10B Bis Sur","tipo":"residential"},"geometry":{"type":"LineString","coordinates":[[-74.09754,4.5882],[-74.09755,4.58818],[-74.09755,4.58816],[-74.09755,4.58813],[-74.09752,4.58801],[-74.09752,4.58797],[-74.09752,4.58795],[-74.09754,4.58773],[-74.09754,4.58768],[-74.09753,4.58765],[-74.09752,4.58761],[-74.09751,4.58757],[-74.09746,4.58749],[-74.09741,4.58741],[-74.09735,4.58735],[-74.0973,4.58731],[-74.09725,4.58727],[-74.09716,4.58723],[-74.09707,4.5872]]}},{"type":"Feature","properties":{"id":"28852811","nom":"Diagonal 17B Bis Sur","tipo":"residential"},"geometry":{"type":"LineString","coordinates":[[-74.10709,4.59001],[-74.10768,4.59001]]}},{"type":"Feature","properties":{"id":"28852815","nom":"Transversal 25A","tipo":"residential"},"geometry":{"type":"LineString","coordinates":[[-74.10709,4.59001],[-74.10709,4.5895]]}},{"type":"Feature","properties":{"id":"28852887","nom":"Calle 14A Sur","tipo":"residential"},"geometry":{"type":"LineString","coordinates":[[-74.10495,4.59308],[-74.10492,4.59305],[-74.10433,4.59245],[-74.10427,4.59239],[-74.10422,4.59237],[-74.10417,4.59236],[-74.10413,4.59235],[-74.10404,4.59236],[-74.10396,4.59235],[-74.10391,4.59234],[-74.10388,4.59233],[-74.10386,4.59232],[-74.10383,4.59229],[-74.10326,4.59164]]}},{"type":"Feature","properties":{"id":"28852893","nom":"Calle 14 Sur","tipo":"residential"},"geometry":{"type":"LineString","coordinates":[[-74.10443,4.59357],[-74.1044,4.59354],[-74.10403,4.59315],[-74.10395,4.59307]]}},{"type":"Feature","properties":{"id":"28912409","nom":"Carrera 31B","tipo":"residential"},"geometry":{"type":"LineString","coordinates":[[-74.10613,4.60015],[-74.10618,4.60011],[-74.10713,4.59922]]}},{"type":"Feature","properties":{"id":"28912549","nom":"Calle 11 Sur","tipo":"residential"},"geometry":{"type":"LineString","coordinates":[[-74.11191,4.60006],[-74.11145,4.59974]]}},{"type":"Feature","properties":{"id":"28931049","nom":"Carrera 18A","tipo":"residential"},"geometry":{"type":"LineString","coordinates":[[-74.11214,4.57831],[-74.11269,4.57808],[-74.113,4.57795],[-74.11353,4.57772],[-74.11381,4.5776],[-74.11438,4.57739],[-74.11513,4.57711]]}},{"type":"Feature","properties":{"id":"29018173","nom":"Carrera 19D","tipo":"residential"},"geometry":{"type":"LineString","coordinates":[[-74.10993,4.57994],[-74.11062,4.57958]]}},{"type":"Feature","properties":{"id":"29018176","nom":"Carrera 21","tipo":"residential"},"geometry":{"type":"LineString","coordinates":[[-74.11123,4.5807],[-74.11081,4.58093],[-74.11066,4.58101],[-74.11035,4.58118]]}},{"type":"Feature","properties":{"id":"29018189","nom":"Calle 29 Sur","tipo":"residential"},"geometry":{"type":"LineString","coordinates":[[-74.1113,4.58216],[-74.11109,4.58178],[-74.11099,4.5816],[-74.11082,4.5813],[-74.11066,4.58101]]}},{"type":"Feature","properties":{"id":"29018190","nom":"Calle 28B Sur","tipo":"residential"},"geometry":{"type":"LineString","coordinates":[[-74.11141,4.58302],[-74.11136,4.58291],[-74.11125,4.58269],[-74.11112,4.58241]]}},{"type":"Feature","properties":{"id":"29018223","nom":"Carrera 24A","tipo":"residential"},"geometry":{"type":"LineString","coordinates":[[-74.11881,4.58233],[-74.11877,4.58234],[-74.11805,4.58258],[-74.11707,4.5829],[-74.11606,4.58323],[-74.11493,4.58359],[-74.11447,4.58374],[-74.11441,4.58377],[-74.11432,4.58382],[-74.11384,4.58399]]}},{"type":"Feature","properties":{"id":"29018628","nom":"Carrera 24A","tipo":"residential"},"geometry":{"type":"LineString","coordinates":[[-74.09844,4.59221],[-74.09909,4.59146]]}},{"type":"Feature","properties":{"id":"29018634","nom":"Carrera 24B","tipo":"residential"},"geometry":{"type":"LineString","coordinates":[[-74.09974,4.59115],[-74.09951,4.59141],[-74.0993,4.59165]]}},{"type":"Feature","properties":{"id":"29018636","nom":"Calle 9A Sur","tipo":"residential"},"geometry":{"type":"LineString","coordinates":[[-74.09951,4.59141],[-74.0991,4.59106],[-74.09883,4.59083],[-74.0988,4.5908]]}},{"type":"Feature","properties":{"id":"29018638","nom":"Carrera 25","tipo":"residential"},"geometry":{"type":"LineString","coordinates":[[-74.09983,4.59343],[-74.09929,4.59405],[-74.09925,4.59411],[-74.0992,4.59418],[-74.09919,4.59422],[-74.09918,4.59426],[-74.09911,4.59487],[-74.09912,4.5949],[-74.09913,4.59492]]}},{"type":"Feature","properties":{"id":"29018639","nom":"Calle 9 Sur","tipo":"residential"},"geometry":{"type":"LineString","coordinates":[[-74.10191,4.59446],[-74.10174,4.5944],[-74.10164,4.59433],[-74.10157,4.59429],[-74.10126,4.5938],[-74.10101,4.59341],[-74.10098,4.59336],[-74.10081,4.5931],[-74.10052,4.59264]]}},{"type":"Feature","properties":{"id":"29018660","nom":"Calle 7 Sur","tipo":"residential"},"geometry":{"type":"LineString","coordinates":[[-74.09983,4.59343],[-74.09943,4.59308],[-74.09903,4.59273],[-74.09865,4.59239],[-74.09844,4.59221],[-74.09807,4.59189],[-74.09799,4.59182],[-74.09796,4.59179]]}},{"type":"Feature","properties":{"id":"29018665","nom":"Carrera 26","tipo":"residential"},"geometry":{"type":"LineString","coordinates":[[-74.10143,4.59488],[-74.10144,4.59484],[-74.10145,4.59474],[-74.10148,4.5946],[-74.10154,4.59435],[-74.10156,4.59432],[-74.10157,4.59429],[-74.1018,4.59401],[-74.10193,4.59388],[-74.10211,4.59376],[-74.10223,4.59369],[-74.10226,4.59367]]}},{"type":"Feature","properties":{"id":"29018669","nom":"Carrera 24A","tipo":"residential"},"geometry":{"type":"LineString","coordinates":[[-74.09795,4.59252],[-74.09741,4.59313],[-74.09734,4.5932],[-74.09728,4.59328],[-74.09723,4.59338],[-74.09719,4.5935],[-74.09716,4.59359],[-74.09708,4.59385]]}},{"type":"Feature","properties":{"id":"29018803","nom":"Calle 28A Sur","tipo":"residential"},"geometry":{"type":"LineString","coordinates":[[-74.11038,4.58225],[-74.11008,4.58171]]}},{"type":"Feature","properties":{"id":"29018962","nom":"Carrera 26B","tipo":"tertiary"},"geometry":{"type":"LineString","coordinates":[[-74.11654,4.58546],[-74.11612,4.58574],[-74.1158,4.58595],[-74.11528,4.58629],[-74.11503,4.58645],[-74.11483,4.58658],[-74.1148,4.58661]]}},{"type":"Feature","properties":{"id":"29023805","nom":"Calle 26 Bis Sur","tipo":"residential"},"geometry":{"type":"LineString","coordinates":[[-74.10956,4.58594],[-74.10911,4.58538]]}},{"type":"Feature","properties":{"id":"29023823","nom":"Calle 25 Sur","tipo":"residential"},"geometry":{"type":"LineString","coordinates":[[-74.10793,4.58491],[-74.10794,4.58447],[-74.10794,4.58444],[-74.10794,4.58439]]}},{"type":"Feature","properties":{"id":"29023862","nom":"Carrera 27","tipo":"tertiary"},"geometry":{"type":"LineString","coordinates":[[-74.11165,4.58619],[-74.1114,4.58647],[-74.11133,4.58655],[-74.11093,4.58701],[-74.11073,4.58724],[-74.11039,4.58762]]}},{"type":"Feature","properties":{"id":"29023894","nom":"Calle 23 Sur","tipo":"residential"},"geometry":{"type":"LineString","coordinates":[[-74.10648,4.58444],[-74.10648,4.58449],[-74.1065,4.58496]]}},{"type":"Feature","properties":{"id":"29024007","nom":"Calle 29 Sur","tipo":"residential"},"geometry":{"type":"LineString","coordinates":[[-74.11325,4.58859],[-74.11325,4.58853],[-74.11317,4.58774]]}},{"type":"Feature","properties":{"id":"29024020","nom":"Carrera 26B","tipo":"tertiary"},"geometry":{"type":"LineString","coordinates":[[-74.11427,4.58673],[-74.11389,4.58677],[-74.11379,4.58677],[-74.1135,4.5868],[-74.1132,4.58682],[-74.11311,4.58684],[-74.11303,4.58686]]}},{"type":"Feature","properties":{"id":"29024023","nom":"Carrera 26A","tipo":"tertiary"},"geometry":{"type":"LineString","coordinates":[[-74.11345,4.58603],[-74.1129,4.58608],[-74.11228,4.58613],[-74.11169,4.58618],[-74.11165,4.58619]]}},{"type":"Feature","properties":{"id":"29024039","nom":"Calle 29 Bis Sur","tipo":"residential"},"geometry":{"type":"LineString","coordinates":[[-74.11364,4.58855],[-74.11364,4.58849],[-74.11351,4.58692],[-74.1135,4.5868]]}},{"type":"Feature","properties":{"id":"29024041","nom":"Calle 29A Sur","tipo":"residential"},"geometry":{"type":"LineString","coordinates":[[-74.1139,4.58688],[-74.11403,4.58846],[-74.11404,4.58852]]}},{"type":"Feature","properties":{"id":"29024050","nom":"Calle 30A Sur","tipo":"residential"},"geometry":{"type":"LineString","coordinates":[[-74.11484,4.58845],[-74.11483,4.58839],[-74.11469,4.58679]]}},{"type":"Feature","properties":{"id":"29024060","nom":"Calle 28A Sur","tipo":"residential"},"geometry":{"type":"LineString","coordinates":[[-74.11221,4.58529],[-74.11225,4.58577],[-74.11228,4.58613]]}},{"type":"Feature","properties":{"id":"29024063","nom":"Carrera 24B","tipo":"residential"},"geometry":{"type":"LineString","coordinates":[[-74.11358,4.58452],[-74.11329,4.58463],[-74.11297,4.58476]]}},{"type":"Feature","properties":{"id":"29234539","nom":"Carrera 29B","tipo":"residential"},"geometry":{"type":"LineString","coordinates":[[-74.11168,4.59211],[-74.11159,4.59216],[-74.11142,4.59223],[-74.11138,4.59225],[-74.11134,4.59228],[-74.11129,4.5923]]}},{"type":"Feature","properties":{"id":"29234541","nom":"Carrera 29B","tipo":"residential"},"geometry":{"type":"LineString","coordinates":[[-74.11315,4.59152],[-74.11391,4.59127],[-74.11466,4.59103]]}},{"type":"Feature","properties":{"id":"29234547","nom":"Calle 27 Sur","tipo":"residential"},"geometry":{"type":"LineString","coordinates":[[-74.11312,4.59399],[-74.1131,4.59393],[-74.11304,4.59377],[-74.11291,4.59335],[-74.11266,4.59257],[-74.1124,4.59175],[-74.11219,4.59108],[-74.11194,4.59032],[-74.11149,4.58891],[-74.11148,4.58886]]}},{"type":"Feature","properties":{"id":"29234552","nom":"Calle 29 Sur","tipo":"residential"},"geometry":{"type":"LineString","coordinates":[[-74.11303,4.58875],[-74.11299,4.58861]]}},{"type":"Feature","properties":{"id":"29234557","nom":"Carrera 29D","tipo":"residential"},"geometry":{"type":"LineString","coordinates":[[-74.1121,4.59361],[-74.11214,4.59359],[-74.11291,4.59335],[-74.11366,4.59312]]}},{"type":"Feature","properties":{"id":"29234564","nom":"Calle 23 Sur","tipo":"residential"},"geometry":{"type":"LineString","coordinates":[[-74.11115,4.59136],[-74.11047,4.59035],[-74.10953,4.58897],[-74.1095,4.58893]]}},{"type":"Feature","properties":{"id":"29234566","nom":"Carrera 29A","tipo":"residential"},"geometry":{"type":"LineString","coordinates":[[-74.11078,4.5916],[-74.11082,4.59157],[-74.11115,4.59136],[-74.11137,4.59122]]}},{"type":"Feature","properties":{"id":"29234600","nom":"Carrera 29A","tipo":"residential"},"geometry":{"type":"LineString","coordinates":[[-74.11063,4.59166],[-74.11059,4.59169],[-74.11007,4.59203],[-74.10975,4.59224],[-74.10943,4.59244],[-74.10877,4.59286],[-74.10834,4.59315],[-74.10828,4.59319],[-74.10821,4.59323]]}},{"type":"Feature","properties":{"id":"29234602","nom":"Calle 19 Sur","tipo":"residential"},"geometry":{"type":"LineString","coordinates":[[-74.10975,4.59224],[-74.1088,4.59091],[-74.10825,4.59016],[-74.10823,4.59012]]}},{"type":"Feature","properties":{"id":"29234604","nom":"Calle 18 Sur","tipo":"residential"},"geometry":{"type":"LineString","coordinates":[[-74.10877,4.59286],[-74.10742,4.59095],[-74.1074,4.59092]]}},{"type":"Feature","properties":{"id":"29234607","nom":"Calle 14 Sur","tipo":"residential"},"geometry":{"type":"LineString","coordinates":[[-74.10533,4.5953],[-74.10503,4.59488]]}},{"type":"Feature","properties":{"id":"29234610","nom":"Calle 15 Sur","tipo":"residential"},"geometry":{"type":"LineString","coordinates":[[-74.10541,4.59283],[-74.10544,4.59288],[-74.10572,4.59326],[-74.10625,4.59399]]}},{"type":"Feature","properties":{"id":"29234611","nom":"Calle 14B Sur","tipo":"residential"},"geometry":{"type":"LineString","coordinates":[[-74.10535,4.5936],[-74.10585,4.59428],[-74.10587,4.59431],[-74.10615,4.5947]]}},{"type":"Feature","properties":{"id":"29234616","nom":"Carrera 29B","tipo":"residential"},"geometry":{"type":"LineString","coordinates":[[-74.11066,4.5929],[-74.11009,4.59349],[-74.10981,4.59374],[-74.10973,4.59381],[-74.10966,4.59385],[-74.10938,4.59406],[-74.109,4.59434]]}},{"type":"Feature","properties":{"id":"29234618","nom":"Calle 17B Sur","tipo":"residential"},"geometry":{"type":"LineString","coordinates":[[-74.11029,4.59534],[-74.10984,4.59472],[-74.10976,4.59461],[-74.10938,4.59406]]}},{"type":"Feature","properties":{"id":"29234621","nom":"Carrera 29C","tipo":"residential"},"geometry":{"type":"LineString","coordinates":[[-74.1085,4.59533],[-74.10808,4.59563],[-74.10775,4.59587],[-74.10725,4.59623]]}},{"type":"Feature","properties":{"id":"29234622","nom":"Calle 14B Sur","tipo":"residential"},"geometry":{"type":"LineString","coordinates":[[-74.10697,4.59583],[-74.10725,4.59623]]}},{"type":"Feature","properties":{"id":"29234623","nom":"Calle 15A Sur","tipo":"residential"},"geometry":{"type":"LineString","coordinates":[[-74.10808,4.59563],[-74.10869,4.59649]]}},{"type":"Feature","properties":{"id":"29234624","nom":"Carrera 29D","tipo":"residential"},"geometry":{"type":"LineString","coordinates":[[-74.11066,4.59508],[-74.11063,4.5951],[-74.11029,4.59534],[-74.11002,4.59554],[-74.1099,4.59562]]}},{"type":"Feature","properties":{"id":"29234626","nom":"Carrera 29C","tipo":"residential"},"geometry":{"type":"LineString","coordinates":[[-74.11164,4.59314],[-74.11161,4.59318],[-74.11121,4.59364],[-74.11097,4.59386],[-74.11061,4.59419],[-74.11026,4.59453]]}},{"type":"Feature","properties":{"id":"29234627","nom":"Calle 18A Sur","tipo":"residential"},"geometry":{"type":"LineString","coordinates":[[-74.1114,4.59522],[-74.11138,4.59519],[-74.11114,4.59487],[-74.11061,4.59419],[-74.11009,4.59349],[-74.10997,4.59331],[-74.10943,4.59244]]}},{"type":"Feature","properties":{"id":"29234628","nom":"Calle 20 Sur","tipo":"residential"},"geometry":{"type":"LineString","coordinates":[[-74.11066,4.5929],[-74.11121,4.59364],[-74.11197,4.59468],[-74.11199,4.5947],[-74.11201,4.59473],[-74.11204,4.59476]]}},{"type":"Feature","properties":{"id":"29234639","nom":"Calle 1G","tipo":"residential"},"geometry":{"type":"LineString","coordinates":[[-74.10047,4.59906],[-74.10073,4.59927],[-74.10109,4.59955],[-74.10144,4.59983],[-74.10174,4.60005],[-74.10237,4.60056],[-74.10289,4.60097]]}},{"type":"Feature","properties":{"id":"29234641","nom":"Carrera 28","tipo":"residential"},"geometry":{"type":"LineString","coordinates":[[-74.10358,4.59639],[-74.10329,4.59677],[-74.10299,4.59714]]}},{"type":"Feature","properties":{"id":"29234644","nom":"Calle 1","tipo":"residential"},"geometry":{"type":"LineString","coordinates":[[-74.10487,4.59739],[-74.10446,4.59707],[-74.10429,4.59694],[-74.10423,4.59689],[-74.10358,4.59639]]}},{"type":"Feature","properties":{"id":"29234649","nom":"Calle 1D","tipo":"residential"},"geometry":{"type":"LineString","coordinates":[[-74.10097,4.5975],[-74.10101,4.59754],[-74.10128,4.59775],[-74.10141,4.59785],[-74.10204,4.59835],[-74.10237,4.5986],[-74.10269,4.59886],[-74.10333,4.59936],[-74.10398,4.59987],[-74.10429,4.60011],[-74.10436,4.60017]]}},{"type":"Feature","properties":{"id":"29234652","nom":"Calle 1C","tipo":"residential"},"geometry":{"type":"LineString","coordinates":[[-74.10236,4.59794],[-74.10174,4.59742]]}},{"type":"Feature","properties":{"id":"29234653","nom":"Carrera 29C","tipo":"residential"},"geometry":{"type":"LineString","coordinates":[[-74.10462,4.59907],[-74.10457,4.59913],[-74.1043,4.59948],[-74.10398,4.59987]]}},{"type":"Feature","properties":{"id":"29234654","nom":"Calle 1","tipo":"residential"},"geometry":{"type":"LineString","coordinates":[[-74.1062,4.59847],[-74.10552,4.59791]]}},{"type":"Feature","properties":{"id":"29234655","nom":"Calle 1A","tipo":"residential"},"geometry":{"type":"LineString","coordinates":[[-74.10606,4.59896],[-74.10597,4.59889],[-74.10523,4.59828]]}},{"type":"Feature","properties":{"id":"29491130","nom":"Carrera 29C","tipo":"residential"},"geometry":{"type":"LineString","coordinates":[[-74.1068,4.59647],[-74.1063,4.59712]]}},{"type":"Feature","properties":{"id":"29491155","nom":"Calle 12A Sur","tipo":"residential"},"geometry":{"type":"LineString","coordinates":[[-74.10723,4.59667],[-74.10817,4.5971],[-74.10823,4.59713],[-74.10827,4.59716],[-74.10829,4.59719],[-74.10832,4.59723],[-74.10833,4.59729],[-74.10832,4.59733],[-74.10831,4.59741]]}},{"type":"Feature","properties":{"id":"29491162","nom":"Calle 12 Sur","tipo":"residential"},"geometry":{"type":"LineString","coordinates":[[-74.10753,4.59749],[-74.10694,4.59704]]}},{"type":"Feature","properties":{"id":"29491173","nom":"Carrera 29A","tipo":"residential"},"geometry":{"type":"LineString","coordinates":[[-74.10549,4.59584],[-74.10486,4.59664]]}},{"type":"Feature","properties":{"id":"29491178","nom":"Calle 11A Sur","tipo":"residential"},"geometry":{"type":"LineString","coordinates":[[-74.10723,4.59786],[-74.10665,4.5974],[-74.1063,4.59712],[-74.10592,4.59682]]}},{"type":"Feature","properties":{"id":"29491184","nom":"Carrera 29B Bis","tipo":"residential"},"geometry":{"type":"LineString","coordinates":[[-74.10534,4.59746],[-74.10492,4.59802],[-74.10432,4.59877],[-74.10429,4.59881]]}},{"type":"Feature","properties":{"id":"29491193","nom":"Calle 15 Sur","tipo":"residential"},"geometry":{"type":"LineString","coordinates":[[-74.10833,4.59672],[-74.10775,4.59587]]}},{"type":"Feature","properties":{"id":"29491206","nom":"Carrera 32C","tipo":"residential"},"geometry":{"type":"LineString","coordinates":[[-74.11044,4.59959],[-74.11065,4.59928],[-74.11117,4.59852]]}},{"type":"Feature","properties":{"id":"29491216","nom":"Carrera 35","tipo":"residential"},"geometry":{"type":"LineString","coordinates":[[-74.1111,4.60017],[-74.11128,4.59996],[-74.11145,4.59974]]}},{"type":"Feature","properties":{"id":"29491225","nom":"Calle 10 Sur","tipo":"residential"},"geometry":{"type":"LineString","coordinates":[[-74.1101,4.59927],[-74.11044,4.59959],[-74.11076,4.59989],[-74.1111,4.60017]]}},{"type":"Feature","properties":{"id":"29491304","nom":"Carrera 34","tipo":"residential"},"geometry":{"type":"LineString","coordinates":[[-74.11076,4.59989],[-74.1111,4.59941],[-74.11158,4.59871]]}},{"type":"Feature","properties":{"id":"29491345","nom":"Calle 9 Sur","tipo":"residential"},"geometry":{"type":"LineString","coordinates":[[-74.11049,4.60083],[-74.10948,4.59994]]}},{"type":"Feature","properties":{"id":"29491370","nom":"Carrera 36","tipo":"residential"},"geometry":{"type":"LineString","coordinates":[[-74.11347,4.59959],[-74.1125,4.60089]]}},{"type":"Feature","properties":{"id":"29491375","nom":"Carrera 35B","tipo":"residential"},"geometry":{"type":"LineString","coordinates":[[-74.11213,4.60055],[-74.11296,4.59936]]}},{"type":"Feature","properties":{"id":"30102199","nom":"Carrera 31D","tipo":"residential"},"geometry":{"type":"LineString","coordinates":[[-74.10688,4.60068],[-74.10732,4.60028],[-74.10781,4.59982]]}},{"type":"Feature","properties":{"id":"30129534","nom":"Carrera 34D","tipo":"residential"},"geometry":{"type":"LineString","coordinates":[[-74.11354,4.59728],[-74.11339,4.59749],[-74.11316,4.5978],[-74.11298,4.59805],[-74.11248,4.59872]]}},{"type":"Feature","properties":{"id":"30129538","nom":"Carrera 34C","tipo":"residential"},"geometry":{"type":"LineString","coordinates":[[-74.11314,4.59713],[-74.11262,4.59779],[-74.11208,4.59853]]}},{"type":"Feature","properties":{"id":"30129539","nom":"Carrera 34","tipo":"residential"},"geometry":{"type":"LineString","coordinates":[[-74.11266,4.59704],[-74.11229,4.59755],[-74.11221,4.59765],[-74.11206,4.59784],[-74.11193,4.59801],[-74.11168,4.59834]]}},{"type":"Feature","properties":{"id":"30129540","nom":"Carrera 35","tipo":"residential"},"geometry":{"type":"LineString","coordinates":[[-74.11418,4.59785],[-74.1139,4.5982],[-74.11365,4.59855],[-74.11326,4.59909]]}},{"type":"Feature","properties":{"id":"30129542","nom":"Carrera 37A","tipo":"residential"},"geometry":{"type":"LineString","coordinates":[[-74.11521,4.59876],[-74.11453,4.59969]]}},{"type":"Feature","properties":{"id":"30129544","nom":"Carrera 37B","tipo":"residential"},"geometry":{"type":"LineString","coordinates":[[-74.11553,4.59904],[-74.11493,4.59988]]}},{"type":"Feature","properties":{"id":"30129553","nom":"Carrera 37","tipo":"residential"},"geometry":{"type":"LineString","coordinates":[[-74.11489,4.59848],[-74.11441,4.59911],[-74.11413,4.5995]]}},{"type":"Feature","properties":{"id":"30129554","nom":"Calle 17A Sur","tipo":"residential"},"geometry":{"type":"LineString","coordinates":[[-74.11142,4.59778],[-74.11193,4.59801]]}},{"type":"Feature","properties":{"id":"30129647","nom":"Calle 27 Sur","tipo":"residential"},"geometry":{"type":"LineString","coordinates":[[-74.11464,4.59667],[-74.11464,4.59672],[-74.11465,4.59677],[-74.11469,4.59685],[-74.11473,4.5969],[-74.11519,4.59737]]}},{"type":"Feature","properties":{"id":"32518435","nom":"Carrera 24C","tipo":"residential"},"geometry":{"type":"LineString","coordinates":[[-74.1065,4.58496],[-74.10603,4.58533],[-74.10598,4.58537]]}},{"type":"Feature","properties":{"id":"32547689","nom":"Carrera 24A","tipo":"residential"},"geometry":{"type":"LineString","coordinates":[[-74.10376,4.58602],[-74.10379,4.586],[-74.10433,4.58549],[-74.10435,4.58547],[-74.10437,4.58544],[-74.10437,4.58541]]}},{"type":"Feature","properties":{"id":"32547690","nom":"Calle 19 Sur","tipo":"residential"},"geometry":{"type":"LineString","coordinates":[[-74.10303,4.58522],[-74.10328,4.58549],[-74.10349,4.58572],[-74.10351,4.58575]]}},{"type":"Feature","properties":{"id":"32560352","nom":"Carrera 24C","tipo":"residential"},"geometry":{"type":"LineString","coordinates":[[-74.1051,4.58616],[-74.10583,4.58551],[-74.10586,4.58548]]}},{"type":"Feature","properties":{"id":"32560454","nom":"Carrera 24B","tipo":"residential"},"geometry":{"type":"LineString","coordinates":[[-74.10349,4.58675],[-74.10331,4.58692]]}},{"type":"Feature","properties":{"id":"32560575","nom":"Calle 19 Sur","tipo":"residential"},"geometry":{"type":"LineString","coordinates":[[-74.1045,4.58681],[-74.10486,4.5872],[-74.10534,4.58771],[-74.10584,4.58824],[-74.10621,4.58862],[-74.10655,4.58898]]}},{"type":"Feature","properties":{"id":"32565823","nom":"Carrera 24C","tipo":"residential"},"geometry":{"type":"LineString","coordinates":[[-74.10204,4.58907],[-74.10202,4.58948],[-74.10202,4.5895],[-74.10201,4.58961],[-74.10201,4.58963],[-74.10199,4.58976],[-74.10198,4.58983],[-74.10195,4.5899],[-74.10174,4.59032]]}},{"type":"Feature","properties":{"id":"32565926","nom":"Calle 16B Sur","tipo":"residential"},"geometry":{"type":"LineString","coordinates":[[-74.10277,4.58837],[-74.1023,4.58787]]}},{"type":"Feature","properties":{"id":"38093615","nom":"Transversal 26A","tipo":"residential"},"geometry":{"type":"LineString","coordinates":[[-74.11364,4.58644],[-74.11294,4.58651]]}},{"type":"Feature","properties":{"id":"39337240","nom":"Calle 27 Bis Sur","tipo":"residential"},"geometry":{"type":"LineString","coordinates":[[-74.11431,4.5951],[-74.11411,4.59516],[-74.11404,4.59517],[-74.11391,4.59516],[-74.11381,4.59513],[-74.11371,4.59508],[-74.11361,4.59501],[-74.11353,4.59492],[-74.11347,4.59482],[-74.11336,4.59462]]}},{"type":"Feature","properties":{"id":"39906422","nom":"Calle 16 Sur","tipo":"residential"},"geometry":{"type":"LineString","coordinates":[[-74.1085,4.59533],[-74.10911,4.59619]]}},{"type":"Feature","properties":{"id":"39906600","nom":"Calle 14A Sur","tipo":"residential"},"geometry":{"type":"LineString","coordinates":[[-74.10498,4.59395],[-74.10543,4.59459]]}},{"type":"Feature","properties":{"id":"39909557","nom":"Calle 14A Sur","tipo":"residential"},"geometry":{"type":"LineString","coordinates":[[-74.0987,4.58635],[-74.09802,4.58562]]}},{"type":"Feature","properties":{"id":"40870208","nom":"Calle 1C","tipo":"residential"},"geometry":{"type":"LineString","coordinates":[[-74.1043,4.59948],[-74.10365,4.59895]]}},{"type":"Feature","properties":{"id":"40870570","nom":"Calle 1D Bis","tipo":"residential"},"geometry":{"type":"LineString","coordinates":[[-74.10016,4.59752],[-74.0999,4.59731],[-74.09954,4.59701],[-74.0995,4.59698]]}},{"type":"Feature","properties":{"id":"40872532","nom":"Calle 1H Bis","tipo":"residential"},"geometry":{"type":"LineString","coordinates":[[-74.09831,4.5985],[-74.09827,4.59848],[-74.09821,4.59843],[-74.09766,4.598]]}},{"type":"Feature","properties":{"id":"40873424","nom":"Calle 5B","tipo":"residential"},"geometry":{"type":"LineString","coordinates":[[-74.0892,4.5994],[-74.08878,4.5991],[-74.08846,4.59888],[-74.08838,4.59883],[-74.08834,4.5988]]}},{"type":"Feature","properties":{"id":"40875824","nom":"Calle 16A Sur","tipo":"residential"},"geometry":{"type":"LineString","coordinates":[[-74.09489,4.5813],[-74.0947,4.5808],[-74.09453,4.58036]]}},{"type":"Feature","properties":{"id":"40875918","nom":"Calle 22B Sur","tipo":"residential"},"geometry":{"type":"LineString","coordinates":[[-74.09735,4.57613],[-74.09714,4.57598],[-74.09697,4.57582],[-74.09631,4.57517],[-74.09582,4.57468],[-74.0958,4.57467],[-74.09577,4.57463]]}},{"type":"Feature","properties":{"id":"40875920","nom":"Calle 23 Sur","tipo":"residential"},"geometry":{"type":"LineString","coordinates":[[-74.09763,4.57582],[-74.09728,4.57548],[-74.09695,4.57516],[-74.09662,4.57484]]}},{"type":"Feature","properties":{"id":"40904494","nom":"Carrera 12H","tipo":"residential"},"geometry":{"type":"LineString","coordinates":[[-74.10412,4.57683],[-74.10415,4.57679],[-74.1044,4.57646],[-74.10466,4.57614],[-74.10482,4.57593],[-74.10501,4.57569]]}},{"type":"Feature","properties":{"id":"40904498","nom":"Calle 27A Sur","tipo":"residential"},"geometry":{"type":"LineString","coordinates":[[-74.10523,4.57659],[-74.10487,4.57631],[-74.10466,4.57614]]}},{"type":"Feature","properties":{"id":"40904502","nom":"Carrera 12I","tipo":"residential"},"geometry":{"type":"LineString","coordinates":[[-74.10642,4.57625],[-74.10615,4.57658],[-74.1058,4.57703]]}},{"type":"Feature","properties":{"id":"40904510","nom":"Carrera 12H Bis A","tipo":"residential"},"geometry":{"type":"LineString","coordinates":[[-74.10461,4.57737],[-74.10469,4.57728],[-74.10472,4.57724],[-74.10498,4.57691],[-74.10523,4.57659],[-74.1054,4.57639],[-74.10559,4.57614],[-74.10586,4.57581]]}},{"type":"Feature","properties":{"id":"40904514","nom":"Carrera 12L","tipo":"residential"},"geometry":{"type":"LineString","coordinates":[[-74.10672,4.57773],[-74.10707,4.57731],[-74.10734,4.57697]]}},{"type":"Feature","properties":{"id":"40904518","nom":"Carrera 12L","tipo":"residential"},"geometry":{"type":"LineString","coordinates":[[-74.10804,4.57603],[-74.10759,4.57659]]}},{"type":"Feature","properties":{"id":"40904519","nom":"Carrera 12K","tipo":"residential"},"geometry":{"type":"LineString","coordinates":[[-74.10727,4.57634],[-74.10746,4.57611],[-74.10773,4.57578]]}},{"type":"Feature","properties":{"id":"40904520","nom":"Calle 29 Sur","tipo":"residential"},"geometry":{"type":"LineString","coordinates":[[-74.10746,4.57611],[-74.10698,4.57574],[-74.10664,4.57547]]}},{"type":"Feature","properties":{"id":"40905931","nom":"Carrera 12I","tipo":"residential"},"geometry":{"type":"LineString","coordinates":[[-74.10652,4.57632],[-74.10659,4.57624],[-74.1068,4.57597],[-74.10698,4.57574]]}},{"type":"Feature","properties":{"id":"40905941","nom":"Carrera 12H Bis","tipo":"residential"},"geometry":{"type":"LineString","coordinates":[[-74.10551,4.57552],[-74.10523,4.57586],[-74.10487,4.57631]]}},{"type":"Feature","properties":{"id":"40905947","nom":"Calle 27A Sur","tipo":"residential"},"geometry":{"type":"LineString","coordinates":[[-74.10434,4.57586],[-74.10397,4.57559],[-74.10373,4.57542]]}},{"type":"Feature","properties":{"id":"41121382","nom":"Calle 31C Sur","tipo":"residential"},"geometry":{"type":"LineString","coordinates":[[-74.11228,4.57729],[-74.11226,4.57724],[-74.11213,4.57684]]}},{"type":"Feature","properties":{"id":"41121402","nom":"Carrera 12F","tipo":"residential"},"geometry":{"type":"LineString","coordinates":[[-74.09989,4.58035],[-74.09929,4.58104],[-74.09923,4.58111]]}},{"type":"Feature","properties":{"id":"41250410","nom":"Carrera 26A","tipo":"residential"},"geometry":{"type":"LineString","coordinates":[[-74.11585,4.58469],[-74.11525,4.5851],[-74.11474,4.58544],[-74.11441,4.58566]]}},{"type":"Feature","properties":{"id":"41250779","nom":"Carrera 25","tipo":"residential"},"geometry":{"type":"LineString","coordinates":[[-74.10896,4.58725],[-74.10874,4.58745],[-74.10851,4.58766],[-74.10832,4.58784],[-74.10815,4.588],[-74.10811,4.58803]]}},{"type":"Feature","properties":{"id":"41252655","nom":"Calle 23 Sur","tipo":"residential"},"geometry":{"type":"LineString","coordinates":[[-74.10851,4.58766],[-74.10809,4.58714],[-74.10763,4.58656],[-74.10719,4.58601],[-74.10696,4.58573],[-74.10674,4.58545]]}},{"type":"Feature","properties":{"id":"41252659","nom":"Calle 24A Sur","tipo":"residential"},"geometry":{"type":"LineString","coordinates":[[-74.10885,4.58652],[-74.1084,4.58595],[-74.10797,4.5854]]}},{"type":"Feature","properties":{"id":"41255474","nom":"Calle 8 Sur","tipo":"residential"},"geometry":{"type":"LineString","coordinates":[[-74.09583,4.58957],[-74.09534,4.58917],[-74.09497,4.58887],[-74.0946,4.58856]]}},{"type":"Feature","properties":{"id":"41258307","nom":"Carrera 14B","tipo":"residential"},"geometry":{"type":"LineString","coordinates":[[-74.09244,4.59045],[-74.09305,4.58971],[-74.09369,4.58894]]}},{"type":"Feature","properties":{"id":"41258308","nom":"Carrera 14A","tipo":"residential"},"geometry":{"type":"LineString","coordinates":[[-74.09211,4.59017],[-74.09262,4.58953]]}},{"type":"Feature","properties":{"id":"41258309","nom":"Carrera 14 Bis","tipo":"residential"},"geometry":{"type":"LineString","coordinates":[[-74.09176,4.58988],[-74.09226,4.58925]]}},{"type":"Feature","properties":{"id":"41259323","nom":"Carrera 21C","tipo":"residential"},"geometry":{"type":"LineString","coordinates":[[-74.11461,4.5798],[-74.11434,4.57991],[-74.11429,4.57996],[-74.11414,4.58016]]}},{"type":"Feature","properties":{"id":"41261184","nom":"Calle 28A Bis Sur","tipo":"residential"},"geometry":{"type":"LineString","coordinates":[[-74.1102,4.58164],[-74.11004,4.58134],[-74.10991,4.58111]]}},{"type":"Feature","properties":{"id":"41262196","nom":"Calle 29 Sur","tipo":"residential"},"geometry":{"type":"LineString","coordinates":[[-74.11081,4.58093],[-74.11061,4.58057],[-74.11051,4.58038]]}},{"type":"Feature","properties":{"id":"41262202","nom":"Carrera 23","tipo":"residential"},"geometry":{"type":"LineString","coordinates":[[-74.11188,4.58229],[-74.11248,4.58198]]}},{"type":"Feature","properties":{"id":"49533634","nom":"Calle 9A Sur","tipo":"residential"},"geometry":{"type":"LineString","coordinates":[[-74.11078,4.60051],[-74.10979,4.5996]]}},{"type":"Feature","properties":{"id":"54014751","nom":"Carrera 22A","tipo":"residential"},"geometry":{"type":"LineString","coordinates":[[-74.11011,4.58278],[-74.11015,4.58275],[-74.11054,4.58254],[-74.11066,4.58248]]}},{"type":"Feature","properties":{"id":"58884406","nom":"Calle 16A Sur","tipo":"residential"},"geometry":{"type":"LineString","coordinates":[[-74.09841,4.58372],[-74.09845,4.58376],[-74.09914,4.58451]]}},{"type":"Feature","properties":{"id":"61758772","nom":"Calle 1 Sur","tipo":"residential"},"geometry":{"type":"LineString","coordinates":[[-74.09135,4.59172],[-74.09155,4.59187],[-74.09189,4.59213]]}},{"type":"Feature","properties":{"id":"67407360","nom":"Calle 13 Sur","tipo":"residential"},"geometry":{"type":"LineString","coordinates":[[-74.09387,4.58196],[-74.09439,4.58268],[-74.09457,4.58293],[-74.09486,4.58333]]}},{"type":"Feature","properties":{"id":"67407536","nom":"Transversal 12C Bis","tipo":"residential"},"geometry":{"type":"LineString","coordinates":[[-74.09494,4.58343],[-74.09551,4.58328]]}},{"type":"Feature","properties":{"id":"67407731","nom":"Calle 13A Sur","tipo":"residential"},"geometry":{"type":"LineString","coordinates":[[-74.09552,4.58194],[-74.0955,4.58204],[-74.09548,4.58214],[-74.09546,4.58224],[-74.09544,4.58242],[-74.09543,4.58251],[-74.09543,4.58263],[-74.09542,4.58272],[-74.09543,4.58283],[-74.09543,4.58292],[-74.09545,4.583],[-74.09547,4.5831],[-74.09548,4.58317],[-74.0955,4.58323],[-74.09551,4.58328],[-74.09567,4.58379],[-74.09569,4.58383],[-74.09571,4.58386],[-74.09574,4.58392],[-74.09585,4.58411]]}},{"type":"Feature","properties":{"id":"67407740","nom":"Carrera 12A","tipo":"residential"},"geometry":{"type":"LineString","coordinates":[[-74.09592,4.58121],[-74.09589,4.58125],[-74.09584,4.5813],[-74.09575,4.58143],[-74.09567,4.58156],[-74.09557,4.58178],[-74.09553,4.5819],[-74.09552,4.58194]]}},{"type":"Feature","properties":{"id":"67408541","nom":"Carrera 12A","tipo":"residential"},"geometry":{"type":"LineString","coordinates":[[-74.09493,4.58263],[-74.09457,4.58293]]}},{"type":"Feature","properties":{"id":"67412830","nom":"Calle 19A Sur","tipo":"residential"},"geometry":{"type":"LineString","coordinates":[[-74.10394,4.58534],[-74.10391,4.58531],[-74.10369,4.58511],[-74.10344,4.58486]]}},{"type":"Feature","properties":{"id":"67412845","nom":"Carrera 23","tipo":"residential"},"geometry":{"type":"LineString","coordinates":[[-74.10328,4.58549],[-74.10369,4.58511]]}},{"type":"Feature","properties":{"id":"67413896","nom":"Transversal 26A","tipo":"residential"},"geometry":{"type":"LineString","coordinates":[[-74.10768,4.59001],[-74.10769,4.58949]]}},{"type":"Feature","properties":{"id":"67417710","nom":"Carrera 23B","tipo":"residential"},"geometry":{"type":"LineString","coordinates":[[-74.11173,4.58309],[-74.11218,4.58285]]}},{"type":"Feature","properties":{"id":"67519337","nom":"Calle 29 Bis Sur","tipo":"residential"},"geometry":{"type":"LineString","coordinates":[[-74.11381,4.58972],[-74.11404,4.59047]]}},{"type":"Feature","properties":{"id":"67520479","nom":"Calle 18 Sur","tipo":"residential"},"geometry":{"type":"LineString","coordinates":[[-74.10973,4.59381],[-74.11012,4.59434],[-74.1102,4.59445],[-74.11026,4.59453],[-74.11066,4.59508],[-74.11069,4.59511],[-74.11096,4.59548],[-74.11099,4.59551]]}},{"type":"Feature","properties":{"id":"67521332","nom":"Carrera 29","tipo":"residential"},"geometry":{"type":"LineString","coordinates":[[-74.10526,4.59573],[-74.10466,4.59648]]}},{"type":"Feature","properties":{"id":"67521406","nom":"Carrera 29B","tipo":"residential"},"geometry":{"type":"LineString","coordinates":[[-74.10592,4.59605],[-74.10557,4.59648],[-74.10523,4.59692]]}},{"type":"Feature","properties":{"id":"67522062","nom":"Calle 2A","tipo":"residential"},"geometry":{"type":"LineString","coordinates":[[-74.09677,4.59867],[-74.09699,4.59885],[-74.09759,4.59933],[-74.09763,4.59936],[-74.09766,4.59938],[-74.09829,4.59987]]}},{"type":"Feature","properties":{"id":"67522249","nom":"Carrera 24B","tipo":"residential"},"geometry":{"type":"LineString","coordinates":[[-74.09636,4.59774],[-74.09638,4.59768],[-74.0966,4.59693],[-74.09681,4.59619],[-74.09682,4.59615]]}},{"type":"Feature","properties":{"id":"67522352","nom":"Carrera 24C","tipo":"residential"},"geometry":{"type":"LineString","coordinates":[[-74.09729,4.5963],[-74.09728,4.59634],[-74.09705,4.59705]]}},{"type":"Feature","properties":{"id":"67522360","nom":"Carrera 24C Bis","tipo":"residential"},"geometry":{"type":"LineString","coordinates":[[-74.09751,4.59637],[-74.09753,4.59632],[-74.09776,4.59551]]}},{"type":"Feature","properties":{"id":"67522376","nom":"Calle 1D","tipo":"residential"},"geometry":{"type":"LineString","coordinates":[[-74.09519,4.59472],[-74.09514,4.5947],[-74.09492,4.59462]]}},{"type":"Feature","properties":{"id":"67522494","nom":"Carrera 19D Bis","tipo":"residential"},"geometry":{"type":"LineString","coordinates":[[-74.09423,4.59531],[-74.09455,4.59428]]}},{"type":"Feature","properties":{"id":"67522941","nom":"Carrera 19A Bis","tipo":"residential"},"geometry":{"type":"LineString","coordinates":[[-74.09214,4.59709],[-74.09237,4.59641],[-74.09238,4.59638]]}},{"type":"Feature","properties":{"id":"67522977","nom":"Carrera 19A","tipo":"residential"},"geometry":{"type":"LineString","coordinates":[[-74.0928,4.59321],[-74.09279,4.59324],[-74.09265,4.59369],[-74.09245,4.59432],[-74.09243,4.59435],[-74.09242,4.59436]]}},{"type":"Feature","properties":{"id":"67522984","nom":"Carrera 19A","tipo":"residential"},"geometry":{"type":"LineString","coordinates":[[-74.09226,4.59431],[-74.09242,4.59436]]}},{"type":"Feature","properties":{"id":"67523838","nom":"Calle 3B","tipo":"residential"},"geometry":{"type":"LineString","coordinates":[[-74.08961,4.59689],[-74.08972,4.59693],[-74.08991,4.597],[-74.09007,4.59706]]}},{"type":"Feature","properties":{"id":"67523911","nom":"Carrera 17A","tipo":"residential"},"geometry":{"type":"LineString","coordinates":[[-74.0892,4.59531],[-74.089,4.59588],[-74.08899,4.5959]]}},{"type":"Feature","properties":{"id":"67523919","nom":"Diagonal 1G","tipo":"residential"},"geometry":{"type":"LineString","coordinates":[[-74.08986,4.59471],[-74.08953,4.59443],[-74.08947,4.5944],[-74.08943,4.59438],[-74.08938,4.59438],[-74.08935,4.59439],[-74.08931,4.5944]]}},{"type":"Feature","properties":{"id":"67523920","nom":"Carrera 17","tipo":"residential"},"geometry":{"type":"LineString","coordinates":[[-74.08931,4.5944],[-74.08902,4.59477]]}},{"type":"Feature","properties":{"id":"67523970","nom":"Calle 12 Sur","tipo":"residential"},"geometry":{"type":"LineString","coordinates":[[-74.09458,4.58477],[-74.09483,4.58512],[-74.09485,4.58514],[-74.09486,4.58514]]}},{"type":"Feature","properties":{"id":"67524901","nom":"Carrera 9A","tipo":"residential"},"geometry":{"type":"LineString","coordinates":[[-74.08711,4.58483],[-74.08763,4.58406]]}},{"type":"Feature","properties":{"id":"67524904","nom":"Carrera 8B","tipo":"residential"},"geometry":{"type":"LineString","coordinates":[[-74.08534,4.58659],[-74.0854,4.58643],[-74.08553,4.58609],[-74.08579,4.58552],[-74.08593,4.58524],[-74.08597,4.58517],[-74.08603,4.58509],[-74.08609,4.58502],[-74.08614,4.58497],[-74.08631,4.58481],[-74.08649,4.58467],[-74.08668,4.58452],[-74.08721,4.58376],[-74.08763,4.58316]]}},{"type":"Feature","properties":{"id":"67524906","nom":"Carrera 9","tipo":"residential"},"geometry":{"type":"LineString","coordinates":[[-74.08869,4.5824],[-74.08903,4.58206],[-74.08922,4.58187],[-74.08924,4.58185]]}},{"type":"Feature","properties":{"id":"67527719","nom":"Diagonal 9A Sur","tipo":"residential"},"geometry":{"type":"LineString","coordinates":[[-74.08578,4.58032],[-74.08576,4.58027],[-74.08565,4.57995],[-74.08558,4.57969],[-74.08549,4.57941]]}},{"type":"Feature","properties":{"id":"67550087","nom":"Calle 2A Sur","tipo":"residential"},"geometry":{"type":"LineString","coordinates":[[-74.08492,4.58494],[-74.08497,4.58497],[-74.08579,4.58552],[-74.086,4.58568],[-74.08612,4.58578],[-74.0862,4.58587]]}},{"type":"Feature","properties":{"id":"67550091","nom":"Calle 3A Sur","tipo":"residential"},"geometry":{"type":"LineString","coordinates":[[-74.08649,4.58467],[-74.08686,4.58525]]}},{"type":"Feature","properties":{"id":"67550107","nom":"Carrera 9A","tipo":"residential"},"geometry":{"type":"LineString","coordinates":[[-74.08649,4.5855],[-74.08686,4.58525],[-74.08709,4.58509],[-74.08729,4.58496]]}},{"type":"Feature","properties":{"id":"74533471","nom":"","tipo":"trunk_link"},"geometry":{"type":"LineString","coordinates":[[-74.10843,4.59814],[-74.10834,4.59809],[-74.10828,4.59801],[-74.10823,4.59792],[-74.10822,4.59782],[-74.10823,4.59772],[-74.10826,4.59763]]}},{"type":"Feature","properties":{"id":"74533477","nom":"Calle 1","tipo":"residential"},"geometry":{"type":"LineString","coordinates":[[-74.10713,4.59922],[-74.10715,4.59924],[-74.10747,4.59951],[-74.10748,4.59953],[-74.1078,4.5998],[-74.10781,4.59982]]}},{"type":"Feature","properties":{"id":"77326611","nom":"Carrera 19","tipo":"tertiary"},"geometry":{"type":"LineString","coordinates":[[-74.10409,4.58325],[-74.10421,4.58314]]}},{"type":"Feature","properties":{"id":"86980194","nom":"Carrera 28A","tipo":"residential"},"geometry":{"type":"LineString","coordinates":[[-74.10173,4.59942],[-74.10176,4.59937],[-74.10237,4.5986],[-74.10295,4.59785],[-74.103,4.59779]]}},{"type":"Feature","properties":{"id":"87092708","nom":"Carrera 14 Bis","tipo":"residential"},"geometry":{"type":"LineString","coordinates":[[-74.09245,4.58902],[-74.09298,4.58835]]}},{"type":"Feature","properties":{"id":"87092713","nom":"Carrera 14A","tipo":"residential"},"geometry":{"type":"LineString","coordinates":[[-74.09279,4.58932],[-74.09334,4.58865]]}},{"type":"Feature","properties":{"id":"87092716","nom":"Calle 4 Sur","tipo":"residential"},"geometry":{"type":"LineString","coordinates":[[-74.09279,4.58932],[-74.09245,4.58902]]}},{"type":"Feature","properties":{"id":"87092943","nom":"Carrera 14B","tipo":"residential"},"geometry":{"type":"LineString","coordinates":[[-74.0907,4.59256],[-74.09074,4.59251],[-74.09077,4.59247]]}},{"type":"Feature","properties":{"id":"88750814","nom":"Calle 5 Sur","tipo":"residential"},"geometry":{"type":"LineString","coordinates":[[-74.08809,4.58474],[-74.08814,4.58478],[-74.08858,4.58513],[-74.08896,4.58544],[-74.0893,4.58572],[-74.08968,4.58603],[-74.08974,4.58608],[-74.09,4.58629],[-74.0905,4.58669]]}},{"type":"Feature","properties":{"id":"89078808","nom":"Calle 4","tipo":"tertiary"},"geometry":{"type":"LineString","coordinates":[[-74.08596,4.59557],[-74.08602,4.5956],[-74.08609,4.59564],[-74.0864,4.59582],[-74.08679,4.59605],[-74.08715,4.59627],[-74.08742,4.59643],[-74.08745,4.59645],[-74.08753,4.5965],[-74.0876,4.59652],[-74.08821,4.59676]]}},{"type":"Feature","properties":{"id":"89078825","nom":"Calle 3","tipo":"residential"},"geometry":{"type":"LineString","coordinates":[[-74.08536,4.59382],[-74.08498,4.5936],[-74.08451,4.59333],[-74.08411,4.5931]]}},{"type":"Feature","properties":{"id":"89078892","nom":"Calle 1B","tipo":"residential"},"geometry":{"type":"LineString","coordinates":[[-74.08504,4.5908],[-74.08466,4.59056],[-74.08442,4.59041],[-74.08439,4.59039],[-74.08434,4.59035]]}},{"type":"Feature","properties":{"id":"89078915","nom":"Calle 4","tipo":"tertiary"},"geometry":{"type":"LineString","coordinates":[[-74.08577,4.59546],[-74.08581,4.59549],[-74.0859,4.59554],[-74.08596,4.59557]]}},{"type":"Feature","properties":{"id":"89078939","nom":"Carrera 11","tipo":"residential"},"geometry":{"type":"LineString","coordinates":[[-74.08373,4.59288],[-74.08441,4.5918],[-74.08504,4.5908],[-74.08562,4.58988],[-74.08565,4.58983]]}},{"type":"Feature","properties":{"id":"89078950","nom":"Calle 5","tipo":"residential"},"geometry":{"type":"LineString","coordinates":[[-74.08208,4.59445],[-74.08255,4.59475],[-74.08328,4.59521],[-74.08347,4.59534],[-74.08353,4.59537],[-74.08379,4.59553],[-74.08419,4.59578],[-74.08501,4.5963]]}},{"type":"Feature","properties":{"id":"89083086","nom":"Carrera 12A","tipo":"residential"},"geometry":{"type":"LineString","coordinates":[[-74.08506,4.59426],[-74.08532,4.59388],[-74.08536,4.59382],[-74.08598,4.59293]]}},{"type":"Feature","properties":{"id":"89083095","nom":"Carrera 13","tipo":"residential"},"geometry":{"type":"LineString","coordinates":[[-74.08638,4.59322],[-74.08684,4.59252],[-74.08731,4.59184],[-74.0877,4.59126],[-74.08774,4.5912],[-74.08777,4.59116]]}},{"type":"Feature","properties":{"id":"89083096","nom":"Carrera 11B","tipo":"residential"},"geometry":{"type":"LineString","coordinates":[[-74.08451,4.59333],[-74.08514,4.59232]]}},{"type":"Feature","properties":{"id":"89083104","nom":"Carrera 12A","tipo":"residential"},"geometry":{"type":"LineString","coordinates":[[-74.08598,4.59293],[-74.08646,4.59225],[-74.08693,4.59157],[-74.08715,4.59125],[-74.08735,4.59095],[-74.08737,4.59092]]}},{"type":"Feature","properties":{"id":"89083106","nom":"Avenida Calle 3","tipo":"residential"},"geometry":{"type":"LineString","coordinates":[[-74.0865,4.59445],[-74.08579,4.59405],[-74.08536,4.59382]]}},{"type":"Feature","properties":{"id":"89083110","nom":"Carrera 12","tipo":"residential"},"geometry":{"type":"LineString","coordinates":[[-74.08434,4.59462],[-74.08498,4.5936],[-74.08558,4.59264]]}},{"type":"Feature","properties":{"id":"89083129","nom":"Carrera 11A","tipo":"residential"},"geometry":{"type":"LineString","coordinates":[[-74.08484,4.59211],[-74.08579,4.59077],[-74.08617,4.59022],[-74.0862,4.59018]]}},{"type":"Feature","properties":{"id":"89083144","nom":"Carrera 13","tipo":"residential"},"geometry":{"type":"LineString","coordinates":[[-74.08508,4.59506],[-74.08545,4.59453],[-74.08574,4.59412],[-74.08579,4.59405],[-74.08638,4.59322]]}},{"type":"Feature","properties":{"id":"89084368","nom":"Calle 2","tipo":"tertiary"},"geometry":{"type":"LineString","coordinates":[[-74.08638,4.59322],[-74.08623,4.59311],[-74.08598,4.59293],[-74.08558,4.59264],[-74.08547,4.59256],[-74.08526,4.59241],[-74.08514,4.59232],[-74.08484,4.59211],[-74.08477,4.59206],[-74.08441,4.5918],[-74.08382,4.59137],[-74.08379,4.59135],[-74.08374,4.59131]]}},{"type":"Feature","properties":{"id":"89121634","nom":"Calle 1C","tipo":"residential"},"geometry":{"type":"LineString","coordinates":[[-74.08631,4.59214],[-74.08646,4.59225],[-74.08684,4.59252],[-74.08734,4.59287],[-74.08763,4.59307]]}},{"type":"Feature","properties":{"id":"89123067","nom":"Carrera 8A","tipo":"residential"},"geometry":{"type":"LineString","coordinates":[[-74.08506,4.58629],[-74.08453,4.58675],[-74.08428,4.58696]]}},{"type":"Feature","properties":{"id":"89129164","nom":"Avenida Calle 1","tipo":"secondary"},"geometry":{"type":"LineString","coordinates":[[-74.08501,4.58934],[-74.08496,4.58931],[-74.08488,4.58926],[-74.08483,4.58923]]}},{"type":"Feature","properties":{"id":"89129498","nom":"Carrera 12A","tipo":"residential"},"geometry":{"type":"LineString","coordinates":[[-74.09098,4.58709],[-74.09045,4.58775],[-74.08991,4.58842],[-74.08925,4.58924]]}},{"type":"Feature","properties":{"id":"89129502","nom":"Calle 2 Sur","tipo":"residential"},"geometry":{"type":"LineString","coordinates":[[-74.08835,4.58839],[-74.08801,4.58809],[-74.08767,4.58779],[-74.08753,4.58767],[-74.08735,4.58752],[-74.08698,4.58722]]}},{"type":"Feature","properties":{"id":"89129510","nom":"Carrera 10 Bis","tipo":"residential"},"geometry":{"type":"LineString","coordinates":[[-74.08675,4.58754],[-74.08698,4.58722]]}},{"type":"Feature","properties":{"id":"89129524","nom":"Carrera 12B","tipo":"residential"},"geometry":{"type":"LineString","coordinates":[[-74.09128,4.58733],[-74.09089,4.5878],[-74.09074,4.58799],[-74.09021,4.58866],[-74.08952,4.58949]]}},{"type":"Feature","properties":{"id":"89129530","nom":"Carrera 11A","tipo":"residential"},"geometry":{"type":"LineString","coordinates":[[-74.08968,4.58603],[-74.08915,4.58669],[-74.08862,4.58734],[-74.08801,4.58809],[-74.08788,4.58826]]}},{"type":"Feature","properties":{"id":"89129531","nom":"Carrera 12","tipo":"residential"},"geometry":{"type":"LineString","coordinates":[[-74.0905,4.58705],[-74.09013,4.5875],[-74.0896,4.58816],[-74.08914,4.58873]]}},{"type":"Feature","properties":{"id":"89129538","nom":"Carrera 11B","tipo":"residential"},"geometry":{"type":"LineString","coordinates":[[-74.08826,4.5885],[-74.08835,4.58839]]}},{"type":"Feature","properties":{"id":"89131747","nom":"Calle 9 Sur","tipo":"residential"},"geometry":{"type":"LineString","coordinates":[[-74.09277,4.58656],[-74.09234,4.58622],[-74.09191,4.58589]]}},{"type":"Feature","properties":{"id":"89131749","nom":"Calle 4 Sur","tipo":"residential"},"geometry":{"type":"LineString","coordinates":[[-74.08878,4.5864],[-74.08915,4.58669],[-74.08947,4.58696],[-74.08981,4.58723],[-74.09013,4.5875],[-74.09045,4.58775],[-74.09074,4.58799],[-74.09106,4.58825],[-74.0914,4.58852],[-74.0916,4.58869],[-74.0917,4.58877],[-74.09174,4.5888]]}},{"type":"Feature","properties":{"id":"89131765","nom":"Calle 6 Sur","tipo":"residential"},"geometry":{"type":"LineString","coordinates":[[-74.08537,4.58324],[-74.08502,4.58299],[-74.08467,4.58273],[-74.08435,4.5825],[-74.08434,4.58249],[-74.0843,4.58247]]}},{"type":"Feature","properties":{"id":"89131880","nom":"Avenida Calle 11 Sur","tipo":"secondary"},"geometry":{"type":"LineString","coordinates":[[-74.09441,4.58566],[-74.09445,4.58571],[-74.09451,4.58579],[-74.09455,4.58584]]}},{"type":"Feature","properties":{"id":"89131885","nom":"Calle 10 Sur","tipo":"residential"},"geometry":{"type":"LineString","coordinates":[[-74.09357,4.58652],[-74.09353,4.58649],[-74.09311,4.58615],[-74.09267,4.5858],[-74.09224,4.58544],[-74.0918,4.58509],[-74.09142,4.58477],[-74.09104,4.58447],[-74.09061,4.58412],[-74.09024,4.58382],[-74.08984,4.5835]]}},{"type":"Feature","properties":{"id":"89131894","nom":"Calle 10A Sur","tipo":"residential"},"geometry":{"type":"LineString","coordinates":[[-74.09231,4.58445],[-74.09193,4.58411],[-74.09157,4.5838],[-74.09135,4.58362],[-74.09115,4.58345],[-74.09095,4.5833],[-74.09075,4.58318],[-74.09052,4.58305],[-74.09031,4.58295],[-74.0902,4.5829]]}},{"type":"Feature","properties":{"id":"89131909","nom":"Carrera 12C","tipo":"residential"},"geometry":{"type":"LineString","coordinates":[[-74.09138,4.58741],[-74.09174,4.58695],[-74.09202,4.58661],[-74.09234,4.58622],[-74.09267,4.5858],[-74.09316,4.58519],[-74.09348,4.58479],[-74.09351,4.58476]]}},{"type":"Feature","properties":{"id":"89131922","nom":"Avenida Carrera 7","tipo":"secondary"},"geometry":{"type":"LineString","coordinates":[[-74.08721,4.57817],[-74.08691,4.57861],[-74.08678,4.5788],[-74.08675,4.57885],[-74.08673,4.57887]]}},{"type":"Feature","properties":{"id":"89131938","nom":"Calle 8 Sur","tipo":"residential"},"geometry":{"type":"LineString","coordinates":[[-74.09245,4.58696],[-74.09289,4.58731],[-74.09292,4.58734]]}},{"type":"Feature","properties":{"id":"89131939","nom":"Carrera 11A","tipo":"residential"},"geometry":{"type":"LineString","coordinates":[[-74.09157,4.5838],[-74.09122,4.58423],[-74.09104,4.58447],[-74.09051,4.58511],[-74.09038,4.58528],[-74.09016,4.58555],[-74.08974,4.58608]]}},{"type":"Feature","properties":{"id":"89131962","nom":"Carrera 13","tipo":"residential"},"geometry":{"type":"LineString","coordinates":[[-74.0916,4.58759],[-74.09106,4.58825],[-74.09053,4.58892],[-74.08983,4.58978]]}},{"type":"Feature","properties":{"id":"89132015","nom":"Carrera 10A","tipo":"residential"},"geometry":{"type":"LineString","coordinates":[[-74.08852,4.58599],[-74.08896,4.58544],[-74.08932,4.58499],[-74.08959,4.58465],[-74.09024,4.58382],[-74.09046,4.58356],[-74.09075,4.58318],[-74.09104,4.58283],[-74.09107,4.58278]]}},{"type":"Feature","properties":{"id":"89132029","nom":"Carrera 7C","tipo":"residential"},"geometry":{"type":"LineString","coordinates":[[-74.08307,4.58643],[-74.0831,4.58642],[-74.08371,4.58554],[-74.08397,4.58516],[-74.08423,4.58481],[-74.08481,4.58401],[-74.08537,4.58324]]}},{"type":"Feature","properties":{"id":"89132032","nom":"Carrera 13","tipo":"residential"},"geometry":{"type":"LineString","coordinates":[[-74.09204,4.58747],[-74.09218,4.5873],[-74.09245,4.58696],[-74.09277,4.58656],[-74.09287,4.58643]]}},{"type":"Feature","properties":{"id":"89135874","nom":"Carrera 8A","tipo":"residential"},"geometry":{"type":"LineString","coordinates":[[-74.08871,4.58144],[-74.08869,4.58147],[-74.08833,4.58182],[-74.08823,4.58191],[-74.08766,4.58245],[-74.08731,4.58278],[-74.08721,4.58288],[-74.08713,4.58296],[-74.08699,4.58314],[-74.08677,4.58344],[-74.08622,4.58419],[-74.08584,4.58471]]}},{"type":"Feature","properties":{"id":"89135894","nom":"Carrera 5A","tipo":"residential"},"geometry":{"type":"LineString","coordinates":[[-74.08394,4.58049],[-74.08417,4.5802],[-74.08448,4.57984],[-74.08477,4.57948],[-74.08508,4.57911],[-74.08535,4.57879],[-74.08584,4.57819],[-74.08585,4.57818],[-74.08586,4.57817],[-74.0859,4.57812],[-74.08592,4.57809],[-74.08643,4.57749]]}},{"type":"Feature","properties":{"id":"89135908","nom":"Carrera 6","tipo":"residential"},"geometry":{"type":"LineString","coordinates":[[-74.0843,4.58138],[-74.08435,4.58135],[-74.08451,4.58121],[-74.08463,4.5811],[-74.08474,4.58098],[-74.08479,4.5809],[-74.08485,4.58081],[-74.08489,4.58071],[-74.08493,4.5806],[-74.08504,4.5803],[-74.0852,4.57985],[-74.08526,4.57972],[-74.08533,4.57961],[-74.0854,4.57951],[-74.08549,4.57941],[-74.08563,4.57929],[-74.0858,4.57915],[-74.08641,4.57868],[-74.08643,4.57867],[-74.08645,4.57866]]}},{"type":"Feature","properties":{"id":"89135913","nom":"Carrera 5","tipo":"residential"},"geometry":{"type":"LineString","coordinates":[[-74.08579,4.57696],[-74.08529,4.57756],[-74.08526,4.57759],[-74.08522,4.57764],[-74.08521,4.57765],[-74.0852,4.57766],[-74.08498,4.57793],[-74.08471,4.57826],[-74.08444,4.57859],[-74.08414,4.57895],[-74.08384,4.57931],[-74.08355,4.57967],[-74.08292,4.58043]]}},{"type":"Feature","properties":{"id":"89135914","nom":"Calle 4 Sur","tipo":"residential"},"geometry":{"type":"LineString","coordinates":[[-74.0857,4.58381],[-74.08576,4.58385],[-74.08622,4.58419],[-74.08668,4.58452],[-74.08711,4.58483],[-74.08729,4.58496],[-74.08747,4.58509],[-74.0875,4.58511],[-74.08755,4.58515]]}},{"type":"Feature","properties":{"id":"89135927","nom":"Carrera 7B","tipo":"residential"},"geometry":{"type":"LineString","coordinates":[[-74.08663,4.58156],[-74.08701,4.58102],[-74.08726,4.58067],[-74.08733,4.58057],[-74.08761,4.58017],[-74.08763,4.58015]]}},{"type":"Feature","properties":{"id":"89135947","nom":"Calle 9A Sur","tipo":"residential"},"geometry":{"type":"LineString","coordinates":[[-74.08316,4.57752],[-74.0835,4.57778],[-74.0838,4.57805],[-74.08444,4.57859],[-74.08508,4.57911]]}},{"type":"Feature","properties":{"id":"89135974","nom":"Calle 9 Sur","tipo":"residential"},"geometry":{"type":"LineString","coordinates":[[-74.08744,4.58148],[-74.08743,4.58147],[-74.08742,4.58147],[-74.08701,4.58102]]}},{"type":"Feature","properties":{"id":"89136047","nom":"Avenida Carrera 10","tipo":"primary"},"geometry":{"type":"LineString","coordinates":[[-74.08809,4.58474],[-74.08829,4.58447],[-74.08868,4.58392],[-74.08884,4.5837],[-74.08903,4.58345],[-74.08921,4.58324],[-74.08933,4.58308]]}},{"type":"Feature","properties":{"id":"89136053","nom":"Carrera 6","tipo":"residential"},"geometry":{"type":"LineString","coordinates":[[-74.0875,4.5778],[-74.08714,4.5781],[-74.08652,4.5786],[-74.0865,4.57862]]}},{"type":"Feature","properties":{"id":"89136055","nom":"Calle 9 Sur","tipo":"residential"},"geometry":{"type":"LineString","coordinates":[[-74.0852,4.57985],[-74.08477,4.57948],[-74.08414,4.57895],[-74.0835,4.57841],[-74.08289,4.57789],[-74.08252,4.5776],[-74.08217,4.57728],[-74.08207,4.57717],[-74.08197,4.57701],[-74.08183,4.57668],[-74.08181,4.57663],[-74.0818,4.57659]]}},{"type":"Feature","properties":{"id":"89136082","nom":"Calle 8 Sur","tipo":"residential"},"geometry":{"type":"LineString","coordinates":[[-74.08584,4.58151],[-74.08681,4.58221],[-74.08681,4.58221],[-74.08683,4.58222],[-74.08686,4.58225],[-74.08687,4.58226],[-74.08689,4.58228],[-74.08731,4.58278],[-74.08745,4.58295],[-74.08763,4.58316],[-74.0882,4.58384],[-74.08826,4.58389],[-74.08831,4.58393]]}},{"type":"Feature","properties":{"id":"89136085","nom":"Calle 8A Sur","tipo":"residential"},"geometry":{"type":"LineString","coordinates":[[-74.08261,4.57829],[-74.08319,4.57877],[-74.08384,4.57931],[-74.08448,4.57984],[-74.08504,4.5803]]}},{"type":"Feature","properties":{"id":"89480482","nom":"Avenida Carrera 14","tipo":"primary"},"geometry":{"type":"LineString","coordinates":[[-74.10248,4.58139],[-74.10263,4.58131]]}},{"type":"Feature","properties":{"id":"89480546","nom":"Carrera 10 Bis","tipo":"residential"},"geometry":{"type":"LineString","coordinates":[[-74.09325,4.57874],[-74.09329,4.5787],[-74.09332,4.57866],[-74.094,4.5779]]}},{"type":"Feature","properties":{"id":"89480548","nom":"Calle 20 Sur","tipo":"residential"},"geometry":{"type":"LineString","coordinates":[[-74.10135,4.58176],[-74.10132,4.58171],[-74.10127,4.58162],[-74.10116,4.58143],[-74.10107,4.5813],[-74.10097,4.58117],[-74.10086,4.58105],[-74.10074,4.58094],[-74.10061,4.58085],[-74.10036,4.58067],[-74.10012,4.5805],[-74.09989,4.58035],[-74.09951,4.58008],[-74.09945,4.58005]]}},{"type":"Feature","properties":{"id":"89480582","nom":"Avenida Carrera 14","tipo":"primary"},"geometry":{"type":"LineString","coordinates":[[-74.10676,4.57906],[-74.10666,4.57911],[-74.10661,4.57914],[-74.10631,4.57928],[-74.10589,4.57949],[-74.10546,4.57971],[-74.10515,4.57986],[-74.10493,4.57997],[-74.10438,4.58023],[-74.10404,4.5804],[-74.104,4.58042],[-74.10372,4.58055],[-74.10328,4.58074],[-74.10301,4.58088],[-74.10283,4.58096],[-74.10264,4.58107],[-74.10254,4.58112],[-74.10245,4.58117]]}},{"type":"Feature","properties":{"id":"89480607","nom":"Calle 13A Sur","tipo":"residential"},"geometry":{"type":"LineString","coordinates":[[-74.0884,4.57783],[-74.08851,4.57794],[-74.08864,4.57809],[-74.08878,4.57828],[-74.08888,4.57843],[-74.08896,4.57857],[-74.08902,4.57873],[-74.08905,4.57889],[-74.08906,4.57894]]}},{"type":"Feature","properties":{"id":"89480613","nom":"Calle 26A Sur","tipo":"residential"},"geometry":{"type":"LineString","coordinates":[[-74.09952,4.57449],[-74.10044,4.57521],[-74.10075,4.57546],[-74.10166,4.57613],[-74.10204,4.57645],[-74.10208,4.57648],[-74.10229,4.57664],[-74.10232,4.57667],[-74.1027,4.57695]]}},{"type":"Feature","properties":{"id":"89480618","nom":"Calle 25 Sur","tipo":"residential"},"geometry":{"type":"LineString","coordinates":[[-74.09763,4.57373],[-74.09797,4.57405],[-74.09831,4.57437],[-74.09865,4.57469],[-74.09905,4.57508]]}},{"type":"Feature","properties":{"id":"89480662","nom":"Calle 26B Sur","tipo":"residential"},"geometry":{"type":"LineString","coordinates":[[-74.10296,4.57663],[-74.10357,4.57712],[-74.10393,4.57739],[-74.10491,4.57816],[-74.10589,4.57894],[-74.10627,4.57925],[-74.10631,4.57928]]}},{"type":"Feature","properties":{"id":"89480683","nom":"Carrera 11","tipo":"residential"},"geometry":{"type":"LineString","coordinates":[[-74.09579,4.57795],[-74.09577,4.57797],[-74.09539,4.57842],[-74.09503,4.57883],[-74.09467,4.57924],[-74.09433,4.57964],[-74.0943,4.57968]]}},{"type":"Feature","properties":{"id":"89480698","nom":"Calle 31 Sur","tipo":"tertiary"},"geometry":{"type":"LineString","coordinates":[[-74.11001,4.57626],[-74.11004,4.57629],[-74.11006,4.57632],[-74.11008,4.57636],[-74.11047,4.57722],[-74.11053,4.57735],[-74.11068,4.57767],[-74.11069,4.57771],[-74.11072,4.57776]]}},{"type":"Feature","properties":{"id":"89480704","nom":"Calle 12 Sur","tipo":"residential"},"geometry":{"type":"LineString","coordinates":[[-74.08468,4.57603],[-74.08515,4.57643],[-74.08535,4.57659],[-74.08574,4.57692],[-74.08579,4.57696],[-74.08612,4.57724],[-74.08643,4.57749],[-74.0865,4.57755],[-74.08709,4.57805],[-74.08712,4.57808],[-74.08714,4.5781],[-74.08721,4.57817]]}},{"type":"Feature","properties":{"id":"89480717","nom":"Calle 17 Sur","tipo":"tertiary"},"geometry":{"type":"LineString","coordinates":[[-74.09818,4.58315],[-74.09831,4.58327],[-74.09837,4.58332],[-74.0984,4.58336],[-74.0985,4.5834]]}},{"type":"Feature","properties":{"id":"89480719","nom":"Carrera 12A","tipo":"residential"},"geometry":{"type":"LineString","coordinates":[[-74.09744,4.5795],[-74.09671,4.58033],[-74.09599,4.58113],[-74.09597,4.58116]]}},{"type":"Feature","properties":{"id":"89480742","nom":"Carrera 12B","tipo":"residential"},"geometry":{"type":"LineString","coordinates":[[-74.09634,4.58158],[-74.0963,4.58162],[-74.09624,4.58171],[-74.0962,4.58177],[-74.09615,4.58185],[-74.09611,4.58194],[-74.09607,4.58205]]}},{"type":"Feature","properties":{"id":"89480801","nom":"Carrera 12L","tipo":"residential"},"geometry":{"type":"LineString","coordinates":[[-74.10515,4.57986],[-74.10527,4.57971],[-74.10534,4.57962],[-74.10561,4.57927],[-74.10589,4.57894],[-74.10615,4.57861],[-74.10617,4.57859]]}},{"type":"Feature","properties":{"id":"89480827","nom":"Calle 22A Sur","tipo":"residential"},"geometry":{"type":"LineString","coordinates":[[-74.09633,4.57576],[-74.09621,4.57567],[-74.09584,4.57538],[-74.09574,4.5753]]}},{"type":"Feature","properties":{"id":"89480836","nom":"Carrera 12D","tipo":"tertiary"},"geometry":{"type":"LineString","coordinates":[[-74.09967,4.57947],[-74.09963,4.57952],[-74.09959,4.57958],[-74.09951,4.57967],[-74.09928,4.57993]]}},{"type":"Feature","properties":{"id":"89480853","nom":"Calle 16 Sur","tipo":"residential"},"geometry":{"type":"LineString","coordinates":[[-74.09794,4.58378],[-74.09789,4.58374],[-74.09731,4.58321],[-74.09698,4.58291],[-74.09694,4.58288]]}},{"type":"Feature","properties":{"id":"89480887","nom":"Avenida Calle 22 Sur","tipo":"primary"},"geometry":{"type":"LineString","coordinates":[[-74.10263,4.58131],[-74.10258,4.58128],[-74.1025,4.58121],[-74.10245,4.58117]]}},{"type":"Feature","properties":{"id":"89480896","nom":"Avenida Carrera 14","tipo":"primary"},"geometry":{"type":"LineString","coordinates":[[-74.096,4.58477],[-74.09592,4.5848],[-74.09587,4.58482],[-74.0958,4.58485],[-74.09574,4.58488]]}},{"type":"Feature","properties":{"id":"89480916","nom":"Carrera 10D","tipo":"residential"},"geometry":{"type":"LineString","coordinates":[[-74.09735,4.57613],[-74.09763,4.57582],[-74.098,4.57541],[-74.09865,4.57469],[-74.09909,4.5742],[-74.09934,4.57393],[-74.0997,4.57353],[-74.09972,4.57351]]}},{"type":"Feature","properties":{"id":"89480923","nom":"Calle 13 Sur","tipo":"residential"},"geometry":{"type":"LineString","coordinates":[[-74.09235,4.58155],[-74.0923,4.58155],[-74.09178,4.58148],[-74.09126,4.58141],[-74.0911,4.58139],[-74.09101,4.58136],[-74.09092,4.5813],[-74.09079,4.58121],[-74.09076,4.58118]]}},{"type":"Feature","properties":{"id":"89480931","nom":"Calle 31A Sur","tipo":"tertiary"},"geometry":{"type":"LineString","coordinates":[[-74.10904,4.57549],[-74.10945,4.57581],[-74.10993,4.57619],[-74.11001,4.57626]]}},{"type":"Feature","properties":{"id":"89480944","nom":"Carrera 5A","tipo":"residential"},"geometry":{"type":"LineString","coordinates":[[-74.0865,4.57755],[-74.08701,4.57692],[-74.0871,4.57682]]}},{"type":"Feature","properties":{"id":"89480946","nom":"Avenida Calle 22 Sur","tipo":"primary"},"geometry":{"type":"LineString","coordinates":[[-74.09472,4.5758],[-74.09467,4.57576],[-74.0946,4.57568],[-74.09456,4.57564]]}},{"type":"Feature","properties":{"id":"89480961","nom":"Avenida Calle 22 Sur","tipo":"primary"},"geometry":{"type":"LineString","coordinates":[[-74.09444,4.57576],[-74.09449,4.57581],[-74.09457,4.57588],[-74.09461,4.57592]]}},{"type":"Feature","properties":{"id":"89480981","nom":"Carrera 10 Bis","tipo":"residential"},"geometry":{"type":"LineString","coordinates":[[-74.09201,4.58015],[-74.09242,4.57968],[-74.09282,4.57922]]}},{"type":"Feature","properties":{"id":"89481079","nom":"Calle 17 Sur","tipo":"tertiary"},"geometry":{"type":"LineString","coordinates":[[-74.09812,4.58321],[-74.0983,4.58334],[-74.09832,4.58337],[-74.09834,4.5834],[-74.09834,4.58343],[-74.09834,4.58347],[-74.09833,4.58351]]}},{"type":"Feature","properties":{"id":"89481104","nom":"Calle 13 Sur","tipo":"residential"},"geometry":{"type":"LineString","coordinates":[[-74.08922,4.57982],[-74.08925,4.57988],[-74.09026,4.58135],[-74.0903,4.58141]]}},{"type":"Feature","properties":{"id":"89481146","nom":"Calle 27A Sur","tipo":"residential"},"geometry":{"type":"LineString","coordinates":[[-74.10706,4.57803],[-74.10672,4.57773],[-74.1065,4.57755]]}},{"type":"Feature","properties":{"id":"89481154","nom":"Calle 28D Sur","tipo":"residential"},"geometry":{"type":"LineString","coordinates":[[-74.10796,4.57688],[-74.10759,4.57659],[-74.10727,4.57634],[-74.10705,4.57615],[-74.1068,4.57597]]}},{"type":"Feature","properties":{"id":"89481191","nom":"Carrera 12B","tipo":"residential"},"geometry":{"type":"LineString","coordinates":[[-74.10218,4.57545],[-74.10216,4.57547],[-74.10192,4.57581],[-74.10166,4.57613],[-74.10136,4.57651],[-74.10111,4.57684],[-74.10081,4.57724],[-74.10055,4.57757],[-74.10032,4.57783],[-74.10008,4.57812],[-74.09997,4.5783],[-74.09985,4.57844],[-74.0994,4.57902],[-74.09936,4.57907]]}},{"type":"Feature","properties":{"id":"89481231","nom":"Calle 14 Sur","tipo":"residential"},"geometry":{"type":"LineString","coordinates":[[-74.09489,4.5813],[-74.09476,4.58134],[-74.09459,4.58138],[-74.09437,4.5814],[-74.09416,4.5814],[-74.09392,4.58139],[-74.09371,4.58137],[-74.09349,4.58134],[-74.09324,4.58129],[-74.093,4.58125],[-74.09289,4.58121]]}},{"type":"Feature","properties":{"id":"89481264","nom":"Calle 13A Sur","tipo":"tertiary"},"geometry":{"type":"LineString","coordinates":[[-74.09588,4.58503],[-74.09594,4.585],[-74.09597,4.58498],[-74.09599,4.58494],[-74.09601,4.58489],[-74.09601,4.58483],[-74.096,4.58477],[-74.09598,4.58471],[-74.09596,4.58464],[-74.09585,4.58427],[-74.09583,4.58422],[-74.09583,4.58418],[-74.09583,4.58416],[-74.09584,4.58413],[-74.09585,4.58411]]}},{"type":"Feature","properties":{"id":"89481269","nom":"Avenida Carrera 10","tipo":"primary"},"geometry":{"type":"LineString","coordinates":[[-74.09019,4.58196],[-74.09034,4.58175],[-74.09049,4.58153],[-74.09063,4.58134],[-74.09072,4.58124],[-74.09076,4.58118],[-74.09083,4.58108],[-74.0909,4.58098],[-74.09095,4.58088],[-74.091,4.5808],[-74.09114,4.58061],[-74.09134,4.58036],[-74.09169,4.57989],[-74.09192,4.57957],[-74.09211,4.5793],[-74.09241,4.57889],[-74.09263,4.57859],[-74.09268,4.57852],[-74.0927,4.57849]]}},{"type":"Feature","properties":{"id":"89481273","nom":"Calle 18A Sur","tipo":"residential"},"geometry":{"type":"LineString","coordinates":[[-74.09991,4.58257],[-74.09988,4.58252],[-74.09983,4.58245],[-74.0998,4.58241],[-74.09971,4.58229],[-74.09969,4.58227],[-74.09964,4.58222],[-74.09956,4.58214],[-74.09928,4.58189],[-74.0985,4.58119],[-74.09847,4.58116],[-74.09838,4.58108],[-74.0983,4.58101]]}},{"type":"Feature","properties":{"id":"89481276","nom":"Calle 16 Bis Sur","tipo":"residential"},"geometry":{"type":"LineString","coordinates":[[-74.09656,4.58215],[-74.09692,4.58248],[-74.09697,4.58252]]}},{"type":"Feature","properties":{"id":"89481277","nom":"Avenida Carrera 14","tipo":"primary"},"geometry":{"type":"LineString","coordinates":[[-74.10052,4.58247],[-74.10062,4.58242],[-74.10097,4.58223],[-74.1015,4.58193],[-74.10177,4.58179],[-74.10202,4.58165],[-74.10231,4.58149],[-74.10234,4.58147],[-74.10248,4.58139]]}},{"type":"Feature","properties":{"id":"89481281","nom":"Avenida Carrera 10","tipo":"primary"},"geometry":{"type":"LineString","coordinates":[[-74.09253,4.57836],[-74.09248,4.57844],[-74.09226,4.57874],[-74.09217,4.57887],[-74.09205,4.57904],[-74.09167,4.57956],[-74.09124,4.58015],[-74.09079,4.58074],[-74.09051,4.58112],[-74.0903,4.58141],[-74.09003,4.58178],[-74.08994,4.58191],[-74.08991,4.58194],[-74.08982,4.58207]]}},{"type":"Feature","properties":{"id":"89481283","nom":"Calle 22B Sur","tipo":"residential"},"geometry":{"type":"LineString","coordinates":[[-74.10168,4.57969],[-74.10145,4.5795],[-74.10136,4.57942],[-74.101,4.57915],[-74.10059,4.57883],[-74.10055,4.57879],[-74.10036,4.57861],[-74.10033,4.57859],[-74.09997,4.5783]]}},{"type":"Feature","properties":{"id":"89481315","nom":"Carrera 12G","tipo":"residential"},"geometry":{"type":"LineString","coordinates":[[-74.10077,4.58021],[-74.10072,4.58027],[-74.10036,4.58067],[-74.09992,4.58114],[-74.09969,4.58141],[-74.09964,4.58148],[-74.09928,4.58189],[-74.09892,4.58231],[-74.09856,4.58273]]}},{"type":"Feature","properties":{"id":"89481324","nom":"Calle 22A Sur","tipo":"residential"},"geometry":{"type":"LineString","coordinates":[[-74.10153,4.57988],[-74.1022,4.58043],[-74.10279,4.58092],[-74.10283,4.58096]]}},{"type":"Feature","properties":{"id":"89481368","nom":"Carrera 11","tipo":"residential"},"geometry":{"type":"LineString","coordinates":[[-74.09289,4.58121],[-74.09283,4.58129],[-74.09279,4.58133],[-74.09275,4.58136],[-74.09271,4.58139],[-74.09261,4.58144],[-74.09244,4.58153],[-74.0924,4.58154],[-74.09235,4.58155]]}},{"type":"Feature","properties":{"id":"89481377","nom":"Calle 17A Sur","tipo":"residential"},"geometry":{"type":"LineString","coordinates":[[-74.09899,4.58308],[-74.09895,4.58305],[-74.09856,4.58273]]}},{"type":"Feature","properties":{"id":"89481388","nom":"Avenida Carrera 10","tipo":"primary"},"geometry":{"type":"LineString","coordinates":[[-74.0928,4.57837],[-74.09286,4.57828],[-74.09298,4.57811],[-74.09348,4.57744],[-74.09361,4.57727],[-74.09417,4.57652]]}},{"type":"Feature","properties":{"id":"89481396","nom":"Carrera 13A","tipo":"residential"},"geometry":{"type":"LineString","coordinates":[[-74.10855,4.57792],[-74.10876,4.57767],[-74.10902,4.57733],[-74.10927,4.57699]]}},{"type":"Feature","properties":{"id":"89481408","nom":"Calle 19 Sur","tipo":"tertiary"},"geometry":{"type":"LineString","coordinates":[[-74.09883,4.58075],[-74.09886,4.58078],[-74.09907,4.58096],[-74.09923,4.58111],[-74.09964,4.58148],[-74.0999,4.58171],[-74.09995,4.58176],[-74.10001,4.58182],[-74.10011,4.58193],[-74.10015,4.58199],[-74.1002,4.58204],[-74.10025,4.58212],[-74.10027,4.58214],[-74.1003,4.58218],[-74.10032,4.58223],[-74.10033,4.58227],[-74.10034,4.5823],[-74.10034,4.58233]]}},{"type":"Feature","properties":{"id":"89481455","nom":"Calle 17 Sur","tipo":"tertiary"},"geometry":{"type":"LineString","coordinates":[[-74.09076,4.57706],[-74.0908,4.57709],[-74.09118,4.57733]]}},{"type":"Feature","properties":{"id":"89481461","nom":"Calle 14 Sur","tipo":"residential"},"geometry":{"type":"LineString","coordinates":[[-74.09607,4.58205],[-74.09601,4.58223],[-74.09599,4.58236],[-74.09597,4.58252],[-74.09598,4.58265],[-74.09599,4.58279],[-74.09603,4.58297],[-74.09615,4.58336],[-74.09617,4.58342],[-74.09624,4.58358],[-74.09627,4.58364],[-74.09629,4.58368],[-74.09646,4.58418],[-74.09656,4.58447],[-74.09658,4.58452]]}},{"type":"Feature","properties":{"id":"89481462","nom":"Calle 13A Sur","tipo":"tertiary"},"geometry":{"type":"LineString","coordinates":[[-74.09574,4.58392],[-74.09571,4.58404],[-74.0957,4.58406],[-74.09571,4.5841],[-74.09572,4.58415],[-74.09588,4.58463],[-74.09589,4.58468],[-74.0959,4.58471],[-74.0959,4.58474],[-74.09589,4.58477],[-74.09588,4.5848],[-74.09587,4.58482]]}},{"type":"Feature","properties":{"id":"89481483","nom":"Avenida Calle 11 Sur","tipo":"secondary"},"geometry":{"type":"LineString","coordinates":[[-74.09273,4.58392],[-74.09249,4.58372],[-74.09235,4.58359],[-74.09199,4.58327],[-74.09181,4.58312],[-74.0917,4.58303],[-74.0916,4.58295],[-74.09142,4.58283],[-74.09129,4.58275],[-74.09118,4.58269],[-74.09114,4.58267],[-74.09107,4.58263],[-74.091,4.58259],[-74.09067,4.58241],[-74.09054,4.58236],[-74.09047,4.58233],[-74.09028,4.58225]]}},{"type":"Feature","properties":{"id":"89481484","nom":"Avenida Calle 22 Sur","tipo":"primary"},"geometry":{"type":"LineString","coordinates":[[-74.09649,4.57731],[-74.09693,4.57761],[-74.09738,4.57792],[-74.09769,4.57813],[-74.09784,4.57822],[-74.09803,4.57836],[-74.09811,4.57841],[-74.09875,4.57884],[-74.09947,4.57933],[-74.09962,4.57944],[-74.09967,4.57947]]}},{"type":"Feature","properties":{"id":"89481487","nom":"Avenida Carrera 10","tipo":"secondary"},"geometry":{"type":"LineString","coordinates":[[-74.09472,4.5758],[-74.0948,4.57569],[-74.09577,4.57463],[-74.09644,4.57391],[-74.09709,4.57321],[-74.09755,4.57275],[-74.09773,4.57256],[-74.09796,4.57231],[-74.09799,4.57229],[-74.09806,4.57221]]}},{"type":"Feature","properties":{"id":"89481506","nom":"Calle 13A Sur","tipo":"residential"},"geometry":{"type":"LineString","coordinates":[[-74.09271,4.58139],[-74.09179,4.5807],[-74.09137,4.58039],[-74.09134,4.58036]]}},{"type":"Feature","properties":{"id":"89481549","nom":"Calle 14 Sur","tipo":"residential"},"geometry":{"type":"LineString","coordinates":[[-74.09308,4.581],[-74.09201,4.58015],[-74.09172,4.57992],[-74.09169,4.57989]]}},{"type":"Feature","properties":{"id":"89481580","nom":"Carrera 11A","tipo":"residential"},"geometry":{"type":"LineString","coordinates":[[-74.09404,4.58087],[-74.09392,4.58139],[-74.09384,4.58181],[-74.09383,4.58185],[-74.09384,4.5819],[-74.09387,4.58196]]}},{"type":"Feature","properties":{"id":"89481604","nom":"Carrera 12D","tipo":"tertiary"},"geometry":{"type":"LineString","coordinates":[[-74.09714,4.58233],[-74.09711,4.58236],[-74.09697,4.58252],[-74.09617,4.58342],[-74.09611,4.58348],[-74.09576,4.58389],[-74.09574,4.58392]]}},{"type":"Feature","properties":{"id":"89481606","nom":"Calle 15 Sur","tipo":"residential"},"geometry":{"type":"LineString","coordinates":[[-74.09404,4.58087],[-74.09392,4.58084],[-74.09381,4.58079],[-74.09368,4.58073],[-74.09354,4.58064],[-74.09347,4.58058],[-74.09242,4.57968]]}},{"type":"Feature","properties":{"id":"89481609","nom":"Calle 27 Sur","tipo":"secondary"},"geometry":{"type":"LineString","coordinates":[[-74.10686,4.57901],[-74.10682,4.57897],[-74.10677,4.57893],[-74.10661,4.57881],[-74.10651,4.57872],[-74.10593,4.57825],[-74.10561,4.57799],[-74.10501,4.57754],[-74.10485,4.57741],[-74.10469,4.57728],[-74.10412,4.57683],[-74.1038,4.57656],[-74.10317,4.5761],[-74.10292,4.57589],[-74.10287,4.57585]]}},{"type":"Feature","properties":{"id":"89481631","nom":"Calle 17 Sur","tipo":"tertiary"},"geometry":{"type":"LineString","coordinates":[[-74.09719,4.58227],[-74.09714,4.58223],[-74.09677,4.58189],[-74.09643,4.58157],[-74.09638,4.58153],[-74.09597,4.58116],[-74.09593,4.58113],[-74.09561,4.58084],[-74.09556,4.58079],[-74.09553,4.58077],[-74.09521,4.58049],[-74.09515,4.58043],[-74.0948,4.58012],[-74.09476,4.58009],[-74.09439,4.57976],[-74.09436,4.57973],[-74.0943,4.57968]]}},{"type":"Feature","properties":{"id":"89481636","nom":"Carrera 12","tipo":"residential"},"geometry":{"type":"LineString","coordinates":[[-74.09898,4.57708],[-74.09929,4.57668],[-74.09959,4.57629],[-74.0999,4.57589],[-74.10017,4.57556],[-74.10044,4.57521],[-74.10071,4.57487],[-74.10097,4.57453],[-74.10099,4.57451]]}},{"type":"Feature","properties":{"id":"89481648","nom":"Calle 19 Sur","tipo":"tertiary"},"geometry":{"type":"LineString","coordinates":[[-74.09417,4.57652],[-74.09421,4.57656],[-74.09443,4.57675],[-74.09465,4.57695],[-74.09504,4.5773],[-74.09541,4.57763]]}},{"type":"Feature","properties":{"id":"89481660","nom":"Carrera 12I","tipo":"residential"},"geometry":{"type":"LineString","coordinates":[[-74.10372,4.57967],[-74.10408,4.57921],[-74.10437,4.57885],[-74.10463,4.57851],[-74.10491,4.57816],[-74.10516,4.57784],[-74.10517,4.57782]]}},{"type":"Feature","properties":{"id":"89481702","nom":"Carrera 12H Bis B","tipo":"residential"},"geometry":{"type":"LineString","coordinates":[[-74.10692,4.57513],[-74.10664,4.57547],[-74.10617,4.57604]]}},{"type":"Feature","properties":{"id":"89481703","nom":"Carrera 13","tipo":"residential"},"geometry":{"type":"LineString","coordinates":[[-74.10086,4.58105],[-74.09997,4.58166],[-74.0999,4.58171]]}},{"type":"Feature","properties":{"id":"89481704","nom":"Avenida Carrera 14","tipo":"primary"},"geometry":{"type":"LineString","coordinates":[[-74.09595,4.58504],[-74.09607,4.58498],[-74.09633,4.58486],[-74.09661,4.58472],[-74.09694,4.58457],[-74.09723,4.58442],[-74.0975,4.58428],[-74.09757,4.58425],[-74.09767,4.58419],[-74.09773,4.58415],[-74.09783,4.58409],[-74.09796,4.584]]}},{"type":"Feature","properties":{"id":"89481738","nom":"Avenida Carrera 14","tipo":"primary"},"geometry":{"type":"LineString","coordinates":[[-74.09463,4.58576],[-74.09471,4.58569],[-74.09477,4.58564],[-74.09487,4.58558],[-74.09506,4.58546],[-74.09532,4.58532],[-74.09558,4.58521],[-74.09572,4.58515]]}},{"type":"Feature","properties":{"id":"89481740","nom":"Calle 25 Sur","tipo":"residential"},"geometry":{"type":"LineString","coordinates":[[-74.10217,4.57764],[-74.10316,4.57842],[-74.10408,4.57921],[-74.10425,4.57936],[-74.10488,4.57992],[-74.10493,4.57997]]}},{"type":"Feature","properties":{"id":"89481753","nom":"Avenida Carrera 14","tipo":"primary"},"geometry":{"type":"LineString","coordinates":[[-74.1023,4.58125],[-74.10216,4.58132],[-74.10208,4.58137],[-74.10171,4.58156],[-74.10135,4.58176],[-74.10063,4.58216],[-74.10055,4.58221],[-74.10052,4.58223],[-74.10044,4.58227],[-74.10034,4.58233],[-74.10033,4.58234],[-74.10024,4.58239],[-74.10003,4.58251],[-74.09991,4.58257],[-74.09948,4.5828],[-74.09911,4.58301],[-74.09899,4.58308],[-74.09871,4.58326],[-74.09865,4.5833],[-74.09862,4.58332],[-74.0985,4.5834]]}},{"type":"Feature","properties":{"id":"89481777","nom":"Avenida Carrera 10","tipo":"primary"},"geometry":{"type":"LineString","coordinates":[[-74.09444,4.57576],[-74.09436,4.57586],[-74.09392,4.57641],[-74.09285,4.5779],[-74.09271,4.57811],[-74.09268,4.57815]]}},{"type":"Feature","properties":{"id":"89481806","nom":"Carrera 13","tipo":"tertiary"},"geometry":{"type":"LineString","coordinates":[[-74.11014,4.57409],[-74.10977,4.57457],[-74.10933,4.57513],[-74.10904,4.57549],[-74.10893,4.57563],[-74.1084,4.57631],[-74.10815,4.57664],[-74.10805,4.57676],[-74.10796,4.57688],[-74.10768,4.57724],[-74.1076,4.57734],[-74.10742,4.57757],[-74.10714,4.57793],[-74.10706,4.57803],[-74.10692,4.5782],[-74.10682,4.57833],[-74.10664,4.57856],[-74.10654,4.57869],[-74.10651,4.57872]]}},{"type":"Feature","properties":{"id":"89481813","nom":"Carrera 13","tipo":"residential"},"geometry":{"type":"LineString","coordinates":[[-74.0949,4.58456],[-74.09458,4.58477],[-74.09453,4.58481],[-74.0945,4.58485],[-74.09432,4.58505],[-74.09421,4.58518],[-74.09418,4.58523]]}},{"type":"Feature","properties":{"id":"89481829","nom":"Avenida Carrera 14","tipo":"primary"},"geometry":{"type":"LineString","coordinates":[[-74.10245,4.58117],[-74.1023,4.58125]]}},{"type":"Feature","properties":{"id":"89481843","nom":"Avenida Carrera 6","tipo":"secondary"},"geometry":{"type":"LineString","coordinates":[[-74.09,4.57476],[-74.0896,4.57531],[-74.08957,4.57536]]}},{"type":"Feature","properties":{"id":"89569470","nom":"Calle 3 Sur","tipo":"residential"},"geometry":{"type":"LineString","coordinates":[[-74.08584,4.58471],[-74.08614,4.58497],[-74.08649,4.5855]]}},{"type":"Feature","properties":{"id":"89595434","nom":"Carrera 18","tipo":"tertiary"},"geometry":{"type":"LineString","coordinates":[[-74.08482,4.60458],[-74.08522,4.60382],[-74.08524,4.60377],[-74.08526,4.60372],[-74.08528,4.60365],[-74.0853,4.6036],[-74.08532,4.60356],[-74.08533,4.60354],[-74.08552,4.60325],[-74.08595,4.6026],[-74.08597,4.60257],[-74.08598,4.60254],[-74.08617,4.60225],[-74.08621,4.60219],[-74.08652,4.60171],[-74.08654,4.60168],[-74.08657,4.60162],[-74.08688,4.60114],[-74.08691,4.6011],[-74.08706,4.60087],[-74.08709,4.60082],[-74.08724,4.60061],[-74.08728,4.60054],[-74.0874,4.60037],[-74.08742,4.60033],[-74.08768,4.59996],[-74.08795,4.59955],[-74.08797,4.59953],[-74.08801,4.59948]]}},{"type":"Feature","properties":{"id":"89595439","nom":"Carrera 16","tipo":"residential"},"geometry":{"type":"LineString","coordinates":[[-74.08164,4.60504],[-74.08168,4.605],[-74.08247,4.60408],[-74.08303,4.60338],[-74.08373,4.60248],[-74.08376,4.60244],[-74.08393,4.60221],[-74.08448,4.6015],[-74.0845,4.60147],[-74.08488,4.60104],[-74.08494,4.60097],[-74.08512,4.60072],[-74.08517,4.60065],[-74.08551,4.60015],[-74.08587,4.59965]]}},{"type":"Feature","properties":{"id":"89600286","nom":"Calle 7","tipo":"tertiary"},"geometry":{"type":"LineString","coordinates":[[-74.08397,4.59833],[-74.08454,4.59873],[-74.08488,4.59896],[-74.08526,4.59923],[-74.08587,4.59965],[-74.08646,4.60006],[-74.08721,4.60058],[-74.08724,4.60061]]}},{"type":"Feature","properties":{"id":"89600308","nom":"Calle 5","tipo":"residential"},"geometry":{"type":"LineString","coordinates":[[-74.08863,4.59802],[-74.08788,4.59773]]}},{"type":"Feature","properties":{"id":"89600316","nom":"Carrera 21","tipo":"residential"},"geometry":{"type":"LineString","coordinates":[[-74.09186,4.60117],[-74.09209,4.60079],[-74.09233,4.60045],[-74.0926,4.59998],[-74.09277,4.59951]]}},{"type":"Feature","properties":{"id":"89600340","nom":"Calle 6A","tipo":"residential"},"geometry":{"type":"LineString","coordinates":[[-74.08633,4.59899],[-74.08691,4.5994],[-74.08766,4.59994],[-74.08768,4.59996]]}},{"type":"Feature","properties":{"id":"89600409","nom":"Calle 5B","tipo":"residential"},"geometry":{"type":"LineString","coordinates":[[-74.09378,4.60188],[-74.09375,4.60186],[-74.09358,4.60175],[-74.093,4.6014],[-74.09278,4.60124],[-74.09209,4.60079],[-74.09133,4.60031],[-74.09072,4.59995]]}},{"type":"Feature","properties":{"id":"89600467","nom":"Carrera 15A","tipo":"residential"},"geometry":{"type":"LineString","coordinates":[[-74.08526,4.59923],[-74.08531,4.59916]]}},{"type":"Feature","properties":{"id":"89600498","nom":"Avenida Calle 6","tipo":"primary"},"geometry":{"type":"LineString","coordinates":[[-74.08801,4.59948],[-74.08807,4.59952],[-74.08868,4.59996],[-74.08918,4.60031],[-74.08921,4.60033],[-74.08929,4.60039]]}},{"type":"Feature","properties":{"id":"89600548","nom":"Carrera 15","tipo":"residential"},"geometry":{"type":"LineString","coordinates":[[-74.08534,4.59759],[-74.0853,4.59766],[-74.08525,4.59772],[-74.085,4.59808]]}},{"type":"Feature","properties":{"id":"89600597","nom":"Carrera 15A","tipo":"residential"},"geometry":{"type":"LineString","coordinates":[[-74.08531,4.59916],[-74.08572,4.59857]]}},{"type":"Feature","properties":{"id":"89600601","nom":"Calle 7","tipo":"tertiary"},"geometry":{"type":"LineString","coordinates":[[-74.08728,4.60054],[-74.08725,4.60052],[-74.0865,4.6],[-74.08637,4.5999],[-74.08619,4.59978],[-74.08591,4.59958],[-74.08531,4.59916],[-74.08521,4.59909],[-74.08493,4.5989],[-74.08459,4.59866],[-74.08402,4.59826]]}},{"type":"Feature","properties":{"id":"89600633","nom":"Carrera 17","tipo":"tertiary"},"geometry":{"type":"LineString","coordinates":[[-74.0865,4.6],[-74.08646,4.60006],[-74.08641,4.60014],[-74.08614,4.60058],[-74.08582,4.60106],[-74.0852,4.60199],[-74.08519,4.60201],[-74.08454,4.60294],[-74.0845,4.60299],[-74.0839,4.60396]]}},{"type":"Feature","properties":{"id":"89600679","nom":"Calle 6A","tipo":"residential"},"geometry":{"type":"LineString","coordinates":[[-74.08851,4.60053],[-74.08773,4.6],[-74.08768,4.59996]]}},{"type":"Feature","properties":{"id":"89600751","nom":"Carrera 18B","tipo":"residential"},"geometry":{"type":"LineString","coordinates":[[-74.08896,4.59972],[-74.089,4.59968],[-74.08917,4.59947],[-74.0892,4.5994],[-74.08944,4.59886],[-74.08952,4.59866],[-74.08961,4.5984],[-74.08979,4.5979]]}},{"type":"Feature","properties":{"id":"89600890","nom":"Calle 5A","tipo":"residential"},"geometry":{"type":"LineString","coordinates":[[-74.09148,4.59996],[-74.09233,4.60045],[-74.09296,4.60081],[-74.0935,4.60111],[-74.09389,4.60134],[-74.09403,4.60142],[-74.09405,4.60144]]}},{"type":"Feature","properties":{"id":"89600898","nom":"Carrera 16","tipo":"residential"},"geometry":{"type":"LineString","coordinates":[[-74.08664,4.59852],[-74.08661,4.59857],[-74.08633,4.59899]]}},{"type":"Feature","properties":{"id":"89600980","nom":"Carrera 19A","tipo":"residential"},"geometry":{"type":"LineString","coordinates":[[-74.09123,4.59894],[-74.0912,4.59903],[-74.09117,4.59912],[-74.09107,4.59929],[-74.09089,4.59963],[-74.09072,4.59995],[-74.09056,4.60024],[-74.09035,4.60063],[-74.09032,4.60068]]}},{"type":"Feature","properties":{"id":"89601010","nom":"Carrera 20","tipo":"residential"},"geometry":{"type":"LineString","coordinates":[[-74.09113,4.60062],[-74.09133,4.60031],[-74.09148,4.59996],[-74.09167,4.59955],[-74.09184,4.59916],[-74.09207,4.59857],[-74.0921,4.59851]]}},{"type":"Feature","properties":{"id":"89601174","nom":"Calle 5A","tipo":"residential"},"geometry":{"type":"LineString","coordinates":[[-74.09148,4.59996],[-74.09089,4.59963]]}},{"type":"Feature","properties":{"id":"89603425","nom":"Avenida Calle 3","tipo":"tertiary"},"geometry":{"type":"LineString","coordinates":[[-74.09668,4.60056],[-74.09666,4.60054],[-74.09601,4.6001],[-74.09558,4.59981]]}},{"type":"Feature","properties":{"id":"89603434","nom":"Transversal 20A","tipo":"residential"},"geometry":{"type":"LineString","coordinates":[[-74.09291,4.59887],[-74.09289,4.59815],[-74.09288,4.59805],[-74.09288,4.59804],[-74.09288,4.59802]]}},{"type":"Feature","properties":{"id":"89603503","nom":"Avenida Calle 3","tipo":"tertiary"},"geometry":{"type":"LineString","coordinates":[[-74.09482,4.59933],[-74.09445,4.59908],[-74.09398,4.59877],[-74.09391,4.59872],[-74.09334,4.59833],[-74.09307,4.59815],[-74.09288,4.59802],[-74.09279,4.59796],[-74.0926,4.59783]]}},{"type":"Feature","properties":{"id":"89603526","nom":"Diagonal 4A","tipo":"tertiary"},"geometry":{"type":"LineString","coordinates":[[-74.08848,4.59728],[-74.08884,4.5973],[-74.08889,4.5973],[-74.08947,4.59733],[-74.08999,4.59735],[-74.09005,4.59735],[-74.09059,4.59737],[-74.09064,4.59737],[-74.09151,4.59741]]}},{"type":"Feature","properties":{"id":"89603544","nom":"Avenida Calle 3","tipo":"tertiary"},"geometry":{"type":"LineString","coordinates":[[-74.09192,4.59752],[-74.09196,4.59756],[-74.09199,4.59759],[-74.09202,4.59761],[-74.09204,4.59762],[-74.09209,4.59765],[-74.09217,4.59769],[-74.09228,4.59772]]}},{"type":"Feature","properties":{"id":"89603573","nom":"Carrera 18B","tipo":"residential"},"geometry":{"type":"LineString","coordinates":[[-74.08979,4.5979],[-74.08993,4.59752],[-74.08997,4.5974],[-74.08999,4.59735]]}},{"type":"Feature","properties":{"id":"89603589","nom":"Carrera 17","tipo":"tertiary"},"geometry":{"type":"LineString","coordinates":[[-74.08821,4.59676],[-74.08806,4.59724],[-74.08805,4.59727]]}},{"type":"Feature","properties":{"id":"89603597","nom":"Diagonal 4A","tipo":"residential"},"geometry":{"type":"LineString","coordinates":[[-74.08622,4.59717],[-74.08575,4.59715],[-74.08556,4.59713],[-74.08549,4.59711],[-74.08543,4.59711],[-74.08532,4.59707]]}},{"type":"Feature","properties":{"id":"89603603","nom":"Calle 4A Bis","tipo":"residential"},"geometry":{"type":"LineString","coordinates":[[-74.08979,4.5979],[-74.09033,4.59801],[-74.0905,4.59805],[-74.09105,4.59817],[-74.09119,4.59821],[-74.09141,4.59827],[-74.09148,4.59829],[-74.0921,4.59851]]}},{"type":"Feature","properties":{"id":"89603604","nom":"Carrera 23","tipo":"residential"},"geometry":{"type":"LineString","coordinates":[[-74.09363,4.59982],[-74.09371,4.59957],[-74.0938,4.5993],[-74.09397,4.59879],[-74.09398,4.59877],[-74.094,4.5987],[-74.09418,4.59815],[-74.09426,4.59789],[-74.09431,4.59771],[-74.0945,4.59715],[-74.09451,4.59712]]}},{"type":"Feature","properties":{"id":"89612553","nom":"Calle 1B","tipo":"tertiary"},"geometry":{"type":"LineString","coordinates":[[-74.1016,4.59669],[-74.10163,4.59672],[-74.10168,4.59675],[-74.10201,4.59701],[-74.10204,4.59704],[-74.10264,4.59751],[-74.10268,4.59754],[-74.10297,4.59777],[-74.103,4.59779],[-74.10332,4.59805]]}},{"type":"Feature","properties":{"id":"89612555","nom":"Calle 3A","tipo":"residential"},"geometry":{"type":"LineString","coordinates":[[-74.08967,4.59675],[-74.08917,4.59657],[-74.0888,4.59643],[-74.08839,4.59628]]}},{"type":"Feature","properties":{"id":"89612557","nom":"Calle 1A","tipo":"residential"},"geometry":{"type":"LineString","coordinates":[[-74.10459,4.59775],[-74.10417,4.59744],[-74.10394,4.59725],[-74.10329,4.59677],[-74.10265,4.59627]]}},{"type":"Feature","properties":{"id":"89612570","nom":"Carrera 19A Bis","tipo":"residential"},"geometry":{"type":"LineString","coordinates":[[-74.09281,4.59511],[-74.09283,4.59511],[-74.09285,4.59511],[-74.09287,4.5951],[-74.09288,4.59508],[-74.09292,4.59494]]}},{"type":"Feature","properties":{"id":"89612571","nom":"Calle 1C","tipo":"residential"},"geometry":{"type":"LineString","coordinates":[[-74.10081,4.59672],[-74.10018,4.59621],[-74.10013,4.59617],[-74.1001,4.59614],[-74.10006,4.59611],[-74.09951,4.59568]]}},{"type":"Feature","properties":{"id":"89612603","nom":"Calle 1G","tipo":"residential"},"geometry":{"type":"LineString","coordinates":[[-74.09264,4.59568],[-74.09212,4.59552]]}},{"type":"Feature","properties":{"id":"89612619","nom":"Calle 2 Bis","tipo":"residential"},"geometry":{"type":"LineString","coordinates":[[-74.08811,4.59483],[-74.08868,4.59504],[-74.08884,4.5951],[-74.08887,4.59511],[-74.08915,4.59522],[-74.08917,4.59524],[-74.08919,4.59525],[-74.0892,4.59527],[-74.0892,4.59531]]}},{"type":"Feature","properties":{"id":"89612622","nom":"Carrera 29C","tipo":"residential"},"geometry":{"type":"LineString","coordinates":[[-74.10588,4.59744],[-74.10585,4.59749],[-74.10582,4.59752],[-74.10578,4.59757],[-74.10577,4.59759],[-74.10552,4.59791]]}},{"type":"Feature","properties":{"id":"89612633","nom":"Avenida Carrera 27","tipo":"secondary"},"geometry":{"type":"LineString","coordinates":[[-74.10033,4.59832],[-74.10066,4.59789],[-74.10071,4.59782],[-74.10081,4.59771],[-74.10097,4.5975],[-74.10156,4.59675],[-74.1016,4.59669]]}},{"type":"Feature","properties":{"id":"89612642","nom":"Carrera 24A","tipo":"residential"},"geometry":{"type":"LineString","coordinates":[[-74.09642,4.59602],[-74.09641,4.59606],[-74.0964,4.59608],[-74.09619,4.59681],[-74.09597,4.59755],[-74.09595,4.5976]]}},{"type":"Feature","properties":{"id":"89612672","nom":"Avenida Calle 1","tipo":"secondary"},"geometry":{"type":"LineString","coordinates":[[-74.10049,4.59502],[-74.10063,4.59502]]}},{"type":"Feature","properties":{"id":"89612677","nom":"Calle 2B","tipo":"residential"},"geometry":{"type":"LineString","coordinates":[[-74.09264,4.59729],[-74.09306,4.59755],[-74.09362,4.59792]]}},{"type":"Feature","properties":{"id":"89612693","nom":"Calle 1F","tipo":"residential"},"geometry":{"type":"LineString","coordinates":[[-74.09078,4.59424],[-74.09093,4.5943],[-74.09129,4.59444],[-74.09177,4.59458],[-74.09215,4.5947]]}},{"type":"Feature","properties":{"id":"89612696","nom":"","tipo":"tertiary_link"},"geometry":{"type":"LineString","coordinates":[[-74.09151,4.59741],[-74.09153,4.59743],[-74.09156,4.59745],[-74.09158,4.59748],[-74.09159,4.59751],[-74.09159,4.59759],[-74.09156,4.59772],[-74.09153,4.59782]]}},{"type":"Feature","properties":{"id":"89612698","nom":"Avenida Carrera 27","tipo":"secondary"},"geometry":{"type":"LineString","coordinates":[[-74.0991,4.59988],[-74.09915,4.59981]]}},{"type":"Feature","properties":{"id":"89612701","nom":"Calle 29B Bis","tipo":"residential"},"geometry":{"type":"LineString","coordinates":[[-74.10635,4.59626],[-74.10594,4.59679],[-74.10592,4.59682],[-74.1056,4.59722]]}},{"type":"Feature","properties":{"id":"89612710","nom":"Carrera 19","tipo":"residential"},"geometry":{"type":"LineString","coordinates":[[-74.09143,4.59606],[-74.09144,4.59602],[-74.09161,4.59537]]}},{"type":"Feature","properties":{"id":"89612715","nom":"Calle 1B","tipo":"tertiary"},"geometry":{"type":"LineString","coordinates":[[-74.09982,4.59529],[-74.10006,4.59547],[-74.10039,4.59573],[-74.10041,4.59575],[-74.10044,4.59577],[-74.10049,4.59582],[-74.10112,4.59631],[-74.10153,4.59664],[-74.10155,4.59665]]}},{"type":"Feature","properties":{"id":"89612716","nom":"Calle 1C","tipo":"residential"},"geometry":{"type":"LineString","coordinates":[[-74.09498,4.59442],[-74.09455,4.59428],[-74.09414,4.59415]]}},{"type":"Feature","properties":{"id":"89612717","nom":"Calle 1D","tipo":"residential"},"geometry":{"type":"LineString","coordinates":[[-74.09776,4.59551],[-74.09708,4.59531]]}},{"type":"Feature","properties":{"id":"89612738","nom":"Calle 1A Bis","tipo":"residential"},"geometry":{"type":"LineString","coordinates":[[-74.10427,4.59816],[-74.10386,4.59784],[-74.10371,4.59772],[-74.10362,4.59764],[-74.10299,4.59714],[-74.10236,4.59664]]}},{"type":"Feature","properties":{"id":"89612747","nom":"Carrera 29","tipo":"residential"},"geometry":{"type":"LineString","coordinates":[[-74.10204,4.59966],[-74.10201,4.5997],[-74.10174,4.60005],[-74.10146,4.6004],[-74.10136,4.60054],[-74.10119,4.60076],[-74.10091,4.60111],[-74.10087,4.60117]]}},{"type":"Feature","properties":{"id":"89612760","nom":"Carrera 20","tipo":"residential"},"geometry":{"type":"LineString","coordinates":[[-74.0921,4.59851],[-74.09226,4.59779],[-74.09226,4.59778],[-74.09227,4.59776],[-74.09228,4.59772]]}},{"type":"Feature","properties":{"id":"89612769","nom":"Carrera 23A","tipo":"residential"},"geometry":{"type":"LineString","coordinates":[[-74.09555,4.59494],[-74.09534,4.59563],[-74.09533,4.59567],[-74.09532,4.59571],[-74.09508,4.59647],[-74.09486,4.59718],[-74.09484,4.59723]]}},{"type":"Feature","properties":{"id":"89612773","nom":"Calle 1B","tipo":"tertiary"},"geometry":{"type":"LineString","coordinates":[[-74.10524,4.59954],[-74.10533,4.5996],[-74.1054,4.59965],[-74.1055,4.59971]]}},{"type":"Feature","properties":{"id":"89612774","nom":"Carrera 18C","tipo":"residential"},"geometry":{"type":"LineString","coordinates":[[-74.09064,4.59737],[-74.09063,4.59743],[-74.0905,4.59805]]}},{"type":"Feature","properties":{"id":"89612776","nom":"Carrera 29B","tipo":"residential"},"geometry":{"type":"LineString","coordinates":[[-74.10269,4.60016],[-74.10272,4.60013],[-74.10275,4.60009],[-74.10302,4.59975],[-74.10313,4.5996],[-74.10333,4.59936],[-74.10365,4.59895],[-74.10393,4.59861],[-74.10397,4.59856]]}},{"type":"Feature","properties":{"id":"89612785","nom":"Calle 2B","tipo":"residential"},"geometry":{"type":"LineString","coordinates":[[-74.09652,4.5991],[-74.09668,4.59923],[-74.09729,4.59971],[-74.09733,4.59974],[-74.09737,4.59977],[-74.09798,4.60026],[-74.09841,4.6006],[-74.09843,4.60061]]}},{"type":"Feature","properties":{"id":"89612799","nom":"Calle 1G","tipo":"residential"},"geometry":{"type":"LineString","coordinates":[[-74.09047,4.59493],[-74.08994,4.59473],[-74.08991,4.59472]]}},{"type":"Feature","properties":{"id":"89612814","nom":"Carrera 19A","tipo":"residential"},"geometry":{"type":"LineString","coordinates":[[-74.09165,4.59718],[-74.09166,4.59713],[-74.09172,4.59692],[-74.0919,4.59625],[-74.09191,4.59622]]}},{"type":"Feature","properties":{"id":"89612819","nom":"Carrera 27A","tipo":"residential"},"geometry":{"type":"LineString","coordinates":[[-74.10077,4.59867],[-74.10081,4.59862],[-74.10109,4.59826],[-74.10141,4.59785],[-74.10174,4.59742],[-74.102,4.59708],[-74.10204,4.59704]]}},{"type":"Feature","properties":{"id":"89612826","nom":"Transversal 19B","tipo":"residential"},"geometry":{"type":"LineString","coordinates":[[-74.09273,4.5965],[-74.09273,4.59654],[-74.09276,4.59684],[-74.09277,4.59694]]}},{"type":"Feature","properties":{"id":"89612827","nom":"Calle 1H","tipo":"residential"},"geometry":{"type":"LineString","coordinates":[[-74.09796,4.59762],[-74.09746,4.59723],[-74.09742,4.59719],[-74.09739,4.59718],[-74.09726,4.59713],[-74.09705,4.59705],[-74.0966,4.59693],[-74.09619,4.59681],[-74.09581,4.5967],[-74.09577,4.59669],[-74.09574,4.59668],[-74.09508,4.59647],[-74.09439,4.59625]]}},{"type":"Feature","properties":{"id":"89612828","nom":"Carrera 19","tipo":"residential"},"geometry":{"type":"LineString","coordinates":[[-74.09231,4.59307],[-74.0923,4.59311],[-74.09219,4.59355],[-74.09185,4.59387]]}},{"type":"Feature","properties":{"id":"89612854","nom":"Carrera 28","tipo":"residential"},"geometry":{"type":"LineString","coordinates":[[-74.10268,4.59754],[-74.10264,4.59759],[-74.10236,4.59794],[-74.10204,4.59835],[-74.10172,4.59875],[-74.10143,4.59911],[-74.1014,4.59916]]}},{"type":"Feature","properties":{"id":"89612872","nom":"Avenida Carrera 27","tipo":"secondary"},"geometry":{"type":"LineString","coordinates":[[-74.09848,4.60065],[-74.09908,4.59991],[-74.0991,4.59988]]}},{"type":"Feature","properties":{"id":"89612881","nom":"Carrera 28","tipo":"residential"},"geometry":{"type":"LineString","coordinates":[[-74.1014,4.59916],[-74.10137,4.59919],[-74.10109,4.59955],[-74.10101,4.59965],[-74.10071,4.60004],[-74.10053,4.60026],[-74.10026,4.60061],[-74.10022,4.60065]]}},{"type":"Feature","properties":{"id":"89612883","nom":"Calle 2","tipo":"tertiary"},"geometry":{"type":"LineString","coordinates":[[-74.10087,4.60117],[-74.10022,4.60065],[-74.09987,4.60037],[-74.09951,4.60009],[-74.09917,4.59983],[-74.09915,4.59981]]}},{"type":"Feature","properties":{"id":"89612894","nom":"Transversal 19B","tipo":"residential"},"geometry":{"type":"LineString","coordinates":[[-74.09257,4.59504],[-74.09264,4.59568],[-74.09272,4.59644],[-74.09273,4.5965]]}},{"type":"Feature","properties":{"id":"89612909","nom":"Carrera 26A","tipo":"residential"},"geometry":{"type":"LineString","coordinates":[[-74.09984,4.59793],[-74.09987,4.59789],[-74.10016,4.59752],[-74.1002,4.59747],[-74.10021,4.59747],[-74.10049,4.59711],[-74.10081,4.59672],[-74.10109,4.59636],[-74.10112,4.59631]]}},{"type":"Feature","properties":{"id":"89612910","nom":"Calle 2C","tipo":"residential"},"geometry":{"type":"LineString","coordinates":[[-74.09769,4.60064],[-74.09707,4.60015],[-74.09703,4.60012],[-74.097,4.60009],[-74.09638,4.5996]]}},{"type":"Feature","properties":{"id":"89612914","nom":"Calle 1D","tipo":"residential"},"geometry":{"type":"LineString","coordinates":[[-74.10092,4.59745],[-74.1009,4.59744],[-74.10049,4.59711],[-74.10025,4.59692],[-74.09992,4.59665],[-74.09986,4.59661],[-74.09981,4.59658],[-74.09979,4.59655],[-74.09976,4.59653],[-74.09919,4.59608],[-74.09859,4.5956],[-74.09855,4.59558]]}},{"type":"Feature","properties":{"id":"89612918","nom":"Calle 2","tipo":"tertiary"},"geometry":{"type":"LineString","coordinates":[[-74.09905,4.59984],[-74.0991,4.59988]]}},{"type":"Feature","properties":{"id":"89612919","nom":"Carrera 17","tipo":"residential"},"geometry":{"type":"LineString","coordinates":[[-74.08821,4.59676],[-74.08839,4.59628],[-74.08859,4.59577],[-74.0886,4.59575]]}},{"type":"Feature","properties":{"id":"89612936","nom":"Carrera 19A","tipo":"residential"},"geometry":{"type":"LineString","coordinates":[[-74.0925,4.59439],[-74.09252,4.59438],[-74.09253,4.59437],[-74.09254,4.59435],[-74.09273,4.59371],[-74.09287,4.59327],[-74.09289,4.59323]]}},{"type":"Feature","properties":{"id":"89612937","nom":"Carrera 19","tipo":"residential"},"geometry":{"type":"LineString","coordinates":[[-74.09161,4.59537],[-74.09177,4.59458]]}},{"type":"Feature","properties":{"id":"89612939","nom":"Avenida Carrera 30","tipo":"trunk"},"geometry":{"type":"LineString","coordinates":[[-74.10688,4.59835],[-74.1068,4.59841],[-74.10668,4.5985]]}},{"type":"Feature","properties":{"id":"89612941","nom":"Transversal 17A","tipo":"tertiary"},"geometry":{"type":"LineString","coordinates":[[-74.08986,4.59471],[-74.08986,4.59463],[-74.08986,4.59438],[-74.08987,4.59417],[-74.08987,4.5939],[-74.08987,4.59352],[-74.08987,4.59311],[-74.08986,4.59238],[-74.08986,4.59235],[-74.08986,4.5923],[-74.08984,4.59218]]}},{"type":"Feature","properties":{"id":"89612949","nom":"Calle 1F","tipo":"residential"},"geometry":{"type":"LineString","coordinates":[[-74.09292,4.59494],[-74.09337,4.59507]]}},{"type":"Feature","properties":{"id":"89612954","nom":"Carrera 25A","tipo":"residential"},"geometry":{"type":"LineString","coordinates":[[-74.09951,4.59568],[-74.09979,4.59532],[-74.09982,4.59529]]}},{"type":"Feature","properties":{"id":"89612966","nom":"Carrera 19C","tipo":"residential"},"geometry":{"type":"LineString","coordinates":[[-74.09337,4.59507],[-74.09367,4.594]]}},{"type":"Feature","properties":{"id":"89612972","nom":"Avenida Carrera 24","tipo":"secondary"},"geometry":{"type":"LineString","coordinates":[[-74.09494,4.59943],[-74.09492,4.59949],[-74.09487,4.59963],[-74.09481,4.59981],[-74.09469,4.60014],[-74.09466,4.60022],[-74.09465,4.60025],[-74.09448,4.60064],[-74.0944,4.6008],[-74.09437,4.60085],[-74.09405,4.60144],[-74.09378,4.60188],[-74.09367,4.60206],[-74.09361,4.60215],[-74.0935,4.60231]]}},{"type":"Feature","properties":{"id":"89613011","nom":"Carrera 25A","tipo":"residential"},"geometry":{"type":"LineString","coordinates":[[-74.09596,4.60016],[-74.09601,4.6001],[-74.09604,4.60006],[-74.09638,4.5996],[-74.09668,4.59923],[-74.09699,4.59885],[-74.09727,4.59849],[-74.0973,4.59846]]}},{"type":"Feature","properties":{"id":"89613013","nom":"Carrera 23A","tipo":"residential"},"geometry":{"type":"LineString","coordinates":[[-74.09558,4.59484],[-74.0956,4.59476]]}},{"type":"Feature","properties":{"id":"89613021","nom":"Carrera 21","tipo":"residential"},"geometry":{"type":"LineString","coordinates":[[-74.09453,4.59583],[-74.09439,4.59625],[-74.09415,4.59694],[-74.09414,4.59699],[-74.09412,4.59702],[-74.09396,4.59738],[-74.09377,4.59768],[-74.09362,4.59792],[-74.09337,4.59828],[-74.09334,4.59833]]}},{"type":"Feature","properties":{"id":"89613025","nom":"Carrera 29D","tipo":"residential"},"geometry":{"type":"LineString","coordinates":[[-74.10723,4.59667],[-74.10694,4.59704],[-74.10665,4.5974]]}},{"type":"Feature","properties":{"id":"89613031","nom":"Carrera 18","tipo":"residential"},"geometry":{"type":"LineString","coordinates":[[-74.09042,4.59332],[-74.09015,4.59401],[-74.09001,4.5944],[-74.08991,4.59472]]}},{"type":"Feature","properties":{"id":"89613032","nom":"Calle 2","tipo":"tertiary"},"geometry":{"type":"LineString","coordinates":[[-74.09554,4.59746],[-74.0955,4.59745],[-74.09484,4.59723],[-74.09451,4.59712],[-74.0942,4.59702],[-74.09414,4.59699],[-74.09386,4.5969]]}},{"type":"Feature","properties":{"id":"89613040","nom":"Calle 1D Bis","tipo":"residential"},"geometry":{"type":"LineString","coordinates":[[-74.0995,4.59698],[-74.09947,4.59695],[-74.09887,4.59648],[-74.09831,4.59604],[-74.09826,4.596]]}},{"type":"Feature","properties":{"id":"89613042","nom":"Avenida Carrera 30","tipo":"trunk"},"geometry":{"type":"LineString","coordinates":[[-74.10524,4.59954],[-74.10512,4.59963],[-74.10436,4.60017],[-74.10398,4.60044],[-74.10367,4.60067],[-74.10363,4.6007],[-74.1035,4.60079]]}},{"type":"Feature","properties":{"id":"89613057","nom":"Carrera 26A","tipo":"residential"},"geometry":{"type":"LineString","coordinates":[[-74.09951,4.59831],[-74.09981,4.59796],[-74.09984,4.59793]]}},{"type":"Feature","properties":{"id":"89613071","nom":"Avenida Carrera 27","tipo":"secondary"},"geometry":{"type":"LineString","coordinates":[[-74.09843,4.60061],[-74.09903,4.59987],[-74.09905,4.59984]]}},{"type":"Feature","properties":{"id":"89613074","nom":"Carrera 19A","tipo":"residential"},"geometry":{"type":"LineString","coordinates":[[-74.09242,4.59436],[-74.0925,4.59439]]}},{"type":"Feature","properties":{"id":"89613091","nom":"Carrera 18","tipo":"tertiary"},"geometry":{"type":"LineString","coordinates":[[-74.08834,4.5988],[-74.08836,4.59874],[-74.08852,4.59833],[-74.08863,4.59802],[-74.08885,4.59744],[-74.08888,4.59735],[-74.08889,4.5973],[-74.0889,4.59727],[-74.08899,4.59706],[-74.08917,4.59657],[-74.08938,4.59606],[-74.08938,4.59605],[-74.08939,4.59603],[-74.08955,4.59559],[-74.08957,4.59554],[-74.08957,4.59553],[-74.08958,4.5955],[-74.08958,4.59548],[-74.08958,4.59545],[-74.08956,4.59542],[-74.08955,4.5954],[-74.08952,4.59537]]}},{"type":"Feature","properties":{"id":"89613128","nom":"Diagonal 1H","tipo":"tertiary"},"geometry":{"type":"LineString","coordinates":[[-74.09029,4.59554],[-74.09013,4.59528],[-74.09011,4.59526],[-74.09009,4.59524],[-74.09007,4.59523]]}},{"type":"Feature","properties":{"id":"89613132","nom":"Avenida Calle 1","tipo":"secondary"},"geometry":{"type":"LineString","coordinates":[[-74.08881,4.59182],[-74.08891,4.59189],[-74.089,4.59195]]}},{"type":"Feature","properties":{"id":"89613152","nom":"Avenida Calle 1","tipo":"secondary"},"geometry":{"type":"LineString","coordinates":[[-74.089,4.59195],[-74.08915,4.59203],[-74.08922,4.59206],[-74.08927,4.59208],[-74.08948,4.59216],[-74.0897,4.59224],[-74.08983,4.59229],[-74.08986,4.5923],[-74.09028,4.59243],[-74.0907,4.59256],[-74.09116,4.59271],[-74.09163,4.59287],[-74.09195,4.59296],[-74.09231,4.59307],[-74.09253,4.59313],[-74.0928,4.59321],[-74.09289,4.59323],[-74.09425,4.5936],[-74.09431,4.59361]]}},{"type":"Feature","properties":{"id":"89613153","nom":"Calle 2","tipo":"tertiary"},"geometry":{"type":"LineString","coordinates":[[-74.0991,4.59988],[-74.09912,4.59989],[-74.09953,4.60021],[-74.10017,4.60072],[-74.10083,4.60123]]}},{"type":"Feature","properties":{"id":"89613154","nom":"Carrera 29B","tipo":"residential"},"geometry":{"type":"LineString","coordinates":[[-74.10397,4.59856],[-74.104,4.59852],[-74.10427,4.59816],[-74.10459,4.59775],[-74.10487,4.59739]]}},{"type":"Feature","properties":{"id":"89613158","nom":"Carrera 27A","tipo":"residential"},"geometry":{"type":"LineString","coordinates":[[-74.10204,4.59704],[-74.10207,4.597],[-74.10236,4.59664],[-74.10265,4.59627],[-74.10295,4.59588],[-74.10308,4.59571]]}},{"type":"Feature","properties":{"id":"89613167","nom":"Diagonal 2A","tipo":"tertiary"},"geometry":{"type":"LineString","coordinates":[[-74.09019,4.59635],[-74.09018,4.59634],[-74.09002,4.59608],[-74.09001,4.59605],[-74.09001,4.59602],[-74.09002,4.59598],[-74.09003,4.59595],[-74.09004,4.59593]]}},{"type":"Feature","properties":{"id":"89613169","nom":"Avenida Carrera 27","tipo":"secondary"},"geometry":{"type":"LineString","coordinates":[[-74.09905,4.59984],[-74.0991,4.59977],[-74.09913,4.59974],[-74.0999,4.59874],[-74.09996,4.59867],[-74.10025,4.59831],[-74.10027,4.59827],[-74.10064,4.5978],[-74.10076,4.59765],[-74.10083,4.59757],[-74.10092,4.59745],[-74.10151,4.5967],[-74.10155,4.59665]]}},{"type":"Feature","properties":{"id":"89613173","nom":"Calle 1D","tipo":"residential"},"geometry":{"type":"LineString","coordinates":[[-74.09558,4.59484],[-74.09594,4.59496],[-74.09622,4.59505],[-74.09626,4.59506]]}},{"type":"Feature","properties":{"id":"89613175","nom":"Calle 1","tipo":"residential"},"geometry":{"type":"LineString","coordinates":[[-74.10358,4.59639],[-74.10295,4.59588]]}},{"type":"Feature","properties":{"id":"89613180","nom":"Carrera 23A","tipo":"residential"},"geometry":{"type":"LineString","coordinates":[[-74.09558,4.59484],[-74.09555,4.59494]]}},{"type":"Feature","properties":{"id":"89615157","nom":"Carrera 16","tipo":"residential"},"geometry":{"type":"LineString","coordinates":[[-74.09479,4.58985],[-74.09507,4.58951]]}},{"type":"Feature","properties":{"id":"89615170","nom":"Carrera 28","tipo":"residential"},"geometry":{"type":"LineString","coordinates":[[-74.10461,4.5943],[-74.10498,4.59395],[-74.10532,4.59363],[-74.10535,4.5936],[-74.10572,4.59326],[-74.1061,4.59291],[-74.10648,4.59257]]}},{"type":"Feature","properties":{"id":"89615174","nom":"Avenida Calle 1","tipo":"secondary"},"geometry":{"type":"LineString","coordinates":[[-74.08781,4.5911],[-74.08719,4.59071],[-74.08694,4.59056],[-74.08654,4.59031],[-74.08563,4.58972],[-74.08545,4.58961],[-74.08529,4.58952],[-74.08515,4.58943],[-74.08509,4.58939],[-74.08501,4.58934]]}},{"type":"Feature","properties":{"id":"89615181","nom":"Calle 17 Sur","tipo":"tertiary"},"geometry":{"type":"LineString","coordinates":[[-74.10991,4.59643],[-74.10984,4.59633]]}},{"type":"Feature","properties":{"id":"89615193","nom":"Avenida Calle 1","tipo":"secondary"},"geometry":{"type":"LineString","coordinates":[[-74.09913,4.59492],[-74.09905,4.5949],[-74.09899,4.59489],[-74.09845,4.59472],[-74.09821,4.59465],[-74.09793,4.59457],[-74.09787,4.59455],[-74.09752,4.59444],[-74.09747,4.59442],[-74.09737,4.59439]]}},{"type":"Feature","properties":{"id":"89615209","nom":"Avenida Calle 1","tipo":"secondary"},"geometry":{"type":"LineString","coordinates":[[-74.08911,4.5919],[-74.08904,4.59187],[-74.089,4.59185],[-74.08888,4.59178]]}},{"type":"Feature","properties":{"id":"89615216","nom":"Calle 4 Sur","tipo":"residential"},"geometry":{"type":"LineString","coordinates":[[-74.09226,4.58925],[-74.09239,4.58935],[-74.09262,4.58953]]}},{"type":"Feature","properties":{"id":"89615249","nom":"Carrera 25 Bis","tipo":"residential"},"geometry":{"type":"LineString","coordinates":[[-74.0999,4.59436],[-74.09989,4.59426],[-74.0999,4.59419],[-74.0999,4.59414],[-74.09992,4.59411],[-74.09996,4.59405],[-74.10018,4.5938],[-74.10023,4.59375],[-74.10033,4.59364],[-74.10081,4.5931]]}},{"type":"Feature","properties":{"id":"89615252","nom":"Calle 6 Sur","tipo":"residential"},"geometry":{"type":"LineString","coordinates":[[-74.09618,4.591],[-74.09576,4.59065],[-74.0954,4.59036],[-74.09527,4.59025],[-74.09479,4.58985],[-74.09442,4.58954],[-74.09405,4.58924],[-74.0939,4.58911],[-74.09369,4.58894],[-74.09334,4.58865],[-74.09319,4.58853],[-74.09298,4.58835],[-74.09268,4.58811],[-74.09262,4.58806]]}},{"type":"Feature","properties":{"id":"89615255","nom":"Calle 9 Sur","tipo":"residential"},"geometry":{"type":"LineString","coordinates":[[-74.09851,4.59099],[-74.09847,4.59097],[-74.09811,4.5907],[-74.09767,4.59038],[-74.09733,4.59013],[-74.09698,4.58987],[-74.09661,4.5896],[-74.09611,4.58923]]}},{"type":"Feature","properties":{"id":"89615281","nom":"Calle 8 Sur","tipo":"residential"},"geometry":{"type":"LineString","coordinates":[[-74.09829,4.59126],[-74.09825,4.59124],[-74.09747,4.59067],[-74.09678,4.59016],[-74.09589,4.5895]]}},{"type":"Feature","properties":{"id":"89615285","nom":"Avenida Carrera 30","tipo":"secondary"},"geometry":{"type":"LineString","coordinates":[[-74.10698,4.59866],[-74.10702,4.59863],[-74.10706,4.59861],[-74.10712,4.59856]]}},{"type":"Feature","properties":{"id":"89615294","nom":"Carrera 18A","tipo":"residential"},"geometry":{"type":"LineString","coordinates":[[-74.09453,4.59218],[-74.09394,4.59295],[-74.0937,4.59326],[-74.09369,4.59328],[-74.09365,4.59333]]}},{"type":"Feature","properties":{"id":"89615298","nom":"Carrera 16","tipo":"residential"},"geometry":{"type":"LineString","coordinates":[[-74.09586,4.58836],[-74.09622,4.58798],[-74.09648,4.58764],[-74.09678,4.58725],[-74.09684,4.58718]]}},{"type":"Feature","properties":{"id":"89615307","nom":"Carrera 16","tipo":"residential"},"geometry":{"type":"LineString","coordinates":[[-74.09189,4.59213],[-74.09148,4.59266],[-74.09145,4.5927]]}},{"type":"Feature","properties":{"id":"89615316","nom":"Calle 10 Sur","tipo":"residential"},"geometry":{"type":"LineString","coordinates":[[-74.09379,4.58662],[-74.09386,4.58668],[-74.09456,4.58728],[-74.09521,4.58781],[-74.0956,4.58813],[-74.09586,4.58836],[-74.09595,4.58843],[-74.09644,4.58881],[-74.09652,4.58888],[-74.09674,4.58907],[-74.09689,4.58918],[-74.097,4.58924],[-74.09711,4.58931],[-74.09727,4.58943],[-74.09764,4.5897],[-74.09797,4.58995],[-74.09839,4.5903],[-74.09878,4.59059],[-74.09882,4.59062]]}},{"type":"Feature","properties":{"id":"89615320","nom":"Calle 10B Sur","tipo":"secondary"},"geometry":{"type":"LineString","coordinates":[[-74.09722,4.58827],[-74.09726,4.58849],[-74.09729,4.58857],[-74.09732,4.58865],[-74.09736,4.58874],[-74.09742,4.58883],[-74.09748,4.58891],[-74.09753,4.58896],[-74.09754,4.58898],[-74.09759,4.58902]]}},{"type":"Feature","properties":{"id":"89615346","nom":"Calle 3 Sur","tipo":"residential"},"geometry":{"type":"LineString","coordinates":[[-74.09674,4.59346],[-74.09678,4.59348],[-74.09716,4.59359],[-74.09757,4.59371],[-74.09812,4.59387],[-74.09834,4.59394],[-74.09865,4.59403]]}},{"type":"Feature","properties":{"id":"89615353","nom":"Carrera 24D","tipo":"residential"},"geometry":{"type":"LineString","coordinates":[[-74.10046,4.59191],[-74.09943,4.59308],[-74.09908,4.59351],[-74.09869,4.59396],[-74.09867,4.59399],[-74.09865,4.59403],[-74.09862,4.59413],[-74.09847,4.59468],[-74.09845,4.59472]]}},{"type":"Feature","properties":{"id":"89615386","nom":"Avenida Carrera 24","tipo":"secondary"},"geometry":{"type":"LineString","coordinates":[[-74.09905,4.59032],[-74.09904,4.59035],[-74.09897,4.59043],[-74.09882,4.59062],[-74.09851,4.59099],[-74.0984,4.59113],[-74.09829,4.59126],[-74.09797,4.59163],[-74.09787,4.59175],[-74.09759,4.59207],[-74.09753,4.59214]]}},{"type":"Feature","properties":{"id":"89615398","nom":"Calle 4 Sur","tipo":"residential"},"geometry":{"type":"LineString","coordinates":[[-74.09706,4.59283],[-74.09709,4.59286],[-74.09741,4.59313]]}},{"type":"Feature","properties":{"id":"89615401","nom":"Carrera 24C","tipo":"residential"},"geometry":{"type":"LineString","coordinates":[[-74.09903,4.59273],[-74.09968,4.59198],[-74.10029,4.5913],[-74.10032,4.59126]]}},{"type":"Feature","properties":{"id":"89615418","nom":"Carrera 29","tipo":"residential"},"geometry":{"type":"LineString","coordinates":[[-74.10666,4.59369],[-74.10628,4.59397],[-74.10625,4.59399],[-74.10588,4.59426],[-74.10585,4.59428],[-74.10543,4.59459],[-74.10503,4.59488]]}},{"type":"Feature","properties":{"id":"89615422","nom":"Calle 7 Sur","tipo":"residential"},"geometry":{"type":"LineString","coordinates":[[-74.09787,4.59175],[-74.09784,4.59173],[-74.09714,4.59114],[-74.09647,4.59059],[-74.09559,4.58986]]}},{"type":"Feature","properties":{"id":"89615435","nom":"Calle 3 Sur","tipo":"residential"},"geometry":{"type":"LineString","coordinates":[[-74.09086,4.58919],[-74.09053,4.58892],[-74.09021,4.58866],[-74.08991,4.58842],[-74.0896,4.58816],[-74.08929,4.58789],[-74.08896,4.58762],[-74.08862,4.58734],[-74.08827,4.58704],[-74.08803,4.58684],[-74.08791,4.58674],[-74.08767,4.58656],[-74.08753,4.58644],[-74.08719,4.58618],[-74.08714,4.58614]]}},{"type":"Feature","properties":{"id":"89615437","nom":"Calle 9 Sur","tipo":"residential"},"geometry":{"type":"LineString","coordinates":[[-74.09909,4.59146],[-74.0993,4.59165],[-74.09968,4.59198]]}},{"type":"Feature","properties":{"id":"89615438","nom":"Calle 9 Sur","tipo":"residential"},"geometry":{"type":"LineString","coordinates":[[-74.09423,4.58771],[-74.09487,4.58822]]}},{"type":"Feature","properties":{"id":"89615447","nom":"Carrera 18","tipo":"residential"},"geometry":{"type":"LineString","coordinates":[[-74.09684,4.58849],[-74.09652,4.58888]]}},{"type":"Feature","properties":{"id":"89615449","nom":"Calle 14 Sur","tipo":"residential"},"geometry":{"type":"LineString","coordinates":[[-74.10503,4.59488],[-74.10461,4.5943],[-74.10434,4.59393],[-74.10431,4.59388]]}},{"type":"Feature","properties":{"id":"89615465","nom":"Carrera 24C","tipo":"residential"},"geometry":{"type":"LineString","coordinates":[[-74.09812,4.59387],[-74.09814,4.59382],[-74.09816,4.59377],[-74.09818,4.59374],[-74.09821,4.5937],[-74.09868,4.59315]]}},{"type":"Feature","properties":{"id":"89615481","nom":"Calle 15A Sur","tipo":"residential"},"geometry":{"type":"LineString","coordinates":[[-74.1061,4.59291],[-74.1065,4.59348],[-74.10666,4.59369],[-74.10696,4.59411],[-74.10723,4.59448],[-74.10727,4.59455],[-74.10739,4.59471],[-74.10746,4.5948],[-74.10766,4.59508],[-74.10777,4.59524]]}},{"type":"Feature","properties":{"id":"89615486","nom":"Carrera 14B","tipo":"residential"},"geometry":{"type":"LineString","coordinates":[[-74.09135,4.59172],[-74.09165,4.59132],[-74.09169,4.59126],[-74.09175,4.59117],[-74.09193,4.59092],[-74.09205,4.59076],[-74.09211,4.59069],[-74.09235,4.59037]]}},{"type":"Feature","properties":{"id":"89617647","nom":"Calle 14 Sur","tipo":"residential"},"geometry":{"type":"LineString","coordinates":[[-74.09778,4.58598],[-74.09751,4.5857],[-74.09695,4.5851],[-74.09666,4.58479],[-74.09661,4.58472]]}},{"type":"Feature","properties":{"id":"89617648","nom":"Carrera 24D Bis","tipo":"residential"},"geometry":{"type":"LineString","coordinates":[[-74.10311,4.58893],[-74.10312,4.58947],[-74.10312,4.58949],[-74.10312,4.58959],[-74.10312,4.58962],[-74.10312,4.58975],[-74.10312,4.58979],[-74.10312,4.58981]]}},{"type":"Feature","properties":{"id":"89617665","nom":"Calle 13 Sur","tipo":"residential"},"geometry":{"type":"LineString","coordinates":[[-74.10245,4.59221],[-74.10247,4.59239],[-74.10248,4.59244],[-74.10249,4.59248],[-74.10252,4.59253],[-74.10257,4.59259],[-74.10265,4.59268],[-74.10266,4.59269],[-74.10294,4.59297],[-74.10383,4.59385]]}},{"type":"Feature","properties":{"id":"89617671","nom":"Transversal 24I","tipo":"tertiary"},"geometry":{"type":"LineString","coordinates":[[-74.1039,4.59445],[-74.1039,4.59432],[-74.10392,4.59408],[-74.10393,4.59402],[-74.10393,4.59397],[-74.10394,4.59387],[-74.10394,4.59385],[-74.10397,4.59366],[-74.10401,4.5933],[-74.10403,4.59315],[-74.10413,4.59235],[-74.10419,4.59192],[-74.10423,4.59162],[-74.10434,4.59073]]}},{"type":"Feature","properties":{"id":"89617720","nom":"Diagonal 17C Sur","tipo":"residential"},"geometry":{"type":"LineString","coordinates":[[-74.10487,4.58955],[-74.10553,4.58952],[-74.10568,4.58952],[-74.10655,4.58951],[-74.10709,4.5895],[-74.1076,4.58949],[-74.10769,4.58949],[-74.10772,4.58949],[-74.10776,4.5895],[-74.10781,4.58951]]}},{"type":"Feature","properties":{"id":"89617730","nom":"Calle 17 Sur","tipo":"tertiary"},"geometry":{"type":"LineString","coordinates":[[-74.1028,4.58776],[-74.10309,4.58807]]}},{"type":"Feature","properties":{"id":"89617736","nom":"Calle 19 Sur","tipo":"secondary"},"geometry":{"type":"LineString","coordinates":[[-74.10098,4.58307],[-74.10081,4.58288],[-74.10073,4.5828],[-74.10069,4.58274],[-74.10065,4.58268],[-74.10061,4.58262],[-74.10058,4.58257],[-74.10057,4.58255],[-74.10056,4.58254],[-74.10052,4.58247]]}},{"type":"Feature","properties":{"id":"89617758","nom":"Carrera 18","tipo":"secondary"},"geometry":{"type":"LineString","coordinates":[[-74.10239,4.58381],[-74.10207,4.58411],[-74.10202,4.58416]]}},{"type":"Feature","properties":{"id":"89617790","nom":"Carrera 24G","tipo":"residential"},"geometry":{"type":"LineString","coordinates":[[-74.10232,4.59162],[-74.10314,4.59077],[-74.10362,4.59033],[-74.10418,4.5898]]}},{"type":"Feature","properties":{"id":"89617796","nom":"Transversal 18 Bis","tipo":"secondary"},"geometry":{"type":"LineString","coordinates":[[-74.09943,4.58662],[-74.09968,4.58662]]}},{"type":"Feature","properties":{"id":"89617803","nom":"Calle 13 Sur","tipo":"tertiary"},"geometry":{"type":"LineString","coordinates":[[-74.09855,4.58731],[-74.09855,4.58752],[-74.09856,4.58766],[-74.09857,4.58772],[-74.09858,4.58777],[-74.0986,4.58782],[-74.09862,4.58786],[-74.09866,4.58791],[-74.09889,4.58815],[-74.09893,4.5882],[-74.09938,4.58867]]}},{"type":"Feature","properties":{"id":"89617813","nom":"Avenida Carrera 27","tipo":"secondary"},"geometry":{"type":"LineString","coordinates":[[-74.10595,4.59213],[-74.1057,4.59235],[-74.10558,4.59248],[-74.10534,4.5927],[-74.10495,4.59308],[-74.1045,4.59351],[-74.10447,4.59353],[-74.10443,4.59357],[-74.10434,4.59366],[-74.10408,4.5939],[-74.10401,4.59396],[-74.10396,4.59401],[-74.10393,4.59402],[-74.10388,4.59405],[-74.10379,4.59408],[-74.10368,4.59411],[-74.10357,4.59414],[-74.1034,4.59416]]}},{"type":"Feature","properties":{"id":"89617864","nom":"Calle 17 Sur","tipo":"tertiary"},"geometry":{"type":"LineString","coordinates":[[-74.10467,4.58974],[-74.10519,4.59029]]}},{"type":"Feature","properties":{"id":"89617880","nom":"Calle 17B Sur","tipo":"residential"},"geometry":{"type":"LineString","coordinates":[[-74.10714,4.591],[-74.10711,4.59097],[-74.10663,4.59043],[-74.10624,4.59004]]}},{"type":"Feature","properties":{"id":"89617903","nom":"Transversal 24I","tipo":"tertiary"},"geometry":{"type":"LineString","coordinates":[[-74.10425,4.59072],[-74.10419,4.59116],[-74.10414,4.59161],[-74.1041,4.59192],[-74.10404,4.59236],[-74.10397,4.59288],[-74.10395,4.59307],[-74.10394,4.59315],[-74.1039,4.59342],[-74.10385,4.59376],[-74.10383,4.59385],[-74.10383,4.59388],[-74.10381,4.59392],[-74.10379,4.59395],[-74.10372,4.59399],[-74.10362,4.59404],[-74.10353,4.59408],[-74.10328,4.59418]]}},{"type":"Feature","properties":{"id":"89617909","nom":"Calle 14 Sur","tipo":"residential"},"geometry":{"type":"LineString","coordinates":[[-74.09778,4.58598],[-74.09828,4.5865],[-74.09832,4.58654],[-74.09841,4.58664]]}},{"type":"Feature","properties":{"id":"89617930","nom":"Calle 13 Sur","tipo":"residential"},"geometry":{"type":"LineString","coordinates":[[-74.10047,4.58961],[-74.10059,4.58971],[-74.10073,4.58983],[-74.10084,4.5899],[-74.10092,4.58995],[-74.10107,4.59002],[-74.10124,4.5901],[-74.10142,4.59017],[-74.10162,4.59026],[-74.10174,4.59032],[-74.10179,4.59035],[-74.10184,4.59039],[-74.10193,4.59048],[-74.10199,4.59054],[-74.10203,4.5906],[-74.10208,4.59069],[-74.10212,4.5908],[-74.10216,4.59093],[-74.10223,4.59115],[-74.10227,4.59132],[-74.10227,4.59135],[-74.10232,4.59162],[-74.10235,4.59171],[-74.10242,4.59207],[-74.10245,4.59221]]}},{"type":"Feature","properties":{"id":"89617958","nom":"Calle 13A Sur","tipo":"residential"},"geometry":{"type":"LineString","coordinates":[[-74.09916,4.58793],[-74.09855,4.58731]]}},{"type":"Feature","properties":{"id":"89617966","nom":"Calle 13A Sur","tipo":"residential"},"geometry":{"type":"LineString","coordinates":[[-74.09963,4.58844],[-74.09916,4.58793]]}},{"type":"Feature","properties":{"id":"89617972","nom":"Avenida Calle 11 Sur","tipo":"secondary"},"geometry":{"type":"LineString","coordinates":[[-74.09697,4.58667],[-74.09648,4.58667],[-74.09626,4.58668],[-74.09618,4.58668]]}},{"type":"Feature","properties":{"id":"89617975","nom":"Calle 15 Sur","tipo":"residential"},"geometry":{"type":"LineString","coordinates":[[-74.10257,4.59015],[-74.10314,4.59077],[-74.10324,4.59087],[-74.10364,4.59129],[-74.10386,4.59153],[-74.10391,4.59156],[-74.10397,4.59159],[-74.10401,4.5916],[-74.1041,4.59161],[-74.10414,4.59161],[-74.10423,4.59162]]}},{"type":"Feature","properties":{"id":"89617979","nom":"Carrera 26","tipo":"residential"},"geometry":{"type":"LineString","coordinates":[[-74.10485,4.59216],[-74.10488,4.59213],[-74.10541,4.59161],[-74.10543,4.59158]]}},{"type":"Feature","properties":{"id":"89617984","nom":"Calle 16 Sur","tipo":"residential"},"geometry":{"type":"LineString","coordinates":[[-74.10312,4.58981],[-74.10314,4.58983],[-74.10316,4.58986],[-74.10362,4.59033],[-74.10392,4.59065],[-74.10395,4.59067],[-74.10398,4.59068],[-74.10401,4.59069],[-74.10425,4.59072]]}},{"type":"Feature","properties":{"id":"89618062","nom":"Calle 18 Sur","tipo":"residential"},"geometry":{"type":"LineString","coordinates":[[-74.10553,4.58927],[-74.1052,4.58891],[-74.10519,4.58889],[-74.10517,4.58888],[-74.10514,4.58885],[-74.10467,4.58835],[-74.1046,4.58828],[-74.10419,4.58784],[-74.10378,4.58741],[-74.10331,4.58692],[-74.10285,4.58643],[-74.10282,4.5864]]}},{"type":"Feature","properties":{"id":"89618069","nom":"Carrera 18","tipo":"secondary"},"geometry":{"type":"LineString","coordinates":[[-74.10317,4.58307],[-74.10285,4.58337],[-74.10282,4.5834],[-74.10243,4.58377],[-74.10239,4.58381]]}},{"type":"Feature","properties":{"id":"89618084","nom":"Carrera 24H","tipo":"residential"},"geometry":{"type":"LineString","coordinates":[[-74.10247,4.59239],[-74.10252,4.59234],[-74.10293,4.59195],[-74.10326,4.59164],[-74.10364,4.59129]]}},{"type":"Feature","properties":{"id":"89618112","nom":"Diagonal 16A Sur","tipo":"residential"},"geometry":{"type":"LineString","coordinates":[[-74.10311,4.58893],[-74.10305,4.58893],[-74.10305,4.58893],[-74.10277,4.58894],[-74.10263,4.58895],[-74.10241,4.58872]]}},{"type":"Feature","properties":{"id":"89618151","nom":"Carrera 24B","tipo":"residential"},"geometry":{"type":"LineString","coordinates":[[-74.10089,4.58929],[-74.1009,4.58926],[-74.10091,4.58922],[-74.10094,4.58917],[-74.10097,4.58913],[-74.10155,4.58857],[-74.10193,4.58821],[-74.10205,4.5881],[-74.10218,4.58798],[-74.1023,4.58787]]}},{"type":"Feature","properties":{"id":"89618155","nom":"Carrera 24C","tipo":"residential"},"geometry":{"type":"LineString","coordinates":[[-74.10524,4.5863],[-74.10481,4.58663],[-74.10465,4.58674],[-74.1045,4.58681],[-74.10438,4.58689],[-74.1043,4.58694],[-74.10423,4.587],[-74.10378,4.58741]]}},{"type":"Feature","properties":{"id":"89619448","nom":"Avenida Carrera 30","tipo":"secondary"},"geometry":{"type":"LineString","coordinates":[[-74.11229,4.59458],[-74.11217,4.59467],[-74.11204,4.59476],[-74.1114,4.59522],[-74.11099,4.59551],[-74.11095,4.59554],[-74.10988,4.5963],[-74.10984,4.59633]]}},{"type":"Feature","properties":{"id":"89619472","nom":"Calle 20 Sur","tipo":"residential"},"geometry":{"type":"LineString","coordinates":[[-74.10797,4.58917],[-74.10746,4.58864],[-74.10699,4.58814],[-74.10686,4.588],[-74.10671,4.58785],[-74.1065,4.58762],[-74.10599,4.58709],[-74.10591,4.58701],[-74.10551,4.58659],[-74.10524,4.5863],[-74.1051,4.58616],[-74.10501,4.58606],[-74.10472,4.58576],[-74.1047,4.58573],[-74.10468,4.5857],[-74.10468,4.58566],[-74.10468,4.58564],[-74.10469,4.58561],[-74.10471,4.58559]]}},{"type":"Feature","properties":{"id":"89619495","nom":"Carrera 24D","tipo":"residential"},"geometry":{"type":"LineString","coordinates":[[-74.10622,4.58592],[-74.10618,4.58596],[-74.10551,4.58659],[-74.10486,4.5872],[-74.10419,4.58784]]}},{"type":"Feature","properties":{"id":"89619541","nom":"Carrera 34A","tipo":"residential"},"geometry":{"type":"LineString","coordinates":[[-74.11407,4.59469],[-74.11509,4.59417],[-74.11512,4.59416],[-74.11547,4.59398],[-74.11551,4.59396],[-74.11554,4.59394]]}},{"type":"Feature","properties":{"id":"89619552","nom":"Avenida Calle 22 Sur","tipo":"primary"},"geometry":{"type":"LineString","coordinates":[[-74.11242,4.59449],[-74.11248,4.59459]]}},{"type":"Feature","properties":{"id":"89619562","nom":"Carrera 34F","tipo":"residential"},"geometry":{"type":"LineString","coordinates":[[-74.11639,4.59445],[-74.11587,4.5946],[-74.11551,4.5947],[-74.11535,4.59475],[-74.11431,4.5951]]}},{"type":"Feature","properties":{"id":"89619570","nom":"Avenida Calle 22 Sur","tipo":"primary"},"geometry":{"type":"LineString","coordinates":[[-74.10799,4.58814],[-74.10845,4.58872],[-74.10882,4.58918],[-74.10884,4.58921],[-74.10891,4.5893]]}},{"type":"Feature","properties":{"id":"89619575","nom":"Avenida Carrera 30","tipo":"secondary"},"geometry":{"type":"LineString","coordinates":[[-74.11248,4.59459],[-74.11262,4.59449]]}},{"type":"Feature","properties":{"id":"89619576","nom":"Calle 30 Sur","tipo":"tertiary"},"geometry":{"type":"LineString","coordinates":[[-74.1145,4.59057],[-74.11454,4.59073],[-74.11466,4.59103],[-74.11468,4.59105],[-74.11505,4.59181]]}},{"type":"Feature","properties":{"id":"89619595","nom":"Calle 26 Sur","tipo":"residential"},"geometry":{"type":"LineString","coordinates":[[-74.11059,4.58883],[-74.11059,4.58888],[-74.11059,4.58894],[-74.11061,4.589],[-74.11067,4.58919],[-74.11115,4.59057],[-74.11137,4.59122],[-74.11142,4.59134],[-74.11142,4.59136],[-74.11168,4.59211]]}},{"type":"Feature","properties":{"id":"89619604","nom":"Calle 29 Sur","tipo":"residential"},"geometry":{"type":"LineString","coordinates":[[-74.11441,4.59288],[-74.11417,4.59209],[-74.11391,4.59127],[-74.11378,4.59087],[-74.11371,4.59067],[-74.11368,4.59063],[-74.11366,4.59059],[-74.11362,4.59055],[-74.11359,4.59051],[-74.11357,4.59048],[-74.11348,4.59018],[-74.11342,4.58998],[-74.11338,4.58986],[-74.11306,4.58884],[-74.11305,4.58881],[-74.11303,4.58875]]}},{"type":"Feature","properties":{"id":"89619607","nom":"Calle 30 Sur","tipo":"residential"},"geometry":{"type":"LineString","coordinates":[[-74.1145,4.59057],[-74.11446,4.59044],[-74.11443,4.59034],[-74.11438,4.5902],[-74.11419,4.5896],[-74.11393,4.58881],[-74.1139,4.58873],[-74.11388,4.58867]]}},{"type":"Feature","properties":{"id":"89619614","nom":"Carrera 34","tipo":"residential"},"geometry":{"type":"LineString","coordinates":[[-74.11563,4.59297],[-74.11521,4.59328],[-74.11476,4.59361],[-74.11383,4.59428]]}},{"type":"Feature","properties":{"id":"89619628","nom":"Avenida Calle 22 Sur","tipo":"primary"},"geometry":{"type":"LineString","coordinates":[[-74.11116,4.5924],[-74.11118,4.59242],[-74.11127,4.59256],[-74.11164,4.59314],[-74.11179,4.5934],[-74.11203,4.59381],[-74.11224,4.59418],[-74.1123,4.59429]]}},{"type":"Feature","properties":{"id":"89619642","nom":"Avenida Calle 22 Sur","tipo":"primary"},"geometry":{"type":"LineString","coordinates":[[-74.10409,4.58325],[-74.10418,4.58336],[-74.10448,4.58374],[-74.10465,4.58395],[-74.10495,4.58433],[-74.10503,4.58443],[-74.10508,4.58449]]}},{"type":"Feature","properties":{"id":"89619644","nom":"Avenida Carrera 27","tipo":"secondary"},"geometry":{"type":"LineString","coordinates":[[-74.10891,4.5893],[-74.10883,4.58938],[-74.1088,4.5894],[-74.10863,4.58957],[-74.10845,4.58975],[-74.1084,4.58979],[-74.10823,4.58995],[-74.10822,4.58996],[-74.1079,4.59026],[-74.1078,4.59035],[-74.10714,4.591]]}},{"type":"Feature","properties":{"id":"89619650","nom":"Avenida Carrera 30","tipo":"secondary"},"geometry":{"type":"LineString","coordinates":[[-74.11256,4.59438],[-74.11242,4.59449]]}},{"type":"Feature","properties":{"id":"89619661","nom":"Avenida Carrera 27","tipo":"secondary"},"geometry":{"type":"LineString","coordinates":[[-74.10909,4.58928],[-74.10918,4.5892],[-74.10925,4.58912],[-74.10934,4.58905],[-74.1094,4.58899],[-74.10945,4.58896],[-74.1095,4.58893],[-74.10962,4.58888],[-74.10975,4.58884],[-74.1099,4.58881],[-74.11002,4.5888],[-74.11017,4.58881],[-74.11045,4.58882]]}},{"type":"Feature","properties":{"id":"89619680","nom":"Carrera 29","tipo":"residential"},"geometry":{"type":"LineString","coordinates":[[-74.11115,4.59057],[-74.11194,4.59032],[-74.11269,4.59008],[-74.11314,4.58994],[-74.11338,4.58986],[-74.1136,4.58979],[-74.11381,4.58972],[-74.11419,4.5896],[-74.11518,4.58928],[-74.11525,4.58926]]}},{"type":"Feature","properties":{"id":"89619703","nom":"Avenida Carrera 27","tipo":"secondary"},"geometry":{"type":"LineString","coordinates":[[-74.10396,4.59463],[-74.10397,4.5945],[-74.10399,4.59437],[-74.10402,4.59427],[-74.10406,4.59419],[-74.10411,4.59409],[-74.10418,4.594],[-74.10431,4.59388],[-74.10453,4.59367],[-74.10456,4.59364],[-74.10477,4.59344],[-74.10496,4.59326],[-74.10541,4.59283],[-74.10575,4.59252],[-74.10582,4.59245],[-74.10614,4.59216],[-74.10622,4.59208],[-74.10631,4.592]]}},{"type":"Feature","properties":{"id":"89619726","nom":"Calle 26 Sur","tipo":"residential"},"geometry":{"type":"LineString","coordinates":[[-74.1119,4.59281],[-74.11168,4.59211]]}},{"type":"Feature","properties":{"id":"89619728","nom":"Carrera 29C","tipo":"residential"},"geometry":{"type":"LineString","coordinates":[[-74.1119,4.59281],[-74.11266,4.59257],[-74.11341,4.59233],[-74.11417,4.59209],[-74.11501,4.59183],[-74.11505,4.59181]]}},{"type":"Feature","properties":{"id":"89619759","nom":"Transversal 35","tipo":"trunk"},"geometry":{"type":"LineString","coordinates":[[-74.11526,4.5954],[-74.11497,4.5955],[-74.1145,4.59565],[-74.11436,4.5957]]}},{"type":"Feature","properties":{"id":"89619786","nom":"Transversal 29A Bis","tipo":"residential"},"geometry":{"type":"LineString","coordinates":[[-74.11446,4.59044],[-74.11378,4.59087],[-74.11309,4.59133]]}},{"type":"Feature","properties":{"id":"89619793","nom":"Calle 17A Sur","tipo":"residential"},"geometry":{"type":"LineString","coordinates":[[-74.1099,4.59562],[-74.10953,4.59507],[-74.10947,4.59499],[-74.10939,4.59488],[-74.109,4.59434],[-74.10872,4.59394],[-74.10864,4.59382],[-74.10821,4.59323]]}},{"type":"Feature","properties":{"id":"89619816","nom":"Avenida Carrera 27","tipo":"secondary"},"geometry":{"type":"LineString","coordinates":[[-74.10898,4.5894],[-74.10909,4.58928]]}},{"type":"Feature","properties":{"id":"89619839","nom":"Calle 27A Sur","tipo":"residential"},"geometry":{"type":"LineString","coordinates":[[-74.1145,4.59565],[-74.11447,4.59556],[-74.11431,4.5951],[-74.11407,4.59469],[-74.11388,4.59437],[-74.11383,4.59428],[-74.11353,4.59389],[-74.1135,4.59386]]}},{"type":"Feature","properties":{"id":"89619855","nom":"Avenida Calle 22 Sur","tipo":"primary"},"geometry":{"type":"LineString","coordinates":[[-74.10665,4.58647],[-74.1067,4.58653],[-74.1068,4.58665],[-74.10705,4.58696],[-74.1071,4.58702],[-74.10726,4.58723],[-74.10756,4.58759],[-74.10799,4.58814]]}},{"type":"Feature","properties":{"id":"89619859","nom":"Avenida Carrera 30","tipo":"secondary"},"geometry":{"type":"LineString","coordinates":[[-74.11534,4.59239],[-74.11516,4.59252],[-74.11446,4.59302],[-74.11379,4.5935]]}},{"type":"Feature","properties":{"id":"89619877","nom":"Carrera 24F","tipo":"residential"},"geometry":{"type":"LineString","coordinates":[[-74.10398,4.58901],[-74.10467,4.58835],[-74.10511,4.58793],[-74.10534,4.58771],[-74.10599,4.58709],[-74.10653,4.58658]]}},{"type":"Feature","properties":{"id":"89619917","nom":"Calle 28 Sur","tipo":"residential"},"geometry":{"type":"LineString","coordinates":[[-74.11229,4.58882],[-74.1123,4.58886],[-74.11269,4.59008],[-74.11293,4.59083],[-74.11309,4.59133],[-74.11315,4.59152],[-74.11341,4.59233],[-74.11366,4.59312]]}},{"type":"Feature","properties":{"id":"89619928","nom":"Avenida Calle 22 Sur","tipo":"primary"},"geometry":{"type":"LineString","coordinates":[[-74.10891,4.5893],[-74.10898,4.5894]]}},{"type":"Feature","properties":{"id":"89619943","nom":"Carrera 22","tipo":"residential"},"geometry":{"type":"LineString","coordinates":[[-74.10095,4.58717],[-74.10093,4.58719],[-74.10055,4.58755],[-74.10017,4.58792],[-74.09987,4.58821],[-74.09963,4.58844],[-74.09938,4.58867]]}},{"type":"Feature","properties":{"id":"89625349","nom":"Calle 29 Sur","tipo":"residential"},"geometry":{"type":"LineString","coordinates":[[-74.11173,4.58309],[-74.11157,4.5828],[-74.11156,4.58277],[-74.11126,4.58221]]}},{"type":"Feature","properties":{"id":"89625392","nom":"Carrera 21A","tipo":"residential"},"geometry":{"type":"LineString","coordinates":[[-74.11082,4.5813],[-74.11051,4.58147],[-74.1102,4.58164],[-74.11008,4.58171],[-74.1097,4.58192],[-74.10966,4.58194]]}},{"type":"Feature","properties":{"id":"89625410","nom":"Calle 28 Sur","tipo":"tertiary"},"geometry":{"type":"LineString","coordinates":[[-74.11173,4.58701],[-74.11174,4.58704],[-74.11182,4.58784],[-74.1119,4.58864],[-74.1119,4.5887]]}},{"type":"Feature","properties":{"id":"89625440","nom":"Carrera 24C","tipo":"residential"},"geometry":{"type":"LineString","coordinates":[[-74.10732,4.58493],[-74.10793,4.58491]]}},{"type":"Feature","properties":{"id":"89625480","nom":"Calle 31 Sur","tipo":"residential"},"geometry":{"type":"LineString","coordinates":[[-74.11315,4.58356],[-74.11317,4.5836],[-74.11358,4.58452],[-74.11363,4.58462],[-74.11365,4.58466],[-74.11368,4.58472],[-74.11373,4.58479],[-74.11378,4.58486],[-74.11382,4.58492],[-74.11384,4.58495],[-74.11386,4.58499],[-74.11389,4.58507],[-74.11421,4.58573],[-74.11458,4.58655],[-74.11464,4.58668],[-74.11469,4.58679]]}},{"type":"Feature","properties":{"id":"89625526","nom":"Calle 28 Sur","tipo":"tertiary"},"geometry":{"type":"LineString","coordinates":[[-74.11158,4.58534],[-74.11155,4.58528],[-74.11134,4.58496],[-74.11104,4.58448],[-74.11098,4.58437],[-74.11096,4.58435],[-74.11095,4.58432],[-74.11093,4.58428]]}},{"type":"Feature","properties":{"id":"89625554","nom":"Carrera 24D Bis","tipo":"residential"},"geometry":{"type":"LineString","coordinates":[[-74.10796,4.58495],[-74.10748,4.58532],[-74.10696,4.58573]]}},{"type":"Feature","properties":{"id":"89625578","nom":"Carrera 19C","tipo":"tertiary"},"geometry":{"type":"LineString","coordinates":[[-74.10421,4.58314],[-74.10427,4.58308],[-74.10433,4.58304],[-74.10546,4.5824],[-74.10667,4.58172],[-74.10724,4.58139],[-74.10784,4.58105],[-74.10788,4.58103]]}},{"type":"Feature","properties":{"id":"89625586","nom":"Calle 28 Sur","tipo":"tertiary"},"geometry":{"type":"LineString","coordinates":[[-74.11042,4.58335],[-74.11013,4.58282],[-74.11011,4.58278],[-74.10995,4.58248],[-74.10987,4.58233],[-74.10966,4.58194],[-74.10961,4.58184],[-74.10949,4.58163],[-74.10941,4.58148],[-74.10938,4.58141],[-74.1092,4.58108]]}},{"type":"Feature","properties":{"id":"89625593","nom":"Calle 30 Sur","tipo":"residential"},"geometry":{"type":"LineString","coordinates":[[-74.11171,4.58161],[-74.11173,4.58196],[-74.11174,4.58202],[-74.11176,4.58206],[-74.11188,4.58229],[-74.1119,4.58233],[-74.11201,4.58253],[-74.11205,4.58262],[-74.11218,4.58285]]}},{"type":"Feature","properties":{"id":"89625594","nom":"Calle 26 Sur","tipo":"residential"},"geometry":{"type":"LineString","coordinates":[[-74.10553,4.57991],[-74.10556,4.57996],[-74.10594,4.58055],[-74.1062,4.58097],[-74.10627,4.58109],[-74.10667,4.58172],[-74.107,4.58225],[-74.10731,4.58274],[-74.10732,4.58277]]}},{"type":"Feature","properties":{"id":"89625595","nom":"Carrera 25","tipo":"residential"},"geometry":{"type":"LineString","coordinates":[[-74.11062,4.58574],[-74.11057,4.58578],[-74.10971,4.58656],[-74.10896,4.58725]]}},{"type":"Feature","properties":{"id":"89625617","nom":"Calle 27A Sur","tipo":"residential"},"geometry":{"type":"LineString","coordinates":[[-74.10965,4.58311],[-74.10939,4.58263]]}},{"type":"Feature","properties":{"id":"89625620","nom":"Carrera 22","tipo":"residential"},"geometry":{"type":"LineString","coordinates":[[-74.10995,4.58248],[-74.10999,4.58246],[-74.11038,4.58225],[-74.1105,4.58219],[-74.11081,4.58203]]}},{"type":"Feature","properties":{"id":"89625623","nom":"Carrera 26","tipo":"residential"},"geometry":{"type":"LineString","coordinates":[[-74.11257,4.58574],[-74.11225,4.58577],[-74.112,4.58579]]}},{"type":"Feature","properties":{"id":"89625628","nom":"Calle 26 Sur","tipo":"residential"},"geometry":{"type":"LineString","coordinates":[[-74.11062,4.58869],[-74.11063,4.58865],[-74.11063,4.58861],[-74.11057,4.58806],[-74.11056,4.58797],[-74.11054,4.58791],[-74.11052,4.58782],[-74.11039,4.58762],[-74.11006,4.5871]]}},{"type":"Feature","properties":{"id":"89625629","nom":"Carrera 26","tipo":"tertiary"},"geometry":{"type":"LineString","coordinates":[[-74.11006,4.5871],[-74.11034,4.58683],[-74.111,4.58617],[-74.11135,4.58581],[-74.11158,4.58558],[-74.1116,4.58556]]}},{"type":"Feature","properties":{"id":"89625630","nom":"Calle 24 Sur","tipo":"residential"},"geometry":{"type":"LineString","coordinates":[[-74.10732,4.5851],[-74.1074,4.58521],[-74.10748,4.58532],[-74.1077,4.58561],[-74.10814,4.58616],[-74.10822,4.58626],[-74.10859,4.58673],[-74.10896,4.58725],[-74.10921,4.5876],[-74.10936,4.58781],[-74.10975,4.58836],[-74.10993,4.58861],[-74.10995,4.58864]]}},{"type":"Feature","properties":{"id":"89625632","nom":"Calle 25 Sur","tipo":"residential"},"geometry":{"type":"LineString","coordinates":[[-74.10793,4.58491],[-74.10796,4.58495],[-74.10818,4.58523],[-74.10862,4.58578],[-74.10907,4.58634]]}},{"type":"Feature","properties":{"id":"89625633","nom":"Calle 29A Sur","tipo":"residential"},"geometry":{"type":"LineString","coordinates":[[-74.11297,4.58476],[-74.11304,4.58511],[-74.11307,4.58517],[-74.11345,4.58603],[-74.11364,4.58644]]}},{"type":"Feature","properties":{"id":"89625635","nom":"Carrera 18","tipo":"secondary"},"geometry":{"type":"LineString","coordinates":[[-74.10373,4.58254],[-74.10359,4.58262]]}},{"type":"Feature","properties":{"id":"89625642","nom":"Carrera 24C","tipo":"residential"},"geometry":{"type":"LineString","coordinates":[[-74.1065,4.58496],[-74.10715,4.58493],[-74.10732,4.58493]]}},{"type":"Feature","properties":{"id":"89625646","nom":"Calle 29 Sur","tipo":"residential"},"geometry":{"type":"LineString","coordinates":[[-74.11317,4.58774],[-74.11309,4.58698],[-74.11307,4.58694],[-74.11306,4.5869],[-74.11303,4.58686]]}},{"type":"Feature","properties":{"id":"89625650","nom":"Carrera 24F","tipo":"residential"},"geometry":{"type":"LineString","coordinates":[[-74.10697,4.58619],[-74.10719,4.58601],[-74.10744,4.58582],[-74.1077,4.58561],[-74.10797,4.5854],[-74.10818,4.58523],[-74.10844,4.58503],[-74.10862,4.58488],[-74.10871,4.58487]]}},{"type":"Feature","properties":{"id":"89625664","nom":"Carrera 22A","tipo":"residential"},"geometry":{"type":"LineString","coordinates":[[-74.11013,4.58282],[-74.11008,4.58285],[-74.10984,4.583],[-74.10972,4.58307],[-74.10965,4.58311],[-74.10923,4.58336],[-74.10916,4.5834]]}},{"type":"Feature","properties":{"id":"89625665","nom":"Carrera 26C","tipo":"residential"},"geometry":{"type":"LineString","coordinates":[[-74.11317,4.58774],[-74.11307,4.58775],[-74.11193,4.58783],[-74.11185,4.58784],[-74.11182,4.58784],[-74.11178,4.58784],[-74.11169,4.58784],[-74.11078,4.58782],[-74.11052,4.58782]]}},{"type":"Feature","properties":{"id":"89625670","nom":"Carrera 25","tipo":"residential"},"geometry":{"type":"LineString","coordinates":[[-74.11158,4.58534],[-74.11161,4.58534],[-74.11221,4.58529],[-74.11285,4.58525],[-74.11307,4.58517],[-74.11346,4.58501],[-74.11378,4.58486]]}},{"type":"Feature","properties":{"id":"89625674","nom":"Calle 29 Sur","tipo":"residential"},"geometry":{"type":"LineString","coordinates":[[-74.11303,4.58686],[-74.11299,4.58679],[-74.11297,4.58671],[-74.11294,4.58651],[-74.1129,4.58608],[-74.11285,4.58525]]}},{"type":"Feature","properties":{"id":"89625676","nom":"Avenida Calle 22 Sur","tipo":"primary"},"geometry":{"type":"LineString","coordinates":[[-74.10373,4.58254],[-74.1037,4.5825],[-74.10356,4.58232],[-74.10338,4.5821],[-74.10319,4.58187],[-74.10303,4.58169],[-74.10287,4.58152]]}},{"type":"Feature","properties":{"id":"89625680","nom":"Diagonal 28A Sur","tipo":"residential"},"geometry":{"type":"LineString","coordinates":[[-74.11084,4.58278],[-74.11108,4.58294],[-74.11141,4.58302],[-74.11173,4.58309]]}},{"type":"Feature","properties":{"id":"89625709","nom":"Carrera 24H","tipo":"residential"},"geometry":{"type":"LineString","coordinates":[[-74.10767,4.58748],[-74.10772,4.58745],[-74.10809,4.58714],[-74.10833,4.58694],[-74.10859,4.58673],[-74.10885,4.58652],[-74.10907,4.58634],[-74.10931,4.58614],[-74.1094,4.58607],[-74.10956,4.58594],[-74.10982,4.58573],[-74.11005,4.58554],[-74.11025,4.58538],[-74.11028,4.58535]]}},{"type":"Feature","properties":{"id":"89625717","nom":"Calle 30 Sur","tipo":"secondary"},"geometry":{"type":"LineString","coordinates":[[-74.11171,4.58161],[-74.11166,4.58151],[-74.11157,4.58135],[-74.11155,4.5813],[-74.11139,4.58101],[-74.11123,4.5807],[-74.11111,4.58048],[-74.11093,4.58016],[-74.11062,4.57958],[-74.11049,4.57934],[-74.11035,4.57908],[-74.11008,4.57857],[-74.11006,4.57854],[-74.10994,4.5783],[-74.10992,4.57828],[-74.10989,4.57822]]}},{"type":"Feature","properties":{"id":"89627372","nom":"Carrera 20","tipo":"residential"},"geometry":{"type":"LineString","coordinates":[[-74.1092,4.58108],[-74.10924,4.58106],[-74.10951,4.58091],[-74.10981,4.58076],[-74.11005,4.58063],[-74.11019,4.58055],[-74.11051,4.58038],[-74.11093,4.58016],[-74.11139,4.57991],[-74.11149,4.57986]]}},{"type":"Feature","properties":{"id":"89627374","nom":"Calle 30 Sur","tipo":"tertiary"},"geometry":{"type":"LineString","coordinates":[[-74.11552,4.59226],[-74.1155,4.59222],[-74.11518,4.59161],[-74.11486,4.59098],[-74.11479,4.59082],[-74.11474,4.59069],[-74.11472,4.59049],[-74.11473,4.5903]]}},{"type":"Feature","properties":{"id":"89627375","nom":"Avenida Carrera 14","tipo":"primary"},"geometry":{"type":"LineString","coordinates":[[-74.10263,4.58131],[-74.10285,4.5812],[-74.10309,4.58107],[-74.10342,4.58092],[-74.10406,4.58062],[-74.10409,4.58061],[-74.10414,4.58058],[-74.10553,4.57991],[-74.10613,4.57961],[-74.10674,4.57932],[-74.10678,4.5793],[-74.10694,4.57923]]}},{"type":"Feature","properties":{"id":"89627381","nom":"Carrera 17","tipo":"residential"},"geometry":{"type":"LineString","coordinates":[[-74.10834,4.57953],[-74.10837,4.5795],[-74.10839,4.57948],[-74.10842,4.57947],[-74.10866,4.57933],[-74.10896,4.57917],[-74.10945,4.57891],[-74.10973,4.57876],[-74.11008,4.57857]]}},{"type":"Feature","properties":{"id":"89627385","nom":"Diagonal 29A Bis Sur","tipo":"tertiary"},"geometry":{"type":"LineString","coordinates":[[-74.11473,4.5903],[-74.11476,4.5902],[-74.11484,4.59005],[-74.11502,4.58982],[-74.1154,4.58941],[-74.11545,4.58935]]}},{"type":"Feature","properties":{"id":"89631545","nom":"Avenida Carrera 24","tipo":"secondary"},"geometry":{"type":"LineString","coordinates":[[-74.11697,4.58219],[-74.11628,4.58242],[-74.11598,4.58253],[-74.11563,4.58265],[-74.11487,4.58291],[-74.1141,4.58318]]}},{"type":"Feature","properties":{"id":"89631551","nom":"Calle 31C Sur","tipo":"residential"},"geometry":{"type":"LineString","coordinates":[[-74.11381,4.58076],[-74.11375,4.58061]]}},{"type":"Feature","properties":{"id":"89631570","nom":"Calle 32 Sur","tipo":"residential"},"geometry":{"type":"LineString","coordinates":[[-74.11529,4.58168],[-74.11523,4.5815],[-74.11515,4.58127],[-74.11494,4.58069],[-74.11481,4.58034],[-74.11473,4.58013],[-74.11461,4.5798],[-74.11454,4.57961],[-74.11453,4.57958],[-74.11433,4.57905],[-74.11428,4.5789],[-74.11422,4.57874],[-74.11418,4.57864],[-74.1141,4.5784],[-74.114,4.57815],[-74.11397,4.57806],[-74.11391,4.57788],[-74.11381,4.5776],[-74.1137,4.5773],[-74.11365,4.57717],[-74.11363,4.57711]]}},{"type":"Feature","properties":{"id":"89631595","nom":"Carrera 21B","tipo":"residential"},"geometry":{"type":"LineString","coordinates":[[-74.11454,4.57961],[-74.11401,4.57983],[-74.11383,4.5799],[-74.1135,4.58003],[-74.11297,4.58025]]}},{"type":"Feature","properties":{"id":"89631603","nom":"Calle 31 Sur","tipo":"tertiary"},"geometry":{"type":"LineString","coordinates":[[-74.11072,4.57776],[-74.11074,4.57782],[-74.11079,4.57791],[-74.11081,4.57796]]}},{"type":"Feature","properties":{"id":"89631604","nom":"Carrera 21B","tipo":"residential"},"geometry":{"type":"LineString","coordinates":[[-74.11681,4.57874],[-74.11674,4.57877],[-74.11655,4.57883],[-74.11625,4.57895],[-74.11586,4.57909],[-74.11566,4.57916],[-74.11549,4.57922],[-74.11516,4.57934],[-74.11481,4.57948],[-74.11454,4.57961]]}},{"type":"Feature","properties":{"id":"89631615","nom":"Avenida Carrera 24","tipo":"secondary"},"geometry":{"type":"LineString","coordinates":[[-74.1133,4.58351],[-74.11334,4.5835],[-74.1135,4.58344],[-74.11401,4.58327],[-74.11409,4.58324],[-74.11452,4.58309],[-74.11565,4.58271],[-74.11586,4.58263],[-74.11687,4.58229],[-74.11798,4.58191],[-74.11861,4.58169],[-74.11873,4.58165]]}},{"type":"Feature","properties":{"id":"89631617","nom":"Carrera 19","tipo":"residential"},"geometry":{"type":"LineString","coordinates":[[-74.11137,4.57918],[-74.11188,4.57896],[-74.11199,4.57892],[-74.11233,4.57877],[-74.11288,4.57853],[-74.11318,4.5784],[-74.11397,4.57806]]}},{"type":"Feature","properties":{"id":"89631630","nom":"Calle 31 Sur","tipo":"residential"},"geometry":{"type":"LineString","coordinates":[[-74.11081,4.57796],[-74.11083,4.57801],[-74.11091,4.57818]]}},{"type":"Feature","properties":{"id":"89631639","nom":"Carrera 23C","tipo":"residential"},"geometry":{"type":"LineString","coordinates":[[-74.11296,4.58251],[-74.11333,4.58236],[-74.11371,4.58222],[-74.11377,4.58219]]}},{"type":"Feature","properties":{"id":"89631655","nom":"Carrera 23C","tipo":"residential"},"geometry":{"type":"LineString","coordinates":[[-74.11664,4.58121],[-74.11622,4.58135],[-74.11592,4.58145],[-74.11563,4.58155],[-74.11529,4.58168],[-74.1146,4.58192],[-74.11454,4.58194],[-74.11377,4.58219]]}},{"type":"Feature","properties":{"id":"89683330","nom":"Calle 31 Sur","tipo":"residential"},"geometry":{"type":"LineString","coordinates":[[-74.11483,4.58658],[-74.11441,4.58566],[-74.1144,4.58564],[-74.11402,4.58483],[-74.11393,4.58468],[-74.11379,4.58447],[-74.11341,4.58366],[-74.11335,4.58353],[-74.11334,4.5835]]}},{"type":"Feature","properties":{"id":"89683331","nom":"Calle 31B Bis Sur","tipo":"residential"},"geometry":{"type":"LineString","coordinates":[[-74.11654,4.58546],[-74.11652,4.58543],[-74.11585,4.58469],[-74.11572,4.58453],[-74.11527,4.584],[-74.11526,4.58398],[-74.11493,4.58359],[-74.11455,4.58313],[-74.11452,4.58309]]}},{"type":"Feature","properties":{"id":"89683345","nom":"Calle 31A Sur","tipo":"residential"},"geometry":{"type":"LineString","coordinates":[[-74.11656,4.58827],[-74.11584,4.58715],[-74.11528,4.58629],[-74.11474,4.58544],[-74.11408,4.58438],[-74.11384,4.58399],[-74.11352,4.58348],[-74.1135,4.58344]]}},{"type":"Feature","properties":{"id":"89691006","nom":"Carrera 13C","tipo":"residential"},"geometry":{"type":"LineString","coordinates":[[-74.11218,4.57537],[-74.11166,4.57605],[-74.11153,4.57621],[-74.11124,4.57659],[-74.11094,4.57697],[-74.11069,4.5773]]}},{"type":"Feature","properties":{"id":"89691075","nom":"Carrera 13H","tipo":"residential"},"geometry":{"type":"LineString","coordinates":[[-74.11395,4.57626],[-74.11376,4.57632],[-74.11352,4.5764],[-74.11308,4.57654],[-74.11266,4.57667],[-74.11226,4.5768],[-74.11213,4.57684],[-74.11143,4.57706],[-74.11069,4.5773],[-74.11053,4.57735]]}},{"type":"Feature","properties":{"id":"89691267","nom":"Calle 32 Bis Sur","tipo":"residential"},"geometry":{"type":"LineString","coordinates":[[-74.11293,4.57541],[-74.11309,4.57558],[-74.11326,4.57584],[-74.11352,4.5764]]}},{"type":"Feature","properties":{"id":"89691276","nom":"Carrera 13A","tipo":"residential"},"geometry":{"type":"LineString","coordinates":[[-74.11126,4.57464],[-74.11097,4.57502],[-74.11071,4.57535],[-74.11062,4.57547],[-74.11032,4.57586],[-74.11001,4.57626]]}},{"type":"Feature","properties":{"id":"89691284","nom":"Calle 32 Sur","tipo":"tertiary"},"geometry":{"type":"LineString","coordinates":[[-74.11323,4.577],[-74.11322,4.57695],[-74.11308,4.57654],[-74.11292,4.57617],[-74.11282,4.57599],[-74.11265,4.57576],[-74.11252,4.57563],[-74.11232,4.57548],[-74.11218,4.57537],[-74.11183,4.57509],[-74.11161,4.57491],[-74.11126,4.57464],[-74.11092,4.57437],[-74.11083,4.57434],[-74.1107,4.57433],[-74.11059,4.57433],[-74.11048,4.57431],[-74.11041,4.57428],[-74.11014,4.57409]]}},{"type":"Feature","properties":{"id":"89696159","nom":"Avenida Carrera 14","tipo":"primary"},"geometry":{"type":"LineString","coordinates":[[-74.10979,4.57803],[-74.10961,4.57808],[-74.10897,4.57826],[-74.10847,4.5784],[-74.10836,4.57842],[-74.10815,4.57849],[-74.10795,4.57855],[-74.10793,4.57856],[-74.10774,4.57863],[-74.10756,4.5787]]}},{"type":"Feature","properties":{"id":"89697156","nom":"Avenida Carrera 14","tipo":"primary"},"geometry":{"type":"LineString","coordinates":[[-74.10803,4.57878],[-74.10829,4.57869],[-74.10851,4.57862],[-74.10874,4.57855],[-74.10926,4.5784],[-74.10984,4.57823],[-74.10989,4.57822]]}},{"type":"Feature","properties":{"id":"89726552","nom":"Avenida Carrera 27","tipo":"secondary"},"geometry":{"type":"LineString","coordinates":[[-74.11444,4.58862],[-74.11521,4.58855],[-74.11533,4.58854],[-74.11537,4.58853],[-74.11556,4.58852],[-74.11573,4.58851],[-74.11595,4.5885],[-74.1161,4.5885],[-74.11621,4.5885],[-74.1163,4.58851],[-74.11636,4.58852],[-74.11652,4.58853],[-74.11668,4.58855],[-74.1169,4.5886],[-74.1171,4.58864],[-74.11717,4.58866],[-74.11724,4.58867],[-74.1173,4.58869],[-74.11835,4.58895],[-74.11875,4.58905]]}},{"type":"Feature","properties":{"id":"89726695","nom":"Avenida Calle 22 Sur","tipo":"primary"},"geometry":{"type":"LineString","coordinates":[[-74.11256,4.59438],[-74.11252,4.59431],[-74.1121,4.59361]]}},{"type":"Feature","properties":{"id":"89726771","nom":"Transversal 31","tipo":"trunk"},"geometry":{"type":"LineString","coordinates":[[-74.10698,4.59866],[-74.10704,4.59864],[-74.10709,4.59862],[-74.10716,4.5986]]}},{"type":"Feature","properties":{"id":"89726818","nom":"Avenida Calle 22 Sur","tipo":"primary"},"geometry":{"type":"LineString","coordinates":[[-74.11262,4.59449],[-74.11256,4.59438]]}},{"type":"Feature","properties":{"id":"89726867","nom":"Transversal 35","tipo":"trunk"},"geometry":{"type":"LineString","coordinates":[[-74.11436,4.59598],[-74.11514,4.59572],[-74.11521,4.5957],[-74.11532,4.59566],[-74.11669,4.59526],[-74.11674,4.59524]]}},{"type":"Feature","properties":{"id":"89726994","nom":"Avenida Carrera 27","tipo":"secondary"},"geometry":{"type":"LineString","coordinates":[[-74.10902,4.58919],[-74.10891,4.5893]]}},{"type":"Feature","properties":{"id":"89752368","nom":"Carrera 12J","tipo":"residential"},"geometry":{"type":"LineString","coordinates":[[-74.10561,4.57799],[-74.10564,4.57796],[-74.1059,4.57763],[-74.10614,4.57732],[-74.10631,4.5771],[-74.1065,4.57685],[-74.10667,4.57664],[-74.10677,4.57652]]}},{"type":"Feature","properties":{"id":"89752369","nom":"Carrera 12G","tipo":"residential"},"geometry":{"type":"LineString","coordinates":[[-74.10496,4.57509],[-74.10468,4.57543],[-74.10448,4.57568],[-74.10434,4.57586],[-74.10409,4.57619],[-74.10383,4.57652],[-74.1038,4.57656]]}},{"type":"Feature","properties":{"id":"89752878","nom":"Calle 19 Sur","tipo":"tertiary"},"geometry":{"type":"LineString","coordinates":[[-74.10044,4.58227],[-74.10042,4.58222],[-74.10041,4.5822],[-74.10037,4.58213],[-74.1003,4.58203],[-74.10023,4.58195],[-74.10014,4.58184],[-74.10004,4.58173],[-74.09997,4.58166],[-74.09969,4.58141],[-74.09929,4.58104]]}},{"type":"Feature","properties":{"id":"89985285","nom":"Calle 1B","tipo":"residential"},"geometry":{"type":"LineString","coordinates":[[-74.1055,4.59971],[-74.10559,4.59977],[-74.10613,4.60015],[-74.10651,4.60042],[-74.10688,4.60068]]}},{"type":"Feature","properties":{"id":"89985300","nom":"Calle 1C","tipo":"residential"},"geometry":{"type":"LineString","coordinates":[[-74.10557,4.60031],[-74.10521,4.60005],[-74.10513,4.59999]]}},{"type":"Feature","properties":{"id":"89985346","nom":"Avenida Carrera 30","tipo":"trunk"},"geometry":{"type":"LineString","coordinates":[[-74.10381,4.60096],[-74.10393,4.60088],[-74.10422,4.60065],[-74.10469,4.60031],[-74.10513,4.59999],[-74.10537,4.59981],[-74.10539,4.59979],[-74.1055,4.59971]]}},{"type":"Feature","properties":{"id":"89985383","nom":"Carrera 31D","tipo":"residential"},"geometry":{"type":"LineString","coordinates":[[-74.10781,4.59982],[-74.10812,4.59951],[-74.10814,4.59949]]}},{"type":"Feature","properties":{"id":"89985435","nom":"Carrera 31C","tipo":"residential"},"geometry":{"type":"LineString","coordinates":[[-74.10525,4.60194],[-74.10527,4.60191],[-74.10547,4.60163],[-74.10569,4.60132],[-74.10593,4.60101],[-74.10611,4.60077],[-74.10616,4.60073],[-74.10622,4.60068],[-74.10651,4.60042],[-74.10655,4.60038],[-74.10702,4.59994],[-74.10747,4.59954],[-74.10748,4.59953]]}},{"type":"Feature","properties":{"id":"89986645","nom":"Avenida Calle 8 Sur","tipo":"secondary"},"geometry":{"type":"LineString","coordinates":[[-74.10841,4.59975],[-74.10859,4.59992],[-74.1093,4.60057],[-74.10963,4.60087],[-74.10996,4.60118],[-74.1101,4.6013],[-74.11049,4.60167],[-74.11086,4.602],[-74.11098,4.60212],[-74.11123,4.60235],[-74.11126,4.60238],[-74.1113,4.60242]]}},{"type":"Feature","properties":{"id":"89986680","nom":"Avenida Calle 8 Sur","tipo":"secondary"},"geometry":{"type":"LineString","coordinates":[[-74.10688,4.59835],[-74.10697,4.59843]]}},{"type":"Feature","properties":{"id":"90034565","nom":"Avenida Calle 26 Sur","tipo":"primary"},"geometry":{"type":"LineString","coordinates":[[-74.11493,4.59788],[-74.11519,4.59811],[-74.11618,4.59898],[-74.11683,4.59956],[-74.11727,4.59994],[-74.11736,4.60003],[-74.11738,4.60005],[-74.11745,4.60011],[-74.11793,4.60051],[-74.11815,4.60067],[-74.11911,4.6013],[-74.12006,4.6019],[-74.12027,4.60203],[-74.12053,4.60225],[-74.1207,4.60246],[-74.12079,4.60264]]}},{"type":"Feature","properties":{"id":"90034580","nom":"Avenida Calle 8 Sur","tipo":"secondary"},"geometry":{"type":"LineString","coordinates":[[-74.11136,4.60235],[-74.11132,4.60232],[-74.11055,4.6016],[-74.11003,4.60111],[-74.10936,4.60049],[-74.10915,4.6003],[-74.10882,4.59999],[-74.10848,4.59968],[-74.10805,4.59928],[-74.10792,4.59916],[-74.10758,4.59884],[-74.10737,4.59865],[-74.10734,4.59863],[-74.10728,4.59856]]}},{"type":"Feature","properties":{"id":"90039645","nom":"Carrera 32B","tipo":"residential"},"geometry":{"type":"LineString","coordinates":[[-74.11022,4.59911],[-74.1101,4.59927],[-74.1098,4.5996],[-74.10979,4.5996],[-74.10948,4.59994],[-74.10917,4.60028],[-74.10915,4.6003]]}},{"type":"Feature","properties":{"id":"90039799","nom":"Carrera 32A","tipo":"residential"},"geometry":{"type":"LineString","coordinates":[[-74.10981,4.59889],[-74.10948,4.59927],[-74.10883,4.59997],[-74.10882,4.59999]]}},{"type":"Feature","properties":{"id":"90048350","nom":"Avenida Calle 8 Sur","tipo":"secondary"},"geometry":{"type":"LineString","coordinates":[[-74.10588,4.59744],[-74.1056,4.59722],[-74.10523,4.59692],[-74.10486,4.59664],[-74.10466,4.59648],[-74.10386,4.59585],[-74.10378,4.59577],[-74.10372,4.59568],[-74.10368,4.59559],[-74.10366,4.59549],[-74.10366,4.59539],[-74.10368,4.5953],[-74.10371,4.59521],[-74.10374,4.59512]]}},{"type":"Feature","properties":{"id":"90058583","nom":"Carrera 36","tipo":"residential"},"geometry":{"type":"LineString","coordinates":[[-74.11482,4.59778],[-74.11479,4.59783],[-74.11453,4.59816],[-74.11403,4.59883],[-74.11369,4.59929],[-74.11364,4.59936]]}},{"type":"Feature","properties":{"id":"90058634","nom":"Avenida Calle 26 Sur","tipo":"primary"},"geometry":{"type":"LineString","coordinates":[[-74.119,4.60103],[-74.1186,4.60078],[-74.11827,4.60055],[-74.11759,4.6],[-74.11756,4.59998],[-74.11749,4.59992],[-74.11736,4.59981],[-74.11627,4.59885],[-74.11527,4.59795],[-74.11506,4.59777],[-74.11504,4.59775],[-74.11494,4.59766]]}},{"type":"Feature","properties":{"id":"90059220","nom":"Carrera 29B","tipo":"residential"},"geometry":{"type":"LineString","coordinates":[[-74.11541,4.59043],[-74.11517,4.59072],[-74.11486,4.59098]]}},{"type":"Feature","properties":{"id":"91499446","nom":"Calle 18 Sur","tipo":"residential"},"geometry":{"type":"LineString","coordinates":[[-74.11252,4.59705],[-74.11255,4.59704],[-74.11259,4.59704],[-74.11263,4.59704],[-74.11266,4.59704],[-74.11314,4.59713],[-74.11337,4.59718],[-74.11342,4.59719],[-74.11345,4.59721],[-74.11354,4.59728],[-74.11364,4.59737],[-74.11387,4.59757],[-74.11418,4.59785],[-74.11453,4.59816]]}},{"type":"Feature","properties":{"id":"91499450","nom":"Calle 18 Sur","tipo":"residential"},"geometry":{"type":"LineString","coordinates":[[-74.11453,4.59816],[-74.11489,4.59848],[-74.11521,4.59876],[-74.11553,4.59904],[-74.11586,4.59934],[-74.11618,4.59962],[-74.1165,4.5999]]}},{"type":"Feature","properties":{"id":"91499481","nom":"Transversal 33","tipo":"residential"},"geometry":{"type":"LineString","coordinates":[[-74.11165,4.59739],[-74.11252,4.59705]]}},{"type":"Feature","properties":{"id":"91499543","nom":"Calle 17A Bis Sur","tipo":"residential"},"geometry":{"type":"LineString","coordinates":[[-74.11165,4.59739],[-74.11173,4.59743],[-74.11221,4.59765]]}},{"type":"Feature","properties":{"id":"91499548","nom":"Carrera 34F","tipo":"residential"},"geometry":{"type":"LineString","coordinates":[[-74.11387,4.59757],[-74.11332,4.5983],[-74.11286,4.5989]]}},{"type":"Feature","properties":{"id":"91500473","nom":"Avenida Calle 22 Sur","tipo":"primary"},"geometry":{"type":"LineString","coordinates":[[-74.11286,4.59525],[-74.11321,4.59588],[-74.11322,4.59591],[-74.11327,4.59599]]}},{"type":"Feature","properties":{"id":"91500476","nom":"Avenida Calle 26 Sur","tipo":"primary"},"geometry":{"type":"LineString","coordinates":[[-74.11394,4.597],[-74.11407,4.59712],[-74.11445,4.59746],[-74.11473,4.5977],[-74.11482,4.59778]]}},{"type":"Feature","properties":{"id":"149977643","nom":"Calle 30 Sur","tipo":"tertiary"},"geometry":{"type":"LineString","coordinates":[[-74.11427,4.58673],[-74.11431,4.58684],[-74.11441,4.58817],[-74.11442,4.58834],[-74.11442,4.58839],[-74.11443,4.58842],[-74.11443,4.58849]]}},{"type":"Feature","properties":{"id":"149977844","nom":"Calle 31 Sur","tipo":"residential"},"geometry":{"type":"LineString","coordinates":[[-74.11139,4.57991],[-74.11155,4.58022],[-74.11184,4.58077],[-74.11217,4.58139],[-74.11224,4.58152],[-74.11233,4.5817],[-74.11248,4.58198],[-74.11262,4.58227],[-74.11264,4.58231],[-74.11302,4.58322],[-74.11312,4.58347],[-74.11314,4.5835]]}},{"type":"Feature","properties":{"id":"167030330","nom":"Avenida Calle 22 Sur","tipo":"primary"},"geometry":{"type":"LineString","coordinates":[[-74.10248,4.58139],[-74.10255,4.58145],[-74.1026,4.58148],[-74.1027,4.58157],[-74.1028,4.58167],[-74.10292,4.5818],[-74.10304,4.58193],[-74.10317,4.5821],[-74.10336,4.58233],[-74.10356,4.58259],[-74.10359,4.58262]]}},{"type":"Feature","properties":{"id":"172279192","nom":"Calle 31C Sur","tipo":"residential"},"geometry":{"type":"LineString","coordinates":[[-74.11339,4.57889],[-74.11318,4.5784]]}},{"type":"Feature","properties":{"id":"172279196","nom":"Diagonal 32B Sur","tipo":"tertiary"},"geometry":{"type":"LineString","coordinates":[[-74.11261,4.57418],[-74.11282,4.57441],[-74.11304,4.57467],[-74.11336,4.57504],[-74.11367,4.57538],[-74.1137,4.57542],[-74.11404,4.57576],[-74.11419,4.57586],[-74.11428,4.57591],[-74.1144,4.57597],[-74.11489,4.57614]]}},{"type":"Feature","properties":{"id":"172279885","nom":"Carrera 18","tipo":"residential"},"geometry":{"type":"LineString","coordinates":[[-74.11205,4.57809],[-74.11171,4.57824],[-74.11106,4.57852]]}},{"type":"Feature","properties":{"id":"172279886","nom":"Calle 28B Bis Sur","tipo":"residential"},"geometry":{"type":"LineString","coordinates":[[-74.11035,4.58118],[-74.11022,4.58094],[-74.11005,4.58063]]}},{"type":"Feature","properties":{"id":"172312007","nom":"Calle 32C Sur","tipo":"residential"},"geometry":{"type":"LineString","coordinates":[[-74.11329,4.57367],[-74.11335,4.57376],[-74.11339,4.57386],[-74.11341,4.57399],[-74.11342,4.57415],[-74.11344,4.57427],[-74.11348,4.57439],[-74.11355,4.57456],[-74.11365,4.57476],[-74.11378,4.57491],[-74.11395,4.57506],[-74.11408,4.57515],[-74.11421,4.57521],[-74.11436,4.57526],[-74.1147,4.5753]]}},{"type":"Feature","properties":{"id":"172312163","nom":"Calle 32A Sur","tipo":"residential"},"geometry":{"type":"LineString","coordinates":[[-74.1129,4.57481],[-74.11293,4.57482],[-74.1132,4.57506],[-74.11337,4.57523],[-74.11357,4.57547],[-74.11366,4.5756],[-74.11384,4.57596],[-74.11395,4.57626]]}},{"type":"Feature","properties":{"id":"172312165","nom":"Carrera 13C","tipo":"residential"},"geometry":{"type":"LineString","coordinates":[[-74.11232,4.57548],[-74.11236,4.57543],[-74.11287,4.57482],[-74.1129,4.57481]]}},{"type":"Feature","properties":{"id":"172312855","nom":"Transversal 13H","tipo":"residential"},"geometry":{"type":"LineString","coordinates":[[-74.11014,4.57741],[-74.11005,4.57744],[-74.10994,4.57747],[-74.10947,4.57762],[-74.10888,4.57777]]}},{"type":"Feature","properties":{"id":"172312857","nom":"Calle 28C Bis Sur","tipo":"residential"},"geometry":{"type":"LineString","coordinates":[[-74.10888,4.57777],[-74.10876,4.57767]]}},{"type":"Feature","properties":{"id":"175364935","nom":"Calle 26 Sur","tipo":"residential"},"geometry":{"type":"LineString","coordinates":[[-74.10534,4.57962],[-74.10437,4.57885],[-74.10341,4.57809],[-74.10304,4.5778],[-74.10243,4.57731]]}},{"type":"Feature","properties":{"id":"175364939","nom":"Calle 29 Sur","tipo":"residential"},"geometry":{"type":"LineString","coordinates":[[-74.10992,4.57912],[-74.10973,4.57876]]}},{"type":"Feature","properties":{"id":"175365015","nom":"Carrera 12A","tipo":"residential"},"geometry":{"type":"LineString","coordinates":[[-74.09873,4.57864],[-74.09876,4.5786],[-74.09925,4.57797]]}},{"type":"Feature","properties":{"id":"175365016","nom":"Carrera 12A Bis","tipo":"residential"},"geometry":{"type":"LineString","coordinates":[[-74.09904,4.57885],[-74.09908,4.57881],[-74.09954,4.5782]]}},{"type":"Feature","properties":{"id":"175365132","nom":"Carrera 13F","tipo":"residential"},"geometry":{"type":"LineString","coordinates":[[-74.1132,4.57506],[-74.11293,4.57541],[-74.11265,4.57576]]}},{"type":"Feature","properties":{"id":"175365133","nom":"Carrera 13G","tipo":"residential"},"geometry":{"type":"LineString","coordinates":[[-74.11326,4.57584],[-74.11366,4.5756]]}},{"type":"Feature","properties":{"id":"175365495","nom":"Calle 27 Bis Sur","tipo":"residential"},"geometry":{"type":"LineString","coordinates":[[-74.10624,4.57787],[-74.10682,4.57833]]}},{"type":"Feature","properties":{"id":"175365496","nom":"Calle 27A Sur","tipo":"residential"},"geometry":{"type":"LineString","coordinates":[[-74.10557,4.57685],[-74.1058,4.57703],[-74.10614,4.57732]]}},{"type":"Feature","properties":{"id":"175365497","nom":"Carrera 12K","tipo":"residential"},"geometry":{"type":"LineString","coordinates":[[-74.10684,4.57713],[-74.10664,4.57738],[-74.1065,4.57755],[-74.10624,4.57787],[-74.10597,4.5782],[-74.10595,4.57822],[-74.10593,4.57825]]}},{"type":"Feature","properties":{"id":"176793799","nom":"Calle 10 Sur","tipo":"residential"},"geometry":{"type":"LineString","coordinates":[[-74.08777,4.58114],[-74.08781,4.58118],[-74.08833,4.58182]]}},{"type":"Feature","properties":{"id":"176793800","nom":"Calle 17A Sur","tipo":"residential"},"geometry":{"type":"LineString","coordinates":[[-74.09394,4.57859],[-74.09467,4.57924],[-74.09474,4.5793]]}},{"type":"Feature","properties":{"id":"176793801","nom":"Calle 16 Sur","tipo":"residential"},"geometry":{"type":"LineString","coordinates":[[-74.09282,4.57922],[-74.09386,4.58016],[-74.09392,4.58022]]}},{"type":"Feature","properties":{"id":"176797439","nom":"Carrera 20","tipo":"residential"},"geometry":{"type":"LineString","coordinates":[[-74.09829,4.58953],[-74.09826,4.58957],[-74.09797,4.58995],[-74.09773,4.5903],[-74.09767,4.59038],[-74.09747,4.59067],[-74.09714,4.59114]]}},{"type":"Feature","properties":{"id":"176803100","nom":"Calle 17B Bis Sur","tipo":"residential"},"geometry":{"type":"LineString","coordinates":[[-74.10768,4.59001],[-74.10787,4.59022],[-74.1079,4.59026]]}},{"type":"Feature","properties":{"id":"177173228","nom":"Calle 1G Bis","tipo":"residential"},"geometry":{"type":"LineString","coordinates":[[-74.09936,4.59863],[-74.099,4.59836]]}},{"type":"Feature","properties":{"id":"177173229","nom":"Carrera 26 Bis","tipo":"residential"},"geometry":{"type":"LineString","coordinates":[[-74.099,4.59836],[-74.09838,4.59915],[-74.09835,4.59919]]}},{"type":"Feature","properties":{"id":"177173231","nom":"Carrera 26A","tipo":"residential"},"geometry":{"type":"LineString","coordinates":[[-74.09872,4.59948],[-74.09875,4.59944],[-74.09936,4.59863]]}},{"type":"Feature","properties":{"id":"177991764","nom":"Carrera 20 Bis","tipo":"residential"},"geometry":{"type":"LineString","coordinates":[[-74.10412,4.58405],[-74.10435,4.58404],[-74.10444,4.58403],[-74.10451,4.58401],[-74.1046,4.58397]]}},{"type":"Feature","properties":{"id":"177996329","nom":"Carrera 25A Bis","tipo":"residential"},"geometry":{"type":"LineString","coordinates":[[-74.10031,4.59439],[-74.1003,4.59487],[-74.1003,4.59493]]}},{"type":"Feature","properties":{"id":"177996331","nom":"Calle 1A","tipo":"residential"},"geometry":{"type":"LineString","coordinates":[[-74.10107,4.595],[-74.10113,4.59504],[-74.10174,4.59552]]}},{"type":"Feature","properties":{"id":"180761676","nom":"Carrera 19","tipo":"residential"},"geometry":{"type":"LineString","coordinates":[[-74.11434,4.57803],[-74.114,4.57815]]}},{"type":"Feature","properties":{"id":"180761683","nom":"Carrera 18B","tipo":"residential"},"geometry":{"type":"LineString","coordinates":[[-74.11461,4.57764],[-74.11525,4.57742]]}},{"type":"Feature","properties":{"id":"181210542","nom":"Calle 23A Sur","tipo":"residential"},"geometry":{"type":"LineString","coordinates":[[-74.10744,4.58582],[-74.10788,4.58637],[-74.10833,4.58694],[-74.10874,4.58745]]}},{"type":"Feature","properties":{"id":"182919335","nom":"Calle 31D Sur","tipo":"residential"},"geometry":{"type":"LineString","coordinates":[[-74.11096,4.57576],[-74.11117,4.57593],[-74.11153,4.57621]]}},{"type":"Feature","properties":{"id":"182919336","nom":"Carrera 13A Bis","tipo":"residential"},"geometry":{"type":"LineString","coordinates":[[-74.11132,4.57528],[-74.11106,4.57563],[-74.11096,4.57576],[-74.11066,4.57613],[-74.11036,4.57652]]}},{"type":"Feature","properties":{"id":"183565461","nom":"Calle 32 Bis Sur","tipo":"residential"},"geometry":{"type":"LineString","coordinates":[[-74.11467,4.57905],[-74.11468,4.5791],[-74.1147,4.57915],[-74.11481,4.57948]]}},{"type":"Feature","properties":{"id":"183775806","nom":"Calle 28A Sur","tipo":"residential"},"geometry":{"type":"LineString","coordinates":[[-74.10981,4.58146],[-74.10968,4.58123],[-74.10951,4.58091]]}},{"type":"Feature","properties":{"id":"183776190","nom":"Carrera 21","tipo":"residential"},"geometry":{"type":"LineString","coordinates":[[-74.10949,4.58163],[-74.10953,4.58161],[-74.10981,4.58146],[-74.11004,4.58134]]}},{"type":"Feature","properties":{"id":"183776193","nom":"Carrera 21B","tipo":"residential"},"geometry":{"type":"LineString","coordinates":[[-74.11099,4.5816],[-74.11155,4.5813]]}},{"type":"Feature","properties":{"id":"183776194","nom":"Carrera 20A","tipo":"residential"},"geometry":{"type":"LineString","coordinates":[[-74.10968,4.58123],[-74.10991,4.58111],[-74.11022,4.58094]]}},{"type":"Feature","properties":{"id":"183776384","nom":"Carrera 23A","tipo":"residential"},"geometry":{"type":"LineString","coordinates":[[-74.11264,4.58231],[-74.11205,4.58262]]}},{"type":"Feature","properties":{"id":"183776385","nom":"Carrera 23A","tipo":"residential"},"geometry":{"type":"LineString","coordinates":[[-74.11136,4.58291],[-74.11157,4.5828]]}},{"type":"Feature","properties":{"id":"183777326","nom":"Calle 31G Sur","tipo":"residential"},"geometry":{"type":"LineString","coordinates":[[-74.11226,4.57597],[-74.11242,4.57618],[-74.11255,4.57642],[-74.11266,4.57667]]}},{"type":"Feature","properties":{"id":"183777327","nom":"Carrera 13D","tipo":"residential"},"geometry":{"type":"LineString","coordinates":[[-74.11199,4.57632],[-74.11226,4.57597],[-74.11252,4.57563]]}},{"type":"Feature","properties":{"id":"183777328","nom":"Carrera 13B","tipo":"residential"},"geometry":{"type":"LineString","coordinates":[[-74.11117,4.57593],[-74.11154,4.57545],[-74.11183,4.57509]]}},{"type":"Feature","properties":{"id":"183777329","nom":"Calle 31D Sur","tipo":"residential"},"geometry":{"type":"LineString","coordinates":[[-74.11005,4.57502],[-74.11027,4.57519],[-74.11062,4.57547]]}},{"type":"Feature","properties":{"id":"183777330","nom":"Calle 32A Bis Sur","tipo":"residential"},"geometry":{"type":"LineString","coordinates":[[-74.11443,4.57611],[-74.11457,4.5766],[-74.11459,4.57664]]}},{"type":"Feature","properties":{"id":"183777331","nom":"Carrera 13 Bis","tipo":"residential"},"geometry":{"type":"LineString","coordinates":[[-74.10945,4.57581],[-74.10975,4.57542],[-74.11005,4.57502],[-74.11016,4.57488],[-74.11041,4.57456]]}},{"type":"Feature","properties":{"id":"183777333","nom":"Calle 32 Bis A Sur","tipo":"residential"},"geometry":{"type":"LineString","coordinates":[[-74.11376,4.57632],[-74.11391,4.57677],[-74.11392,4.57681]]}},{"type":"Feature","properties":{"id":"183777335","nom":"Calle 31B Sur","tipo":"residential"},"geometry":{"type":"LineString","coordinates":[[-74.11124,4.57659],[-74.11066,4.57613]]}},{"type":"Feature","properties":{"id":"186841693","nom":"Calle 19B Sur","tipo":"residential"},"geometry":{"type":"LineString","coordinates":[[-74.10437,4.58541],[-74.10435,4.58538],[-74.10422,4.58521]]}},{"type":"Feature","properties":{"id":"200969191","nom":"Calle 1C","tipo":"residential"},"geometry":{"type":"LineString","coordinates":[[-74.10365,4.59895],[-74.10302,4.59844]]}},{"type":"Feature","properties":{"id":"200972814","nom":"Calle 2A Bis","tipo":"residential"},"geometry":{"type":"LineString","coordinates":[[-74.09377,4.59768],[-74.09397,4.59779],[-74.09426,4.59789]]}},{"type":"Feature","properties":{"id":"201055287","nom":"Calle 14A Sur","tipo":"residential"},"geometry":{"type":"LineString","coordinates":[[-74.0997,4.58741],[-74.0996,4.5873],[-74.09904,4.58669],[-74.09898,4.58663]]}},{"type":"Feature","properties":{"id":"201055288","nom":"","tipo":"secondary_link"},"geometry":{"type":"LineString","coordinates":[[-74.09967,4.58898],[-74.09967,4.58902],[-74.09967,4.58907],[-74.09966,4.58912],[-74.09963,4.58917],[-74.09959,4.58922],[-74.09953,4.58925]]}},{"type":"Feature","properties":{"id":"212608428","nom":"Calle 24 Sur","tipo":"residential"},"geometry":{"type":"LineString","coordinates":[[-74.10732,4.5851],[-74.10732,4.58493],[-74.10732,4.58451],[-74.10732,4.58446],[-74.10732,4.58441]]}},{"type":"Feature","properties":{"id":"212608430","nom":"Calle 26B Sur","tipo":"residential"},"geometry":{"type":"LineString","coordinates":[[-74.1096,4.58499],[-74.10926,4.58456],[-74.10923,4.5845],[-74.10922,4.58444],[-74.10922,4.5844],[-74.10922,4.58434]]}},{"type":"Feature","properties":{"id":"212608432","nom":"Calle 26 Bis Sur","tipo":"residential"},"geometry":{"type":"LineString","coordinates":[[-74.10861,4.58436],[-74.10861,4.58442],[-74.10862,4.58488]]}},{"type":"Feature","properties":{"id":"212608434","nom":"Calle 26A Sur","tipo":"residential"},"geometry":{"type":"LineString","coordinates":[[-74.10982,4.58573],[-74.10937,4.58518],[-74.10902,4.58472],[-74.10898,4.58465],[-74.10897,4.58459],[-74.10896,4.5844],[-74.10896,4.58435]]}},{"type":"Feature","properties":{"id":"212608436","nom":"Calle 26 Bis Sur","tipo":"residential"},"geometry":{"type":"LineString","coordinates":[[-74.10871,4.58487],[-74.1087,4.58441],[-74.1087,4.58436]]}},{"type":"Feature","properties":{"id":"220534110","nom":"Diagonal 20 Sur","tipo":"residential"},"geometry":{"type":"LineString","coordinates":[[-74.10341,4.58455],[-74.10341,4.5846],[-74.10344,4.58486]]}},{"type":"Feature","properties":{"id":"222825088","nom":"Diagonal 13 Bis Sur","tipo":"tertiary"},"geometry":{"type":"LineString","coordinates":[[-74.10399,4.58947],[-74.10316,4.58949],[-74.10312,4.58949],[-74.10308,4.58949],[-74.10298,4.58949],[-74.10288,4.58949],[-74.10257,4.5895],[-74.10215,4.58951],[-74.10202,4.5895],[-74.10194,4.5895],[-74.10185,4.58948],[-74.10143,4.5894],[-74.10118,4.58935],[-74.10098,4.5893],[-74.1009,4.58929],[-74.10089,4.58929],[-74.10081,4.58928],[-74.1007,4.58926],[-74.10065,4.58925],[-74.10058,4.58925],[-74.10046,4.58924],[-74.10034,4.58924],[-74.10014,4.58925],[-74.1,4.58926],[-74.09983,4.58926]]}},{"type":"Feature","properties":{"id":"224495430","nom":"Calle 31B Sur","tipo":"residential"},"geometry":{"type":"LineString","coordinates":[[-74.11205,4.57809],[-74.11214,4.57831],[-74.11224,4.57854],[-74.11233,4.57877],[-74.11259,4.57936],[-74.11261,4.57941],[-74.11268,4.57958],[-74.11277,4.57978],[-74.11282,4.57991],[-74.11291,4.58013],[-74.11297,4.58025],[-74.11306,4.58048],[-74.11318,4.58076],[-74.11325,4.58091],[-74.11327,4.58095],[-74.11335,4.58114],[-74.11343,4.58128],[-74.11349,4.58147],[-74.1136,4.5817],[-74.11365,4.58187],[-74.11377,4.58219]]}},{"type":"Feature","properties":{"id":"229077818","nom":"Carrera 5","tipo":"residential"},"geometry":{"type":"LineString","coordinates":[[-74.08706,4.5756],[-74.08771,4.5749]]}},{"type":"Feature","properties":{"id":"229078387","nom":"Calle 18 Sur","tipo":"residential"},"geometry":{"type":"LineString","coordinates":[[-74.09029,4.57515],[-74.09019,4.57501],[-74.09005,4.57482],[-74.09002,4.57479],[-74.09,4.57477],[-74.09,4.57476]]}},{"type":"Feature","properties":{"id":"230240241","nom":"Carrera 11","tipo":"residential"},"geometry":{"type":"LineString","coordinates":[[-74.10007,4.57378],[-74.10005,4.5738],[-74.09979,4.57413],[-74.09952,4.57449],[-74.09947,4.57454],[-74.09926,4.57482],[-74.09905,4.57508],[-74.09898,4.57517],[-74.09868,4.57557],[-74.09847,4.57584],[-74.09837,4.57596],[-74.09806,4.57636],[-74.09717,4.57751],[-74.09713,4.57755]]}},{"type":"Feature","properties":{"id":"232696433","nom":"Calle 28A Sur","tipo":"residential"},"geometry":{"type":"LineString","coordinates":[[-74.11066,4.58248],[-74.1105,4.58219]]}},{"type":"Feature","properties":{"id":"233909327","nom":"Transversal 12A","tipo":"residential"},"geometry":{"type":"LineString","coordinates":[[-74.09548,4.58317],[-74.09486,4.58333]]}},{"type":"Feature","properties":{"id":"246397818","nom":"Calle 29 Sur","tipo":"residential"},"geometry":{"type":"LineString","coordinates":[[-74.10961,4.57808],[-74.1096,4.57803],[-74.10947,4.57762]]}},{"type":"Feature","properties":{"id":"246397819","nom":"Calle 31B Sur","tipo":"residential"},"geometry":{"type":"LineString","coordinates":[[-74.11156,4.57751],[-74.11154,4.57746],[-74.11143,4.57706]]}},{"type":"Feature","properties":{"id":"246461496","nom":"Calle 19 Bis Sur","tipo":"residential"},"geometry":{"type":"LineString","coordinates":[[-74.09327,4.57515],[-74.0935,4.57539],[-74.09377,4.57565]]}},{"type":"Feature","properties":{"id":"246570607","nom":"Calle 11 Sur","tipo":"residential"},"geometry":{"type":"LineString","coordinates":[[-74.10908,4.5985],[-74.10909,4.59851],[-74.1094,4.59867],[-74.10953,4.59874],[-74.10969,4.59883],[-74.10981,4.59889],[-74.11022,4.59911]]}},{"type":"Feature","properties":{"id":"249088074","nom":"Carrera 24D","tipo":"residential"},"geometry":{"type":"LineString","coordinates":[[-74.10716,4.58511],[-74.10674,4.58545],[-74.10636,4.58575],[-74.10632,4.58578]]}},{"type":"Feature","properties":{"id":"278275394","nom":"Carrera 11C","tipo":"residential"},"geometry":{"type":"LineString","coordinates":[[-74.09441,4.58193],[-74.09439,4.5819],[-74.09438,4.58186],[-74.09437,4.5814]]}},{"type":"Feature","properties":{"id":"303169227","nom":"Calle 10B Sur","tipo":"secondary"},"geometry":{"type":"LineString","coordinates":[[-74.09926,4.58933],[-74.09913,4.58941]]}},{"type":"Feature","properties":{"id":"303169228","nom":"Calle 10B Sur","tipo":"secondary"},"geometry":{"type":"LineString","coordinates":[[-74.09913,4.58941],[-74.09908,4.58944],[-74.09904,4.58946]]}},{"type":"Feature","properties":{"id":"324811319","nom":"Carrera 14A","tipo":"residential"},"geometry":{"type":"LineString","coordinates":[[-74.09567,4.58591],[-74.09555,4.58606],[-74.09547,4.58615],[-74.09543,4.5862],[-74.09541,4.58624],[-74.09536,4.58629],[-74.09534,4.58632],[-74.09489,4.58689],[-74.09456,4.58728],[-74.09423,4.58771]]}},{"type":"Feature","properties":{"id":"324811343","nom":"Carrera 14B","tipo":"residential"},"geometry":{"type":"LineString","coordinates":[[-74.09523,4.58717],[-74.09572,4.58655],[-74.09575,4.58651]]}},{"type":"Feature","properties":{"id":"324811398","nom":"Carrera 15A","tipo":"residential"},"geometry":{"type":"LineString","coordinates":[[-74.0959,4.58772],[-74.09645,4.58699],[-74.09648,4.58695]]}},{"type":"Feature","properties":{"id":"324811497","nom":"Calle 10A Bis Sur","tipo":"residential"},"geometry":{"type":"LineString","coordinates":[[-74.09722,4.58827],[-74.09714,4.5882],[-74.09648,4.58764]]}},{"type":"Feature","properties":{"id":"324811498","nom":"Carrera 18","tipo":"residential"},"geometry":{"type":"LineString","coordinates":[[-74.09722,4.58827],[-74.09727,4.58827],[-74.09751,4.58823],[-74.09753,4.58822],[-74.09754,4.5882]]}},{"type":"Feature","properties":{"id":"324811650","nom":"Calle 9 Sur","tipo":"residential"},"geometry":{"type":"LineString","coordinates":[[-74.09423,4.58771],[-74.09394,4.58746],[-74.0938,4.58734],[-74.0935,4.58709],[-74.09344,4.58704]]}},{"type":"Feature","properties":{"id":"324852107","nom":"Calle 18A Sur","tipo":"residential"},"geometry":{"type":"LineString","coordinates":[[-74.09546,4.57848],[-74.09539,4.57842]]}},{"type":"Feature","properties":{"id":"324852594","nom":"Carrera 16A","tipo":"residential"},"geometry":{"type":"LineString","coordinates":[[-74.10035,4.58376],[-74.10002,4.58408],[-74.1,4.58409]]}},{"type":"Feature","properties":{"id":"324852595","nom":"Calle 17A Sur","tipo":"residential"},"geometry":{"type":"LineString","coordinates":[[-74.0992,4.58323],[-74.09924,4.58327],[-74.09982,4.5839],[-74.09999,4.58409],[-74.1,4.58409]]}},{"type":"Feature","properties":{"id":"327873350","nom":"Calle 15 Sur","tipo":"residential"},"geometry":{"type":"LineString","coordinates":[[-74.09021,4.57808],[-74.09018,4.57806],[-74.09017,4.57806],[-74.08984,4.57783],[-74.0898,4.57779],[-74.08979,4.57773],[-74.08981,4.57768]]}},{"type":"Feature","properties":{"id":"327873593","nom":"Calle 8 Sur","tipo":"residential"},"geometry":{"type":"LineString","coordinates":[[-74.09038,4.58528],[-74.08996,4.58494]]}},{"type":"Feature","properties":{"id":"327873594","nom":"Calle 7 Sur","tipo":"residential"},"geometry":{"type":"LineString","coordinates":[[-74.08968,4.58529],[-74.08932,4.58499],[-74.08892,4.58466]]}},{"type":"Feature","properties":{"id":"327874304","nom":"Calle 10A Sur","tipo":"residential"},"geometry":{"type":"LineString","coordinates":[[-74.08935,4.58239],[-74.08903,4.58206]]}},{"type":"Feature","properties":{"id":"335064447","nom":"Carrera 12F","tipo":"residential"},"geometry":{"type":"LineString","coordinates":[[-74.10317,4.5761],[-74.10321,4.57605],[-74.10348,4.57571],[-74.10373,4.57542],[-74.10391,4.57521],[-74.10409,4.57496]]}},{"type":"Feature","properties":{"id":"335064448","nom":"Calle 27 Bis Sur","tipo":"residential"},"geometry":{"type":"LineString","coordinates":[[-74.10409,4.57619],[-74.10348,4.57571]]}},{"type":"Feature","properties":{"id":"335064449","nom":"Calle 28B Sur","tipo":"residential"},"geometry":{"type":"LineString","coordinates":[[-74.10433,4.57514],[-74.10409,4.57496]]}},{"type":"Feature","properties":{"id":"335064451","nom":"Calle 28B Sur","tipo":"residential"},"geometry":{"type":"LineString","coordinates":[[-74.10707,4.57731],[-74.10684,4.57713]]}},{"type":"Feature","properties":{"id":"338276079","nom":"Carrera 12B","tipo":"residential"},"geometry":{"type":"LineString","coordinates":[[-74.09275,4.58483],[-74.09224,4.58544]]}},{"type":"Feature","properties":{"id":"343924034","nom":"Carrera 25","tipo":"residential"},"geometry":{"type":"LineString","coordinates":[[-74.09472,4.60112],[-74.0951,4.60055],[-74.09547,4.59999],[-74.09553,4.59989],[-74.09555,4.59987]]}},{"type":"Feature","properties":{"id":"361181350","nom":"Carrera 24H","tipo":"residential"},"geometry":{"type":"LineString","coordinates":[[-74.1068,4.58833],[-74.10699,4.58814],[-74.10752,4.58763],[-74.10756,4.58759]]}},{"type":"Feature","properties":{"id":"361181352","nom":"Calle 19A Sur","tipo":"residential"},"geometry":{"type":"LineString","coordinates":[[-74.10667,4.58818],[-74.1068,4.58833]]}},{"type":"Feature","properties":{"id":"368470882","nom":"Diagonal 21A Sur","tipo":"secondary"},"geometry":{"type":"LineString","coordinates":[[-74.10414,4.58452],[-74.10413,4.58446],[-74.10412,4.58405],[-74.1041,4.5834],[-74.10409,4.58325]]}},{"type":"Feature","properties":{"id":"368483447","nom":"Carrera 24","tipo":"residential"},"geometry":{"type":"LineString","coordinates":[[-74.10422,4.58521],[-74.10475,4.58478]]}},{"type":"Feature","properties":{"id":"375277072","nom":"Avenida Calle 22 Sur","tipo":"primary"},"geometry":{"type":"LineString","coordinates":[[-74.1023,4.58125],[-74.10235,4.58129],[-74.10244,4.58136],[-74.10248,4.58139]]}},{"type":"Feature","properties":{"id":"375277469","nom":"Calle 4","tipo":"residential"},"geometry":{"type":"LineString","coordinates":[[-74.08508,4.59506],[-74.08541,4.59525],[-74.08567,4.59541],[-74.08572,4.59544],[-74.08577,4.59546]]}},{"type":"Feature","properties":{"id":"376528022","nom":"Carrera 10A","tipo":"residential"},"geometry":{"type":"LineString","coordinates":[[-74.09164,4.58213],[-74.09162,4.58214],[-74.0916,4.58216],[-74.0912,4.58266],[-74.09118,4.58269]]}},{"type":"Feature","properties":{"id":"383311790","nom":"Avenida Carrera 14","tipo":"primary"},"geometry":{"type":"LineString","coordinates":[[-74.0897,4.59213],[-74.08966,4.59207],[-74.08963,4.59201],[-74.08962,4.59197],[-74.08961,4.59193],[-74.08961,4.59188],[-74.08961,4.59183],[-74.08964,4.59175],[-74.08967,4.59171],[-74.0897,4.59166]]}},{"type":"Feature","properties":{"id":"383311801","nom":"","tipo":"secondary_link"},"geometry":{"type":"LineString","coordinates":[[-74.09554,4.59394],[-74.09559,4.59398],[-74.09562,4.59402],[-74.09565,4.59408],[-74.09567,4.59413],[-74.09568,4.59419],[-74.09567,4.59424],[-74.09566,4.5943],[-74.09564,4.59434]]}},{"type":"Feature","properties":{"id":"383525434","nom":"Diagonal 2A","tipo":"tertiary"},"geometry":{"type":"LineString","coordinates":[[-74.08955,4.59559],[-74.08958,4.59558],[-74.0896,4.59557],[-74.08962,4.59557],[-74.08964,4.59557],[-74.08966,4.59557],[-74.08967,4.59559],[-74.08973,4.59565]]}},{"type":"Feature","properties":{"id":"383525435","nom":"Carrera 18","tipo":"tertiary"},"geometry":{"type":"LineString","coordinates":[[-74.08975,4.59534],[-74.0897,4.59542],[-74.08968,4.59545],[-74.08968,4.59548],[-74.08968,4.59551],[-74.08969,4.59555],[-74.08973,4.59565]]}},{"type":"Feature","properties":{"id":"383532225","nom":"Carrera 18A","tipo":"tertiary"},"geometry":{"type":"LineString","coordinates":[[-74.08989,4.59589],[-74.08992,4.59596],[-74.08993,4.596],[-74.08994,4.59603],[-74.08993,4.59608],[-74.08992,4.59613],[-74.08987,4.59622],[-74.08987,4.59623]]}},{"type":"Feature","properties":{"id":"383532226","nom":"Carrera 19","tipo":"tertiary"},"geometry":{"type":"LineString","coordinates":[[-74.09153,4.59782],[-74.09119,4.59821],[-74.09108,4.59832],[-74.091,4.5984],[-74.09064,4.5987],[-74.09031,4.59899],[-74.09023,4.59906],[-74.09018,4.59911],[-74.09011,4.59919],[-74.08998,4.59937],[-74.08996,4.5994],[-74.08974,4.59972],[-74.08963,4.59989],[-74.08954,4.60001],[-74.08952,4.60005],[-74.08949,4.60009]]}},{"type":"Feature","properties":{"id":"383544697","nom":"","tipo":"primary_link"},"geometry":{"type":"LineString","coordinates":[[-74.08558,4.59733],[-74.08532,4.59707],[-74.08525,4.59701],[-74.08521,4.59695],[-74.08518,4.5969],[-74.08515,4.59682],[-74.08514,4.59676],[-74.08514,4.59672],[-74.08514,4.59668],[-74.08515,4.59659]]}},{"type":"Feature","properties":{"id":"391665865","nom":"Carrera 24F","tipo":"residential"},"geometry":{"type":"LineString","coordinates":[[-74.10678,4.58635],[-74.10682,4.58632],[-74.10697,4.58619]]}},{"type":"Feature","properties":{"id":"392825870","nom":"Carrera 32","tipo":"residential"},"geometry":{"type":"LineString","coordinates":[[-74.1085,4.59965],[-74.10915,4.59896],[-74.1094,4.59867]]}},{"type":"Feature","properties":{"id":"402989313","nom":"Calle 24 Sur","tipo":"residential"},"geometry":{"type":"LineString","coordinates":[[-74.10716,4.58511],[-74.10732,4.5851]]}},{"type":"Feature","properties":{"id":"402989318","nom":"Carrera 18A","tipo":"residential"},"geometry":{"type":"LineString","coordinates":[[-74.09732,4.58865],[-74.0973,4.58868],[-74.09689,4.58918],[-74.09661,4.5896]]}},{"type":"Feature","properties":{"id":"402989322","nom":"Carrera 19A","tipo":"residential"},"geometry":{"type":"LineString","coordinates":[[-74.09795,4.58929],[-74.09793,4.58933],[-74.09764,4.5897],[-74.09733,4.59013]]}},{"type":"Feature","properties":{"id":"402989323","nom":"Calle 24 Sur","tipo":"residential"},"geometry":{"type":"LineString","coordinates":[[-74.10714,4.58442],[-74.10714,4.58447],[-74.10715,4.58493],[-74.10716,4.58511]]}},{"type":"Feature","properties":{"id":"402992296","nom":"Calle 27 Sur","tipo":"residential"},"geometry":{"type":"LineString","coordinates":[[-74.11346,4.59514],[-74.11352,4.5952],[-74.11359,4.59525],[-74.11366,4.59529],[-74.11373,4.59532],[-74.11375,4.59532],[-74.11382,4.59534],[-74.1139,4.59536],[-74.11397,4.59537],[-74.11405,4.59536]]}},{"type":"Feature","properties":{"id":"424852768","nom":"Carrera 16","tipo":"residential"},"geometry":{"type":"LineString","coordinates":[[-74.08753,4.5965],[-74.08726,4.59723]]}},{"type":"Feature","properties":{"id":"449873994","nom":"Carrera 36","tipo":"residential"},"geometry":{"type":"LineString","coordinates":[[-74.11364,4.59936],[-74.11352,4.59953]]}},{"type":"Feature","properties":{"id":"449883922","nom":"Avenida Carrera 24","tipo":"secondary"},"geometry":{"type":"LineString","coordinates":[[-74.09943,4.5899],[-74.09958,4.58967]]}},{"type":"Feature","properties":{"id":"449883923","nom":"","tipo":"secondary_link"},"geometry":{"type":"LineString","coordinates":[[-74.09949,4.59009],[-74.09945,4.5901],[-74.09925,4.59021],[-74.09905,4.59032]]}},{"type":"Feature","properties":{"id":"449883924","nom":"Avenida Carrera 24","tipo":"secondary"},"geometry":{"type":"LineString","coordinates":[[-74.09796,4.59179],[-74.09848,4.59119],[-74.09857,4.59107],[-74.09874,4.59087],[-74.0988,4.5908],[-74.09912,4.59039],[-74.09918,4.59031],[-74.09925,4.59021]]}},{"type":"Feature","properties":{"id":"449883925","nom":"Transversal 24B Bis","tipo":"tertiary"},"geometry":{"type":"LineString","coordinates":[[-74.1028,4.58776],[-74.10282,4.58772],[-74.10283,4.58769],[-74.10284,4.58764],[-74.10284,4.58758],[-74.10281,4.58737]]}},{"type":"Feature","properties":{"id":"449883926","nom":"Calle 16C Sur","tipo":"tertiary"},"geometry":{"type":"LineString","coordinates":[[-74.10227,4.58744],[-74.10224,4.58747],[-74.10223,4.5875],[-74.10224,4.58752],[-74.10225,4.58754],[-74.10237,4.58766],[-74.10244,4.58772]]}},{"type":"Feature","properties":{"id":"449883927","nom":"Carrera 24A","tipo":"tertiary"},"geometry":{"type":"LineString","coordinates":[[-74.10253,4.58718],[-74.10239,4.58732]]}},{"type":"Feature","properties":{"id":"469292497","nom":"Transversal 22","tipo":"tertiary"},"geometry":{"type":"LineString","coordinates":[[-74.09564,4.59434],[-74.09539,4.59456],[-74.09519,4.59472],[-74.09507,4.59484],[-74.09503,4.59488],[-74.09496,4.59494],[-74.09471,4.59522],[-74.09454,4.59541]]}},{"type":"Feature","properties":{"id":"509708035","nom":"Calle 2 Sur","tipo":"residential"},"geometry":{"type":"LineString","coordinates":[[-74.08659,4.58695],[-74.08654,4.58692],[-74.08646,4.58686],[-74.08641,4.58683]]}},{"type":"Feature","properties":{"id":"509708589","nom":"Avenida Calle 1","tipo":"secondary"},"geometry":{"type":"LineString","coordinates":[[-74.08494,4.58944],[-74.085,4.58948],[-74.08502,4.58949],[-74.08506,4.58951],[-74.08515,4.58956],[-74.08524,4.5896],[-74.08535,4.58966],[-74.08545,4.58971],[-74.08565,4.58983],[-74.0862,4.59018],[-74.08737,4.59092],[-74.08773,4.59114],[-74.08777,4.59116]]}},{"type":"Feature","properties":{"id":"509723288","nom":"Calle 11 Sur","tipo":"residential"},"geometry":{"type":"LineString","coordinates":[[-74.10888,4.59839],[-74.10898,4.59845],[-74.10908,4.5985]]}},{"type":"Feature","properties":{"id":"509723289","nom":"Calle 11 Sur","tipo":"residential"},"geometry":{"type":"LineString","coordinates":[[-74.10908,4.5985],[-74.10905,4.59846],[-74.10905,4.59843],[-74.10905,4.59842],[-74.10905,4.59838],[-74.10906,4.59831]]}},{"type":"Feature","properties":{"id":"509723294","nom":"Diagonal 16 Sur","tipo":"residential"},"geometry":{"type":"LineString","coordinates":[[-74.11027,4.59771],[-74.11038,4.59775],[-74.11056,4.59782]]}},{"type":"Feature","properties":{"id":"509723295","nom":"Diagonal 16 Sur","tipo":"residential"},"geometry":{"type":"LineString","coordinates":[[-74.11056,4.59782],[-74.11054,4.59778],[-74.11052,4.59773],[-74.11052,4.5977],[-74.11052,4.59768],[-74.11053,4.59766],[-74.11056,4.59757]]}},{"type":"Feature","properties":{"id":"522265995","nom":"Avenida Carrera 14","tipo":"primary"},"geometry":{"type":"LineString","coordinates":[[-74.08924,4.59167],[-74.08913,4.59169],[-74.08905,4.59169],[-74.08895,4.59169],[-74.08894,4.59169],[-74.08884,4.59168],[-74.08876,4.59166],[-74.08866,4.59164]]}},{"type":"Feature","properties":{"id":"522277365","nom":"Avenida Calle 3","tipo":"tertiary"},"geometry":{"type":"LineString","coordinates":[[-74.09203,4.59742],[-74.09185,4.59731],[-74.09165,4.59718],[-74.09147,4.59706],[-74.09124,4.59693],[-74.09088,4.59673],[-74.09079,4.59667],[-74.09019,4.59635]]}},{"type":"Feature","properties":{"id":"522277366","nom":"Transversal 22","tipo":"tertiary"},"geometry":{"type":"LineString","coordinates":[[-74.09196,4.59756],[-74.0921,4.59747]]}},{"type":"Feature","properties":{"id":"522500839","nom":"Calle 8 Sur","tipo":"residential"},"geometry":{"type":"LineString","coordinates":[[-74.09158,4.58626],[-74.09114,4.5859]]}},{"type":"Feature","properties":{"id":"522502152","nom":"Carrera 11B","tipo":"residential"},"geometry":{"type":"LineString","coordinates":[[-74.09142,4.58477],[-74.0916,4.58454],[-74.09193,4.58411]]}},{"type":"Feature","properties":{"id":"522696625","nom":"Calle 1A Bis","tipo":"tertiary"},"geometry":{"type":"LineString","coordinates":[[-74.10049,4.59492],[-74.10049,4.59502]]}},{"type":"Feature","properties":{"id":"523749328","nom":"Transversal 22","tipo":"tertiary"},"geometry":{"type":"LineString","coordinates":[[-74.09545,4.59462],[-74.0957,4.59441],[-74.09588,4.59426],[-74.09592,4.59423],[-74.09597,4.59421],[-74.09599,4.5942],[-74.09602,4.59419],[-74.09607,4.59418],[-74.09615,4.59417],[-74.09628,4.59416]]}},{"type":"Feature","properties":{"id":"523769073","nom":"Carrera 29B","tipo":"residential"},"geometry":{"type":"LineString","coordinates":[[-74.1124,4.59175],[-74.11315,4.59152]]}},{"type":"Feature","properties":{"id":"523773109","nom":"Calle 21 Sur","tipo":"residential"},"geometry":{"type":"LineString","coordinates":[[-74.10863,4.58957],[-74.1086,4.58954],[-74.10812,4.58903]]}},{"type":"Feature","properties":{"id":"523773110","nom":"Calle 26 Sur","tipo":"residential"},"geometry":{"type":"LineString","coordinates":[[-74.11077,4.5887],[-74.11073,4.5887],[-74.11071,4.58871],[-74.11068,4.58872],[-74.11066,4.58873],[-74.11063,4.58875],[-74.11062,4.58878],[-74.1106,4.5888],[-74.11059,4.58883]]}},{"type":"Feature","properties":{"id":"523773111","nom":"Calle 29 Sur","tipo":"residential"},"geometry":{"type":"LineString","coordinates":[[-74.11303,4.58686],[-74.11301,4.5869],[-74.11301,4.58694],[-74.113,4.58699],[-74.11307,4.58775]]}},{"type":"Feature","properties":{"id":"523774184","nom":"Transversal 24H Bis","tipo":"residential"},"geometry":{"type":"LineString","coordinates":[[-74.10555,4.58995],[-74.10553,4.58952],[-74.10553,4.58945]]}},{"type":"Feature","properties":{"id":"523785623","nom":"Calle 3 Sur","tipo":"residential"},"geometry":{"type":"LineString","coordinates":[[-74.10154,4.59435],[-74.10125,4.59435],[-74.10088,4.59436],[-74.1008,4.59436],[-74.10036,4.59439],[-74.10031,4.59439],[-74.10008,4.59438],[-74.0999,4.59436],[-74.09934,4.59428],[-74.09918,4.59426],[-74.09892,4.59422]]}},{"type":"Feature","properties":{"id":"523806157","nom":"Carrera 16","tipo":"secondary"},"geometry":{"type":"LineString","coordinates":[[-74.097,4.58735],[-74.09698,4.58732],[-74.09697,4.58729],[-74.09696,4.58725],[-74.09695,4.5872],[-74.09694,4.58716],[-74.09694,4.58712],[-74.09694,4.58703]]}},{"type":"Feature","properties":{"id":"523806159","nom":"Carrera 16","tipo":"secondary"},"geometry":{"type":"LineString","coordinates":[[-74.09694,4.58703],[-74.09712,4.5868],[-74.09718,4.58673],[-74.09724,4.58666]]}},{"type":"Feature","properties":{"id":"523819986","nom":"Calle 27 Sur","tipo":"secondary"},"geometry":{"type":"LineString","coordinates":[[-74.10725,4.57982],[-74.10739,4.58009],[-74.10753,4.58037],[-74.10766,4.58061],[-74.10771,4.58071],[-74.10786,4.581],[-74.10788,4.58103]]}},{"type":"Feature","properties":{"id":"523833013","nom":"Calle 21 Sur","tipo":"residential"},"geometry":{"type":"LineString","coordinates":[[-74.10202,4.58165],[-74.10207,4.5817],[-74.10254,4.5822],[-74.10317,4.58286],[-74.10327,4.58296],[-74.1033,4.58299],[-74.10377,4.58349],[-74.10381,4.58353]]}},{"type":"Feature","properties":{"id":"523839186","nom":"Calle 31A Sur","tipo":"tertiary"},"geometry":{"type":"LineString","coordinates":[[-74.10728,4.5741],[-74.10754,4.5743],[-74.10761,4.57436],[-74.1079,4.57459],[-74.10814,4.57478],[-74.10904,4.57549]]}},{"type":"Feature","properties":{"id":"523839190","nom":"Calle 20 Sur","tipo":"residential"},"geometry":{"type":"LineString","coordinates":[[-74.10338,4.58394],[-74.10335,4.58389],[-74.10288,4.5834],[-74.10285,4.58337],[-74.10283,4.58334],[-74.10267,4.58318],[-74.10202,4.58249],[-74.10155,4.58199],[-74.1015,4.58193]]}},{"type":"Feature","properties":{"id":"523853425","nom":"Carrera 12 Bis","tipo":"residential"},"geometry":{"type":"LineString","coordinates":[[-74.09775,4.57882],[-74.09808,4.57846],[-74.09811,4.57841]]}},{"type":"Feature","properties":{"id":"523853426","nom":"Carrera 12 Bis","tipo":"residential"},"geometry":{"type":"LineString","coordinates":[[-74.09803,4.57836],[-74.098,4.5784],[-74.09767,4.57876]]}},{"type":"Feature","properties":{"id":"523858436","nom":"Transversal 18 Bis","tipo":"secondary"},"geometry":{"type":"LineString","coordinates":[[-74.09724,4.58666],[-74.09735,4.58666],[-74.09739,4.58666],[-74.09793,4.58665]]}},{"type":"Feature","properties":{"id":"523858438","nom":"Carrera 22","tipo":"residential"},"geometry":{"type":"LineString","coordinates":[[-74.11109,4.58178],[-74.11077,4.58196]]}},{"type":"Feature","properties":{"id":"523858439","nom":"Calle 28A Sur","tipo":"residential"},"geometry":{"type":"LineString","coordinates":[[-74.11054,4.58254],[-74.11074,4.58291]]}},{"type":"Feature","properties":{"id":"523858441","nom":"Carrera 23","tipo":"residential"},"geometry":{"type":"LineString","coordinates":[[-74.11108,4.58294],[-74.11125,4.58269]]}},{"type":"Feature","properties":{"id":"523860702","nom":"Transversal 22B","tipo":"secondary"},"geometry":{"type":"LineString","coordinates":[[-74.11042,4.58335],[-74.11045,4.5833],[-74.11065,4.58304],[-74.11074,4.58291],[-74.11084,4.58278],[-74.11108,4.58246],[-74.11112,4.58241],[-74.11126,4.58221]]}},{"type":"Feature","properties":{"id":"523861810","nom":"Calle 27A Sur","tipo":"residential"},"geometry":{"type":"LineString","coordinates":[[-74.11135,4.58581],[-74.11105,4.58551],[-74.11103,4.58549]]}},{"type":"Feature","properties":{"id":"524491777","nom":"Calle 1 Este","tipo":"residential"},"geometry":{"type":"LineString","coordinates":[[-74.10109,4.59826],[-74.10172,4.59875]]}},{"type":"Feature","properties":{"id":"524493574","nom":"Calle 26 Bis Sur","tipo":"residential"},"geometry":{"type":"LineString","coordinates":[[-74.10911,4.58538],[-74.10871,4.58487]]}},{"type":"Feature","properties":{"id":"524494452","nom":"Carrera 12H Bis B","tipo":"residential"},"geometry":{"type":"LineString","coordinates":[[-74.10501,4.57754],[-74.10505,4.5775],[-74.10533,4.57715],[-74.10557,4.57685],[-74.10573,4.57665],[-74.10592,4.57641]]}},{"type":"Feature","properties":{"id":"524515250","nom":"Carrera 26B","tipo":"tertiary"},"geometry":{"type":"LineString","coordinates":[[-74.1148,4.58661],[-74.1147,4.58665]]}},{"type":"Feature","properties":{"id":"525967735","nom":"Carrera 11A","tipo":"residential"},"geometry":{"type":"LineString","coordinates":[[-74.09453,4.58036],[-74.09469,4.58017],[-74.09471,4.58015]]}},{"type":"Feature","properties":{"id":"526371853","nom":"Carrera 16A","tipo":"residential"},"geometry":{"type":"LineString","coordinates":[[-74.08882,4.59482],[-74.08878,4.59486],[-74.08876,4.59488],[-74.08868,4.59504]]}},{"type":"Feature","properties":{"id":"529872113","nom":"Calle 13 Sur","tipo":"residential"},"geometry":{"type":"LineString","coordinates":[[-74.0847,4.57568],[-74.08473,4.57568],[-74.08477,4.57567],[-74.08499,4.57572],[-74.08502,4.57573],[-74.08507,4.57576],[-74.08564,4.57624]]}},{"type":"Feature","properties":{"id":"529872116","nom":"Carrera 4 Bis","tipo":"residential"},"geometry":{"type":"LineString","coordinates":[[-74.08589,4.57599],[-74.08585,4.576],[-74.08583,4.57601],[-74.0858,4.57604],[-74.08564,4.57624],[-74.08535,4.57659]]}},{"type":"Feature","properties":{"id":"529887246","nom":"Calle 29 Sur","tipo":"residential"},"geometry":{"type":"LineString","coordinates":[[-74.10902,4.57733],[-74.10867,4.57705],[-74.10836,4.57679],[-74.10825,4.57671]]}},{"type":"Feature","properties":{"id":"529887247","nom":"Carrera 13 Bis","tipo":"residential"},"geometry":{"type":"LineString","coordinates":[[-74.1082,4.57765],[-74.1085,4.57725],[-74.10867,4.57705]]}},{"type":"Feature","properties":{"id":"529887253","nom":"Calle 31F Sur","tipo":"residential"},"geometry":{"type":"LineString","coordinates":[[-74.11226,4.5768],[-74.11214,4.57653],[-74.11207,4.57643],[-74.11199,4.57632],[-74.11166,4.57605]]}},{"type":"Feature","properties":{"id":"529891986","nom":"Diagonal 21 Sur","tipo":"residential"},"geometry":{"type":"LineString","coordinates":[[-74.10379,4.58453],[-74.10379,4.58459],[-74.10381,4.585]]}},{"type":"Feature","properties":{"id":"529896052","nom":"Carrera 16","tipo":"residential"},"geometry":{"type":"LineString","coordinates":[[-74.09561,4.58884],[-74.09595,4.58843]]}},{"type":"Feature","properties":{"id":"529901369","nom":"Carrera 25A","tipo":"residential"},"geometry":{"type":"LineString","coordinates":[[-74.10123,4.59313],[-74.10098,4.59336]]}},{"type":"Feature","properties":{"id":"534962147","nom":"Carrera 26","tipo":"tertiary"},"geometry":{"type":"LineString","coordinates":[[-74.10074,4.59538],[-74.10049,4.59571],[-74.10044,4.59577],[-74.10013,4.59617],[-74.09993,4.59642],[-74.09981,4.59658],[-74.0995,4.59698],[-74.0992,4.59735],[-74.09916,4.5974]]}},{"type":"Feature","properties":{"id":"537042676","nom":"","tipo":"tertiary_link"},"geometry":{"type":"LineString","coordinates":[[-74.10142,4.5895],[-74.10143,4.5894]]}},{"type":"Feature","properties":{"id":"537768757","nom":"Calle 17A Sur","tipo":"tertiary"},"geometry":{"type":"LineString","coordinates":[[-74.08304,4.57206],[-74.08328,4.57213],[-74.08352,4.5722],[-74.08413,4.57237],[-74.08431,4.57242],[-74.08461,4.57251],[-74.08477,4.57256],[-74.08534,4.57272],[-74.08543,4.57275],[-74.08548,4.57276],[-74.08558,4.57279],[-74.08571,4.57283],[-74.08577,4.57286],[-74.08581,4.57287],[-74.08589,4.57291],[-74.08596,4.57296],[-74.08617,4.57309],[-74.08625,4.57314],[-74.08632,4.57321],[-74.08658,4.57354],[-74.08674,4.57371],[-74.08681,4.57377],[-74.08687,4.57384],[-74.08692,4.5739],[-74.08698,4.57398],[-74.08702,4.57405],[-74.08713,4.57428],[-74.08716,4.57435],[-74.08733,4.57466],[-74.08736,4.57472],[-74.0874,4.57476],[-74.08745,4.5748],[-74.08749,4.57483],[-74.08754,4.57485],[-74.08758,4.57487],[-74.08771,4.5749],[-74.08801,4.57497],[-74.08917,4.57526]]}},{"type":"Feature","properties":{"id":"537816143","nom":"Carrera 14","tipo":"residential"},"geometry":{"type":"LineString","coordinates":[[-74.09548,4.58501],[-74.09534,4.58499],[-74.09523,4.58497],[-74.0952,4.58497],[-74.09517,4.58498],[-74.0949,4.58514],[-74.09488,4.58515],[-74.09486,4.58514]]}},{"type":"Feature","properties":{"id":"537816145","nom":"Avenida Carrera 14","tipo":"primary"},"geometry":{"type":"LineString","coordinates":[[-74.09121,4.58945],[-74.09115,4.58953],[-74.09108,4.58962],[-74.09094,4.5898],[-74.09078,4.59],[-74.09069,4.59012],[-74.09068,4.59013],[-74.09066,4.59016],[-74.09048,4.59037],[-74.09029,4.59061],[-74.09003,4.59093],[-74.0899,4.5911],[-74.08977,4.59126],[-74.08976,4.59127],[-74.08963,4.59143],[-74.08959,4.59147],[-74.08954,4.59151],[-74.08948,4.59155],[-74.0894,4.59159],[-74.08924,4.59167]]}},{"type":"Feature","properties":{"id":"537858731","nom":"Carrera 10A","tipo":"residential"},"geometry":{"type":"LineString","coordinates":[[-74.08803,4.58684],[-74.08819,4.58664]]}},{"type":"Feature","properties":{"id":"539018148","nom":"Carrera 8A","tipo":"residential"},"geometry":{"type":"LineString","coordinates":[[-74.09187,4.57646],[-74.09228,4.57607],[-74.09281,4.57559],[-74.09301,4.57539],[-74.09327,4.57515],[-74.09331,4.57511],[-74.09347,4.57496]]}},{"type":"Feature","properties":{"id":"539286415","nom":"Carrera 22A Bis","tipo":"residential"},"geometry":{"type":"LineString","coordinates":[[-74.10943,4.5839],[-74.10951,4.58386],[-74.10986,4.58366],[-74.1099,4.58374]]}},{"type":"Feature","properties":{"id":"539292765","nom":"","tipo":"trunk_link"},"geometry":{"type":"LineString","coordinates":[[-74.11277,4.5951],[-74.11297,4.59528],[-74.11329,4.59584],[-74.1133,4.59587],[-74.11335,4.59596],[-74.1134,4.59603]]}},{"type":"Feature","properties":{"id":"539292776","nom":"Transversal 31","tipo":"trunk"},"geometry":{"type":"LineString","coordinates":[[-74.1134,4.59603],[-74.11331,4.59606]]}},{"type":"Feature","properties":{"id":"539479096","nom":"Calle 25A Sur","tipo":"residential"},"geometry":{"type":"LineString","coordinates":[[-74.10931,4.58614],[-74.10887,4.58558],[-74.10844,4.58503],[-74.10829,4.5848],[-74.10828,4.58467]]}},{"type":"Feature","properties":{"id":"539513935","nom":"Carrera 15A","tipo":"residential"},"geometry":{"type":"LineString","coordinates":[[-74.08451,4.60023],[-74.0849,4.59974],[-74.08526,4.59923]]}},{"type":"Feature","properties":{"id":"539513936","nom":"Calle 1C","tipo":"residential"},"geometry":{"type":"LineString","coordinates":[[-74.09414,4.59415],[-74.09367,4.594],[-74.09323,4.59386],[-74.09273,4.59371],[-74.09265,4.59369],[-74.09219,4.59355],[-74.09153,4.59335]]}},{"type":"Feature","properties":{"id":"539513938","nom":"Carrera 18C","tipo":"residential"},"geometry":{"type":"LineString","coordinates":[[-74.09129,4.59444],[-74.09112,4.59519],[-74.09099,4.59583],[-74.09098,4.59587],[-74.09098,4.5959],[-74.09097,4.59594],[-74.09079,4.59665],[-74.09079,4.59667],[-74.09078,4.59669],[-74.09065,4.59734],[-74.09064,4.59737]]}},{"type":"Feature","properties":{"id":"539513939","nom":"Calle 1F","tipo":"residential"},"geometry":{"type":"LineString","coordinates":[[-74.09078,4.59424],[-74.09015,4.59401],[-74.08987,4.5939]]}},{"type":"Feature","properties":{"id":"539515538","nom":"Calle 1G","tipo":"residential"},"geometry":{"type":"LineString","coordinates":[[-74.09212,4.59552],[-74.09161,4.59537],[-74.09112,4.59519],[-74.09066,4.59501],[-74.09047,4.59493]]}},{"type":"Feature","properties":{"id":"539515539","nom":"Carrera 19A","tipo":"residential"},"geometry":{"type":"LineString","coordinates":[[-74.09212,4.59552],[-74.09227,4.59496]]}},{"type":"Feature","properties":{"id":"539518424","nom":"Diagonal 13 Bis Sur","tipo":"tertiary"},"geometry":{"type":"LineString","coordinates":[[-74.09974,4.58941],[-74.09981,4.58938],[-74.09985,4.58937],[-74.1,4.58936],[-74.10002,4.58935],[-74.10018,4.58934],[-74.10032,4.58933],[-74.10045,4.58933],[-74.10059,4.58934],[-74.10064,4.58935],[-74.10072,4.58936],[-74.10084,4.58938],[-74.10142,4.5895],[-74.10185,4.58959],[-74.10194,4.5896],[-74.10201,4.58961],[-74.10215,4.5896],[-74.10258,4.5896],[-74.10307,4.58959],[-74.10312,4.58959],[-74.10316,4.58959],[-74.10354,4.58958],[-74.10399,4.58958]]}},{"type":"Feature","properties":{"id":"540272021","nom":"Carrera 18","tipo":"residential"},"geometry":{"type":"LineString","coordinates":[[-74.0907,4.59256],[-74.09067,4.59261],[-74.09067,4.59261],[-74.09066,4.59264],[-74.09061,4.59277]]}},{"type":"Feature","properties":{"id":"540276700","nom":"Carrera 16","tipo":"residential"},"geometry":{"type":"LineString","coordinates":[[-74.08633,4.59899],[-74.08616,4.59924],[-74.08591,4.59958],[-74.08587,4.59965]]}},{"type":"Feature","properties":{"id":"540277926","nom":"Carrera 18B","tipo":"residential"},"geometry":{"type":"LineString","coordinates":[[-74.09005,4.59735],[-74.09005,4.59732],[-74.09007,4.59706],[-74.09015,4.5968]]}},{"type":"Feature","properties":{"id":"540437807","nom":"Avenida Calle 3","tipo":"tertiary"},"geometry":{"type":"LineString","coordinates":[[-74.0886,4.59575],[-74.08899,4.5959],[-74.08936,4.59604],[-74.08938,4.59605],[-74.08987,4.59623]]}},{"type":"Feature","properties":{"id":"540442083","nom":"Calle 10A Sur","tipo":"residential"},"geometry":{"type":"LineString","coordinates":[[-74.09704,4.58865],[-74.09684,4.58849],[-74.09622,4.58798],[-74.0959,4.58772],[-74.09553,4.58741],[-74.09523,4.58717],[-74.09489,4.58689],[-74.09446,4.58653]]}},{"type":"Feature","properties":{"id":"540449241","nom":"Calle 17A Sur","tipo":"tertiary"},"geometry":{"type":"LineString","coordinates":[[-74.10477,4.58926],[-74.10473,4.58922],[-74.10455,4.58903],[-74.10454,4.58902],[-74.10452,4.58902],[-74.10451,4.58902]]}},{"type":"Feature","properties":{"id":"540458834","nom":"Calle 16A Sur","tipo":"tertiary"},"geometry":{"type":"LineString","coordinates":[[-74.10399,4.58958],[-74.10415,4.58977],[-74.10418,4.5898],[-74.10434,4.58997],[-74.10436,4.58998],[-74.10439,4.58998],[-74.10441,4.58998],[-74.10444,4.58997]]}},{"type":"Feature","properties":{"id":"540458839","nom":"Carrera 24F Bis","tipo":"tertiary"},"geometry":{"type":"LineString","coordinates":[[-74.10399,4.58947],[-74.10398,4.58951],[-74.10397,4.58954],[-74.10398,4.58956],[-74.10399,4.58958]]}},{"type":"Feature","properties":{"id":"540765244","nom":"Calle 18 Sur","tipo":"residential"},"geometry":{"type":"LineString","coordinates":[[-74.10553,4.58945],[-74.10553,4.58927]]}},{"type":"Feature","properties":{"id":"543192236","nom":"Carrera 37","tipo":"residential"},"geometry":{"type":"LineString","coordinates":[[-74.11175,4.60271],[-74.11178,4.60267],[-74.11206,4.6023],[-74.11258,4.6016],[-74.11285,4.60123],[-74.11309,4.60092],[-74.11391,4.59981]]}},{"type":"Feature","properties":{"id":"558388363","nom":"Calle 10 Sur","tipo":"residential"},"geometry":{"type":"LineString","coordinates":[[-74.08686,4.58009],[-74.08627,4.57971],[-74.08625,4.5797],[-74.0862,4.57967]]}},{"type":"Feature","properties":{"id":"558388364","nom":"Calle 13 Bis Sur","tipo":"residential"},"geometry":{"type":"LineString","coordinates":[[-74.08778,4.57755],[-74.08775,4.57752],[-74.08701,4.57692]]}},{"type":"Feature","properties":{"id":"562364000","nom":"Avenida Carrera 14","tipo":"primary"},"geometry":{"type":"LineString","coordinates":[[-74.09572,4.58515],[-74.0959,4.58507]]}},{"type":"Feature","properties":{"id":"562364017","nom":"Avenida Carrera 14","tipo":"primary"},"geometry":{"type":"LineString","coordinates":[[-74.09574,4.58488],[-74.09556,4.58497]]}},{"type":"Feature","properties":{"id":"562364022","nom":"Avenida Carrera 14","tipo":"primary"},"geometry":{"type":"LineString","coordinates":[[-74.09556,4.58497],[-74.09548,4.58501],[-74.09537,4.58506],[-74.09522,4.58514],[-74.09499,4.58528],[-74.09477,4.58542],[-74.09469,4.58547],[-74.09457,4.58554],[-74.0945,4.5856]]}},{"type":"Feature","properties":{"id":"563889483","nom":"Calle 33 Sur","tipo":"residential"},"geometry":{"type":"LineString","coordinates":[[-74.11478,4.57569],[-74.11489,4.57614]]}},{"type":"Feature","properties":{"id":"578699498","nom":"","tipo":"trunk_link"},"geometry":{"type":"LineString","coordinates":[[-74.1134,4.59603],[-74.11346,4.59611]]}},{"type":"Feature","properties":{"id":"578710507","nom":"Avenida Carrera 30","tipo":"trunk"},"geometry":{"type":"LineString","coordinates":[[-74.10737,4.598],[-74.10719,4.59812]]}},{"type":"Feature","properties":{"id":"585213753","nom":"Carrera 14B","tipo":"residential"},"geometry":{"type":"LineString","coordinates":[[-74.09588,4.58651],[-74.09591,4.58647],[-74.09594,4.58642],[-74.09609,4.58618]]}},{"type":"Feature","properties":{"id":"585219462","nom":"Calle 31B Sur","tipo":"residential"},"geometry":{"type":"LineString","coordinates":[[-74.11409,4.58324],[-74.1141,4.58328],[-74.1141,4.58328],[-74.11411,4.5833],[-74.11441,4.58377],[-74.11467,4.58417],[-74.11525,4.5851],[-74.1158,4.58595],[-74.11619,4.58657],[-74.11635,4.58682],[-74.11686,4.58763],[-74.117,4.58785]]}},{"type":"Feature","properties":{"id":"585492468","nom":"Carrera 12F Bis","tipo":"residential"},"geometry":{"type":"LineString","coordinates":[[-74.10397,4.57559],[-74.10433,4.57514],[-74.1046,4.57481]]}},{"type":"Feature","properties":{"id":"614556511","nom":"Carrera 9A","tipo":"residential"},"geometry":{"type":"LineString","coordinates":[[-74.09203,4.57787],[-74.09207,4.57781],[-74.09264,4.57708]]}},{"type":"Feature","properties":{"id":"623942081","nom":"Carrera 17A","tipo":"residential"},"geometry":{"type":"LineString","coordinates":[[-74.0888,4.59643],[-74.08849,4.59725],[-74.08848,4.59728]]}},{"type":"Feature","properties":{"id":"627031400","nom":"Transversal 29A Bis","tipo":"residential"},"geometry":{"type":"LineString","coordinates":[[-74.11309,4.59133],[-74.1124,4.59175]]}},{"type":"Feature","properties":{"id":"627031402","nom":"Diagonal 16 Sur","tipo":"tertiary"},"geometry":{"type":"LineString","coordinates":[[-74.10999,4.59793],[-74.11033,4.59811]]}},{"type":"Feature","properties":{"id":"627200299","nom":"Avenida Carrera 14","tipo":"primary"},"geometry":{"type":"LineString","coordinates":[[-74.09139,4.58958],[-74.09144,4.58952],[-74.09147,4.58948],[-74.09201,4.58881],[-74.09233,4.58842],[-74.09262,4.58806],[-74.09313,4.58742],[-74.09316,4.58738],[-74.09344,4.58704],[-74.0936,4.58685],[-74.09379,4.58662],[-74.09388,4.58651],[-74.09397,4.58641],[-74.09407,4.5863],[-74.09418,4.58618],[-74.09432,4.58605],[-74.09444,4.58594],[-74.09447,4.58591],[-74.09455,4.58584],[-74.09463,4.58576]]}},{"type":"Feature","properties":{"id":"627200301","nom":"Calle 17 Sur","tipo":"tertiary"},"geometry":{"type":"LineString","coordinates":[[-74.0928,4.57837],[-74.09275,4.57834],[-74.09267,4.57828],[-74.09261,4.57824]]}},{"type":"Feature","properties":{"id":"627263396","nom":"Calle 5","tipo":"residential"},"geometry":{"type":"LineString","coordinates":[[-74.09437,4.60085],[-74.09435,4.60083],[-74.0943,4.6008],[-74.09369,4.6005],[-74.09297,4.60015],[-74.0926,4.59998],[-74.09167,4.59955],[-74.09107,4.59929]]}},{"type":"Feature","properties":{"id":"627263398","nom":"Calle 1H Bis","tipo":"residential"},"geometry":{"type":"LineString","coordinates":[[-74.09766,4.598],[-74.09732,4.59774]]}},{"type":"Feature","properties":{"id":"627263399","nom":"Calle 1F","tipo":"tertiary"},"geometry":{"type":"LineString","coordinates":[[-74.09682,4.59615],[-74.0969,4.59618],[-74.09729,4.5963],[-74.09751,4.59637],[-74.09782,4.59647],[-74.09787,4.59649],[-74.09791,4.59651],[-74.09792,4.59651],[-74.09797,4.59653],[-74.09799,4.59654],[-74.09806,4.59657],[-74.09812,4.5966],[-74.09817,4.59663],[-74.09823,4.59667],[-74.09834,4.59675],[-74.09853,4.5969]]}},{"type":"Feature","properties":{"id":"631128462","nom":"Calle 1D Bis","tipo":"residential"},"geometry":{"type":"LineString","coordinates":[[-74.1038,4.60033],[-74.10302,4.59975],[-74.10237,4.59925]]}},{"type":"Feature","properties":{"id":"631128463","nom":"Calle 1A Bis","tipo":"residential"},"geometry":{"type":"LineString","coordinates":[[-74.10546,4.59908],[-74.10493,4.59867]]}},{"type":"Feature","properties":{"id":"636181215","nom":"Diagonal 16 Sur","tipo":"residential"},"geometry":{"type":"LineString","coordinates":[[-74.11637,4.60116],[-74.11606,4.60063],[-74.11604,4.6006],[-74.11603,4.60056],[-74.116,4.60052],[-74.11597,4.60048],[-74.11587,4.60039],[-74.11571,4.60028],[-74.11562,4.60022],[-74.1155,4.60015],[-74.11532,4.60006],[-74.11493,4.59988],[-74.11453,4.59969],[-74.11413,4.5995],[-74.11407,4.59947],[-74.11369,4.59929]]}},{"type":"Feature","properties":{"id":"636183966","nom":"","tipo":"secondary_link"},"geometry":{"type":"LineString","coordinates":[[-74.1123,4.59429],[-74.11232,4.5944],[-74.11232,4.59444],[-74.11232,4.59448],[-74.11231,4.59453],[-74.11229,4.59458]]}},{"type":"Feature","properties":{"id":"636184216","nom":"Calle 17 Sur","tipo":"tertiary"},"geometry":{"type":"LineString","coordinates":[[-74.1105,4.59723],[-74.11047,4.59721],[-74.11045,4.59718],[-74.11042,4.59714],[-74.11021,4.59685],[-74.10995,4.59649],[-74.10991,4.59643]]}},{"type":"Feature","properties":{"id":"636185631","nom":"","tipo":"trunk_link"},"geometry":{"type":"LineString","coordinates":[[-74.11286,4.59525],[-74.11289,4.59535],[-74.1129,4.59548],[-74.11291,4.59559],[-74.1129,4.5957],[-74.11288,4.59582],[-74.11283,4.59591],[-74.11278,4.59601],[-74.11268,4.59613],[-74.11254,4.59626],[-74.11232,4.59644]]}},{"type":"Feature","properties":{"id":"636185633","nom":"","tipo":"trunk_link"},"geometry":{"type":"LineString","coordinates":[[-74.11436,4.5957],[-74.11413,4.5957],[-74.11406,4.5957],[-74.11396,4.5957],[-74.11378,4.59567],[-74.11362,4.59562],[-74.11346,4.59555],[-74.11332,4.59546],[-74.11323,4.5954],[-74.11316,4.59534],[-74.113,4.59515]]}},{"type":"Feature","properties":{"id":"638011660","nom":"Avenida Calle 26 Sur","tipo":"primary"},"geometry":{"type":"LineString","coordinates":[[-74.11494,4.59766],[-74.11463,4.59738],[-74.11444,4.59721],[-74.11432,4.59711],[-74.11408,4.59688],[-74.11395,4.59676],[-74.1139,4.5967],[-74.11386,4.59665],[-74.11382,4.59659],[-74.11378,4.59654],[-74.11371,4.59642],[-74.11369,4.59639],[-74.11362,4.59626]]}},{"type":"Feature","properties":{"id":"638011661","nom":"Carrera 36","tipo":"residential"},"geometry":{"type":"LineString","coordinates":[[-74.11494,4.59766],[-74.11482,4.59778]]}},{"type":"Feature","properties":{"id":"638011662","nom":"Avenida Carrera 30","tipo":"secondary"},"geometry":{"type":"LineString","coordinates":[[-74.11242,4.59449],[-74.11229,4.59458]]}},{"type":"Feature","properties":{"id":"642708393","nom":"Calle 31 Bis Sur","tipo":"residential"},"geometry":{"type":"LineString","coordinates":[[-74.1125,4.58097],[-74.11243,4.58082],[-74.11242,4.5808],[-74.11239,4.58078],[-74.11235,4.58077],[-74.11232,4.58078],[-74.11228,4.58079],[-74.11226,4.5808],[-74.11223,4.58084],[-74.11221,4.58087],[-74.11219,4.58091]]}},{"type":"Feature","properties":{"id":"642708425","nom":"Calle 31D Sur","tipo":"residential"},"geometry":{"type":"LineString","coordinates":[[-74.1146,4.58192],[-74.11454,4.58176],[-74.11434,4.58121],[-74.11432,4.58117],[-74.1142,4.58111],[-74.11403,4.58067],[-74.11397,4.58053],[-74.1139,4.58035]]}},{"type":"Feature","properties":{"id":"642708442","nom":"Carrera 18","tipo":"residential"},"geometry":{"type":"LineString","coordinates":[[-74.1137,4.5773],[-74.11287,4.57766]]}},{"type":"Feature","properties":{"id":"645068842","nom":"Carrera 19A","tipo":"residential"},"geometry":{"type":"LineString","coordinates":[[-74.09153,4.59782],[-74.09141,4.59827]]}},{"type":"Feature","properties":{"id":"655270829","nom":"Carrera 26B Bis","tipo":"residential"},"geometry":{"type":"LineString","coordinates":[[-74.11431,4.58684],[-74.11469,4.58679]]}},{"type":"Feature","properties":{"id":"657074860","nom":"Carrera 20","tipo":"residential"},"geometry":{"type":"LineString","coordinates":[[-74.11422,4.57874],[-74.11365,4.57897]]}},{"type":"Feature","properties":{"id":"661079916","nom":"Transversal 35","tipo":"trunk"},"geometry":{"type":"LineString","coordinates":[[-74.11347,4.596],[-74.1134,4.59603]]}},{"type":"Feature","properties":{"id":"661079917","nom":"Avenida Calle 22 Sur","tipo":"primary"},"geometry":{"type":"LineString","coordinates":[[-74.11347,4.596],[-74.11343,4.59593],[-74.11338,4.59584],[-74.113,4.59515]]}},{"type":"Feature","properties":{"id":"661079922","nom":"Transversal 31","tipo":"trunk"},"geometry":{"type":"LineString","coordinates":[[-74.11059,4.59727],[-74.10922,4.59794],[-74.10888,4.5981],[-74.10878,4.59814],[-74.10869,4.59815],[-74.10859,4.59816],[-74.10851,4.59815],[-74.10843,4.59814]]}},{"type":"Feature","properties":{"id":"661079928","nom":"Transversal 35","tipo":"trunk"},"geometry":{"type":"LineString","coordinates":[[-74.11345,4.59632],[-74.11362,4.59626]]}},{"type":"Feature","properties":{"id":"661079930","nom":"Avenida Calle 22 Sur","tipo":"primary"},"geometry":{"type":"LineString","coordinates":[[-74.11362,4.59626],[-74.11358,4.59619]]}},{"type":"Feature","properties":{"id":"683611631","nom":"Carrera 20A","tipo":"residential"},"geometry":{"type":"LineString","coordinates":[[-74.11471,4.57874],[-74.11428,4.5789]]}},{"type":"Feature","properties":{"id":"683611649","nom":"Carrera 23A","tipo":"residential"},"geometry":{"type":"LineString","coordinates":[[-74.11294,4.58202],[-74.11275,4.58211]]}},{"type":"Feature","properties":{"id":"686498354","nom":"Calle 28B Sur","tipo":"residential"},"geometry":{"type":"LineString","coordinates":[[-74.10836,4.57842],[-74.10831,4.57839],[-74.10799,4.57814]]}},{"type":"Feature","properties":{"id":"691825080","nom":"Avenida Carrera 30","tipo":"secondary"},"geometry":{"type":"LineString","coordinates":[[-74.11262,4.59449],[-74.11267,4.59446],[-74.1135,4.59386],[-74.11382,4.59362],[-74.11445,4.59318],[-74.11534,4.59253],[-74.11539,4.59249]]}},{"type":"Feature","properties":{"id":"691825088","nom":"Calle 29 Sur","tipo":"residential"},"geometry":{"type":"LineString","coordinates":[[-74.11509,4.59417],[-74.11476,4.59361],[-74.11447,4.59322],[-74.11445,4.59318]]}},{"type":"Feature","properties":{"id":"692251767","nom":"Transversal 31","tipo":"trunk"},"geometry":{"type":"LineString","coordinates":[[-74.10991,4.59789],[-74.11027,4.59771],[-74.11056,4.59757],[-74.11127,4.59723],[-74.11139,4.59716],[-74.11159,4.59708],[-74.11197,4.59691],[-74.11213,4.59684]]}},{"type":"Feature","properties":{"id":"692251768","nom":"Avenida Calle 8 Sur","tipo":"secondary"},"geometry":{"type":"LineString","coordinates":[[-74.10735,4.59877],[-74.10796,4.59933],[-74.10814,4.59949],[-74.10841,4.59975]]}},{"type":"Feature","properties":{"id":"692251769","nom":"Avenida Calle 8 Sur","tipo":"secondary"},"geometry":{"type":"LineString","coordinates":[[-74.10712,4.59856],[-74.10716,4.5986]]}},{"type":"Feature","properties":{"id":"692251770","nom":"Avenida Carrera 30","tipo":"secondary"},"geometry":{"type":"LineString","coordinates":[[-74.10712,4.59856],[-74.10721,4.59851]]}},{"type":"Feature","properties":{"id":"692251771","nom":"Avenida Calle 8 Sur","tipo":"secondary"},"geometry":{"type":"LineString","coordinates":[[-74.10728,4.59856],[-74.10721,4.59851]]}},{"type":"Feature","properties":{"id":"692251776","nom":"Calle 11 Sur","tipo":"tertiary"},"geometry":{"type":"LineString","coordinates":[[-74.10296,4.59443],[-74.10226,4.59367],[-74.10182,4.5932],[-74.1015,4.59285],[-74.10141,4.59274],[-74.10132,4.59263],[-74.10115,4.59239],[-74.10101,4.59219],[-74.10099,4.59217],[-74.10096,4.59213]]}},{"type":"Feature","properties":{"id":"692251781","nom":"Carrera 29C","tipo":"residential"},"geometry":{"type":"LineString","coordinates":[[-74.10552,4.59791],[-74.10523,4.59828],[-74.10493,4.59867],[-74.10464,4.59904],[-74.10462,4.59907]]}},{"type":"Feature","properties":{"id":"692251787","nom":"","tipo":"secondary"},"geometry":{"type":"LineString","coordinates":[[-74.10374,4.59512],[-74.10379,4.59508],[-74.10386,4.595],[-74.10391,4.59493],[-74.10394,4.59485],[-74.10395,4.59479],[-74.10396,4.59463]]}},{"type":"Feature","properties":{"id":"692251788","nom":"Calle 13 Sur","tipo":"residential"},"geometry":{"type":"LineString","coordinates":[[-74.10394,4.59385],[-74.10385,4.59376],[-74.10367,4.59357],[-74.10316,4.59306],[-74.10268,4.59257],[-74.10262,4.5925],[-74.10258,4.59245],[-74.10256,4.59241],[-74.10252,4.59234],[-74.10245,4.59221]]}},{"type":"Feature","properties":{"id":"692251793","nom":"Avenida Carrera 27","tipo":"secondary"},"geometry":{"type":"LineString","coordinates":[[-74.10155,4.59665],[-74.10169,4.59647],[-74.10216,4.59587],[-74.1026,4.5953],[-74.10275,4.59517],[-74.10278,4.59513]]}},{"type":"Feature","properties":{"id":"692255025","nom":"Calle 12A Sur","tipo":"residential"},"geometry":{"type":"LineString","coordinates":[[-74.10592,4.59605],[-74.10549,4.59584],[-74.10532,4.59576]]}},{"type":"Feature","properties":{"id":"692255032","nom":"Calle 12A Sur","tipo":"residential"},"geometry":{"type":"LineString","coordinates":[[-74.1068,4.59647],[-74.10635,4.59626]]}},{"type":"Feature","properties":{"id":"692255033","nom":"Carrera 29D","tipo":"living_street"},"geometry":{"type":"LineString","coordinates":[[-74.10665,4.5974],[-74.1064,4.5977]]}},{"type":"Feature","properties":{"id":"692262100","nom":"Calle 26 Sur","tipo":"residential"},"geometry":{"type":"LineString","coordinates":[[-74.11182,4.59314],[-74.11183,4.59308],[-74.1119,4.59281]]}},{"type":"Feature","properties":{"id":"692262102","nom":"Diagonal 17C Sur","tipo":"residential"},"geometry":{"type":"LineString","coordinates":[[-74.10834,4.59315],[-74.10845,4.59325],[-74.10849,4.59329],[-74.10852,4.59331],[-74.10857,4.59334],[-74.1096,4.59371],[-74.10966,4.59374],[-74.1097,4.59377],[-74.10973,4.59381]]}},{"type":"Feature","properties":{"id":"692618128","nom":"Carrera 29A","tipo":"residential"},"geometry":{"type":"LineString","coordinates":[[-74.11142,4.59134],[-74.11219,4.59108],[-74.11293,4.59083],[-74.11366,4.59059],[-74.11404,4.59047],[-74.11443,4.59034]]}},{"type":"Feature","properties":{"id":"692619350","nom":"Diagonal 29A Bis Sur","tipo":"tertiary"},"geometry":{"type":"LineString","coordinates":[[-74.11525,4.58926],[-74.11474,4.58982],[-74.11458,4.59011],[-74.11453,4.59031],[-74.1145,4.59057]]}},{"type":"Feature","properties":{"id":"692622157","nom":"Carrera 29A","tipo":"residential"},"geometry":{"type":"LineString","coordinates":[[-74.11473,4.5903],[-74.11541,4.59043]]}},{"type":"Feature","properties":{"id":"692622159","nom":"Carrera 29A","tipo":"residential"},"geometry":{"type":"LineString","coordinates":[[-74.11547,4.59035],[-74.11476,4.5902]]}},{"type":"Feature","properties":{"id":"697660754","nom":"Avenida Calle 22 Sur","tipo":"primary"},"geometry":{"type":"LineString","coordinates":[[-74.10563,4.58518],[-74.1058,4.58539],[-74.10586,4.58548],[-74.10622,4.58592],[-74.10643,4.58618],[-74.10665,4.58647]]}},{"type":"Feature","properties":{"id":"697660757","nom":"Avenida Calle 22 Sur","tipo":"primary"},"geometry":{"type":"LineString","coordinates":[[-74.10505,4.58419],[-74.10462,4.58365],[-74.10439,4.58336]]}},{"type":"Feature","properties":{"id":"697662428","nom":"Carrera 24G","tipo":"residential"},"geometry":{"type":"LineString","coordinates":[[-74.10992,4.58475],[-74.10987,4.58478],[-74.1096,4.58499],[-74.10937,4.58518],[-74.10911,4.58538],[-74.10887,4.58558],[-74.10862,4.58578],[-74.10851,4.58587],[-74.1084,4.58595],[-74.10814,4.58616],[-74.10788,4.58637],[-74.10763,4.58656],[-74.1073,4.58683],[-74.10725,4.58687],[-74.10721,4.58691]]}},{"type":"Feature","properties":{"id":"697662938","nom":"","tipo":"secondary_link"},"geometry":{"type":"LineString","coordinates":[[-74.10553,4.58479],[-74.1055,4.58472],[-74.1055,4.58467],[-74.1055,4.58462],[-74.10551,4.58458],[-74.10552,4.58457],[-74.10555,4.58453],[-74.10558,4.58451],[-74.10563,4.58447]]}},{"type":"Feature","properties":{"id":"697672117","nom":"Avenida Carrera 24","tipo":"secondary"},"geometry":{"type":"LineString","coordinates":[[-74.11093,4.58428],[-74.11098,4.58427],[-74.11195,4.58395],[-74.11315,4.58356],[-74.11323,4.58354]]}},{"type":"Feature","properties":{"id":"697672120","nom":"Avenida Carrera 24","tipo":"secondary"},"geometry":{"type":"LineString","coordinates":[[-74.1132,4.58348],[-74.11314,4.5835],[-74.111,4.5842],[-74.11095,4.58421],[-74.1109,4.58423]]}},{"type":"Feature","properties":{"id":"697672121","nom":"Avenida Carrera 24","tipo":"secondary"},"geometry":{"type":"LineString","coordinates":[[-74.11328,4.58346],[-74.1132,4.58348]]}},{"type":"Feature","properties":{"id":"697672123","nom":"Avenida Carrera 24","tipo":"secondary"},"geometry":{"type":"LineString","coordinates":[[-74.11323,4.58354],[-74.1133,4.58351]]}},{"type":"Feature","properties":{"id":"697672124","nom":"Carrera 26B","tipo":"tertiary"},"geometry":{"type":"LineString","coordinates":[[-74.11173,4.58701],[-74.11177,4.58701],[-74.11279,4.58692],[-74.11291,4.58689],[-74.11303,4.58686]]}},{"type":"Feature","properties":{"id":"697672127","nom":"Carrera 26B Bis","tipo":"residential"},"geometry":{"type":"LineString","coordinates":[[-74.1139,4.58688],[-74.11351,4.58692]]}},{"type":"Feature","properties":{"id":"697672132","nom":"Calle 31 Sur","tipo":"residential"},"geometry":{"type":"LineString","coordinates":[[-74.11561,4.58839],[-74.11559,4.58831],[-74.11559,4.58827],[-74.11556,4.58817],[-74.11555,4.58812],[-74.11553,4.58807],[-74.11526,4.58752],[-74.11483,4.58658]]}},{"type":"Feature","properties":{"id":"699146126","nom":"Carrera 24B","tipo":"residential"},"geometry":{"type":"LineString","coordinates":[[-74.11919,4.58275],[-74.11887,4.58282],[-74.1181,4.583],[-74.11721,4.58333],[-74.11684,4.58347],[-74.11667,4.58353],[-74.1162,4.58371],[-74.11618,4.58371],[-74.11528,4.58397],[-74.11526,4.58398],[-74.11467,4.58417],[-74.11408,4.58438],[-74.11379,4.58447]]}},{"type":"Feature","properties":{"id":"702809494","nom":"Carrera 29A Bis A","tipo":"residential"},"geometry":{"type":"LineString","coordinates":[[-74.10864,4.59382],[-74.10823,4.5941]]}},{"type":"Feature","properties":{"id":"705295123","nom":"Calle 16 Sur","tipo":"residential"},"geometry":{"type":"LineString","coordinates":[[-74.10736,4.59383],[-74.10692,4.59319],[-74.10648,4.59257]]}},{"type":"Feature","properties":{"id":"706257482","nom":"Calle 4 Sur","tipo":"residential"},"geometry":{"type":"LineString","coordinates":[[-74.09774,4.59342],[-74.09815,4.59377],[-74.09816,4.59377],[-74.09834,4.59394]]}},{"type":"Feature","properties":{"id":"706257487","nom":"Calle 11 Sur","tipo":"tertiary"},"geometry":{"type":"LineString","coordinates":[[-74.09904,4.58946],[-74.09907,4.5895],[-74.09937,4.58992],[-74.0994,4.58996]]}},{"type":"Feature","properties":{"id":"706260977","nom":"Transversal 22","tipo":"secondary"},"geometry":{"type":"LineString","coordinates":[[-74.09688,4.5929],[-74.09657,4.59327],[-74.09631,4.59358],[-74.09627,4.59363]]}},{"type":"Feature","properties":{"id":"706260983","nom":"Carrera 25B","tipo":"residential"},"geometry":{"type":"LineString","coordinates":[[-74.10155,4.59351],[-74.10126,4.5938]]}},{"type":"Feature","properties":{"id":"706260984","nom":"Calle 11 Sur","tipo":"residential"},"geometry":{"type":"LineString","coordinates":[[-74.10321,4.59421],[-74.10315,4.59417],[-74.10312,4.59413],[-74.10175,4.59267],[-74.10169,4.59261],[-74.10154,4.59241],[-74.10125,4.59198],[-74.10094,4.59154],[-74.10092,4.59151],[-74.10091,4.59147]]}},{"type":"Feature","properties":{"id":"706413994","nom":"Carrera 24H","tipo":"tertiary"},"geometry":{"type":"LineString","coordinates":[[-74.10467,4.58974],[-74.10487,4.58955],[-74.10492,4.5895],[-74.10493,4.58948],[-74.10494,4.58946]]}},{"type":"Feature","properties":{"id":"706437489","nom":"Diagonal 17C Sur","tipo":"residential"},"geometry":{"type":"LineString","coordinates":[[-74.10781,4.58951],[-74.10776,4.58946],[-74.10773,4.58943],[-74.10771,4.58942],[-74.10769,4.58941],[-74.10765,4.5894],[-74.10761,4.5894],[-74.10655,4.58942],[-74.10553,4.58945],[-74.10494,4.58946]]}},{"type":"Feature","properties":{"id":"706437492","nom":"Carrera 26","tipo":"residential"},"geometry":{"type":"LineString","coordinates":[[-74.10769,4.58949],[-74.10769,4.58947],[-74.1077,4.58944],[-74.10771,4.58942],[-74.10773,4.5894],[-74.10776,4.58937],[-74.10797,4.58917],[-74.10812,4.58903],[-74.10842,4.58875],[-74.10845,4.58872]]}},{"type":"Feature","properties":{"id":"706437497","nom":"Calle 19 Sur","tipo":"residential"},"geometry":{"type":"LineString","coordinates":[[-74.10822,4.58996],[-74.10819,4.58993],[-74.10781,4.58951]]}},{"type":"Feature","properties":{"id":"707118334","nom":"Carrera 18","tipo":"residential"},"geometry":{"type":"LineString","coordinates":[[-74.09644,4.58881],[-74.09611,4.58923],[-74.09589,4.5895],[-74.09583,4.58957],[-74.09559,4.58986],[-74.09527,4.59025],[-74.09463,4.59103],[-74.09403,4.59176]]}},{"type":"Feature","properties":{"id":"707118335","nom":"Carrera 16","tipo":"residential"},"geometry":{"type":"LineString","coordinates":[[-74.09386,4.59099],[-74.09415,4.59063],[-74.09446,4.59026]]}},{"type":"Feature","properties":{"id":"707118336","nom":"Carrera 15A","tipo":"residential"},"geometry":{"type":"LineString","coordinates":[[-74.09318,4.59106],[-74.09378,4.59032],[-74.09442,4.58954],[-74.09469,4.58921],[-74.09497,4.58887],[-74.0956,4.58813]]}},{"type":"Feature","properties":{"id":"707120256","nom":"Carrera 19","tipo":"tertiary"},"geometry":{"type":"LineString","coordinates":[[-74.09434,4.59351],[-74.09436,4.59346],[-74.09437,4.59342],[-74.09438,4.59339],[-74.09442,4.59334],[-74.09469,4.59298],[-74.09498,4.5926],[-74.09499,4.59259],[-74.095,4.59257],[-74.09502,4.59254],[-74.09528,4.59221],[-74.09557,4.59181]]}},{"type":"Feature","properties":{"id":"707126657","nom":"Carrera 20A","tipo":"residential"},"geometry":{"type":"LineString","coordinates":[[-74.09843,4.58958],[-74.09844,4.58964],[-74.09845,4.58972],[-74.09848,4.58989],[-74.09848,4.59001],[-74.09844,4.59017],[-74.09841,4.59026],[-74.09839,4.5903],[-74.09832,4.5904],[-74.09811,4.5907]]}},{"type":"Feature","properties":{"id":"707126661","nom":"Carrera 16","tipo":"secondary"},"geometry":{"type":"LineString","coordinates":[[-74.09665,4.58706],[-74.09676,4.5871],[-74.0968,4.58711],[-74.09683,4.58711],[-74.09685,4.58711],[-74.09687,4.5871],[-74.0969,4.58708],[-74.09694,4.58703]]}},{"type":"Feature","properties":{"id":"707126662","nom":"Transversal 18 Bis","tipo":"secondary"},"geometry":{"type":"LineString","coordinates":[[-74.09841,4.58664],[-74.09858,4.58663],[-74.09898,4.58663],[-74.09917,4.58663],[-74.09943,4.58662]]}},{"type":"Feature","properties":{"id":"707126663","nom":"Calle 10B Sur","tipo":"secondary"},"geometry":{"type":"LineString","coordinates":[[-74.09665,4.58706],[-74.09678,4.58714],[-74.09681,4.58716],[-74.09684,4.58718],[-74.09688,4.58721],[-74.09692,4.58724],[-74.09696,4.58729],[-74.097,4.58735]]}},{"type":"Feature","properties":{"id":"707126664","nom":"Avenida Calle 11 Sur","tipo":"secondary"},"geometry":{"type":"LineString","coordinates":[[-74.09618,4.58668],[-74.0961,4.58663],[-74.09604,4.5866],[-74.09588,4.58651],[-74.09541,4.58624],[-74.09483,4.58593],[-74.09476,4.5859],[-74.09473,4.58587],[-74.0947,4.58585],[-74.09467,4.58581],[-74.09463,4.58576]]}},{"type":"Feature","properties":{"id":"707126665","nom":"Calle 12A Sur","tipo":"residential"},"geometry":{"type":"LineString","coordinates":[[-74.09609,4.58618],[-74.09567,4.58591]]}},{"type":"Feature","properties":{"id":"707126674","nom":"","tipo":"primary_link"},"geometry":{"type":"LineString","coordinates":[[-74.09477,4.58542],[-74.09457,4.58545],[-74.09454,4.58545],[-74.09451,4.58545],[-74.09449,4.58545],[-74.09445,4.58544],[-74.09441,4.58542],[-74.09424,4.58529]]}},{"type":"Feature","properties":{"id":"707127236","nom":"","tipo":"secondary_link"},"geometry":{"type":"LineString","coordinates":[[-74.09813,4.58664],[-74.0981,4.58667],[-74.09809,4.58669],[-74.09808,4.58671],[-74.09807,4.58673],[-74.09807,4.58675],[-74.09807,4.58678],[-74.09808,4.58681]]}},{"type":"Feature","properties":{"id":"707127237","nom":"Transversal 18 Bis","tipo":"secondary"},"geometry":{"type":"LineString","coordinates":[[-74.09793,4.58665],[-74.09813,4.58664],[-74.09821,4.58664],[-74.09841,4.58664]]}},{"type":"Feature","properties":{"id":"707127241","nom":"","tipo":"secondary_link"},"geometry":{"type":"LineString","coordinates":[[-74.09828,4.5865],[-74.09827,4.58654],[-74.09826,4.58657],[-74.09825,4.58659],[-74.09824,4.5866],[-74.09821,4.58664]]}},{"type":"Feature","properties":{"id":"707127242","nom":"Calle 14 Sur","tipo":"residential"},"geometry":{"type":"LineString","coordinates":[[-74.09841,4.58664],[-74.09847,4.5867],[-74.09939,4.5877],[-74.09958,4.5879],[-74.09987,4.58821],[-74.10032,4.5887],[-74.10035,4.58873]]}},{"type":"Feature","properties":{"id":"707245392","nom":"Carrera 17","tipo":"residential"},"geometry":{"type":"LineString","coordinates":[[-74.09969,4.58541],[-74.09948,4.58561],[-74.09909,4.58599],[-74.0987,4.58635],[-74.09853,4.58652],[-74.09841,4.58664]]}},{"type":"Feature","properties":{"id":"707245396","nom":"Calle 16 Sur","tipo":"secondary"},"geometry":{"type":"LineString","coordinates":[[-74.09996,4.58611],[-74.09999,4.58615],[-74.10034,4.58652],[-74.10048,4.58667],[-74.10053,4.58673],[-74.1009,4.58711],[-74.10093,4.58715],[-74.10095,4.58717]]}},{"type":"Feature","properties":{"id":"707245397","nom":"Carrera 17","tipo":"residential"},"geometry":{"type":"LineString","coordinates":[[-74.10016,4.58496],[-74.10015,4.58497],[-74.09993,4.58518],[-74.09969,4.58541]]}},{"type":"Feature","properties":{"id":"707245398","nom":"Calle 17 Sur","tipo":"tertiary"},"geometry":{"type":"LineString","coordinates":[[-74.09875,4.5835],[-74.09877,4.58351],[-74.0988,4.58353],[-74.09882,4.58354],[-74.09889,4.58361],[-74.09943,4.58418],[-74.09946,4.58421]]}},{"type":"Feature","properties":{"id":"707245399","nom":"Calle 18 Sur","tipo":"residential"},"geometry":{"type":"LineString","coordinates":[[-74.10145,4.58494],[-74.10136,4.58484],[-74.10133,4.5848],[-74.1013,4.58478],[-74.10087,4.58432],[-74.10049,4.58391]]}},{"type":"Feature","properties":{"id":"707245400","nom":"Calle 18 Sur","tipo":"residential"},"geometry":{"type":"LineString","coordinates":[[-74.10049,4.58391],[-74.10035,4.58376],[-74.10019,4.5836],[-74.09966,4.58303],[-74.09962,4.58299]]}},{"type":"Feature","properties":{"id":"707245401","nom":"Carrera 16","tipo":"residential"},"geometry":{"type":"LineString","coordinates":[[-74.09946,4.58421],[-74.09948,4.58419],[-74.09955,4.58412],[-74.09982,4.5839],[-74.10001,4.58374],[-74.10019,4.5836],[-74.10041,4.58341],[-74.10051,4.58334],[-74.10061,4.58327],[-74.10072,4.58321],[-74.10085,4.58313],[-74.10098,4.58307],[-74.10149,4.58278],[-74.10202,4.58249],[-74.10254,4.5822],[-74.10298,4.58196],[-74.10304,4.58193]]}},{"type":"Feature","properties":{"id":"707251331","nom":"Carrera 17","tipo":"residential"},"geometry":{"type":"LineString","coordinates":[[-74.10178,4.58374],[-74.10168,4.5838],[-74.10157,4.58387],[-74.1014,4.58397],[-74.10099,4.58424],[-74.10087,4.58432],[-74.1005,4.58464]]}},{"type":"Feature","properties":{"id":"707251337","nom":"Avenida Calle 22 Sur","tipo":"primary"},"geometry":{"type":"LineString","coordinates":[[-74.10421,4.58314],[-74.1038,4.58262],[-74.10377,4.58259],[-74.10373,4.58254]]}},{"type":"Feature","properties":{"id":"707251338","nom":"Carrera 19","tipo":"tertiary"},"geometry":{"type":"LineString","coordinates":[[-74.10272,4.58457],[-74.1028,4.5845],[-74.10292,4.58438],[-74.10297,4.58433],[-74.10338,4.58394],[-74.10349,4.58384],[-74.10381,4.58353],[-74.10402,4.58332],[-74.10409,4.58325]]}},{"type":"Feature","properties":{"id":"707251339","nom":"Calle 20B Sur","tipo":"residential"},"geometry":{"type":"LineString","coordinates":[[-74.10369,4.58405],[-74.10353,4.58388],[-74.10349,4.58384]]}},{"type":"Feature","properties":{"id":"707253598","nom":"Avenida Carrera 24","tipo":"secondary"},"geometry":{"type":"LineString","coordinates":[[-74.09958,4.58967],[-74.09959,4.58964],[-74.09972,4.58943],[-74.09974,4.58941],[-74.09983,4.58926],[-74.09988,4.58919],[-74.09996,4.5891],[-74.10015,4.58892],[-74.10035,4.58873],[-74.10061,4.58849],[-74.10103,4.5881],[-74.10106,4.58807]]}},{"type":"Feature","properties":{"id":"707253599","nom":"Calle 17 Sur","tipo":"tertiary"},"geometry":{"type":"LineString","coordinates":[[-74.10213,4.58705],[-74.10216,4.58708],[-74.10239,4.58732]]}},{"type":"Feature","properties":{"id":"707360368","nom":"Carrera 24G","tipo":"residential"},"geometry":{"type":"LineString","coordinates":[[-74.1065,4.58762],[-74.10613,4.58797],[-74.10584,4.58824],[-74.1052,4.58885],[-74.10519,4.58886],[-74.10517,4.58888]]}},{"type":"Feature","properties":{"id":"707360369","nom":"Carrera 24F","tipo":"residential"},"geometry":{"type":"LineString","coordinates":[[-74.10653,4.58658],[-74.10661,4.5865],[-74.10665,4.58647]]}},{"type":"Feature","properties":{"id":"707360375","nom":"Calle 17A Sur","tipo":"tertiary"},"geometry":{"type":"LineString","coordinates":[[-74.10281,4.58737],[-74.10266,4.58719],[-74.10263,4.58717],[-74.10259,4.58716],[-74.10256,4.58717],[-74.10253,4.58718]]}},{"type":"Feature","properties":{"id":"707360376","nom":"Carrera 24B","tipo":"tertiary"},"geometry":{"type":"LineString","coordinates":[[-74.10244,4.58772],[-74.10247,4.58771],[-74.1025,4.5877],[-74.10252,4.5877],[-74.10255,4.58771],[-74.10261,4.58773],[-74.10267,4.58776],[-74.10272,4.58777],[-74.10275,4.58777],[-74.10278,4.58776],[-74.1028,4.58776]]}},{"type":"Feature","properties":{"id":"712331233","nom":"Carrera 18C","tipo":"residential"},"geometry":{"type":"LineString","coordinates":[[-74.10319,4.58187],[-74.10325,4.58184],[-74.10459,4.5812],[-74.10594,4.58055]]}},{"type":"Feature","properties":{"id":"712331236","nom":"Avenida Carrera 14","tipo":"primary"},"geometry":{"type":"LineString","coordinates":[[-74.10694,4.57923],[-74.10702,4.57919],[-74.10711,4.57915],[-74.10715,4.57913],[-74.10742,4.57902],[-74.10775,4.57888],[-74.10803,4.57878]]}},{"type":"Feature","properties":{"id":"712331241","nom":"Carrera 13 Bis","tipo":"residential"},"geometry":{"type":"LineString","coordinates":[[-74.10799,4.57814],[-74.10775,4.57845],[-74.10763,4.57862],[-74.10756,4.5787]]}},{"type":"Feature","properties":{"id":"712337531","nom":"Calle 28C Sur","tipo":"residential"},"geometry":{"type":"LineString","coordinates":[[-74.10993,4.57994],[-74.10982,4.57973],[-74.10967,4.57946]]}},{"type":"Feature","properties":{"id":"712337532","nom":"Carrera 20","tipo":"residential"},"geometry":{"type":"LineString","coordinates":[[-74.1116,4.5798],[-74.11165,4.57978],[-74.11169,4.57976],[-74.11172,4.57975],[-74.11185,4.57968],[-74.11202,4.57961],[-74.11213,4.57956],[-74.11259,4.57936]]}},{"type":"Feature","properties":{"id":"712337533","nom":"Carrera 20","tipo":"residential"},"geometry":{"type":"LineString","coordinates":[[-74.11149,4.57986],[-74.1116,4.5798]]}},{"type":"Feature","properties":{"id":"712337541","nom":"Calle 31 Sur","tipo":"residential"},"geometry":{"type":"LineString","coordinates":[[-74.11091,4.57818],[-74.11091,4.57812],[-74.11091,4.57806],[-74.11092,4.57802],[-74.11093,4.57798],[-74.11095,4.57794],[-74.11098,4.57791]]}},{"type":"Feature","properties":{"id":"712337542","nom":"Calle 31 Sur","tipo":"residential"},"geometry":{"type":"LineString","coordinates":[[-74.11091,4.57818],[-74.11106,4.57852]]}},{"type":"Feature","properties":{"id":"712337545","nom":"Calle 31 Sur","tipo":"residential"},"geometry":{"type":"LineString","coordinates":[[-74.11169,4.57976],[-74.11186,4.58016],[-74.11213,4.58077],[-74.11219,4.58091],[-74.11236,4.5813],[-74.11259,4.58183],[-74.11267,4.58202],[-74.1127,4.58206],[-74.11272,4.58208],[-74.11275,4.58211],[-74.11278,4.58215],[-74.11281,4.58219],[-74.11283,4.58222],[-74.11286,4.58227],[-74.11288,4.58232],[-74.11296,4.58251],[-74.11307,4.58281],[-74.11318,4.58309],[-74.11328,4.58337]]}},{"type":"Feature","properties":{"id":"712337546","nom":"Carrera 20","tipo":"residential"},"geometry":{"type":"LineString","coordinates":[[-74.11261,4.57941],[-74.11298,4.57926]]}},{"type":"Feature","properties":{"id":"712344317","nom":"Carrera 18A","tipo":"residential"},"geometry":{"type":"LineString","coordinates":[[-74.11162,4.57868],[-74.11122,4.57885]]}},{"type":"Feature","properties":{"id":"712344318","nom":"Calle 28B Sur","tipo":"residential"},"geometry":{"type":"LineString","coordinates":[[-74.11108,4.58246],[-74.11103,4.58239],[-74.111,4.58233],[-74.11081,4.58203],[-74.11077,4.58196],[-74.11051,4.58147]]}},{"type":"Feature","properties":{"id":"712344320","nom":"Carrera 22","tipo":"residential"},"geometry":{"type":"LineString","coordinates":[[-74.11231,4.58132],[-74.11236,4.5813],[-74.11291,4.58106],[-74.11325,4.58091]]}},{"type":"Feature","properties":{"id":"712344321","nom":"Carrera 22","tipo":"residential"},"geometry":{"type":"LineString","coordinates":[[-74.11223,4.58135],[-74.11231,4.58132]]}},{"type":"Feature","properties":{"id":"712344322","nom":"Carrera 22","tipo":"residential"},"geometry":{"type":"LineString","coordinates":[[-74.11171,4.58161],[-74.11217,4.58139],[-74.11223,4.58135]]}},{"type":"Feature","properties":{"id":"712344327","nom":"Calle 30 Sur","tipo":"residential"},"geometry":{"type":"LineString","coordinates":[[-74.11188,4.58193],[-74.11171,4.58161]]}},{"type":"Feature","properties":{"id":"712344328","nom":"Carrera 22A","tipo":"residential"},"geometry":{"type":"LineString","coordinates":[[-74.1113,4.58216],[-74.11163,4.58199],[-74.11167,4.58198],[-74.11173,4.58196],[-74.1118,4.58195],[-74.11184,4.58194],[-74.11188,4.58193]]}},{"type":"Feature","properties":{"id":"712344329","nom":"Transversal 22 Bis","tipo":"secondary"},"geometry":{"type":"LineString","coordinates":[[-74.11126,4.58221],[-74.1113,4.58216],[-74.11171,4.58161]]}},{"type":"Feature","properties":{"id":"712344330","nom":"Carrera 22A","tipo":"residential"},"geometry":{"type":"LineString","coordinates":[[-74.11188,4.58193],[-74.11233,4.5817]]}},{"type":"Feature","properties":{"id":"712344331","nom":"Carrera 23","tipo":"residential"},"geometry":{"type":"LineString","coordinates":[[-74.1116,4.58249],[-74.1119,4.58233]]}},{"type":"Feature","properties":{"id":"712344332","nom":"Carrera 23A","tipo":"residential"},"geometry":{"type":"LineString","coordinates":[[-74.11156,4.58277],[-74.11201,4.58253]]}},{"type":"Feature","properties":{"id":"712426733","nom":"Calle 31A Sur","tipo":"residential"},"geometry":{"type":"LineString","coordinates":[[-74.11319,4.58202],[-74.11333,4.58236]]}},{"type":"Feature","properties":{"id":"712426734","nom":"Carrera 23B","tipo":"residential"},"geometry":{"type":"LineString","coordinates":[[-74.11319,4.58202],[-74.11358,4.58189],[-74.11365,4.58187]]}},{"type":"Feature","properties":{"id":"712426759","nom":"Carrera 20","tipo":"residential"},"geometry":{"type":"LineString","coordinates":[[-74.11653,4.57776],[-74.11636,4.57783],[-74.11619,4.57789],[-74.11551,4.57815],[-74.11526,4.57824],[-74.11518,4.57827],[-74.11475,4.57843],[-74.11418,4.57864]]}},{"type":"Feature","properties":{"id":"712429080","nom":"Carrera 19A","tipo":"residential"},"geometry":{"type":"LineString","coordinates":[[-74.1141,4.5784],[-74.11356,4.57863],[-74.11351,4.57865]]}},{"type":"Feature","properties":{"id":"712429081","nom":"Carrera 21","tipo":"residential"},"geometry":{"type":"LineString","coordinates":[[-74.11494,4.57896],[-74.11467,4.57905]]}},{"type":"Feature","properties":{"id":"712430629","nom":"Calle 31C Sur","tipo":"residential"},"geometry":{"type":"LineString","coordinates":[[-74.1128,4.57833],[-74.11269,4.57808]]}},{"type":"Feature","properties":{"id":"712430634","nom":"Carrera 21","tipo":"residential"},"geometry":{"type":"LineString","coordinates":[[-74.11394,4.57921],[-74.11433,4.57905]]}},{"type":"Feature","properties":{"id":"712430637","nom":"Calle 31 Bis Sur","tipo":"residential"},"geometry":{"type":"LineString","coordinates":[[-74.11213,4.57986],[-74.11202,4.57961]]}},{"type":"Feature","properties":{"id":"712430638","nom":"Carrera 21B","tipo":"residential"},"geometry":{"type":"LineString","coordinates":[[-74.11248,4.58057],[-74.1125,4.58058],[-74.11252,4.58058],[-74.11255,4.58058],[-74.11259,4.58057],[-74.11261,4.58055],[-74.11263,4.58052],[-74.11264,4.58049],[-74.11264,4.58045],[-74.11262,4.58042],[-74.1126,4.58039],[-74.11255,4.58037]]}},{"type":"Feature","properties":{"id":"712430644","nom":"Carrera 22","tipo":"residential"},"geometry":{"type":"LineString","coordinates":[[-74.11355,4.58086],[-74.11381,4.58076],[-74.11403,4.58067]]}},{"type":"Feature","properties":{"id":"712430646","nom":"Carrera 21D","tipo":"residential"},"geometry":{"type":"LineString","coordinates":[[-74.11375,4.58061],[-74.11397,4.58053]]}},{"type":"Feature","properties":{"id":"734298690","nom":"","tipo":"secondary_link"},"geometry":{"type":"LineString","coordinates":[[-74.08777,4.59116],[-74.08781,4.5911]]}},{"type":"Feature","properties":{"id":"734298701","nom":"Avenida Carrera 10","tipo":"primary"},"geometry":{"type":"LineString","coordinates":[[-74.08947,4.58256],[-74.08919,4.58295],[-74.08897,4.58323],[-74.08884,4.5834],[-74.08871,4.58356],[-74.08856,4.58377],[-74.08839,4.584],[-74.0881,4.5844],[-74.08755,4.58515],[-74.08737,4.58541],[-74.08735,4.58544],[-74.08718,4.58569],[-74.08657,4.58659],[-74.08648,4.58672],[-74.08646,4.58676],[-74.08641,4.58683],[-74.08634,4.58692],[-74.08627,4.58703],[-74.08618,4.58718],[-74.08576,4.58782],[-74.08552,4.58819],[-74.08498,4.589]]}},{"type":"Feature","properties":{"id":"734298702","nom":"Avenida Carrera 10","tipo":"primary"},"geometry":{"type":"LineString","coordinates":[[-74.08997,4.58226],[-74.09005,4.58216]]}},{"type":"Feature","properties":{"id":"734298703","nom":"Avenida Calle 11 Sur","tipo":"secondary"},"geometry":{"type":"LineString","coordinates":[[-74.09032,4.58239],[-74.09048,4.58246],[-74.09059,4.5825],[-74.09073,4.58258],[-74.09091,4.58269],[-74.09107,4.58278],[-74.09129,4.58292],[-74.09154,4.58309],[-74.09173,4.58323],[-74.09191,4.58337],[-74.09217,4.58359],[-74.09265,4.58402]]}},{"type":"Feature","properties":{"id":"734298706","nom":"Avenida Calle 11 Sur","tipo":"secondary"},"geometry":{"type":"LineString","coordinates":[[-74.08975,4.58217],[-74.08978,4.58218],[-74.0898,4.58219],[-74.0899,4.58223],[-74.08997,4.58226]]}},{"type":"Feature","properties":{"id":"734298709","nom":"Avenida Calle 11 Sur","tipo":"secondary"},"geometry":{"type":"LineString","coordinates":[[-74.08982,4.58207],[-74.08974,4.58203],[-74.08972,4.58202],[-74.08964,4.58198],[-74.0895,4.58191],[-74.08941,4.58186],[-74.08935,4.58181],[-74.08917,4.58169],[-74.08895,4.58153],[-74.08879,4.58139],[-74.08863,4.58124],[-74.08847,4.58107],[-74.08833,4.58092],[-74.08825,4.58081],[-74.0882,4.58074]]}},{"type":"Feature","properties":{"id":"734299439","nom":"Carrera 11C","tipo":"residential"},"geometry":{"type":"LineString","coordinates":[[-74.08866,4.58868],[-74.08929,4.58789],[-74.08981,4.58723],[-74.09017,4.58679]]}},{"type":"Feature","properties":{"id":"734301169","nom":"Calle 8 Sur","tipo":"residential"},"geometry":{"type":"LineString","coordinates":[[-74.08918,4.58432],[-74.08874,4.58396],[-74.08868,4.58392]]}},{"type":"Feature","properties":{"id":"734350804","nom":"Transversal 12A Bis","tipo":"residential"},"geometry":{"type":"LineString","coordinates":[[-74.09553,4.5819],[-74.09522,4.58185],[-74.09514,4.58184],[-74.09507,4.58184],[-74.09502,4.58184],[-74.09492,4.58186],[-74.09483,4.58188],[-74.09472,4.58191],[-74.09465,4.58192],[-74.09456,4.58193],[-74.09448,4.58193],[-74.09441,4.58193]]}},{"type":"Feature","properties":{"id":"734350805","nom":"Carrera 12","tipo":"residential"},"geometry":{"type":"LineString","coordinates":[[-74.09551,4.58085],[-74.09548,4.58088],[-74.09545,4.58092],[-74.09538,4.58099],[-74.09522,4.58111],[-74.09506,4.58122],[-74.09489,4.5813]]}},{"type":"Feature","properties":{"id":"734350806","nom":"Carrera 11A","tipo":"residential"},"geometry":{"type":"LineString","coordinates":[[-74.09521,4.57958],[-74.0955,4.57925],[-74.09622,4.57842]]}},{"type":"Feature","properties":{"id":"734350809","nom":"Carrera 11","tipo":"residential"},"geometry":{"type":"LineString","coordinates":[[-74.093,4.58125],[-74.09354,4.58064],[-74.09392,4.58022],[-74.09412,4.58]]}},{"type":"Feature","properties":{"id":"734352843","nom":"Calle 17 Sur","tipo":"tertiary"},"geometry":{"type":"LineString","coordinates":[[-74.09818,4.58315],[-74.09786,4.58286],[-74.09739,4.58245],[-74.09735,4.58241]]}},{"type":"Feature","properties":{"id":"734521938","nom":"Calle 18 Sur","tipo":"residential"},"geometry":{"type":"LineString","coordinates":[[-74.09948,4.5828],[-74.09944,4.58277],[-74.09892,4.58231],[-74.09814,4.58161],[-74.0981,4.58157],[-74.09806,4.58153],[-74.09794,4.58143],[-74.0979,4.58139],[-74.09782,4.58132],[-74.09751,4.58104],[-74.09711,4.58069],[-74.09671,4.58033],[-74.0963,4.57996],[-74.09624,4.57991],[-74.09589,4.5796],[-74.0955,4.57925],[-74.0951,4.57889]]}},{"type":"Feature","properties":{"id":"734525200","nom":"Avenida Calle 22 Sur","tipo":"primary"},"geometry":{"type":"LineString","coordinates":[[-74.09976,4.57934],[-74.09971,4.57931],[-74.09957,4.57921],[-74.09936,4.57907],[-74.09904,4.57885],[-74.09873,4.57864],[-74.09843,4.57843],[-74.09825,4.57831],[-74.09815,4.57824],[-74.09776,4.57798],[-74.09713,4.57755]]}},{"type":"Feature","properties":{"id":"734531205","nom":"Carrera 10A","tipo":"residential"},"geometry":{"type":"LineString","coordinates":[[-74.09549,4.57679],[-74.09504,4.5773],[-74.09466,4.57775],[-74.0943,4.57817],[-74.09394,4.57859],[-74.0936,4.57898],[-74.09357,4.57902]]}},{"type":"Feature","properties":{"id":"734551223","nom":"Calle 24 Sur","tipo":"residential"},"geometry":{"type":"LineString","coordinates":[[-74.10238,4.57852],[-74.10219,4.57837],[-74.10183,4.57806],[-74.10146,4.57776],[-74.10143,4.57774],[-74.10122,4.57757],[-74.10118,4.57754],[-74.10109,4.57747],[-74.10081,4.57724],[-74.0999,4.57654],[-74.09959,4.57629],[-74.09868,4.57557]]}},{"type":"Feature","properties":{"id":"734551232","nom":"Carrera 12D","tipo":"tertiary"},"geometry":{"type":"LineString","coordinates":[[-74.09773,4.58199],[-74.09802,4.58167],[-74.09805,4.58163],[-74.0981,4.58157],[-74.09847,4.58116]]}},{"type":"Feature","properties":{"id":"737158117","nom":"Calle 30 Sur","tipo":"residential"},"geometry":{"type":"LineString","coordinates":[[-74.10692,4.57513],[-74.1073,4.57543],[-74.10751,4.5756],[-74.10773,4.57578],[-74.10804,4.57603],[-74.1084,4.57631],[-74.10854,4.57642],[-74.10894,4.57673],[-74.10927,4.57699]]}},{"type":"Feature","properties":{"id":"737158124","nom":"Calle 28B Sur","tipo":"residential"},"geometry":{"type":"LineString","coordinates":[[-74.10615,4.57658],[-74.10592,4.57641]]}},{"type":"Feature","properties":{"id":"737158131","nom":"Calle 28B Sur","tipo":"residential"},"geometry":{"type":"LineString","coordinates":[[-74.10523,4.57586],[-74.10501,4.57569]]}},{"type":"Feature","properties":{"id":"737158137","nom":"Calle 27B Sur","tipo":"residential"},"geometry":{"type":"LineString","coordinates":[[-74.10391,4.57521],[-74.10372,4.57504]]}},{"type":"Feature","properties":{"id":"737159345","nom":"Calle 31A Sur","tipo":"residential"},"geometry":{"type":"LineString","coordinates":[[-74.11019,4.57639],[-74.11036,4.57652],[-74.11094,4.57697]]}},{"type":"Feature","properties":{"id":"737405983","nom":"Carrera 21B","tipo":"residential"},"geometry":{"type":"LineString","coordinates":[[-74.11255,4.58037],[-74.1126,4.58029],[-74.11263,4.58027],[-74.11283,4.58017],[-74.11291,4.58013]]}},{"type":"Feature","properties":{"id":"738678245","nom":"Carrera 15 Bis A","tipo":"residential"},"geometry":{"type":"LineString","coordinates":[[-74.11092,4.57437],[-74.11063,4.57473],[-74.11059,4.57479],[-74.11027,4.57519]]}},{"type":"Feature","properties":{"id":"739117924","nom":"Carrera 13I","tipo":"residential"},"geometry":{"type":"LineString","coordinates":[[-74.11592,4.57513],[-74.11579,4.57517],[-74.1157,4.5752],[-74.11547,4.57521],[-74.11507,4.5753],[-74.11486,4.57531],[-74.1147,4.5753]]}},{"type":"Feature","properties":{"id":"762719859","nom":"Avenida Carrera 8","tipo":"secondary"},"geometry":{"type":"LineString","coordinates":[[-74.08683,4.58222],[-74.08709,4.58188],[-74.08725,4.58169],[-74.08744,4.58148],[-74.0876,4.58131],[-74.08777,4.58114],[-74.08811,4.58083],[-74.08814,4.5808]]}},{"type":"Feature","properties":{"id":"762719874","nom":"Calle 10 Sur","tipo":"residential"},"geometry":{"type":"LineString","coordinates":[[-74.08759,4.58074],[-74.08733,4.58057]]}},{"type":"Feature","properties":{"id":"762719876","nom":"Calle 9 Sur","tipo":"residential"},"geometry":{"type":"LineString","coordinates":[[-74.08701,4.58102],[-74.08648,4.58062]]}},{"type":"Feature","properties":{"id":"762719879","nom":"Avenida Carrera 7","tipo":"secondary"},"geometry":{"type":"LineString","coordinates":[[-74.08545,4.58082],[-74.08536,4.58095],[-74.08534,4.58098],[-74.0853,4.58104],[-74.08525,4.5811]]}},{"type":"Feature","properties":{"id":"762914205","nom":"Avenida Carrera 8","tipo":"secondary"},"geometry":{"type":"LineString","coordinates":[[-74.08965,4.57915],[-74.0897,4.57905]]}},{"type":"Feature","properties":{"id":"762914206","nom":"Avenida Carrera 6","tipo":"secondary"},"geometry":{"type":"LineString","coordinates":[[-74.08816,4.57718],[-74.08806,4.57728]]}},{"type":"Feature","properties":{"id":"762914207","nom":"Avenida Carrera 6","tipo":"secondary"},"geometry":{"type":"LineString","coordinates":[[-74.08758,4.57773],[-74.08752,4.57778],[-74.0875,4.5778]]}},{"type":"Feature","properties":{"id":"763003466","nom":"Calle 27 Sur","tipo":"tertiary"},"geometry":{"type":"LineString","coordinates":[[-74.10966,4.58431],[-74.10981,4.58456],[-74.10992,4.58475],[-74.11026,4.58531],[-74.11028,4.58535],[-74.11031,4.58538],[-74.11058,4.58569],[-74.11062,4.58574],[-74.11095,4.58611],[-74.111,4.58617],[-74.11133,4.58655],[-74.11169,4.58696],[-74.11173,4.58701]]}},{"type":"Feature","properties":{"id":"763500268","nom":"Calle 13 Bis Sur","tipo":"residential"},"geometry":{"type":"LineString","coordinates":[[-74.0871,4.57682],[-74.08671,4.5765]]}},{"type":"Feature","properties":{"id":"763501115","nom":"Carrera 5B","tipo":"residential"},"geometry":{"type":"LineString","coordinates":[[-74.08844,4.57574],[-74.0883,4.57592]]}},{"type":"Feature","properties":{"id":"763501116","nom":"Calle 16 Sur","tipo":"residential"},"geometry":{"type":"LineString","coordinates":[[-74.08841,4.576],[-74.0883,4.57592],[-74.0882,4.57584]]}},{"type":"Feature","properties":{"id":"794152220","nom":"Calle 1C Sur","tipo":"tertiary"},"geometry":{"type":"LineString","coordinates":[[-74.08618,4.58718],[-74.08612,4.58714],[-74.08609,4.58713],[-74.08561,4.58683],[-74.08556,4.5868]]}},{"type":"Feature","properties":{"id":"795726162","nom":"Calle 17A Sur","tipo":"residential"},"geometry":{"type":"LineString","coordinates":[[-74.09856,4.58273],[-74.09777,4.58202],[-74.09773,4.58199]]}},{"type":"Feature","properties":{"id":"795733697","nom":"Calle 14A Sur","tipo":"residential"},"geometry":{"type":"LineString","coordinates":[[-74.0997,4.58741],[-74.09989,4.58761],[-74.09991,4.58764],[-74.10017,4.58792]]}},{"type":"Feature","properties":{"id":"813985705","nom":"Transversal 20","tipo":"tertiary"},"geometry":{"type":"LineString","coordinates":[[-74.09316,4.59665],[-74.09294,4.59681],[-74.09277,4.59694],[-74.09248,4.59714],[-74.09239,4.5972],[-74.09228,4.59726],[-74.09217,4.59733],[-74.0921,4.59737],[-74.09203,4.59742]]}},{"type":"Feature","properties":{"id":"814354032","nom":"Avenida Carrera 27","tipo":"secondary"},"geometry":{"type":"LineString","coordinates":[[-74.11062,4.58869],[-74.1105,4.58868],[-74.11027,4.58866],[-74.11011,4.58865],[-74.10995,4.58864],[-74.10985,4.58864],[-74.10976,4.58866],[-74.10967,4.58868],[-74.10958,4.58871],[-74.10949,4.58876],[-74.10938,4.58884],[-74.1092,4.58901],[-74.10912,4.58908],[-74.1091,4.58911],[-74.10902,4.58919]]}},{"type":"Feature","properties":{"id":"814640110","nom":"Calle 27 Sur","tipo":"residential"},"geometry":{"type":"LineString","coordinates":[[-74.11361,4.59501],[-74.11358,4.59504],[-74.11346,4.59514]]}},{"type":"Feature","properties":{"id":"814640111","nom":"Calle 27 Sur","tipo":"residential"},"geometry":{"type":"LineString","coordinates":[[-74.11405,4.59536],[-74.11404,4.59522],[-74.11404,4.59517]]}},{"type":"Feature","properties":{"id":"835170706","nom":"Calle 2","tipo":"tertiary"},"geometry":{"type":"LineString","coordinates":[[-74.09794,4.59896],[-74.09797,4.59899],[-74.0986,4.59948],[-74.09902,4.59982]]}},{"type":"Feature","properties":{"id":"835170707","nom":"Carrera 25","tipo":"tertiary"},"geometry":{"type":"LineString","coordinates":[[-74.09684,4.59803],[-74.09688,4.59797],[-74.09717,4.59755],[-74.09742,4.59719],[-74.09767,4.59684],[-74.09786,4.59657],[-74.09788,4.59654],[-74.09791,4.59651],[-74.09812,4.5962],[-74.09826,4.596],[-74.09845,4.59572],[-74.09855,4.59558],[-74.09883,4.59517],[-74.09893,4.59502],[-74.09896,4.59499]]}},{"type":"Feature","properties":{"id":"835170717","nom":"Carrera 19A","tipo":"residential"},"geometry":{"type":"LineString","coordinates":[[-74.09191,4.59622],[-74.09192,4.59618],[-74.09212,4.59552]]}},{"type":"Feature","properties":{"id":"835172555","nom":"Calle 2 Bis","tipo":"residential"},"geometry":{"type":"LineString","coordinates":[[-74.08952,4.59537],[-74.0893,4.59529],[-74.08928,4.59528],[-74.08924,4.59528],[-74.08922,4.59529],[-74.0892,4.59531]]}},{"type":"Feature","properties":{"id":"835172556","nom":"Calle 3 Bis","tipo":"residential"},"geometry":{"type":"LineString","coordinates":[[-74.09015,4.5968],[-74.08972,4.59662]]}},{"type":"Feature","properties":{"id":"857865534","nom":"Calle 5B","tipo":"residential"},"geometry":{"type":"LineString","coordinates":[[-74.09048,4.59978],[-74.09025,4.59961],[-74.09,4.59943],[-74.08996,4.5994]]}},{"type":"Feature","properties":{"id":"858003378","nom":"Carrera 21","tipo":"residential"},"geometry":{"type":"LineString","coordinates":[[-74.09492,4.59462],[-74.09479,4.59504],[-74.09471,4.59522]]}},{"type":"Feature","properties":{"id":"859353963","nom":"Carrera 24B","tipo":"residential"},"geometry":{"type":"LineString","coordinates":[[-74.09749,4.59397],[-74.09754,4.59379],[-74.09757,4.59371],[-74.09762,4.5936],[-74.09768,4.59351],[-74.09774,4.59342],[-74.09778,4.59337],[-74.09828,4.59281],[-74.09865,4.59239]]}},{"type":"Feature","properties":{"id":"883621481","nom":"Calle 16 Sur","tipo":"residential"},"geometry":{"type":"LineString","coordinates":[[-74.09796,4.584],[-74.09801,4.58406],[-74.09806,4.58411],[-74.09877,4.58486],[-74.09948,4.58561],[-74.09992,4.58608],[-74.09996,4.58611]]}},{"type":"Feature","properties":{"id":"883621482","nom":"Calle 16 Sur","tipo":"residential"},"geometry":{"type":"LineString","coordinates":[[-74.10145,4.5877],[-74.10148,4.58773],[-74.10188,4.58816],[-74.1019,4.58818],[-74.10193,4.58821]]}},{"type":"Feature","properties":{"id":"904301736","nom":"Transversal 20","tipo":"tertiary"},"geometry":{"type":"LineString","coordinates":[[-74.09192,4.59752],[-74.09188,4.59755],[-74.09185,4.59758],[-74.09183,4.5976],[-74.09153,4.59782]]}},{"type":"Feature","properties":{"id":"904301737","nom":"Diagonal 4A","tipo":"tertiary"},"geometry":{"type":"LineString","coordinates":[[-74.09151,4.59741],[-74.09171,4.59742],[-74.09176,4.59743],[-74.09181,4.59744],[-74.09184,4.59745],[-74.09188,4.59748],[-74.09192,4.59752]]}},{"type":"Feature","properties":{"id":"909569610","nom":"Calle 27 Sur","tipo":"secondary"},"geometry":{"type":"LineString","coordinates":[[-74.10694,4.57923],[-74.10695,4.57925],[-74.10697,4.57928],[-74.10705,4.57943],[-74.10725,4.57982]]}},{"type":"Feature","properties":{"id":"909569611","nom":"Calle 27 Sur","tipo":"secondary"},"geometry":{"type":"LineString","coordinates":[[-74.10676,4.57906],[-74.10681,4.57911],[-74.1069,4.57919],[-74.10692,4.57921],[-74.10694,4.57923]]}},{"type":"Feature","properties":{"id":"909569612","nom":"Calle 27 Sur","tipo":"secondary"},"geometry":{"type":"LineString","coordinates":[[-74.10617,4.57859],[-74.10623,4.57864],[-74.10637,4.57875],[-74.10662,4.57894],[-74.10667,4.57898],[-74.1067,4.57901],[-74.10672,4.57902],[-74.10676,4.57906]]}},{"type":"Feature","properties":{"id":"909886556","nom":"Avenida Calle 6","tipo":"primary"},"geometry":{"type":"LineString","coordinates":[[-74.08949,4.60009],[-74.08941,4.60004],[-74.08925,4.59992],[-74.08896,4.59972],[-74.08828,4.59923],[-74.08825,4.59921],[-74.08817,4.59915]]}},{"type":"Feature","properties":{"id":"909886557","nom":"Carrera 18","tipo":"tertiary"},"geometry":{"type":"LineString","coordinates":[[-74.08817,4.59915],[-74.08819,4.5991],[-74.08834,4.5988]]}},{"type":"Feature","properties":{"id":"909886558","nom":"Carrera 18","tipo":"tertiary"},"geometry":{"type":"LineString","coordinates":[[-74.08801,4.59948],[-74.08804,4.59941],[-74.08809,4.59931],[-74.08813,4.59923],[-74.08817,4.59915]]}},{"type":"Feature","properties":{"id":"911099953","nom":"Calle 27 Sur","tipo":"secondary"},"geometry":{"type":"LineString","coordinates":[[-74.1028,4.57595],[-74.10284,4.57598],[-74.10321,4.57627]]}},{"type":"Feature","properties":{"id":"911099954","nom":"Calle 27 Sur","tipo":"secondary"},"geometry":{"type":"LineString","coordinates":[[-74.1026,4.57579],[-74.1028,4.57595]]}},{"type":"Feature","properties":{"id":"911099955","nom":"Carrera 12D","tipo":"tertiary"},"geometry":{"type":"LineString","coordinates":[[-74.1026,4.57579],[-74.10259,4.5758],[-74.10208,4.57648]]}},{"type":"Feature","properties":{"id":"911099956","nom":"Carrera 12D","tipo":"tertiary"},"geometry":{"type":"LineString","coordinates":[[-74.10395,4.57403],[-74.10392,4.57408],[-74.10383,4.57419],[-74.10327,4.5749],[-74.10306,4.57518],[-74.10271,4.57564],[-74.10267,4.5757]]}},{"type":"Feature","properties":{"id":"911099957","nom":"Calle 27 Sur","tipo":"secondary"},"geometry":{"type":"LineString","coordinates":[[-74.10321,4.57627],[-74.1042,4.57704],[-74.10461,4.57737],[-74.10484,4.57756],[-74.10517,4.57782],[-74.10585,4.57834],[-74.10617,4.57859]]}},{"type":"Feature","properties":{"id":"911099958","nom":"Calle 27 Sur","tipo":"secondary"},"geometry":{"type":"LineString","coordinates":[[-74.10218,4.57545],[-74.10224,4.5755],[-74.10255,4.57575],[-74.1026,4.57579]]}},{"type":"Feature","properties":{"id":"913472788","nom":"Carrera 15A","tipo":"residential"},"geometry":{"type":"LineString","coordinates":[[-74.0863,4.59678],[-74.08657,4.59638],[-74.08679,4.59605]]}},{"type":"Feature","properties":{"id":"913472789","nom":"Diagonal 4A","tipo":"residential"},"geometry":{"type":"LineString","coordinates":[[-74.08681,4.5972],[-74.08622,4.59717]]}},{"type":"Feature","properties":{"id":"913472790","nom":"Diagonal 4A","tipo":"residential"},"geometry":{"type":"LineString","coordinates":[[-74.08805,4.59727],[-74.08798,4.59726],[-74.08785,4.59725],[-74.08763,4.59724],[-74.08747,4.59724],[-74.08726,4.59723],[-74.08681,4.5972]]}},{"type":"Feature","properties":{"id":"914760432","nom":"Avenida Carrera 24","tipo":"secondary"},"geometry":{"type":"LineString","coordinates":[[-74.09495,4.5994],[-74.09494,4.59943]]}},{"type":"Feature","properties":{"id":"914760433","nom":"Avenida Carrera 24","tipo":"secondary"},"geometry":{"type":"LineString","coordinates":[[-74.09554,4.59746],[-74.09537,4.59803],[-74.09535,4.59806],[-74.09517,4.59866],[-74.09504,4.5991],[-74.09502,4.59918],[-74.09498,4.59931],[-74.09495,4.5994]]}},{"type":"Feature","properties":{"id":"914760435","nom":"Avenida Calle 3","tipo":"tertiary"},"geometry":{"type":"LineString","coordinates":[[-74.09495,4.5994],[-74.09491,4.59938],[-74.09482,4.59933]]}},{"type":"Feature","properties":{"id":"915001839","nom":"Avenida Calle 22 Sur","tipo":"secondary"},"geometry":{"type":"LineString","coordinates":[[-74.09456,4.57564],[-74.09451,4.5756],[-74.09369,4.5748],[-74.09341,4.57453],[-74.09329,4.5744],[-74.09313,4.57424],[-74.0931,4.57421]]}},{"type":"Feature","properties":{"id":"915355534","nom":"Avenida Carrera 27","tipo":"secondary"},"geometry":{"type":"LineString","coordinates":[[-74.10638,4.59172],[-74.10595,4.59213]]}},{"type":"Feature","properties":{"id":"915355535","nom":"Calle 17 Sur","tipo":"tertiary"},"geometry":{"type":"LineString","coordinates":[[-74.10655,4.59176],[-74.10647,4.59165]]}},{"type":"Feature","properties":{"id":"915965119","nom":"Avenida Calle 22 Sur","tipo":"primary"},"geometry":{"type":"LineString","coordinates":[[-74.09997,4.57948],[-74.09976,4.57934]]}},{"type":"Feature","properties":{"id":"915965120","nom":"Avenida Calle 22 Sur","tipo":"primary"},"geometry":{"type":"LineString","coordinates":[[-74.1018,4.58072],[-74.10119,4.58031],[-74.101,4.58017],[-74.10068,4.57996],[-74.10001,4.57951],[-74.09997,4.57948]]}},{"type":"Feature","properties":{"id":"915965121","nom":"Carrera 12D","tipo":"tertiary"},"geometry":{"type":"LineString","coordinates":[[-74.09997,4.57948],[-74.1,4.57944],[-74.10005,4.57939],[-74.10055,4.57879],[-74.10077,4.57853],[-74.10128,4.57792],[-74.10143,4.57774],[-74.10168,4.57742],[-74.10229,4.57664],[-74.10279,4.57597],[-74.1028,4.57595]]}},{"type":"Feature","properties":{"id":"915965122","nom":"Carrera 12D","tipo":"tertiary"},"geometry":{"type":"LineString","coordinates":[[-74.09986,4.5796],[-74.09997,4.57948]]}},{"type":"Feature","properties":{"id":"915965123","nom":"Avenida Calle 22 Sur","tipo":"primary"},"geometry":{"type":"LineString","coordinates":[[-74.09986,4.5796],[-74.09991,4.57964],[-74.10015,4.5798],[-74.10043,4.57999],[-74.10077,4.58021],[-74.10093,4.58032],[-74.10163,4.58079],[-74.10203,4.58106],[-74.10219,4.58117],[-74.10223,4.5812],[-74.1023,4.58125]]}},{"type":"Feature","properties":{"id":"915965124","nom":"Avenida Calle 22 Sur","tipo":"primary"},"geometry":{"type":"LineString","coordinates":[[-74.09967,4.57947],[-74.09986,4.5796]]}},{"type":"Feature","properties":{"id":"915965125","nom":"Calle 17 Sur","tipo":"tertiary"},"geometry":{"type":"LineString","coordinates":[[-74.09424,4.57974],[-74.09431,4.57979]]}},{"type":"Feature","properties":{"id":"915965126","nom":"Carrera 11","tipo":"residential"},"geometry":{"type":"LineString","coordinates":[[-74.09424,4.57974],[-74.09422,4.57976],[-74.09386,4.58016],[-74.09347,4.58058],[-74.09308,4.581],[-74.09289,4.58121]]}},{"type":"Feature","properties":{"id":"915965127","nom":"Carrera 11","tipo":"residential"},"geometry":{"type":"LineString","coordinates":[[-74.0943,4.57968],[-74.09424,4.57974]]}},{"type":"Feature","properties":{"id":"918020647","nom":"Calle 19 Sur","tipo":"secondary"},"geometry":{"type":"LineString","coordinates":[[-74.10202,4.58416],[-74.10199,4.58414],[-74.10168,4.5838],[-74.10151,4.58363],[-74.10098,4.58307]]}},{"type":"Feature","properties":{"id":"918026358","nom":"Carrera 24F","tipo":"residential"},"geometry":{"type":"LineString","coordinates":[[-74.10665,4.58647],[-74.10678,4.58635]]}},{"type":"Feature","properties":{"id":"918026359","nom":"Avenida Calle 22 Sur","tipo":"primary"},"geometry":{"type":"LineString","coordinates":[[-74.10678,4.58635],[-74.10632,4.58578]]}},{"type":"Feature","properties":{"id":"918026360","nom":"Avenida Calle 22 Sur","tipo":"primary"},"geometry":{"type":"LineString","coordinates":[[-74.10902,4.58919],[-74.10896,4.58911],[-74.10889,4.58901],[-74.10857,4.58861],[-74.10811,4.58803],[-74.10791,4.58778],[-74.1078,4.58765],[-74.10767,4.58748]]}},{"type":"Feature","properties":{"id":"918026995","nom":"Avenida Calle 22 Sur","tipo":"primary"},"geometry":{"type":"LineString","coordinates":[[-74.10721,4.58691],[-74.10717,4.58685],[-74.10691,4.58651],[-74.10682,4.58641],[-74.10678,4.58635]]}},{"type":"Feature","properties":{"id":"918026996","nom":"Avenida Calle 22 Sur","tipo":"primary"},"geometry":{"type":"LineString","coordinates":[[-74.10767,4.58748],[-74.10721,4.58691]]}},{"type":"Feature","properties":{"id":"918026997","nom":"Carrera 24G","tipo":"residential"},"geometry":{"type":"LineString","coordinates":[[-74.1071,4.58702],[-74.10706,4.58706],[-74.10674,4.58738],[-74.1065,4.58762]]}},{"type":"Feature","properties":{"id":"918026998","nom":"Carrera 24G","tipo":"residential"},"geometry":{"type":"LineString","coordinates":[[-74.10721,4.58691],[-74.1071,4.58702]]}},{"type":"Feature","properties":{"id":"918869054","nom":"Calle 33 Sur","tipo":"tertiary"},"geometry":{"type":"LineString","coordinates":[[-74.11499,4.57662],[-74.11501,4.57672],[-74.11502,4.57677]]}},{"type":"Feature","properties":{"id":"918869055","nom":"Calle 33 Sur","tipo":"tertiary"},"geometry":{"type":"LineString","coordinates":[[-74.11498,4.57655],[-74.11499,4.57662]]}},{"type":"Feature","properties":{"id":"918869056","nom":"Calle 33 Sur","tipo":"tertiary"},"geometry":{"type":"LineString","coordinates":[[-74.11489,4.57614],[-74.11496,4.57649],[-74.11497,4.57651],[-74.11498,4.57655]]}},{"type":"Feature","properties":{"id":"918869057","nom":"Avenida Carrera 14","tipo":"primary"},"geometry":{"type":"LineString","coordinates":[[-74.11722,4.57619],[-74.11701,4.57623],[-74.1168,4.57627],[-74.11648,4.57632],[-74.11581,4.57642],[-74.11539,4.57649],[-74.11516,4.57652],[-74.11503,4.57655],[-74.11498,4.57655]]}},{"type":"Feature","properties":{"id":"918869058","nom":"Avenida Carrera 14","tipo":"primary"},"geometry":{"type":"LineString","coordinates":[[-74.11498,4.57655],[-74.11489,4.57657],[-74.11475,4.5766],[-74.11459,4.57664],[-74.11392,4.57681],[-74.11354,4.57691],[-74.11323,4.577],[-74.11228,4.57729],[-74.11156,4.57751],[-74.11079,4.57774],[-74.11072,4.57776]]}},{"type":"Feature","properties":{"id":"937342708","nom":"Avenida Calle 22 Sur","tipo":"primary"},"geometry":{"type":"LineString","coordinates":[[-74.10245,4.58117],[-74.10237,4.58111],[-74.10188,4.58078],[-74.1018,4.58072]]}},{"type":"Feature","properties":{"id":"937417092","nom":"Avenida Carrera 27","tipo":"secondary"},"geometry":{"type":"LineString","coordinates":[[-74.09915,4.59981],[-74.09918,4.59978],[-74.09955,4.59932],[-74.09998,4.59876],[-74.10001,4.59872],[-74.10003,4.5987]]}},{"type":"Feature","properties":{"id":"939498639","nom":"Avenida Calle 6","tipo":"primary"},"geometry":{"type":"LineString","coordinates":[[-74.08498,4.59735],[-74.08512,4.59744],[-74.08534,4.59759],[-74.08552,4.59772],[-74.08664,4.59852],[-74.08791,4.59941],[-74.08795,4.59944],[-74.08801,4.59948]]}},{"type":"Feature","properties":{"id":"958459520","nom":"Avenida Carrera 27","tipo":"secondary"},"geometry":{"type":"LineString","coordinates":[[-74.10647,4.59165],[-74.10638,4.59172]]}},{"type":"Feature","properties":{"id":"958624954","nom":"Avenida Carrera 10","tipo":"primary"},"geometry":{"type":"LineString","coordinates":[[-74.08494,4.58944],[-74.08501,4.58934]]}},{"type":"Feature","properties":{"id":"960106032","nom":"Calle 31D Sur","tipo":"residential"},"geometry":{"type":"LineString","coordinates":[[-74.11366,4.57949],[-74.11383,4.5799]]}},{"type":"Feature","properties":{"id":"961359488","nom":"Avenida Carrera 24","tipo":"secondary"},"geometry":{"type":"LineString","coordinates":[[-74.1109,4.58423],[-74.11085,4.58424],[-74.11081,4.58424],[-74.10982,4.58427],[-74.10976,4.58427],[-74.10972,4.58429],[-74.10966,4.58431]]}},{"type":"Feature","properties":{"id":"978319945","nom":"Avenida Carrera 10","tipo":"primary"},"geometry":{"type":"LineString","coordinates":[[-74.09456,4.57564],[-74.09444,4.57576]]}},{"type":"Feature","properties":{"id":"993734098","nom":"Calle 15 Sur","tipo":"residential"},"geometry":{"type":"LineString","coordinates":[[-74.10534,4.5927],[-74.10531,4.59267],[-74.10513,4.59248],[-74.10487,4.59219],[-74.10485,4.59216],[-74.10445,4.59172],[-74.10438,4.59167],[-74.10435,4.59164],[-74.10431,4.59163],[-74.10423,4.59162]]}},{"type":"Feature","properties":{"id":"993734101","nom":"Carrera 15","tipo":"residential"},"geometry":{"type":"LineString","coordinates":[[-74.0961,4.58671],[-74.09606,4.58676],[-74.09553,4.58741],[-74.09521,4.58781],[-74.09487,4.58822],[-74.0946,4.58856],[-74.09405,4.58924],[-74.09342,4.59001],[-74.09282,4.59076]]}},{"type":"Feature","properties":{"id":"993793412","nom":"Calle 10 Sur","tipo":"residential"},"geometry":{"type":"LineString","coordinates":[[-74.08933,4.58308],[-74.08938,4.58312],[-74.08961,4.5833],[-74.08984,4.5835]]}},{"type":"Feature","properties":{"id":"997972821","nom":"Calle 17A Bis Sur","tipo":"residential"},"geometry":{"type":"LineString","coordinates":[[-74.11139,4.59716],[-74.11143,4.59717],[-74.11147,4.59719],[-74.1115,4.5972],[-74.11153,4.59722],[-74.11156,4.59725]]}},{"type":"Feature","properties":{"id":"1002789240","nom":"Avenida Calle 22 Sur","tipo":"primary"},"geometry":{"type":"LineString","coordinates":[[-74.10909,4.58928],[-74.10902,4.58919]]}},{"type":"Feature","properties":{"id":"1002789241","nom":"Avenida Calle 22 Sur","tipo":"primary"},"geometry":{"type":"LineString","coordinates":[[-74.10898,4.5894],[-74.10904,4.58948],[-74.10908,4.58954],[-74.11032,4.59126],[-74.11063,4.59166],[-74.11103,4.59221],[-74.11111,4.59233],[-74.11114,4.59237],[-74.11116,4.5924]]}},{"type":"Feature","properties":{"id":"1002790605","nom":"","tipo":"trunk_link"},"geometry":{"type":"LineString","coordinates":[[-74.11346,4.59611],[-74.11354,4.59621]]}},{"type":"Feature","properties":{"id":"1002790607","nom":"Avenida Calle 22 Sur","tipo":"primary"},"geometry":{"type":"LineString","coordinates":[[-74.11352,4.59609],[-74.11347,4.596]]}},{"type":"Feature","properties":{"id":"1002790612","nom":"Avenida Calle 22 Sur","tipo":"primary"},"geometry":{"type":"LineString","coordinates":[[-74.11358,4.59619],[-74.11352,4.59609]]}},{"type":"Feature","properties":{"id":"1002790614","nom":"","tipo":"trunk_link"},"geometry":{"type":"LineString","coordinates":[[-74.11354,4.59621],[-74.11356,4.59623],[-74.11358,4.59624],[-74.11362,4.59626]]}},{"type":"Feature","properties":{"id":"1002791492","nom":"Avenida Calle 8 Sur","tipo":"secondary"},"geometry":{"type":"LineString","coordinates":[[-74.10716,4.5986],[-74.10723,4.59867],[-74.10735,4.59877]]}},{"type":"Feature","properties":{"id":"1002791493","nom":"Transversal 31","tipo":"trunk"},"geometry":{"type":"LineString","coordinates":[[-74.10716,4.5986],[-74.10728,4.59856]]}},{"type":"Feature","properties":{"id":"1002791494","nom":"Avenida Carrera 30","tipo":"trunk"},"geometry":{"type":"LineString","coordinates":[[-74.10683,4.59876],[-74.10698,4.59866]]}},{"type":"Feature","properties":{"id":"1002791496","nom":"Avenida Calle 8 Sur","tipo":"secondary"},"geometry":{"type":"LineString","coordinates":[[-74.10705,4.59837],[-74.10696,4.5983]]}},{"type":"Feature","properties":{"id":"1002791498","nom":"Avenida Calle 8 Sur","tipo":"secondary"},"geometry":{"type":"LineString","coordinates":[[-74.10712,4.59843],[-74.10705,4.59837]]}},{"type":"Feature","properties":{"id":"1002791500","nom":"Avenida Carrera 30","tipo":"trunk"},"geometry":{"type":"LineString","coordinates":[[-74.10719,4.59812],[-74.10711,4.59818],[-74.10706,4.59822],[-74.10696,4.5983]]}},{"type":"Feature","properties":{"id":"1002791501","nom":"Avenida Calle 8 Sur","tipo":"secondary"},"geometry":{"type":"LineString","coordinates":[[-74.10704,4.59849],[-74.10712,4.59856]]}},{"type":"Feature","properties":{"id":"1002791503","nom":"Avenida Calle 8 Sur","tipo":"secondary"},"geometry":{"type":"LineString","coordinates":[[-74.10697,4.59843],[-74.10704,4.59849]]}},{"type":"Feature","properties":{"id":"1002791505","nom":"Avenida Carrera 30","tipo":"secondary"},"geometry":{"type":"LineString","coordinates":[[-74.10721,4.59851],[-74.10732,4.59845],[-74.1074,4.59843],[-74.1077,4.59835],[-74.10775,4.59834],[-74.10779,4.59832],[-74.10784,4.59829],[-74.10787,4.59827]]}},{"type":"Feature","properties":{"id":"1002791506","nom":"Avenida Calle 8 Sur","tipo":"secondary"},"geometry":{"type":"LineString","coordinates":[[-74.10721,4.59851],[-74.10712,4.59843]]}},{"type":"Feature","properties":{"id":"1002791507","nom":"Avenida Carrera 30","tipo":"trunk"},"geometry":{"type":"LineString","coordinates":[[-74.10668,4.5985],[-74.10648,4.59866],[-74.10645,4.59868],[-74.10606,4.59896],[-74.10536,4.59945],[-74.10531,4.59949],[-74.10524,4.59954]]}},{"type":"Feature","properties":{"id":"1002791904","nom":"Avenida Carrera 30","tipo":"secondary"},"geometry":{"type":"LineString","coordinates":[[-74.108,4.59808],[-74.10803,4.598]]}},{"type":"Feature","properties":{"id":"1002791905","nom":"Transversal 31","tipo":"trunk"},"geometry":{"type":"LineString","coordinates":[[-74.10803,4.598],[-74.10793,4.59796],[-74.10783,4.59794],[-74.10773,4.59792],[-74.10762,4.59793],[-74.10752,4.59795],[-74.10745,4.59797],[-74.10737,4.598]]}},{"type":"Feature","properties":{"id":"1002791906","nom":"Avenida Carrera 30","tipo":"secondary"},"geometry":{"type":"LineString","coordinates":[[-74.10826,4.59763],[-74.10831,4.5976],[-74.10861,4.59737],[-74.10863,4.59735],[-74.10872,4.59729],[-74.10903,4.59706],[-74.10926,4.5969],[-74.10969,4.59659],[-74.10991,4.59643]]}},{"type":"Feature","properties":{"id":"1002791907","nom":"Avenida Carrera 30","tipo":"secondary"},"geometry":{"type":"LineString","coordinates":[[-74.10795,4.59817],[-74.108,4.59808]]}},{"type":"Feature","properties":{"id":"1002874193","nom":"Avenida Carrera 30","tipo":"secondary"},"geometry":{"type":"LineString","coordinates":[[-74.11085,4.59575],[-74.11234,4.59469],[-74.11236,4.59468],[-74.11248,4.59459]]}},{"type":"Feature","properties":{"id":"1002874194","nom":"Calle 17 Sur","tipo":"tertiary"},"geometry":{"type":"LineString","coordinates":[[-74.1078,4.59351],[-74.10807,4.59388],[-74.10823,4.5941]]}},{"type":"Feature","properties":{"id":"1002874195","nom":"Avenida Carrera 30","tipo":"secondary"},"geometry":{"type":"LineString","coordinates":[[-74.10984,4.59633],[-74.10916,4.59683],[-74.1088,4.59708],[-74.10859,4.59722],[-74.10845,4.59731],[-74.10831,4.59741],[-74.10779,4.5977],[-74.10766,4.59779],[-74.10756,4.59787],[-74.10737,4.598]]}},{"type":"Feature","properties":{"id":"1005097402","nom":"Avenida Carrera 27","tipo":"secondary"},"geometry":{"type":"LineString","coordinates":[[-74.1074,4.59092],[-74.10754,4.59077],[-74.1081,4.59024],[-74.10823,4.59012],[-74.10848,4.58988],[-74.10883,4.58954],[-74.10888,4.58949],[-74.1089,4.58947],[-74.10898,4.5894]]}},{"type":"Feature","properties":{"id":"1005097403","nom":"Calle 17 Sur","tipo":"tertiary"},"geometry":{"type":"LineString","coordinates":[[-74.10659,4.59181],[-74.10655,4.59176]]}},{"type":"Feature","properties":{"id":"1005097404","nom":"Avenida Carrera 27","tipo":"secondary"},"geometry":{"type":"LineString","coordinates":[[-74.10631,4.592],[-74.10634,4.59197],[-74.10645,4.59185],[-74.10648,4.59183],[-74.10655,4.59176]]}},{"type":"Feature","properties":{"id":"1005097405","nom":"Calle 17 Sur","tipo":"tertiary"},"geometry":{"type":"LineString","coordinates":[[-74.10675,4.59204],[-74.10661,4.59184],[-74.10659,4.59181]]}},{"type":"Feature","properties":{"id":"1012219019","nom":"Avenida Carrera 8","tipo":"secondary"},"geometry":{"type":"LineString","coordinates":[[-74.0885,4.58048],[-74.08876,4.58026],[-74.0888,4.58022],[-74.08884,4.58018],[-74.0889,4.58013],[-74.08913,4.57991],[-74.08916,4.57988],[-74.08922,4.57982],[-74.08929,4.57975],[-74.08934,4.57967],[-74.0894,4.57958],[-74.08965,4.57915]]}},{"type":"Feature","properties":{"id":"1012219020","nom":"Avenida Calle 11 Sur","tipo":"secondary"},"geometry":{"type":"LineString","coordinates":[[-74.08814,4.5808],[-74.08819,4.58087],[-74.08827,4.58097],[-74.08836,4.58108],[-74.08846,4.5812],[-74.08855,4.58129],[-74.08863,4.58137],[-74.08871,4.58144],[-74.08881,4.58153],[-74.08893,4.58162],[-74.08924,4.58185],[-74.08936,4.58194]]}},{"type":"Feature","properties":{"id":"1012219021","nom":"Carrera 7A","tipo":"residential"},"geometry":{"type":"LineString","coordinates":[[-74.08878,4.57828],[-74.08831,4.57865],[-74.08785,4.57902],[-74.08726,4.57948],[-74.08723,4.57951],[-74.08719,4.57954],[-74.08717,4.57956]]}},{"type":"Feature","properties":{"id":"1012250099","nom":"Carrera 12D","tipo":"tertiary"},"geometry":{"type":"LineString","coordinates":[[-74.10208,4.57648],[-74.10151,4.57719],[-74.10122,4.57757],[-74.10071,4.5782],[-74.10036,4.57861],[-74.09983,4.57924],[-74.0998,4.57929],[-74.09976,4.57934]]}},{"type":"Feature","properties":{"id":"1012562570","nom":"Avenida Carrera 10","tipo":"primary"},"geometry":{"type":"LineString","coordinates":[[-74.0897,4.5826],[-74.08985,4.58242],[-74.08991,4.58234],[-74.08993,4.58232],[-74.08996,4.58227],[-74.08997,4.58226]]}},{"type":"Feature","properties":{"id":"1012562571","nom":"Avenida Carrera 6","tipo":"secondary"},"geometry":{"type":"LineString","coordinates":[[-74.08846,4.57688],[-74.08836,4.57699],[-74.08828,4.57707],[-74.08825,4.5771],[-74.08816,4.57718]]}},{"type":"Feature","properties":{"id":"1012582159","nom":"Avenida Carrera 10","tipo":"primary"},"geometry":{"type":"LineString","coordinates":[[-74.09277,4.5784],[-74.0928,4.57837]]}},{"type":"Feature","properties":{"id":"1012582160","nom":"Calle 17 Sur","tipo":"tertiary"},"geometry":{"type":"LineString","coordinates":[[-74.09273,4.57836],[-74.09277,4.5784]]}},{"type":"Feature","properties":{"id":"1012582161","nom":"Calle 17 Sur","tipo":"tertiary"},"geometry":{"type":"LineString","coordinates":[[-74.09261,4.57824],[-74.09266,4.57829],[-74.09273,4.57836]]}},{"type":"Feature","properties":{"id":"1012587365","nom":"Avenida Calle 22 Sur","tipo":"primary"},"geometry":{"type":"LineString","coordinates":[[-74.09516,4.57618],[-74.09483,4.5759],[-74.09478,4.57586],[-74.09472,4.5758]]}},{"type":"Feature","properties":{"id":"1012587366","nom":"Avenida Calle 22 Sur","tipo":"primary"},"geometry":{"type":"LineString","coordinates":[[-74.09713,4.57755],[-74.09659,4.57719]]}},{"type":"Feature","properties":{"id":"1012587367","nom":"Avenida Calle 22 Sur","tipo":"primary"},"geometry":{"type":"LineString","coordinates":[[-74.09651,4.57713],[-74.09646,4.5771],[-74.09627,4.57697],[-74.09563,4.57653],[-74.09552,4.57645],[-74.09516,4.57618]]}},{"type":"Feature","properties":{"id":"1012599428","nom":"Calle 27 Sur","tipo":"secondary"},"geometry":{"type":"LineString","coordinates":[[-74.10224,4.57537],[-74.10195,4.57515],[-74.10121,4.57457]]}},{"type":"Feature","properties":{"id":"1012599434","nom":"Carrera 12B","tipo":"residential"},"geometry":{"type":"LineString","coordinates":[[-74.10224,4.57537],[-74.10218,4.57545]]}},{"type":"Feature","properties":{"id":"1012599435","nom":"Calle 27 Sur","tipo":"secondary"},"geometry":{"type":"LineString","coordinates":[[-74.10116,4.57464],[-74.10131,4.57476],[-74.10218,4.57545]]}},{"type":"Feature","properties":{"id":"1012599436","nom":"Carrera 12B","tipo":"residential"},"geometry":{"type":"LineString","coordinates":[[-74.10352,4.57373],[-74.10348,4.57375],[-74.10345,4.57378],[-74.10285,4.57457],[-74.10227,4.57534],[-74.10224,4.57537]]}},{"type":"Feature","properties":{"id":"1012602698","nom":"Carrera 12F","tipo":"residential"},"geometry":{"type":"LineString","coordinates":[[-74.10321,4.57627],[-74.1032,4.57629],[-74.10296,4.57663]]}},{"type":"Feature","properties":{"id":"1012602699","nom":"Carrera 12D","tipo":"tertiary"},"geometry":{"type":"LineString","coordinates":[[-74.10267,4.5757],[-74.1026,4.57579]]}},{"type":"Feature","properties":{"id":"1012602700","nom":"Calle 27 Sur","tipo":"secondary"},"geometry":{"type":"LineString","coordinates":[[-74.10267,4.5757],[-74.10262,4.57566],[-74.10224,4.57537]]}},{"type":"Feature","properties":{"id":"1012602701","nom":"Carrera 12D","tipo":"tertiary"},"geometry":{"type":"LineString","coordinates":[[-74.10347,4.57506],[-74.10359,4.57492],[-74.10377,4.57468],[-74.10402,4.57435],[-74.10407,4.57429],[-74.10417,4.57418]]}},{"type":"Feature","properties":{"id":"1012606527","nom":"Calle 27 Sur","tipo":"secondary"},"geometry":{"type":"LineString","coordinates":[[-74.10842,4.58208],[-74.10844,4.5821],[-74.10861,4.58242],[-74.10867,4.58252],[-74.1089,4.58293],[-74.10894,4.58301],[-74.10916,4.5834],[-74.10943,4.5839],[-74.1096,4.58421],[-74.10962,4.58424],[-74.10964,4.58427],[-74.10966,4.58431]]}},{"type":"Feature","properties":{"id":"1012619832","nom":"Calle 19 Sur","tipo":"residential"},"geometry":{"type":"LineString","coordinates":[[-74.10351,4.58575],[-74.10353,4.58577],[-74.10358,4.58582],[-74.10376,4.58602]]}},{"type":"Feature","properties":{"id":"1012621402","nom":"Carrera 23","tipo":"residential"},"geometry":{"type":"LineString","coordinates":[[-74.10381,4.585],[-74.10369,4.58511]]}},{"type":"Feature","properties":{"id":"1012838150","nom":"Calle 19 Sur","tipo":"tertiary"},"geometry":{"type":"LineString","coordinates":[[-74.09571,4.5779],[-74.09577,4.57797],[-74.09584,4.57805],[-74.09593,4.57815],[-74.09622,4.57842]]}},{"type":"Feature","properties":{"id":"1012838151","nom":"Calle 19 Sur","tipo":"tertiary"},"geometry":{"type":"LineString","coordinates":[[-74.09629,4.57835],[-74.09599,4.57808],[-74.09591,4.57803],[-74.09587,4.57801]]}},{"type":"Feature","properties":{"id":"1012838152","nom":"Carrera 12C","tipo":"residential"},"geometry":{"type":"LineString","coordinates":[[-74.09824,4.58022],[-74.0983,4.58015]]}},{"type":"Feature","properties":{"id":"1012838153","nom":"Carrera 12C","tipo":"residential"},"geometry":{"type":"LineString","coordinates":[[-74.0983,4.58015],[-74.0988,4.5796]]}},{"type":"Feature","properties":{"id":"1012850334","nom":"Calle 19 Sur","tipo":"tertiary"},"geometry":{"type":"LineString","coordinates":[[-74.09703,4.57914],[-74.09744,4.5795]]}},{"type":"Feature","properties":{"id":"1012850335","nom":"Carrera 12","tipo":"residential"},"geometry":{"type":"LineString","coordinates":[[-74.09709,4.57907],[-74.09703,4.57914]]}},{"type":"Feature","properties":{"id":"1012850336","nom":"Calle 19 Sur","tipo":"tertiary"},"geometry":{"type":"LineString","coordinates":[[-74.09744,4.5795],[-74.09784,4.57986]]}},{"type":"Feature","properties":{"id":"1012850337","nom":"Carrera 12A","tipo":"residential"},"geometry":{"type":"LineString","coordinates":[[-74.0975,4.57943],[-74.09744,4.5795]]}},{"type":"Feature","properties":{"id":"1012850338","nom":"Calle 19 Sur","tipo":"tertiary"},"geometry":{"type":"LineString","coordinates":[[-74.09784,4.57986],[-74.09824,4.58022]]}},{"type":"Feature","properties":{"id":"1012850339","nom":"Carrera 12B","tipo":"residential"},"geometry":{"type":"LineString","coordinates":[[-74.0979,4.57979],[-74.09784,4.57986]]}},{"type":"Feature","properties":{"id":"1012850340","nom":"Calle 19 Sur","tipo":"tertiary"},"geometry":{"type":"LineString","coordinates":[[-74.09709,4.57907],[-74.09669,4.57871]]}},{"type":"Feature","properties":{"id":"1012850341","nom":"Carrera 11B","tipo":"residential"},"geometry":{"type":"LineString","coordinates":[[-74.09738,4.57792],[-74.09734,4.57796],[-74.09707,4.57828],[-74.09679,4.5786],[-74.09669,4.57871]]}},{"type":"Feature","properties":{"id":"1012850342","nom":"Carrera 12","tipo":"residential"},"geometry":{"type":"LineString","coordinates":[[-74.0975,4.57862],[-74.09709,4.57907]]}},{"type":"Feature","properties":{"id":"1012850343","nom":"Calle 19 Sur","tipo":"tertiary"},"geometry":{"type":"LineString","coordinates":[[-74.0975,4.57943],[-74.09709,4.57907]]}},{"type":"Feature","properties":{"id":"1012850344","nom":"Calle 19 Sur","tipo":"tertiary"},"geometry":{"type":"LineString","coordinates":[[-74.0979,4.57979],[-74.0975,4.57943]]}},{"type":"Feature","properties":{"id":"1012850345","nom":"Carrera 12A","tipo":"residential"},"geometry":{"type":"LineString","coordinates":[[-74.09792,4.57896],[-74.0975,4.57943]]}},{"type":"Feature","properties":{"id":"1012850346","nom":"Carrera 12B","tipo":"residential"},"geometry":{"type":"LineString","coordinates":[[-74.09875,4.57884],[-74.09871,4.57889],[-74.09835,4.57929],[-74.09807,4.5796],[-74.0979,4.57979]]}},{"type":"Feature","properties":{"id":"1012850347","nom":"Calle 19 Sur","tipo":"tertiary"},"geometry":{"type":"LineString","coordinates":[[-74.0983,4.58015],[-74.0979,4.57979]]}},{"type":"Feature","properties":{"id":"1012853299","nom":"Carrera 11A","tipo":"residential"},"geometry":{"type":"LineString","coordinates":[[-74.09622,4.57842],[-74.09629,4.57835]]}},{"type":"Feature","properties":{"id":"1012853300","nom":"Carrera 11A","tipo":"residential"},"geometry":{"type":"LineString","coordinates":[[-74.09629,4.57835],[-74.0969,4.57765],[-74.09693,4.57761]]}},{"type":"Feature","properties":{"id":"1012853301","nom":"Calle 19 Sur","tipo":"tertiary"},"geometry":{"type":"LineString","coordinates":[[-74.09669,4.57871],[-74.09629,4.57835]]}},{"type":"Feature","properties":{"id":"1012853302","nom":"Calle 19 Sur","tipo":"tertiary"},"geometry":{"type":"LineString","coordinates":[[-74.09622,4.57842],[-74.09663,4.57878]]}},{"type":"Feature","properties":{"id":"1012853303","nom":"Calle 19 Sur","tipo":"tertiary"},"geometry":{"type":"LineString","coordinates":[[-74.09663,4.57878],[-74.09703,4.57914]]}},{"type":"Feature","properties":{"id":"1012853304","nom":"Carrera 11B","tipo":"residential"},"geometry":{"type":"LineString","coordinates":[[-74.09669,4.57871],[-74.09663,4.57878]]}},{"type":"Feature","properties":{"id":"1012892152","nom":"Avenida Calle 22 Sur","tipo":"primary"},"geometry":{"type":"LineString","coordinates":[[-74.09659,4.57719],[-74.09651,4.57713]]}},{"type":"Feature","properties":{"id":"1012892153","nom":"Carrera 11","tipo":"residential"},"geometry":{"type":"LineString","coordinates":[[-74.09436,4.57973],[-74.09439,4.5797],[-74.09474,4.5793],[-74.0951,4.57889],[-74.09546,4.57848],[-74.09584,4.57805],[-74.09587,4.57801]]}},{"type":"Feature","properties":{"id":"1012892154","nom":"Avenida Calle 22 Sur","tipo":"primary"},"geometry":{"type":"LineString","coordinates":[[-74.0964,4.57725],[-74.09649,4.57731]]}},{"type":"Feature","properties":{"id":"1012892155","nom":"Avenida Calle 22 Sur","tipo":"primary"},"geometry":{"type":"LineString","coordinates":[[-74.09461,4.57592],[-74.09468,4.57598],[-74.09486,4.57612],[-74.09513,4.57635]]}},{"type":"Feature","properties":{"id":"1013139063","nom":"Calle 17 Sur","tipo":"tertiary"},"geometry":{"type":"LineString","coordinates":[[-74.09471,4.58015],[-74.09475,4.58018],[-74.0951,4.58049]]}},{"type":"Feature","properties":{"id":"1013155617","nom":"Calle 17 Sur","tipo":"tertiary"},"geometry":{"type":"LineString","coordinates":[[-74.09735,4.58241],[-74.0973,4.58237],[-74.09719,4.58227]]}},{"type":"Feature","properties":{"id":"1013156580","nom":"Avenida Carrera 8","tipo":"secondary"},"geometry":{"type":"LineString","coordinates":[[-74.0857,4.58381],[-74.08621,4.58309],[-74.08623,4.58306],[-74.0868,4.58226],[-74.0868,4.58225],[-74.08683,4.58222]]}},{"type":"Feature","properties":{"id":"1013156581","nom":"Avenida Carrera 8","tipo":"secondary"},"geometry":{"type":"LineString","coordinates":[[-74.08477,4.58515],[-74.08492,4.58494],[-74.08495,4.58488],[-74.0857,4.58381]]}},{"type":"Feature","properties":{"id":"1013163498","nom":"Calle 16A Sur","tipo":"residential"},"geometry":{"type":"LineString","coordinates":[[-74.09453,4.58036],[-74.09412,4.58]]}},{"type":"Feature","properties":{"id":"1013193607","nom":"Calle 20 Sur","tipo":"residential"},"geometry":{"type":"LineString","coordinates":[[-74.11007,4.59203],[-74.11066,4.5929]]}},{"type":"Feature","properties":{"id":"1013194588","nom":"","tipo":"secondary_link"},"geometry":{"type":"LineString","coordinates":[[-74.1084,4.58979],[-74.10848,4.58988]]}},{"type":"Feature","properties":{"id":"1013197954","nom":"Calle 10B Bis Sur","tipo":"residential"},"geometry":{"type":"LineString","coordinates":[[-74.09698,4.58732],[-74.09699,4.58729],[-74.097,4.58726],[-74.09701,4.58724],[-74.09703,4.58722],[-74.09705,4.58721],[-74.09707,4.5872]]}},{"type":"Feature","properties":{"id":"1013200706","nom":"Calle 14 Sur","tipo":"residential"},"geometry":{"type":"LineString","coordinates":[[-74.10386,4.5929],[-74.10395,4.59307]]}},{"type":"Feature","properties":{"id":"1013200707","nom":"Calle 14 Sur","tipo":"residential"},"geometry":{"type":"LineString","coordinates":[[-74.10386,4.5929],[-74.10293,4.59195]]}},{"type":"Feature","properties":{"id":"1013200708","nom":"Calle 14 Sur","tipo":"residential"},"geometry":{"type":"LineString","coordinates":[[-74.10397,4.59288],[-74.10391,4.5929],[-74.10386,4.5929]]}},{"type":"Feature","properties":{"id":"1013200744","nom":"Avenida Calle 3","tipo":"tertiary"},"geometry":{"type":"LineString","coordinates":[[-74.09019,4.59635],[-74.08991,4.59625],[-74.08987,4.59623]]}},{"type":"Feature","properties":{"id":"1013201503","nom":"Carrera 18","tipo":"tertiary"},"geometry":{"type":"LineString","coordinates":[[-74.08975,4.59534],[-74.08969,4.59536],[-74.08965,4.59537],[-74.08962,4.59538],[-74.08959,4.59538],[-74.08956,4.59538],[-74.08952,4.59537]]}},{"type":"Feature","properties":{"id":"1013766253","nom":"Carrera 4","tipo":"residential"},"geometry":{"type":"LineString","coordinates":[[-74.08463,4.57705],[-74.08466,4.57701],[-74.08468,4.57699],[-74.08492,4.5767],[-74.08515,4.57643]]}},{"type":"Feature","properties":{"id":"1013774121","nom":"Avenida Calle 11 Sur","tipo":"secondary"},"geometry":{"type":"LineString","coordinates":[[-74.08586,4.57817],[-74.08599,4.57828]]}},{"type":"Feature","properties":{"id":"1013774122","nom":"Avenida Calle 11 Sur","tipo":"secondary"},"geometry":{"type":"LineString","coordinates":[[-74.0859,4.57812],[-74.08573,4.57797],[-74.08526,4.57759],[-74.08518,4.57752],[-74.08509,4.57745],[-74.08463,4.57705]]}},{"type":"Feature","properties":{"id":"1013774123","nom":"Avenida Calle 11 Sur","tipo":"secondary"},"geometry":{"type":"LineString","coordinates":[[-74.08458,4.5771],[-74.08513,4.57757],[-74.08522,4.57764],[-74.0855,4.57787],[-74.08586,4.57817]]}},{"type":"Feature","properties":{"id":"1013865182","nom":"Carrera 15","tipo":"residential"},"geometry":{"type":"LineString","coordinates":[[-74.085,4.59808],[-74.08459,4.59866]]}},{"type":"Feature","properties":{"id":"1013909119","nom":"Transversal 24I","tipo":"tertiary"},"geometry":{"type":"LineString","coordinates":[[-74.10434,4.59073],[-74.10436,4.5906],[-74.10444,4.58997]]}},{"type":"Feature","properties":{"id":"1013909120","nom":"Calle 16 Sur","tipo":"residential"},"geometry":{"type":"LineString","coordinates":[[-74.10425,4.59072],[-74.10434,4.59073]]}},{"type":"Feature","properties":{"id":"1013909121","nom":"Calle 16 Sur","tipo":"residential"},"geometry":{"type":"LineString","coordinates":[[-74.10434,4.59073],[-74.10468,4.59078]]}},{"type":"Feature","properties":{"id":"1013909122","nom":"Transversal 24I","tipo":"tertiary"},"geometry":{"type":"LineString","coordinates":[[-74.10434,4.58997],[-74.10425,4.59072]]}},{"type":"Feature","properties":{"id":"1014129798","nom":"Calle 6 Sur","tipo":"residential"},"geometry":{"type":"LineString","coordinates":[[-74.0976,4.5922],[-74.09753,4.59214]]}},{"type":"Feature","properties":{"id":"1014129799","nom":"Avenida Carrera 24","tipo":"secondary"},"geometry":{"type":"LineString","coordinates":[[-74.09753,4.59214],[-74.09719,4.59254],[-74.09688,4.5929]]}},{"type":"Feature","properties":{"id":"1014129800","nom":"Avenida Carrera 24","tipo":"secondary"},"geometry":{"type":"LineString","coordinates":[[-74.09653,4.59413],[-74.09655,4.59407],[-74.09674,4.59346],[-74.09678,4.59333],[-74.0968,4.59325],[-74.09685,4.59313],[-74.09687,4.59308],[-74.09689,4.59304],[-74.09692,4.593],[-74.09706,4.59283]]}},{"type":"Feature","properties":{"id":"1014129801","nom":"Calle 6 Sur","tipo":"residential"},"geometry":{"type":"LineString","coordinates":[[-74.09908,4.59351],[-74.09868,4.59315],[-74.09828,4.59281],[-74.09795,4.59252],[-74.09768,4.59228],[-74.09763,4.59223],[-74.0976,4.5922]]}},{"type":"Feature","properties":{"id":"1014143940","nom":"Carrera 24A","tipo":"tertiary"},"geometry":{"type":"LineString","coordinates":[[-74.10239,4.58732],[-74.10227,4.58744]]}},{"type":"Feature","properties":{"id":"1014143941","nom":"Carrera 24F Bis","tipo":"tertiary"},"geometry":{"type":"LineString","coordinates":[[-74.10451,4.58902],[-74.10448,4.58902],[-74.10446,4.58904],[-74.10422,4.58927]]}},{"type":"Feature","properties":{"id":"1014143942","nom":"Carrera 24H","tipo":"tertiary"},"geometry":{"type":"LineString","coordinates":[[-74.10444,4.58997],[-74.10467,4.58974]]}},{"type":"Feature","properties":{"id":"1014143943","nom":"Calle 17 Sur","tipo":"tertiary"},"geometry":{"type":"LineString","coordinates":[[-74.11059,4.59727],[-74.11052,4.59724],[-74.1105,4.59723]]}},{"type":"Feature","properties":{"id":"1014147728","nom":"Calle 1B","tipo":"tertiary"},"geometry":{"type":"LineString","coordinates":[[-74.09952,4.59495],[-74.0995,4.59497],[-74.09949,4.59499],[-74.0995,4.59502],[-74.0995,4.59503],[-74.09951,4.59505],[-74.09953,4.59506],[-74.09961,4.59512],[-74.09982,4.59529]]}},{"type":"Feature","properties":{"id":"1014156941","nom":"Calle 9 Sur","tipo":"residential"},"geometry":{"type":"LineString","coordinates":[[-74.08778,4.58184],[-74.08748,4.58152],[-74.08744,4.58148]]}},{"type":"Feature","properties":{"id":"1014166476","nom":"Carrera 25","tipo":"residential"},"geometry":{"type":"LineString","coordinates":[[-74.11064,4.58571],[-74.11062,4.58574]]}},{"type":"Feature","properties":{"id":"1014166477","nom":"Carrera 25","tipo":"residential"},"geometry":{"type":"LineString","coordinates":[[-74.11145,4.58532],[-74.11103,4.58549],[-74.11081,4.58557],[-74.11064,4.58571]]}},{"type":"Feature","properties":{"id":"1014166478","nom":"Carrera 25","tipo":"residential"},"geometry":{"type":"LineString","coordinates":[[-74.11155,4.58528],[-74.11149,4.5853],[-74.11145,4.58532]]}},{"type":"Feature","properties":{"id":"1014385783","nom":"Avenida Calle 11 Sur","tipo":"secondary"},"geometry":{"type":"LineString","coordinates":[[-74.09724,4.58666],[-74.09714,4.58666],[-74.09697,4.58667]]}},{"type":"Feature","properties":{"id":"1014385784","nom":"Transversal 18 Bis","tipo":"secondary"},"geometry":{"type":"LineString","coordinates":[[-74.09968,4.58662],[-74.09979,4.58662],[-74.10026,4.58663],[-74.10031,4.58663],[-74.10032,4.58663],[-74.10036,4.58664],[-74.10041,4.58665],[-74.10048,4.58667]]}},{"type":"Feature","properties":{"id":"1014407102","nom":"Carrera 29B","tipo":"residential"},"geometry":{"type":"LineString","coordinates":[[-74.11168,4.59211],[-74.1124,4.59175]]}},{"type":"Feature","properties":{"id":"1014407103","nom":"Carrera 29B","tipo":"residential"},"geometry":{"type":"LineString","coordinates":[[-74.11116,4.5924],[-74.11113,4.59242],[-74.11112,4.59243],[-74.11107,4.59248],[-74.11066,4.5929]]}},{"type":"Feature","properties":{"id":"1014407375","nom":"Carrera 29B","tipo":"residential"},"geometry":{"type":"LineString","coordinates":[[-74.11129,4.5923],[-74.11123,4.59234],[-74.11116,4.5924]]}},{"type":"Feature","properties":{"id":"1014407376","nom":"Avenida Calle 22 Sur","tipo":"primary"},"geometry":{"type":"LineString","coordinates":[[-74.11129,4.5923],[-74.11127,4.59228],[-74.11114,4.59209],[-74.11078,4.5916],[-74.11055,4.59129],[-74.11001,4.59054],[-74.10969,4.59009],[-74.10953,4.58988],[-74.10922,4.58946],[-74.10918,4.5894],[-74.10916,4.58938],[-74.10909,4.58928]]}},{"type":"Feature","properties":{"id":"1014440099","nom":"Avenida Carrera 27","tipo":"secondary"},"geometry":{"type":"LineString","coordinates":[[-74.11325,4.58859],[-74.11314,4.5886],[-74.11311,4.5886],[-74.11299,4.58861]]}},{"type":"Feature","properties":{"id":"1014440100","nom":"Avenida Carrera 27","tipo":"secondary"},"geometry":{"type":"LineString","coordinates":[[-74.11386,4.58853],[-74.11364,4.58855],[-74.11325,4.58859]]}},{"type":"Feature","properties":{"id":"1014452546","nom":"Calle 1D","tipo":"residential"},"geometry":{"type":"LineString","coordinates":[[-74.09776,4.59551],[-74.09841,4.59571],[-74.09845,4.59572]]}},{"type":"Feature","properties":{"id":"1014886016","nom":"Avenida Carrera 30","tipo":"secondary"},"geometry":{"type":"LineString","coordinates":[[-74.10991,4.59643],[-74.10995,4.5964],[-74.11085,4.59575]]}},{"type":"Feature","properties":{"id":"1014903176","nom":"Calle 1D","tipo":"residential"},"geometry":{"type":"LineString","coordinates":[[-74.09708,4.59531],[-74.0963,4.59507],[-74.09626,4.59506]]}},{"type":"Feature","properties":{"id":"1014903177","nom":"Carrera 23A","tipo":"residential"},"geometry":{"type":"LineString","coordinates":[[-74.0956,4.59476],[-74.09562,4.5947],[-74.09568,4.59449],[-74.0957,4.59441]]}},{"type":"Feature","properties":{"id":"1015926707","nom":"Calle 1F","tipo":"tertiary"},"geometry":{"type":"LineString","coordinates":[[-74.09463,4.59545],[-74.09466,4.59546],[-74.09471,4.59548],[-74.09533,4.59567],[-74.0954,4.5957],[-74.09597,4.59588],[-74.09601,4.59589]]}},{"type":"Feature","properties":{"id":"1015932510","nom":"Carrera 26","tipo":"tertiary"},"geometry":{"type":"LineString","coordinates":[[-74.09794,4.59896],[-74.0979,4.599],[-74.09763,4.59936],[-74.09733,4.59974],[-74.09703,4.60012],[-74.09671,4.60053],[-74.09668,4.60056]]}},{"type":"Feature","properties":{"id":"1015932511","nom":"Calle 2","tipo":"tertiary"},"geometry":{"type":"LineString","coordinates":[[-74.0991,4.59977],[-74.09907,4.59975],[-74.09872,4.59948],[-74.09835,4.59919],[-74.09802,4.59893],[-74.09798,4.5989]]}},{"type":"Feature","properties":{"id":"1015975700","nom":"Avenida Carrera 14","tipo":"primary"},"geometry":{"type":"LineString","coordinates":[[-74.0959,4.58507],[-74.09595,4.58504]]}},{"type":"Feature","properties":{"id":"1016257488","nom":"Calle 10B Sur","tipo":"secondary"},"geometry":{"type":"LineString","coordinates":[[-74.09829,4.58953],[-74.09834,4.58955],[-74.09838,4.58956],[-74.09843,4.58958],[-74.09849,4.58959],[-74.09856,4.5896],[-74.09863,4.5896],[-74.0987,4.5896],[-74.09876,4.58959],[-74.09883,4.58957],[-74.09889,4.58955],[-74.09895,4.58953]]}},{"type":"Feature","properties":{"id":"1016257489","nom":"Calle 10B Sur","tipo":"secondary"},"geometry":{"type":"LineString","coordinates":[[-74.09641,4.58691],[-74.09648,4.58695],[-74.09665,4.58706]]}},{"type":"Feature","properties":{"id":"1016257490","nom":"Calle 10B Sur","tipo":"secondary"},"geometry":{"type":"LineString","coordinates":[[-74.0961,4.58671],[-74.09641,4.58691]]}},{"type":"Feature","properties":{"id":"1016279387","nom":"Carrera 18A","tipo":"tertiary"},"geometry":{"type":"LineString","coordinates":[[-74.08987,4.59623],[-74.08986,4.59624],[-74.08972,4.59662],[-74.08967,4.59675],[-74.08961,4.59689],[-74.08948,4.5973],[-74.08947,4.59733]]}},{"type":"Feature","properties":{"id":"1016279388","nom":"Diagonal 2A","tipo":"tertiary"},"geometry":{"type":"LineString","coordinates":[[-74.08989,4.59589],[-74.08992,4.5959],[-74.08994,4.59592],[-74.08998,4.59593],[-74.09001,4.59594],[-74.09004,4.59593]]}},{"type":"Feature","properties":{"id":"1016279389","nom":"Diagonal 2A","tipo":"tertiary"},"geometry":{"type":"LineString","coordinates":[[-74.08973,4.59565],[-74.08989,4.59589]]}},{"type":"Feature","properties":{"id":"1017842358","nom":"Calle 17A Bis Sur","tipo":"residential"},"geometry":{"type":"LineString","coordinates":[[-74.11156,4.59725],[-74.11156,4.59721],[-74.11156,4.59718],[-74.11156,4.59714],[-74.11158,4.59711],[-74.11159,4.59708]]}},{"type":"Feature","properties":{"id":"1017842359","nom":"Calle 17A Bis Sur","tipo":"residential"},"geometry":{"type":"LineString","coordinates":[[-74.11156,4.59725],[-74.11165,4.59739]]}},{"type":"Feature","properties":{"id":"1017843906","nom":"Transversal 35","tipo":"trunk"},"geometry":{"type":"LineString","coordinates":[[-74.11362,4.59626],[-74.11372,4.59622],[-74.11426,4.59602],[-74.11436,4.59598]]}},{"type":"Feature","properties":{"id":"1017863205","nom":"Transversal 31","tipo":"trunk"},"geometry":{"type":"LineString","coordinates":[[-74.11213,4.59684],[-74.11245,4.59671],[-74.11308,4.59646]]}},{"type":"Feature","properties":{"id":"1017899220","nom":"Transversal 31","tipo":"trunk"},"geometry":{"type":"LineString","coordinates":[[-74.11298,4.59618],[-74.1126,4.59633],[-74.11232,4.59644]]}},{"type":"Feature","properties":{"id":"1017900831","nom":"Avenida Carrera 30","tipo":"secondary"},"geometry":{"type":"LineString","coordinates":[[-74.10803,4.598],[-74.10811,4.59781],[-74.10813,4.59777],[-74.10815,4.59774],[-74.10821,4.59768],[-74.10826,4.59763]]}},{"type":"Feature","properties":{"id":"1017900832","nom":"Transversal 31","tipo":"trunk"},"geometry":{"type":"LineString","coordinates":[[-74.10843,4.59814],[-74.10833,4.59812],[-74.10825,4.59809],[-74.10811,4.59803],[-74.10803,4.598]]}},{"type":"Feature","properties":{"id":"1018725198","nom":"","tipo":"residential"},"geometry":{"type":"LineString","coordinates":[[-74.09048,4.59978],[-74.09035,4.59995],[-74.09033,4.59997],[-74.09029,4.59997],[-74.09012,4.59982],[-74.09011,4.5998],[-74.09011,4.59978],[-74.09025,4.59961]]}},{"type":"Feature","properties":{"id":"1018986965","nom":"","tipo":"residential"},"geometry":{"type":"LineString","coordinates":[[-74.0912,4.5791],[-74.09116,4.57905],[-74.09115,4.57895],[-74.09116,4.57884],[-74.09119,4.57859]]}},{"type":"Feature","properties":{"id":"1019920631","nom":"Calle 29A Sur","tipo":"residential"},"geometry":{"type":"LineString","coordinates":[[-74.1139,4.58688],[-74.11389,4.58677]]}},{"type":"Feature","properties":{"id":"1019920632","nom":"Calle 31 Sur","tipo":"residential"},"geometry":{"type":"LineString","coordinates":[[-74.11469,4.58679],[-74.11485,4.58715],[-74.11527,4.58805],[-74.11529,4.58811],[-74.1153,4.58817],[-74.11532,4.58827],[-74.11533,4.58832],[-74.11533,4.58841]]}},{"type":"Feature","properties":{"id":"1019940265","nom":"Carrera 10 Bis","tipo":"residential"},"geometry":{"type":"LineString","coordinates":[[-74.08698,4.58722],[-74.08753,4.58644]]}},{"type":"Feature","properties":{"id":"1019945149","nom":"Carrera 21A","tipo":"residential"},"geometry":{"type":"LineString","coordinates":[[-74.11184,4.58077],[-74.11139,4.58101]]}},{"type":"Feature","properties":{"id":"1019945150","nom":"Carrera 20A","tipo":"residential"},"geometry":{"type":"LineString","coordinates":[[-74.11111,4.58048],[-74.11155,4.58022]]}},{"type":"Feature","properties":{"id":"1020187553","nom":"Carrera 37","tipo":"residential"},"geometry":{"type":"LineString","coordinates":[[-74.11489,4.59848],[-74.11504,4.59829]]}},{"type":"Feature","properties":{"id":"1020266184","nom":"Carrera 24D","tipo":"residential"},"geometry":{"type":"LineString","coordinates":[[-74.10203,4.5906],[-74.10178,4.5908]]}},{"type":"Feature","properties":{"id":"1020266185","nom":"Carrera 24D","tipo":"residential"},"geometry":{"type":"LineString","coordinates":[[-74.10091,4.59147],[-74.10092,4.59145],[-74.10094,4.59143],[-74.10178,4.5908]]}},{"type":"Feature","properties":{"id":"1020502398","nom":"","tipo":"residential"},"geometry":{"type":"LineString","coordinates":[[-74.09165,4.59132],[-74.09129,4.59097]]}},{"type":"Feature","properties":{"id":"1020513357","nom":"Carrera 19 Bis","tipo":"residential"},"geometry":{"type":"LineString","coordinates":[[-74.09215,4.5947],[-74.09214,4.59475],[-74.09213,4.59478],[-74.09213,4.59481],[-74.09214,4.59483],[-74.09219,4.59491],[-74.0922,4.59493],[-74.09223,4.59494],[-74.09227,4.59496]]}},{"type":"Feature","properties":{"id":"1020513358","nom":"Carrera 19 Bis","tipo":"residential"},"geometry":{"type":"LineString","coordinates":[[-74.09215,4.5947],[-74.09226,4.59431]]}},{"type":"Feature","properties":{"id":"1020554127","nom":"Calle 1G","tipo":"residential"},"geometry":{"type":"LineString","coordinates":[[-74.08991,4.59472],[-74.08986,4.59471]]}},{"type":"Feature","properties":{"id":"1020831790","nom":"Calle 13 Sur","tipo":"residential"},"geometry":{"type":"LineString","coordinates":[[-74.09486,4.58333],[-74.09494,4.58343]]}},{"type":"Feature","properties":{"id":"1022483035","nom":"Calle 29A Sur","tipo":"residential"},"geometry":{"type":"LineString","coordinates":[[-74.11364,4.58644],[-74.11371,4.58659],[-74.11379,4.58677]]}},{"type":"Feature","properties":{"id":"1022483036","nom":"Calle 30 Sur","tipo":"tertiary"},"geometry":{"type":"LineString","coordinates":[[-74.11427,4.58673],[-74.11408,4.58632],[-74.11386,4.58585]]}},{"type":"Feature","properties":{"id":"1022483037","nom":"Calle 30 Sur","tipo":"residential"},"geometry":{"type":"LineString","coordinates":[[-74.11329,4.58463],[-74.11346,4.58501],[-74.11386,4.58585]]}},{"type":"Feature","properties":{"id":"1025892775","nom":"Avenida Carrera 14","tipo":"primary"},"geometry":{"type":"LineString","coordinates":[[-74.10989,4.57822],[-74.10996,4.5782],[-74.11012,4.57815],[-74.11065,4.578],[-74.11071,4.57798],[-74.11081,4.57796],[-74.11098,4.57791],[-74.11188,4.57764],[-74.1125,4.57744],[-74.11275,4.57736],[-74.11308,4.57727],[-74.11335,4.57719],[-74.11358,4.57712],[-74.11363,4.57711],[-74.11369,4.57709],[-74.11376,4.57708],[-74.11423,4.57696],[-74.1149,4.5768],[-74.11494,4.57679],[-74.11502,4.57677]]}},{"type":"Feature","properties":{"id":"1026718627","nom":"Carrera 34","tipo":"residential"},"geometry":{"type":"LineString","coordinates":[[-74.11383,4.59428],[-74.11336,4.59462],[-74.11293,4.59493],[-74.11289,4.59496]]}},{"type":"Feature","properties":{"id":"1028078366","nom":"Calle 3 Sur","tipo":"residential"},"geometry":{"type":"LineString","coordinates":[[-74.09453,4.59218],[-74.09403,4.59176],[-74.09355,4.59137],[-74.09353,4.59135],[-74.09318,4.59106],[-74.09282,4.59076],[-74.09244,4.59045],[-74.09235,4.59037],[-74.09211,4.59017],[-74.09176,4.58988],[-74.09149,4.58965],[-74.09146,4.58963],[-74.09139,4.58958]]}},{"type":"Feature","properties":{"id":"1028078367","nom":"Avenida Carrera 14","tipo":"primary"},"geometry":{"type":"LineString","coordinates":[[-74.0897,4.59166],[-74.08974,4.59162],[-74.0898,4.59157],[-74.08984,4.59153],[-74.0899,4.59146],[-74.08992,4.59143],[-74.08993,4.59141],[-74.09013,4.59116],[-74.09045,4.59077],[-74.09064,4.59054],[-74.09074,4.59042],[-74.0908,4.59034],[-74.09083,4.59031],[-74.09087,4.59026],[-74.09091,4.5902],[-74.0913,4.58969],[-74.09132,4.58966],[-74.09139,4.58958]]}},{"type":"Feature","properties":{"id":"1028078369","nom":"Calle 3 Sur","tipo":"residential"},"geometry":{"type":"LineString","coordinates":[[-74.09121,4.58945],[-74.09117,4.58943],[-74.09114,4.58941],[-74.09109,4.58937],[-74.09086,4.58919]]}},{"type":"Feature","properties":{"id":"1028078370","nom":"Calle 3 Sur","tipo":"residential"},"geometry":{"type":"LineString","coordinates":[[-74.09139,4.58958],[-74.09134,4.58954],[-74.09127,4.58949],[-74.09121,4.58945]]}},{"type":"Feature","properties":{"id":"1028078372","nom":"Avenida Carrera 14","tipo":"primary"},"geometry":{"type":"LineString","coordinates":[[-74.09422,4.58584],[-74.09406,4.58599],[-74.09392,4.58612],[-74.09382,4.58621],[-74.09373,4.58631],[-74.09357,4.58652],[-74.0934,4.58673],[-74.09304,4.58719],[-74.093,4.58724],[-74.09292,4.58734],[-74.09256,4.58779],[-74.09228,4.58814],[-74.09188,4.58863],[-74.09174,4.5888],[-74.09131,4.58933],[-74.09129,4.58935],[-74.09125,4.5894],[-74.09121,4.58945]]}},{"type":"Feature","properties":{"id":"1028078374","nom":"Avenida Carrera 14","tipo":"primary"},"geometry":{"type":"LineString","coordinates":[[-74.09441,4.58566],[-74.09434,4.58573],[-74.09422,4.58584]]}},{"type":"Feature","properties":{"id":"1028078375","nom":"Avenida Calle 11 Sur","tipo":"secondary"},"geometry":{"type":"LineString","coordinates":[[-74.09424,4.58545],[-74.09434,4.58557],[-74.09437,4.58561],[-74.09441,4.58566]]}},{"type":"Feature","properties":{"id":"1028078376","nom":"Avenida Calle 11 Sur","tipo":"secondary"},"geometry":{"type":"LineString","coordinates":[[-74.0945,4.5856],[-74.09446,4.58554],[-74.09424,4.58529],[-74.09418,4.58523],[-74.09412,4.58516],[-74.09409,4.58512],[-74.09403,4.58507],[-74.09398,4.58502],[-74.09381,4.58488],[-74.09345,4.58456],[-74.09309,4.58424],[-74.09278,4.58397],[-74.09273,4.58392]]}},{"type":"Feature","properties":{"id":"1028078378","nom":"Avenida Carrera 14","tipo":"primary"},"geometry":{"type":"LineString","coordinates":[[-74.0945,4.5856],[-74.09441,4.58566]]}},{"type":"Feature","properties":{"id":"1028078379","nom":"Calle 17 Sur","tipo":"tertiary"},"geometry":{"type":"LineString","coordinates":[[-74.0985,4.5834],[-74.09857,4.58343],[-74.09868,4.58348]]}},{"type":"Feature","properties":{"id":"1028078380","nom":"Avenida Carrera 14","tipo":"primary"},"geometry":{"type":"LineString","coordinates":[[-74.0985,4.5834],[-74.09845,4.58343],[-74.09833,4.58351],[-74.09794,4.58378],[-74.09778,4.58388],[-74.09763,4.58398],[-74.09751,4.58405],[-74.09739,4.58412],[-74.09727,4.58418],[-74.09692,4.58435],[-74.09658,4.58452],[-74.09629,4.58465],[-74.09621,4.58469],[-74.09615,4.58471],[-74.09612,4.58472],[-74.096,4.58477]]}},{"type":"Feature","properties":{"id":"1028078383","nom":"Avenida Calle 22 Sur","tipo":"primary"},"geometry":{"type":"LineString","coordinates":[[-74.10287,4.58152],[-74.10274,4.5814],[-74.10273,4.58139],[-74.1027,4.58136],[-74.10263,4.58131]]}},{"type":"Feature","properties":{"id":"1028130365","nom":"Avenida Calle 6","tipo":"primary"},"geometry":{"type":"LineString","coordinates":[[-74.08558,4.59733],[-74.08547,4.59727],[-74.08499,4.59705],[-74.08496,4.59704],[-74.08493,4.59702],[-74.08491,4.59702],[-74.08484,4.597]]}},{"type":"Feature","properties":{"id":"1028130369","nom":"Avenida Calle 6","tipo":"primary"},"geometry":{"type":"LineString","coordinates":[[-74.08817,4.59915],[-74.0879,4.59896],[-74.08786,4.59893],[-74.08629,4.59784],[-74.08622,4.59779],[-74.08611,4.59771],[-74.08577,4.59746],[-74.08569,4.5974],[-74.08563,4.59736],[-74.08558,4.59733]]}},{"type":"Feature","properties":{"id":"1028130379","nom":"Avenida Calle 1","tipo":"secondary"},"geometry":{"type":"LineString","coordinates":[[-74.0897,4.59213],[-74.08955,4.59207],[-74.08937,4.59201],[-74.08934,4.592],[-74.08933,4.59199],[-74.08911,4.5919]]}},{"type":"Feature","properties":{"id":"1028130381","nom":"Avenida Calle 1","tipo":"secondary"},"geometry":{"type":"LineString","coordinates":[[-74.08871,4.59176],[-74.08877,4.5918],[-74.08881,4.59182]]}},{"type":"Feature","properties":{"id":"1028130382","nom":"Avenida Calle 1","tipo":"secondary"},"geometry":{"type":"LineString","coordinates":[[-74.08888,4.59178],[-74.08866,4.59164]]}},{"type":"Feature","properties":{"id":"1028159746","nom":"Avenida Carrera 14","tipo":"primary"},"geometry":{"type":"LineString","coordinates":[[-74.09875,4.5835],[-74.09884,4.58345],[-74.09901,4.58334],[-74.0992,4.58323],[-74.09962,4.58299],[-74.09987,4.58285],[-74.10007,4.58274],[-74.10037,4.58256],[-74.10041,4.58254],[-74.10046,4.58251],[-74.10052,4.58247]]}},{"type":"Feature","properties":{"id":"1028159748","nom":"Calle 17 Sur","tipo":"tertiary"},"geometry":{"type":"LineString","coordinates":[[-74.09868,4.58348],[-74.09875,4.5835]]}},{"type":"Feature","properties":{"id":"1029376413","nom":"Diagonal 16 Sur","tipo":"tertiary"},"geometry":{"type":"LineString","coordinates":[[-74.10991,4.59789],[-74.10999,4.59793]]}},{"type":"Feature","properties":{"id":"1029376419","nom":"Carrera 12G","tipo":"residential"},"geometry":{"type":"LineString","coordinates":[[-74.09818,4.58315],[-74.09812,4.58321]]}},{"type":"Feature","properties":{"id":"1029376420","nom":"Calle 17 Sur","tipo":"tertiary"},"geometry":{"type":"LineString","coordinates":[[-74.0973,4.58248],[-74.09734,4.58251],[-74.09766,4.5828]]}},{"type":"Feature","properties":{"id":"1036118092","nom":"Transversal 31","tipo":"trunk"},"geometry":{"type":"LineString","coordinates":[[-74.11336,4.59635],[-74.11345,4.59632]]}},{"type":"Feature","properties":{"id":"1041432079","nom":"Avenida Carrera 10","tipo":"primary"},"geometry":{"type":"LineString","coordinates":[[-74.08659,4.58695],[-74.08664,4.58689],[-74.0868,4.58664],[-74.08714,4.58614]]}},{"type":"Feature","properties":{"id":"1041432080","nom":"Calle 2 Sur","tipo":"residential"},"geometry":{"type":"LineString","coordinates":[[-74.08698,4.58722],[-74.08667,4.58701],[-74.08664,4.58698],[-74.08659,4.58695]]}},{"type":"Feature","properties":{"id":"1041432081","nom":"Avenida Carrera 10","tipo":"primary"},"geometry":{"type":"LineString","coordinates":[[-74.08636,4.58728],[-74.08647,4.58712],[-74.0865,4.58708],[-74.08652,4.58705],[-74.08659,4.58695]]}},{"type":"Feature","properties":{"id":"1041432082","nom":"Avenida Carrera 10","tipo":"primary"},"geometry":{"type":"LineString","coordinates":[[-74.08501,4.58934],[-74.08506,4.58926],[-74.08516,4.5891],[-74.08552,4.58858],[-74.08555,4.58853],[-74.08589,4.588],[-74.0859,4.58799],[-74.08626,4.58743],[-74.08636,4.58728]]}},{"type":"Feature","properties":{"id":"1041432083","nom":"Avenida Carrera 10","tipo":"primary"},"geometry":{"type":"LineString","coordinates":[[-74.08982,4.58207],[-74.08981,4.58209],[-74.08975,4.58217]]}},{"type":"Feature","properties":{"id":"1041432091","nom":"Avenida Carrera 10","tipo":"primary"},"geometry":{"type":"LineString","coordinates":[[-74.09461,4.57592],[-74.09472,4.5758]]}},{"type":"Feature","properties":{"id":"1049286705","nom":"Carrera 21B","tipo":"residential"},"geometry":{"type":"LineString","coordinates":[[-74.11255,4.58037],[-74.11252,4.58037],[-74.11249,4.58037],[-74.11246,4.58039],[-74.11245,4.5804],[-74.11243,4.58044],[-74.11242,4.58046],[-74.11242,4.58049],[-74.11243,4.58052],[-74.11245,4.58055],[-74.11248,4.58057]]}},{"type":"Feature","properties":{"id":"1052626792","nom":"Avenida Carrera 27","tipo":"secondary"},"geometry":{"type":"LineString","coordinates":[[-74.11059,4.58883],[-74.11073,4.58883],[-74.11106,4.58885],[-74.11148,4.58886],[-74.11164,4.58886],[-74.11181,4.58885],[-74.11195,4.58884],[-74.11229,4.58882],[-74.11268,4.58879],[-74.11298,4.58876],[-74.11303,4.58875]]}},{"type":"Feature","properties":{"id":"1052626793","nom":"Avenida Carrera 27","tipo":"secondary"},"geometry":{"type":"LineString","coordinates":[[-74.11299,4.58861],[-74.11197,4.58869],[-74.1119,4.5887],[-74.11163,4.58871],[-74.11142,4.58871],[-74.1114,4.58871],[-74.11115,4.58871],[-74.111,4.58871],[-74.11083,4.5887],[-74.11077,4.5887],[-74.11073,4.58869],[-74.11062,4.58869]]}},{"type":"Feature","properties":{"id":"1052626794","nom":"Avenida Carrera 30","tipo":"secondary"},"geometry":{"type":"LineString","coordinates":[[-74.11379,4.5935],[-74.11312,4.59399],[-74.11302,4.59406],[-74.11265,4.59432],[-74.1126,4.59436],[-74.11256,4.59438]]}},{"type":"Feature","properties":{"id":"1052921292","nom":"Carrera 13H","tipo":"residential"},"geometry":{"type":"LineString","coordinates":[[-74.11395,4.57626],[-74.11431,4.57615],[-74.11443,4.57611]]}},{"type":"Feature","properties":{"id":"1052935685","nom":"","tipo":"residential"},"geometry":{"type":"LineString","coordinates":[[-74.08667,4.58336],[-74.08706,4.5828]]}},{"type":"Feature","properties":{"id":"1052935686","nom":"","tipo":"residential"},"geometry":{"type":"LineString","coordinates":[[-74.08726,4.58067],[-74.08703,4.58049]]}},{"type":"Feature","properties":{"id":"1055658378","nom":"Calle 28C Sur","tipo":"residential"},"geometry":{"type":"LineString","coordinates":[[-74.10897,4.57826],[-74.10892,4.57822],[-74.10861,4.57797],[-74.10855,4.57792],[-74.10825,4.57769],[-74.1082,4.57765],[-74.10768,4.57724],[-74.10734,4.57697],[-74.10677,4.57652]]}},{"type":"Feature","properties":{"id":"1056565467","nom":"Calle 19 Sur","tipo":"tertiary"},"geometry":{"type":"LineString","coordinates":[[-74.09587,4.57801],[-74.09579,4.57795]]}},{"type":"Feature","properties":{"id":"1056565469","nom":"Calle 18 Sur","tipo":"residential"},"geometry":{"type":"LineString","coordinates":[[-74.09503,4.57883],[-74.09492,4.57873],[-74.0943,4.57817],[-74.094,4.5779],[-74.09392,4.57784],[-74.09352,4.57748],[-74.09348,4.57744]]}},{"type":"Feature","properties":{"id":"1056602350","nom":"Calle 18 Sur","tipo":"residential"},"geometry":{"type":"LineString","coordinates":[[-74.0951,4.57889],[-74.09503,4.57883]]}},{"type":"Feature","properties":{"id":"1056602353","nom":"Calle 18A Sur","tipo":"residential"},"geometry":{"type":"LineString","coordinates":[[-74.09539,4.57842],[-74.09466,4.57775]]}},{"type":"Feature","properties":{"id":"1057024293","nom":"Avenida Carrera 6","tipo":"secondary"},"geometry":{"type":"LineString","coordinates":[[-74.0891,4.576],[-74.08899,4.57615]]}},{"type":"Feature","properties":{"id":"1057024294","nom":"Avenida Carrera 6","tipo":"secondary"},"geometry":{"type":"LineString","coordinates":[[-74.08957,4.57536],[-74.08916,4.57592],[-74.0891,4.576]]}},{"type":"Feature","properties":{"id":"1057024295","nom":"Carrera 24F Bis","tipo":"tertiary"},"geometry":{"type":"LineString","coordinates":[[-74.10422,4.58927],[-74.10399,4.58947]]}},{"type":"Feature","properties":{"id":"1057024296","nom":"Calle 17 Sur","tipo":"tertiary"},"geometry":{"type":"LineString","coordinates":[[-74.10698,4.59237],[-74.1076,4.59325]]}},{"type":"Feature","properties":{"id":"1057024297","nom":"Calle 17 Sur","tipo":"tertiary"},"geometry":{"type":"LineString","coordinates":[[-74.10675,4.59204],[-74.10682,4.59215],[-74.1069,4.59226]]}},{"type":"Feature","properties":{"id":"1057683531","nom":"Carrera 11A","tipo":"residential"},"geometry":{"type":"LineString","coordinates":[[-74.09476,4.58009],[-74.09479,4.58006],[-74.09521,4.57958]]}},{"type":"Feature","properties":{"id":"1057683532","nom":"Carrera 11A","tipo":"residential"},"geometry":{"type":"LineString","coordinates":[[-74.09471,4.58015],[-74.09476,4.58009]]}},{"type":"Feature","properties":{"id":"1057683533","nom":"Calle 17 Sur","tipo":"tertiary"},"geometry":{"type":"LineString","coordinates":[[-74.09431,4.57979],[-74.09434,4.57982],[-74.09471,4.58015]]}},{"type":"Feature","properties":{"id":"1057683534","nom":"Avenida Calle 11 Sur","tipo":"secondary"},"geometry":{"type":"LineString","coordinates":[[-74.09265,4.58402],[-74.0927,4.58406],[-74.09351,4.58476],[-74.094,4.58518],[-74.09406,4.58524],[-74.09411,4.58529],[-74.09417,4.58536],[-74.09424,4.58545]]}},{"type":"Feature","properties":{"id":"1057683535","nom":"Carrera 12","tipo":"residential"},"geometry":{"type":"LineString","coordinates":[[-74.09273,4.58392],[-74.09265,4.58402]]}},{"type":"Feature","properties":{"id":"1057683536","nom":"Carrera 12","tipo":"residential"},"geometry":{"type":"LineString","coordinates":[[-74.09366,4.58283],[-74.09289,4.58373],[-74.09281,4.58382],[-74.09275,4.58389],[-74.09273,4.58392]]}},{"type":"Feature","properties":{"id":"1057828007","nom":"Calle 17 Sur","tipo":"tertiary"},"geometry":{"type":"LineString","coordinates":[[-74.0891,4.576],[-74.08914,4.57603],[-74.08916,4.57604],[-74.08917,4.57605],[-74.08952,4.57627]]}},{"type":"Feature","properties":{"id":"1059025442","nom":"Carrera 8A","tipo":"residential"},"geometry":{"type":"LineString","coordinates":[[-74.09065,4.57825],[-74.09113,4.57741],[-74.09118,4.57733]]}},{"type":"Feature","properties":{"id":"1059025443","nom":"Avenida Carrera 8","tipo":"secondary"},"geometry":{"type":"LineString","coordinates":[[-74.0897,4.57905],[-74.0901,4.57829],[-74.09021,4.57808],[-74.09071,4.57715],[-74.09076,4.57706]]}},{"type":"Feature","properties":{"id":"1059025444","nom":"Calle 17 Sur","tipo":"tertiary"},"geometry":{"type":"LineString","coordinates":[[-74.09033,4.57678],[-74.09069,4.57702],[-74.09073,4.57704],[-74.09076,4.57706]]}},{"type":"Feature","properties":{"id":"1059025464","nom":"Calle 18 Sur","tipo":"residential"},"geometry":{"type":"LineString","coordinates":[[-74.09133,4.57602],[-74.0914,4.57608],[-74.09187,4.57646]]}},{"type":"Feature","properties":{"id":"1059025465","nom":"Carrera 8A","tipo":"residential"},"geometry":{"type":"LineString","coordinates":[[-74.09118,4.57733],[-74.09123,4.57726],[-74.0915,4.57684],[-74.09173,4.57659],[-74.09184,4.57648],[-74.09187,4.57646]]}},{"type":"Feature","properties":{"id":"1059082572","nom":"Avenida Calle 1","tipo":"secondary"},"geometry":{"type":"LineString","coordinates":[[-74.09365,4.59333],[-74.09312,4.59318],[-74.093,4.59315],[-74.09283,4.5931],[-74.09277,4.59309],[-74.09248,4.59301],[-74.09242,4.59299],[-74.09212,4.59291],[-74.09181,4.59281],[-74.09145,4.5927],[-74.09144,4.59269],[-74.09136,4.59267],[-74.0912,4.59261],[-74.09077,4.59247],[-74.09013,4.59227],[-74.09006,4.59224],[-74.08984,4.59218]]}},{"type":"Feature","properties":{"id":"1059082574","nom":"Transversal 22","tipo":"secondary"},"geometry":{"type":"LineString","coordinates":[[-74.096,4.59396],[-74.09592,4.59405]]}},{"type":"Feature","properties":{"id":"1059082575","nom":"Avenida Calle 1","tipo":"secondary"},"geometry":{"type":"LineString","coordinates":[[-74.09592,4.59405],[-74.09621,4.59414],[-74.09628,4.59416],[-74.09651,4.59424]]}},{"type":"Feature","properties":{"id":"1059082576","nom":"Avenida Calle 1","tipo":"secondary"},"geometry":{"type":"LineString","coordinates":[[-74.0958,4.59402],[-74.09592,4.59405]]}},{"type":"Feature","properties":{"id":"1059082579","nom":"Carrera 14B","tipo":"residential"},"geometry":{"type":"LineString","coordinates":[[-74.09077,4.59247],[-74.09079,4.59244],[-74.09082,4.5924],[-74.09094,4.59225],[-74.09117,4.59196],[-74.09135,4.59172]]}},{"type":"Feature","properties":{"id":"1060432187","nom":"Calle 17 Sur","tipo":"tertiary"},"geometry":{"type":"LineString","coordinates":[[-74.0943,4.57968],[-74.09424,4.57963],[-74.09357,4.57902],[-74.09325,4.57874],[-74.09289,4.57844],[-74.09285,4.5784],[-74.0928,4.57837]]}},{"type":"Feature","properties":{"id":"1061135922","nom":"Avenida Carrera 24","tipo":"secondary"},"geometry":{"type":"LineString","coordinates":[[-74.09706,4.59283],[-74.0976,4.5922]]}},{"type":"Feature","properties":{"id":"1061161344","nom":"Carrera 12D","tipo":"tertiary"},"geometry":{"type":"LineString","coordinates":[[-74.09867,4.5806],[-74.09864,4.58063],[-74.09859,4.58068],[-74.0983,4.58101],[-74.09794,4.58143],[-74.09789,4.58148],[-74.09786,4.58152]]}},{"type":"Feature","properties":{"id":"1061161345","nom":"Carrera 12D","tipo":"tertiary"},"geometry":{"type":"LineString","coordinates":[[-74.09873,4.58054],[-74.09867,4.5806]]}},{"type":"Feature","properties":{"id":"1061161346","nom":"Carrera 12D","tipo":"tertiary"},"geometry":{"type":"LineString","coordinates":[[-74.09928,4.57993],[-74.09876,4.5805],[-74.09873,4.58054]]}},{"type":"Feature","properties":{"id":"1061161347","nom":"Carrera 12D","tipo":"tertiary"},"geometry":{"type":"LineString","coordinates":[[-74.09889,4.58068],[-74.09891,4.58065],[-74.09945,4.58005]]}},{"type":"Feature","properties":{"id":"1061161348","nom":"Carrera 12D","tipo":"tertiary"},"geometry":{"type":"LineString","coordinates":[[-74.09883,4.58075],[-74.09889,4.58068]]}},{"type":"Feature","properties":{"id":"1061161349","nom":"Carrera 12D","tipo":"tertiary"},"geometry":{"type":"LineString","coordinates":[[-74.09847,4.58116],[-74.09875,4.58085],[-74.0988,4.58078],[-74.09883,4.58075]]}},{"type":"Feature","properties":{"id":"1061161350","nom":"Calle 19 Sur","tipo":"tertiary"},"geometry":{"type":"LineString","coordinates":[[-74.09929,4.58104],[-74.09913,4.58089],[-74.09892,4.58071],[-74.09889,4.58068]]}},{"type":"Feature","properties":{"id":"1061161351","nom":"Calle 19 Sur","tipo":"tertiary"},"geometry":{"type":"LineString","coordinates":[[-74.09867,4.5806],[-74.09874,4.58067],[-74.09883,4.58075]]}},{"type":"Feature","properties":{"id":"1061161352","nom":"Calle 19 Sur","tipo":"tertiary"},"geometry":{"type":"LineString","coordinates":[[-74.09824,4.58022],[-74.09849,4.58044],[-74.09862,4.58056],[-74.09867,4.5806]]}},{"type":"Feature","properties":{"id":"1061161353","nom":"Calle 19 Sur","tipo":"tertiary"},"geometry":{"type":"LineString","coordinates":[[-74.09873,4.58054],[-74.09869,4.58049],[-74.09854,4.58037],[-74.0983,4.58015]]}},{"type":"Feature","properties":{"id":"1061161354","nom":"Calle 19 Sur","tipo":"tertiary"},"geometry":{"type":"LineString","coordinates":[[-74.09889,4.58068],[-74.0988,4.5806],[-74.09873,4.58054]]}},{"type":"Feature","properties":{"id":"1061815799","nom":"Carrera 29A","tipo":"residential"},"geometry":{"type":"LineString","coordinates":[[-74.10736,4.59383],[-74.10714,4.59398],[-74.10696,4.59411],[-74.1066,4.59438],[-74.10658,4.59439],[-74.10633,4.59457],[-74.10619,4.59467],[-74.10615,4.5947],[-74.10533,4.5953]]}},{"type":"Feature","properties":{"id":"1061815800","nom":"Carrera 29A","tipo":"residential"},"geometry":{"type":"LineString","coordinates":[[-74.1078,4.59351],[-74.10761,4.59364],[-74.10739,4.5938],[-74.10736,4.59383]]}},{"type":"Feature","properties":{"id":"1061815801","nom":"Carrera 29A","tipo":"residential"},"geometry":{"type":"LineString","coordinates":[[-74.10821,4.59323],[-74.10804,4.59335],[-74.1079,4.59344],[-74.1078,4.59351]]}},{"type":"Feature","properties":{"id":"1061815802","nom":"Calle 17 Sur","tipo":"tertiary"},"geometry":{"type":"LineString","coordinates":[[-74.1076,4.59325],[-74.1078,4.59351]]}},{"type":"Feature","properties":{"id":"1061815803","nom":"Calle 17 Sur","tipo":"tertiary"},"geometry":{"type":"LineString","coordinates":[[-74.10823,4.5941],[-74.1085,4.59447],[-74.10861,4.59462]]}},{"type":"Feature","properties":{"id":"1061815804","nom":"Carrera 29B","tipo":"residential"},"geometry":{"type":"LineString","coordinates":[[-74.10821,4.59492],[-74.10777,4.59524],[-74.10773,4.59527],[-74.10697,4.59583]]}},{"type":"Feature","properties":{"id":"1061815805","nom":"Carrera 29B","tipo":"residential"},"geometry":{"type":"LineString","coordinates":[[-74.10861,4.59462],[-74.10821,4.59492]]}},{"type":"Feature","properties":{"id":"1061815806","nom":"Carrera 29B","tipo":"residential"},"geometry":{"type":"LineString","coordinates":[[-74.109,4.59434],[-74.10878,4.5945],[-74.10864,4.5946],[-74.10861,4.59462]]}},{"type":"Feature","properties":{"id":"1061815807","nom":"Calle 17 Sur","tipo":"tertiary"},"geometry":{"type":"LineString","coordinates":[[-74.10861,4.59462],[-74.10891,4.59504]]}},{"type":"Feature","properties":{"id":"1061815808","nom":"Carrera 29C","tipo":"residential"},"geometry":{"type":"LineString","coordinates":[[-74.10891,4.59504],[-74.1085,4.59533]]}},{"type":"Feature","properties":{"id":"1061815809","nom":"Calle 17 Sur","tipo":"tertiary"},"geometry":{"type":"LineString","coordinates":[[-74.10952,4.5959],[-74.10954,4.59593],[-74.10981,4.5963],[-74.10984,4.59633]]}},{"type":"Feature","properties":{"id":"1061815810","nom":"Calle 17 Sur","tipo":"tertiary"},"geometry":{"type":"LineString","coordinates":[[-74.10891,4.59504],[-74.10952,4.5959]]}},{"type":"Feature","properties":{"id":"1061815811","nom":"Carrera 29D","tipo":"residential"},"geometry":{"type":"LineString","coordinates":[[-74.10911,4.59619],[-74.10869,4.59649],[-74.1085,4.59662],[-74.10833,4.59672]]}},{"type":"Feature","properties":{"id":"1061815812","nom":"Carrera 29D","tipo":"residential"},"geometry":{"type":"LineString","coordinates":[[-74.10952,4.5959],[-74.10911,4.59619]]}},{"type":"Feature","properties":{"id":"1061815813","nom":"Carrera 29D","tipo":"residential"},"geometry":{"type":"LineString","coordinates":[[-74.1099,4.59562],[-74.10956,4.59587],[-74.10952,4.5959]]}},{"type":"Feature","properties":{"id":"1061815814","nom":"Carrera 32A","tipo":"residential"},"geometry":{"type":"LineString","coordinates":[[-74.11033,4.59811],[-74.10998,4.59864],[-74.10981,4.59889]]}},{"type":"Feature","properties":{"id":"1061815815","nom":"Carrera 32B","tipo":"residential"},"geometry":{"type":"LineString","coordinates":[[-74.11076,4.59832],[-74.11022,4.59911]]}},{"type":"Feature","properties":{"id":"1061815816","nom":"Carrera 35A","tipo":"residential"},"geometry":{"type":"LineString","coordinates":[[-74.11253,4.59915],[-74.11191,4.60006]]}},{"type":"Feature","properties":{"id":"1061815817","nom":"Diagonal 16 Sur","tipo":"tertiary"},"geometry":{"type":"LineString","coordinates":[[-74.11158,4.59871],[-74.11203,4.59892]]}},{"type":"Feature","properties":{"id":"1061815818","nom":"Diagonal 16 Sur","tipo":"tertiary"},"geometry":{"type":"LineString","coordinates":[[-74.11117,4.59852],[-74.11158,4.59871]]}},{"type":"Feature","properties":{"id":"1061815819","nom":"Diagonal 16 Sur","tipo":"tertiary"},"geometry":{"type":"LineString","coordinates":[[-74.11076,4.59832],[-74.11117,4.59852]]}},{"type":"Feature","properties":{"id":"1061815820","nom":"Diagonal 16 Sur","tipo":"tertiary"},"geometry":{"type":"LineString","coordinates":[[-74.11033,4.59811],[-74.11076,4.59832]]}},{"type":"Feature","properties":{"id":"1061815821","nom":"Carrera 35","tipo":"residential"},"geometry":{"type":"LineString","coordinates":[[-74.11145,4.59974],[-74.11172,4.59933],[-74.11203,4.59892]]}},{"type":"Feature","properties":{"id":"1061815822","nom":"Diagonal 16 Sur","tipo":"tertiary"},"geometry":{"type":"LineString","coordinates":[[-74.11253,4.59915],[-74.11296,4.59936]]}},{"type":"Feature","properties":{"id":"1061815823","nom":"Diagonal 16 Sur","tipo":"tertiary"},"geometry":{"type":"LineString","coordinates":[[-74.11391,4.59981],[-74.11433,4.60001]]}},{"type":"Feature","properties":{"id":"1061815824","nom":"Diagonal 16 Sur","tipo":"tertiary"},"geometry":{"type":"LineString","coordinates":[[-74.11347,4.59959],[-74.11386,4.59978],[-74.11391,4.59981]]}},{"type":"Feature","properties":{"id":"1061815825","nom":"Diagonal 16 Sur","tipo":"tertiary"},"geometry":{"type":"LineString","coordinates":[[-74.11296,4.59936],[-74.11339,4.59955],[-74.11347,4.59959]]}},{"type":"Feature","properties":{"id":"1061815826","nom":"Diagonal 16 Sur","tipo":"tertiary"},"geometry":{"type":"LineString","coordinates":[[-74.11203,4.59892],[-74.11251,4.59914],[-74.11253,4.59915]]}},{"type":"Feature","properties":{"id":"1061859002","nom":"Calle 17 Sur","tipo":"tertiary"},"geometry":{"type":"LineString","coordinates":[[-74.08992,4.57653],[-74.09033,4.57678]]}},{"type":"Feature","properties":{"id":"1061859003","nom":"Calle 17 Sur","tipo":"tertiary"},"geometry":{"type":"LineString","coordinates":[[-74.08952,4.57627],[-74.08962,4.57634],[-74.08992,4.57653]]}},{"type":"Feature","properties":{"id":"1061859004","nom":"Calle 17 Sur","tipo":"tertiary"},"geometry":{"type":"LineString","coordinates":[[-74.09118,4.57733],[-74.09161,4.5776]]}},{"type":"Feature","properties":{"id":"1061859005","nom":"Carrera 9","tipo":"residential"},"geometry":{"type":"LineString","coordinates":[[-74.09161,4.5776],[-74.09165,4.57754],[-74.09217,4.5767]]}},{"type":"Feature","properties":{"id":"1061859006","nom":"Calle 17 Sur","tipo":"tertiary"},"geometry":{"type":"LineString","coordinates":[[-74.09161,4.5776],[-74.09197,4.57783],[-74.09203,4.57787]]}},{"type":"Feature","properties":{"id":"1061859007","nom":"Calle 17 Sur","tipo":"tertiary"},"geometry":{"type":"LineString","coordinates":[[-74.09203,4.57787],[-74.09238,4.5781],[-74.09251,4.57818],[-74.09256,4.57821],[-74.09261,4.57824]]}},{"type":"Feature","properties":{"id":"1061859008","nom":"Carrera 9A","tipo":"residential"},"geometry":{"type":"LineString","coordinates":[[-74.09143,4.57875],[-74.09198,4.57793],[-74.09203,4.57787]]}},{"type":"Feature","properties":{"id":"1061859009","nom":"Avenida Carrera 10","tipo":"primary"},"geometry":{"type":"LineString","coordinates":[[-74.0927,4.57849],[-74.09277,4.5784]]}},{"type":"Feature","properties":{"id":"1061859010","nom":"Carrera 10 Bis","tipo":"residential"},"geometry":{"type":"LineString","coordinates":[[-74.09282,4.57922],[-74.09317,4.57881],[-74.09319,4.57879]]}},{"type":"Feature","properties":{"id":"1061859011","nom":"Calle 17 Sur","tipo":"tertiary"},"geometry":{"type":"LineString","coordinates":[[-74.09352,4.57908],[-74.09419,4.57969],[-74.09424,4.57974]]}},{"type":"Feature","properties":{"id":"1061859012","nom":"Calle 17 Sur","tipo":"tertiary"},"geometry":{"type":"LineString","coordinates":[[-74.09319,4.57879],[-74.09352,4.57908]]}},{"type":"Feature","properties":{"id":"1061859013","nom":"Carrera 10A","tipo":"residential"},"geometry":{"type":"LineString","coordinates":[[-74.09357,4.57902],[-74.09352,4.57908]]}},{"type":"Feature","properties":{"id":"1061859014","nom":"Carrera 11","tipo":"residential"},"geometry":{"type":"LineString","coordinates":[[-74.09412,4.58],[-74.09429,4.57982],[-74.09431,4.57979]]}},{"type":"Feature","properties":{"id":"1061859015","nom":"Calle 17 Sur","tipo":"tertiary"},"geometry":{"type":"LineString","coordinates":[[-74.0951,4.58049],[-74.09515,4.58054],[-74.09548,4.58083],[-74.09551,4.58085]]}},{"type":"Feature","properties":{"id":"1061859016","nom":"Carrera 11B","tipo":"residential"},"geometry":{"type":"LineString","coordinates":[[-74.09515,4.58043],[-74.0951,4.58049]]}},{"type":"Feature","properties":{"id":"1061859017","nom":"Carrera 11B","tipo":"residential"},"geometry":{"type":"LineString","coordinates":[[-74.0951,4.58049],[-74.09507,4.58052],[-74.09504,4.58056],[-74.09493,4.58066],[-74.09481,4.58075],[-74.0947,4.5808]]}},{"type":"Feature","properties":{"id":"1061859018","nom":"Carrera 11B","tipo":"residential"},"geometry":{"type":"LineString","coordinates":[[-74.09589,4.5796],[-74.09523,4.58035],[-74.09518,4.5804],[-74.09515,4.58043]]}},{"type":"Feature","properties":{"id":"1061859019","nom":"Carrera 11B","tipo":"residential"},"geometry":{"type":"LineString","coordinates":[[-74.09663,4.57878],[-74.09617,4.57929],[-74.09589,4.5796]]}},{"type":"Feature","properties":{"id":"1061859020","nom":"Calle 17 Sur","tipo":"tertiary"},"geometry":{"type":"LineString","coordinates":[[-74.09551,4.58085],[-74.09556,4.5809],[-74.09588,4.58118],[-74.09592,4.58121]]}},{"type":"Feature","properties":{"id":"1061859021","nom":"Carrera 12","tipo":"residential"},"geometry":{"type":"LineString","coordinates":[[-74.09556,4.58079],[-74.09551,4.58085]]}},{"type":"Feature","properties":{"id":"1061859022","nom":"Carrera 12","tipo":"residential"},"geometry":{"type":"LineString","coordinates":[[-74.09703,4.57914],[-74.0963,4.57996],[-74.09594,4.58035],[-74.09559,4.58076],[-74.09556,4.58079]]}},{"type":"Feature","properties":{"id":"1061859023","nom":"Calle 17 Sur","tipo":"tertiary"},"geometry":{"type":"LineString","coordinates":[[-74.09592,4.58121],[-74.09634,4.58158]]}},{"type":"Feature","properties":{"id":"1061859024","nom":"Carrera 12A","tipo":"residential"},"geometry":{"type":"LineString","coordinates":[[-74.09597,4.58116],[-74.09592,4.58121]]}},{"type":"Feature","properties":{"id":"1061859025","nom":"Calle 17 Sur","tipo":"tertiary"},"geometry":{"type":"LineString","coordinates":[[-74.09634,4.58158],[-74.09638,4.58162],[-74.09672,4.58195]]}},{"type":"Feature","properties":{"id":"1061859026","nom":"Carrera 12B","tipo":"residential"},"geometry":{"type":"LineString","coordinates":[[-74.09638,4.58153],[-74.09634,4.58158]]}},{"type":"Feature","properties":{"id":"1061859027","nom":"Carrera 12B","tipo":"residential"},"geometry":{"type":"LineString","coordinates":[[-74.09784,4.57986],[-74.09711,4.58069],[-74.09652,4.58136],[-74.09641,4.58149],[-74.09638,4.58153]]}},{"type":"Feature","properties":{"id":"1061859028","nom":"Carrera 12C","tipo":"residential"},"geometry":{"type":"LineString","coordinates":[[-74.09672,4.58195],[-74.09677,4.58189]]}},{"type":"Feature","properties":{"id":"1061859029","nom":"Calle 17 Sur","tipo":"tertiary"},"geometry":{"type":"LineString","coordinates":[[-74.09672,4.58195],[-74.09709,4.58229],[-74.09714,4.58233]]}},{"type":"Feature","properties":{"id":"1061859030","nom":"Carrera 12C","tipo":"residential"},"geometry":{"type":"LineString","coordinates":[[-74.09656,4.58215],[-74.0967,4.58198],[-74.09672,4.58195]]}},{"type":"Feature","properties":{"id":"1061859031","nom":"Carrera 12D","tipo":"tertiary"},"geometry":{"type":"LineString","coordinates":[[-74.09719,4.58227],[-74.09714,4.58233]]}},{"type":"Feature","properties":{"id":"1061859032","nom":"Calle 17 Sur","tipo":"tertiary"},"geometry":{"type":"LineString","coordinates":[[-74.09714,4.58233],[-74.09724,4.58243],[-74.0973,4.58248]]}},{"type":"Feature","properties":{"id":"1061859033","nom":"Carrera 12D","tipo":"tertiary"},"geometry":{"type":"LineString","coordinates":[[-74.09585,4.58411],[-74.09587,4.5841],[-74.09622,4.58369],[-74.09627,4.58364],[-74.09694,4.58288],[-74.09727,4.58251],[-74.0973,4.58248]]}},{"type":"Feature","properties":{"id":"1061859036","nom":"Calle 17 Sur","tipo":"tertiary"},"geometry":{"type":"LineString","coordinates":[[-74.09766,4.5828],[-74.09812,4.58321]]}},{"type":"Feature","properties":{"id":"1061859037","nom":"Carrera 12G","tipo":"residential"},"geometry":{"type":"LineString","coordinates":[[-74.09856,4.58273],[-74.09822,4.5831],[-74.09818,4.58315]]}},{"type":"Feature","properties":{"id":"1061859039","nom":"Carrera 16","tipo":"residential"},"geometry":{"type":"LineString","coordinates":[[-74.09877,4.58486],[-74.09914,4.58451],[-74.09943,4.58424],[-74.09946,4.58421]]}},{"type":"Feature","properties":{"id":"1061859040","nom":"Carrera 16","tipo":"residential"},"geometry":{"type":"LineString","coordinates":[[-74.09724,4.58666],[-74.09729,4.58659],[-74.09732,4.58655],[-74.09756,4.58624],[-74.09778,4.58598],[-74.09783,4.58591],[-74.09789,4.5858],[-74.09802,4.58562],[-74.0981,4.58552],[-74.09819,4.58542],[-74.09838,4.58523],[-74.09877,4.58486]]}},{"type":"Feature","properties":{"id":"1061859041","nom":"Calle 17 Sur","tipo":"tertiary"},"geometry":{"type":"LineString","coordinates":[[-74.09946,4.58421],[-74.09956,4.58432],[-74.10014,4.58494],[-74.10016,4.58496]]}},{"type":"Feature","properties":{"id":"1061859042","nom":"Calle 17 Sur","tipo":"tertiary"},"geometry":{"type":"LineString","coordinates":[[-74.10016,4.58496],[-74.10021,4.58501],[-74.10061,4.58544],[-74.10063,4.58546]]}},{"type":"Feature","properties":{"id":"1061859043","nom":"Carrera 17","tipo":"residential"},"geometry":{"type":"LineString","coordinates":[[-74.1005,4.58464],[-74.10018,4.58495],[-74.10016,4.58496]]}},{"type":"Feature","properties":{"id":"1061859044","nom":"Carrera 18","tipo":"secondary"},"geometry":{"type":"LineString","coordinates":[[-74.10133,4.5848],[-74.10108,4.58503],[-74.10087,4.58523],[-74.10067,4.58542],[-74.10063,4.58546]]}},{"type":"Feature","properties":{"id":"1061859045","nom":"Carrera 18","tipo":"secondary"},"geometry":{"type":"LineString","coordinates":[[-74.10063,4.58546],[-74.1006,4.58549],[-74.1,4.58607],[-74.09996,4.58611]]}},{"type":"Feature","properties":{"id":"1061859046","nom":"Calle 17 Sur","tipo":"tertiary"},"geometry":{"type":"LineString","coordinates":[[-74.10063,4.58546],[-74.10067,4.5855],[-74.10111,4.58597],[-74.10113,4.586],[-74.10116,4.58602]]}},{"type":"Feature","properties":{"id":"1061859047","nom":"Carrera 19","tipo":"tertiary"},"geometry":{"type":"LineString","coordinates":[[-74.10048,4.58667],[-74.10111,4.58607],[-74.10113,4.58606],[-74.10116,4.58602]]}},{"type":"Feature","properties":{"id":"1061859048","nom":"Calle 17 Sur","tipo":"tertiary"},"geometry":{"type":"LineString","coordinates":[[-74.10164,4.58653],[-74.10168,4.58656],[-74.10211,4.58702],[-74.10213,4.58705]]}},{"type":"Feature","properties":{"id":"1061859049","nom":"Calle 17 Sur","tipo":"tertiary"},"geometry":{"type":"LineString","coordinates":[[-74.10116,4.58602],[-74.10121,4.58608],[-74.10161,4.5865],[-74.10164,4.58653]]}},{"type":"Feature","properties":{"id":"1061859050","nom":"Carrera 22","tipo":"residential"},"geometry":{"type":"LineString","coordinates":[[-74.10234,4.58588],[-74.10167,4.5865],[-74.10164,4.58653]]}},{"type":"Feature","properties":{"id":"1061859051","nom":"Carrera 22","tipo":"residential"},"geometry":{"type":"LineString","coordinates":[[-74.10344,4.58486],[-74.10313,4.58512],[-74.10303,4.58522],[-74.10234,4.58588]]}},{"type":"Feature","properties":{"id":"1061859052","nom":"Avenida Carrera 24","tipo":"secondary"},"geometry":{"type":"LineString","coordinates":[[-74.10145,4.5877],[-74.1021,4.58708],[-74.10213,4.58705]]}},{"type":"Feature","properties":{"id":"1061859053","nom":"Avenida Carrera 24","tipo":"secondary"},"geometry":{"type":"LineString","coordinates":[[-74.10282,4.5864],[-74.10351,4.58575],[-74.10394,4.58534],[-74.10416,4.58513]]}},{"type":"Feature","properties":{"id":"1061859054","nom":"Carrera 24B","tipo":"residential"},"geometry":{"type":"LineString","coordinates":[[-74.10331,4.58692],[-74.10281,4.58737]]}},{"type":"Feature","properties":{"id":"1061859055","nom":"Carrera 24B","tipo":"residential"},"geometry":{"type":"LineString","coordinates":[[-74.1023,4.58787],[-74.10244,4.58772]]}},{"type":"Feature","properties":{"id":"1061859056","nom":"Calle 17 Sur","tipo":"tertiary"},"geometry":{"type":"LineString","coordinates":[[-74.10309,4.58807],[-74.1035,4.5885]]}},{"type":"Feature","properties":{"id":"1061859057","nom":"Carrera 24C","tipo":"residential"},"geometry":{"type":"LineString","coordinates":[[-74.10277,4.58837],[-74.10241,4.58872],[-74.10204,4.58907]]}},{"type":"Feature","properties":{"id":"1061859058","nom":"Carrera 24C","tipo":"residential"},"geometry":{"type":"LineString","coordinates":[[-74.10309,4.58807],[-74.10303,4.58812],[-74.10277,4.58837]]}},{"type":"Feature","properties":{"id":"1061859059","nom":"Carrera 24C","tipo":"residential"},"geometry":{"type":"LineString","coordinates":[[-74.10378,4.58741],[-74.10309,4.58807]]}},{"type":"Feature","properties":{"id":"1061859060","nom":"Carrera 24D","tipo":"residential"},"geometry":{"type":"LineString","coordinates":[[-74.10419,4.58784],[-74.10395,4.58807],[-74.1035,4.5885]]}},{"type":"Feature","properties":{"id":"1061859061","nom":"Calle 17 Sur","tipo":"tertiary"},"geometry":{"type":"LineString","coordinates":[[-74.1035,4.5885],[-74.10375,4.58876]]}},{"type":"Feature","properties":{"id":"1061859062","nom":"Calle 17 Sur","tipo":"tertiary"},"geometry":{"type":"LineString","coordinates":[[-74.10375,4.58876],[-74.10398,4.58901],[-74.10422,4.58927]]}},{"type":"Feature","properties":{"id":"1061859063","nom":"Diagonal 16A Sur","tipo":"residential"},"geometry":{"type":"LineString","coordinates":[[-74.10375,4.58876],[-74.10358,4.58892],[-74.10317,4.58893],[-74.10315,4.58893],[-74.10311,4.58893]]}},{"type":"Feature","properties":{"id":"1061859065","nom":"Carrera 24G","tipo":"residential"},"geometry":{"type":"LineString","coordinates":[[-74.10517,4.58888],[-74.10515,4.58889],[-74.10514,4.58891],[-74.10477,4.58926]]}},{"type":"Feature","properties":{"id":"1061859066","nom":"Calle 17A Sur","tipo":"tertiary"},"geometry":{"type":"LineString","coordinates":[[-74.10494,4.58946],[-74.10493,4.58944],[-74.10493,4.58943],[-74.10492,4.58942],[-74.10477,4.58926]]}},{"type":"Feature","properties":{"id":"1061859067","nom":"Carrera 24I Bis","tipo":"residential"},"geometry":{"type":"LineString","coordinates":[[-74.10519,4.59029],[-74.10555,4.58995]]}},{"type":"Feature","properties":{"id":"1061859068","nom":"Calle 17 Sur","tipo":"tertiary"},"geometry":{"type":"LineString","coordinates":[[-74.10519,4.59029],[-74.10557,4.59069]]}},{"type":"Feature","properties":{"id":"1061859069","nom":"Carrera 25","tipo":"residential"},"geometry":{"type":"LineString","coordinates":[[-74.10557,4.59069],[-74.10593,4.59034]]}},{"type":"Feature","properties":{"id":"1061859070","nom":"Carrera 25","tipo":"residential"},"geometry":{"type":"LineString","coordinates":[[-74.10506,4.59118],[-74.10557,4.59069]]}},{"type":"Feature","properties":{"id":"1061859071","nom":"Carrera 25","tipo":"residential"},"geometry":{"type":"LineString","coordinates":[[-74.10445,4.59172],[-74.10506,4.59118]]}},{"type":"Feature","properties":{"id":"1061859072","nom":"Calle 17 Sur","tipo":"tertiary"},"geometry":{"type":"LineString","coordinates":[[-74.10557,4.59069],[-74.10595,4.59109]]}},{"type":"Feature","properties":{"id":"1061859073","nom":"Carrera 26","tipo":"residential"},"geometry":{"type":"LineString","coordinates":[[-74.10663,4.59043],[-74.10709,4.59001]]}},{"type":"Feature","properties":{"id":"1061859074","nom":"Carrera 26","tipo":"residential"},"geometry":{"type":"LineString","coordinates":[[-74.10595,4.59109],[-74.10663,4.59043]]}},{"type":"Feature","properties":{"id":"1061859075","nom":"Carrera 26","tipo":"residential"},"geometry":{"type":"LineString","coordinates":[[-74.10543,4.59158],[-74.10595,4.59109]]}},{"type":"Feature","properties":{"id":"1061859076","nom":"Calle 17 Sur","tipo":"tertiary"},"geometry":{"type":"LineString","coordinates":[[-74.10595,4.59109],[-74.10641,4.59159],[-74.10644,4.59161],[-74.10647,4.59165]]}},{"type":"Feature","properties":{"id":"1061859077","nom":"Avenida Carrera 27","tipo":"secondary"},"geometry":{"type":"LineString","coordinates":[[-74.10714,4.591],[-74.10656,4.59156],[-74.10652,4.59159],[-74.10647,4.59165]]}},{"type":"Feature","properties":{"id":"1061859078","nom":"Calle 17 Sur","tipo":"tertiary"},"geometry":{"type":"LineString","coordinates":[[-74.1069,4.59226],[-74.10698,4.59237]]}},{"type":"Feature","properties":{"id":"1061859079","nom":"Carrera 28","tipo":"residential"},"geometry":{"type":"LineString","coordinates":[[-74.10648,4.59257],[-74.10669,4.5924],[-74.1069,4.59226]]}},{"type":"Feature","properties":{"id":"1061882146","nom":"Calle 8 Sur","tipo":"residential"},"geometry":{"type":"LineString","coordinates":[[-74.08525,4.5811],[-74.0853,4.58114],[-74.08531,4.58115],[-74.08557,4.58133],[-74.08584,4.58151]]}},{"type":"Feature","properties":{"id":"1061882147","nom":"Avenida Carrera 7","tipo":"secondary"},"geometry":{"type":"LineString","coordinates":[[-74.08525,4.5811],[-74.08524,4.58113],[-74.08468,4.58191],[-74.08467,4.58193]]}},{"type":"Feature","properties":{"id":"1061882148","nom":"Calle 8 Sur","tipo":"residential"},"geometry":{"type":"LineString","coordinates":[[-74.08485,4.58081],[-74.08523,4.58109],[-74.08525,4.5811]]}},{"type":"Feature","properties":{"id":"1061882149","nom":"Avenida Carrera 7","tipo":"secondary"},"geometry":{"type":"LineString","coordinates":[[-74.08568,4.58047],[-74.08548,4.58077],[-74.08545,4.58082]]}},{"type":"Feature","properties":{"id":"1061882150","nom":"Avenida Carrera 7","tipo":"secondary"},"geometry":{"type":"LineString","coordinates":[[-74.08578,4.58032],[-74.08568,4.58047]]}},{"type":"Feature","properties":{"id":"1061882151","nom":"Avenida Carrera 7","tipo":"secondary"},"geometry":{"type":"LineString","coordinates":[[-74.0862,4.57967],[-74.08587,4.58018],[-74.08578,4.58032]]}},{"type":"Feature","properties":{"id":"1061882152","nom":"Avenida Carrera 7","tipo":"secondary"},"geometry":{"type":"LineString","coordinates":[[-74.08633,4.57948],[-74.08626,4.57958],[-74.0862,4.57967]]}},{"type":"Feature","properties":{"id":"1061882153","nom":"Avenida Carrera 7","tipo":"secondary"},"geometry":{"type":"LineString","coordinates":[[-74.08669,4.57893],[-74.08669,4.57895],[-74.08668,4.57896],[-74.08633,4.57948]]}},{"type":"Feature","properties":{"id":"1061882154","nom":"Avenida Calle 11 Sur","tipo":"secondary"},"geometry":{"type":"LineString","coordinates":[[-74.08645,4.57866],[-74.0865,4.5787],[-74.08653,4.57873],[-74.08656,4.57876],[-74.08659,4.57879],[-74.08662,4.57884],[-74.08669,4.57893]]}},{"type":"Feature","properties":{"id":"1061882155","nom":"Avenida Calle 11 Sur","tipo":"secondary"},"geometry":{"type":"LineString","coordinates":[[-74.08599,4.57828],[-74.08631,4.57854],[-74.08645,4.57866]]}},{"type":"Feature","properties":{"id":"1061882156","nom":"Avenida Carrera 7","tipo":"secondary"},"geometry":{"type":"LineString","coordinates":[[-74.08673,4.57887],[-74.08669,4.57893]]}},{"type":"Feature","properties":{"id":"1061882158","nom":"Avenida Calle 11 Sur","tipo":"secondary"},"geometry":{"type":"LineString","coordinates":[[-74.08673,4.57887],[-74.08668,4.5788],[-74.08664,4.57875],[-74.08661,4.57872],[-74.08659,4.5787],[-74.0865,4.57862],[-74.08641,4.57855],[-74.0859,4.57812]]}},{"type":"Feature","properties":{"id":"1061882159","nom":"Avenida Calle 11 Sur","tipo":"secondary"},"geometry":{"type":"LineString","coordinates":[[-74.08768,4.58008],[-74.08766,4.58006],[-74.08723,4.57951],[-74.08692,4.57912],[-74.08678,4.57893],[-74.08677,4.57892],[-74.08673,4.57887]]}},{"type":"Feature","properties":{"id":"1061882161","nom":"Avenida Carrera 7","tipo":"secondary"},"geometry":{"type":"LineString","coordinates":[[-74.0875,4.5778],[-74.08736,4.57798],[-74.08721,4.57817]]}},{"type":"Feature","properties":{"id":"1061882162","nom":"Calle 12 Sur","tipo":"residential"},"geometry":{"type":"LineString","coordinates":[[-74.08785,4.57902],[-74.08874,4.58015],[-74.08878,4.5802],[-74.0888,4.58022]]}},{"type":"Feature","properties":{"id":"1061882163","nom":"Calle 12 Sur","tipo":"residential"},"geometry":{"type":"LineString","coordinates":[[-74.08721,4.57817],[-74.08724,4.57823],[-74.08726,4.57824],[-74.08785,4.57902]]}},{"type":"Feature","properties":{"id":"1061882164","nom":"Calle 13 Sur","tipo":"residential"},"geometry":{"type":"LineString","coordinates":[[-74.08758,4.57773],[-74.08762,4.57778],[-74.08766,4.57782],[-74.08831,4.57865]]}},{"type":"Feature","properties":{"id":"1061882165","nom":"Avenida Carrera 6","tipo":"secondary"},"geometry":{"type":"LineString","coordinates":[[-74.08778,4.57755],[-74.08758,4.57773]]}},{"type":"Feature","properties":{"id":"1061882166","nom":"Avenida Carrera 6","tipo":"secondary"},"geometry":{"type":"LineString","coordinates":[[-74.08794,4.57739],[-74.08778,4.57755]]}},{"type":"Feature","properties":{"id":"1061882167","nom":"Avenida Carrera 6","tipo":"secondary"},"geometry":{"type":"LineString","coordinates":[[-74.08806,4.57728],[-74.08794,4.57739]]}},{"type":"Feature","properties":{"id":"1061882168","nom":"Calle 13A Sur","tipo":"residential"},"geometry":{"type":"LineString","coordinates":[[-74.08794,4.57739],[-74.088,4.57745],[-74.08802,4.57746],[-74.08824,4.57768],[-74.0884,4.57783]]}},{"type":"Feature","properties":{"id":"1061882169","nom":"Calle 15 Sur","tipo":"residential"},"geometry":{"type":"LineString","coordinates":[[-74.08846,4.57688],[-74.08843,4.57685],[-74.08758,4.57608]]}},{"type":"Feature","properties":{"id":"1061882170","nom":"Avenida Carrera 6","tipo":"secondary"},"geometry":{"type":"LineString","coordinates":[[-74.08899,4.57615],[-74.08857,4.57673],[-74.08846,4.57688]]}},{"type":"Feature","properties":{"id":"1062210382","nom":"Calle 2","tipo":"tertiary"},"geometry":{"type":"LineString","coordinates":[[-74.09915,4.59981],[-74.0991,4.59977]]}},{"type":"Feature","properties":{"id":"1063002902","nom":"Avenida Calle 22 Sur","tipo":"primary"},"geometry":{"type":"LineString","coordinates":[[-74.11182,4.59314],[-74.11162,4.59283],[-74.11139,4.59244],[-74.11133,4.59237],[-74.11131,4.59233],[-74.11129,4.5923]]}},{"type":"Feature","properties":{"id":"1063017222","nom":"Avenida Calle 22 Sur","tipo":"primary"},"geometry":{"type":"LineString","coordinates":[[-74.1123,4.59429],[-74.11236,4.59438],[-74.11237,4.59441],[-74.11242,4.59449]]}},{"type":"Feature","properties":{"id":"1065571284","nom":"Calle 31 Sur","tipo":"residential"},"geometry":{"type":"LineString","coordinates":[[-74.11137,4.57918],[-74.11165,4.57978]]}},{"type":"Feature","properties":{"id":"1066580262","nom":"Avenida Carrera 8","tipo":"secondary"},"geometry":{"type":"LineString","coordinates":[[-74.0882,4.58074],[-74.08823,4.58072],[-74.0885,4.58048]]}},{"type":"Feature","properties":{"id":"1067289046","nom":"Avenida Carrera 27","tipo":"secondary"},"geometry":{"type":"LineString","coordinates":[[-74.10278,4.59513],[-74.10284,4.59508],[-74.10288,4.59507],[-74.10293,4.59506],[-74.10299,4.59506],[-74.10305,4.59506]]}},{"type":"Feature","properties":{"id":"1067433583","nom":"Avenida Carrera 14","tipo":"primary"},"geometry":{"type":"LineString","coordinates":[[-74.10756,4.5787],[-74.10747,4.57873],[-74.1074,4.57876],[-74.10716,4.57887],[-74.10696,4.57897],[-74.10691,4.57899],[-74.10686,4.57901]]}},{"type":"Feature","properties":{"id":"1067433584","nom":"Carrera 12D","tipo":"tertiary"},"geometry":{"type":"LineString","coordinates":[[-74.1028,4.57595],[-74.10287,4.57585]]}},{"type":"Feature","properties":{"id":"1067433585","nom":"Calle 27 Sur","tipo":"secondary"},"geometry":{"type":"LineString","coordinates":[[-74.10287,4.57585],[-74.10271,4.57573],[-74.10267,4.5757]]}},{"type":"Feature","properties":{"id":"1067711549","nom":"Avenida Carrera 27","tipo":"secondary"},"geometry":{"type":"LineString","coordinates":[[-74.10655,4.59176],[-74.10661,4.59169],[-74.10673,4.59157],[-74.1074,4.59092]]}},{"type":"Feature","properties":{"id":"1067712601","nom":"Transversal 31","tipo":"trunk"},"geometry":{"type":"LineString","coordinates":[[-74.11232,4.59644],[-74.11194,4.59661]]}},{"type":"Feature","properties":{"id":"1067713226","nom":"Calle 1B","tipo":"tertiary"},"geometry":{"type":"LineString","coordinates":[[-74.10155,4.59665],[-74.1016,4.59669]]}},{"type":"Feature","properties":{"id":"1067717579","nom":"Avenida Calle 3","tipo":"tertiary"},"geometry":{"type":"LineString","coordinates":[[-74.09482,4.59933],[-74.09491,4.5994],[-74.09494,4.59943]]}},{"type":"Feature","properties":{"id":"1074628570","nom":"Avenida Calle 11 Sur","tipo":"secondary"},"geometry":{"type":"LineString","coordinates":[[-74.09028,4.58225],[-74.09016,4.58221],[-74.09013,4.5822],[-74.09007,4.58217],[-74.09005,4.58216]]}},{"type":"Feature","properties":{"id":"1074628571","nom":"Avenida Carrera 10","tipo":"primary"},"geometry":{"type":"LineString","coordinates":[[-74.09005,4.58216],[-74.09008,4.58211],[-74.0901,4.58209],[-74.09019,4.58196]]}},{"type":"Feature","properties":{"id":"1074628572","nom":"Avenida Calle 11 Sur","tipo":"secondary"},"geometry":{"type":"LineString","coordinates":[[-74.08936,4.58194],[-74.08946,4.58201],[-74.08958,4.58208],[-74.08965,4.58211],[-74.08966,4.58212],[-74.08968,4.58213],[-74.08975,4.58217]]}},{"type":"Feature","properties":{"id":"1074628573","nom":"Avenida Carrera 10","tipo":"primary"},"geometry":{"type":"LineString","coordinates":[[-74.08975,4.58217],[-74.0897,4.58223],[-74.08965,4.5823],[-74.08947,4.58256]]}},{"type":"Feature","properties":{"id":"1074628574","nom":"Avenida Calle 11 Sur","tipo":"secondary"},"geometry":{"type":"LineString","coordinates":[[-74.08997,4.58226],[-74.09001,4.58227],[-74.09008,4.5823],[-74.09009,4.5823],[-74.09014,4.58232],[-74.09032,4.58239]]}},{"type":"Feature","properties":{"id":"1074628575","nom":"Avenida Carrera 10","tipo":"primary"},"geometry":{"type":"LineString","coordinates":[[-74.08933,4.58308],[-74.08951,4.58286],[-74.08958,4.58276],[-74.0897,4.5826]]}},{"type":"Feature","properties":{"id":"1076355212","nom":"Calle 30 Sur","tipo":"tertiary"},"geometry":{"type":"LineString","coordinates":[[-74.11443,4.58849],[-74.11444,4.58862]]}},{"type":"Feature","properties":{"id":"1076355213","nom":"Avenida Carrera 27","tipo":"secondary"},"geometry":{"type":"LineString","coordinates":[[-74.11443,4.58849],[-74.11433,4.58849],[-74.11404,4.58852],[-74.11386,4.58853]]}},{"type":"Feature","properties":{"id":"1076355214","nom":"Avenida Carrera 27","tipo":"secondary"},"geometry":{"type":"LineString","coordinates":[[-74.11453,4.58848],[-74.11448,4.58848],[-74.11443,4.58849]]}},{"type":"Feature","properties":{"id":"1076362059","nom":"Calle 2","tipo":"tertiary"},"geometry":{"type":"LineString","coordinates":[[-74.09902,4.59982],[-74.09905,4.59984]]}},{"type":"Feature","properties":{"id":"1076362060","nom":"Calle 1F","tipo":"tertiary"},"geometry":{"type":"LineString","coordinates":[[-74.10033,4.59832],[-74.10027,4.59827]]}},{"type":"Feature","properties":{"id":"1076362061","nom":"Calle 1F","tipo":"tertiary"},"geometry":{"type":"LineString","coordinates":[[-74.10204,4.59966],[-74.10173,4.59942],[-74.10145,4.5992],[-74.1014,4.59916],[-74.10086,4.59873],[-74.10082,4.5987],[-74.10077,4.59867]]}},{"type":"Feature","properties":{"id":"1076654526","nom":"Calle 29 Sur","tipo":"residential"},"geometry":{"type":"LineString","coordinates":[[-74.11446,4.59302],[-74.11444,4.59298],[-74.11441,4.59288]]}},{"type":"Feature","properties":{"id":"1078325901","nom":"Calle 10B Bis Sur","tipo":"residential"},"geometry":{"type":"LineString","coordinates":[[-74.09707,4.5872],[-74.09704,4.58719],[-74.09701,4.58718],[-74.09699,4.58717],[-74.09697,4.58716],[-74.09695,4.58714],[-74.09694,4.58712]]}},{"type":"Feature","properties":{"id":"1084747187","nom":"Calle 31B Sur","tipo":"residential"},"geometry":{"type":"LineString","coordinates":[[-74.1141,4.58318],[-74.11409,4.58324]]}},{"type":"Feature","properties":{"id":"1084747188","nom":"Calle 31B Sur","tipo":"residential"},"geometry":{"type":"LineString","coordinates":[[-74.11377,4.58219],[-74.11389,4.58253],[-74.11399,4.58281],[-74.11409,4.58312],[-74.1141,4.58313],[-74.1141,4.58314],[-74.1141,4.58318]]}},{"type":"Feature","properties":{"id":"1084747189","nom":"Avenida Carrera 24","tipo":"secondary"},"geometry":{"type":"LineString","coordinates":[[-74.1141,4.58318],[-74.11399,4.58321],[-74.11376,4.58329],[-74.11328,4.58346]]}},{"type":"Feature","properties":{"id":"1085211312","nom":"Avenida Calle 3","tipo":"tertiary"},"geometry":{"type":"LineString","coordinates":[[-74.0926,4.59783],[-74.09216,4.59751],[-74.0921,4.59747]]}},{"type":"Feature","properties":{"id":"1085211313","nom":"Avenida Calle 3","tipo":"tertiary"},"geometry":{"type":"LineString","coordinates":[[-74.09228,4.59772],[-74.0926,4.59783]]}},{"type":"Feature","properties":{"id":"1085211318","nom":"Calle 2","tipo":"tertiary"},"geometry":{"type":"LineString","coordinates":[[-74.09296,4.59657],[-74.09273,4.5965],[-74.0926,4.59645],[-74.09238,4.59638],[-74.09199,4.59625],[-74.09191,4.59622],[-74.09151,4.59608],[-74.09143,4.59606],[-74.09103,4.59592],[-74.09098,4.5959],[-74.09049,4.59574],[-74.09036,4.5957]]}},{"type":"Feature","properties":{"id":"1085211319","nom":"Calle 2","tipo":"tertiary"},"geometry":{"type":"LineString","coordinates":[[-74.09325,4.59668],[-74.09316,4.59665]]}},{"type":"Feature","properties":{"id":"1085211320","nom":"Transversal 22","tipo":"tertiary"},"geometry":{"type":"LineString","coordinates":[[-74.09253,4.59721],[-74.0926,4.59717],[-74.09269,4.5971],[-74.09325,4.59668]]}},{"type":"Feature","properties":{"id":"1085211321","nom":"Transversal 22","tipo":"tertiary"},"geometry":{"type":"LineString","coordinates":[[-74.0921,4.59747],[-74.09217,4.59742],[-74.0925,4.59723],[-74.09253,4.59721]]}},{"type":"Feature","properties":{"id":"1085211335","nom":"Calle 11 Sur","tipo":"tertiary"},"geometry":{"type":"LineString","coordinates":[[-74.09949,4.59009],[-74.09943,4.59],[-74.0994,4.58996]]}},{"type":"Feature","properties":{"id":"1085211336","nom":"Avenida Carrera 24","tipo":"secondary"},"geometry":{"type":"LineString","coordinates":[[-74.0994,4.58996],[-74.09943,4.5899]]}},{"type":"Feature","properties":{"id":"1085211337","nom":"Avenida Carrera 24","tipo":"secondary"},"geometry":{"type":"LineString","coordinates":[[-74.09925,4.59021],[-74.09937,4.59],[-74.0994,4.58996]]}},{"type":"Feature","properties":{"id":"1085211358","nom":"Avenida Carrera 24","tipo":"secondary"},"geometry":{"type":"LineString","coordinates":[[-74.10966,4.58431],[-74.10972,4.58432],[-74.10976,4.58433],[-74.1098,4.58434],[-74.10989,4.58433],[-74.1108,4.5843],[-74.11084,4.5843],[-74.11089,4.58429],[-74.11093,4.58428]]}},{"type":"Feature","properties":{"id":"1085211361","nom":"Calle 28 Sur","tipo":"secondary"},"geometry":{"type":"LineString","coordinates":[[-74.11093,4.58428],[-74.1109,4.58423]]}},{"type":"Feature","properties":{"id":"1107380099","nom":"Calle 19 Sur","tipo":"residential"},"geometry":{"type":"LineString","coordinates":[[-74.09247,4.57485],[-74.0925,4.57489],[-74.09301,4.57539]]}},{"type":"Feature","properties":{"id":"1116524643","nom":"Transversal 21A","tipo":"secondary"},"geometry":{"type":"LineString","coordinates":[[-74.10272,4.58457],[-74.10263,4.58457],[-74.10241,4.58458]]}},{"type":"Feature","properties":{"id":"1116524645","nom":"Carrera 19","tipo":"tertiary"},"geometry":{"type":"LineString","coordinates":[[-74.10262,4.58466],[-74.10272,4.58457]]}},{"type":"Feature","properties":{"id":"1116524646","nom":"Carrera 19","tipo":"tertiary"},"geometry":{"type":"LineString","coordinates":[[-74.10116,4.58602],[-74.10182,4.58541],[-74.10186,4.58537],[-74.10255,4.58473],[-74.10262,4.58466]]}},{"type":"Feature","properties":{"id":"1116529375","nom":"Carrera 18","tipo":"secondary"},"geometry":{"type":"LineString","coordinates":[[-74.09956,4.5865],[-74.09943,4.58662]]}},{"type":"Feature","properties":{"id":"1116613944","nom":"Calle 2","tipo":"tertiary"},"geometry":{"type":"LineString","coordinates":[[-74.09786,4.59881],[-74.09734,4.5984],[-74.09703,4.59816],[-74.09688,4.59806],[-74.09684,4.59803]]}},{"type":"Feature","properties":{"id":"1121387763","nom":"Carrera 12D","tipo":"tertiary"},"geometry":{"type":"LineString","coordinates":[[-74.0973,4.58248],[-74.09735,4.58241]]}},{"type":"Feature","properties":{"id":"1121459397","nom":"Calle 27A Sur","tipo":"residential"},"geometry":{"type":"LineString","coordinates":[[-74.10327,4.5749],[-74.10334,4.57495],[-74.10347,4.57506]]}},{"type":"Feature","properties":{"id":"1121509151","nom":"Calle 10B Sur","tipo":"secondary"},"geometry":{"type":"LineString","coordinates":[[-74.09759,4.58902],[-74.09765,4.58907],[-74.09795,4.58929],[-74.09824,4.5895],[-74.09829,4.58953]]}},{"type":"Feature","properties":{"id":"1123269233","nom":"Carrera 18","tipo":"secondary"},"geometry":{"type":"LineString","coordinates":[[-74.10359,4.58262],[-74.10355,4.58266],[-74.10327,4.58296],[-74.10322,4.58301],[-74.10317,4.58307]]}},{"type":"Feature","properties":{"id":"1123269244","nom":"Avenida Carrera 24","tipo":"secondary"},"geometry":{"type":"LineString","coordinates":[[-74.10563,4.58447],[-74.10548,4.58448],[-74.10542,4.58448],[-74.10528,4.58449]]}},{"type":"Feature","properties":{"id":"1123391980","nom":"Diagonal 4A","tipo":"tertiary"},"geometry":{"type":"LineString","coordinates":[[-74.08805,4.59727],[-74.08848,4.59728]]}},{"type":"Feature","properties":{"id":"1126119486","nom":"Avenida Calle 3","tipo":"tertiary"},"geometry":{"type":"LineString","coordinates":[[-74.09494,4.59943],[-74.095,4.59947],[-74.09506,4.59952]]}},{"type":"Feature","properties":{"id":"1126119487","nom":"Avenida Calle 3","tipo":"tertiary"},"geometry":{"type":"LineString","coordinates":[[-74.09511,4.59948],[-74.095,4.59943],[-74.09495,4.5994]]}},{"type":"Feature","properties":{"id":"1126894390","nom":"Carrera 10 Bis","tipo":"residential"},"geometry":{"type":"LineString","coordinates":[[-74.09526,4.57605],[-74.09584,4.57538]]}},{"type":"Feature","properties":{"id":"1126894391","nom":"Carrera 10A","tipo":"residential"},"geometry":{"type":"LineString","coordinates":[[-74.0956,4.57635],[-74.09621,4.57567]]}},{"type":"Feature","properties":{"id":"1127422656","nom":"Calle 2","tipo":"tertiary"},"geometry":{"type":"LineString","coordinates":[[-74.09386,4.5969],[-74.09372,4.59685],[-74.09357,4.5968],[-74.09331,4.5967],[-74.09325,4.59668]]}},{"type":"Feature","properties":{"id":"1127422657","nom":"Calle 2","tipo":"tertiary"},"geometry":{"type":"LineString","coordinates":[[-74.09684,4.59803],[-74.09678,4.59799],[-74.0965,4.59781],[-74.09644,4.59777],[-74.09636,4.59774]]}},{"type":"Feature","properties":{"id":"1127422663","nom":"Calle 2","tipo":"tertiary"},"geometry":{"type":"LineString","coordinates":[[-74.09798,4.5989],[-74.09794,4.59887],[-74.09786,4.59881]]}},{"type":"Feature","properties":{"id":"1127422664","nom":"Calle 2","tipo":"tertiary"},"geometry":{"type":"LineString","coordinates":[[-74.09684,4.59803],[-74.09687,4.59807],[-74.09699,4.59822],[-74.0973,4.59846],[-74.0979,4.59893]]}},{"type":"Feature","properties":{"id":"1133066459","nom":"Carrera 12D","tipo":"tertiary"},"geometry":{"type":"LineString","coordinates":[[-74.09786,4.58152],[-74.09723,4.58223],[-74.09719,4.58227]]}},{"type":"Feature","properties":{"id":"1133066462","nom":"Carrera 12D","tipo":"tertiary"},"geometry":{"type":"LineString","coordinates":[[-74.09735,4.58241],[-74.09738,4.58238],[-74.09773,4.58199]]}},{"type":"Feature","properties":{"id":"1151079760","nom":"Carrera 11","tipo":"residential"},"geometry":{"type":"LineString","coordinates":[[-74.09649,4.57731],[-74.09659,4.57719]]}},{"type":"Feature","properties":{"id":"1151079761","nom":"Carrera 11","tipo":"residential"},"geometry":{"type":"LineString","coordinates":[[-74.09431,4.57979],[-74.09436,4.57973]]}},{"type":"Feature","properties":{"id":"1151081065","nom":"Avenida Carrera 10","tipo":"primary"},"geometry":{"type":"LineString","coordinates":[[-74.09268,4.57815],[-74.09261,4.57824]]}},{"type":"Feature","properties":{"id":"1157054360","nom":"Avenida Carrera 8","tipo":"secondary"},"geometry":{"type":"LineString","coordinates":[[-74.08814,4.5808],[-74.0882,4.58074]]}},{"type":"Feature","properties":{"id":"1157054904","nom":"","tipo":"secondary"},"geometry":{"type":"LineString","coordinates":[[-74.10305,4.59506],[-74.10311,4.59512],[-74.10319,4.59517]]}},{"type":"Feature","properties":{"id":"1157054905","nom":"","tipo":"secondary"},"geometry":{"type":"LineString","coordinates":[[-74.1034,4.59416],[-74.10328,4.59418],[-74.10321,4.59421],[-74.10317,4.59423],[-74.10315,4.59424],[-74.1031,4.59427],[-74.10303,4.59433],[-74.103,4.59437],[-74.10296,4.59443]]}},{"type":"Feature","properties":{"id":"1157061759","nom":"Avenida Carrera 10","tipo":"primary"},"geometry":{"type":"LineString","coordinates":[[-74.09417,4.57652],[-74.0945,4.57607],[-74.09454,4.57602],[-74.09461,4.57592]]}},{"type":"Feature","properties":{"id":"1157061760","nom":"Calle 19 Sur","tipo":"tertiary"},"geometry":{"type":"LineString","coordinates":[[-74.09541,4.57763],[-74.09571,4.5779]]}},{"type":"Feature","properties":{"id":"1158827616","nom":"Avenida Calle 22 Sur","tipo":"primary"},"geometry":{"type":"LineString","coordinates":[[-74.10439,4.58336],[-74.10427,4.58321],[-74.10421,4.58314]]}},{"type":"Feature","properties":{"id":"1158827617","nom":"Avenida Calle 1","tipo":"secondary"},"geometry":{"type":"LineString","coordinates":[[-74.09653,4.59413],[-74.09633,4.59406],[-74.09618,4.59402],[-74.09607,4.59398],[-74.096,4.59396]]}},{"type":"Feature","properties":{"id":"1158827618","nom":"","tipo":"secondary"},"geometry":{"type":"LineString","coordinates":[[-74.10294,4.59448],[-74.1029,4.5946],[-74.1029,4.59473],[-74.10292,4.59485],[-74.10297,4.59497],[-74.10299,4.59499]]}},{"type":"Feature","properties":{"id":"1158827619","nom":"","tipo":"secondary"},"geometry":{"type":"LineString","coordinates":[[-74.10319,4.59517],[-74.10327,4.5952],[-74.10339,4.59522],[-74.10351,4.59522],[-74.10363,4.59518],[-74.10374,4.59512]]}},{"type":"Feature","properties":{"id":"1162625839","nom":"Calle 1F","tipo":"tertiary"},"geometry":{"type":"LineString","coordinates":[[-74.10077,4.59867],[-74.10035,4.59834],[-74.10033,4.59832]]}},{"type":"Feature","properties":{"id":"1162625840","nom":"Carrera 27A","tipo":"residential"},"geometry":{"type":"LineString","coordinates":[[-74.10047,4.59906],[-74.10075,4.5987],[-74.10077,4.59867]]}},{"type":"Feature","properties":{"id":"1162625841","nom":"Calle 1G","tipo":"residential"},"geometry":{"type":"LineString","coordinates":[[-74.10003,4.5987],[-74.10006,4.59873],[-74.10038,4.59898],[-74.10047,4.59906]]}},{"type":"Feature","properties":{"id":"1162625842","nom":"Avenida Carrera 27","tipo":"secondary"},"geometry":{"type":"LineString","coordinates":[[-74.10003,4.5987],[-74.1003,4.59835],[-74.10033,4.59832]]}},{"type":"Feature","properties":{"id":"1162628727","nom":"Avenida Calle 1","tipo":"secondary"},"geometry":{"type":"LineString","coordinates":[[-74.09737,4.59439],[-74.09719,4.59434],[-74.09697,4.59427],[-74.09686,4.59423],[-74.09653,4.59413]]}},{"type":"Feature","properties":{"id":"1162628728","nom":"Carrera 24B","tipo":"residential"},"geometry":{"type":"LineString","coordinates":[[-74.09682,4.59615],[-74.09684,4.5961],[-74.09708,4.59531]]}},{"type":"Feature","properties":{"id":"1164548762","nom":"Calle 10B Sur","tipo":"secondary"},"geometry":{"type":"LineString","coordinates":[[-74.09895,4.58953],[-74.09904,4.58946]]}},{"type":"Feature","properties":{"id":"1164548763","nom":"Calle 10B Sur","tipo":"secondary"},"geometry":{"type":"LineString","coordinates":[[-74.09953,4.58925],[-74.09946,4.58926],[-74.09939,4.58928],[-74.09932,4.5893],[-74.09926,4.58933]]}},{"type":"Feature","properties":{"id":"1164548764","nom":"Calle 13 Sur","tipo":"tertiary"},"geometry":{"type":"LineString","coordinates":[[-74.09967,4.58898],[-74.09984,4.58915],[-74.09988,4.58919]]}},{"type":"Feature","properties":{"id":"1164548765","nom":"Avenida Calle 22 Sur","tipo":"primary"},"geometry":{"type":"LineString","coordinates":[[-74.10359,4.58262],[-74.10363,4.58268],[-74.1037,4.58276],[-74.10395,4.58308],[-74.10409,4.58325]]}},{"type":"Feature","properties":{"id":"1164560570","nom":"Avenida Calle 22 Sur","tipo":"primary"},"geometry":{"type":"LineString","coordinates":[[-74.10632,4.58578],[-74.10598,4.58537],[-74.10592,4.58529],[-74.10585,4.5852],[-74.10553,4.58479]]}},{"type":"Feature","properties":{"id":"1164560571","nom":"Calle 13 Sur","tipo":"tertiary"},"geometry":{"type":"LineString","coordinates":[[-74.09938,4.58867],[-74.09953,4.58883],[-74.09967,4.58898]]}},{"type":"Feature","properties":{"id":"1164560572","nom":"Transversal 21A","tipo":"secondary"},"geometry":{"type":"LineString","coordinates":[[-74.10341,4.58455],[-74.10285,4.58456],[-74.10272,4.58457]]}},{"type":"Feature","properties":{"id":"1164691833","nom":"Calle 19 Sur","tipo":"tertiary"},"geometry":{"type":"LineString","coordinates":[[-74.09579,4.57795],[-74.09571,4.5779]]}},{"type":"Feature","properties":{"id":"1164691834","nom":"Carrera 11","tipo":"residential"},"geometry":{"type":"LineString","coordinates":[[-74.0964,4.57725],[-74.09637,4.57728],[-74.09579,4.57795]]}},{"type":"Feature","properties":{"id":"1164691835","nom":"Carrera 11","tipo":"residential"},"geometry":{"type":"LineString","coordinates":[[-74.09651,4.57713],[-74.0964,4.57725]]}},{"type":"Feature","properties":{"id":"1164691836","nom":"Avenida Calle 22 Sur","tipo":"secondary"},"geometry":{"type":"LineString","coordinates":[[-74.09298,4.57433],[-74.09301,4.57437],[-74.09312,4.57448],[-74.09322,4.57458],[-74.09358,4.57492],[-74.09408,4.5754],[-74.09435,4.57567],[-74.0944,4.57572],[-74.09444,4.57576]]}},{"type":"Feature","properties":{"id":"1164691837","nom":"Avenida Carrera 8","tipo":"secondary"},"geometry":{"type":"LineString","coordinates":[[-74.09133,4.57602],[-74.09141,4.57593],[-74.09165,4.57569],[-74.09247,4.57485]]}},{"type":"Feature","properties":{"id":"1164691838","nom":"Avenida Carrera 8","tipo":"secondary"},"geometry":{"type":"LineString","coordinates":[[-74.09076,4.57706],[-74.09079,4.577],[-74.09087,4.57685],[-74.09092,4.57676],[-74.09101,4.57658],[-74.09125,4.57615],[-74.09128,4.57609],[-74.0913,4.57605],[-74.09133,4.57602]]}},{"type":"Feature","properties":{"id":"1166162269","nom":"Avenida Carrera 10","tipo":"secondary"},"geometry":{"type":"LineString","coordinates":[[-74.09594,4.57414],[-74.09509,4.57506],[-74.0947,4.57549],[-74.09463,4.57556],[-74.09456,4.57564]]}},{"type":"Feature","properties":{"id":"1167374375","nom":"Avenida Calle 22 Sur","tipo":"primary"},"geometry":{"type":"LineString","coordinates":[[-74.09557,4.57668],[-74.096,4.57697]]}},{"type":"Feature","properties":{"id":"1167386624","nom":"Carrera 22","tipo":"residential"},"geometry":{"type":"LineString","coordinates":[[-74.10164,4.58653],[-74.10162,4.58654],[-74.1012,4.58694],[-74.10098,4.58715],[-74.10095,4.58717]]}},{"type":"Feature","properties":{"id":"1167386625","nom":"Calle 16 Sur","tipo":"secondary"},"geometry":{"type":"LineString","coordinates":[[-74.10095,4.58717],[-74.10099,4.58721],[-74.10142,4.58767],[-74.10145,4.5877]]}},{"type":"Feature","properties":{"id":"1167386626","nom":"Carrera 18","tipo":"secondary"},"geometry":{"type":"LineString","coordinates":[[-74.09996,4.58611],[-74.09961,4.58644],[-74.09956,4.5865]]}},{"type":"Feature","properties":{"id":"1169194391","nom":"Avenida Carrera 14","tipo":"primary"},"geometry":{"type":"LineString","coordinates":[[-74.10686,4.57901],[-74.10676,4.57906]]}},{"type":"Feature","properties":{"id":"1169333365","nom":"Avenida Carrera 24","tipo":"secondary"},"geometry":{"type":"LineString","coordinates":[[-74.09651,4.59424],[-74.0965,4.59427],[-74.09626,4.59506],[-74.09609,4.59561],[-74.09602,4.59585],[-74.09601,4.59589]]}},{"type":"Feature","properties":{"id":"1169333366","nom":"Calle 1F","tipo":"tertiary"},"geometry":{"type":"LineString","coordinates":[[-74.09601,4.59589],[-74.09605,4.5959],[-74.0962,4.59595],[-74.09642,4.59602],[-74.09682,4.59615]]}},{"type":"Feature","properties":{"id":"1169333367","nom":"Calle 1F","tipo":"tertiary"},"geometry":{"type":"LineString","coordinates":[[-74.10027,4.59827],[-74.10025,4.59826],[-74.10007,4.59812],[-74.09984,4.59793],[-74.09975,4.59787],[-74.0992,4.59743],[-74.09916,4.5974]]}},{"type":"Feature","properties":{"id":"1169333368","nom":"Carrera 26","tipo":"tertiary"},"geometry":{"type":"LineString","coordinates":[[-74.09916,4.5974],[-74.09898,4.59764],[-74.0989,4.59774],[-74.09886,4.59779],[-74.09857,4.59817],[-74.09834,4.59846],[-74.09831,4.5985],[-74.09804,4.59883],[-74.09798,4.5989]]}},{"type":"Feature","properties":{"id":"1169333369","nom":"Avenida Calle 1","tipo":"secondary"},"geometry":{"type":"LineString","coordinates":[[-74.10294,4.59448],[-74.10279,4.5946],[-74.10266,4.5947],[-74.10262,4.59474],[-74.10256,4.59477],[-74.10251,4.5948],[-74.10245,4.59482],[-74.10239,4.59483],[-74.1023,4.59484],[-74.10222,4.59485],[-74.10143,4.59488],[-74.10072,4.59491],[-74.10053,4.59492],[-74.10049,4.59492]]}},{"type":"Feature","properties":{"id":"1174580776","nom":"Calle 22A Sur","tipo":"residential"},"geometry":{"type":"LineString","coordinates":[[-74.09509,4.57506],[-74.09504,4.57502],[-74.09501,4.575],[-74.09475,4.57475],[-74.09416,4.5742],[-74.09367,4.57369],[-74.09363,4.57366]]}},{"type":"Feature","properties":{"id":"1174583432","nom":"","tipo":"secondary"},"geometry":{"type":"LineString","coordinates":[[-74.10299,4.59499],[-74.10305,4.59506]]}},{"type":"Feature","properties":{"id":"1175330169","nom":"Calle 19 Sur","tipo":"tertiary"},"geometry":{"type":"LineString","coordinates":[[-74.10255,4.58473],[-74.10251,4.58468],[-74.10241,4.58458]]}},{"type":"Feature","properties":{"id":"1175330170","nom":"Avenida Calle 22 Sur","tipo":"primary"},"geometry":{"type":"LineString","coordinates":[[-74.10553,4.58479],[-74.10539,4.58461],[-74.10535,4.58457],[-74.10528,4.58449]]}},{"type":"Feature","properties":{"id":"1176374811","nom":"Carrera 18","tipo":"secondary"},"geometry":{"type":"LineString","coordinates":[[-74.10202,4.58416],[-74.10158,4.58457],[-74.10136,4.58477],[-74.10133,4.5848]]}},{"type":"Feature","properties":{"id":"1176374812","nom":"Calle 19 Sur","tipo":"secondary"},"geometry":{"type":"LineString","coordinates":[[-74.10241,4.58458],[-74.10205,4.58419],[-74.10202,4.58416]]}},{"type":"Feature","properties":{"id":"1176614921","nom":"Avenida Calle 22 Sur","tipo":"primary"},"geometry":{"type":"LineString","coordinates":[[-74.10508,4.58449],[-74.10515,4.58458],[-74.10542,4.58492],[-74.10563,4.58518]]}},{"type":"Feature","properties":{"id":"1176614922","nom":"Avenida Carrera 24","tipo":"secondary"},"geometry":{"type":"LineString","coordinates":[[-74.10528,4.58449],[-74.10508,4.58449]]}},{"type":"Feature","properties":{"id":"1176618278","nom":"","tipo":"secondary"},"geometry":{"type":"LineString","coordinates":[[-74.10396,4.59463],[-74.10394,4.59454],[-74.1039,4.59445],[-74.10383,4.59435],[-74.10374,4.59426],[-74.10364,4.5942],[-74.10352,4.59417],[-74.1034,4.59416]]}},{"type":"Feature","properties":{"id":"1178423745","nom":"Transversal 20","tipo":"tertiary"},"geometry":{"type":"LineString","coordinates":[[-74.09203,4.59742],[-74.09192,4.59752]]}},{"type":"Feature","properties":{"id":"1178423746","nom":"Avenida Calle 3","tipo":"tertiary"},"geometry":{"type":"LineString","coordinates":[[-74.0921,4.59747],[-74.09203,4.59742]]}},{"type":"Feature","properties":{"id":"1178598578","nom":"Avenida Calle 11 Sur","tipo":"secondary"},"geometry":{"type":"LineString","coordinates":[[-74.09005,4.58216],[-74.08998,4.58213],[-74.08995,4.58212],[-74.08988,4.58209],[-74.08985,4.58208],[-74.08982,4.58207]]}},{"type":"Feature","properties":{"id":"1180752742","nom":"Calle 27 Sur","tipo":"secondary"},"geometry":{"type":"LineString","coordinates":[[-74.10788,4.58103],[-74.10802,4.5813],[-74.10816,4.58157],[-74.10837,4.58197],[-74.1084,4.58203],[-74.10842,4.58208]]}},{"type":"Feature","properties":{"id":"1180752743","nom":"Carrera 19C","tipo":"tertiary"},"geometry":{"type":"LineString","coordinates":[[-74.10788,4.58103],[-74.10794,4.581],[-74.10883,4.5805],[-74.10887,4.58048]]}},{"type":"Feature","properties":{"id":"1182585705","nom":"Carrera 12D","tipo":"tertiary"},"geometry":{"type":"LineString","coordinates":[[-74.09976,4.57934],[-74.09967,4.57947]]}},{"type":"Feature","properties":{"id":"1182585962","nom":"Carrera 11","tipo":"residential"},"geometry":{"type":"LineString","coordinates":[[-74.09587,4.57801],[-74.09645,4.57734],[-74.09649,4.57731]]}},{"type":"Feature","properties":{"id":"1184363673","nom":"Avenida Carrera 10","tipo":"primary"},"geometry":{"type":"LineString","coordinates":[[-74.09261,4.57824],[-74.09253,4.57836]]}},{"type":"Feature","properties":{"id":"1189740466","nom":"Calle 6 Sur","tipo":"residential"},"geometry":{"type":"LineString","coordinates":[[-74.09753,4.59214],[-74.0975,4.59211],[-74.09745,4.59206],[-74.09738,4.592],[-74.09636,4.59115],[-74.09618,4.591]]}},{"type":"Feature","properties":{"id":"1189740467","nom":"Carrera 19","tipo":"tertiary"},"geometry":{"type":"LineString","coordinates":[[-74.09618,4.591],[-74.09647,4.59059],[-74.09678,4.59016],[-74.09698,4.58987],[-74.09727,4.58943],[-74.09757,4.58906],[-74.09759,4.58902]]}},{"type":"Feature","properties":{"id":"1189740468","nom":"Carrera 19D","tipo":"tertiary"},"geometry":{"type":"LineString","coordinates":[[-74.09431,4.59361],[-74.09434,4.59351]]}},{"type":"Feature","properties":{"id":"1189740469","nom":"Avenida Calle 1","tipo":"secondary"},"geometry":{"type":"LineString","coordinates":[[-74.09431,4.59361],[-74.0944,4.59364],[-74.09516,4.59384],[-74.09554,4.59394]]}},{"type":"Feature","properties":{"id":"1189857752","nom":"Avenida Calle 1","tipo":"secondary"},"geometry":{"type":"LineString","coordinates":[[-74.096,4.59396],[-74.09584,4.59391],[-74.09466,4.5936],[-74.09446,4.59354],[-74.09443,4.59353],[-74.09434,4.59351]]}},{"type":"Feature","properties":{"id":"1193170403","nom":"Calle 18 Sur","tipo":"residential"},"geometry":{"type":"LineString","coordinates":[[-74.10234,4.58588],[-74.1019,4.58542],[-74.10186,4.58537],[-74.10183,4.58534],[-74.10145,4.58494]]}},{"type":"Feature","properties":{"id":"1193170404","nom":"Transversal 31","tipo":"trunk"},"geometry":{"type":"LineString","coordinates":[[-74.11194,4.59661],[-74.11176,4.59669],[-74.11147,4.59683],[-74.1113,4.59692],[-74.11102,4.59705]]}},{"type":"Feature","properties":{"id":"1195023708","nom":"Calle 19B Sur","tipo":"residential"},"geometry":{"type":"LineString","coordinates":[[-74.10422,4.58521],[-74.10418,4.58516],[-74.10416,4.58513]]}},{"type":"Feature","properties":{"id":"1197228857","nom":"Avenida Carrera 30","tipo":"trunk"},"geometry":{"type":"LineString","coordinates":[[-74.1055,4.59971],[-74.10556,4.59967],[-74.10595,4.59938],[-74.10609,4.59928],[-74.1067,4.59885],[-74.10683,4.59876]]}},{"type":"Feature","properties":{"id":"1197228858","nom":"Calle 1B","tipo":"tertiary"},"geometry":{"type":"LineString","coordinates":[[-74.10332,4.59805],[-74.10392,4.59852],[-74.10397,4.59856],[-74.10429,4.59881],[-74.10462,4.59907],[-74.10509,4.59944],[-74.10516,4.59949],[-74.10524,4.59954]]}},{"type":"Feature","properties":{"id":"1197228859","nom":"Carrera 25","tipo":"tertiary"},"geometry":{"type":"LineString","coordinates":[[-74.09558,4.59981],[-74.09561,4.59976],[-74.09567,4.59967],[-74.09604,4.59913],[-74.09652,4.59848],[-74.0968,4.59808],[-74.09684,4.59803]]}},{"type":"Feature","properties":{"id":"1197228863","nom":"Avenida Calle 3","tipo":"tertiary"},"geometry":{"type":"LineString","coordinates":[[-74.09506,4.59952],[-74.09555,4.59987],[-74.09596,4.60016]]}},{"type":"Feature","properties":{"id":"1197229775","nom":"Carrera 29","tipo":"residential"},"geometry":{"type":"LineString","coordinates":[[-74.10332,4.59805],[-74.10327,4.59811],[-74.10302,4.59844],[-74.10269,4.59886],[-74.10237,4.59925],[-74.10207,4.59962],[-74.10204,4.59966]]}},{"type":"Feature","properties":{"id":"1197229776","nom":"Calle 1F","tipo":"tertiary"},"geometry":{"type":"LineString","coordinates":[[-74.10269,4.60016],[-74.10247,4.6],[-74.10213,4.59973],[-74.10204,4.59966]]}},{"type":"Feature","properties":{"id":"1197456767","nom":"Carrera 12D","tipo":"tertiary"},"geometry":{"type":"LineString","coordinates":[[-74.09945,4.58005],[-74.09981,4.57965],[-74.09986,4.5796]]}},{"type":"Feature","properties":{"id":"1197456768","nom":"Calle 20 Sur","tipo":"residential"},"geometry":{"type":"LineString","coordinates":[[-74.09928,4.57993],[-74.09922,4.57989],[-74.0988,4.5796],[-74.09859,4.57946],[-74.09835,4.57929],[-74.09814,4.57913],[-74.09792,4.57896],[-74.09775,4.57882],[-74.09767,4.57876],[-74.0975,4.57862],[-74.09707,4.57828]]}},{"type":"Feature","properties":{"id":"1197456769","nom":"Calle 20 Sur","tipo":"residential"},"geometry":{"type":"LineString","coordinates":[[-74.09945,4.58005],[-74.09934,4.57997],[-74.09928,4.57993]]}},{"type":"Feature","properties":{"id":"1199595953","nom":"Carrera 19","tipo":"residential"},"geometry":{"type":"LineString","coordinates":[[-74.10007,4.58704],[-74.10039,4.58675],[-74.10048,4.58667]]}},{"type":"Feature","properties":{"id":"1199595954","nom":"Calle 15 Sur","tipo":"residential"},"geometry":{"type":"LineString","coordinates":[[-74.10106,4.58807],[-74.10103,4.58805],[-74.10089,4.5879],[-74.10082,4.58784],[-74.10055,4.58755],[-74.10031,4.58729],[-74.10007,4.58704]]}},{"type":"Feature","properties":{"id":"1199595955","nom":"Calle 15 Sur","tipo":"residential"},"geometry":{"type":"LineString","coordinates":[[-74.10204,4.58907],[-74.10155,4.58857],[-74.10126,4.58827],[-74.10109,4.58811],[-74.10106,4.58807]]}},{"type":"Feature","properties":{"id":"1199595956","nom":"Avenida Carrera 24","tipo":"secondary"},"geometry":{"type":"LineString","coordinates":[[-74.10106,4.58807],[-74.10122,4.58792],[-74.10142,4.58773],[-74.10145,4.5877]]}},{"type":"Feature","properties":{"id":"1199597172","nom":"Calle 28 Sur","tipo":"tertiary"},"geometry":{"type":"LineString","coordinates":[[-74.1085,4.57982],[-74.10834,4.57953],[-74.1082,4.57929],[-74.10805,4.57883],[-74.10803,4.57878]]}},{"type":"Feature","properties":{"id":"1199632467","nom":"Calle 15 Sur","tipo":"residential"},"geometry":{"type":"LineString","coordinates":[[-74.09968,4.58662],[-74.09956,4.5865]]}},{"type":"Feature","properties":{"id":"1199632468","nom":"Calle 15 Sur","tipo":"residential"},"geometry":{"type":"LineString","coordinates":[[-74.10007,4.58704],[-74.09979,4.58674],[-74.09973,4.58668],[-74.09968,4.58662]]}},{"type":"Feature","properties":{"id":"1199954115","nom":"Avenida Carrera 27","tipo":"secondary"},"geometry":{"type":"LineString","coordinates":[[-74.1016,4.59669],[-74.10174,4.59651],[-74.1019,4.5963],[-74.1022,4.59591],[-74.10265,4.59534],[-74.10276,4.59517],[-74.10278,4.59513]]}},{"type":"Feature","properties":{"id":"1199954116","nom":"Avenida Calle 1","tipo":"secondary"},"geometry":{"type":"LineString","coordinates":[[-74.09896,4.59499],[-74.0991,4.59502],[-74.09921,4.59504],[-74.0993,4.59505],[-74.09941,4.59506],[-74.09953,4.59506]]}},{"type":"Feature","properties":{"id":"1213094446","nom":"Calle 10B Sur","tipo":"secondary"},"geometry":{"type":"LineString","coordinates":[[-74.09983,4.58926],[-74.09953,4.58925]]}},{"type":"Feature","properties":{"id":"1215129069","nom":"Carrera 25A","tipo":"residential"},"geometry":{"type":"LineString","coordinates":[[-74.09734,4.5984],[-74.09737,4.59836],[-74.09766,4.598],[-74.09793,4.59766],[-74.09796,4.59762],[-74.09823,4.59728],[-74.0985,4.59694],[-74.09853,4.5969]]}},{"type":"Feature","properties":{"id":"1224666617","nom":"Diagonal 16 Sur","tipo":"residential"},"geometry":{"type":"LineString","coordinates":[[-74.11369,4.59929],[-74.11326,4.59909],[-74.11286,4.5989],[-74.11267,4.59881],[-74.11248,4.59872],[-74.11208,4.59853],[-74.11168,4.59834],[-74.11112,4.59808],[-74.11056,4.59782]]}},{"type":"Feature","properties":{"id":"1224666618","nom":"Carrera 36","tipo":"residential"},"geometry":{"type":"LineString","coordinates":[[-74.11519,4.59737],[-74.11516,4.5974],[-74.11502,4.59756],[-74.11497,4.59761],[-74.11494,4.59766]]}},{"type":"Feature","properties":{"id":"1240479054","nom":"Calle 13 Sur","tipo":"residential"},"geometry":{"type":"LineString","coordinates":[[-74.08831,4.57865],[-74.08877,4.57925],[-74.08917,4.57976],[-74.08919,4.57979],[-74.08922,4.57982]]}},{"type":"Feature","properties":{"id":"1245277901","nom":"Calle 17A Sur","tipo":"tertiary"},"geometry":{"type":"LineString","coordinates":[[-74.08917,4.57526],[-74.08951,4.57535],[-74.08957,4.57536]]}},{"type":"Feature","properties":{"id":"1248153457","nom":"Transversal 31","tipo":"trunk"},"geometry":{"type":"LineString","coordinates":[[-74.11308,4.59646],[-74.11332,4.59637],[-74.11336,4.59635]]}},{"type":"Feature","properties":{"id":"1248153458","nom":"Transversal 31","tipo":"trunk"},"geometry":{"type":"LineString","coordinates":[[-74.10728,4.59856],[-74.1074,4.59853],[-74.1075,4.59851],[-74.10763,4.59849],[-74.10779,4.59848],[-74.10831,4.59847],[-74.10839,4.59847],[-74.10848,4.59846],[-74.10855,4.59846],[-74.10869,4.59843]]}},{"type":"Feature","properties":{"id":"1255290239","nom":"Transversal 31","tipo":"trunk"},"geometry":{"type":"LineString","coordinates":[[-74.11102,4.59705],[-74.11059,4.59727]]}},{"type":"Feature","properties":{"id":"1256390172","nom":"Transversal 31","tipo":"trunk"},"geometry":{"type":"LineString","coordinates":[[-74.11331,4.59606],[-74.11319,4.5961],[-74.11298,4.59618]]}},{"type":"Feature","properties":{"id":"1256390174","nom":"Avenida Carrera 30","tipo":"secondary"},"geometry":{"type":"LineString","coordinates":[[-74.10787,4.59827],[-74.10791,4.59823],[-74.10795,4.59817]]}},{"type":"Feature","properties":{"id":"1299531747","nom":"Carrera 28","tipo":"residential"},"geometry":{"type":"LineString","coordinates":[[-74.10373,4.59621],[-74.10358,4.59639]]}},{"type":"Feature","properties":{"id":"1299531748","nom":"Carrera 29B","tipo":"residential"},"geometry":{"type":"LineString","coordinates":[[-74.10523,4.59692],[-74.10487,4.59739]]}},{"type":"Feature","properties":{"id":"1299531752","nom":"Carrera 26A","tipo":"residential"},"geometry":{"type":"LineString","coordinates":[[-74.10174,4.59552],[-74.10215,4.59501],[-74.1022,4.59496]]}},{"type":"Feature","properties":{"id":"1299534301","nom":"Avenida Calle 1","tipo":"secondary"},"geometry":{"type":"LineString","coordinates":[[-74.1003,4.59493],[-74.09987,4.59494],[-74.09963,4.59495],[-74.09952,4.59495],[-74.09941,4.59495],[-74.0993,4.59494],[-74.0992,4.59493],[-74.09913,4.59492]]}},{"type":"Feature","properties":{"id":"1299985721","nom":"Calle 11 Sur","tipo":"tertiary"},"geometry":{"type":"LineString","coordinates":[[-74.10096,4.59213],[-74.10094,4.5921],[-74.10032,4.59126],[-74.09989,4.59066],[-74.09949,4.59009]]}},{"type":"Feature","properties":{"id":"1300274750","nom":"Carrera 17","tipo":"residential"},"geometry":{"type":"LineString","coordinates":[[-74.10739,4.58009],[-74.10745,4.58006],[-74.10827,4.57959],[-74.10829,4.57958],[-74.10832,4.57955],[-74.10834,4.57953]]}},{"type":"Feature","properties":{"id":"1300274754","nom":"Carrera 18C","tipo":"residential"},"geometry":{"type":"LineString","coordinates":[[-74.10594,4.58055],[-74.10652,4.58023],[-74.1072,4.57985],[-74.10725,4.57982],[-74.10731,4.57979],[-74.10818,4.5793],[-74.1082,4.57929]]}},{"type":"Feature","properties":{"id":"1300274755","nom":"Calle 28 Sur","tipo":"tertiary"},"geometry":{"type":"LineString","coordinates":[[-74.1092,4.58108],[-74.10916,4.58101],[-74.10902,4.58075],[-74.10887,4.58048],[-74.10869,4.58016],[-74.10862,4.58004],[-74.1085,4.57982]]}},{"type":"Feature","properties":{"id":"1300280998","nom":"Calle 28 Sur","tipo":"residential"},"geometry":{"type":"LineString","coordinates":[[-74.11165,4.58619],[-74.1116,4.58556]]}},{"type":"Feature","properties":{"id":"1300280999","nom":"Carrera 27","tipo":"tertiary"},"geometry":{"type":"LineString","coordinates":[[-74.11039,4.58762],[-74.10975,4.58836],[-74.10942,4.58875],[-74.1092,4.58901]]}},{"type":"Feature","properties":{"id":"1300281000","nom":"Carrera 26A","tipo":"tertiary"},"geometry":{"type":"LineString","coordinates":[[-74.11386,4.58585],[-74.11345,4.58603]]}},{"type":"Feature","properties":{"id":"1300281006","nom":"Calle 19 Sur","tipo":"secondary"},"geometry":{"type":"LineString","coordinates":[[-74.10052,4.58247],[-74.1005,4.58242],[-74.10047,4.58233],[-74.10044,4.58227]]}},{"type":"Feature","properties":{"id":"1300283773","nom":"Calle 28 Sur","tipo":"tertiary"},"geometry":{"type":"LineString","coordinates":[[-74.1116,4.58556],[-74.11158,4.58534]]}},{"type":"Feature","properties":{"id":"1300283774","nom":"Calle 28 Sur","tipo":"residential"},"geometry":{"type":"LineString","coordinates":[[-74.11165,4.58619],[-74.11173,4.58701]]}},{"type":"Feature","properties":{"id":"1300283775","nom":"Carrera 26B","tipo":"residential"},"geometry":{"type":"LineString","coordinates":[[-74.11093,4.58701],[-74.11169,4.58701],[-74.11173,4.58701]]}},{"type":"Feature","properties":{"id":"1305450783","nom":"Avenida Carrera 14","tipo":"primary"},"geometry":{"type":"LineString","coordinates":[[-74.09796,4.584],[-74.09841,4.58372],[-74.09864,4.58357],[-74.09867,4.58355],[-74.09875,4.5835]]}},{"type":"Feature","properties":{"id":"1305450784","nom":"Avenida Carrera 14","tipo":"tertiary"},"geometry":{"type":"LineString","coordinates":[[-74.09532,4.58532],[-74.0957,4.58512]]}},{"type":"Feature","properties":{"id":"1305450785","nom":"Avenida Carrera 14","tipo":"tertiary"},"geometry":{"type":"LineString","coordinates":[[-74.0957,4.58512],[-74.09588,4.58503]]}},{"type":"Feature","properties":{"id":"1323007420","nom":"Avenida Calle 26 Sur","tipo":"primary"},"geometry":{"type":"LineString","coordinates":[[-74.11482,4.59778],[-74.11493,4.59788]]}},{"type":"Feature","properties":{"id":"1323223678","nom":"Carrera 32","tipo":"residential"},"geometry":{"type":"LineString","coordinates":[[-74.1085,4.59965],[-74.10848,4.59968],[-74.10841,4.59975]]}},{"type":"Feature","properties":{"id":"1326404751","nom":"Transversal 35 Bis","tipo":"residential"},"geometry":{"type":"LineString","coordinates":[[-74.11464,4.59667],[-74.11465,4.59658],[-74.11469,4.59654],[-74.11473,4.59651],[-74.11494,4.59645],[-74.11536,4.59632],[-74.1154,4.59631]]}},{"type":"Feature","properties":{"id":"1331762916","nom":"Calle 30 Sur","tipo":"secondary"},"geometry":{"type":"LineString","coordinates":[[-74.10989,4.57822],[-74.10987,4.57818],[-74.10982,4.57809],[-74.10979,4.57803]]}},{"type":"Feature","properties":{"id":"1348723598","nom":"Diagonal 2","tipo":"residential"},"geometry":{"type":"LineString","coordinates":[[-74.08647,4.59367],[-74.08639,4.59328],[-74.08638,4.59322]]}},{"type":"Feature","properties":{"id":"1348724485","nom":"Calle 2 Bis","tipo":"residential"},"geometry":{"type":"LineString","coordinates":[[-74.08736,4.59454],[-74.08811,4.59483]]}},{"type":"Feature","properties":{"id":"1362780809","nom":"Carrera 18","tipo":"tertiary"},"geometry":{"type":"LineString","coordinates":[[-74.08955,4.59559],[-74.08963,4.59546],[-74.08968,4.5954],[-74.08975,4.59534]]}},{"type":"Feature","properties":{"id":"1362780810","nom":"Carrera 18","tipo":"tertiary"},"geometry":{"type":"LineString","coordinates":[[-74.08975,4.59534],[-74.08989,4.5952]]}},{"type":"Feature","properties":{"id":"1372100473","nom":"Carrera 19A","tipo":"residential"},"geometry":{"type":"LineString","coordinates":[[-74.09141,4.59827],[-74.09126,4.59875],[-74.09124,4.59884],[-74.09123,4.59894]]}},{"type":"Feature","properties":{"id":"1373731666","nom":"Carrera 10A","tipo":"residential"},"geometry":{"type":"LineString","coordinates":[[-74.09631,4.57517],[-74.09662,4.57484],[-74.097,4.57443],[-74.09763,4.57373]]}},{"type":"Feature","properties":{"id":"1382195213","nom":"Calle 4 Sur","tipo":"residential"},"geometry":{"type":"LineString","coordinates":[[-74.09557,4.59181],[-74.09685,4.59287],[-74.09688,4.5929]]}},{"type":"Feature","properties":{"id":"1382195214","nom":"Carrera 19","tipo":"tertiary"},"geometry":{"type":"LineString","coordinates":[[-74.09557,4.59181],[-74.09585,4.59144],[-74.09618,4.591]]}},{"type":"Feature","properties":{"id":"1384771238","nom":"","tipo":"residential"},"geometry":{"type":"LineString","coordinates":[[-74.08828,4.57707],[-74.08825,4.57703],[-74.08781,4.57664],[-74.08773,4.57662],[-74.0876,4.5766],[-74.0875,4.57655],[-74.08725,4.57635]]}},{"type":"Feature","properties":{"id":"1387050287","nom":"Carrera 25","tipo":"residential"},"geometry":{"type":"LineString","coordinates":[[-74.10096,4.59213],[-74.10093,4.59217],[-74.10052,4.59264]]}},{"type":"Feature","properties":{"id":"1387050288","nom":"Carrera 25","tipo":"residential"},"geometry":{"type":"LineString","coordinates":[[-74.09913,4.59492],[-74.09914,4.59495],[-74.09917,4.59499],[-74.09921,4.59504]]}},{"type":"Feature","properties":{"id":"1387050290","nom":"Avenida Calle 1","tipo":"secondary"},"geometry":{"type":"LineString","coordinates":[[-74.09953,4.59506],[-74.09997,4.59504],[-74.10038,4.59503],[-74.1004,4.59503],[-74.10043,4.59502],[-74.10049,4.59502]]}},{"type":"Feature","properties":{"id":"1387345664","nom":"Carrera 18A","tipo":"residential"},"geometry":{"type":"LineString","coordinates":[[-74.09453,4.59218],[-74.09475,4.5919],[-74.09483,4.5918],[-74.09513,4.59144],[-74.09541,4.59108]]}},{"type":"Feature","properties":{"id":"1387345665","nom":"Carrera 25A","tipo":"residential"},"geometry":{"type":"LineString","coordinates":[[-74.09982,4.59529],[-74.09994,4.5951],[-74.09997,4.59504]]}},{"type":"Feature","properties":{"id":"1387345666","nom":"Carrera 25A","tipo":"residential"},"geometry":{"type":"LineString","coordinates":[[-74.09853,4.5969],[-74.09856,4.59687],[-74.09887,4.59648],[-74.09919,4.59608],[-74.09951,4.59568]]}},{"type":"Feature","properties":{"id":"1387345669","nom":"Carrera 19A Bis","tipo":"residential"},"geometry":{"type":"LineString","coordinates":[[-74.09323,4.59386],[-74.09292,4.59494]]}},{"type":"Feature","properties":{"id":"1387345670","nom":"Calle 1F","tipo":"tertiary"},"geometry":{"type":"LineString","coordinates":[[-74.09916,4.5974],[-74.09913,4.59738],[-74.09909,4.59734],[-74.09861,4.59696],[-74.09858,4.59694],[-74.09853,4.5969]]}},{"type":"Feature","properties":{"id":"1387348398","nom":"Calle 3 Sur","tipo":"residential"},"geometry":{"type":"LineString","coordinates":[[-74.095,4.59257],[-74.09498,4.59256],[-74.09497,4.59255],[-74.09453,4.59218]]}},{"type":"Feature","properties":{"id":"1390587786","nom":"Avenida Calle 1","tipo":"secondary"},"geometry":{"type":"LineString","coordinates":[[-74.10049,4.59492],[-74.10043,4.59492],[-74.1003,4.59493]]}},{"type":"Feature","properties":{"id":"1390587787","nom":"Calle 1A Bis","tipo":"tertiary"},"geometry":{"type":"LineString","coordinates":[[-74.10049,4.59502],[-74.10049,4.59508],[-74.1005,4.59513],[-74.10051,4.59517],[-74.10053,4.59521],[-74.10057,4.59524],[-74.10061,4.59527],[-74.10071,4.59536],[-74.10074,4.59538]]}},{"type":"Feature","properties":{"id":"1390587788","nom":"Avenida Calle 1","tipo":"secondary"},"geometry":{"type":"LineString","coordinates":[[-74.10063,4.59502],[-74.10078,4.59501],[-74.10081,4.59501],[-74.10104,4.595],[-74.10107,4.595],[-74.10166,4.59498],[-74.1022,4.59496],[-74.10252,4.59495],[-74.10264,4.59495],[-74.10275,4.59495],[-74.10281,4.59496],[-74.10288,4.59497],[-74.10299,4.59499]]}},{"type":"Feature","properties":{"id":"1391287862","nom":"Carrera 22","tipo":"residential"},"geometry":{"type":"LineString","coordinates":[[-74.10922,4.58273],[-74.10896,4.58289],[-74.1089,4.58293]]}},{"type":"Feature","properties":{"id":"1391287864","nom":"Carrera 22","tipo":"residential"},"geometry":{"type":"LineString","coordinates":[[-74.10939,4.58263],[-74.10922,4.58273]]}},{"type":"Feature","properties":{"id":"1391287865","nom":"Calle 27A Sur","tipo":"residential"},"geometry":{"type":"LineString","coordinates":[[-74.10939,4.58263],[-74.10911,4.58213]]}},{"type":"Feature","properties":{"id":"1394052916","nom":"Carrera 18","tipo":"residential"},"geometry":{"type":"LineString","coordinates":[[-74.09061,4.59277],[-74.09042,4.59332]]}},{"type":"Feature","properties":{"id":"1394466816","nom":"Carrera 21","tipo":"residential"},"geometry":{"type":"LineString","coordinates":[[-74.09441,4.59568],[-74.09447,4.59568],[-74.09449,4.59569],[-74.0945,4.59569],[-74.09451,4.5957],[-74.09453,4.59572],[-74.09453,4.59575],[-74.09453,4.59583]]}},{"type":"Feature","properties":{"id":"1394466817","nom":"Carrera 21","tipo":"residential"},"geometry":{"type":"LineString","coordinates":[[-74.09453,4.59583],[-74.09457,4.59572],[-74.09462,4.59558],[-74.09465,4.59549],[-74.09466,4.59546]]}},{"type":"Feature","properties":{"id":"1396577257","nom":"Carrera 28","tipo":"residential"},"geometry":{"type":"LineString","coordinates":[[-74.10299,4.59714],[-74.10271,4.5975],[-74.10268,4.59754]]}},{"type":"Feature","properties":{"id":"1411213282","nom":"Carrera 18","tipo":"tertiary"},"geometry":{"type":"LineString","coordinates":[[-74.1085,4.57982],[-74.10847,4.57983],[-74.10759,4.58034],[-74.10753,4.58037]]}},{"type":"Feature","properties":{"id":"1411213283","nom":"Calle 28 Sur","tipo":"secondary"},"geometry":{"type":"LineString","coordinates":[[-74.1109,4.58423],[-74.11083,4.58411],[-74.1108,4.58405],[-74.1107,4.58388],[-74.11057,4.58363],[-74.11042,4.58335]]}},{"type":"Feature","properties":{"id":"1416568395","nom":"","tipo":"tertiary_link"},"geometry":{"type":"LineString","coordinates":[[-74.09545,4.59462],[-74.09549,4.59461],[-74.09552,4.59461],[-74.09557,4.59463],[-74.0956,4.59466],[-74.09562,4.5947]]}},{"type":"Feature","properties":{"id":"1416650536","nom":"Calle 26B Sur","tipo":"residential"},"geometry":{"type":"LineString","coordinates":[[-74.11005,4.58554],[-74.1096,4.58499]]}},{"type":"Feature","properties":{"id":"1430783180","nom":"Avenida Calle 26 Sur","tipo":"primary"},"geometry":{"type":"LineString","coordinates":[[-74.11345,4.59632],[-74.11353,4.59645],[-74.11362,4.5966],[-74.11367,4.59667],[-74.11371,4.59673],[-74.11381,4.59686],[-74.11388,4.59694],[-74.11394,4.597]]}},{"type":"Feature","properties":{"id":"1443998710","nom":"Calle 4A Bis","tipo":"residential"},"geometry":{"type":"LineString","coordinates":[[-74.09291,4.59887],[-74.0938,4.5993],[-74.09429,4.59952],[-74.09477,4.59979],[-74.09481,4.59981]]}},{"type":"Feature","properties":{"id":"1443998711","nom":"Calle 4A Bis","tipo":"residential"},"geometry":{"type":"LineString","coordinates":[[-74.0921,4.59851],[-74.09291,4.59887]]}},{"type":"Feature","properties":{"id":"1465196413","nom":"Carrera 19 Bis","tipo":"residential"},"geometry":{"type":"LineString","coordinates":[[-74.09215,4.5947],[-74.09221,4.5948],[-74.09226,4.59489],[-74.09227,4.59493],[-74.09227,4.59496]]}},{"type":"Feature","properties":{"id":"1467054384","nom":"Calle 4 Sur","tipo":"residential"},"geometry":{"type":"LineString","coordinates":[[-74.09513,4.59144],[-74.09557,4.59181]]}},{"type":"Feature","properties":{"id":"1471836780","nom":"Carrera 13K","tipo":"residential"},"geometry":{"type":"LineString","coordinates":[[-74.11545,4.57563],[-74.11493,4.57567],[-74.11478,4.57569]]}},{"type":"Feature","properties":{"id":"1473924311","nom":"Carrera 24C","tipo":"residential"},"geometry":{"type":"LineString","coordinates":[[-74.09793,4.59457],[-74.09795,4.59451],[-74.09811,4.5939],[-74.09812,4.59387]]}},{"type":"Feature","properties":{"id":"1476299212","nom":"Avenida Calle 26 Sur","tipo":"primary"},"geometry":{"type":"LineString","coordinates":[[-74.11327,4.59599],[-74.11331,4.59606]]}},{"type":"Feature","properties":{"id":"1476299213","nom":"Avenida Calle 26 Sur","tipo":"primary"},"geometry":{"type":"LineString","coordinates":[[-74.11331,4.59606],[-74.11336,4.59615],[-74.11341,4.59625],[-74.11345,4.59632]]}},{"type":"Feature","properties":{"id":"1476733202","nom":"Carrera 24B","tipo":"residential"},"geometry":{"type":"LineString","coordinates":[[-74.09708,4.59531],[-74.0972,4.59492]]}},{"type":"Feature","properties":{"id":"1476756145","nom":"Avenida Calle 11 Sur","tipo":"secondary"},"geometry":{"type":"LineString","coordinates":[[-74.08763,4.58015],[-74.08808,4.58073],[-74.08813,4.58079],[-74.08814,4.5808]]}},{"type":"Feature","properties":{"id":"1476756146","nom":"Carrera 7B","tipo":"residential"},"geometry":{"type":"LineString","coordinates":[[-74.08763,4.58015],[-74.08765,4.58012],[-74.08768,4.58008]]}},{"type":"Feature","properties":{"id":"1476756147","nom":"Avenida Calle 11 Sur","tipo":"secondary"},"geometry":{"type":"LineString","coordinates":[[-74.0882,4.58074],[-74.08819,4.58073],[-74.08815,4.58068],[-74.08768,4.58008]]}},{"type":"Feature","properties":{"id":"1482577549","nom":"Avenida Calle 3","tipo":"tertiary"},"geometry":{"type":"LineString","coordinates":[[-74.08647,4.59494],[-74.08652,4.59495],[-74.08681,4.59507],[-74.08787,4.59547]]}},{"type":"Feature","properties":{"id":"1489645944","nom":"Calle 26 Sur","tipo":"residential"},"geometry":{"type":"LineString","coordinates":[[-74.11045,4.58882],[-74.11048,4.58881],[-74.11051,4.5888],[-74.11053,4.58879],[-74.11056,4.58877],[-74.11058,4.58876],[-74.11059,4.58873],[-74.11061,4.58871],[-74.11062,4.58869]]}},{"type":"Feature","properties":{"id":"1495358301","nom":"","tipo":"tertiary"},"geometry":{"type":"LineString","coordinates":[[-74.09539,4.59456],[-74.09545,4.59462]]}},{"type":"Feature","properties":{"id":"1495358302","nom":"Transversal 22","tipo":"tertiary"},"geometry":{"type":"LineString","coordinates":[[-74.09463,4.59545],[-74.09469,4.59539],[-74.09484,4.59522],[-74.09508,4.59495],[-74.09514,4.59489],[-74.09545,4.59462]]}},{"type":"Feature","properties":{"id":"1495358303","nom":"Carrera 21","tipo":"residential"},"geometry":{"type":"LineString","coordinates":[[-74.09469,4.59539],[-74.09466,4.59546]]}},{"type":"Feature","properties":{"id":"1495358304","nom":"Transversal 22","tipo":"tertiary"},"geometry":{"type":"LineString","coordinates":[[-74.09339,4.59657],[-74.09346,4.59652],[-74.09378,4.59627],[-74.09387,4.5962],[-74.09397,4.59612],[-74.09406,4.59603],[-74.09439,4.5957],[-74.09441,4.59568],[-74.0946,4.59548],[-74.09463,4.59545]]}},{"type":"Feature","properties":{"id":"1497552517","nom":"Calle 31 Sur","tipo":"residential"},"geometry":{"type":"LineString","coordinates":[[-74.11122,4.57885],[-74.11137,4.57918]]}},{"type":"Feature","properties":{"id":"1497552518","nom":"Calle 31 Sur","tipo":"residential"},"geometry":{"type":"LineString","coordinates":[[-74.11106,4.57852],[-74.11122,4.57885]]}},{"type":"Feature","properties":{"id":"1525301997","nom":"Avenida Carrera 27","tipo":"secondary"},"geometry":{"type":"LineString","coordinates":[[-74.11303,4.58875],[-74.11314,4.58875],[-74.1133,4.58873],[-74.11388,4.58867],[-74.11432,4.58863],[-74.11434,4.58863],[-74.11444,4.58862]]}},{"type":"Feature","properties":{"id":"1538970717","nom":"Calle 5A","tipo":"residential"},"geometry":{"type":"LineString","coordinates":[[-74.09089,4.59963],[-74.09069,4.59952],[-74.09061,4.59947],[-74.09052,4.5994],[-74.09022,4.59914],[-74.09018,4.59911]]}},{"type":"Feature","properties":{"id":"1539879844","nom":"Calle 27 Sur","tipo":"secondary"},"geometry":{"type":"LineString","coordinates":[[-74.10694,4.57923],[-74.10692,4.57917],[-74.1069,4.57913],[-74.10689,4.57908],[-74.10686,4.57901]]}},{"type":"Feature","properties":{"id":"1547827709","nom":"Calle 1C","tipo":"residential"},"geometry":{"type":"LineString","coordinates":[[-74.09883,4.59517],[-74.09886,4.59519],[-74.09951,4.59568]]}},{"type":"Feature","properties":{"id":"1548477103","nom":"Avenida Carrera 27","tipo":"secondary"},"geometry":{"type":"LineString","coordinates":[[-74.11045,4.58882],[-74.11048,4.58882],[-74.11059,4.58883]]}},{"type":"Feature","properties":{"id":"1548477104","nom":"Avenida Calle 22 Sur","tipo":"primary"},"geometry":{"type":"LineString","coordinates":[[-74.10528,4.58449],[-74.10523,4.58442],[-74.10505,4.58419]]}},{"type":"Feature","properties":{"id":"1548477105","nom":"Carrera 21","tipo":"residential"},"geometry":{"type":"LineString","coordinates":[[-74.10842,4.58208],[-74.10848,4.58204],[-74.10864,4.58194],[-74.10936,4.5815],[-74.10941,4.58148]]}},{"type":"Feature","properties":{"id":"1548731661","nom":"Calle 26 Sur","tipo":"residential"},"geometry":{"type":"LineString","coordinates":[[-74.11006,4.5871],[-74.10971,4.58656],[-74.1094,4.58607]]}},{"type":"Feature","properties":{"id":"1548731662","nom":"Carrera 26","tipo":"tertiary"},"geometry":{"type":"LineString","coordinates":[[-74.10857,4.58861],[-74.1086,4.58858],[-74.10936,4.58781],[-74.11006,4.5871]]}},{"type":"Feature","properties":{"id":"1549000375","nom":"","tipo":"secondary"},"geometry":{"type":"LineString","coordinates":[[-74.10296,4.59443],[-74.10294,4.59448]]}},{"type":"Feature","properties":{"id":"1549000376","nom":"Avenida Carrera 24","tipo":"secondary"},"geometry":{"type":"LineString","coordinates":[[-74.09895,4.58953],[-74.09895,4.58957],[-74.09907,4.59017],[-74.09907,4.59022],[-74.09906,4.59028],[-74.09905,4.59032]]}},{"type":"Feature","properties":{"id":"1549000377","nom":"Calle 1F","tipo":"residential"},"geometry":{"type":"LineString","coordinates":[[-74.09454,4.59541],[-74.09463,4.59545]]}},{"type":"Feature","properties":{"id":"1549000378","nom":"Transversal 22","tipo":"tertiary"},"geometry":{"type":"LineString","coordinates":[[-74.09454,4.59541],[-74.09433,4.59564],[-74.09389,4.59607],[-74.09384,4.59612],[-74.09376,4.59619],[-74.09357,4.59633],[-74.09342,4.59644],[-74.09327,4.59656],[-74.09316,4.59665]]}},{"type":"Feature","properties":{"id":"1549248128","nom":"Avenida Calle 22 Sur","tipo":"primary"},"geometry":{"type":"LineString","coordinates":[[-74.11248,4.59459],[-74.11255,4.59469],[-74.11277,4.5951]]}},{"type":"Feature","properties":{"id":"1549248129","nom":"Avenida Calle 22 Sur","tipo":"primary"},"geometry":{"type":"LineString","coordinates":[[-74.11277,4.5951],[-74.11286,4.59525]]}},{"type":"Feature","properties":{"id":"1549250970","nom":"Avenida Carrera 24","tipo":"secondary"},"geometry":{"type":"LineString","coordinates":[[-74.10213,4.58705],[-74.10282,4.5864]]}},{"type":"Feature","properties":{"id":"1549250971","nom":"Calle 18 Sur","tipo":"residential"},"geometry":{"type":"LineString","coordinates":[[-74.10282,4.5864],[-74.1028,4.58638],[-74.10256,4.58612],[-74.10234,4.58588]]}},{"type":"Feature","properties":{"id":"1549527507","nom":"Calle 2","tipo":"tertiary"},"geometry":{"type":"LineString","coordinates":[[-74.09316,4.59665],[-74.09307,4.59662],[-74.09296,4.59657]]}},{"type":"Feature","properties":{"id":"1549527508","nom":"Calle 1F","tipo":"residential"},"geometry":{"type":"LineString","coordinates":[[-74.09381,4.59519],[-74.09423,4.59531],[-74.09447,4.59538],[-74.09454,4.59541]]}},{"type":"Feature","properties":{"id":"1549527509","nom":"Carrera 19D","tipo":"tertiary"},"geometry":{"type":"LineString","coordinates":[[-74.09339,4.59657],[-74.09342,4.59644],[-74.09347,4.59631],[-74.09353,4.59614],[-74.09381,4.59519]]}},{"type":"Feature","properties":{"id":"1549527510","nom":"Calle 1F","tipo":"residential"},"geometry":{"type":"LineString","coordinates":[[-74.09337,4.59507],[-74.09381,4.59519]]}},{"type":"Feature","properties":{"id":"1549749468","nom":"Avenida Calle 22 Sur","tipo":"primary"},"geometry":{"type":"LineString","coordinates":[[-74.09513,4.57635],[-74.09533,4.5765],[-74.09546,4.57661],[-74.09557,4.57668]]}},{"type":"Feature","properties":{"id":"1549749469","nom":"Avenida Calle 22 Sur","tipo":"primary"},"geometry":{"type":"LineString","coordinates":[[-74.096,4.57697],[-74.09626,4.57715],[-74.09636,4.57722],[-74.0964,4.57725]]}},{"type":"Feature","properties":{"id":"1549750936","nom":"Avenida Carrera 14","tipo":"primary"},"geometry":{"type":"LineString","coordinates":[[-74.11072,4.57776],[-74.11063,4.57779],[-74.11054,4.57782],[-74.11051,4.57783],[-74.11043,4.57785],[-74.1099,4.578],[-74.10986,4.57801],[-74.10979,4.57803]]}},{"type":"Feature","properties":{"id":"1550507926","nom":"","tipo":"residential"},"geometry":{"type":"LineString","coordinates":[[-74.09144,4.59269],[-74.0914,4.59264],[-74.09136,4.59259],[-74.0912,4.59233],[-74.09117,4.5923],[-74.09113,4.59227],[-74.09106,4.59225],[-74.09103,4.59225],[-74.09094,4.59225]]}},{"type":"Feature","properties":{"id":"1552577464","nom":"Transversal 22","tipo":"secondary"},"geometry":{"type":"LineString","coordinates":[[-74.09627,4.59363],[-74.09607,4.59388],[-74.09603,4.59392],[-74.096,4.59396]]}},{"type":"Feature","properties":{"id":"1552577465","nom":"Avenida Calle 1","tipo":"secondary"},"geometry":{"type":"LineString","coordinates":[[-74.09434,4.59351],[-74.09365,4.59333]]}},{"type":"Feature","properties":{"id":"1552747777","nom":"Calle 2","tipo":"tertiary"},"geometry":{"type":"LineString","coordinates":[[-74.09636,4.59774],[-74.09595,4.5976],[-74.09557,4.59747],[-74.09554,4.59746]]}},{"type":"Feature","properties":{"id":"1552747778","nom":"Avenida Carrera 24","tipo":"secondary"},"geometry":{"type":"LineString","coordinates":[[-74.09601,4.59589],[-74.09577,4.59669],[-74.09555,4.59741],[-74.09554,4.59746]]}},{"type":"Feature","properties":{"id":"1552990491","nom":"Diagonal 21A Sur","tipo":"secondary"},"geometry":{"type":"LineString","coordinates":[[-74.10416,4.58513],[-74.10414,4.58458],[-74.10414,4.58452]]}},{"type":"Feature","properties":{"id":"1552990492","nom":"Transversal 21A","tipo":"secondary"},"geometry":{"type":"LineString","coordinates":[[-74.10414,4.58452],[-74.1041,4.58452],[-74.10379,4.58453],[-74.10341,4.58455]]}},{"type":"Feature","properties":{"id":"1553481059","nom":"Avenida Calle 22 Sur","tipo":"primary"},"geometry":{"type":"LineString","coordinates":[[-74.1121,4.59361],[-74.11188,4.59326],[-74.11182,4.59314]]}},{"type":"Feature","properties":{"id":"1553481060","nom":"Carrera 29D","tipo":"residential"},"geometry":{"type":"LineString","coordinates":[[-74.11366,4.59312],[-74.11441,4.59288]]}},{"type":"Feature","properties":{"id":"1553481061","nom":"Calle 28 Sur","tipo":"residential"},"geometry":{"type":"LineString","coordinates":[[-74.11366,4.59312],[-74.11377,4.59345],[-74.11379,4.5935]]}},{"type":"Feature","properties":{"id":"1553481062","nom":"Calle 28 Sur","tipo":"residential"},"geometry":{"type":"LineString","coordinates":[[-74.11379,4.5935],[-74.11382,4.59362]]}},{"type":"Feature","properties":{"id":"1553506107","nom":"Calle 4","tipo":"residential"},"geometry":{"type":"LineString","coordinates":[[-74.08434,4.59462],[-74.08473,4.59485],[-74.08508,4.59506]]}},{"type":"Feature","properties":{"id":"1553506108","nom":"Avenida Calle 1","tipo":"secondary"},"geometry":{"type":"LineString","coordinates":[[-74.08777,4.59116],[-74.08794,4.59128],[-74.08813,4.59139],[-74.08826,4.59147],[-74.08828,4.59149],[-74.08871,4.59176]]}},{"type":"Feature","properties":{"id":"1553506109","nom":"Carrera 17","tipo":"residential"},"geometry":{"type":"LineString","coordinates":[[-74.0886,4.59575],[-74.0886,4.59573],[-74.08884,4.5951]]}},{"type":"Feature","properties":{"id":"1553506110","nom":"Avenida Calle 3","tipo":"tertiary"},"geometry":{"type":"LineString","coordinates":[[-74.08787,4.59547],[-74.0886,4.59575]]}},{"type":"Feature","properties":{"id":"1553523871","nom":"Avenida Calle 1","tipo":"secondary"},"geometry":{"type":"LineString","coordinates":[[-74.09554,4.59394],[-74.09574,4.594],[-74.0958,4.59402]]}},{"type":"Feature","properties":{"id":"1553523872","nom":"Transversal 22","tipo":"tertiary"},"geometry":{"type":"LineString","coordinates":[[-74.09592,4.59405],[-74.09585,4.59413],[-74.09582,4.59417],[-74.09574,4.59426],[-74.09564,4.59434]]}},{"type":"Feature","properties":{"id":"1554670310","nom":"Carrera 12D","tipo":"tertiary"},"geometry":{"type":"LineString","coordinates":[[-74.10287,4.57585],[-74.10291,4.5758],[-74.10347,4.57506]]}},{"type":"Feature","properties":{"id":"1554670312","nom":"Carrera 26B","tipo":"tertiary"},"geometry":{"type":"LineString","coordinates":[[-74.1147,4.58665],[-74.11464,4.58668],[-74.1146,4.58669],[-74.11454,4.5867],[-74.11427,4.58673]]}},{"type":"Feature","properties":{"id":"1554941672","nom":"Avenida Carrera 10","tipo":"primary"},"geometry":{"type":"LineString","coordinates":[[-74.08714,4.58614],[-74.08733,4.58587],[-74.0875,4.5856],[-74.08753,4.58556],[-74.08769,4.58531],[-74.08784,4.5851],[-74.08809,4.58474]]}},{"type":"Feature","properties":{"id":"1554941673","nom":"Calle 5 Sur","tipo":"residential"},"geometry":{"type":"LineString","coordinates":[[-74.0905,4.58669],[-74.09098,4.58709],[-74.09128,4.58733],[-74.09138,4.58741],[-74.0916,4.58759],[-74.09193,4.58786],[-74.09224,4.58811],[-74.09228,4.58814]]}},{"type":"Feature","properties":{"id":"1556398168","nom":"Avenida Carrera 24","tipo":"secondary"},"geometry":{"type":"LineString","coordinates":[[-74.0976,4.5922],[-74.09766,4.59213],[-74.09783,4.59193],[-74.09796,4.59179]]}},{"type":"Feature","properties":{"id":"1556398169","nom":"Carrera 25","tipo":"residential"},"geometry":{"type":"LineString","coordinates":[[-74.10052,4.59264],[-74.09985,4.59341],[-74.09983,4.59343]]}},{"type":"Feature","properties":{"id":"1556444609","nom":"Transversal 35","tipo":"trunk"},"geometry":{"type":"LineString","coordinates":[[-74.11436,4.5957],[-74.11382,4.59587],[-74.11361,4.59595],[-74.11357,4.59596],[-74.11347,4.596]]}},{"type":"Feature","properties":{"id":"1556444610","nom":"Avenida Calle 22 Sur","tipo":"primary"},"geometry":{"type":"LineString","coordinates":[[-74.113,4.59515],[-74.11289,4.59496],[-74.11271,4.59463],[-74.11269,4.5946],[-74.11262,4.59449]]}},{"type":"Feature","properties":{"id":"1556594919","nom":"Transversal 22","tipo":"tertiary"},"geometry":{"type":"LineString","coordinates":[[-74.09325,4.59668],[-74.09336,4.5966],[-74.09339,4.59657]]}},{"type":"Feature","properties":{"id":"1557714154","nom":"Carrera 26","tipo":"tertiary"},"geometry":{"type":"LineString","coordinates":[[-74.09798,4.5989],[-74.09794,4.59896]]}},{"type":"Feature","properties":{"id":"1557714155","nom":"Calle 2","tipo":"tertiary"},"geometry":{"type":"LineString","coordinates":[[-74.0979,4.59893],[-74.09794,4.59896]]}},{"type":"Feature","properties":{"id":"1557714156","nom":"Avenida Calle 3","tipo":"tertiary"},"geometry":{"type":"LineString","coordinates":[[-74.09558,4.59981],[-74.09544,4.5997],[-74.09511,4.59948]]}},{"type":"Feature","properties":{"id":"1557714157","nom":"Carrera 25","tipo":"tertiary"},"geometry":{"type":"LineString","coordinates":[[-74.09555,4.59987],[-74.09558,4.59981]]}},{"type":"Feature","properties":{"id":"1557721967","nom":"Diagonal 1H","tipo":"tertiary"},"geometry":{"type":"LineString","coordinates":[[-74.09036,4.5957],[-74.09036,4.59567],[-74.09035,4.59562],[-74.09029,4.59554]]}},{"type":"Feature","properties":{"id":"1557721968","nom":"Transversal 17A","tipo":"tertiary"},"geometry":{"type":"LineString","coordinates":[[-74.08989,4.5952],[-74.08988,4.5951],[-74.08987,4.59475],[-74.08986,4.59471]]}},{"type":"Feature","properties":{"id":"1557721969","nom":"Avenida Calle 1","tipo":"secondary"},"geometry":{"type":"LineString","coordinates":[[-74.08984,4.59218],[-74.0897,4.59213]]}},{"type":"Feature","properties":{"id":"1557721970","nom":"Avenida Calle 1","tipo":"secondary"},"geometry":{"type":"LineString","coordinates":[[-74.08866,4.59164],[-74.08833,4.59143],[-74.0883,4.59141],[-74.08783,4.59112],[-74.08781,4.5911]]}},{"type":"Feature","properties":{"id":"1557721971","nom":"Calle 2","tipo":"tertiary"},"geometry":{"type":"LineString","coordinates":[[-74.08741,4.59378],[-74.08736,4.59377],[-74.08734,4.59376],[-74.08722,4.59374],[-74.08717,4.59373],[-74.08711,4.59372],[-74.08703,4.59367],[-74.08669,4.59343],[-74.08638,4.59322]]}},{"type":"Feature","properties":{"id":"1557969056","nom":"Transversal 31","tipo":"trunk"},"geometry":{"type":"LineString","coordinates":[[-74.10869,4.59843],[-74.10888,4.59839],[-74.10898,4.59836],[-74.10906,4.59831],[-74.10991,4.59789]]}}]}