{"type":"FeatureCollection","features":[{"type":"Feature","properties":{"id":"23430419","nom":"Calle 74","tipo":"tertiary"},"geometry":{"type":"LineString","coordinates":[[-74.06901,4.66655],[-74.06894,4.66651],[-74.06888,4.66649],[-74.0687,4.66642],[-74.0686,4.66639],[-74.06849,4.66636],[-74.06843,4.66633],[-74.06828,4.66623],[-74.06822,4.66619],[-74.06783,4.66594],[-74.06778,4.66591],[-74.06765,4.66582],[-74.06733,4.66562],[-74.06727,4.66558],[-74.06688,4.66533],[-74.06677,4.66526],[-74.06647,4.66507],[-74.06616,4.66487],[-74.06613,4.66484],[-74.06607,4.66481]]}},{"type":"Feature","properties":{"id":"23430420","nom":"Carrera 12","tipo":"residential"},"geometry":{"type":"LineString","coordinates":[[-74.05465,4.66482],[-74.05511,4.66409]]}},{"type":"Feature","properties":{"id":"23430423","nom":"Calle 86","tipo":"residential"},"geometry":{"type":"LineString","coordinates":[[-74.05745,4.67252],[-74.05796,4.67277]]}},{"type":"Feature","properties":{"id":"23430447","nom":"Carrera 19A","tipo":"residential"},"geometry":{"type":"LineString","coordinates":[[-74.05795,4.67145],[-74.05793,4.67149],[-74.05745,4.67252]]}},{"type":"Feature","properties":{"id":"23430457","nom":"Calle 86A","tipo":"residential"},"geometry":{"type":"LineString","coordinates":[[-74.05729,4.67284],[-74.05675,4.67257]]}},{"type":"Feature","properties":{"id":"23439960","nom":"Carrera 14","tipo":"residential"},"geometry":{"type":"LineString","coordinates":[[-74.05563,4.66735],[-74.05566,4.6673],[-74.056,4.6667]]}},{"type":"Feature","properties":{"id":"23439963","nom":"Carrera 12","tipo":"residential"},"geometry":{"type":"LineString","coordinates":[[-74.05651,4.66222],[-74.05645,4.66226],[-74.05639,4.66233],[-74.05632,4.66243],[-74.05629,4.6625],[-74.05629,4.66251]]}},{"type":"Feature","properties":{"id":"23502415","nom":"Carrera 23","tipo":"residential"},"geometry":{"type":"LineString","coordinates":[[-74.0629,4.6682],[-74.06293,4.66816],[-74.06324,4.66766],[-74.06371,4.66693],[-74.06421,4.66618],[-74.06422,4.66616],[-74.06424,4.66613],[-74.06428,4.66607],[-74.06449,4.66573],[-74.06451,4.6657],[-74.06453,4.66566],[-74.06474,4.66533],[-74.06478,4.66527],[-74.06481,4.66522],[-74.06504,4.66483],[-74.06506,4.6648],[-74.06508,4.66476],[-74.06531,4.66439],[-74.06533,4.66437],[-74.06534,4.66435],[-74.06536,4.66432],[-74.06538,4.66428],[-74.06579,4.66363],[-74.0661,4.66314],[-74.06638,4.6627],[-74.0664,4.66267],[-74.06642,4.66263]]}},{"type":"Feature","properties":{"id":"23579213","nom":"","tipo":"primary_link"},"geometry":{"type":"LineString","coordinates":[[-74.05705,4.67841],[-74.05722,4.67851],[-74.05732,4.67857],[-74.05761,4.67874],[-74.05765,4.67877],[-74.05768,4.6788],[-74.0577,4.67884],[-74.05772,4.67887],[-74.05773,4.67891],[-74.05774,4.67894],[-74.05774,4.67898],[-74.05773,4.67899],[-74.05773,4.67902],[-74.05771,4.67905],[-74.05768,4.67908],[-74.05764,4.67911],[-74.05742,4.67926],[-74.05695,4.67957]]}},{"type":"Feature","properties":{"id":"23592317","nom":"Avenida Calle 72","tipo":"secondary"},"geometry":{"type":"LineString","coordinates":[[-74.07415,4.66828],[-74.07266,4.6671]]}},{"type":"Feature","properties":{"id":"23592319","nom":"Calle 74","tipo":"residential"},"geometry":{"type":"LineString","coordinates":[[-74.07603,4.67191],[-74.07598,4.67187],[-74.07551,4.67151],[-74.07497,4.6711],[-74.07441,4.67067],[-74.07389,4.67027],[-74.07334,4.66985],[-74.0729,4.66952]]}},{"type":"Feature","properties":{"id":"23592322","nom":"Avenida Calle 63","tipo":"secondary"},"geometry":{"type":"LineString","coordinates":[[-74.08853,4.65895],[-74.08843,4.65892],[-74.08837,4.6589],[-74.08837,4.6589],[-74.0883,4.65885],[-74.08824,4.65879],[-74.08819,4.65874],[-74.08787,4.65827],[-74.08722,4.65733],[-74.08672,4.65657],[-74.08626,4.65593],[-74.08588,4.65538],[-74.08575,4.65519],[-74.0857,4.65512],[-74.08562,4.65501],[-74.08533,4.65463],[-74.08519,4.65449],[-74.08508,4.65437],[-74.08483,4.65414],[-74.08445,4.65382],[-74.08439,4.65377],[-74.08436,4.65372],[-74.08422,4.65352]]}},{"type":"Feature","properties":{"id":"24018402","nom":"Avenida Calle 80","tipo":"trunk"},"geometry":{"type":"LineString","coordinates":[[-74.06853,4.67492],[-74.06876,4.67507],[-74.06887,4.67515],[-74.0689,4.67517],[-74.06936,4.67547],[-74.07018,4.67599],[-74.07127,4.67669],[-74.07191,4.6771],[-74.07263,4.67755],[-74.07338,4.67803],[-74.07369,4.67824],[-74.07391,4.67839],[-74.07394,4.67841]]}},{"type":"Feature","properties":{"id":"24018409","nom":"Avenida Calle 80","tipo":"trunk"},"geometry":{"type":"LineString","coordinates":[[-74.06668,4.67311],[-74.06716,4.67365]]}},{"type":"Feature","properties":{"id":"24018410","nom":"Avenida Calle 80","tipo":"trunk"},"geometry":{"type":"LineString","coordinates":[[-74.07869,4.68364],[-74.07932,4.68446]]}},{"type":"Feature","properties":{"id":"24020500","nom":"Avenida Calle 80","tipo":"trunk"},"geometry":{"type":"LineString","coordinates":[[-74.08789,4.69447],[-74.0877,4.6943],[-74.08751,4.69412],[-74.08724,4.69386],[-74.0868,4.69339],[-74.08664,4.69322],[-74.08646,4.69301],[-74.08625,4.69275],[-74.08598,4.69241]]}},{"type":"Feature","properties":{"id":"24020502","nom":"Avenida Calle 80","tipo":"trunk"},"geometry":{"type":"LineString","coordinates":[[-74.06821,4.67433],[-74.06794,4.67408],[-74.0678,4.67394],[-74.06764,4.67376],[-74.0669,4.67293]]}},{"type":"Feature","properties":{"id":"24020503","nom":"Avenida Calle 80","tipo":"trunk"},"geometry":{"type":"LineString","coordinates":[[-74.0668,4.67282],[-74.06635,4.67238],[-74.06612,4.67214],[-74.0659,4.67189],[-74.06563,4.67156]]}},{"type":"Feature","properties":{"id":"24020504","nom":"Avenida Calle 80","tipo":"trunk"},"geometry":{"type":"LineString","coordinates":[[-74.07957,4.68427],[-74.07887,4.68339]]}},{"type":"Feature","properties":{"id":"24021995","nom":"Avenida Carrera 30","tipo":"trunk"},"geometry":{"type":"LineString","coordinates":[[-74.07584,4.66492],[-74.07597,4.66473],[-74.07601,4.66468],[-74.07609,4.66462]]}},{"type":"Feature","properties":{"id":"24031622","nom":"Calle 77","tipo":"residential"},"geometry":{"type":"LineString","coordinates":[[-74.0597,4.66435],[-74.05973,4.66437],[-74.05977,4.66439],[-74.06024,4.66466],[-74.06036,4.66473],[-74.06042,4.66476],[-74.06063,4.66487]]}},{"type":"Feature","properties":{"id":"24032094","nom":"Calle 80","tipo":"residential"},"geometry":{"type":"LineString","coordinates":[[-74.05974,4.66793],[-74.05981,4.66796],[-74.05988,4.66798],[-74.05992,4.66799],[-74.05996,4.668],[-74.06009,4.66801]]}},{"type":"Feature","properties":{"id":"24032103","nom":"","tipo":"trunk_link"},"geometry":{"type":"LineString","coordinates":[[-74.06179,4.66682],[-74.06157,4.66644],[-74.06138,4.66614],[-74.06123,4.66592],[-74.06121,4.66587],[-74.06119,4.66581],[-74.06117,4.66573],[-74.06116,4.66553],[-74.06117,4.66546],[-74.06117,4.6654],[-74.0612,4.66529]]}},{"type":"Feature","properties":{"id":"24038164","nom":"Avenida Carrera 20","tipo":"trunk"},"geometry":{"type":"LineString","coordinates":[[-74.06019,4.6712],[-74.06018,4.671],[-74.06018,4.67088],[-74.06018,4.67081],[-74.06021,4.6705],[-74.06026,4.67019],[-74.06032,4.66988],[-74.06034,4.66975],[-74.06035,4.66968],[-74.06035,4.66959],[-74.06033,4.66951],[-74.06031,4.66941],[-74.0603,4.66929],[-74.0603,4.6692],[-74.0603,4.66912],[-74.06031,4.66904],[-74.06035,4.66892],[-74.0605,4.66836],[-74.06054,4.66823],[-74.06057,4.66812],[-74.0606,4.66801]]}},{"type":"Feature","properties":{"id":"24061645","nom":"Avenida Calle 80","tipo":"trunk"},"geometry":{"type":"LineString","coordinates":[[-74.09001,4.69585],[-74.08841,4.69487]]}},{"type":"Feature","properties":{"id":"24075281","nom":"Avenida Calle 100","tipo":"primary"},"geometry":{"type":"LineString","coordinates":[[-74.05571,4.68672],[-74.05795,4.6872],[-74.05807,4.68723],[-74.05818,4.68726],[-74.05845,4.68735]]}},{"type":"Feature","properties":{"id":"24075285","nom":"Avenida Calle 100","tipo":"primary"},"geometry":{"type":"LineString","coordinates":[[-74.05855,4.68708],[-74.0584,4.68706],[-74.05833,4.68706],[-74.05817,4.68704],[-74.05799,4.687],[-74.05617,4.68663],[-74.05603,4.6866],[-74.05577,4.68652]]}},{"type":"Feature","properties":{"id":"24075308","nom":"","tipo":"trunk_link"},"geometry":{"type":"LineString","coordinates":[[-74.05845,4.68735],[-74.05853,4.68744],[-74.05857,4.68748],[-74.0586,4.68756],[-74.0586,4.68762],[-74.05857,4.68768],[-74.05852,4.68771],[-74.05846,4.68772],[-74.05837,4.68771],[-74.05827,4.68769],[-74.05776,4.68755],[-74.05769,4.68753],[-74.05761,4.68749],[-74.05753,4.68744],[-74.05748,4.68737],[-74.05745,4.68733],[-74.05742,4.68726],[-74.05739,4.6872]]}},{"type":"Feature","properties":{"id":"24075309","nom":"","tipo":"trunk_link"},"geometry":{"type":"LineString","coordinates":[[-74.05739,4.68783],[-74.05742,4.68776],[-74.05746,4.6877],[-74.0575,4.68766],[-74.05755,4.68763],[-74.05759,4.68762],[-74.05761,4.68761],[-74.05768,4.68761],[-74.05837,4.68779],[-74.05844,4.6878],[-74.05849,4.6878],[-74.05855,4.68779],[-74.05862,4.68776],[-74.0587,4.6877],[-74.05879,4.68762],[-74.05884,4.68759],[-74.05893,4.68755],[-74.05904,4.68752]]}},{"type":"Feature","properties":{"id":"24075311","nom":"","tipo":"trunk_link"},"geometry":{"type":"LineString","coordinates":[[-74.05913,4.68717],[-74.05898,4.68704],[-74.05877,4.68684],[-74.05867,4.68676],[-74.0586,4.68671],[-74.05853,4.68668],[-74.05786,4.68646],[-74.05778,4.68642],[-74.05774,4.68637],[-74.0577,4.68631],[-74.05768,4.68625],[-74.05765,4.68616],[-74.05764,4.68606],[-74.05764,4.68591]]}},{"type":"Feature","properties":{"id":"24075313","nom":"","tipo":"trunk_link"},"geometry":{"type":"LineString","coordinates":[[-74.05748,4.68673],[-74.05754,4.68664],[-74.05758,4.68659],[-74.05766,4.68655],[-74.05772,4.68654],[-74.05779,4.68653],[-74.05787,4.68654],[-74.05852,4.68676],[-74.05856,4.68679],[-74.05859,4.68684],[-74.0586,4.6869],[-74.0586,4.68694],[-74.05859,4.68695],[-74.05856,4.68699],[-74.05849,4.68703],[-74.0584,4.68706]]}},{"type":"Feature","properties":{"id":"24075317","nom":"","tipo":"trunk_link"},"geometry":{"type":"LineString","coordinates":[[-74.0569,4.687],[-74.05687,4.68705],[-74.05685,4.68709],[-74.05685,4.68709],[-74.05683,4.68711],[-74.0568,4.68713],[-74.05678,4.68715],[-74.05675,4.68716],[-74.05672,4.68717],[-74.05669,4.68717],[-74.05666,4.68718],[-74.05662,4.68718],[-74.05661,4.68718],[-74.05655,4.68717],[-74.05585,4.68704],[-74.05576,4.68702],[-74.05566,4.68699],[-74.05559,4.68697],[-74.05555,4.68695],[-74.05553,4.6869],[-74.05552,4.68687],[-74.05553,4.68683],[-74.05554,4.68681],[-74.05556,4.68679],[-74.05559,4.68677],[-74.05562,4.68675],[-74.05563,4.68675],[-74.05571,4.68672]]}},{"type":"Feature","properties":{"id":"24075318","nom":"","tipo":"trunk_link"},"geometry":{"type":"LineString","coordinates":[[-74.0556,4.68647],[-74.05557,4.68638],[-74.05555,4.68633],[-74.05554,4.68629],[-74.05554,4.68628],[-74.05555,4.68625],[-74.05557,4.68619],[-74.05558,4.68617],[-74.05561,4.68615],[-74.05564,4.68613],[-74.05567,4.68612],[-74.05571,4.68612],[-74.05575,4.68612],[-74.05578,4.68613],[-74.0558,4.68614],[-74.05584,4.68615],[-74.05601,4.68624],[-74.05607,4.68627],[-74.05614,4.68629],[-74.05625,4.68631],[-74.05638,4.68634],[-74.05676,4.6864],[-74.05679,4.68641],[-74.05681,4.68641],[-74.05685,4.68643],[-74.05689,4.68645],[-74.05692,4.68648],[-74.05694,4.6865],[-74.05696,4.68654],[-74.05697,4.68658],[-74.05697,4.68666]]}},{"type":"Feature","properties":{"id":"24075320","nom":"","tipo":"trunk_link"},"geometry":{"type":"LineString","coordinates":[[-74.05707,4.68612],[-74.05701,4.6862],[-74.05697,4.68625],[-74.05692,4.68629],[-74.05689,4.68631],[-74.05684,4.68633],[-74.0568,4.68633],[-74.05674,4.68633],[-74.05624,4.68624],[-74.05612,4.68621],[-74.05604,4.68618],[-74.05596,4.68614],[-74.05581,4.68606],[-74.05574,4.68603],[-74.05569,4.68603],[-74.05564,4.68604],[-74.05559,4.68606],[-74.05553,4.6861],[-74.05543,4.68616],[-74.05535,4.68621],[-74.05526,4.68625],[-74.05519,4.68627],[-74.05508,4.68627],[-74.05506,4.68627],[-74.05503,4.68627],[-74.0549,4.68627]]}},{"type":"Feature","properties":{"id":"24084269","nom":"Calle 87","tipo":"tertiary"},"geometry":{"type":"LineString","coordinates":[[-74.07757,4.68528],[-74.07764,4.6853],[-74.07766,4.68531],[-74.0777,4.68533],[-74.07776,4.68536],[-74.07781,4.6854],[-74.07785,4.68544],[-74.07804,4.68567],[-74.07857,4.68636],[-74.07863,4.6864],[-74.07868,4.68643],[-74.07874,4.68646],[-74.07879,4.68647],[-74.07889,4.68646]]}},{"type":"Feature","properties":{"id":"24084279","nom":"","tipo":"trunk_link"},"geometry":{"type":"LineString","coordinates":[[-74.07863,4.68309],[-74.07858,4.68291],[-74.07856,4.68281],[-74.07856,4.68271],[-74.07859,4.68264],[-74.07864,4.68256],[-74.07868,4.68253],[-74.07876,4.68249],[-74.07887,4.68248],[-74.07895,4.68251],[-74.07901,4.68255],[-74.07908,4.68262],[-74.07928,4.68284],[-74.07946,4.68303],[-74.07948,4.68307],[-74.07949,4.68311],[-74.0795,4.68316],[-74.0795,4.6832],[-74.07949,4.68326],[-74.07948,4.68332],[-74.07946,4.68341],[-74.07943,4.68348]]}},{"type":"Feature","properties":{"id":"24084281","nom":"","tipo":"trunk_link"},"geometry":{"type":"LineString","coordinates":[[-74.07867,4.68411],[-74.07852,4.68413],[-74.07844,4.68414],[-74.07837,4.68413],[-74.07829,4.6841],[-74.07823,4.68406],[-74.07816,4.684],[-74.07811,4.68392],[-74.07808,4.68382],[-74.07807,4.68375],[-74.07809,4.68369],[-74.07811,4.68363],[-74.07816,4.68356],[-74.07824,4.68351],[-74.07833,4.68349],[-74.07839,4.68349],[-74.07846,4.68351],[-74.07854,4.68354],[-74.07863,4.68356]]}},{"type":"Feature","properties":{"id":"24084285","nom":"","tipo":"trunk_link"},"geometry":{"type":"LineString","coordinates":[[-74.07815,4.68301],[-74.07825,4.68319],[-74.07827,4.68324],[-74.07828,4.68328],[-74.07827,4.68332],[-74.07827,4.68335],[-74.07824,4.6834],[-74.07812,4.68348],[-74.07805,4.68358],[-74.078,4.68367],[-74.07799,4.68376],[-74.07801,4.68385],[-74.07804,4.68394],[-74.07809,4.68403],[-74.07816,4.68413],[-74.07819,4.68419],[-74.07822,4.68424],[-74.07822,4.6843],[-74.07822,4.68437],[-74.0782,4.68443],[-74.07818,4.68451]]}},{"type":"Feature","properties":{"id":"24084325","nom":"Avenida Calle 68","tipo":"secondary"},"geometry":{"type":"LineString","coordinates":[[-74.08545,4.67692],[-74.08634,4.67821]]}},{"type":"Feature","properties":{"id":"24084334","nom":"","tipo":"primary_link"},"geometry":{"type":"LineString","coordinates":[[-74.08649,4.67844],[-74.08651,4.6785],[-74.08653,4.67855],[-74.08653,4.67863],[-74.08653,4.67867],[-74.08651,4.67876],[-74.08648,4.6788],[-74.08645,4.67884],[-74.08638,4.67889],[-74.0863,4.67891],[-74.08626,4.67892],[-74.08621,4.67891],[-74.08613,4.6789],[-74.08595,4.67883],[-74.0858,4.67877],[-74.08573,4.67873],[-74.08568,4.67867],[-74.08565,4.67862],[-74.08564,4.67858],[-74.08564,4.67855],[-74.08564,4.6785],[-74.08565,4.67844],[-74.08571,4.6782]]}},{"type":"Feature","properties":{"id":"24170726","nom":"Carrera 71","tipo":"tertiary"},"geometry":{"type":"LineString","coordinates":[[-74.08789,4.69447],[-74.08777,4.69431],[-74.08774,4.69425],[-74.08773,4.69421],[-74.08774,4.69417],[-74.08774,4.69415],[-74.08777,4.6941],[-74.0878,4.69407],[-74.08794,4.6939],[-74.08801,4.69382],[-74.08865,4.69307]]}},{"type":"Feature","properties":{"id":"24170728","nom":"Calle 79A","tipo":"tertiary"},"geometry":{"type":"LineString","coordinates":[[-74.09037,4.69443],[-74.09026,4.69447],[-74.0902,4.6945],[-74.09015,4.69451],[-74.09009,4.69451],[-74.09002,4.6945],[-74.08994,4.69445],[-74.0899,4.69438],[-74.08985,4.69427],[-74.08981,4.69419],[-74.08977,4.6941],[-74.08972,4.69401],[-74.08952,4.69377],[-74.08914,4.69332],[-74.08893,4.69305],[-74.0889,4.69299],[-74.08887,4.69293],[-74.08886,4.69285],[-74.08887,4.69278]]}},{"type":"Feature","properties":{"id":"24170734","nom":"","tipo":"trunk_link"},"geometry":{"type":"LineString","coordinates":[[-74.08729,4.69435],[-74.08745,4.69456],[-74.08748,4.6946],[-74.08749,4.69462],[-74.0875,4.69466],[-74.08752,4.69473],[-74.08752,4.6948],[-74.08744,4.69545],[-74.08743,4.69551],[-74.0874,4.69559]]}},{"type":"Feature","properties":{"id":"24177062","nom":"Avenida Calle 68","tipo":"secondary"},"geometry":{"type":"LineString","coordinates":[[-74.08641,4.67818],[-74.08552,4.67688]]}},{"type":"Feature","properties":{"id":"24177067","nom":"Avenida Calle 68","tipo":"secondary"},"geometry":{"type":"LineString","coordinates":[[-74.07681,4.66441],[-74.07745,4.66526],[-74.0776,4.66549],[-74.07764,4.66554],[-74.07767,4.66559],[-74.07809,4.66619],[-74.07839,4.66662],[-74.07842,4.66666]]}},{"type":"Feature","properties":{"id":"24177072","nom":"Avenida Calle 68","tipo":"secondary"},"geometry":{"type":"LineString","coordinates":[[-74.07521,4.66302],[-74.07609,4.66367],[-74.07628,4.66381],[-74.07643,4.66396],[-74.07656,4.66411],[-74.07663,4.66418],[-74.07681,4.66441]]}},{"type":"Feature","properties":{"id":"24177074","nom":"Avenida Calle 68","tipo":"secondary"},"geometry":{"type":"LineString","coordinates":[[-74.07687,4.66436],[-74.0766,4.66402],[-74.07645,4.66386],[-74.07633,4.66374],[-74.07612,4.66358],[-74.07525,4.66296]]}},{"type":"Feature","properties":{"id":"24234025","nom":"Avenida Carrera 50","tipo":"primary"},"geometry":{"type":"LineString","coordinates":[[-74.06789,4.67474],[-74.06792,4.67478],[-74.06795,4.67483],[-74.06797,4.67488],[-74.06799,4.67495],[-74.068,4.675],[-74.06799,4.67504],[-74.06799,4.67506],[-74.06798,4.6751],[-74.06795,4.67516],[-74.0679,4.67522],[-74.06772,4.67542],[-74.0676,4.67556],[-74.06747,4.67572],[-74.06738,4.67584],[-74.06734,4.67591],[-74.0673,4.67598],[-74.06716,4.6762],[-74.06704,4.6764],[-74.06682,4.67676],[-74.06674,4.6769],[-74.06672,4.67693],[-74.06669,4.67699]]}},{"type":"Feature","properties":{"id":"24234026","nom":"Avenida Carrera 50","tipo":"primary"},"geometry":{"type":"LineString","coordinates":[[-74.06716,4.67365],[-74.0673,4.67387],[-74.06737,4.67397],[-74.06746,4.67413],[-74.06757,4.67432],[-74.06765,4.67444],[-74.06769,4.67451],[-74.06774,4.67457],[-74.06789,4.67474]]}},{"type":"Feature","properties":{"id":"24249645","nom":"Carrera 56A","tipo":"residential"},"geometry":{"type":"LineString","coordinates":[[-74.08562,4.65501],[-74.08566,4.65496],[-74.08624,4.65414],[-74.08641,4.65389],[-74.0865,4.65377],[-74.08654,4.6537]]}},{"type":"Feature","properties":{"id":"24259156","nom":"Transversal 21","tipo":"residential"},"geometry":{"type":"LineString","coordinates":[[-74.0552,4.6826],[-74.05527,4.68218],[-74.05528,4.68213]]}},{"type":"Feature","properties":{"id":"24381623","nom":"Calle 72 Bis","tipo":"residential"},"geometry":{"type":"LineString","coordinates":[[-74.05358,4.65435],[-74.05361,4.65437],[-74.05431,4.65472],[-74.05514,4.65514],[-74.05519,4.65517]]}},{"type":"Feature","properties":{"id":"24429247","nom":"Calle 70","tipo":"residential"},"geometry":{"type":"LineString","coordinates":[[-74.05954,4.65475],[-74.05966,4.65483],[-74.05979,4.65491],[-74.05998,4.65504],[-74.06008,4.65509],[-74.06012,4.65509],[-74.06019,4.6551]]}},{"type":"Feature","properties":{"id":"24435319","nom":"Calle 88","tipo":"residential"},"geometry":{"type":"LineString","coordinates":[[-74.05516,4.67402],[-74.05446,4.67367]]}},{"type":"Feature","properties":{"id":"24437180","nom":"Calle 87","tipo":"residential"},"geometry":{"type":"LineString","coordinates":[[-74.05888,4.6748],[-74.05883,4.67478],[-74.05874,4.67474],[-74.05784,4.6743]]}},{"type":"Feature","properties":{"id":"24546866","nom":"","tipo":"secondary_link"},"geometry":{"type":"LineString","coordinates":[[-74.08237,4.67033],[-74.08208,4.67067],[-74.08199,4.67076],[-74.08191,4.67082],[-74.08187,4.67084],[-74.08182,4.67085],[-74.08175,4.67086],[-74.0817,4.67086],[-74.0816,4.67085],[-74.08148,4.67081],[-74.08143,4.67078],[-74.0814,4.67077],[-74.0813,4.67071]]}},{"type":"Feature","properties":{"id":"24546870","nom":"","tipo":"secondary_link"},"geometry":{"type":"LineString","coordinates":[[-74.08196,4.67167],[-74.08195,4.67156],[-74.08196,4.67145],[-74.08196,4.67139],[-74.08198,4.67133],[-74.08199,4.67128],[-74.08202,4.67122],[-74.08205,4.67116],[-74.08214,4.67104]]}},{"type":"Feature","properties":{"id":"24546871","nom":"","tipo":"secondary_link"},"geometry":{"type":"LineString","coordinates":[[-74.08215,4.67073],[-74.08214,4.67081],[-74.08214,4.67084],[-74.08214,4.67089],[-74.08216,4.67092],[-74.08219,4.67094],[-74.08222,4.67095],[-74.08227,4.67095]]}},{"type":"Feature","properties":{"id":"24546872","nom":"Calle 67B","tipo":"residential"},"geometry":{"type":"LineString","coordinates":[[-74.08795,4.67388],[-74.08788,4.67384],[-74.08747,4.67361],[-74.0874,4.67356],[-74.08734,4.67352],[-74.08694,4.67324]]}},{"type":"Feature","properties":{"id":"24546873","nom":"Calle 67A Bis A","tipo":"residential"},"geometry":{"type":"LineString","coordinates":[[-74.084,4.67025],[-74.08331,4.66973],[-74.08326,4.66969]]}},{"type":"Feature","properties":{"id":"24546874","nom":"Calle 67A Bis","tipo":"residential"},"geometry":{"type":"LineString","coordinates":[[-74.08751,4.67285],[-74.08732,4.67274]]}},{"type":"Feature","properties":{"id":"24546875","nom":"Calle 67A Bis","tipo":"residential"},"geometry":{"type":"LineString","coordinates":[[-74.08637,4.67209],[-74.08681,4.67243]]}},{"type":"Feature","properties":{"id":"24546877","nom":"Calle 67A","tipo":"residential"},"geometry":{"type":"LineString","coordinates":[[-74.08563,4.67112],[-74.08562,4.67107],[-74.08559,4.67103],[-74.0853,4.67081],[-74.08527,4.6708],[-74.08523,4.6708]]}},{"type":"Feature","properties":{"id":"24546878","nom":"Calle 67A","tipo":"residential"},"geometry":{"type":"LineString","coordinates":[[-74.08821,4.67264],[-74.08804,4.6725]]}},{"type":"Feature","properties":{"id":"24546879","nom":"Calle 67","tipo":"residential"},"geometry":{"type":"LineString","coordinates":[[-74.08784,4.67204],[-74.08737,4.67169],[-74.08694,4.67136],[-74.08649,4.67101],[-74.0851,4.66994]]}},{"type":"Feature","properties":{"id":"24546880","nom":"Calle 67","tipo":"residential"},"geometry":{"type":"LineString","coordinates":[[-74.08371,4.66903],[-74.08376,4.66907],[-74.0842,4.66943],[-74.08448,4.66966]]}},{"type":"Feature","properties":{"id":"24546881","nom":"Calle 66C","tipo":"residential"},"geometry":{"type":"LineString","coordinates":[[-74.08861,4.67209],[-74.08858,4.67205],[-74.08844,4.67194],[-74.0882,4.67176],[-74.08815,4.67174]]}},{"type":"Feature","properties":{"id":"24546882","nom":"Calle 66C","tipo":"residential"},"geometry":{"type":"LineString","coordinates":[[-74.08536,4.66959],[-74.08504,4.66935],[-74.08484,4.6692],[-74.08412,4.66864],[-74.08408,4.66861],[-74.08403,4.66858]]}},{"type":"Feature","properties":{"id":"24546883","nom":"Carrera 61","tipo":"residential"},"geometry":{"type":"LineString","coordinates":[[-74.08342,4.67122],[-74.08374,4.6708]]}},{"type":"Feature","properties":{"id":"24546884","nom":"Carrera 61","tipo":"residential"},"geometry":{"type":"LineString","coordinates":[[-74.08448,4.66966],[-74.08413,4.67009]]}},{"type":"Feature","properties":{"id":"24546886","nom":"Carrera 63","tipo":"residential"},"geometry":{"type":"LineString","coordinates":[[-74.08467,4.67149],[-74.08517,4.67084],[-74.08519,4.67081],[-74.08523,4.6708]]}},{"type":"Feature","properties":{"id":"24546889","nom":"Carrera 65A","tipo":"residential"},"geometry":{"type":"LineString","coordinates":[[-74.08694,4.67136],[-74.08637,4.67209]]}},{"type":"Feature","properties":{"id":"24546890","nom":"Carrera 65A","tipo":"residential"},"geometry":{"type":"LineString","coordinates":[[-74.08602,4.67254],[-74.08547,4.67328]]}},{"type":"Feature","properties":{"id":"24546891","nom":"Carrera 65A","tipo":"residential"},"geometry":{"type":"LineString","coordinates":[[-74.0848,4.67421],[-74.08477,4.67421],[-74.08474,4.67423],[-74.08459,4.67443],[-74.08459,4.67446],[-74.08459,4.6745]]}},{"type":"Feature","properties":{"id":"24546892","nom":"Carrera 65B","tipo":"residential"},"geometry":{"type":"LineString","coordinates":[[-74.08681,4.67243],[-74.08737,4.67169]]}},{"type":"Feature","properties":{"id":"24546893","nom":"Carrera 65B","tipo":"residential"},"geometry":{"type":"LineString","coordinates":[[-74.08649,4.67289],[-74.08591,4.67362]]}},{"type":"Feature","properties":{"id":"24546897","nom":"Carrera 66A","tipo":"residential"},"geometry":{"type":"LineString","coordinates":[[-74.08634,4.67474],[-74.08662,4.67428]]}},{"type":"Feature","properties":{"id":"24546898","nom":"Carrera 66A","tipo":"residential"},"geometry":{"type":"LineString","coordinates":[[-74.08554,4.6759],[-74.086,4.67514]]}},{"type":"Feature","properties":{"id":"24546899","nom":"Calle 67G","tipo":"residential"},"geometry":{"type":"LineString","coordinates":[[-74.08523,4.67545],[-74.08554,4.6759],[-74.08585,4.67635],[-74.08605,4.67665],[-74.08618,4.67683],[-74.08621,4.67688]]}},{"type":"Feature","properties":{"id":"24546900","nom":"Calle 67F","tipo":"residential"},"geometry":{"type":"LineString","coordinates":[[-74.08642,4.67541],[-74.086,4.67514],[-74.08568,4.67489],[-74.08487,4.67423],[-74.08483,4.67421],[-74.0848,4.67421]]}},{"type":"Feature","properties":{"id":"24546901","nom":"Calle 67D Bis","tipo":"residential"},"geometry":{"type":"LineString","coordinates":[[-74.08717,4.67521],[-74.08712,4.67518],[-74.08674,4.67497],[-74.08669,4.67494],[-74.08634,4.67474]]}},{"type":"Feature","properties":{"id":"24546902","nom":"Calle 67D Bis","tipo":"residential"},"geometry":{"type":"LineString","coordinates":[[-74.08603,4.67443],[-74.08512,4.67373],[-74.08467,4.67335],[-74.08421,4.67303]]}},{"type":"Feature","properties":{"id":"24546903","nom":"Calle 67D","tipo":"residential"},"geometry":{"type":"LineString","coordinates":[[-74.08694,4.67449],[-74.08662,4.67428]]}},{"type":"Feature","properties":{"id":"24546905","nom":"Calle 67D","tipo":"residential"},"geometry":{"type":"LineString","coordinates":[[-74.08465,4.67244],[-74.08426,4.67215],[-74.08416,4.67205],[-74.08409,4.67198],[-74.08403,4.67191],[-74.08394,4.67177],[-74.08387,4.67167],[-74.08386,4.67162],[-74.08387,4.67159]]}},{"type":"Feature","properties":{"id":"24546906","nom":"Calle 67C","tipo":"residential"},"geometry":{"type":"LineString","coordinates":[[-74.0872,4.67404],[-74.0866,4.67369]]}},{"type":"Feature","properties":{"id":"24558072","nom":"Carrera 58","tipo":"residential"},"geometry":{"type":"LineString","coordinates":[[-74.07913,4.67214],[-74.07916,4.6721],[-74.07953,4.67159]]}},{"type":"Feature","properties":{"id":"24558084","nom":"Carrera 57","tipo":"residential"},"geometry":{"type":"LineString","coordinates":[[-74.08052,4.66714],[-74.08032,4.66742],[-74.08029,4.66753],[-74.08029,4.66763],[-74.08034,4.66771]]}},{"type":"Feature","properties":{"id":"24558088","nom":"Carrera 55","tipo":"residential"},"geometry":{"type":"LineString","coordinates":[[-74.0788,4.66706],[-74.07883,4.66702],[-74.07909,4.66668]]}},{"type":"Feature","properties":{"id":"24558089","nom":"Diagonal 69","tipo":"residential"},"geometry":{"type":"LineString","coordinates":[[-74.07916,4.66673],[-74.07918,4.66723]]}},{"type":"Feature","properties":{"id":"24558090","nom":"Calle 67A Bis A","tipo":"residential"},"geometry":{"type":"LineString","coordinates":[[-74.07976,4.66656],[-74.07967,4.66668],[-74.07959,4.66672],[-74.07916,4.66673]]}},{"type":"Feature","properties":{"id":"24558091","nom":"Carrera 51","tipo":"residential"},"geometry":{"type":"LineString","coordinates":[[-74.07738,4.66501],[-74.07743,4.66494],[-74.07788,4.66435]]}},{"type":"Feature","properties":{"id":"24558099","nom":"Calle 64A","tipo":"residential"},"geometry":{"type":"LineString","coordinates":[[-74.07777,4.65994],[-74.07782,4.65992],[-74.07788,4.6599],[-74.07796,4.65991],[-74.07871,4.6603]]}},{"type":"Feature","properties":{"id":"24558101","nom":"Calle 65","tipo":"residential"},"geometry":{"type":"LineString","coordinates":[[-74.08285,4.66443],[-74.08231,4.66404],[-74.08222,4.66398],[-74.08115,4.66323]]}},{"type":"Feature","properties":{"id":"24558104","nom":"","tipo":"trunk_link"},"geometry":{"type":"LineString","coordinates":[[-74.07703,4.66237],[-74.07707,4.66217],[-74.07708,4.6621],[-74.07709,4.66205],[-74.07708,4.662],[-74.07708,4.66196]]}},{"type":"Feature","properties":{"id":"24558108","nom":"Calle 66A","tipo":"residential"},"geometry":{"type":"LineString","coordinates":[[-74.08397,4.66737],[-74.08376,4.66722]]}},{"type":"Feature","properties":{"id":"24558109","nom":"Calle 65A","tipo":"residential"},"geometry":{"type":"LineString","coordinates":[[-74.07908,4.6628],[-74.07955,4.66316]]}},{"type":"Feature","properties":{"id":"24558110","nom":"Calle 65A","tipo":"residential"},"geometry":{"type":"LineString","coordinates":[[-74.08337,4.66564],[-74.08303,4.6654],[-74.08302,4.66539],[-74.0828,4.66524],[-74.08248,4.66501]]}},{"type":"Feature","properties":{"id":"24558116","nom":"Calle 67","tipo":"residential"},"geometry":{"type":"LineString","coordinates":[[-74.08018,4.66571],[-74.08068,4.66609],[-74.08074,4.66614]]}},{"type":"Feature","properties":{"id":"24558118","nom":"Calle 67A","tipo":"residential"},"geometry":{"type":"LineString","coordinates":[[-74.0793,4.66563],[-74.0799,4.66609],[-74.0804,4.66646],[-74.08045,4.6665],[-74.08096,4.66689],[-74.08159,4.66738],[-74.08197,4.66767]]}},{"type":"Feature","properties":{"id":"24558119","nom":"Calle 67A Bis","tipo":"residential"},"geometry":{"type":"LineString","coordinates":[[-74.0794,4.66629],[-74.07902,4.66599]]}},{"type":"Feature","properties":{"id":"24558120","nom":"Calle 67A Bis A","tipo":"residential"},"geometry":{"type":"LineString","coordinates":[[-74.08244,4.66876],[-74.08274,4.66897]]}},{"type":"Feature","properties":{"id":"24558121","nom":"Diagonal 67B","tipo":"residential"},"geometry":{"type":"LineString","coordinates":[[-74.07982,4.6674],[-74.07978,4.66736],[-74.07975,4.66731],[-74.07967,4.66722]]}},{"type":"Feature","properties":{"id":"24558122","nom":"Calle 67B","tipo":"residential"},"geometry":{"type":"LineString","coordinates":[[-74.08284,4.66967],[-74.08278,4.66963],[-74.08213,4.66914]]}},{"type":"Feature","properties":{"id":"24558124","nom":"Calle 67C","tipo":"residential"},"geometry":{"type":"LineString","coordinates":[[-74.08004,4.6681],[-74.08065,4.66859]]}},{"type":"Feature","properties":{"id":"24559373","nom":"Calle 63J","tipo":"residential"},"geometry":{"type":"LineString","coordinates":[[-74.07806,4.65822],[-74.07809,4.65818],[-74.07812,4.65816],[-74.07814,4.65815],[-74.0782,4.65814]]}},{"type":"Feature","properties":{"id":"24559376","nom":"Calle 63C","tipo":"residential"},"geometry":{"type":"LineString","coordinates":[[-74.07838,4.65483],[-74.07845,4.65484],[-74.07848,4.65484],[-74.07888,4.65491],[-74.07933,4.65498],[-74.0797,4.65503]]}},{"type":"Feature","properties":{"id":"24559377","nom":"Calle 63D","tipo":"residential"},"geometry":{"type":"LineString","coordinates":[[-74.07828,4.6557],[-74.07837,4.65571],[-74.07877,4.65576]]}},{"type":"Feature","properties":{"id":"24559378","nom":"Calle 63F","tipo":"residential"},"geometry":{"type":"LineString","coordinates":[[-74.07819,4.65665],[-74.07827,4.65666],[-74.07835,4.65667],[-74.07859,4.6567],[-74.07862,4.65669],[-74.07864,4.65668],[-74.07866,4.65664]]}},{"type":"Feature","properties":{"id":"24615260","nom":"Calle 101B","tipo":"residential"},"geometry":{"type":"LineString","coordinates":[[-74.05797,4.68841],[-74.05817,4.68845],[-74.0584,4.68848],[-74.05842,4.6885]]}},{"type":"Feature","properties":{"id":"24615263","nom":"Calle 102","tipo":"residential"},"geometry":{"type":"LineString","coordinates":[[-74.05726,4.6886],[-74.05731,4.68862],[-74.05741,4.68863],[-74.05792,4.68871],[-74.05818,4.68876],[-74.05834,4.68879],[-74.05839,4.68879]]}},{"type":"Feature","properties":{"id":"24615267","nom":"Calle 101","tipo":"residential"},"geometry":{"type":"LineString","coordinates":[[-74.05912,4.68799],[-74.05805,4.68782]]}},{"type":"Feature","properties":{"id":"24615268","nom":"Carrera 47A","tipo":"residential"},"geometry":{"type":"LineString","coordinates":[[-74.05918,4.6877],[-74.05918,4.68768],[-74.05919,4.68766],[-74.05923,4.68762],[-74.05927,4.68759],[-74.05935,4.68756]]}},{"type":"Feature","properties":{"id":"24644507","nom":"Calle 80","tipo":"residential"},"geometry":{"type":"LineString","coordinates":[[-74.0571,4.66646],[-74.05703,4.66642],[-74.05637,4.66603],[-74.05635,4.66602],[-74.0562,4.66592],[-74.05602,4.66581],[-74.05566,4.66555],[-74.05528,4.66527],[-74.05465,4.66482],[-74.05397,4.66434],[-74.05393,4.66431],[-74.05389,4.66429]]}},{"type":"Feature","properties":{"id":"24644510","nom":"Carrera 13A","tipo":"residential"},"geometry":{"type":"LineString","coordinates":[[-74.05744,4.66348],[-74.05696,4.66425],[-74.05602,4.66581]]}},{"type":"Feature","properties":{"id":"24645335","nom":"Carrera 14","tipo":"residential"},"geometry":{"type":"LineString","coordinates":[[-74.05547,4.66725],[-74.05545,4.66729],[-74.05501,4.66817],[-74.05465,4.6689],[-74.05461,4.66897]]}},{"type":"Feature","properties":{"id":"24663718","nom":"","tipo":"primary_link"},"geometry":{"type":"LineString","coordinates":[[-74.05797,4.6801],[-74.05794,4.6801],[-74.05792,4.6801],[-74.0579,4.6801],[-74.05789,4.6801],[-74.05787,4.68009],[-74.05786,4.68009],[-74.05785,4.68008],[-74.05783,4.68007],[-74.05782,4.68006],[-74.05781,4.68005],[-74.0578,4.68004],[-74.05779,4.68003],[-74.05779,4.68001],[-74.05778,4.67999],[-74.05778,4.67997],[-74.05778,4.67995],[-74.05778,4.67993],[-74.05778,4.67992],[-74.05778,4.6799],[-74.05779,4.67988],[-74.0578,4.67987],[-74.05781,4.67984],[-74.05782,4.67983],[-74.05784,4.6798],[-74.05792,4.67974],[-74.05807,4.67962]]}},{"type":"Feature","properties":{"id":"24663723","nom":"Carrera 19B","tipo":"residential"},"geometry":{"type":"LineString","coordinates":[[-74.05851,4.67158],[-74.05853,4.67154],[-74.05854,4.67152],[-74.05905,4.67049]]}},{"type":"Feature","properties":{"id":"24671241","nom":"Avenida Carrera 45","tipo":"trunk"},"geometry":{"type":"LineString","coordinates":[[-74.05759,4.68311],[-74.05753,4.68394]]}},{"type":"Feature","properties":{"id":"24671249","nom":"","tipo":"primary_link"},"geometry":{"type":"LineString","coordinates":[[-74.05863,4.67933],[-74.05878,4.67923],[-74.05903,4.67902],[-74.05922,4.67889],[-74.05945,4.67873]]}},{"type":"Feature","properties":{"id":"24671258","nom":"Avenida Calle 72","tipo":"secondary"},"geometry":{"type":"LineString","coordinates":[[-74.07261,4.66719],[-74.07411,4.66834]]}},{"type":"Feature","properties":{"id":"24677626","nom":"Avenida Calle 68","tipo":"secondary"},"geometry":{"type":"LineString","coordinates":[[-74.07525,4.66296],[-74.07517,4.6629]]}},{"type":"Feature","properties":{"id":"24677714","nom":"Calle 70A","tipo":"residential"},"geometry":{"type":"LineString","coordinates":[[-74.05979,4.65568],[-74.05975,4.65565],[-74.05917,4.65532],[-74.05795,4.65463],[-74.05791,4.65461],[-74.05788,4.65459],[-74.05741,4.65432],[-74.05613,4.65359],[-74.05608,4.65356]]}},{"type":"Feature","properties":{"id":"24677717","nom":"Calle 71","tipo":"residential"},"geometry":{"type":"LineString","coordinates":[[-74.05754,4.65516],[-74.05758,4.65519],[-74.05843,4.65577],[-74.05926,4.65636],[-74.0593,4.65639]]}},{"type":"Feature","properties":{"id":"24677732","nom":"Carrera 11A","tipo":"residential"},"geometry":{"type":"LineString","coordinates":[[-74.06142,4.65461],[-74.06078,4.65546]]}},{"type":"Feature","properties":{"id":"24677745","nom":"Calle 71","tipo":"residential"},"geometry":{"type":"LineString","coordinates":[[-74.06192,4.65789],[-74.06097,4.65725],[-74.06045,4.6569]]}},{"type":"Feature","properties":{"id":"24677748","nom":"Carrera 12","tipo":"residential"},"geometry":{"type":"LineString","coordinates":[[-74.06045,4.6569],[-74.05986,4.65779],[-74.05984,4.65782]]}},{"type":"Feature","properties":{"id":"24690414","nom":"Carrera 19","tipo":"tertiary"},"geometry":{"type":"LineString","coordinates":[[-74.06393,4.6609],[-74.06399,4.6608]]}},{"type":"Feature","properties":{"id":"24730522","nom":"","tipo":"trunk_link"},"geometry":{"type":"LineString","coordinates":[[-74.05877,4.67814],[-74.05888,4.67793],[-74.05899,4.6777],[-74.05908,4.67757]]}},{"type":"Feature","properties":{"id":"25312502","nom":"Calle 106","tipo":"tertiary"},"geometry":{"type":"LineString","coordinates":[[-74.06693,4.69319],[-74.06693,4.69322],[-74.06691,4.69325],[-74.06689,4.69327],[-74.06651,4.6935],[-74.06639,4.69357],[-74.06598,4.69381]]}},{"type":"Feature","properties":{"id":"25312646","nom":"Transversal 59","tipo":"residential"},"geometry":{"type":"LineString","coordinates":[[-74.06584,4.69203],[-74.06585,4.69207],[-74.06588,4.69214],[-74.06599,4.6925],[-74.06604,4.69261],[-74.06648,4.69345],[-74.06651,4.6935],[-74.06654,4.69356]]}},{"type":"Feature","properties":{"id":"25312648","nom":"Carrera 54","tipo":"residential"},"geometry":{"type":"LineString","coordinates":[[-74.06344,4.69477],[-74.06344,4.69471]]}},{"type":"Feature","properties":{"id":"25312649","nom":"Calle 104B","tipo":"residential"},"geometry":{"type":"LineString","coordinates":[[-74.06421,4.69334],[-74.06396,4.69343],[-74.06371,4.69348],[-74.06344,4.69349]]}},{"type":"Feature","properties":{"id":"25312653","nom":"Transversal 58A","tipo":"residential"},"geometry":{"type":"LineString","coordinates":[[-74.06524,4.69131],[-74.06526,4.69133],[-74.06527,4.69135],[-74.06547,4.69206]]}},{"type":"Feature","properties":{"id":"25312654","nom":"Calle 103","tipo":"residential"},"geometry":{"type":"LineString","coordinates":[[-74.06524,4.69131],[-74.06521,4.6913],[-74.06519,4.6913],[-74.06471,4.69141],[-74.06469,4.69142],[-74.06468,4.69144]]}},{"type":"Feature","properties":{"id":"25312658","nom":"Calle 103B","tipo":"residential"},"geometry":{"type":"LineString","coordinates":[[-74.06409,4.6916],[-74.06407,4.69159],[-74.06405,4.69159],[-74.06354,4.69171],[-74.06352,4.69172],[-74.06351,4.69174]]}},{"type":"Feature","properties":{"id":"25312663","nom":"Transversal 54C","tipo":"residential"},"geometry":{"type":"LineString","coordinates":[[-74.06323,4.6928],[-74.06321,4.69277],[-74.06294,4.69194],[-74.06292,4.69192],[-74.06289,4.6919],[-74.0628,4.6919],[-74.06278,4.6919],[-74.06276,4.6919]]}},{"type":"Feature","properties":{"id":"26495330","nom":"Calle 105","tipo":"residential"},"geometry":{"type":"LineString","coordinates":[[-74.05348,4.69246],[-74.05357,4.69248],[-74.05386,4.69253],[-74.05427,4.6926],[-74.05504,4.69272]]}},{"type":"Feature","properties":{"id":"26662796","nom":"Carrera 23","tipo":"residential"},"geometry":{"type":"LineString","coordinates":[[-74.05595,4.68712],[-74.05595,4.68717],[-74.05594,4.6872],[-74.0559,4.68746],[-74.05575,4.6884],[-74.05569,4.68881],[-74.05566,4.68902],[-74.0556,4.68936],[-74.0556,4.68937],[-74.0556,4.6894],[-74.05559,4.68944]]}},{"type":"Feature","properties":{"id":"26662799","nom":"Calle 101","tipo":"residential"},"geometry":{"type":"LineString","coordinates":[[-74.05511,4.68746],[-74.05505,4.68745],[-74.05441,4.68734],[-74.05434,4.68733]]}},{"type":"Feature","properties":{"id":"26683818","nom":"Carrera 23","tipo":"residential"},"geometry":{"type":"LineString","coordinates":[[-74.05504,4.69272],[-74.05506,4.69263],[-74.05518,4.69192],[-74.05525,4.69148]]}},{"type":"Feature","properties":{"id":"26683819","nom":"Calle 104A","tipo":"residential"},"geometry":{"type":"LineString","coordinates":[[-74.0536,4.69166],[-74.05372,4.69168],[-74.054,4.69172],[-74.05511,4.69191],[-74.05518,4.69192]]}},{"type":"Feature","properties":{"id":"27442353","nom":"Calle 78","tipo":"residential"},"geometry":{"type":"LineString","coordinates":[[-74.08056,4.68025],[-74.08098,4.68074],[-74.08106,4.68085],[-74.08126,4.6811],[-74.08164,4.6816],[-74.08168,4.68165]]}},{"type":"Feature","properties":{"id":"28158966","nom":"Calle 94A","tipo":"residential"},"geometry":{"type":"LineString","coordinates":[[-74.05528,4.68213],[-74.05531,4.68213],[-74.05536,4.68214],[-74.05669,4.68237],[-74.05673,4.68238],[-74.05677,4.68239]]}},{"type":"Feature","properties":{"id":"28158989","nom":"Calle 97","tipo":"tertiary"},"geometry":{"type":"LineString","coordinates":[[-74.06969,4.68701],[-74.06965,4.68699],[-74.06922,4.68678],[-74.0692,4.68676],[-74.06918,4.68675],[-74.06913,4.68673],[-74.06868,4.6865],[-74.06824,4.68628],[-74.06772,4.68602]]}},{"type":"Feature","properties":{"id":"28158993","nom":"Carrera 58","tipo":"residential"},"geometry":{"type":"LineString","coordinates":[[-74.06555,4.68045],[-74.06548,4.68096],[-74.0654,4.68155],[-74.06534,4.68201],[-74.06528,4.68244],[-74.06523,4.6828],[-74.06517,4.68322],[-74.06511,4.68369],[-74.06495,4.68489]]}},{"type":"Feature","properties":{"id":"28159029","nom":"Carrera 47","tipo":"tertiary"},"geometry":{"type":"LineString","coordinates":[[-74.06025,4.6784],[-74.0604,4.67834],[-74.06044,4.67834],[-74.0605,4.67834],[-74.06053,4.67836],[-74.06056,4.67838],[-74.06058,4.67841],[-74.0606,4.67844]]}},{"type":"Feature","properties":{"id":"28159674","nom":"Avenida Carrera 50","tipo":"tertiary"},"geometry":{"type":"LineString","coordinates":[[-74.0627,4.68326],[-74.06266,4.68336],[-74.06261,4.68349],[-74.06258,4.68363],[-74.06254,4.68374],[-74.0625,4.68383],[-74.06244,4.68393],[-74.0624,4.68399]]}},{"type":"Feature","properties":{"id":"28159860","nom":"Carrera 16","tipo":"residential"},"geometry":{"type":"LineString","coordinates":[[-74.0547,4.67279],[-74.05515,4.67184],[-74.05519,4.67175]]}},{"type":"Feature","properties":{"id":"28159861","nom":"Calle 86","tipo":"residential"},"geometry":{"type":"LineString","coordinates":[[-74.05533,4.67149],[-74.0554,4.67152],[-74.05585,4.67174]]}},{"type":"Feature","properties":{"id":"28159863","nom":"Calle 88","tipo":"residential"},"geometry":{"type":"LineString","coordinates":[[-74.05808,4.67548],[-74.05736,4.67513]]}},{"type":"Feature","properties":{"id":"28159864","nom":"Carrera 19A","tipo":"residential"},"geometry":{"type":"LineString","coordinates":[[-74.05736,4.67513],[-74.05704,4.6758],[-74.05676,4.67634]]}},{"type":"Feature","properties":{"id":"28159866","nom":"Carrera 19C","tipo":"residential"},"geometry":{"type":"LineString","coordinates":[[-74.05808,4.67548],[-74.05775,4.67615],[-74.05747,4.67672],[-74.05713,4.6774],[-74.05689,4.67787]]}},{"type":"Feature","properties":{"id":"28159867","nom":"Carrera 19","tipo":"residential"},"geometry":{"type":"LineString","coordinates":[[-74.05607,4.67599],[-74.05634,4.67545],[-74.05667,4.67478]]}},{"type":"Feature","properties":{"id":"28159891","nom":"Calle 86","tipo":"tertiary"},"geometry":{"type":"LineString","coordinates":[[-74.06488,4.67562],[-74.06496,4.67562],[-74.06498,4.67562],[-74.065,4.67563],[-74.06502,4.67565],[-74.06521,4.67598],[-74.06524,4.67602]]}},{"type":"Feature","properties":{"id":"28159911","nom":"Calle 83A","tipo":"residential"},"geometry":{"type":"LineString","coordinates":[[-74.06155,4.67172],[-74.06206,4.67182],[-74.06215,4.67183],[-74.06294,4.67198],[-74.06299,4.67199]]}},{"type":"Feature","properties":{"id":"28224284","nom":"Carrera 16A","tipo":"residential"},"geometry":{"type":"LineString","coordinates":[[-74.05585,4.67174],[-74.05632,4.67077],[-74.05634,4.67072],[-74.05636,4.67068]]}},{"type":"Feature","properties":{"id":"28224286","nom":"Carrera 19","tipo":"residential"},"geometry":{"type":"LineString","coordinates":[[-74.05675,4.67257],[-74.05627,4.67353]]}},{"type":"Feature","properties":{"id":"28224292","nom":"Calle 72A","tipo":"residential"},"geometry":{"type":"LineString","coordinates":[[-74.06362,4.66141],[-74.06358,4.66138],[-74.06293,4.66095],[-74.06288,4.66091]]}},{"type":"Feature","properties":{"id":"28224332","nom":"Carrera 21","tipo":"residential"},"geometry":{"type":"LineString","coordinates":[[-74.06977,4.65493],[-74.06966,4.65515]]}},{"type":"Feature","properties":{"id":"28234271","nom":"Transversal 69 Bis","tipo":"tertiary"},"geometry":{"type":"LineString","coordinates":[[-74.08926,4.68157],[-74.08922,4.68162],[-74.08867,4.68243],[-74.08797,4.68345],[-74.08742,4.68427]]}},{"type":"Feature","properties":{"id":"28288541","nom":"Calle 91A","tipo":"residential"},"geometry":{"type":"LineString","coordinates":[[-74.05557,4.67702],[-74.05558,4.67704],[-74.05559,4.67707],[-74.05561,4.67709],[-74.05563,4.67711],[-74.05566,4.67713],[-74.05622,4.67741]]}},{"type":"Feature","properties":{"id":"28290563","nom":"Calle 66A","tipo":"residential"},"geometry":{"type":"LineString","coordinates":[[-74.06728,4.65569],[-74.06648,4.65517],[-74.06645,4.65514],[-74.06641,4.65512],[-74.06577,4.65476],[-74.06569,4.65471]]}},{"type":"Feature","properties":{"id":"28290596","nom":"Calle 70","tipo":"residential"},"geometry":{"type":"LineString","coordinates":[[-74.06258,4.65657],[-74.06313,4.65667]]}},{"type":"Feature","properties":{"id":"28290840","nom":"Calle 94A","tipo":"residential"},"geometry":{"type":"LineString","coordinates":[[-74.07225,4.68603],[-74.07157,4.68569],[-74.07109,4.68545],[-74.07063,4.68522]]}},{"type":"Feature","properties":{"id":"28290854","nom":"Calle 98A","tipo":"residential"},"geometry":{"type":"LineString","coordinates":[[-74.06807,4.68768],[-74.06782,4.68755],[-74.06775,4.68752],[-74.06691,4.6874],[-74.0655,4.68719]]}},{"type":"Feature","properties":{"id":"28290879","nom":"Calle 104B","tipo":"residential"},"geometry":{"type":"LineString","coordinates":[[-74.0649,4.69297],[-74.06549,4.69279],[-74.06604,4.69261]]}},{"type":"Feature","properties":{"id":"28290882","nom":"Transversal 58","tipo":"residential"},"geometry":{"type":"LineString","coordinates":[[-74.06598,4.69381],[-74.06595,4.69375],[-74.06567,4.69319],[-74.06549,4.69279]]}},{"type":"Feature","properties":{"id":"28291036","nom":"Calle 95","tipo":"residential"},"geometry":{"type":"LineString","coordinates":[[-74.07211,4.68679],[-74.07267,4.68699]]}},{"type":"Feature","properties":{"id":"28291049","nom":"Carrera 67A","tipo":"tertiary"},"geometry":{"type":"LineString","coordinates":[[-74.072,4.68902],[-74.07201,4.68895],[-74.07202,4.6889],[-74.07203,4.68885],[-74.07205,4.68879],[-74.0721,4.68858],[-74.07228,4.68807],[-74.07237,4.68778],[-74.07267,4.68699]]}},{"type":"Feature","properties":{"id":"28312945","nom":"Carrera 29C","tipo":"residential"},"geometry":{"type":"LineString","coordinates":[[-74.07559,4.66418],[-74.07548,4.6643],[-74.0751,4.66471],[-74.07504,4.66478],[-74.07499,4.66483]]}},{"type":"Feature","properties":{"id":"28312946","nom":"Calle 70","tipo":"residential"},"geometry":{"type":"LineString","coordinates":[[-74.07499,4.66483],[-74.07445,4.66444]]}},{"type":"Feature","properties":{"id":"28312948","nom":"Carrera 29A","tipo":"residential"},"geometry":{"type":"LineString","coordinates":[[-74.07379,4.66395],[-74.07465,4.66274],[-74.07468,4.6627]]}},{"type":"Feature","properties":{"id":"28312954","nom":"Calle 66","tipo":"residential"},"geometry":{"type":"LineString","coordinates":[[-74.07612,4.66112],[-74.0764,4.66132],[-74.07642,4.66133],[-74.07648,4.66138]]}},{"type":"Feature","properties":{"id":"28312970","nom":"Carrera 29B","tipo":"residential"},"geometry":{"type":"LineString","coordinates":[[-74.07675,4.66031],[-74.07665,4.66042],[-74.07633,4.66084],[-74.07615,4.66108],[-74.07612,4.66112]]}},{"type":"Feature","properties":{"id":"28313941","nom":"Carrera 68C","tipo":"tertiary"},"geometry":{"type":"LineString","coordinates":[[-74.08721,4.67931],[-74.08718,4.67934],[-74.08688,4.67964],[-74.0865,4.68004],[-74.08625,4.68031],[-74.08582,4.68074],[-74.08553,4.68104]]}},{"type":"Feature","properties":{"id":"28313944","nom":"","tipo":"primary_link"},"geometry":{"type":"LineString","coordinates":[[-74.08528,4.6789],[-74.08541,4.67885],[-74.08552,4.67883],[-74.08554,4.67883],[-74.08562,4.67882],[-74.08573,4.67883],[-74.08579,4.67885],[-74.08607,4.67897],[-74.08614,4.67899],[-74.08621,4.679],[-74.08626,4.67901],[-74.08632,4.67901],[-74.08638,4.67901],[-74.08673,4.679],[-74.08679,4.679],[-74.08684,4.67902],[-74.0869,4.67904],[-74.08702,4.6791]]}},{"type":"Feature","properties":{"id":"28313974","nom":"Calle 74A","tipo":"residential"},"geometry":{"type":"LineString","coordinates":[[-74.08553,4.68104],[-74.08505,4.68043]]}},{"type":"Feature","properties":{"id":"28340307","nom":"","tipo":"trunk_link"},"geometry":{"type":"LineString","coordinates":[[-74.07764,4.65828],[-74.07779,4.65784],[-74.07781,4.6578],[-74.07784,4.65776]]}},{"type":"Feature","properties":{"id":"28340349","nom":"","tipo":"trunk_link"},"geometry":{"type":"LineString","coordinates":[[-74.06796,4.67539],[-74.06807,4.67524],[-74.0683,4.67497],[-74.06833,4.67494],[-74.06835,4.67493],[-74.06837,4.67492],[-74.06839,4.67491],[-74.06842,4.67491],[-74.06846,4.67491],[-74.06848,4.67491],[-74.06851,4.67491],[-74.06853,4.67492]]}},{"type":"Feature","properties":{"id":"28340364","nom":"Calle 99","tipo":"residential"},"geometry":{"type":"LineString","coordinates":[[-74.06088,4.68697],[-74.06086,4.68697],[-74.06037,4.68688],[-74.05989,4.6868]]}},{"type":"Feature","properties":{"id":"28340401","nom":"","tipo":"trunk_link"},"geometry":{"type":"LineString","coordinates":[[-74.05663,4.69108],[-74.05675,4.69081],[-74.05686,4.69054],[-74.05701,4.69022]]}},{"type":"Feature","properties":{"id":"28357630","nom":"Carrera 52","tipo":"residential"},"geometry":{"type":"LineString","coordinates":[[-74.06208,4.69486],[-74.06207,4.69489],[-74.06207,4.69491],[-74.06207,4.69492],[-74.06184,4.69619],[-74.06184,4.69621],[-74.06183,4.69624],[-74.06182,4.69631]]}},{"type":"Feature","properties":{"id":"28357637","nom":"Carrera 45A","tipo":"residential"},"geometry":{"type":"LineString","coordinates":[[-74.05786,4.68931],[-74.05776,4.6899],[-74.05759,4.69088],[-74.05749,4.69143],[-74.05739,4.69202]]}},{"type":"Feature","properties":{"id":"28357639","nom":"Calle 104A","tipo":"residential"},"geometry":{"type":"LineString","coordinates":[[-74.0567,4.69197],[-74.05675,4.69195],[-74.05678,4.69194],[-74.0571,4.692],[-74.05717,4.69198]]}},{"type":"Feature","properties":{"id":"28357660","nom":"Carrera 48","tipo":"residential"},"geometry":{"type":"LineString","coordinates":[[-74.0586,4.69593],[-74.05861,4.69587],[-74.05876,4.69502],[-74.05879,4.69498]]}},{"type":"Feature","properties":{"id":"28357675","nom":"Carrera 50","tipo":"tertiary"},"geometry":{"type":"LineString","coordinates":[[-74.06148,4.6899],[-74.06147,4.68997],[-74.06125,4.69131],[-74.06125,4.69132],[-74.06124,4.69138]]}},{"type":"Feature","properties":{"id":"28357676","nom":"Calle 102","tipo":"residential"},"geometry":{"type":"LineString","coordinates":[[-74.0616,4.68918],[-74.06264,4.68935],[-74.06268,4.68936]]}},{"type":"Feature","properties":{"id":"28357696","nom":"Calle 98A","tipo":"residential"},"geometry":{"type":"LineString","coordinates":[[-74.06367,4.68847],[-74.06368,4.68841],[-74.06394,4.68753],[-74.06395,4.6875],[-74.06398,4.68747],[-74.06408,4.68743],[-74.06437,4.6873],[-74.06443,4.68727]]}},{"type":"Feature","properties":{"id":"28357743","nom":"Calle 79A","tipo":"residential"},"geometry":{"type":"LineString","coordinates":[[-74.07174,4.67482],[-74.07184,4.67484],[-74.07193,4.67488],[-74.07229,4.67512],[-74.07235,4.67516],[-74.07253,4.67527],[-74.07258,4.67529],[-74.07262,4.67528],[-74.07268,4.67526]]}},{"type":"Feature","properties":{"id":"28357762","nom":"Calle 71A","tipo":"residential"},"geometry":{"type":"LineString","coordinates":[[-74.07453,4.66675],[-74.07461,4.66673],[-74.07464,4.66673],[-74.07466,4.66673],[-74.07469,4.66673],[-74.07473,4.66675],[-74.07476,4.66677],[-74.07497,4.66694]]}},{"type":"Feature","properties":{"id":"28435485","nom":"Calle 104C","tipo":"residential"},"geometry":{"type":"LineString","coordinates":[[-74.05784,4.69294],[-74.0587,4.69307],[-74.05904,4.69313]]}},{"type":"Feature","properties":{"id":"28435491","nom":"Carrera 48A","tipo":"residential"},"geometry":{"type":"LineString","coordinates":[[-74.05939,4.6944],[-74.05938,4.69445],[-74.05928,4.69505]]}},{"type":"Feature","properties":{"id":"28435493","nom":"Calle 103","tipo":"residential"},"geometry":{"type":"LineString","coordinates":[[-74.05864,4.69007],[-74.05861,4.69005],[-74.05833,4.69]]}},{"type":"Feature","properties":{"id":"28435494","nom":"Calle 103","tipo":"residential"},"geometry":{"type":"LineString","coordinates":[[-74.05921,4.69014],[-74.0595,4.69018],[-74.05953,4.69021]]}},{"type":"Feature","properties":{"id":"28435502","nom":"Calle 101A","tipo":"residential"},"geometry":{"type":"LineString","coordinates":[[-74.05908,4.68823],[-74.05964,4.68832],[-74.06028,4.68845]]}},{"type":"Feature","properties":{"id":"28435519","nom":"Carrera 47","tipo":"residential"},"geometry":{"type":"LineString","coordinates":[[-74.05793,4.69599],[-74.05794,4.69589],[-74.05795,4.69584],[-74.05811,4.69486],[-74.05821,4.69426],[-74.05822,4.69421]]}},{"type":"Feature","properties":{"id":"28457365","nom":"Calle 96","tipo":"residential"},"geometry":{"type":"LineString","coordinates":[[-74.0565,4.68396],[-74.05646,4.68395],[-74.05641,4.68394],[-74.05533,4.68377],[-74.05505,4.68372],[-74.05502,4.68371]]}},{"type":"Feature","properties":{"id":"28457614","nom":"Calle 91","tipo":"residential"},"geometry":{"type":"LineString","coordinates":[[-74.05768,4.67767],[-74.05801,4.67783]]}},{"type":"Feature","properties":{"id":"28457627","nom":"Calle 86A","tipo":"residential"},"geometry":{"type":"LineString","coordinates":[[-74.05781,4.67309],[-74.05834,4.67334]]}},{"type":"Feature","properties":{"id":"28457634","nom":"Carrera 19B","tipo":"residential"},"geometry":{"type":"LineString","coordinates":[[-74.05846,4.67169],[-74.05844,4.67173],[-74.05796,4.67277],[-74.05784,4.67299],[-74.05781,4.67309],[-74.05736,4.67405]]}},{"type":"Feature","properties":{"id":"28457658","nom":"Calle 83","tipo":"residential"},"geometry":{"type":"LineString","coordinates":[[-74.05867,4.6699],[-74.05859,4.66986],[-74.05842,4.66979],[-74.05816,4.66966]]}},{"type":"Feature","properties":{"id":"28457660","nom":"Calle 79A","tipo":"residential"},"geometry":{"type":"LineString","coordinates":[[-74.05896,4.66688],[-74.05907,4.66695],[-74.05947,4.66715]]}},{"type":"Feature","properties":{"id":"28457666","nom":"Carrera 19A","tipo":"residential"},"geometry":{"type":"LineString","coordinates":[[-74.05853,4.67022],[-74.05802,4.67128],[-74.05801,4.67129],[-74.058,4.67133]]}},{"type":"Feature","properties":{"id":"28457670","nom":"Carrera 18","tipo":"residential"},"geometry":{"type":"LineString","coordinates":[[-74.05761,4.6694],[-74.05763,4.66937],[-74.05768,4.66925],[-74.05808,4.66843],[-74.0581,4.66839]]}},{"type":"Feature","properties":{"id":"28457746","nom":"Carrera 16A","tipo":"residential"},"geometry":{"type":"LineString","coordinates":[[-74.05761,4.66808],[-74.05764,4.66803],[-74.05784,4.66768],[-74.05789,4.66758],[-74.05793,4.66751],[-74.05797,4.66745],[-74.05818,4.66707],[-74.05837,4.66673],[-74.05843,4.66662],[-74.05881,4.66595],[-74.05884,4.66589],[-74.05889,4.66581],[-74.05935,4.66498],[-74.05961,4.66452],[-74.05962,4.66449],[-74.05964,4.66446],[-74.05965,4.66444]]}},{"type":"Feature","properties":{"id":"28458210","nom":"Calle 74A","tipo":"residential"},"geometry":{"type":"LineString","coordinates":[[-74.06568,4.66521],[-74.06564,4.66518],[-74.0651,4.66483],[-74.06506,4.6648]]}},{"type":"Feature","properties":{"id":"28458223","nom":"Calle 75","tipo":"residential"},"geometry":{"type":"LineString","coordinates":[[-74.06878,4.66786],[-74.06911,4.66813],[-74.06917,4.66818],[-74.06925,4.66825]]}},{"type":"Feature","properties":{"id":"28458232","nom":"Calle 74A","tipo":"residential"},"geometry":{"type":"LineString","coordinates":[[-74.06914,4.66744],[-74.06854,4.66707]]}},{"type":"Feature","properties":{"id":"28458247","nom":"Calle 78","tipo":"tertiary"},"geometry":{"type":"LineString","coordinates":[[-74.06967,4.6718],[-74.06962,4.67177],[-74.06923,4.67151]]}},{"type":"Feature","properties":{"id":"28458875","nom":"Carrera 27","tipo":"residential"},"geometry":{"type":"LineString","coordinates":[[-74.07112,4.66013],[-74.07115,4.66008],[-74.0717,4.65927]]}},{"type":"Feature","properties":{"id":"28458920","nom":"Carrera 28A","tipo":"tertiary"},"geometry":{"type":"LineString","coordinates":[[-74.07056,4.66557],[-74.07058,4.66554],[-74.07071,4.66538],[-74.0712,4.66469],[-74.07137,4.66447],[-74.07194,4.66368]]}},{"type":"Feature","properties":{"id":"28458980","nom":"Carrera 29","tipo":"residential"},"geometry":{"type":"LineString","coordinates":[[-74.0719,4.66565],[-74.07239,4.66499],[-74.07286,4.66433],[-74.07337,4.66364],[-74.07426,4.66248],[-74.0743,4.66242]]}},{"type":"Feature","properties":{"id":"28459330","nom":"Diagonal 71A Bis","tipo":"residential"},"geometry":{"type":"LineString","coordinates":[[-74.06541,4.66179],[-74.06539,4.66171],[-74.06533,4.6615],[-74.06527,4.66135]]}},{"type":"Feature","properties":{"id":"28459366","nom":"Carrera 27","tipo":"residential"},"geometry":{"type":"LineString","coordinates":[[-74.06905,4.66314],[-74.06847,4.66395],[-74.06845,4.66398]]}},{"type":"Feature","properties":{"id":"28459367","nom":"Carrera 27A","tipo":"residential"},"geometry":{"type":"LineString","coordinates":[[-74.06947,4.66345],[-74.06895,4.66419],[-74.06889,4.66427],[-74.06887,4.6643]]}},{"type":"Feature","properties":{"id":"28459384","nom":"Calle 71A","tipo":"residential"},"geometry":{"type":"LineString","coordinates":[[-74.07193,4.66466],[-74.07239,4.66499],[-74.07292,4.66538],[-74.07342,4.66575],[-74.0739,4.6661],[-74.07413,4.66626]]}},{"type":"Feature","properties":{"id":"28459391","nom":"Calle 71C","tipo":"residential"},"geometry":{"type":"LineString","coordinates":[[-74.07143,4.66533],[-74.0719,4.66565],[-74.07234,4.66595]]}},{"type":"Feature","properties":{"id":"28459427","nom":"Carrera 27A","tipo":"residential"},"geometry":{"type":"LineString","coordinates":[[-74.06881,4.66439],[-74.0688,4.66441],[-74.06841,4.66496]]}},{"type":"Feature","properties":{"id":"28459471","nom":"Carrera 26","tipo":"residential"},"geometry":{"type":"LineString","coordinates":[[-74.06688,4.66533],[-74.06693,4.66526],[-74.06739,4.66461]]}},{"type":"Feature","properties":{"id":"28459484","nom":"Carrera 27A","tipo":"residential"},"geometry":{"type":"LineString","coordinates":[[-74.06479,4.67053],[-74.06482,4.67048],[-74.06501,4.67019],[-74.06564,4.6692]]}},{"type":"Feature","properties":{"id":"28459580","nom":"Carrera 29","tipo":"residential"},"geometry":{"type":"LineString","coordinates":[[-74.0668,4.67282],[-74.06671,4.67268],[-74.06668,4.67262],[-74.06666,4.67258],[-74.06666,4.67252],[-74.06666,4.67248],[-74.06667,4.67243],[-74.0667,4.67239],[-74.06672,4.67236],[-74.06735,4.67161],[-74.06808,4.67078],[-74.06865,4.67012],[-74.06902,4.66967],[-74.06903,4.66965],[-74.06905,4.66962],[-74.06943,4.66902],[-74.06977,4.6685],[-74.0704,4.66767],[-74.07043,4.66764],[-74.07048,4.66758],[-74.07092,4.66697],[-74.07137,4.66633],[-74.07139,4.66631]]}},{"type":"Feature","properties":{"id":"28459620","nom":"Calle 74A","tipo":"residential"},"geometry":{"type":"LineString","coordinates":[[-74.07147,4.6689],[-74.07117,4.66866],[-74.07114,4.66865]]}},{"type":"Feature","properties":{"id":"28459664","nom":"Carrera 28","tipo":"tertiary"},"geometry":{"type":"LineString","coordinates":[[-74.06901,4.66655],[-74.06896,4.66657],[-74.06892,4.66661],[-74.06885,4.66668],[-74.06854,4.66707],[-74.06837,4.66727],[-74.06819,4.66747],[-74.06782,4.66793],[-74.06742,4.66842],[-74.06739,4.66846],[-74.06737,4.66848],[-74.06732,4.66853],[-74.06692,4.66899],[-74.0664,4.66958],[-74.06634,4.66965],[-74.0663,4.66969],[-74.06616,4.66985],[-74.06596,4.67007],[-74.06579,4.67027],[-74.06564,4.67045],[-74.06557,4.67054],[-74.06549,4.67064],[-74.06528,4.6709],[-74.06527,4.67091],[-74.06524,4.67094],[-74.06522,4.67097],[-74.06519,4.67101]]}},{"type":"Feature","properties":{"id":"28459685","nom":"Carrera 27","tipo":"residential"},"geometry":{"type":"LineString","coordinates":[[-74.06514,4.66888],[-74.06451,4.66983],[-74.06451,4.66985],[-74.06451,4.66986]]}},{"type":"Feature","properties":{"id":"28459690","nom":"Calle 73 Bis","tipo":"residential"},"geometry":{"type":"LineString","coordinates":[[-74.06656,4.66405],[-74.06662,4.66409],[-74.06697,4.66433]]}},{"type":"Feature","properties":{"id":"28531980","nom":"Carrera 27A","tipo":"residential"},"geometry":{"type":"LineString","coordinates":[[-74.07428,4.65598],[-74.07425,4.65612],[-74.07411,4.6565],[-74.07386,4.65715],[-74.07369,4.65761],[-74.07342,4.65801],[-74.07293,4.65874],[-74.07289,4.6588],[-74.07286,4.65884],[-74.07284,4.65887],[-74.07229,4.65968],[-74.07174,4.66051],[-74.07171,4.66055]]}},{"type":"Feature","properties":{"id":"28596087","nom":"Carrera 29B","tipo":"residential"},"geometry":{"type":"LineString","coordinates":[[-74.07228,4.6671],[-74.07184,4.66765],[-74.07135,4.66825],[-74.07131,4.66831]]}},{"type":"Feature","properties":{"id":"28596222","nom":"Calle 83 Bis","tipo":"residential"},"geometry":{"type":"LineString","coordinates":[[-74.06417,4.67145],[-74.06362,4.67139],[-74.06328,4.67135],[-74.0632,4.67134]]}},{"type":"Feature","properties":{"id":"28596234","nom":"Calle 82","tipo":"residential"},"geometry":{"type":"LineString","coordinates":[[-74.06422,4.67045],[-74.06419,4.67043],[-74.06416,4.67042],[-74.06413,4.67041],[-74.06354,4.67035],[-74.0634,4.67033],[-74.06333,4.67033]]}},{"type":"Feature","properties":{"id":"28596264","nom":"","tipo":"trunk_link"},"geometry":{"type":"LineString","coordinates":[[-74.06604,4.67248],[-74.0664,4.67294],[-74.06678,4.6734],[-74.0668,4.67345],[-74.06682,4.67349],[-74.06682,4.67352],[-74.06683,4.67356],[-74.06683,4.67359],[-74.06683,4.67363],[-74.06683,4.67364],[-74.0668,4.67371],[-74.06673,4.67384],[-74.06668,4.67393],[-74.06659,4.6741]]}},{"type":"Feature","properties":{"id":"28596279","nom":"Calle 85A","tipo":"residential"},"geometry":{"type":"LineString","coordinates":[[-74.06453,4.67354],[-74.06506,4.67363],[-74.06555,4.67371],[-74.0657,4.67374]]}},{"type":"Feature","properties":{"id":"28596392","nom":"Carrera 52","tipo":"residential"},"geometry":{"type":"LineString","coordinates":[[-74.07496,4.66902],[-74.07493,4.66906],[-74.07477,4.66924],[-74.07446,4.66961],[-74.07389,4.67027]]}},{"type":"Feature","properties":{"id":"28596417","nom":"Carrera 55B","tipo":"residential"},"geometry":{"type":"LineString","coordinates":[[-74.07505,4.67408],[-74.07453,4.67469],[-74.07442,4.67482]]}},{"type":"Feature","properties":{"id":"28764226","nom":"Carrera 49","tipo":"residential"},"geometry":{"type":"LineString","coordinates":[[-74.06191,4.68087],[-74.0619,4.68091],[-74.0617,4.68217],[-74.06167,4.68231],[-74.06164,4.68252],[-74.0616,4.68273],[-74.06138,4.68409],[-74.06137,4.68413]]}},{"type":"Feature","properties":{"id":"28764227","nom":"Calle 91","tipo":"residential"},"geometry":{"type":"LineString","coordinates":[[-74.06171,4.67901],[-74.06174,4.679],[-74.06178,4.67899],[-74.06197,4.67903],[-74.06215,4.67906],[-74.06218,4.67908],[-74.06219,4.67911]]}},{"type":"Feature","properties":{"id":"28764228","nom":"Carrera 48","tipo":"residential"},"geometry":{"type":"LineString","coordinates":[[-74.06124,4.68157],[-74.06137,4.68083]]}},{"type":"Feature","properties":{"id":"28764231","nom":"Calle 94","tipo":"residential"},"geometry":{"type":"LineString","coordinates":[[-74.06063,4.68208],[-74.06008,4.682]]}},{"type":"Feature","properties":{"id":"28764233","nom":"Calle 91","tipo":"residential"},"geometry":{"type":"LineString","coordinates":[[-74.0606,4.67882],[-74.06112,4.67889],[-74.06115,4.67892]]}},{"type":"Feature","properties":{"id":"28764237","nom":"Carrera 46","tipo":"residential"},"geometry":{"type":"LineString","coordinates":[[-74.05952,4.68189],[-74.05974,4.68057],[-74.05975,4.68051]]}},{"type":"Feature","properties":{"id":"28764238","nom":"Carrera 45A","tipo":"residential"},"geometry":{"type":"LineString","coordinates":[[-74.05924,4.68042],[-74.05925,4.68039],[-74.05942,4.6795],[-74.05945,4.6794],[-74.05948,4.67931],[-74.05976,4.67887],[-74.05979,4.67883],[-74.05985,4.67878],[-74.05991,4.67878],[-74.05997,4.6788],[-74.06001,4.67885]]}},{"type":"Feature","properties":{"id":"28764252","nom":"Carrera 49B","tipo":"residential"},"geometry":{"type":"LineString","coordinates":[[-74.06297,4.68105],[-74.06296,4.6811],[-74.06274,4.68244]]}},{"type":"Feature","properties":{"id":"28764253","nom":"Calle 91","tipo":"residential"},"geometry":{"type":"LineString","coordinates":[[-74.06278,4.67922],[-74.06282,4.6792],[-74.06286,4.67919],[-74.06303,4.67922],[-74.06322,4.67925],[-74.06324,4.67927],[-74.06326,4.6793]]}},{"type":"Feature","properties":{"id":"28764254","nom":"Calle 94","tipo":"residential"},"geometry":{"type":"LineString","coordinates":[[-74.06274,4.68244],[-74.06223,4.68236]]}},{"type":"Feature","properties":{"id":"28764255","nom":"Carrera 49A","tipo":"residential"},"geometry":{"type":"LineString","coordinates":[[-74.06246,4.68096],[-74.06247,4.68092],[-74.06275,4.67925],[-74.06278,4.67922]]}},{"type":"Feature","properties":{"id":"28764256","nom":"Carrera 49D","tipo":"residential"},"geometry":{"type":"LineString","coordinates":[[-74.06435,4.67944],[-74.06434,4.67949],[-74.06434,4.67953],[-74.0641,4.68106]]}},{"type":"Feature","properties":{"id":"28764260","nom":"Calle 91","tipo":"residential"},"geometry":{"type":"LineString","coordinates":[[-74.06382,4.67937],[-74.06384,4.67936],[-74.06388,4.67936],[-74.06407,4.67939],[-74.06428,4.67943],[-74.06431,4.67943],[-74.06435,4.67944]]}},{"type":"Feature","properties":{"id":"28764263","nom":"Carrera 49C","tipo":"residential"},"geometry":{"type":"LineString","coordinates":[[-74.06351,4.68114],[-74.06352,4.68109],[-74.06379,4.67943],[-74.0638,4.6794],[-74.06382,4.67937]]}},{"type":"Feature","properties":{"id":"28764266","nom":"Carrera 46","tipo":"residential"},"geometry":{"type":"LineString","coordinates":[[-74.0587,4.68552],[-74.05878,4.68527],[-74.05883,4.68507],[-74.05894,4.68471],[-74.05896,4.68465]]}},{"type":"Feature","properties":{"id":"28764276","nom":"Calle 94 Bis","tipo":"residential"},"geometry":{"type":"LineString","coordinates":[[-74.05947,4.68221],[-74.05895,4.68212]]}},{"type":"Feature","properties":{"id":"28764277","nom":"Carrera 45A","tipo":"residential"},"geometry":{"type":"LineString","coordinates":[[-74.05895,4.68212],[-74.05889,4.68245],[-74.05879,4.68307],[-74.05872,4.6835],[-74.0587,4.68364],[-74.05869,4.68367]]}},{"type":"Feature","properties":{"id":"28764286","nom":"Calle 97","tipo":"residential"},"geometry":{"type":"LineString","coordinates":[[-74.06055,4.68566],[-74.06052,4.68567],[-74.06011,4.68559]]}},{"type":"Feature","properties":{"id":"28764291","nom":"Calle 94 Bis","tipo":"residential"},"geometry":{"type":"LineString","coordinates":[[-74.06216,4.68271],[-74.06258,4.68277]]}},{"type":"Feature","properties":{"id":"28764293","nom":"Carrera 49A","tipo":"residential"},"geometry":{"type":"LineString","coordinates":[[-74.0619,4.68426],[-74.06191,4.68423],[-74.06191,4.6842],[-74.06216,4.68271]]}},{"type":"Feature","properties":{"id":"28764299","nom":"Carrera 51","tipo":"residential"},"geometry":{"type":"LineString","coordinates":[[-74.06163,4.68665],[-74.06168,4.68637],[-74.06171,4.68628],[-74.06175,4.68619],[-74.06186,4.68601]]}},{"type":"Feature","properties":{"id":"28764301","nom":"Carrera 48","tipo":"residential"},"geometry":{"type":"LineString","coordinates":[[-74.06037,4.68688],[-74.0605,4.68604]]}},{"type":"Feature","properties":{"id":"28764308","nom":"Calle 98","tipo":"residential"},"geometry":{"type":"LineString","coordinates":[[-74.0605,4.68604],[-74.06049,4.68601],[-74.06046,4.686],[-74.06005,4.68592]]}},{"type":"Feature","properties":{"id":"28764340","nom":"Carrera 60A","tipo":"residential"},"geometry":{"type":"LineString","coordinates":[[-74.0673,4.68141],[-74.06728,4.68138],[-74.06729,4.68118],[-74.06732,4.6809],[-74.06734,4.6807]]}},{"type":"Feature","properties":{"id":"28764353","nom":"Calle 94B","tipo":"residential"},"geometry":{"type":"LineString","coordinates":[[-74.06725,4.68397],[-74.06681,4.68392],[-74.06639,4.68386],[-74.06595,4.6838],[-74.06555,4.68375],[-74.06511,4.68369],[-74.06468,4.68363],[-74.06427,4.68358],[-74.06341,4.68346]]}},{"type":"Feature","properties":{"id":"28764354","nom":"Carrera 59","tipo":"residential"},"geometry":{"type":"LineString","coordinates":[[-74.06539,4.68499],[-74.06555,4.68375]]}},{"type":"Feature","properties":{"id":"28764381","nom":"Calle 94A","tipo":"residential"},"geometry":{"type":"LineString","coordinates":[[-74.06768,4.68354],[-74.06741,4.6835],[-74.06602,4.68332]]}},{"type":"Feature","properties":{"id":"28764386","nom":"Calle 93","tipo":"residential"},"geometry":{"type":"LineString","coordinates":[[-74.06766,4.68186],[-74.06696,4.68176],[-74.06625,4.68166]]}},{"type":"Feature","properties":{"id":"28764388","nom":"Calle 92A","tipo":"residential"},"geometry":{"type":"LineString","coordinates":[[-74.06895,4.68166],[-74.06772,4.6815],[-74.06734,4.68144],[-74.0673,4.68141]]}},{"type":"Feature","properties":{"id":"28764391","nom":"Diagonal 94 Bis","tipo":"residential"},"geometry":{"type":"LineString","coordinates":[[-74.06347,4.68307],[-74.06437,4.6828]]}},{"type":"Feature","properties":{"id":"28764399","nom":"Carrera 60 Bis","tipo":"residential"},"geometry":{"type":"LineString","coordinates":[[-74.06625,4.68497],[-74.06639,4.68386]]}},{"type":"Feature","properties":{"id":"28764401","nom":"Carrera 60A","tipo":"residential"},"geometry":{"type":"LineString","coordinates":[[-74.06681,4.68392],[-74.06674,4.68448]]}},{"type":"Feature","properties":{"id":"28764430","nom":"Carrera 60D","tipo":"residential"},"geometry":{"type":"LineString","coordinates":[[-74.06827,4.68378],[-74.06955,4.68228]]}},{"type":"Feature","properties":{"id":"28764437","nom":"Carrera 61A","tipo":"residential"},"geometry":{"type":"LineString","coordinates":[[-74.06791,4.68688],[-74.06822,4.68636],[-74.06823,4.68633],[-74.06824,4.68628]]}},{"type":"Feature","properties":{"id":"28764449","nom":"Carrera 61","tipo":"residential"},"geometry":{"type":"LineString","coordinates":[[-74.06722,4.68578],[-74.06726,4.68569],[-74.0674,4.68553],[-74.06757,4.68536],[-74.06796,4.68497],[-74.06823,4.68471],[-74.06834,4.6846],[-74.06872,4.68422]]}},{"type":"Feature","properties":{"id":"28819585","nom":"Carrera 58","tipo":"residential"},"geometry":{"type":"LineString","coordinates":[[-74.07228,4.68212],[-74.07263,4.68141],[-74.07301,4.68062],[-74.07331,4.68],[-74.0736,4.6794],[-74.07372,4.67914],[-74.07375,4.67908],[-74.07398,4.67861],[-74.074,4.67859],[-74.07404,4.67855],[-74.07408,4.67851]]}},{"type":"Feature","properties":{"id":"28819588","nom":"Calle 85","tipo":"residential"},"geometry":{"type":"LineString","coordinates":[[-74.07528,4.68178],[-74.07475,4.68158]]}},{"type":"Feature","properties":{"id":"28819591","nom":"Carrera 61","tipo":"residential"},"geometry":{"type":"LineString","coordinates":[[-74.07429,4.68261],[-74.07429,4.68256],[-74.07446,4.6822],[-74.07467,4.68176],[-74.07475,4.68158]]}},{"type":"Feature","properties":{"id":"28819594","nom":"Calle 85","tipo":"residential"},"geometry":{"type":"LineString","coordinates":[[-74.07595,4.68231],[-74.07593,4.68228],[-74.07568,4.68218],[-74.07526,4.682]]}},{"type":"Feature","properties":{"id":"28819599","nom":"Calle 84","tipo":"residential"},"geometry":{"type":"LineString","coordinates":[[-74.07552,4.68136],[-74.07545,4.68134],[-74.07496,4.68114]]}},{"type":"Feature","properties":{"id":"28819603","nom":"Calle 88","tipo":"residential"},"geometry":{"type":"LineString","coordinates":[[-74.07563,4.68317],[-74.07431,4.68264],[-74.07429,4.68261]]}},{"type":"Feature","properties":{"id":"28819604","nom":"Carrera 63","tipo":"residential"},"geometry":{"type":"LineString","coordinates":[[-74.07595,4.68231],[-74.07594,4.68235],[-74.0758,4.68273]]}},{"type":"Feature","properties":{"id":"28819607","nom":"Calle 86","tipo":"residential"},"geometry":{"type":"LineString","coordinates":[[-74.07499,4.68241],[-74.07446,4.6822]]}},{"type":"Feature","properties":{"id":"28819609","nom":"Calle 86","tipo":"residential"},"geometry":{"type":"LineString","coordinates":[[-74.07519,4.68249],[-74.0758,4.68273]]}},{"type":"Feature","properties":{"id":"28819682","nom":"Calle 94 Bis","tipo":"residential"},"geometry":{"type":"LineString","coordinates":[[-74.07033,4.68449],[-74.06944,4.68402]]}},{"type":"Feature","properties":{"id":"28819761","nom":"Calle 96A","tipo":"residential"},"geometry":{"type":"LineString","coordinates":[[-74.06844,4.68582],[-74.06757,4.68536]]}},{"type":"Feature","properties":{"id":"28819989","nom":"Calle 78","tipo":"tertiary"},"geometry":{"type":"LineString","coordinates":[[-74.07442,4.67482],[-74.07386,4.67447],[-74.07379,4.67442],[-74.07329,4.67411],[-74.07322,4.67407],[-74.07271,4.67375],[-74.07267,4.67373],[-74.07214,4.6734],[-74.07209,4.67337],[-74.07203,4.67333],[-74.07165,4.67308],[-74.07152,4.67301]]}},{"type":"Feature","properties":{"id":"28820027","nom":"Carrera 54","tipo":"residential"},"geometry":{"type":"LineString","coordinates":[[-74.07466,4.67143],[-74.07497,4.6711]]}},{"type":"Feature","properties":{"id":"28820036","nom":"Calle 74A","tipo":"residential"},"geometry":{"type":"LineString","coordinates":[[-74.07284,4.67043],[-74.0723,4.67001]]}},{"type":"Feature","properties":{"id":"28820047","nom":"Calle 75A","tipo":"residential"},"geometry":{"type":"LineString","coordinates":[[-74.07234,4.67101],[-74.07181,4.67063]]}},{"type":"Feature","properties":{"id":"28820162","nom":"Calle 79 Bis","tipo":"residential"},"geometry":{"type":"LineString","coordinates":[[-74.07668,4.67818],[-74.07733,4.67868]]}},{"type":"Feature","properties":{"id":"28820168","nom":"Calle 79","tipo":"residential"},"geometry":{"type":"LineString","coordinates":[[-74.07629,4.67728],[-74.07634,4.67732],[-74.07696,4.67781],[-74.07761,4.67832],[-74.07825,4.67882],[-74.07898,4.67939],[-74.07965,4.67991]]}},{"type":"Feature","properties":{"id":"28820747","nom":"Avenida Carrera 70","tipo":"secondary"},"geometry":{"type":"LineString","coordinates":[[-74.08872,4.68813],[-74.08876,4.68807],[-74.08899,4.68773],[-74.08928,4.68733],[-74.09006,4.6862],[-74.09008,4.68616],[-74.0901,4.68613],[-74.09013,4.68609],[-74.09043,4.68567],[-74.09095,4.68493],[-74.09123,4.68453],[-74.09153,4.68411],[-74.09155,4.68407]]}},{"type":"Feature","properties":{"id":"29059309","nom":"Calle 70A","tipo":"residential"},"geometry":{"type":"LineString","coordinates":[[-74.09065,4.68019],[-74.08981,4.67957],[-74.08977,4.67954]]}},{"type":"Feature","properties":{"id":"29059312","nom":"Calle 70B","tipo":"residential"},"geometry":{"type":"LineString","coordinates":[[-74.0904,4.68055],[-74.08988,4.68019]]}},{"type":"Feature","properties":{"id":"29059316","nom":"Calle 71","tipo":"residential"},"geometry":{"type":"LineString","coordinates":[[-74.09015,4.68089],[-74.08962,4.68053],[-74.08929,4.68029],[-74.08926,4.68027]]}},{"type":"Feature","properties":{"id":"29059329","nom":"Carrera 69C","tipo":"residential"},"geometry":{"type":"LineString","coordinates":[[-74.08954,4.68174],[-74.08958,4.68169],[-74.09006,4.68101],[-74.09015,4.68089],[-74.0904,4.68055],[-74.09065,4.68019],[-74.09082,4.67995],[-74.0909,4.67985]]}},{"type":"Feature","properties":{"id":"29059400","nom":"Carrera 69A","tipo":"residential"},"geometry":{"type":"LineString","coordinates":[[-74.08997,4.68006],[-74.08988,4.68019],[-74.08962,4.68053],[-74.08913,4.68119],[-74.08909,4.68124]]}},{"type":"Feature","properties":{"id":"29059418","nom":"Calle 68D","tipo":"tertiary"},"geometry":{"type":"LineString","coordinates":[[-74.08947,4.67736],[-74.08904,4.67695],[-74.08896,4.67688],[-74.08869,4.67662],[-74.08844,4.67638]]}},{"type":"Feature","properties":{"id":"29059426","nom":"Calle 69A","tipo":"residential"},"geometry":{"type":"LineString","coordinates":[[-74.08913,4.67772],[-74.08815,4.67674]]}},{"type":"Feature","properties":{"id":"29059430","nom":"Calle 70","tipo":"residential"},"geometry":{"type":"LineString","coordinates":[[-74.08882,4.67805],[-74.08786,4.67714]]}},{"type":"Feature","properties":{"id":"29059433","nom":"Calle 70A","tipo":"residential"},"geometry":{"type":"LineString","coordinates":[[-74.0885,4.67839],[-74.08757,4.67749]]}},{"type":"Feature","properties":{"id":"29059435","nom":"Calle 71","tipo":"tertiary"},"geometry":{"type":"LineString","coordinates":[[-74.0863,4.67721],[-74.08636,4.67719],[-74.0864,4.67718],[-74.08645,4.67717],[-74.08651,4.67718],[-74.08658,4.67721],[-74.08668,4.67729],[-74.08677,4.67737],[-74.08727,4.67786],[-74.08769,4.67827]]}},{"type":"Feature","properties":{"id":"29059438","nom":"Calle 68B","tipo":"tertiary"},"geometry":{"type":"LineString","coordinates":[[-74.08828,4.67588],[-74.08822,4.67583],[-74.08797,4.67568],[-74.08783,4.67561],[-74.08746,4.67539],[-74.08741,4.67536]]}},{"type":"Feature","properties":{"id":"29116625","nom":"Carrera 69","tipo":"residential"},"geometry":{"type":"LineString","coordinates":[[-74.07591,4.6906],[-74.07519,4.69109]]}},{"type":"Feature","properties":{"id":"29116639","nom":"Carrera 69B","tipo":"residential"},"geometry":{"type":"LineString","coordinates":[[-74.07856,4.68971],[-74.07795,4.69014],[-74.07779,4.69026],[-74.07766,4.69035],[-74.07759,4.69036]]}},{"type":"Feature","properties":{"id":"29116646","nom":"Calle 93A","tipo":"residential"},"geometry":{"type":"LineString","coordinates":[[-74.07799,4.687],[-74.07802,4.68702],[-74.07846,4.68764],[-74.07888,4.68821],[-74.07894,4.6883],[-74.07896,4.68834]]}},{"type":"Feature","properties":{"id":"29116653","nom":"Carrera 69","tipo":"residential"},"geometry":{"type":"LineString","coordinates":[[-74.07516,4.69104],[-74.07497,4.69117],[-74.07363,4.69213]]}},{"type":"Feature","properties":{"id":"29116665","nom":"Calle 100","tipo":"tertiary"},"geometry":{"type":"LineString","coordinates":[[-74.07175,4.68983],[-74.07245,4.69079]]}},{"type":"Feature","properties":{"id":"29116671","nom":"Calle 101","tipo":"residential"},"geometry":{"type":"LineString","coordinates":[[-74.07224,4.69138],[-74.07255,4.6918],[-74.07294,4.69236]]}},{"type":"Feature","properties":{"id":"29116676","nom":"Calle 102","tipo":"residential"},"geometry":{"type":"LineString","coordinates":[[-74.07214,4.69216],[-74.07252,4.69266]]}},{"type":"Feature","properties":{"id":"29116678","nom":"Calle 102A","tipo":"residential"},"geometry":{"type":"LineString","coordinates":[[-74.07117,4.69173],[-74.07097,4.69162],[-74.07089,4.69157],[-74.07073,4.69138],[-74.07068,4.69135],[-74.07063,4.69133],[-74.07049,4.69127]]}},{"type":"Feature","properties":{"id":"29116753","nom":"Carrera 69","tipo":"residential"},"geometry":{"type":"LineString","coordinates":[[-74.07998,4.68833],[-74.08054,4.68788],[-74.08088,4.68762],[-74.0811,4.68744],[-74.08125,4.68732],[-74.08137,4.68723],[-74.08144,4.68718]]}},{"type":"Feature","properties":{"id":"29116802","nom":"","tipo":"residential"},"geometry":{"type":"LineString","coordinates":[[-74.06791,4.68688],[-74.06756,4.68683],[-74.06707,4.68675],[-74.06655,4.68666],[-74.06609,4.6866],[-74.0656,4.68652]]}},{"type":"Feature","properties":{"id":"29116927","nom":"Calle 97A","tipo":"residential"},"geometry":{"type":"LineString","coordinates":[[-74.06563,4.68633],[-74.06477,4.68623]]}},{"type":"Feature","properties":{"id":"29116978","nom":"Calle 103","tipo":"residential"},"geometry":{"type":"LineString","coordinates":[[-74.06668,4.69045],[-74.06717,4.6907]]}},{"type":"Feature","properties":{"id":"29117082","nom":"Carrera 66","tipo":"residential"},"geometry":{"type":"LineString","coordinates":[[-74.06883,4.69317],[-74.06824,4.69462],[-74.06822,4.69466],[-74.06819,4.6947],[-74.06817,4.69472],[-74.06814,4.69475]]}},{"type":"Feature","properties":{"id":"29117139","nom":"Carrera 60A","tipo":"residential"},"geometry":{"type":"LineString","coordinates":[[-74.06696,4.68176],[-74.0668,4.6822]]}},{"type":"Feature","properties":{"id":"29117150","nom":"Carrera 58","tipo":"residential"},"geometry":{"type":"LineString","coordinates":[[-74.06614,4.6792],[-74.06539,4.68043]]}},{"type":"Feature","properties":{"id":"29117158","nom":"Calle 93B Bis","tipo":"residential"},"geometry":{"type":"LineString","coordinates":[[-74.06528,4.68244],[-74.06489,4.68239]]}},{"type":"Feature","properties":{"id":"29117165","nom":"Carrera 57A","tipo":"residential"},"geometry":{"type":"LineString","coordinates":[[-74.06489,4.68239],[-74.06495,4.68195]]}},{"type":"Feature","properties":{"id":"29117180","nom":"Calle 88B","tipo":"residential"},"geometry":{"type":"LineString","coordinates":[[-74.06217,4.67715],[-74.06222,4.67724],[-74.06223,4.67726],[-74.06261,4.67791],[-74.06264,4.67797],[-74.06281,4.67826]]}},{"type":"Feature","properties":{"id":"29117233","nom":"Calle 86D","tipo":"residential"},"geometry":{"type":"LineString","coordinates":[[-74.06384,4.67621],[-74.0639,4.6763],[-74.06429,4.677]]}},{"type":"Feature","properties":{"id":"29117311","nom":"Calle 88","tipo":"residential"},"geometry":{"type":"LineString","coordinates":[[-74.0608,4.67627],[-74.06133,4.67635],[-74.06179,4.67643]]}},{"type":"Feature","properties":{"id":"29117318","nom":"Carrera 23","tipo":"residential"},"geometry":{"type":"LineString","coordinates":[[-74.06179,4.67643],[-74.06197,4.67548],[-74.06198,4.67542]]}},{"type":"Feature","properties":{"id":"29117616","nom":"Carrera 68F","tipo":"tertiary"},"geometry":{"type":"LineString","coordinates":[[-74.08748,4.67948],[-74.08752,4.67944],[-74.08783,4.67911],[-74.08813,4.67879],[-74.08818,4.67873],[-74.08835,4.67855],[-74.08842,4.67847],[-74.0885,4.67839],[-74.08871,4.67816],[-74.08882,4.67805],[-74.08903,4.67783],[-74.08913,4.67772],[-74.08932,4.67751],[-74.08947,4.67736]]}},{"type":"Feature","properties":{"id":"29117623","nom":"Calle 68B","tipo":"residential"},"geometry":{"type":"LineString","coordinates":[[-74.08967,4.67714],[-74.09003,4.67749],[-74.09048,4.67793],[-74.09071,4.67816],[-74.09073,4.67818]]}},{"type":"Feature","properties":{"id":"29117641","nom":"Calle 69 Bis","tipo":"residential"},"geometry":{"type":"LineString","coordinates":[[-74.08932,4.67751],[-74.09032,4.67862],[-74.09035,4.67866],[-74.09038,4.67869]]}},{"type":"Feature","properties":{"id":"29117660","nom":"Calle 70 Bis","tipo":"residential"},"geometry":{"type":"LineString","coordinates":[[-74.0897,4.67927],[-74.08966,4.67922],[-74.08871,4.67816]]}},{"type":"Feature","properties":{"id":"29117677","nom":"Calle 70A Bis","tipo":"residential"},"geometry":{"type":"LineString","coordinates":[[-74.08939,4.67957],[-74.08935,4.67952],[-74.08842,4.67847]]}},{"type":"Feature","properties":{"id":"29117692","nom":"Calle 71","tipo":"residential"},"geometry":{"type":"LineString","coordinates":[[-74.08908,4.67987],[-74.08905,4.67984],[-74.08813,4.67879]]}},{"type":"Feature","properties":{"id":"29117696","nom":"Calle 71A","tipo":"residential"},"geometry":{"type":"LineString","coordinates":[[-74.08877,4.68018],[-74.08875,4.68015],[-74.08783,4.67911]]}},{"type":"Feature","properties":{"id":"29117702","nom":"Calle 69B","tipo":"residential"},"geometry":{"type":"LineString","coordinates":[[-74.09004,4.67892],[-74.09,4.67887],[-74.08903,4.67783]]}},{"type":"Feature","properties":{"id":"29117816","nom":"Calle 68","tipo":"residential"},"geometry":{"type":"LineString","coordinates":[[-74.08792,4.67444],[-74.08798,4.67447],[-74.08836,4.67468],[-74.08857,4.67479],[-74.08867,4.67486],[-74.0892,4.6754]]}},{"type":"Feature","properties":{"id":"29117840","nom":"Carrera 68B Bis","tipo":"residential"},"geometry":{"type":"LineString","coordinates":[[-74.08869,4.67662],[-74.08923,4.67599]]}},{"type":"Feature","properties":{"id":"29117844","nom":"Calle 68A Bis","tipo":"residential"},"geometry":{"type":"LineString","coordinates":[[-74.08926,4.67654],[-74.08977,4.67703]]}},{"type":"Feature","properties":{"id":"29117849","nom":"Carrera 68C","tipo":"residential"},"geometry":{"type":"LineString","coordinates":[[-74.08769,4.67827],[-74.08711,4.67899],[-74.08708,4.67903]]}},{"type":"Feature","properties":{"id":"29118016","nom":"Calle 70D","tipo":"residential"},"geometry":{"type":"LineString","coordinates":[[-74.08039,4.67239],[-74.08072,4.67289],[-74.08105,4.67337],[-74.08108,4.67342]]}},{"type":"Feature","properties":{"id":"29118022","nom":"Carrera 62","tipo":"residential"},"geometry":{"type":"LineString","coordinates":[[-74.08253,4.67268],[-74.08249,4.6727],[-74.08231,4.67283],[-74.08214,4.67295],[-74.08198,4.67307],[-74.0818,4.67319],[-74.08122,4.6736],[-74.08117,4.67364],[-74.08111,4.67368]]}},{"type":"Feature","properties":{"id":"29118088","nom":"Carrera 64","tipo":"tertiary"},"geometry":{"type":"LineString","coordinates":[[-74.08254,4.67475],[-74.08257,4.67472],[-74.0826,4.67471],[-74.08279,4.67458],[-74.08309,4.67439],[-74.08347,4.67415],[-74.0835,4.67413]]}},{"type":"Feature","properties":{"id":"29118091","nom":"Carrera 65B","tipo":"residential"},"geometry":{"type":"LineString","coordinates":[[-74.0843,4.6753],[-74.08427,4.67533],[-74.08394,4.67574],[-74.08392,4.67578],[-74.08385,4.67586]]}},{"type":"Feature","properties":{"id":"29118124","nom":"Calle 70C","tipo":"residential"},"geometry":{"type":"LineString","coordinates":[[-74.07673,4.66835],[-74.07703,4.66859],[-74.07753,4.66899],[-74.07807,4.66942],[-74.07862,4.66986],[-74.07929,4.67042]]}},{"type":"Feature","properties":{"id":"29678213","nom":"Calle 74D","tipo":"residential"},"geometry":{"type":"LineString","coordinates":[[-74.08899,4.68773],[-74.08903,4.68776],[-74.09009,4.68851],[-74.09015,4.68853]]}},{"type":"Feature","properties":{"id":"29766428","nom":"Calle 86","tipo":"residential"},"geometry":{"type":"LineString","coordinates":[[-74.05637,4.67203],[-74.05689,4.67228]]}},{"type":"Feature","properties":{"id":"29766518","nom":"Calle 86A","tipo":"residential"},"geometry":{"type":"LineString","coordinates":[[-74.05622,4.67234],[-74.05569,4.67208]]}},{"type":"Feature","properties":{"id":"29770141","nom":"Carrera 18","tipo":"residential"},"geometry":{"type":"LineString","coordinates":[[-74.05743,4.66974],[-74.05728,4.67008],[-74.05696,4.67077],[-74.05696,4.67078],[-74.05694,4.67082]]}},{"type":"Feature","properties":{"id":"29770178","nom":"Calle 84","tipo":"residential"},"geometry":{"type":"LineString","coordinates":[[-74.058,4.66999],[-74.05743,4.66974]]}},{"type":"Feature","properties":{"id":"29859140","nom":"","tipo":"primary_link"},"geometry":{"type":"LineString","coordinates":[[-74.05855,4.67676],[-74.0585,4.67724],[-74.05839,4.67789],[-74.05835,4.67806],[-74.05831,4.67822]]}},{"type":"Feature","properties":{"id":"29859289","nom":"","tipo":"primary_link"},"geometry":{"type":"LineString","coordinates":[[-74.05793,4.67893],[-74.05788,4.67898],[-74.05783,4.67904],[-74.0577,4.67915],[-74.05755,4.67925],[-74.05663,4.67989]]}},{"type":"Feature","properties":{"id":"29980013","nom":"Calle 97A","tipo":"residential"},"geometry":{"type":"LineString","coordinates":[[-74.06393,4.68618],[-74.06384,4.68618],[-74.06348,4.68616],[-74.06214,4.6861],[-74.06204,4.68609],[-74.06198,4.68607],[-74.06186,4.68601]]}},{"type":"Feature","properties":{"id":"29980050","nom":"Carrera 70C","tipo":"tertiary"},"geometry":{"type":"LineString","coordinates":[[-74.0888,4.69031],[-74.08846,4.69046],[-74.08824,4.69061],[-74.08811,4.6907],[-74.08803,4.69078],[-74.08796,4.69086],[-74.08786,4.69098],[-74.08778,4.69109],[-74.08737,4.69169],[-74.087,4.6922],[-74.0869,4.69232],[-74.08674,4.69246],[-74.08645,4.69271],[-74.0864,4.69274],[-74.08635,4.69275]]}},{"type":"Feature","properties":{"id":"30017100","nom":"Carrera 69P","tipo":"residential"},"geometry":{"type":"LineString","coordinates":[[-74.08837,4.68581],[-74.08748,4.68652],[-74.08744,4.68656],[-74.08742,4.68657],[-74.08655,4.68726],[-74.08653,4.68728],[-74.08651,4.6873],[-74.0856,4.68801],[-74.08468,4.68875],[-74.0838,4.68948],[-74.08379,4.68949]]}},{"type":"Feature","properties":{"id":"30017109","nom":"Carrera 69K","tipo":"tertiary"},"geometry":{"type":"LineString","coordinates":[[-74.08323,4.68892],[-74.08323,4.6889],[-74.08325,4.68886],[-74.08326,4.68884],[-74.08327,4.68882],[-74.08328,4.68882],[-74.08331,4.68879],[-74.08333,4.68876],[-74.08418,4.68812],[-74.08507,4.6874],[-74.08509,4.68738],[-74.08598,4.68665],[-74.08601,4.68663],[-74.08604,4.68661],[-74.08688,4.68595],[-74.08691,4.68593],[-74.08693,4.68591],[-74.08697,4.68588],[-74.08783,4.68518],[-74.08786,4.68516],[-74.08869,4.68448],[-74.08872,4.68446],[-74.08875,4.68444],[-74.08919,4.6841],[-74.08923,4.68407],[-74.08962,4.68375],[-74.08965,4.68373],[-74.08967,4.68371],[-74.09053,4.68303],[-74.09055,4.68298]]}},{"type":"Feature","properties":{"id":"30017114","nom":"Carrera 69R","tipo":"residential"},"geometry":{"type":"LineString","coordinates":[[-74.08899,4.68744],[-74.08893,4.68749],[-74.08851,4.68783],[-74.08847,4.68786],[-74.08845,4.68788],[-74.08798,4.68825],[-74.08789,4.68832],[-74.08758,4.68856],[-74.08756,4.68858],[-74.08754,4.6886],[-74.08664,4.68932],[-74.0857,4.69006],[-74.08555,4.69018]]}},{"type":"Feature","properties":{"id":"30017201","nom":"Calle 79","tipo":"residential"},"geometry":{"type":"LineString","coordinates":[[-74.0858,4.69019],[-74.0857,4.69006],[-74.08519,4.68941],[-74.08468,4.68875],[-74.08419,4.68813],[-74.08418,4.68812],[-74.08415,4.68807],[-74.08367,4.68746],[-74.08315,4.68679]]}},{"type":"Feature","properties":{"id":"30017225","nom":"Carrera 69M","tipo":"residential"},"geometry":{"type":"LineString","coordinates":[[-74.08821,4.68561],[-74.08908,4.6849],[-74.0891,4.68487]]}},{"type":"Feature","properties":{"id":"30043993","nom":"Calle 72A","tipo":"residential"},"geometry":{"type":"LineString","coordinates":[[-74.08688,4.67964],[-74.08692,4.67968],[-74.08737,4.68024],[-74.0879,4.68091],[-74.08804,4.68109],[-74.08805,4.68112]]}},{"type":"Feature","properties":{"id":"30044010","nom":"Carrera 69P Bis","tipo":"residential"},"geometry":{"type":"LineString","coordinates":[[-74.08856,4.68604],[-74.08943,4.68534],[-74.08945,4.68532]]}},{"type":"Feature","properties":{"id":"30044040","nom":"Calle 78 Bis","tipo":"residential"},"geometry":{"type":"LineString","coordinates":[[-74.08646,4.68981],[-74.08702,4.69053]]}},{"type":"Feature","properties":{"id":"30044042","nom":"Calle 78A","tipo":"residential"},"geometry":{"type":"LineString","coordinates":[[-74.08605,4.69005],[-74.08675,4.69093]]}},{"type":"Feature","properties":{"id":"30044045","nom":"Calle 79A","tipo":"residential"},"geometry":{"type":"LineString","coordinates":[[-74.08555,4.69018],[-74.086,4.69075],[-74.08645,4.69134]]}},{"type":"Feature","properties":{"id":"30044083","nom":"Calle 73 Bis","tipo":"residential"},"geometry":{"type":"LineString","coordinates":[[-74.0865,4.68004],[-74.08654,4.68009],[-74.08695,4.68058],[-74.08745,4.68126]]}},{"type":"Feature","properties":{"id":"30044084","nom":"Carrera 68H Bis","tipo":"residential"},"geometry":{"type":"LineString","coordinates":[[-74.08805,4.68112],[-74.08804,4.68115],[-74.08779,4.68134]]}},{"type":"Feature","properties":{"id":"30456755","nom":"Carrera 70A","tipo":"residential"},"geometry":{"type":"LineString","coordinates":[[-74.09022,4.6868],[-74.08968,4.68757],[-74.08965,4.68758],[-74.08964,4.68759]]}},{"type":"Feature","properties":{"id":"30456756","nom":"Calle 74C","tipo":"residential"},"geometry":{"type":"LineString","coordinates":[[-74.08964,4.68759],[-74.08961,4.68758],[-74.0896,4.68758],[-74.08931,4.68735],[-74.08928,4.68733]]}},{"type":"Feature","properties":{"id":"30457000","nom":"Transversal 71 Bis","tipo":"residential"},"geometry":{"type":"LineString","coordinates":[[-74.0905,4.69349],[-74.0904,4.69338],[-74.09031,4.69327],[-74.09025,4.69312],[-74.09021,4.69296],[-74.09016,4.69264],[-74.09013,4.69245],[-74.09008,4.69215],[-74.09002,4.69168],[-74.08998,4.69123],[-74.08996,4.69106],[-74.08998,4.69094],[-74.09001,4.69076],[-74.09005,4.69061],[-74.09008,4.6904],[-74.09009,4.6902],[-74.09007,4.69004]]}},{"type":"Feature","properties":{"id":"30457296","nom":"Calle 77A","tipo":"residential"},"geometry":{"type":"LineString","coordinates":[[-74.08846,4.69046],[-74.08843,4.69038],[-74.08841,4.69033],[-74.08836,4.69028],[-74.088,4.69003],[-74.08767,4.68979],[-74.08763,4.68977],[-74.08759,4.68973]]}},{"type":"Feature","properties":{"id":"30457872","nom":"Transversal 70G","tipo":"residential"},"geometry":{"type":"LineString","coordinates":[[-74.08859,4.69095],[-74.08871,4.69121],[-74.08873,4.69133],[-74.08876,4.69144],[-74.08877,4.69164],[-74.08877,4.69179],[-74.08872,4.69204],[-74.08864,4.69226],[-74.0885,4.6925]]}},{"type":"Feature","properties":{"id":"30457890","nom":"Transversal 68F","tipo":"residential"},"geometry":{"type":"LineString","coordinates":[[-74.089,4.69075],[-74.08859,4.69095],[-74.08849,4.69101],[-74.08839,4.69109],[-74.08832,4.69118],[-74.08818,4.69137]]}},{"type":"Feature","properties":{"id":"30457975","nom":"Carrera 70A","tipo":"residential"},"geometry":{"type":"LineString","coordinates":[[-74.08771,4.69038],[-74.08699,4.69142],[-74.08659,4.69197],[-74.08645,4.69209]]}},{"type":"Feature","properties":{"id":"30658930","nom":"Carrera 27C","tipo":"residential"},"geometry":{"type":"LineString","coordinates":[[-74.0687,4.66642],[-74.06875,4.66634],[-74.06963,4.66507],[-74.06966,4.66503]]}},{"type":"Feature","properties":{"id":"30658931","nom":"Calle 73","tipo":"residential"},"geometry":{"type":"LineString","coordinates":[[-74.06841,4.66496],[-74.06799,4.66467]]}},{"type":"Feature","properties":{"id":"30658932","nom":"Carrera 27B","tipo":"residential"},"geometry":{"type":"LineString","coordinates":[[-74.06989,4.66374],[-74.06938,4.6645],[-74.06932,4.6646],[-74.0693,4.66462]]}},{"type":"Feature","properties":{"id":"30659086","nom":"Carrera 52","tipo":"residential"},"geometry":{"type":"LineString","coordinates":[[-74.07657,4.66703],[-74.07708,4.66634]]}},{"type":"Feature","properties":{"id":"30659098","nom":"Carrera 25","tipo":"residential"},"geometry":{"type":"LineString","coordinates":[[-74.06697,4.66433],[-74.06653,4.66499],[-74.06647,4.66507]]}},{"type":"Feature","properties":{"id":"30931722","nom":"","tipo":"secondary_link"},"geometry":{"type":"LineString","coordinates":[[-74.07468,4.6627],[-74.07495,4.66295],[-74.07532,4.6632],[-74.07566,4.66345],[-74.0757,4.66348],[-74.07573,4.66353],[-74.07576,4.66364],[-74.07577,4.66368],[-74.07577,4.66372],[-74.07576,4.66375],[-74.07575,4.66379],[-74.07574,4.66382],[-74.07559,4.66418]]}},{"type":"Feature","properties":{"id":"31706073","nom":"Carrera 17","tipo":"residential"},"geometry":{"type":"LineString","coordinates":[[-74.05761,4.66808],[-74.05759,4.66813],[-74.05739,4.66852],[-74.05725,4.66882],[-74.05709,4.66914]]}},{"type":"Feature","properties":{"id":"31715816","nom":"Calle 78","tipo":"residential"},"geometry":{"type":"LineString","coordinates":[[-74.06247,4.66717],[-74.06324,4.66766],[-74.06379,4.66799],[-74.06383,4.66801]]}},{"type":"Feature","properties":{"id":"31715819","nom":"Calle 77 Bis","tipo":"residential"},"geometry":{"type":"LineString","coordinates":[[-74.06171,4.66622],[-74.06175,4.66625],[-74.06269,4.66684]]}},{"type":"Feature","properties":{"id":"32222775","nom":"Carrera 45A","tipo":"residential"},"geometry":{"type":"LineString","coordinates":[[-74.05805,4.68782],[-74.05797,4.68841],[-74.05792,4.68871]]}},{"type":"Feature","properties":{"id":"32577164","nom":"Carrera 63","tipo":"residential"},"geometry":{"type":"LineString","coordinates":[[-74.06683,4.69136],[-74.06717,4.6907],[-74.0676,4.68985],[-74.06762,4.68982],[-74.06763,4.6898],[-74.06765,4.68976]]}},{"type":"Feature","properties":{"id":"32691641","nom":"Carrera 70B","tipo":"residential"},"geometry":{"type":"LineString","coordinates":[[-74.07526,4.69558],[-74.07549,4.69539],[-74.07579,4.69515],[-74.07608,4.69493],[-74.07612,4.69492],[-74.07617,4.69491]]}},{"type":"Feature","properties":{"id":"32691660","nom":"Carrera 70A","tipo":"residential"},"geometry":{"type":"LineString","coordinates":[[-74.0755,4.69476],[-74.07495,4.69518]]}},{"type":"Feature","properties":{"id":"32691665","nom":"Calle 102","tipo":"residential"},"geometry":{"type":"LineString","coordinates":[[-74.07305,4.69318],[-74.07301,4.69313],[-74.07273,4.69273]]}},{"type":"Feature","properties":{"id":"32742873","nom":"","tipo":"trunk_link"},"geometry":{"type":"LineString","coordinates":[[-74.05622,4.69071],[-74.05621,4.691],[-74.05621,4.6911],[-74.05623,4.69149],[-74.05621,4.69177],[-74.05619,4.69222]]}},{"type":"Feature","properties":{"id":"32742884","nom":"","tipo":"trunk_link"},"geometry":{"type":"LineString","coordinates":[[-74.05599,4.69623],[-74.05601,4.69583],[-74.05599,4.69558],[-74.05599,4.69537],[-74.056,4.69484]]}},{"type":"Feature","properties":{"id":"32819059","nom":"Carrera 69J","tipo":"residential"},"geometry":{"type":"LineString","coordinates":[[-74.09039,4.6828],[-74.09035,4.68284],[-74.08951,4.6835],[-74.08907,4.68386],[-74.08859,4.68424],[-74.0877,4.68495]]}},{"type":"Feature","properties":{"id":"33085784","nom":"Carrera 14A","tipo":"secondary"},"geometry":{"type":"LineString","coordinates":[[-74.06374,4.65425],[-74.06361,4.65506],[-74.0636,4.65512]]}},{"type":"Feature","properties":{"id":"33085811","nom":"Calle 70B","tipo":"residential"},"geometry":{"type":"LineString","coordinates":[[-74.06429,4.65861],[-74.06432,4.65863],[-74.06503,4.65906],[-74.06508,4.65909],[-74.06512,4.65912],[-74.0658,4.65955],[-74.06584,4.65958]]}},{"type":"Feature","properties":{"id":"33085895","nom":"Carrera 16","tipo":"residential"},"geometry":{"type":"LineString","coordinates":[[-74.06369,4.6588],[-74.06421,4.65794]]}},{"type":"Feature","properties":{"id":"33085900","nom":"Calle 70","tipo":"residential"},"geometry":{"type":"LineString","coordinates":[[-74.06465,4.65752],[-74.06485,4.65762],[-74.06489,4.65764]]}},{"type":"Feature","properties":{"id":"33086044","nom":"Calle 70","tipo":"residential"},"geometry":{"type":"LineString","coordinates":[[-74.06434,4.65745],[-74.0638,4.6571]]}},{"type":"Feature","properties":{"id":"33086074","nom":"Carrera 16","tipo":"residential"},"geometry":{"type":"LineString","coordinates":[[-74.06517,4.65605],[-74.06513,4.65613],[-74.06466,4.65692],[-74.06463,4.65698]]}},{"type":"Feature","properties":{"id":"33086115","nom":"Calle 68A","tipo":"residential"},"geometry":{"type":"LineString","coordinates":[[-74.06621,4.65735],[-74.06624,4.65736],[-74.06695,4.65783],[-74.06698,4.65785]]}},{"type":"Feature","properties":{"id":"33541450","nom":"Calle 79A","tipo":"residential"},"geometry":{"type":"LineString","coordinates":[[-74.07451,4.67674],[-74.07519,4.67719],[-74.07525,4.67723]]}},{"type":"Feature","properties":{"id":"33699501","nom":"Calle 74A","tipo":"residential"},"geometry":{"type":"LineString","coordinates":[[-74.08368,4.67814],[-74.08388,4.67839],[-74.0841,4.67865],[-74.08427,4.67886],[-74.0846,4.67927],[-74.08465,4.67932]]}},{"type":"Feature","properties":{"id":"33725550","nom":"Carrera 51","tipo":"residential"},"geometry":{"type":"LineString","coordinates":[[-74.06117,4.69617],[-74.06117,4.69613],[-74.06117,4.69611],[-74.06137,4.69481],[-74.06137,4.6948],[-74.06137,4.69477],[-74.06138,4.69474]]}},{"type":"Feature","properties":{"id":"33973296","nom":"Calle 83","tipo":"residential"},"geometry":{"type":"LineString","coordinates":[[-74.05709,4.66914],[-74.0575,4.66935],[-74.05761,4.6694]]}},{"type":"Feature","properties":{"id":"33973322","nom":"Calle 86","tipo":"residential"},"geometry":{"type":"LineString","coordinates":[[-74.06024,4.67358],[-74.06054,4.67363]]}},{"type":"Feature","properties":{"id":"33973368","nom":"Calle 86A","tipo":"residential"},"geometry":{"type":"LineString","coordinates":[[-74.06004,4.67456],[-74.06014,4.67458],[-74.06037,4.67462]]}},{"type":"Feature","properties":{"id":"34198710","nom":"","tipo":"primary_link"},"geometry":{"type":"LineString","coordinates":[[-74.06554,4.68976],[-74.06554,4.68971],[-74.06554,4.68966],[-74.06555,4.6896],[-74.06557,4.68955],[-74.06561,4.6895],[-74.06566,4.68946],[-74.06574,4.68942],[-74.06592,4.68938]]}},{"type":"Feature","properties":{"id":"37319693","nom":"Carrera 19C","tipo":"residential"},"geometry":{"type":"LineString","coordinates":[[-74.05834,4.67334],[-74.05784,4.6743]]}},{"type":"Feature","properties":{"id":"37319746","nom":"Calle 82","tipo":"residential"},"geometry":{"type":"LineString","coordinates":[[-74.06123,4.66977],[-74.06167,4.66983]]}},{"type":"Feature","properties":{"id":"39250932","nom":"Carrera 57A","tipo":"residential"},"geometry":{"type":"LineString","coordinates":[[-74.07865,4.67078],[-74.07821,4.67136],[-74.07819,4.6714]]}},{"type":"Feature","properties":{"id":"39250937","nom":"Carrera 27","tipo":"residential"},"geometry":{"type":"LineString","coordinates":[[-74.06799,4.66467],[-74.06837,4.6641],[-74.06839,4.66407]]}},{"type":"Feature","properties":{"id":"39250938","nom":"Calle 73 Bis","tipo":"residential"},"geometry":{"type":"LineString","coordinates":[[-74.06824,4.66521],[-74.06869,4.66552]]}},{"type":"Feature","properties":{"id":"39250940","nom":"Calle 73","tipo":"residential"},"geometry":{"type":"LineString","coordinates":[[-74.06715,4.66406],[-74.06756,4.66436]]}},{"type":"Feature","properties":{"id":"39548788","nom":"Diagonal 68B","tipo":"tertiary"},"geometry":{"type":"LineString","coordinates":[[-74.08844,4.67638],[-74.08841,4.67632],[-74.08839,4.67627],[-74.08836,4.67607],[-74.08835,4.676],[-74.08832,4.67593],[-74.08828,4.67588]]}},{"type":"Feature","properties":{"id":"39858331","nom":"Calle 105","tipo":"residential"},"geometry":{"type":"LineString","coordinates":[[-74.06344,4.6941],[-74.0637,4.69409],[-74.06395,4.69404],[-74.0642,4.69398],[-74.06447,4.69389]]}},{"type":"Feature","properties":{"id":"39859219","nom":"Transversal 57A","tipo":"residential"},"geometry":{"type":"LineString","coordinates":[[-74.06468,4.69144],[-74.06468,4.69147],[-74.06469,4.69149],[-74.0648,4.69184],[-74.06491,4.69219]]}},{"type":"Feature","properties":{"id":"39859220","nom":"Transversal 55","tipo":"residential"},"geometry":{"type":"LineString","coordinates":[[-74.06351,4.69174],[-74.06376,4.69257]]}},{"type":"Feature","properties":{"id":"40114861","nom":"Carrera 47","tipo":"tertiary"},"geometry":{"type":"LineString","coordinates":[[-74.0606,4.67844],[-74.06059,4.67836],[-74.06059,4.67828],[-74.06061,4.67821],[-74.06064,4.67814],[-74.06068,4.67808]]}},{"type":"Feature","properties":{"id":"40114862","nom":"Carrera 47","tipo":"tertiary"},"geometry":{"type":"LineString","coordinates":[[-74.0606,4.67844],[-74.06062,4.67849],[-74.06063,4.67855],[-74.06062,4.67863],[-74.06062,4.67871],[-74.0606,4.67882]]}},{"type":"Feature","properties":{"id":"40114864","nom":"Carrera 49A","tipo":"residential"},"geometry":{"type":"LineString","coordinates":[[-74.06281,4.67826],[-74.06285,4.67828],[-74.06304,4.6783],[-74.06312,4.67829],[-74.06315,4.67828],[-74.06333,4.67808]]}},{"type":"Feature","properties":{"id":"40114865","nom":"Calle 88A","tipo":"residential"},"geometry":{"type":"LineString","coordinates":[[-74.06302,4.67766],[-74.06265,4.677],[-74.0626,4.67691]]}},{"type":"Feature","properties":{"id":"40114866","nom":"Carrera 49B","tipo":"residential"},"geometry":{"type":"LineString","coordinates":[[-74.0642,4.6781],[-74.06404,4.67835]]}},{"type":"Feature","properties":{"id":"40114867","nom":"Calle 88A","tipo":"residential"},"geometry":{"type":"LineString","coordinates":[[-74.06333,4.67808],[-74.06352,4.67824],[-74.06369,4.67834]]}},{"type":"Feature","properties":{"id":"40115011","nom":"Calle 94A","tipo":"residential"},"geometry":{"type":"LineString","coordinates":[[-74.05992,4.68295],[-74.06008,4.68295],[-74.06029,4.68299],[-74.06045,4.68303],[-74.06068,4.68315]]}},{"type":"Feature","properties":{"id":"40420091","nom":"Calle 73A Bis A","tipo":"residential"},"geometry":{"type":"LineString","coordinates":[[-74.08768,4.68446],[-74.08752,4.68434],[-74.08742,4.68427]]}},{"type":"Feature","properties":{"id":"40420093","nom":"Carrera 59A","tipo":"residential"},"geometry":{"type":"LineString","coordinates":[[-74.0815,4.67116],[-74.08146,4.67118],[-74.0806,4.67172]]}},{"type":"Feature","properties":{"id":"40420095","nom":"Calle 70","tipo":"residential"},"geometry":{"type":"LineString","coordinates":[[-74.07865,4.66753],[-74.07815,4.66714],[-74.07764,4.66676],[-74.07708,4.66634],[-74.07665,4.66603]]}},{"type":"Feature","properties":{"id":"40420096","nom":"Carrera 53","tipo":"residential"},"geometry":{"type":"LineString","coordinates":[[-74.07669,4.66797],[-74.0771,4.66746],[-74.07764,4.66676],[-74.07806,4.66623],[-74.07809,4.66619]]}},{"type":"Feature","properties":{"id":"40420097","nom":"Carrera 59","tipo":"residential"},"geometry":{"type":"LineString","coordinates":[[-74.08124,4.67078],[-74.08121,4.6708],[-74.08086,4.67104],[-74.08037,4.67135]]}},{"type":"Feature","properties":{"id":"40420099","nom":"Carrera 27A","tipo":"residential"},"geometry":{"type":"LineString","coordinates":[[-74.07002,4.66264],[-74.07031,4.66222],[-74.07069,4.66166],[-74.07148,4.66047],[-74.07152,4.66041]]}},{"type":"Feature","properties":{"id":"40604339","nom":"Carrera 69B","tipo":"residential"},"geometry":{"type":"LineString","coordinates":[[-74.07571,4.69181],[-74.07641,4.69129]]}},{"type":"Feature","properties":{"id":"40604340","nom":"Calle 99","tipo":"residential"},"geometry":{"type":"LineString","coordinates":[[-74.07597,4.69367],[-74.07588,4.69363]]}},{"type":"Feature","properties":{"id":"40604341","nom":"Carrera 69C","tipo":"residential"},"geometry":{"type":"LineString","coordinates":[[-74.07689,4.69197],[-74.07621,4.69249]]}},{"type":"Feature","properties":{"id":"40604342","nom":"Carrera 69A","tipo":"residential"},"geometry":{"type":"LineString","coordinates":[[-74.07733,4.68995],[-74.07757,4.6898],[-74.07778,4.68965],[-74.07799,4.6895]]}},{"type":"Feature","properties":{"id":"40604344","nom":"Calle 94","tipo":"residential"},"geometry":{"type":"LineString","coordinates":[[-74.07866,4.68856],[-74.07816,4.68787],[-74.07768,4.6872]]}},{"type":"Feature","properties":{"id":"40604345","nom":"Carrera 68F","tipo":"residential"},"geometry":{"type":"LineString","coordinates":[[-74.0779,4.68878],[-74.07758,4.689],[-74.07726,4.68924],[-74.07719,4.68929]]}},{"type":"Feature","properties":{"id":"40604347","nom":"Calle 96","tipo":"residential"},"geometry":{"type":"LineString","coordinates":[[-74.07759,4.69036],[-74.07754,4.69033],[-74.07729,4.68998],[-74.07693,4.68949],[-74.07664,4.68909],[-74.07632,4.68866],[-74.07606,4.6883],[-74.07603,4.68826]]}},{"type":"Feature","properties":{"id":"40604349","nom":"Carrera 69C","tipo":"residential"},"geometry":{"type":"LineString","coordinates":[[-74.07939,4.69019],[-74.07906,4.69041]]}},{"type":"Feature","properties":{"id":"40604354","nom":"Carrera 60B Bis","tipo":"residential"},"geometry":{"type":"LineString","coordinates":[[-74.06761,4.68042],[-74.06728,4.68007],[-74.06701,4.67979],[-74.06681,4.67961],[-74.06668,4.67948],[-74.06657,4.67939],[-74.06643,4.6793],[-74.06633,4.67925],[-74.06624,4.67923],[-74.06614,4.6792]]}},{"type":"Feature","properties":{"id":"40604358","nom":"Carrera 57A","tipo":"residential"},"geometry":{"type":"LineString","coordinates":[[-74.06456,4.68465],[-74.06468,4.68363]]}},{"type":"Feature","properties":{"id":"40604362","nom":"Calle 94","tipo":"residential"},"geometry":{"type":"LineString","coordinates":[[-74.05903,4.6818],[-74.05952,4.68189]]}},{"type":"Feature","properties":{"id":"40604364","nom":"Carrera 47A","tipo":"residential"},"geometry":{"type":"LineString","coordinates":[[-74.06087,4.68069],[-74.06086,4.68075],[-74.06063,4.68208]]}},{"type":"Feature","properties":{"id":"40604429","nom":"Carrera 68D","tipo":"residential"},"geometry":{"type":"LineString","coordinates":[[-74.07757,4.68833],[-74.07787,4.6881],[-74.07816,4.68787],[-74.07846,4.68764]]}},{"type":"Feature","properties":{"id":"40617565","nom":"Carrera 69B","tipo":"residential"},"geometry":{"type":"LineString","coordinates":[[-74.07559,4.69164],[-74.07409,4.69276],[-74.07334,4.69335]]}},{"type":"Feature","properties":{"id":"40617690","nom":"Calle 100","tipo":"residential"},"geometry":{"type":"LineString","coordinates":[[-74.0752,4.69435],[-74.07521,4.69436],[-74.0755,4.69476],[-74.07579,4.69515]]}},{"type":"Feature","properties":{"id":"40712359","nom":"Carrera 70C Bis","tipo":"residential"},"geometry":{"type":"LineString","coordinates":[[-74.07982,4.69385],[-74.07928,4.6943],[-74.07883,4.69468]]}},{"type":"Feature","properties":{"id":"40712364","nom":"Calle 98","tipo":"residential"},"geometry":{"type":"LineString","coordinates":[[-74.0787,4.69452],[-74.07883,4.69468],[-74.07915,4.69509],[-74.07968,4.69576]]}},{"type":"Feature","properties":{"id":"40712402","nom":"Calle 97","tipo":"tertiary"},"geometry":{"type":"LineString","coordinates":[[-74.07875,4.69197],[-74.07902,4.69226],[-74.07932,4.6926],[-74.07935,4.69265],[-74.07948,4.69284],[-74.07951,4.6929],[-74.07955,4.69297],[-74.07957,4.69301],[-74.07963,4.69315],[-74.07976,4.69364],[-74.07979,4.69376],[-74.07982,4.69385],[-74.07996,4.69449],[-74.07998,4.69457],[-74.08001,4.69464],[-74.08005,4.69475],[-74.08007,4.69479]]}},{"type":"Feature","properties":{"id":"40712464","nom":"Calle 98 Bis","tipo":"residential"},"geometry":{"type":"LineString","coordinates":[[-74.07851,4.69551],[-74.0785,4.69545],[-74.07813,4.69494]]}},{"type":"Feature","properties":{"id":"40713278","nom":"Calle 95","tipo":"residential"},"geometry":{"type":"LineString","coordinates":[[-74.08163,4.69478],[-74.0817,4.69479],[-74.08179,4.69485],[-74.08207,4.69503],[-74.08293,4.69558],[-74.08304,4.69569],[-74.08318,4.69586],[-74.08327,4.69595],[-74.08346,4.69618],[-74.08371,4.69662]]}},{"type":"Feature","properties":{"id":"40911288","nom":"Carrera 71B","tipo":"residential"},"geometry":{"type":"LineString","coordinates":[[-74.08929,4.69375],[-74.08876,4.69438]]}},{"type":"Feature","properties":{"id":"40911321","nom":"Carrera 71A","tipo":"residential"},"geometry":{"type":"LineString","coordinates":[[-74.089,4.6934],[-74.08839,4.69411]]}},{"type":"Feature","properties":{"id":"40936938","nom":"Carrera 20C","tipo":"tertiary"},"geometry":{"type":"LineString","coordinates":[[-74.06463,4.66138],[-74.06461,4.66141],[-74.06435,4.66189],[-74.06405,4.66245],[-74.06369,4.66311],[-74.06367,4.66315],[-74.06364,4.66322]]}},{"type":"Feature","properties":{"id":"41088734","nom":"Calle 75A","tipo":"residential"},"geometry":{"type":"LineString","coordinates":[[-74.07004,4.66944],[-74.07004,4.66942],[-74.07002,4.6694],[-74.06988,4.66931],[-74.06943,4.66902]]}},{"type":"Feature","properties":{"id":"41088769","nom":"Carrera 27B","tipo":"residential"},"geometry":{"type":"LineString","coordinates":[[-74.06924,4.66471],[-74.06922,4.66475],[-74.06869,4.66552],[-74.06827,4.66613],[-74.06822,4.66619]]}},{"type":"Feature","properties":{"id":"41123350","nom":"Calle 79A","tipo":"residential"},"geometry":{"type":"LineString","coordinates":[[-74.08036,4.68245],[-74.08022,4.68226],[-74.08011,4.68211],[-74.07999,4.68196],[-74.07984,4.68177],[-74.0796,4.68148]]}},{"type":"Feature","properties":{"id":"41123490","nom":"Calle 76","tipo":"residential"},"geometry":{"type":"LineString","coordinates":[[-74.08271,4.68118],[-74.08275,4.68123],[-74.08324,4.68187]]}},{"type":"Feature","properties":{"id":"41123538","nom":"Carrera 68B","tipo":"residential"},"geometry":{"type":"LineString","coordinates":[[-74.08136,4.68337],[-74.08145,4.6833]]}},{"type":"Feature","properties":{"id":"41841429","nom":"Calle 79A","tipo":"residential"},"geometry":{"type":"LineString","coordinates":[[-74.08273,4.68713],[-74.0822,4.68649]]}},{"type":"Feature","properties":{"id":"41841430","nom":"Calle 78A","tipo":"residential"},"geometry":{"type":"LineString","coordinates":[[-74.08407,4.68713],[-74.08356,4.68647]]}},{"type":"Feature","properties":{"id":"42830992","nom":"Carrera 51","tipo":"residential"},"geometry":{"type":"LineString","coordinates":[[-74.07454,4.66859],[-74.07453,4.66856],[-74.07453,4.66853],[-74.07453,4.6685],[-74.07454,4.66847],[-74.07499,4.66796]]}},{"type":"Feature","properties":{"id":"42830997","nom":"Carrera 50","tipo":"residential"},"geometry":{"type":"LineString","coordinates":[[-74.07581,4.666],[-74.07589,4.66591],[-74.07602,4.66575]]}},{"type":"Feature","properties":{"id":"42830998","nom":"Calle 71C","tipo":"residential"},"geometry":{"type":"LineString","coordinates":[[-74.07423,4.66736],[-74.07445,4.66754]]}},{"type":"Feature","properties":{"id":"45725519","nom":"Calle 63D","tipo":"residential"},"geometry":{"type":"LineString","coordinates":[[-74.07775,4.65561],[-74.0777,4.6556],[-74.07766,4.65559],[-74.07728,4.65553],[-74.07702,4.6555],[-74.07693,4.65548],[-74.07649,4.65542],[-74.07547,4.65527]]}},{"type":"Feature","properties":{"id":"45725527","nom":"Carrera 25 Bis","tipo":"residential"},"geometry":{"type":"LineString","coordinates":[[-74.07279,4.65501],[-74.07268,4.6557]]}},{"type":"Feature","properties":{"id":"45725529","nom":"Carrera 27A","tipo":"residential"},"geometry":{"type":"LineString","coordinates":[[-74.07428,4.65598],[-74.0744,4.65529],[-74.07443,4.65511],[-74.07455,4.65442],[-74.07459,4.65423],[-74.07474,4.65333],[-74.07475,4.65328]]}},{"type":"Feature","properties":{"id":"47160108","nom":"Calle 105","tipo":"residential"},"geometry":{"type":"LineString","coordinates":[[-74.07138,4.69376],[-74.07135,4.69372],[-74.07131,4.69366]]}},{"type":"Feature","properties":{"id":"47160127","nom":"Calle 106","tipo":"residential"},"geometry":{"type":"LineString","coordinates":[[-74.07153,4.69472],[-74.07103,4.694],[-74.07102,4.69398],[-74.07102,4.69397]]}},{"type":"Feature","properties":{"id":"47160156","nom":"Calle 101","tipo":"residential"},"geometry":{"type":"LineString","coordinates":[[-74.07345,4.69288],[-74.07343,4.69285],[-74.07314,4.69242]]}},{"type":"Feature","properties":{"id":"47160364","nom":"Carrera 67","tipo":"residential"},"geometry":{"type":"LineString","coordinates":[[-74.06886,4.69595],[-74.06888,4.69589],[-74.06895,4.69582],[-74.06901,4.69563],[-74.06906,4.69549],[-74.06916,4.69514],[-74.06939,4.69443],[-74.06963,4.69375],[-74.06968,4.6936],[-74.06987,4.69304],[-74.06988,4.693],[-74.07004,4.69256],[-74.07021,4.69208]]}},{"type":"Feature","properties":{"id":"47160371","nom":"Calle 112","tipo":"residential"},"geometry":{"type":"LineString","coordinates":[[-74.06951,4.69479],[-74.06977,4.69528]]}},{"type":"Feature","properties":{"id":"47160383","nom":"Calle 103","tipo":"residential"},"geometry":{"type":"LineString","coordinates":[[-74.07068,4.69218],[-74.07083,4.69246]]}},{"type":"Feature","properties":{"id":"47160384","nom":"Calle 105","tipo":"residential"},"geometry":{"type":"LineString","coordinates":[[-74.07056,4.69271],[-74.06988,4.693]]}},{"type":"Feature","properties":{"id":"47160396","nom":"Calle 102B","tipo":"residential"},"geometry":{"type":"LineString","coordinates":[[-74.0701,4.69098],[-74.07025,4.69104],[-74.07049,4.69112]]}},{"type":"Feature","properties":{"id":"47160397","nom":"Calle 102B","tipo":"residential"},"geometry":{"type":"LineString","coordinates":[[-74.07033,4.69156],[-74.07009,4.69147],[-74.06987,4.69138]]}},{"type":"Feature","properties":{"id":"47160399","nom":"Calle 103","tipo":"residential"},"geometry":{"type":"LineString","coordinates":[[-74.06983,4.69194],[-74.07021,4.69208]]}},{"type":"Feature","properties":{"id":"47160404","nom":"Calle 104","tipo":"residential"},"geometry":{"type":"LineString","coordinates":[[-74.07004,4.69256],[-74.06964,4.69241]]}},{"type":"Feature","properties":{"id":"47160405","nom":"Calle 102","tipo":"residential"},"geometry":{"type":"LineString","coordinates":[[-74.07031,4.6905],[-74.07066,4.69061]]}},{"type":"Feature","properties":{"id":"47160408","nom":"Calle 101","tipo":"residential"},"geometry":{"type":"LineString","coordinates":[[-74.07204,4.69111],[-74.07162,4.69051]]}},{"type":"Feature","properties":{"id":"47160409","nom":"Calle 102","tipo":"residential"},"geometry":{"type":"LineString","coordinates":[[-74.07197,4.69191],[-74.07142,4.69114]]}},{"type":"Feature","properties":{"id":"53745821","nom":"Calle 69 Bis","tipo":"residential"},"geometry":{"type":"LineString","coordinates":[[-74.06282,4.65598],[-74.06323,4.65653]]}},{"type":"Feature","properties":{"id":"58378111","nom":"","tipo":"trunk_link"},"geometry":{"type":"LineString","coordinates":[[-74.07804,4.65757],[-74.07808,4.65751],[-74.0781,4.65746],[-74.07813,4.65737]]}},{"type":"Feature","properties":{"id":"58378112","nom":"","tipo":"trunk_link"},"geometry":{"type":"LineString","coordinates":[[-74.07784,4.65776],[-74.07804,4.65757]]}},{"type":"Feature","properties":{"id":"61358706","nom":"Calle 79C","tipo":"residential"},"geometry":{"type":"LineString","coordinates":[[-74.08635,4.69275],[-74.08657,4.69301],[-74.08679,4.69327],[-74.08701,4.6935],[-74.08756,4.69406],[-74.08766,4.69415],[-74.08767,4.69416],[-74.08769,4.69417],[-74.08771,4.69417],[-74.08774,4.69417]]}},{"type":"Feature","properties":{"id":"62149821","nom":"Calle 81A","tipo":"residential"},"geometry":{"type":"LineString","coordinates":[[-74.0615,4.66929],[-74.06128,4.66925]]}},{"type":"Feature","properties":{"id":"62149856","nom":"Carrera 23","tipo":"residential"},"geometry":{"type":"LineString","coordinates":[[-74.06252,4.66973],[-74.06253,4.66972],[-74.06254,4.6697],[-74.06255,4.66957],[-74.06266,4.66889],[-74.06272,4.66853],[-74.06274,4.66845]]}},{"type":"Feature","properties":{"id":"62149864","nom":"Calle 82A","tipo":"residential"},"geometry":{"type":"LineString","coordinates":[[-74.0622,4.67039],[-74.06174,4.67033]]}},{"type":"Feature","properties":{"id":"62149939","nom":"Calle 80","tipo":"residential"},"geometry":{"type":"LineString","coordinates":[[-74.06748,4.67435],[-74.06753,4.67444],[-74.06763,4.67458]]}},{"type":"Feature","properties":{"id":"62149966","nom":"Calle 84","tipo":"residential"},"geometry":{"type":"LineString","coordinates":[[-74.06762,4.675],[-74.06727,4.6748]]}},{"type":"Feature","properties":{"id":"62150035","nom":"Calle 86D","tipo":"residential"},"geometry":{"type":"LineString","coordinates":[[-74.06429,4.677],[-74.06437,4.6771],[-74.06443,4.67717],[-74.06452,4.67724],[-74.0651,4.67761],[-74.06554,4.67787],[-74.06594,4.67811],[-74.06599,4.67814]]}},{"type":"Feature","properties":{"id":"62150037","nom":"Calle 87","tipo":"tertiary"},"geometry":{"type":"LineString","coordinates":[[-74.06589,4.67875],[-74.0659,4.6787],[-74.0659,4.67867],[-74.06589,4.67864],[-74.06587,4.67861],[-74.06584,4.67859],[-74.06579,4.67856],[-74.06574,4.67853],[-74.0657,4.6785],[-74.0653,4.67826],[-74.06486,4.678],[-74.06415,4.67755],[-74.06404,4.67746],[-74.06396,4.67738],[-74.06371,4.67695],[-74.06347,4.67654],[-74.06342,4.67645]]}},{"type":"Feature","properties":{"id":"62150128","nom":"Carrera 60D","tipo":"residential"},"geometry":{"type":"LineString","coordinates":[[-74.06661,4.68776],[-74.06648,4.6882]]}},{"type":"Feature","properties":{"id":"62150130","nom":"Carrera 61","tipo":"residential"},"geometry":{"type":"LineString","coordinates":[[-74.06719,4.68788],[-74.06696,4.68827]]}},{"type":"Feature","properties":{"id":"62150131","nom":"Calle 98B","tipo":"residential"},"geometry":{"type":"LineString","coordinates":[[-74.06753,4.68794],[-74.06725,4.68786],[-74.06721,4.68787],[-74.06719,4.68788]]}},{"type":"Feature","properties":{"id":"62150134","nom":"Calle 98B","tipo":"residential"},"geometry":{"type":"LineString","coordinates":[[-74.06878,4.6888],[-74.06853,4.68869],[-74.06826,4.68855]]}},{"type":"Feature","properties":{"id":"62150135","nom":"Calle 98","tipo":"residential"},"geometry":{"type":"LineString","coordinates":[[-74.06873,4.68764],[-74.06822,4.68739]]}},{"type":"Feature","properties":{"id":"62150240","nom":"Calle 101","tipo":"residential"},"geometry":{"type":"LineString","coordinates":[[-74.07047,4.69004],[-74.07088,4.69019]]}},{"type":"Feature","properties":{"id":"65571532","nom":"Calle 73 Bis","tipo":"residential"},"geometry":{"type":"LineString","coordinates":[[-74.06739,4.66461],[-74.06782,4.66492]]}},{"type":"Feature","properties":{"id":"65571836","nom":"Transversal 56A","tipo":"secondary"},"geometry":{"type":"LineString","coordinates":[[-74.0762,4.67303],[-74.07659,4.67189],[-74.07663,4.67174],[-74.07666,4.67159],[-74.07667,4.6715],[-74.07667,4.67138],[-74.07667,4.67114],[-74.07665,4.67038],[-74.07665,4.67034],[-74.07665,4.67028]]}},{"type":"Feature","properties":{"id":"65571948","nom":"Calle 73","tipo":"residential"},"geometry":{"type":"LineString","coordinates":[[-74.07705,4.67186],[-74.07709,4.67189],[-74.07768,4.67235],[-74.07773,4.67239]]}},{"type":"Feature","properties":{"id":"66315671","nom":"Carrera 19","tipo":"residential"},"geometry":{"type":"LineString","coordinates":[[-74.05748,4.67108],[-74.0575,4.67104],[-74.05751,4.67103],[-74.058,4.66999],[-74.05801,4.66997],[-74.05812,4.66974],[-74.05813,4.66973],[-74.05816,4.66966],[-74.05839,4.66918],[-74.0586,4.66874],[-74.05862,4.66871]]}},{"type":"Feature","properties":{"id":"66315672","nom":"Carrera 19","tipo":"residential"},"geometry":{"type":"LineString","coordinates":[[-74.05947,4.66715],[-74.0592,4.66765],[-74.05916,4.66772],[-74.05864,4.66866],[-74.05862,4.66871]]}},{"type":"Feature","properties":{"id":"68313601","nom":"Carrera 53","tipo":"secondary"},"geometry":{"type":"LineString","coordinates":[[-74.0627,4.69722],[-74.0627,4.69716],[-74.06271,4.69639],[-74.06272,4.69564],[-74.06273,4.6948],[-74.06273,4.69477]]}},{"type":"Feature","properties":{"id":"68748982","nom":"Carrera 16A","tipo":"residential"},"geometry":{"type":"LineString","coordinates":[[-74.05636,4.67068],[-74.05643,4.67057],[-74.05645,4.67054],[-74.05646,4.67052],[-74.05648,4.67047],[-74.0567,4.66999],[-74.05676,4.66987],[-74.05677,4.66985]]}},{"type":"Feature","properties":{"id":"71560592","nom":"Carrera 19A","tipo":"residential"},"geometry":{"type":"LineString","coordinates":[[-74.06042,4.66476],[-74.06036,4.66478],[-74.06031,4.6648],[-74.06026,4.66483],[-74.06024,4.66487]]}},{"type":"Feature","properties":{"id":"71562890","nom":"Calle 81","tipo":"residential"},"geometry":{"type":"LineString","coordinates":[[-74.06061,4.66867],[-74.06069,4.66869],[-74.06111,4.66876]]}},{"type":"Feature","properties":{"id":"71675697","nom":"Calle 83","tipo":"residential"},"geometry":{"type":"LineString","coordinates":[[-74.05501,4.66817],[-74.05543,4.66837],[-74.05546,4.66838],[-74.05589,4.66859]]}},{"type":"Feature","properties":{"id":"72376032","nom":"Carrera 16A","tipo":"residential"},"geometry":{"type":"LineString","coordinates":[[-74.06024,4.66338],[-74.06066,4.66268],[-74.06069,4.66263]]}},{"type":"Feature","properties":{"id":"72941548","nom":"Avenida Calle 80","tipo":"trunk"},"geometry":{"type":"LineString","coordinates":[[-74.07077,4.67585],[-74.07058,4.67571],[-74.07031,4.67554]]}},{"type":"Feature","properties":{"id":"72941551","nom":"Avenida Calle 80","tipo":"trunk"},"geometry":{"type":"LineString","coordinates":[[-74.07031,4.67554],[-74.07006,4.6754],[-74.0698,4.67527],[-74.06946,4.67512],[-74.06923,4.675],[-74.06898,4.67486],[-74.06877,4.67474],[-74.06855,4.6746]]}},{"type":"Feature","properties":{"id":"73081584","nom":"Calle 95 Bis","tipo":"residential"},"geometry":{"type":"LineString","coordinates":[[-74.06308,4.68467],[-74.06302,4.68467],[-74.06257,4.68473],[-74.06245,4.68472],[-74.06233,4.68468],[-74.06218,4.6846],[-74.06213,4.68458]]}},{"type":"Feature","properties":{"id":"73081594","nom":"Carrera 56","tipo":"residential"},"geometry":{"type":"LineString","coordinates":[[-74.06321,4.68385],[-74.0633,4.68378],[-74.06333,4.68374],[-74.06336,4.6837],[-74.06338,4.68366],[-74.06341,4.68346]]}},{"type":"Feature","properties":{"id":"73083143","nom":"Carrera 52","tipo":"residential"},"geometry":{"type":"LineString","coordinates":[[-74.06244,4.68679],[-74.06232,4.68738]]}},{"type":"Feature","properties":{"id":"73102256","nom":"Carrera 49","tipo":"residential"},"geometry":{"type":"LineString","coordinates":[[-74.06108,4.68637],[-74.06107,4.68626],[-74.06106,4.68615]]}},{"type":"Feature","properties":{"id":"73102267","nom":"","tipo":"tertiary_link"},"geometry":{"type":"LineString","coordinates":[[-74.06129,4.68575],[-74.06124,4.68576],[-74.06119,4.68576],[-74.06115,4.68574],[-74.06112,4.6857]]}},{"type":"Feature","properties":{"id":"73102272","nom":"Carrera 49","tipo":"residential"},"geometry":{"type":"LineString","coordinates":[[-74.06112,4.6857],[-74.0611,4.6858],[-74.06107,4.68598],[-74.06105,4.68606],[-74.06106,4.68615]]}},{"type":"Feature","properties":{"id":"73102276","nom":"Transversal 22","tipo":"residential"},"geometry":{"type":"LineString","coordinates":[[-74.05549,4.68544],[-74.05548,4.68548],[-74.05548,4.68551],[-74.05539,4.68608]]}},{"type":"Feature","properties":{"id":"73922763","nom":"Calle 79C","tipo":"residential"},"geometry":{"type":"LineString","coordinates":[[-74.08168,4.68688],[-74.08149,4.68664],[-74.08118,4.68623],[-74.08097,4.68597],[-74.08075,4.68568],[-74.08073,4.68565],[-74.08072,4.68561],[-74.08071,4.68558],[-74.08072,4.68556]]}},{"type":"Feature","properties":{"id":"73924142","nom":"Calle 79C","tipo":"residential"},"geometry":{"type":"LineString","coordinates":[[-74.0858,4.69205],[-74.08569,4.69192],[-74.08526,4.69137],[-74.0846,4.69053],[-74.08449,4.6904],[-74.08447,4.69037],[-74.08446,4.69035],[-74.08446,4.69034],[-74.08447,4.69028]]}},{"type":"Feature","properties":{"id":"75035164","nom":"Transversal 59","tipo":"residential"},"geometry":{"type":"LineString","coordinates":[[-74.06784,4.69574],[-74.06781,4.69571],[-74.06718,4.69494],[-74.06703,4.6947]]}},{"type":"Feature","properties":{"id":"76698960","nom":"Carrera 19C","tipo":"residential"},"geometry":{"type":"LineString","coordinates":[[-74.05853,4.67295],[-74.059,4.672],[-74.05902,4.67196]]}},{"type":"Feature","properties":{"id":"76698963","nom":"Calle 63F","tipo":"tertiary"},"geometry":{"type":"LineString","coordinates":[[-74.07169,4.65552],[-74.07158,4.6555]]}},{"type":"Feature","properties":{"id":"76698968","nom":"Calle 74","tipo":"tertiary"},"geometry":{"type":"LineString","coordinates":[[-74.06598,4.66475],[-74.06595,4.66473],[-74.06542,4.66437],[-74.0654,4.66435],[-74.06538,4.66434],[-74.06536,4.66432]]}},{"type":"Feature","properties":{"id":"76698975","nom":"Avenida Calle 80","tipo":"trunk"},"geometry":{"type":"LineString","coordinates":[[-74.07435,4.67829],[-74.07419,4.67817],[-74.07399,4.67804],[-74.07248,4.67704],[-74.07194,4.67669],[-74.07188,4.67665],[-74.07141,4.67632],[-74.07077,4.67585]]}},{"type":"Feature","properties":{"id":"76698976","nom":"Avenida Carrera 24","tipo":"secondary"},"geometry":{"type":"LineString","coordinates":[[-74.06607,4.66481],[-74.06611,4.66475],[-74.06656,4.66405],[-74.06673,4.66377],[-74.06674,4.66376],[-74.06696,4.66338],[-74.06708,4.66319],[-74.06709,4.66317],[-74.06712,4.66312]]}},{"type":"Feature","properties":{"id":"76698979","nom":"Carrera 60","tipo":"residential"},"geometry":{"type":"LineString","coordinates":[[-74.07574,4.67818],[-74.07534,4.67862],[-74.07522,4.67876]]}},{"type":"Feature","properties":{"id":"78603425","nom":"Calle 79C","tipo":"residential"},"geometry":{"type":"LineString","coordinates":[[-74.08326,4.68884],[-74.08281,4.68829],[-74.08274,4.6882]]}},{"type":"Feature","properties":{"id":"78603426","nom":"Calle 80","tipo":"residential"},"geometry":{"type":"LineString","coordinates":[[-74.08785,4.69423],[-74.08848,4.69472],[-74.08851,4.69474],[-74.08854,4.69477],[-74.08859,4.6948],[-74.08869,4.69484],[-74.08881,4.69487],[-74.08887,4.69488],[-74.08894,4.69488],[-74.08911,4.69489]]}},{"type":"Feature","properties":{"id":"79378185","nom":"Avenida Carrera 24","tipo":"secondary"},"geometry":{"type":"LineString","coordinates":[[-74.06329,4.66912],[-74.06327,4.66921],[-74.06325,4.66932],[-74.06324,4.66943],[-74.06321,4.66979],[-74.06313,4.67077],[-74.06311,4.67105]]}},{"type":"Feature","properties":{"id":"79514514","nom":"Carrera 21A","tipo":"residential"},"geometry":{"type":"LineString","coordinates":[[-74.0612,4.67077],[-74.06104,4.67174]]}},{"type":"Feature","properties":{"id":"82159781","nom":"Carrera 70C","tipo":"residential"},"geometry":{"type":"LineString","coordinates":[[-74.08613,4.69308],[-74.08613,4.69315],[-74.08612,4.69321],[-74.0861,4.69326],[-74.08605,4.69334],[-74.08595,4.69345],[-74.08509,4.69442],[-74.08505,4.69446]]}},{"type":"Feature","properties":{"id":"82159784","nom":"Calle 75A","tipo":"residential"},"geometry":{"type":"LineString","coordinates":[[-74.0651,4.6661],[-74.06507,4.66608],[-74.06454,4.66572],[-74.06451,4.6657]]}},{"type":"Feature","properties":{"id":"82867630","nom":"Calle 95","tipo":"tertiary"},"geometry":{"type":"LineString","coordinates":[[-74.07953,4.69117],[-74.07954,4.69114],[-74.07954,4.6911],[-74.07954,4.69107]]}},{"type":"Feature","properties":{"id":"83229974","nom":"Calle 76 Bis","tipo":"residential"},"geometry":{"type":"LineString","coordinates":[[-74.06302,4.66588],[-74.06295,4.66584],[-74.06265,4.66565],[-74.06228,4.66542],[-74.06224,4.66539]]}},{"type":"Feature","properties":{"id":"84830317","nom":"Avenida Carrera 24","tipo":"secondary"},"geometry":{"type":"LineString","coordinates":[[-74.07224,4.65184],[-74.07219,4.65212],[-74.07218,4.65218],[-74.07206,4.65285],[-74.07194,4.6535],[-74.07194,4.65355],[-74.07186,4.65395],[-74.07186,4.65399],[-74.07181,4.65426],[-74.07176,4.65452],[-74.07159,4.65544],[-74.07158,4.6555]]}},{"type":"Feature","properties":{"id":"85990611","nom":"Carrera 29B Bis","tipo":"residential"},"geometry":{"type":"LineString","coordinates":[[-74.07609,4.66235],[-74.07561,4.66302]]}},{"type":"Feature","properties":{"id":"86670491","nom":"Carrera 21","tipo":"residential"},"geometry":{"type":"LineString","coordinates":[[-74.06111,4.66876],[-74.06118,4.66836]]}},{"type":"Feature","properties":{"id":"86670500","nom":"Calle 82","tipo":"residential"},"geometry":{"type":"LineString","coordinates":[[-74.0618,4.66963],[-74.0625,4.66973],[-74.06252,4.66973]]}},{"type":"Feature","properties":{"id":"86670509","nom":"Calle 81","tipo":"residential"},"geometry":{"type":"LineString","coordinates":[[-74.06137,4.66881],[-74.06179,4.66888]]}},{"type":"Feature","properties":{"id":"86670531","nom":"Carrera 20","tipo":"tertiary"},"geometry":{"type":"LineString","coordinates":[[-74.06061,4.66867],[-74.0607,4.66821],[-74.06077,4.66788],[-74.06078,4.66784],[-74.0608,4.66781],[-74.06081,4.66781],[-74.06083,4.6678],[-74.06086,4.66779]]}},{"type":"Feature","properties":{"id":"87086491","nom":"Carrera 62","tipo":"residential"},"geometry":{"type":"LineString","coordinates":[[-74.07564,4.68113],[-74.07603,4.6806],[-74.07607,4.68057],[-74.07612,4.68054],[-74.07614,4.68054],[-74.07621,4.68052]]}},{"type":"Feature","properties":{"id":"87086499","nom":"Carrera 62","tipo":"residential"},"geometry":{"type":"LineString","coordinates":[[-74.07604,4.68032],[-74.07604,4.68045],[-74.07603,4.68048],[-74.07602,4.68052],[-74.07598,4.68057],[-74.07564,4.68101],[-74.07559,4.68109]]}},{"type":"Feature","properties":{"id":"88264736","nom":"Carrera 17","tipo":"residential"},"geometry":{"type":"LineString","coordinates":[[-74.05569,4.67208],[-74.05524,4.67304]]}},{"type":"Feature","properties":{"id":"88264738","nom":"Carrera 19","tipo":"residential"},"geometry":{"type":"LineString","coordinates":[[-74.05689,4.67228],[-74.05741,4.67123],[-74.05742,4.67119]]}},{"type":"Feature","properties":{"id":"88514802","nom":"Carrera 19A","tipo":"residential"},"geometry":{"type":"LineString","coordinates":[[-74.05681,4.67379],[-74.05729,4.67284]]}},{"type":"Feature","properties":{"id":"88514806","nom":"Calle 86","tipo":"residential"},"geometry":{"type":"LineString","coordinates":[[-74.05875,4.67306],[-74.05853,4.67295]]}},{"type":"Feature","properties":{"id":"89455686","nom":"Calle 106","tipo":"secondary"},"geometry":{"type":"LineString","coordinates":[[-74.05099,4.69278],[-74.05109,4.6928],[-74.05114,4.69281],[-74.05143,4.69288],[-74.05178,4.69295],[-74.05329,4.69321],[-74.05337,4.69322],[-74.05343,4.69323],[-74.05356,4.69325],[-74.05426,4.69337],[-74.05498,4.69349],[-74.05562,4.6936],[-74.05572,4.69362]]}},{"type":"Feature","properties":{"id":"89456579","nom":"Carrera 23","tipo":"residential"},"geometry":{"type":"LineString","coordinates":[[-74.05559,4.68944],[-74.05559,4.68947],[-74.05558,4.6895],[-74.05546,4.69022],[-74.05538,4.69068]]}},{"type":"Feature","properties":{"id":"89477196","nom":"Calle 103A","tipo":"residential"},"geometry":{"type":"LineString","coordinates":[[-74.05546,4.69022],[-74.05396,4.68997],[-74.05389,4.68996]]}},{"type":"Feature","properties":{"id":"89480415","nom":"","tipo":"trunk_link"},"geometry":{"type":"LineString","coordinates":[[-74.05489,4.68655],[-74.05523,4.6867],[-74.05526,4.68671],[-74.05529,4.68674],[-74.05531,4.68678],[-74.05535,4.68684],[-74.05537,4.68688],[-74.05541,4.68694],[-74.05546,4.687],[-74.0555,4.68703],[-74.05555,4.68705],[-74.05595,4.68712],[-74.05659,4.68722],[-74.0566,4.68722],[-74.05666,4.68724],[-74.0567,4.68726],[-74.05672,4.6873],[-74.05672,4.68734],[-74.05663,4.68789],[-74.05662,4.68795],[-74.05662,4.68801],[-74.0566,4.68827],[-74.0566,4.68855]]}},{"type":"Feature","properties":{"id":"89480421","nom":"Carrera 22","tipo":"residential"},"geometry":{"type":"LineString","coordinates":[[-74.05482,4.68931],[-74.05482,4.68927],[-74.05483,4.68919],[-74.05492,4.68866],[-74.05498,4.68828],[-74.05511,4.68746],[-74.05518,4.68705],[-74.05519,4.68699],[-74.05521,4.68682]]}},{"type":"Feature","properties":{"id":"89487900","nom":"Calle 98","tipo":"residential"},"geometry":{"type":"LineString","coordinates":[[-74.05475,4.68532],[-74.05479,4.68533],[-74.05549,4.68544],[-74.05618,4.68556],[-74.05623,4.68557]]}},{"type":"Feature","properties":{"id":"89502348","nom":"Calle 96","tipo":"residential"},"geometry":{"type":"LineString","coordinates":[[-74.05338,4.68344],[-74.05343,4.68344],[-74.05346,4.68345],[-74.05492,4.68369],[-74.05496,4.6837],[-74.05502,4.68371]]}},{"type":"Feature","properties":{"id":"89502349","nom":"Avenida Calle 92","tipo":"secondary"},"geometry":{"type":"LineString","coordinates":[[-74.05769,4.67865],[-74.05779,4.67868],[-74.05788,4.67872],[-74.05797,4.67878],[-74.05804,4.67885],[-74.05811,4.67893],[-74.05816,4.67901],[-74.0582,4.67911],[-74.05823,4.6792]]}},{"type":"Feature","properties":{"id":"89502388","nom":"Transversal 23","tipo":"residential"},"geometry":{"type":"LineString","coordinates":[[-74.05615,4.68607],[-74.05622,4.68561],[-74.05623,4.68557]]}},{"type":"Feature","properties":{"id":"89502431","nom":"Calle 95","tipo":"residential"},"geometry":{"type":"LineString","coordinates":[[-74.05515,4.68288],[-74.05511,4.68287],[-74.05507,4.68287],[-74.05439,4.68275],[-74.05434,4.68275],[-74.0537,4.68266],[-74.05366,4.68265],[-74.05351,4.68263]]}},{"type":"Feature","properties":{"id":"89502446","nom":"Transversal 23","tipo":"residential"},"geometry":{"type":"LineString","coordinates":[[-74.05693,4.6815],[-74.05693,4.68147],[-74.05694,4.68137],[-74.05714,4.68017]]}},{"type":"Feature","properties":{"id":"89502455","nom":"Calle 95","tipo":"residential"},"geometry":{"type":"LineString","coordinates":[[-74.05515,4.68288],[-74.05519,4.68289],[-74.05522,4.68289],[-74.05661,4.68313],[-74.05664,4.68314],[-74.0567,4.68315],[-74.05705,4.68321],[-74.05717,4.68323],[-74.05735,4.68326],[-74.05737,4.68326],[-74.05746,4.68328]]}},{"type":"Feature","properties":{"id":"89502459","nom":"Avenida Calle 94","tipo":"secondary"},"geometry":{"type":"LineString","coordinates":[[-74.05517,4.6814],[-74.05521,4.68139],[-74.05523,4.68138],[-74.05529,4.68138],[-74.05535,4.68138],[-74.05541,4.68139],[-74.05557,4.68142],[-74.05579,4.68145]]}},{"type":"Feature","properties":{"id":"89502468","nom":"Transversal 23","tipo":"residential"},"geometry":{"type":"LineString","coordinates":[[-74.0569,4.68164],[-74.05689,4.68168],[-74.05678,4.68235],[-74.05677,4.68239],[-74.05677,4.68242],[-74.05674,4.68257],[-74.05672,4.68273],[-74.0567,4.68283]]}},{"type":"Feature","properties":{"id":"89526881","nom":"Carrera 18","tipo":"residential"},"geometry":{"type":"LineString","coordinates":[[-74.05588,4.67437],[-74.05554,4.67505],[-74.05527,4.67558],[-74.05494,4.67621],[-74.05468,4.67671]]}},{"type":"Feature","properties":{"id":"89527288","nom":"Avenida Calle 92","tipo":"secondary"},"geometry":{"type":"LineString","coordinates":[[-74.05838,4.67871],[-74.05831,4.67873],[-74.05824,4.67873],[-74.05813,4.67872],[-74.05806,4.67871],[-74.058,4.67868],[-74.05792,4.67865],[-74.0579,4.67864],[-74.05685,4.6781]]}},{"type":"Feature","properties":{"id":"89527292","nom":"Carrera 17","tipo":"residential"},"geometry":{"type":"LineString","coordinates":[[-74.05404,4.67618],[-74.05422,4.67584],[-74.05451,4.67529],[-74.05455,4.67521],[-74.05483,4.67468],[-74.05516,4.67402]]}},{"type":"Feature","properties":{"id":"89527296","nom":"Carrera 19A","tipo":"residential"},"geometry":{"type":"LineString","coordinates":[[-74.05622,4.67741],[-74.05676,4.67634]]}},{"type":"Feature","properties":{"id":"89527298","nom":"Calle 93","tipo":"residential"},"geometry":{"type":"LineString","coordinates":[[-74.05341,4.67756],[-74.05395,4.67784],[-74.05415,4.67794],[-74.0542,4.67797],[-74.05439,4.67807],[-74.05483,4.6783],[-74.05488,4.67833],[-74.05494,4.67835],[-74.05593,4.67887],[-74.05655,4.6792],[-74.05686,4.67936],[-74.05689,4.67937],[-74.05693,4.6794],[-74.05694,4.67942],[-74.05695,4.67943],[-74.05696,4.67946],[-74.05696,4.67949],[-74.05696,4.67953],[-74.05696,4.67954],[-74.05695,4.67957]]}},{"type":"Feature","properties":{"id":"89527299","nom":"","tipo":"trunk_link"},"geometry":{"type":"LineString","coordinates":[[-74.05824,4.67826],[-74.05824,4.67832],[-74.05825,4.67836],[-74.05828,4.6784],[-74.05832,4.67844],[-74.05836,4.67845],[-74.05841,4.67847],[-74.05844,4.67847],[-74.0585,4.67846],[-74.05857,4.67844],[-74.05864,4.67841],[-74.0587,4.67837],[-74.05878,4.67832],[-74.05884,4.67829],[-74.0589,4.67827],[-74.05894,4.67825],[-74.059,4.67822],[-74.05903,4.67819],[-74.05905,4.67816],[-74.05906,4.67814],[-74.05907,4.67788],[-74.0591,4.67764],[-74.05916,4.67735],[-74.05923,4.67694],[-74.05928,4.67666]]}},{"type":"Feature","properties":{"id":"89527316","nom":"Carrera 19","tipo":"residential"},"geometry":{"type":"LineString","coordinates":[[-74.05607,4.67599],[-74.05573,4.67663],[-74.05559,4.67691],[-74.05558,4.67694],[-74.05557,4.67697],[-74.05557,4.67699],[-74.05557,4.67702]]}},{"type":"Feature","properties":{"id":"89572197","nom":"Calle 88","tipo":"residential"},"geometry":{"type":"LineString","coordinates":[[-74.05667,4.67478],[-74.05588,4.67437]]}},{"type":"Feature","properties":{"id":"89580872","nom":"Carrera 18","tipo":"residential"},"geometry":{"type":"LineString","coordinates":[[-74.05576,4.6733],[-74.05622,4.67234],[-74.05637,4.67203],[-74.05687,4.67097],[-74.05689,4.67093]]}},{"type":"Feature","properties":{"id":"89580906","nom":"Calle 87","tipo":"residential"},"geometry":{"type":"LineString","coordinates":[[-74.05784,4.6743],[-74.05752,4.67413],[-74.05736,4.67405],[-74.05681,4.67379],[-74.0566,4.67369],[-74.05627,4.67353],[-74.05576,4.6733]]}},{"type":"Feature","properties":{"id":"89580952","nom":"Carrera 16","tipo":"residential"},"geometry":{"type":"LineString","coordinates":[[-74.05584,4.67042],[-74.05582,4.67046],[-74.05533,4.67149]]}},{"type":"Feature","properties":{"id":"89581008","nom":"Avenida Calle 85","tipo":"secondary"},"geometry":{"type":"LineString","coordinates":[[-74.05519,4.67001],[-74.05523,4.67005],[-74.05527,4.67008]]}},{"type":"Feature","properties":{"id":"89600783","nom":"Calle 82","tipo":"secondary"},"geometry":{"type":"LineString","coordinates":[[-74.06015,4.66959],[-74.06002,4.66953],[-74.05994,4.6695],[-74.05978,4.66943],[-74.05973,4.66941],[-74.05968,4.66938],[-74.05911,4.66902],[-74.05867,4.66874],[-74.05862,4.66871]]}},{"type":"Feature","properties":{"id":"89601066","nom":"Avenida Carrera 15","tipo":"secondary"},"geometry":{"type":"LineString","coordinates":[[-74.05712,4.66642],[-74.0571,4.66646],[-74.05679,4.667],[-74.05662,4.6673],[-74.05659,4.66736],[-74.05655,4.66742]]}},{"type":"Feature","properties":{"id":"89601080","nom":"Avenida Calle 85","tipo":"secondary"},"geometry":{"type":"LineString","coordinates":[[-74.05368,4.66916],[-74.05373,4.66919],[-74.05376,4.66921],[-74.05397,4.66933],[-74.05408,4.66939],[-74.05443,4.66959],[-74.05514,4.66998],[-74.05519,4.67001]]}},{"type":"Feature","properties":{"id":"89601149","nom":"Calle 84A","tipo":"tertiary"},"geometry":{"type":"LineString","coordinates":[[-74.05397,4.66866],[-74.054,4.66867],[-74.05431,4.66882],[-74.05461,4.66897],[-74.05485,4.66908],[-74.05508,4.66919],[-74.0555,4.6694]]}},{"type":"Feature","properties":{"id":"89601217","nom":"Calle 84","tipo":"residential"},"geometry":{"type":"LineString","coordinates":[[-74.05695,4.66946],[-74.05692,4.66945],[-74.05677,4.66938],[-74.05668,4.66933],[-74.05663,4.66931],[-74.05648,4.66924],[-74.05641,4.6692]]}},{"type":"Feature","properties":{"id":"89601233","nom":"Carrera 14A","tipo":"residential"},"geometry":{"type":"LineString","coordinates":[[-74.05508,4.66919],[-74.05511,4.66913],[-74.05546,4.66838],[-74.05588,4.66754],[-74.05589,4.66751]]}},{"type":"Feature","properties":{"id":"89601284","nom":"Carrera 13","tipo":"tertiary"},"geometry":{"type":"LineString","coordinates":[[-74.05397,4.66866],[-74.054,4.66859],[-74.0543,4.66806],[-74.05449,4.66772],[-74.05459,4.66753],[-74.0549,4.66696],[-74.05492,4.66692],[-74.05495,4.66688],[-74.05528,4.66626],[-74.0553,4.66624]]}},{"type":"Feature","properties":{"id":"89601294","nom":"Calle 84A","tipo":"residential"},"geometry":{"type":"LineString","coordinates":[[-74.05564,4.66928],[-74.05572,4.66932],[-74.056,4.66946],[-74.05624,4.66958],[-74.05628,4.6696],[-74.05633,4.66963],[-74.05671,4.66982],[-74.05677,4.66985]]}},{"type":"Feature","properties":{"id":"89601302","nom":"Carrera 19B","tipo":"residential"},"geometry":{"type":"LineString","coordinates":[[-74.05936,4.66989],[-74.05905,4.67049]]}},{"type":"Feature","properties":{"id":"89606502","nom":"Avenida Carrera 20","tipo":"trunk"},"geometry":{"type":"LineString","coordinates":[[-74.06004,4.66825],[-74.05999,4.66863],[-74.05997,4.66889],[-74.05995,4.66929],[-74.05994,4.66942],[-74.05994,4.6695],[-74.05994,4.66964],[-74.05992,4.66983],[-74.05988,4.67016],[-74.0598,4.67071],[-74.05971,4.67111],[-74.05962,4.67158],[-74.05955,4.67196],[-74.05949,4.67236],[-74.05944,4.67274],[-74.05916,4.67429],[-74.05898,4.67528],[-74.05887,4.67601]]}},{"type":"Feature","properties":{"id":"89606513","nom":"Avenida Calle 80","tipo":"trunk"},"geometry":{"type":"LineString","coordinates":[[-74.06228,4.66744],[-74.06179,4.66682]]}},{"type":"Feature","properties":{"id":"89606524","nom":"Carrera 16","tipo":"residential"},"geometry":{"type":"LineString","coordinates":[[-74.05767,4.66678],[-74.0583,4.66566]]}},{"type":"Feature","properties":{"id":"89615872","nom":"Calle 74","tipo":"tertiary"},"geometry":{"type":"LineString","coordinates":[[-74.06157,4.66185],[-74.06138,4.66172],[-74.06134,4.66169]]}},{"type":"Feature","properties":{"id":"89615874","nom":"Carrera 12","tipo":"residential"},"geometry":{"type":"LineString","coordinates":[[-74.05511,4.66409],[-74.05565,4.6633]]}},{"type":"Feature","properties":{"id":"89615879","nom":"Calle 78","tipo":"residential"},"geometry":{"type":"LineString","coordinates":[[-74.05935,4.66498],[-74.05987,4.66526],[-74.06014,4.66541]]}},{"type":"Feature","properties":{"id":"89615978","nom":"Carrera 14","tipo":"tertiary"},"geometry":{"type":"LineString","coordinates":[[-74.05729,4.66446],[-74.0577,4.66376],[-74.05774,4.66368],[-74.05786,4.66352],[-74.05795,4.6634],[-74.05804,4.66327]]}},{"type":"Feature","properties":{"id":"89615987","nom":"Carrera 19A","tipo":"residential"},"geometry":{"type":"LineString","coordinates":[[-74.06024,4.66487],[-74.06014,4.66541],[-74.05999,4.66628],[-74.05999,4.66631],[-74.05996,4.66649],[-74.05995,4.66653],[-74.05994,4.6666],[-74.05984,4.66718],[-74.05982,4.66728],[-74.05977,4.6677],[-74.05974,4.66793]]}},{"type":"Feature","properties":{"id":"89615992","nom":"Carrera 12A","tipo":"residential"},"geometry":{"type":"LineString","coordinates":[[-74.05708,4.66243],[-74.05671,4.663],[-74.05623,4.66377],[-74.05528,4.66527]]}},{"type":"Feature","properties":{"id":"89615994","nom":"Calle 79","tipo":"residential"},"geometry":{"type":"LineString","coordinates":[[-74.05773,4.66534],[-74.0578,4.66538],[-74.0583,4.66566],[-74.05849,4.66577],[-74.05872,4.6659],[-74.05881,4.66595],[-74.05931,4.66624],[-74.05994,4.6666]]}},{"type":"Feature","properties":{"id":"89616005","nom":"Carrera 16A","tipo":"residential"},"geometry":{"type":"LineString","coordinates":[[-74.05965,4.66444],[-74.0597,4.66435]]}},{"type":"Feature","properties":{"id":"89616006","nom":"Calle 78","tipo":"residential"},"geometry":{"type":"LineString","coordinates":[[-74.05494,4.66275],[-74.055,4.6628],[-74.05553,4.66321],[-74.05565,4.6633],[-74.05623,4.66377],[-74.0566,4.66403],[-74.05696,4.66425],[-74.05726,4.66445],[-74.05729,4.66446]]}},{"type":"Feature","properties":{"id":"89616044","nom":"Calle 76","tipo":"secondary"},"geometry":{"type":"LineString","coordinates":[[-74.06102,4.66407],[-74.06112,4.66413]]}},{"type":"Feature","properties":{"id":"89616068","nom":"Carrera 13","tipo":"residential"},"geometry":{"type":"LineString","coordinates":[[-74.05966,4.65946],[-74.05963,4.65949],[-74.0596,4.65954],[-74.05959,4.65957],[-74.05949,4.6597],[-74.05921,4.6601],[-74.05919,4.66014],[-74.05915,4.6602]]}},{"type":"Feature","properties":{"id":"89616086","nom":"Carrera 16A","tipo":"residential"},"geometry":{"type":"LineString","coordinates":[[-74.0597,4.66435],[-74.05973,4.66431],[-74.0599,4.66399],[-74.06013,4.66356],[-74.06015,4.66352]]}},{"type":"Feature","properties":{"id":"89616092","nom":"Calle 77A","tipo":"residential"},"geometry":{"type":"LineString","coordinates":[[-74.05549,4.66197],[-74.05554,4.66201],[-74.05592,4.66228],[-74.05629,4.66251],[-74.05631,4.66264],[-74.05634,4.6627],[-74.05636,4.66274],[-74.05638,4.66277],[-74.05641,4.6628],[-74.05671,4.663],[-74.0571,4.66326],[-74.0572,4.66332],[-74.05744,4.66348],[-74.05772,4.66366],[-74.05774,4.66368]]}},{"type":"Feature","properties":{"id":"89616100","nom":"Calle 75","tipo":"residential"},"geometry":{"type":"LineString","coordinates":[[-74.05684,4.65998],[-74.05688,4.66001],[-74.0584,4.66106],[-74.05844,4.66108],[-74.05852,4.66114]]}},{"type":"Feature","properties":{"id":"89616107","nom":"Carrera 13","tipo":"residential"},"geometry":{"type":"LineString","coordinates":[[-74.05566,4.66555],[-74.0566,4.66403],[-74.0571,4.66326]]}},{"type":"Feature","properties":{"id":"89616120","nom":"Calle 79","tipo":"residential"},"geometry":{"type":"LineString","coordinates":[[-74.05511,4.66409],[-74.05444,4.66362],[-74.05437,4.66357]]}},{"type":"Feature","properties":{"id":"89616129","nom":"Calle 77","tipo":"residential"},"geometry":{"type":"LineString","coordinates":[[-74.05756,4.66274],[-74.05747,4.66268],[-74.0573,4.66257],[-74.05727,4.66255],[-74.05708,4.66243],[-74.05688,4.6623],[-74.0567,4.66223],[-74.05662,4.66222],[-74.05656,4.66221],[-74.05651,4.66222],[-74.0558,4.66171],[-74.05576,4.66168],[-74.05571,4.66165]]}},{"type":"Feature","properties":{"id":"89617622","nom":"Calle 76","tipo":"secondary"},"geometry":{"type":"LineString","coordinates":[[-74.0544,4.65978],[-74.05443,4.6598],[-74.05589,4.66077],[-74.05607,4.66089],[-74.05612,4.66092],[-74.05618,4.66096]]}},{"type":"Feature","properties":{"id":"89617738","nom":"Calle 73","tipo":"tertiary"},"geometry":{"type":"LineString","coordinates":[[-74.05966,4.65946],[-74.05972,4.6595],[-74.0602,4.65982],[-74.06042,4.65997],[-74.06061,4.6601],[-74.06075,4.6602],[-74.06079,4.66023],[-74.06086,4.66027]]}},{"type":"Feature","properties":{"id":"89617755","nom":"Calle 74","tipo":"tertiary"},"geometry":{"type":"LineString","coordinates":[[-74.05915,4.6602],[-74.05909,4.66016],[-74.05766,4.65918],[-74.0576,4.65913],[-74.05756,4.6591],[-74.05753,4.65907],[-74.05749,4.65903]]}},{"type":"Feature","properties":{"id":"89617764","nom":"Avenida Carrera 15","tipo":"secondary"},"geometry":{"type":"LineString","coordinates":[[-74.06193,4.65845],[-74.06185,4.65868],[-74.06178,4.65889],[-74.06175,4.65895],[-74.06173,4.65898],[-74.06172,4.659],[-74.0617,4.65904],[-74.06155,4.65926]]}},{"type":"Feature","properties":{"id":"89618018","nom":"Calle 73","tipo":"tertiary"},"geometry":{"type":"LineString","coordinates":[[-74.05799,4.65832],[-74.05803,4.65835],[-74.05814,4.65842],[-74.05934,4.65924],[-74.0595,4.65935],[-74.05959,4.65941],[-74.05962,4.65943],[-74.05966,4.65946]]}},{"type":"Feature","properties":{"id":"89619146","nom":"Calle 69","tipo":"tertiary"},"geometry":{"type":"LineString","coordinates":[[-74.0627,4.65578],[-74.06251,4.6556],[-74.0625,4.65558]]}},{"type":"Feature","properties":{"id":"89619164","nom":"Calle 69","tipo":"tertiary"},"geometry":{"type":"LineString","coordinates":[[-74.0625,4.65558],[-74.06242,4.65551],[-74.0618,4.65496],[-74.06142,4.65461],[-74.06105,4.65429],[-74.06091,4.65416],[-74.06086,4.65412],[-74.0608,4.65407]]}},{"type":"Feature","properties":{"id":"89623540","nom":"Avenida Calle 72","tipo":"secondary"},"geometry":{"type":"LineString","coordinates":[[-74.07266,4.6671],[-74.07227,4.66682]]}},{"type":"Feature","properties":{"id":"89748878","nom":"Avenida Carrera 30","tipo":"trunk"},"geometry":{"type":"LineString","coordinates":[[-74.07695,4.6611],[-74.07702,4.66087],[-74.07716,4.66044],[-74.07725,4.66011],[-74.07731,4.65983],[-74.07742,4.65926],[-74.07747,4.65896],[-74.07764,4.65828],[-74.07771,4.65792],[-74.07779,4.6575],[-74.07786,4.65707],[-74.07815,4.65426],[-74.0783,4.65215],[-74.07832,4.65193]]}},{"type":"Feature","properties":{"id":"89874666","nom":"Carrera 27B","tipo":"residential"},"geometry":{"type":"LineString","coordinates":[[-74.07508,4.6543],[-74.07482,4.65517],[-74.07456,4.65603]]}},{"type":"Feature","properties":{"id":"89874714","nom":"Calle 67","tipo":"residential"},"geometry":{"type":"LineString","coordinates":[[-74.06607,4.65575],[-74.06611,4.65577],[-74.06691,4.65627],[-74.06769,4.65677],[-74.06832,4.65717],[-74.06884,4.65751],[-74.06942,4.65793]]}},{"type":"Feature","properties":{"id":"89874739","nom":"Calle 65","tipo":"residential"},"geometry":{"type":"LineString","coordinates":[[-74.06896,4.65478],[-74.06899,4.6548],[-74.06953,4.65512],[-74.06966,4.65515]]}},{"type":"Feature","properties":{"id":"89874761","nom":"Calle 64","tipo":"tertiary"},"geometry":{"type":"LineString","coordinates":[[-74.07683,4.65835],[-74.07672,4.65831],[-74.07591,4.65798],[-74.07492,4.65758],[-74.07386,4.65715],[-74.07321,4.65689],[-74.07258,4.65663],[-74.07197,4.65639],[-74.07157,4.65623],[-74.07151,4.6562]]}},{"type":"Feature","properties":{"id":"89874766","nom":"Calle 63D Bis","tipo":"residential"},"geometry":{"type":"LineString","coordinates":[[-74.07389,4.65521],[-74.07279,4.65501],[-74.0725,4.65496],[-74.07189,4.65485],[-74.07184,4.65484]]}},{"type":"Feature","properties":{"id":"89874787","nom":"Calle 69","tipo":"tertiary"},"geometry":{"type":"LineString","coordinates":[[-74.06846,4.65935],[-74.06787,4.65899],[-74.06735,4.65866],[-74.06677,4.65831],[-74.06674,4.65829],[-74.06671,4.65827],[-74.06668,4.65825],[-74.066,4.65781],[-74.06596,4.65779],[-74.06593,4.65777],[-74.06588,4.65775],[-74.06569,4.65763],[-74.06514,4.65729],[-74.06511,4.65727]]}},{"type":"Feature","properties":{"id":"89874799","nom":"Carrera 25","tipo":"residential"},"geometry":{"type":"LineString","coordinates":[[-74.07005,4.65935],[-74.07009,4.6593],[-74.07061,4.65852],[-74.07115,4.65771],[-74.07116,4.65768],[-74.07118,4.65766],[-74.0717,4.65682],[-74.07193,4.65648],[-74.07197,4.65639],[-74.07223,4.65562]]}},{"type":"Feature","properties":{"id":"89874903","nom":"Carrera 27","tipo":"residential"},"geometry":{"type":"LineString","coordinates":[[-74.07348,4.65584],[-74.07354,4.6555]]}},{"type":"Feature","properties":{"id":"89874956","nom":"Carrera 23","tipo":"residential"},"geometry":{"type":"LineString","coordinates":[[-74.071,4.6554],[-74.07094,4.6557],[-74.0709,4.6558]]}},{"type":"Feature","properties":{"id":"89875033","nom":"Carrera 22","tipo":"residential"},"geometry":{"type":"LineString","coordinates":[[-74.0704,4.65527],[-74.07048,4.65477],[-74.0705,4.65465],[-74.07056,4.6543]]}},{"type":"Feature","properties":{"id":"89875168","nom":"Carrera 23","tipo":"residential"},"geometry":{"type":"LineString","coordinates":[[-74.07117,4.65441],[-74.07108,4.65488],[-74.071,4.6554]]}},{"type":"Feature","properties":{"id":"89875176","nom":"Carrera 15","tipo":"residential"},"geometry":{"type":"LineString","coordinates":[[-74.06465,4.65574],[-74.06461,4.65581],[-74.06412,4.65659],[-74.06409,4.65664],[-74.06406,4.65668],[-74.0638,4.6571],[-74.06363,4.65737],[-74.06359,4.65746],[-74.06358,4.65752],[-74.06339,4.65864]]}},{"type":"Feature","properties":{"id":"89875230","nom":"Calle 63G","tipo":"residential"},"geometry":{"type":"LineString","coordinates":[[-74.07286,4.656],[-74.07345,4.65623],[-74.07411,4.6565],[-74.07505,4.65688],[-74.07603,4.65726],[-74.07694,4.65763]]}},{"type":"Feature","properties":{"id":"89875262","nom":"Carrera 21","tipo":"residential"},"geometry":{"type":"LineString","coordinates":[[-74.06966,4.65515],[-74.06907,4.65601],[-74.06905,4.65605],[-74.06903,4.65607],[-74.06832,4.65717]]}},{"type":"Feature","properties":{"id":"89875274","nom":"Carrera 22","tipo":"residential"},"geometry":{"type":"LineString","coordinates":[[-74.06842,4.65813],[-74.06845,4.65808],[-74.06884,4.65751],[-74.06925,4.65691],[-74.06946,4.65662],[-74.06958,4.65646],[-74.06959,4.65643],[-74.06962,4.6564],[-74.07006,4.65581],[-74.07036,4.65539]]}},{"type":"Feature","properties":{"id":"89875299","nom":"Carrera 28A","tipo":"tertiary"},"geometry":{"type":"LineString","coordinates":[[-74.07634,4.65634],[-74.0764,4.65597],[-74.07649,4.65542],[-74.07661,4.65455],[-74.07662,4.65449],[-74.07676,4.65368],[-74.07677,4.65363],[-74.07691,4.65278],[-74.07703,4.65199],[-74.07703,4.65195]]}},{"type":"Feature","properties":{"id":"89875311","nom":"Calle 68","tipo":"residential"},"geometry":{"type":"LineString","coordinates":[[-74.06328,4.65493],[-74.06353,4.65508],[-74.0636,4.65512]]}},{"type":"Feature","properties":{"id":"89875384","nom":"Calle 63F","tipo":"tertiary"},"geometry":{"type":"LineString","coordinates":[[-74.07762,4.65657],[-74.07756,4.65656],[-74.07753,4.65655],[-74.07749,4.65654],[-74.07712,4.65648],[-74.07634,4.65634],[-74.07617,4.65631],[-74.0753,4.65616],[-74.07519,4.65614],[-74.07456,4.65603],[-74.07428,4.65598]]}},{"type":"Feature","properties":{"id":"89878118","nom":"Calle 67","tipo":"residential"},"geometry":{"type":"LineString","coordinates":[[-74.07002,4.65834],[-74.06999,4.65832],[-74.06942,4.65793]]}},{"type":"Feature","properties":{"id":"89878121","nom":"Calle 66A","tipo":"residential"},"geometry":{"type":"LineString","coordinates":[[-74.06925,4.65691],[-74.06985,4.65732],[-74.07039,4.6577],[-74.07043,4.65772]]}},{"type":"Feature","properties":{"id":"89878137","nom":"Avenida Carrera 24","tipo":"secondary"},"geometry":{"type":"LineString","coordinates":[[-74.07075,4.6574],[-74.07082,4.6573],[-74.07099,4.65704],[-74.0713,4.65655],[-74.07145,4.65631],[-74.07148,4.65626],[-74.07151,4.6562],[-74.07155,4.65612],[-74.07158,4.65601],[-74.0716,4.6559],[-74.07163,4.6558],[-74.07165,4.65567],[-74.07167,4.6556],[-74.07168,4.65556],[-74.07169,4.65552]]}},{"type":"Feature","properties":{"id":"89878155","nom":"Avenida Calle 68","tipo":"secondary"},"geometry":{"type":"LineString","coordinates":[[-74.06465,4.65574],[-74.06517,4.65605],[-74.06559,4.6563],[-74.06562,4.65632],[-74.06569,4.65636]]}},{"type":"Feature","properties":{"id":"89878177","nom":"Calle 66","tipo":"secondary"},"geometry":{"type":"LineString","coordinates":[[-74.07612,4.66112],[-74.07555,4.66072],[-74.0754,4.66061],[-74.07533,4.66056],[-74.07517,4.66045],[-74.07499,4.66032],[-74.07464,4.66007],[-74.0746,4.66004],[-74.07455,4.66001],[-74.07452,4.65999],[-74.07411,4.6597],[-74.07408,4.65968],[-74.07402,4.65964],[-74.07398,4.65961],[-74.07364,4.65938],[-74.07345,4.65925],[-74.07297,4.65892],[-74.07293,4.65889],[-74.07286,4.65884],[-74.07282,4.65882],[-74.07231,4.65846],[-74.07227,4.65843],[-74.07176,4.65809],[-74.07171,4.65806],[-74.07136,4.65781],[-74.07121,4.65771],[-74.07116,4.65768],[-74.07083,4.65746],[-74.07079,4.65743],[-74.07075,4.6574]]}},{"type":"Feature","properties":{"id":"89878185","nom":"Avenida Carrera 24","tipo":"secondary"},"geometry":{"type":"LineString","coordinates":[[-74.07158,4.6555],[-74.07157,4.65555],[-74.0715,4.65595],[-74.07149,4.65602],[-74.07146,4.65609],[-74.07143,4.65617],[-74.0714,4.65623],[-74.07136,4.6563],[-74.07117,4.65659],[-74.07093,4.65696],[-74.07077,4.65719],[-74.07074,4.65725]]}},{"type":"Feature","properties":{"id":"89878192","nom":"Calle 70A","tipo":"residential"},"geometry":{"type":"LineString","coordinates":[[-74.06456,4.65816],[-74.06459,4.65818],[-74.06531,4.65863],[-74.06537,4.65866],[-74.0654,4.65869],[-74.06609,4.65911],[-74.06613,4.65913],[-74.06616,4.65915],[-74.06677,4.65953],[-74.06729,4.65986],[-74.06791,4.66024],[-74.06853,4.66062],[-74.06855,4.66064]]}},{"type":"Feature","properties":{"id":"89878223","nom":"Carrera 23","tipo":"residential"},"geometry":{"type":"LineString","coordinates":[[-74.0709,4.6558],[-74.07088,4.65584],[-74.07063,4.65621],[-74.07041,4.65651],[-74.0702,4.65681],[-74.07018,4.65685],[-74.07017,4.65686],[-74.06985,4.65732],[-74.06942,4.65793]]}},{"type":"Feature","properties":{"id":"89878228","nom":"Carrera 21","tipo":"residential"},"geometry":{"type":"LineString","coordinates":[[-74.06832,4.65717],[-74.06795,4.65774],[-74.06791,4.6578]]}},{"type":"Feature","properties":{"id":"89878230","nom":"Calle 67","tipo":"residential"},"geometry":{"type":"LineString","coordinates":[[-74.0702,4.65824],[-74.07024,4.65827],[-74.07061,4.65852],[-74.07114,4.65889],[-74.0717,4.65927],[-74.07229,4.65968],[-74.07287,4.66008],[-74.07345,4.66047],[-74.07397,4.66084],[-74.07458,4.66128],[-74.07483,4.66145],[-74.07497,4.66155],[-74.07549,4.66192],[-74.07553,4.66195]]}},{"type":"Feature","properties":{"id":"89878246","nom":"Calle 65","tipo":"residential"},"geometry":{"type":"LineString","coordinates":[[-74.0713,4.65655],[-74.07135,4.65659],[-74.0717,4.65682],[-74.07227,4.65723],[-74.07282,4.65761],[-74.07342,4.65801],[-74.07401,4.65842],[-74.07458,4.65881],[-74.07512,4.65918],[-74.07522,4.65925],[-74.07539,4.65936],[-74.07577,4.65962],[-74.07615,4.6599],[-74.07667,4.66026],[-74.07669,4.66028],[-74.07675,4.66031]]}},{"type":"Feature","properties":{"id":"89878249","nom":"Calle 64A","tipo":"residential"},"geometry":{"type":"LineString","coordinates":[[-74.07483,4.65815],[-74.07434,4.65792],[-74.07369,4.65761]]}},{"type":"Feature","properties":{"id":"89878250","nom":"Carrera 27","tipo":"residential"},"geometry":{"type":"LineString","coordinates":[[-74.0717,4.65927],[-74.07225,4.65846],[-74.07227,4.65843],[-74.07229,4.6584],[-74.07282,4.65761],[-74.07304,4.65729],[-74.07311,4.65713],[-74.07321,4.65689],[-74.07345,4.65623],[-74.07358,4.65586]]}},{"type":"Feature","properties":{"id":"89878259","nom":"Carrera 14A","tipo":"residential"},"geometry":{"type":"LineString","coordinates":[[-74.06271,4.6591],[-74.06281,4.65851],[-74.06301,4.65737],[-74.06313,4.65667]]}},{"type":"Feature","properties":{"id":"89878260","nom":"Carrera 26","tipo":"residential"},"geometry":{"type":"LineString","coordinates":[[-74.07294,4.65574],[-74.07286,4.656],[-74.07258,4.65663],[-74.0725,4.65684],[-74.07242,4.65702],[-74.07227,4.65723],[-74.07173,4.65803],[-74.07171,4.65806],[-74.07169,4.65809],[-74.07114,4.65889],[-74.0706,4.65968],[-74.07057,4.65973]]}},{"type":"Feature","properties":{"id":"89889925","nom":"Carrera 20C Bis","tipo":"residential"},"geometry":{"type":"LineString","coordinates":[[-74.06276,4.6663],[-74.06302,4.66588],[-74.06325,4.66554],[-74.06327,4.66551]]}},{"type":"Feature","properties":{"id":"89889939","nom":"Avenida Carrera 24","tipo":"secondary"},"geometry":{"type":"LineString","coordinates":[[-74.06704,4.66305],[-74.067,4.66311],[-74.06686,4.66332],[-74.06663,4.6637]]}},{"type":"Feature","properties":{"id":"89889992","nom":"Carrera 21","tipo":"residential"},"geometry":{"type":"LineString","coordinates":[[-74.06791,4.6578],[-74.06789,4.65784],[-74.06735,4.65866],[-74.06677,4.65953],[-74.0662,4.66035],[-74.06618,4.66039],[-74.06616,4.66042],[-74.06574,4.66107]]}},{"type":"Feature","properties":{"id":"89890002","nom":"Avenida Carrera 30","tipo":"secondary"},"geometry":{"type":"LineString","coordinates":[[-74.07617,4.66547],[-74.07632,4.66489],[-74.07635,4.66476],[-74.07648,4.6643]]}},{"type":"Feature","properties":{"id":"89890004","nom":"Avenida Carrera 30","tipo":"trunk"},"geometry":{"type":"LineString","coordinates":[[-74.06919,4.67285],[-74.06928,4.67278],[-74.06942,4.67266],[-74.06956,4.67252],[-74.06967,4.67241],[-74.06978,4.67229],[-74.06987,4.67218],[-74.07066,4.67122],[-74.07087,4.671],[-74.0709,4.67096],[-74.07204,4.66966],[-74.07216,4.66952],[-74.07229,4.66934],[-74.07257,4.66899],[-74.07284,4.66865],[-74.07299,4.66847],[-74.07317,4.66826],[-74.07344,4.66797],[-74.07347,4.66794],[-74.0736,4.66779],[-74.07376,4.66762],[-74.07391,4.66746],[-74.07408,4.66727],[-74.0741,4.66725],[-74.0743,4.66702],[-74.07453,4.66675],[-74.07536,4.66578],[-74.07547,4.66565],[-74.07553,4.66555],[-74.07564,4.66537],[-74.07578,4.66504],[-74.07584,4.66492]]}},{"type":"Feature","properties":{"id":"89890046","nom":"Carrera 22","tipo":"residential"},"geometry":{"type":"LineString","coordinates":[[-74.06449,4.66377],[-74.06453,4.66371],[-74.06494,4.66305]]}},{"type":"Feature","properties":{"id":"89890095","nom":"Carrera 14A","tipo":"residential"},"geometry":{"type":"LineString","coordinates":[[-74.06258,4.65982],[-74.06259,4.65979],[-74.06271,4.6591]]}},{"type":"Feature","properties":{"id":"89890128","nom":"Carrera 20","tipo":"tertiary"},"geometry":{"type":"LineString","coordinates":[[-74.0697,4.65243],[-74.06958,4.65313],[-74.0694,4.65408],[-74.06916,4.65447],[-74.06914,4.6545],[-74.06912,4.65453],[-74.06896,4.65478],[-74.06891,4.65485],[-74.06848,4.65552],[-74.06845,4.65557],[-74.06843,4.65561],[-74.06841,4.65563],[-74.06769,4.65677],[-74.06735,4.6573],[-74.06733,4.65733],[-74.06729,4.6574],[-74.06725,4.65745],[-74.06709,4.65769],[-74.06698,4.65785],[-74.06676,4.65819],[-74.06674,4.65822],[-74.06671,4.65827],[-74.06641,4.6587],[-74.06613,4.65913],[-74.06584,4.65958],[-74.06559,4.65994],[-74.06556,4.65999],[-74.06554,4.66003],[-74.06516,4.66058],[-74.06514,4.66062],[-74.06511,4.66066]]}},{"type":"Feature","properties":{"id":"89890164","nom":"Calle 71","tipo":"residential"},"geometry":{"type":"LineString","coordinates":[[-74.0681,4.66157],[-74.06815,4.6616],[-74.06857,4.66186],[-74.06903,4.66215],[-74.06951,4.6624],[-74.07002,4.66264],[-74.07054,4.66282],[-74.07085,4.66293],[-74.07105,4.66305],[-74.07148,4.66335],[-74.07194,4.66368],[-74.07241,4.66401],[-74.07286,4.66433],[-74.07342,4.66473],[-74.07394,4.6651],[-74.07445,4.66547]]}},{"type":"Feature","properties":{"id":"89890167","nom":"Carrera 20B","tipo":"tertiary"},"geometry":{"type":"LineString","coordinates":[[-74.06171,4.66451],[-74.06173,4.66447],[-74.06199,4.66407],[-74.06202,4.66402],[-74.06218,4.66377],[-74.06223,4.66369],[-74.06226,4.66364],[-74.06229,4.6636],[-74.06237,4.66347]]}},{"type":"Feature","properties":{"id":"89890198","nom":"Carrera 22","tipo":"residential"},"geometry":{"type":"LineString","coordinates":[[-74.06421,4.66426],[-74.0642,4.66426],[-74.06418,4.66427],[-74.06417,4.66428],[-74.06393,4.66466]]}},{"type":"Feature","properties":{"id":"89890206","nom":"Calle 74","tipo":"tertiary"},"geometry":{"type":"LineString","coordinates":[[-74.06364,4.66322],[-74.06359,4.66318],[-74.06295,4.66277],[-74.06288,4.66272],[-74.06284,4.6627]]}},{"type":"Feature","properties":{"id":"89890225","nom":"Carrera 27B","tipo":"residential"},"geometry":{"type":"LineString","coordinates":[[-74.07054,4.66282],[-74.07113,4.662],[-74.07195,4.66081],[-74.07199,4.66075]]}},{"type":"Feature","properties":{"id":"89890255","nom":"Carrera 27C","tipo":"residential"},"geometry":{"type":"LineString","coordinates":[[-74.06972,4.66494],[-74.06975,4.66491],[-74.06983,4.66479],[-74.07034,4.66407],[-74.07048,4.66386],[-74.07105,4.66305],[-74.07155,4.66231],[-74.07239,4.66112],[-74.07242,4.66107]]}},{"type":"Feature","properties":{"id":"89890306","nom":"Carrera 28","tipo":"tertiary"},"geometry":{"type":"LineString","coordinates":[[-74.07519,4.65614],[-74.07505,4.65688],[-74.07494,4.65746],[-74.07492,4.65758],[-74.07483,4.65815],[-74.07481,4.65829],[-74.07478,4.65849],[-74.07476,4.65855],[-74.07472,4.65861],[-74.07458,4.65881],[-74.07407,4.65956],[-74.07404,4.65961],[-74.07402,4.65964],[-74.07399,4.65968],[-74.07345,4.66047],[-74.07312,4.66096],[-74.07293,4.66125],[-74.07291,4.66127],[-74.0729,4.6613],[-74.07289,4.66133],[-74.07286,4.66138]]}},{"type":"Feature","properties":{"id":"89890321","nom":"Calle 71A","tipo":"residential"},"geometry":{"type":"LineString","coordinates":[[-74.06528,4.66078],[-74.06574,4.66107],[-74.06623,4.6614],[-74.06691,4.66185],[-74.06731,4.66211],[-74.06751,4.66224],[-74.06754,4.66226]]}},{"type":"Feature","properties":{"id":"89890356","nom":"Carrera 20A","tipo":"residential"},"geometry":{"type":"LineString","coordinates":[[-74.06321,4.66038],[-74.06318,4.66044],[-74.06292,4.66085],[-74.06288,4.66091],[-74.06258,4.66138],[-74.06255,4.66143]]}},{"type":"Feature","properties":{"id":"89890368","nom":"Carrera 22","tipo":"residential"},"geometry":{"type":"LineString","coordinates":[[-74.06539,4.66265],[-74.06571,4.66218],[-74.06573,4.66215]]}},{"type":"Feature","properties":{"id":"89890395","nom":"Calle 70","tipo":"residential"},"geometry":{"type":"LineString","coordinates":[[-74.07113,4.662],[-74.07155,4.66231],[-74.072,4.66264],[-74.07246,4.66298],[-74.07292,4.66332],[-74.07337,4.66364],[-74.07379,4.66395],[-74.07394,4.66406]]}},{"type":"Feature","properties":{"id":"89890467","nom":"Carrera 28B","tipo":"residential"},"geometry":{"type":"LineString","coordinates":[[-74.07712,4.65648],[-74.07701,4.6572],[-74.07697,4.65746],[-74.07695,4.65759],[-74.07694,4.65763]]}},{"type":"Feature","properties":{"id":"89890489","nom":"Carrera 29A","tipo":"residential"},"geometry":{"type":"LineString","coordinates":[[-74.07394,4.66406],[-74.07342,4.66473],[-74.07292,4.66538],[-74.07249,4.66594]]}},{"type":"Feature","properties":{"id":"89890511","nom":"Calle 71","tipo":"residential"},"geometry":{"type":"LineString","coordinates":[[-74.068,4.66152],[-74.06798,4.6615],[-74.06736,4.66111],[-74.06732,4.66108],[-74.06676,4.66074],[-74.0667,4.66071],[-74.06663,4.66066],[-74.06623,4.66042],[-74.06618,4.66039],[-74.06612,4.66036],[-74.06562,4.66002],[-74.06556,4.65999],[-74.0655,4.65995],[-74.06488,4.65956],[-74.06481,4.65951]]}},{"type":"Feature","properties":{"id":"89890523","nom":"Carrera 20","tipo":"tertiary"},"geometry":{"type":"LineString","coordinates":[[-74.06468,4.66129],[-74.06463,4.66138]]}},{"type":"Feature","properties":{"id":"89890551","nom":"Carrera 28A","tipo":"tertiary"},"geometry":{"type":"LineString","coordinates":[[-74.07194,4.66368],[-74.07246,4.66298],[-74.07288,4.6624],[-74.07328,4.66184],[-74.07331,4.6618],[-74.07335,4.66174]]}},{"type":"Feature","properties":{"id":"89890594","nom":"Carrera 22","tipo":"residential"},"geometry":{"type":"LineString","coordinates":[[-74.0658,4.66207],[-74.06583,4.66202],[-74.06623,4.6614],[-74.06668,4.66074],[-74.0667,4.66071],[-74.06673,4.66068],[-74.06729,4.65986],[-74.06787,4.65899],[-74.06837,4.65822],[-74.06839,4.65818],[-74.06842,4.65813]]}},{"type":"Feature","properties":{"id":"89890877","nom":"Calle 71A","tipo":"residential"},"geometry":{"type":"LineString","coordinates":[[-74.06271,4.6591],[-74.06215,4.659]]}},{"type":"Feature","properties":{"id":"89890916","nom":"Diagonal 74 Bis","tipo":"residential"},"geometry":{"type":"LineString","coordinates":[[-74.06357,4.66332],[-74.06351,4.66332],[-74.06297,4.66336],[-74.06248,4.66339],[-74.06242,4.6634]]}},{"type":"Feature","properties":{"id":"89890946","nom":"Calle 73","tipo":"residential"},"geometry":{"type":"LineString","coordinates":[[-74.06405,4.66245],[-74.0641,4.66249],[-74.06441,4.66269],[-74.0646,4.66283],[-74.06494,4.66305],[-74.06506,4.66313],[-74.06529,4.66329],[-74.06546,4.66341],[-74.06579,4.66363]]}},{"type":"Feature","properties":{"id":"89890988","nom":"Carrera 29B","tipo":"secondary"},"geometry":{"type":"LineString","coordinates":[[-74.07517,4.6629],[-74.07513,4.66285],[-74.0751,4.66278],[-74.07508,4.66272],[-74.07508,4.66267],[-74.07508,4.66264],[-74.0751,4.66258],[-74.07513,4.66251],[-74.07553,4.66195]]}},{"type":"Feature","properties":{"id":"89891013","nom":"Calle 64A","tipo":"residential"},"geometry":{"type":"LineString","coordinates":[[-74.077,4.65938],[-74.07695,4.65936],[-74.07694,4.65935],[-74.07692,4.65934],[-74.07622,4.65899],[-74.07549,4.65863],[-74.07481,4.65829]]}},{"type":"Feature","properties":{"id":"89891017","nom":"Carrera 27B Bis","tipo":"residential"},"geometry":{"type":"LineString","coordinates":[[-74.07229,4.66097],[-74.07233,4.66092],[-74.07287,4.66008],[-74.07343,4.65927],[-74.07345,4.65925],[-74.07347,4.65921],[-74.07401,4.65842],[-74.07434,4.65792]]}},{"type":"Feature","properties":{"id":"89891028","nom":"Avenida Carrera 24","tipo":"secondary"},"geometry":{"type":"LineString","coordinates":[[-74.0691,4.65976],[-74.06884,4.66017],[-74.06855,4.66064],[-74.06829,4.66106],[-74.068,4.66152],[-74.06782,4.6618],[-74.06754,4.66226]]}},{"type":"Feature","properties":{"id":"89901645","nom":"Avenida Carrera 30","tipo":"trunk"},"geometry":{"type":"LineString","coordinates":[[-74.07213,4.66888],[-74.0714,4.66972]]}},{"type":"Feature","properties":{"id":"89901669","nom":"Avenida Carrera 24","tipo":"secondary"},"geometry":{"type":"LineString","coordinates":[[-74.06355,4.66869],[-74.0636,4.6686],[-74.06367,4.66848],[-74.06376,4.66833],[-74.06393,4.66808],[-74.06421,4.66764],[-74.06439,4.66735]]}},{"type":"Feature","properties":{"id":"89901673","nom":"Carrera 27","tipo":"residential"},"geometry":{"type":"LineString","coordinates":[[-74.06422,4.67045],[-74.06424,4.67048],[-74.06425,4.67051],[-74.06425,4.67057],[-74.06417,4.67145],[-74.06413,4.67181],[-74.06408,4.67241]]}},{"type":"Feature","properties":{"id":"89901683","nom":"Carrera 29 Bis","tipo":"residential"},"geometry":{"type":"LineString","coordinates":[[-74.07114,4.66865],[-74.07112,4.66866],[-74.0711,4.66868],[-74.07077,4.66906],[-74.07071,4.66912],[-74.07006,4.66984]]}},{"type":"Feature","properties":{"id":"89901684","nom":"Avenida Carrera 30","tipo":"trunk"},"geometry":{"type":"LineString","coordinates":[[-74.0714,4.66972],[-74.07105,4.67015],[-74.07095,4.67027],[-74.07062,4.67066]]}},{"type":"Feature","properties":{"id":"89901687","nom":"Avenida Calle 80","tipo":"trunk"},"geometry":{"type":"LineString","coordinates":[[-74.06369,4.66961],[-74.06381,4.66974],[-74.0639,4.66985],[-74.06398,4.66995],[-74.06415,4.67016],[-74.06432,4.67036],[-74.06434,4.67039],[-74.06442,4.67049],[-74.06451,4.6706],[-74.06455,4.67065],[-74.06492,4.67111],[-74.06496,4.67117],[-74.06504,4.67127]]}},{"type":"Feature","properties":{"id":"89901690","nom":"Calle 75A","tipo":"residential"},"geometry":{"type":"LineString","coordinates":[[-74.0684,4.6683],[-74.06782,4.66793]]}},{"type":"Feature","properties":{"id":"89901691","nom":"Carrera 29A","tipo":"residential"},"geometry":{"type":"LineString","coordinates":[[-74.07192,4.66669],[-74.0719,4.66672],[-74.07142,4.66734],[-74.07091,4.668],[-74.07086,4.66806],[-74.07026,4.66882],[-74.06988,4.66931]]}},{"type":"Feature","properties":{"id":"89901698","nom":"Carrera 26","tipo":"residential"},"geometry":{"type":"LineString","coordinates":[[-74.06464,4.66855],[-74.06402,4.66948],[-74.06399,4.66953]]}},{"type":"Feature","properties":{"id":"89901707","nom":"Carrera 28A","tipo":"tertiary"},"geometry":{"type":"LineString","coordinates":[[-74.06563,4.67156],[-74.06564,4.67153],[-74.06565,4.6715],[-74.06566,4.67147],[-74.06569,4.67143],[-74.06615,4.67089],[-74.06619,4.67084],[-74.06631,4.67072],[-74.06648,4.67052],[-74.06672,4.67024],[-74.0669,4.67004],[-74.06691,4.67002],[-74.06749,4.66936],[-74.06772,4.66909],[-74.06791,4.66888],[-74.06793,4.66886],[-74.06795,4.66884],[-74.06813,4.66863],[-74.0684,4.6683],[-74.06878,4.66786],[-74.06898,4.66762],[-74.06914,4.66744],[-74.06937,4.66719],[-74.06951,4.66699],[-74.06954,4.66695],[-74.06959,4.66689],[-74.07046,4.66572],[-74.07048,4.66569],[-74.0705,4.66566]]}},{"type":"Feature","properties":{"id":"89901713","nom":"Calle 76","tipo":"secondary"},"geometry":{"type":"LineString","coordinates":[[-74.06112,4.66413],[-74.06117,4.66417],[-74.06122,4.6642],[-74.06164,4.66446],[-74.06167,4.66448],[-74.06168,4.66449],[-74.06171,4.66451]]}},{"type":"Feature","properties":{"id":"89901733","nom":"Avenida Calle 80","tipo":"trunk"},"geometry":{"type":"LineString","coordinates":[[-74.06228,4.66788],[-74.0625,4.66816],[-74.06274,4.66845],[-74.0628,4.66853],[-74.06311,4.6689],[-74.06316,4.66896],[-74.06329,4.66912]]}},{"type":"Feature","properties":{"id":"89901734","nom":"Carrera 29B","tipo":"residential"},"geometry":{"type":"LineString","coordinates":[[-74.0671,4.67294],[-74.06729,4.67272],[-74.06794,4.67198],[-74.06866,4.67114],[-74.06922,4.67048],[-74.06957,4.67006],[-74.06959,4.67004],[-74.06963,4.66999],[-74.06987,4.66972],[-74.07003,4.66947],[-74.07004,4.66944]]}},{"type":"Feature","properties":{"id":"89901736","nom":"Calle 77","tipo":"residential"},"geometry":{"type":"LineString","coordinates":[[-74.06439,4.66735],[-74.06441,4.66737],[-74.06445,4.66739],[-74.06511,4.66782],[-74.06561,4.66815],[-74.06612,4.66847],[-74.06662,4.66879],[-74.06692,4.66899],[-74.06749,4.66936],[-74.06807,4.66973],[-74.06865,4.67012],[-74.06922,4.67048],[-74.06979,4.67085],[-74.0701,4.67105]]}},{"type":"Feature","properties":{"id":"89901749","nom":"Calle 74A","tipo":"residential"},"geometry":{"type":"LineString","coordinates":[[-74.06854,4.66707],[-74.06798,4.6667],[-74.06749,4.66637],[-74.06699,4.66604],[-74.06648,4.6657],[-74.06583,4.66529],[-74.06578,4.66526]]}},{"type":"Feature","properties":{"id":"89901752","nom":"Calle 76","tipo":"secondary"},"geometry":{"type":"LineString","coordinates":[[-74.06483,4.66671],[-74.06489,4.66676],[-74.06548,4.66714],[-74.06553,4.66718],[-74.06599,4.66748],[-74.06603,4.66751],[-74.06653,4.66783],[-74.06704,4.66816],[-74.06735,4.66842],[-74.06739,4.66846],[-74.06793,4.66886],[-74.06796,4.66888],[-74.06842,4.66921],[-74.06848,4.66925],[-74.06851,4.66928],[-74.06903,4.66965],[-74.06952,4.66999],[-74.06959,4.67004],[-74.06963,4.67007],[-74.07007,4.67039],[-74.07013,4.67043]]}},{"type":"Feature","properties":{"id":"89901771","nom":"Calle 75","tipo":"residential"},"geometry":{"type":"LineString","coordinates":[[-74.07071,4.66912],[-74.07026,4.66882],[-74.06994,4.66861],[-74.06977,4.6685],[-74.06958,4.66838],[-74.06947,4.66829],[-74.0693,4.66818]]}},{"type":"Feature","properties":{"id":"89901776","nom":"Avenida Calle 80","tipo":"trunk"},"geometry":{"type":"LineString","coordinates":[[-74.06346,4.66891],[-74.06342,4.66886],[-74.0634,4.66883],[-74.06337,4.6688]]}},{"type":"Feature","properties":{"id":"89901783","nom":"Carrera 28B","tipo":"residential"},"geometry":{"type":"LineString","coordinates":[[-74.07094,4.66599],[-74.07092,4.66602],[-74.07046,4.66663],[-74.07001,4.66723],[-74.06998,4.66729],[-74.0698,4.66752],[-74.0693,4.66818],[-74.06925,4.66825],[-74.06851,4.66922],[-74.06848,4.66925],[-74.06846,4.66927],[-74.06807,4.66973],[-74.06751,4.67041]]}},{"type":"Feature","properties":{"id":"89901810","nom":"Avenida Calle 80","tipo":"trunk"},"geometry":{"type":"LineString","coordinates":[[-74.06519,4.67101],[-74.06514,4.67095],[-74.06479,4.67053],[-74.06452,4.67019],[-74.06444,4.67009],[-74.06429,4.66991],[-74.06399,4.66953],[-74.06365,4.66913],[-74.06361,4.66908]]}},{"type":"Feature","properties":{"id":"89901815","nom":"Calle 77","tipo":"residential"},"geometry":{"type":"LineString","coordinates":[[-74.0612,4.66529],[-74.06125,4.66532],[-74.06194,4.66577],[-74.06198,4.66579],[-74.06266,4.66624],[-74.06276,4.6663],[-74.06295,4.66643]]}},{"type":"Feature","properties":{"id":"89901819","nom":"Carrera 29C","tipo":"residential"},"geometry":{"type":"LineString","coordinates":[[-74.07274,4.66746],[-74.07262,4.66759],[-74.0723,4.66796],[-74.07177,4.66856],[-74.07172,4.66861],[-74.07147,4.6689],[-74.07108,4.66935],[-74.0704,4.67011],[-74.07017,4.67039],[-74.07013,4.67043],[-74.07011,4.67046],[-74.06979,4.67085],[-74.06923,4.67151],[-74.06851,4.67234],[-74.06786,4.67309],[-74.06769,4.6733],[-74.06754,4.67347]]}},{"type":"Feature","properties":{"id":"89901821","nom":"Calle 79","tipo":"residential"},"geometry":{"type":"LineString","coordinates":[[-74.06451,4.66986],[-74.06452,4.66988],[-74.06453,4.66989],[-74.06462,4.66994],[-74.06464,4.66996],[-74.06472,4.67],[-74.06501,4.67019],[-74.06557,4.67054],[-74.06615,4.67089],[-74.06618,4.6709],[-74.06671,4.67123],[-74.06677,4.67127],[-74.06735,4.67161],[-74.06794,4.67198],[-74.06851,4.67234]]}},{"type":"Feature","properties":{"id":"89901822","nom":"Avenida Carrera 24","tipo":"secondary"},"geometry":{"type":"LineString","coordinates":[[-74.06341,4.66927],[-74.06343,4.66915],[-74.06344,4.66903],[-74.06346,4.66891]]}},{"type":"Feature","properties":{"id":"89901823","nom":"Calle 75","tipo":"residential"},"geometry":{"type":"LineString","coordinates":[[-74.06878,4.66786],[-74.06819,4.66747],[-74.0677,4.66716],[-74.06719,4.66683],[-74.06668,4.66651],[-74.06617,4.66618],[-74.06553,4.66577],[-74.06548,4.66573]]}},{"type":"Feature","properties":{"id":"89901827","nom":"Calle 79B","tipo":"residential"},"geometry":{"type":"LineString","coordinates":[[-74.0668,4.67241],[-74.06729,4.67272],[-74.06786,4.67309]]}},{"type":"Feature","properties":{"id":"89901830","nom":"Calle 73","tipo":"residential"},"geometry":{"type":"LineString","coordinates":[[-74.07046,4.66663],[-74.07092,4.66697],[-74.07142,4.66734],[-74.07184,4.66765],[-74.0723,4.66796],[-74.07252,4.66814],[-74.07259,4.66819]]}},{"type":"Feature","properties":{"id":"89901834","nom":"Carrera 22","tipo":"residential"},"geometry":{"type":"LineString","coordinates":[[-74.06295,4.66643],[-74.06269,4.66684],[-74.06247,4.66717],[-74.06231,4.6674],[-74.06228,4.66744]]}},{"type":"Feature","properties":{"id":"89901839","nom":"Avenida Calle 80","tipo":"trunk"},"geometry":{"type":"LineString","coordinates":[[-74.06262,4.66786],[-74.06236,4.66754],[-74.06228,4.66744]]}},{"type":"Feature","properties":{"id":"89901843","nom":"Carrera 22","tipo":"tertiary"},"geometry":{"type":"LineString","coordinates":[[-74.06189,4.6689],[-74.06196,4.66863],[-74.06199,4.66847],[-74.06204,4.66821],[-74.06208,4.66798],[-74.0621,4.66791],[-74.06211,4.66788]]}},{"type":"Feature","properties":{"id":"89901853","nom":"Avenida Carrera 30","tipo":"trunk"},"geometry":{"type":"LineString","coordinates":[[-74.06967,4.6718],[-74.06947,4.67203],[-74.0693,4.6722],[-74.06911,4.67238]]}},{"type":"Feature","properties":{"id":"89901858","nom":"Calle 71C","tipo":"residential"},"geometry":{"type":"LineString","coordinates":[[-74.0725,4.66608],[-74.07292,4.66638],[-74.07337,4.6667]]}},{"type":"Feature","properties":{"id":"89901861","nom":"Calle 71C","tipo":"residential"},"geometry":{"type":"LineString","coordinates":[[-74.07337,4.6667],[-74.07365,4.6669],[-74.07368,4.66693],[-74.07369,4.66693],[-74.07374,4.66696]]}},{"type":"Feature","properties":{"id":"89901868","nom":"Carrera 27A","tipo":"residential"},"geometry":{"type":"LineString","coordinates":[[-74.06564,4.6692],[-74.06612,4.66847],[-74.06652,4.66785],[-74.06653,4.66783],[-74.06656,4.66779],[-74.06685,4.66734],[-74.06719,4.66683],[-74.06749,4.66637],[-74.06775,4.66596],[-74.06778,4.66591],[-74.06783,4.66584],[-74.06824,4.66521]]}},{"type":"Feature","properties":{"id":"89901906","nom":"Calle 78","tipo":"tertiary"},"geometry":{"type":"LineString","coordinates":[[-74.06923,4.67151],[-74.06866,4.67114],[-74.06808,4.67078],[-74.06751,4.67041],[-74.06745,4.67037],[-74.06693,4.67004],[-74.06691,4.67002],[-74.06641,4.66969],[-74.06634,4.66965]]}},{"type":"Feature","properties":{"id":"89901919","nom":"Avenida Calle 80","tipo":"trunk"},"geometry":{"type":"LineString","coordinates":[[-74.06563,4.67156],[-74.06526,4.67109],[-74.06519,4.67101]]}},{"type":"Feature","properties":{"id":"89901928","nom":"Avenida Carrera 24","tipo":"secondary"},"geometry":{"type":"LineString","coordinates":[[-74.06337,4.6688],[-74.06334,4.6689],[-74.06332,4.66902],[-74.06329,4.66912]]}},{"type":"Feature","properties":{"id":"89901933","nom":"Carrera 22","tipo":"residential"},"geometry":{"type":"LineString","coordinates":[[-74.0622,4.67039],[-74.06213,4.67091]]}},{"type":"Feature","properties":{"id":"89974187","nom":"Calle 85A","tipo":"residential"},"geometry":{"type":"LineString","coordinates":[[-74.06277,4.67343],[-74.0627,4.67342],[-74.06266,4.67341],[-74.06199,4.67331],[-74.06183,4.67328],[-74.06131,4.6732],[-74.06094,4.67314],[-74.06063,4.67309],[-74.05997,4.67298],[-74.05989,4.67297]]}},{"type":"Feature","properties":{"id":"89974785","nom":"Avenida Calle 80","tipo":"trunk"},"geometry":{"type":"LineString","coordinates":[[-74.06716,4.67365],[-74.06741,4.67393],[-74.06759,4.67412],[-74.06778,4.67431],[-74.06803,4.67454]]}},{"type":"Feature","properties":{"id":"89974788","nom":"Avenida Carrera 30","tipo":"trunk"},"geometry":{"type":"LineString","coordinates":[[-74.06884,4.67261],[-74.06863,4.67278],[-74.06843,4.67295],[-74.06822,4.67311],[-74.06803,4.67325],[-74.06784,4.6734],[-74.06752,4.6736],[-74.06711,4.67386],[-74.06667,4.67413],[-74.0664,4.67429]]}},{"type":"Feature","properties":{"id":"89974789","nom":"Avenida Carrera 30","tipo":"trunk"},"geometry":{"type":"LineString","coordinates":[[-74.06488,4.67562],[-74.06505,4.67552],[-74.06509,4.67549],[-74.06541,4.67529],[-74.06574,4.6751],[-74.06606,4.67492],[-74.06634,4.67475],[-74.06643,4.67469],[-74.06669,4.67454]]}},{"type":"Feature","properties":{"id":"89976728","nom":"Calle 91A","tipo":"tertiary"},"geometry":{"type":"LineString","coordinates":[[-74.06539,4.68043],[-74.065,4.68038],[-74.06495,4.68038]]}},{"type":"Feature","properties":{"id":"89976742","nom":"Calle 93","tipo":"tertiary"},"geometry":{"type":"LineString","coordinates":[[-74.06191,4.68087],[-74.062,4.68088],[-74.06241,4.68096],[-74.06246,4.68096],[-74.06292,4.68104],[-74.06297,4.68105],[-74.06347,4.68114],[-74.06351,4.68114]]}},{"type":"Feature","properties":{"id":"89976750","nom":"Carrera 49C","tipo":"residential"},"geometry":{"type":"LineString","coordinates":[[-74.06463,4.67837],[-74.06486,4.678],[-74.0651,4.67761],[-74.06534,4.67722],[-74.06558,4.67683],[-74.0658,4.67646],[-74.06582,4.67643],[-74.06583,4.67641],[-74.06614,4.6759]]}},{"type":"Feature","properties":{"id":"89976755","nom":"Carrera 46","tipo":"residential"},"geometry":{"type":"LineString","coordinates":[[-74.06001,4.67885],[-74.06002,4.67891],[-74.06002,4.679],[-74.05976,4.68047],[-74.05975,4.68051]]}},{"type":"Feature","properties":{"id":"89976764","nom":"Carrera 49A","tipo":"residential"},"geometry":{"type":"LineString","coordinates":[[-74.06429,4.677],[-74.06458,4.67668],[-74.06493,4.67635],[-74.06521,4.67604],[-74.06524,4.67602],[-74.06526,4.676],[-74.06537,4.67589],[-74.06543,4.67585],[-74.06584,4.6756],[-74.06635,4.67531],[-74.06643,4.67527],[-74.06681,4.67506],[-74.06727,4.6748],[-74.06763,4.67458]]}},{"type":"Feature","properties":{"id":"89976766","nom":"Calle 86C","tipo":"residential"},"geometry":{"type":"LineString","coordinates":[[-74.06622,4.67776],[-74.06618,4.67774],[-74.06577,4.67749],[-74.06534,4.67722],[-74.06478,4.67685],[-74.06458,4.67668]]}},{"type":"Feature","properties":{"id":"89976775","nom":"Carrera 49D","tipo":"residential"},"geometry":{"type":"LineString","coordinates":[[-74.06659,4.67615],[-74.06627,4.67668],[-74.06625,4.67671],[-74.06623,4.67673],[-74.06602,4.67709],[-74.06577,4.67749],[-74.06554,4.67787],[-74.0653,4.67826],[-74.06516,4.67849]]}},{"type":"Feature","properties":{"id":"89976777","nom":"Carrera 45A","tipo":"residential"},"geometry":{"type":"LineString","coordinates":[[-74.05924,4.68042],[-74.05923,4.68048],[-74.05903,4.6818]]}},{"type":"Feature","properties":{"id":"89976789","nom":"Avenida Carrera 50","tipo":"primary"},"geometry":{"type":"LineString","coordinates":[[-74.0656,4.67879],[-74.06552,4.67897],[-74.0655,4.67901],[-74.06546,4.67909],[-74.06542,4.67916],[-74.06517,4.67958],[-74.06494,4.67997],[-74.06442,4.68078],[-74.06421,4.68107],[-74.06419,4.68111]]}},{"type":"Feature","properties":{"id":"89976794","nom":"Calle 89A","tipo":"residential"},"geometry":{"type":"LineString","coordinates":[[-74.06075,4.67736],[-74.06068,4.67736],[-74.06057,4.67735],[-74.06046,4.67734],[-74.0599,4.67724],[-74.05956,4.67718],[-74.05949,4.67716],[-74.05942,4.67713],[-74.05936,4.6771],[-74.05934,4.67707],[-74.05931,4.67704],[-74.0593,4.67701],[-74.05929,4.67697],[-74.05928,4.67691],[-74.05928,4.67666]]}},{"type":"Feature","properties":{"id":"89976804","nom":"Carrera 49","tipo":"residential"},"geometry":{"type":"LineString","coordinates":[[-74.06261,4.67791],[-74.06302,4.67766],[-74.06311,4.67761],[-74.06337,4.67732],[-74.06371,4.67695]]}},{"type":"Feature","properties":{"id":"89976810","nom":"Carrera 60","tipo":"residential"},"geometry":{"type":"LineString","coordinates":[[-74.07451,4.68016],[-74.07442,4.68042],[-74.07424,4.68086],[-74.07409,4.68125],[-74.07406,4.68131]]}},{"type":"Feature","properties":{"id":"89976821","nom":"Calle 88","tipo":"residential"},"geometry":{"type":"LineString","coordinates":[[-74.06463,4.67837],[-74.0642,4.6781],[-74.06382,4.67786],[-74.06365,4.67772]]}},{"type":"Feature","properties":{"id":"89976823","nom":"Calle 86A","tipo":"tertiary"},"geometry":{"type":"LineString","coordinates":[[-74.06524,4.67602],[-74.06526,4.67605],[-74.06533,4.67611],[-74.06578,4.67641],[-74.06582,4.67643]]}},{"type":"Feature","properties":{"id":"89976836","nom":"Carrera 60A","tipo":"tertiary"},"geometry":{"type":"LineString","coordinates":[[-74.06734,4.6807],[-74.06761,4.68042]]}},{"type":"Feature","properties":{"id":"89976848","nom":"Calle 86A","tipo":"tertiary"},"geometry":{"type":"LineString","coordinates":[[-74.06669,4.67699],[-74.06673,4.67702],[-74.06678,4.67705],[-74.06683,4.67708],[-74.06688,4.67712]]}},{"type":"Feature","properties":{"id":"89976865","nom":"Calle 93A","tipo":"residential"},"geometry":{"type":"LineString","coordinates":[[-74.06388,4.6818],[-74.06393,4.68181],[-74.06449,4.68189]]}},{"type":"Feature","properties":{"id":"89976870","nom":"Calle 93","tipo":"tertiary"},"geometry":{"type":"LineString","coordinates":[[-74.06457,4.68135],[-74.06452,4.68133],[-74.06446,4.6813],[-74.0644,4.68129],[-74.06435,4.68128]]}},{"type":"Feature","properties":{"id":"89976910","nom":"Calle 86B","tipo":"residential"},"geometry":{"type":"LineString","coordinates":[[-74.06642,4.67732],[-74.06602,4.67709],[-74.06558,4.67683],[-74.06511,4.67654],[-74.06493,4.67635]]}},{"type":"Feature","properties":{"id":"89976912","nom":"Avenida Carrera 50","tipo":"primary"},"geometry":{"type":"LineString","coordinates":[[-74.06441,4.68121],[-74.06451,4.68105],[-74.06463,4.68088],[-74.06465,4.68084],[-74.06476,4.68068],[-74.06495,4.68038],[-74.0651,4.68014],[-74.06566,4.67924],[-74.06572,4.67913],[-74.06575,4.67905],[-74.06582,4.6789],[-74.06589,4.67875],[-74.06596,4.67862],[-74.06601,4.67853],[-74.06608,4.67843],[-74.0665,4.67774],[-74.06683,4.67721],[-74.06685,4.67717],[-74.06688,4.67712],[-74.06698,4.67696],[-74.06725,4.67652],[-74.0675,4.6761],[-74.06769,4.67582],[-74.0678,4.67563],[-74.06796,4.67539],[-74.06802,4.67529],[-74.06805,4.67523],[-74.06806,4.67519],[-74.06808,4.67511],[-74.06809,4.67504],[-74.06809,4.67499],[-74.06808,4.67495],[-74.06807,4.6749],[-74.06805,4.67486],[-74.06804,4.67482],[-74.068,4.67477],[-74.06797,4.67472],[-74.0679,4.67464],[-74.06783,4.67455],[-74.06781,4.6745],[-74.06779,4.67446],[-74.06778,4.67443],[-74.06778,4.6744],[-74.06779,4.67435],[-74.0678,4.67429],[-74.06784,4.67422],[-74.06792,4.67413],[-74.068,4.67404]]}},{"type":"Feature","properties":{"id":"89978364","nom":"Carrera 48","tipo":"residential"},"geometry":{"type":"LineString","coordinates":[[-74.0611,4.68245],[-74.06108,4.68259],[-74.06101,4.68303],[-74.06099,4.68315],[-74.06086,4.68399],[-74.06085,4.68404]]}},{"type":"Feature","properties":{"id":"89978370","nom":"Transversal 55","tipo":"primary"},"geometry":{"type":"LineString","coordinates":[[-74.06272,4.68342],[-74.0627,4.68352],[-74.06271,4.6837],[-74.06273,4.68387],[-74.06276,4.68397],[-74.06278,4.68405]]}},{"type":"Feature","properties":{"id":"89978403","nom":"Carrera 46","tipo":"residential"},"geometry":{"type":"LineString","coordinates":[[-74.0592,4.68381],[-74.05921,4.68376]]}},{"type":"Feature","properties":{"id":"89978411","nom":"Carrera 47","tipo":"residential"},"geometry":{"type":"LineString","coordinates":[[-74.05977,4.68386],[-74.05977,4.6839]]}},{"type":"Feature","properties":{"id":"89978427","nom":"Avenida Carrera 50","tipo":"primary"},"geometry":{"type":"LineString","coordinates":[[-74.06349,4.68195],[-74.06333,4.68222],[-74.06311,4.68257],[-74.06295,4.68284],[-74.06287,4.68296],[-74.06282,4.68306]]}},{"type":"Feature","properties":{"id":"89978435","nom":"Calle 95","tipo":"tertiary"},"geometry":{"type":"LineString","coordinates":[[-74.06137,4.68413],[-74.06131,4.68412],[-74.06085,4.68404],[-74.0608,4.68403],[-74.06037,4.68396],[-74.06027,4.68394],[-74.05983,4.68387],[-74.05977,4.68386],[-74.05969,4.68384],[-74.05925,4.68377],[-74.05921,4.68376]]}},{"type":"Feature","properties":{"id":"89979108","nom":"Calle 98A","tipo":"residential"},"geometry":{"type":"LineString","coordinates":[[-74.06244,4.68679],[-74.06163,4.68665],[-74.0611,4.68655],[-74.06105,4.68654]]}},{"type":"Feature","properties":{"id":"89979116","nom":"Carrera 47A","tipo":"residential"},"geometry":{"type":"LineString","coordinates":[[-74.06037,4.68396],[-74.06036,4.684],[-74.06036,4.68402],[-74.06022,4.68486],[-74.06011,4.68559],[-74.06005,4.68592],[-74.05989,4.6868],[-74.0598,4.68731],[-74.05978,4.68739]]}},{"type":"Feature","properties":{"id":"89979121","nom":"Calle 96","tipo":"residential"},"geometry":{"type":"LineString","coordinates":[[-74.06186,4.68601],[-74.06206,4.68569],[-74.06206,4.68558],[-74.06203,4.68549],[-74.06196,4.68539],[-74.06176,4.68527],[-74.06172,4.68525]]}},{"type":"Feature","properties":{"id":"89979128","nom":"Avenida Carrera 50","tipo":"tertiary"},"geometry":{"type":"LineString","coordinates":[[-74.06106,4.68615],[-74.06101,4.68627],[-74.06098,4.68639],[-74.06097,4.68644],[-74.06096,4.68655],[-74.06088,4.68697],[-74.06079,4.6875]]}},{"type":"Feature","properties":{"id":"89979961","nom":"Transversal 55","tipo":"primary"},"geometry":{"type":"LineString","coordinates":[[-74.06282,4.68413],[-74.06308,4.68467],[-74.06326,4.68504],[-74.06335,4.68522],[-74.06342,4.68535],[-74.06351,4.68551],[-74.06358,4.68562],[-74.06366,4.68573],[-74.06384,4.68602],[-74.06393,4.68618],[-74.06399,4.68631],[-74.06409,4.68654],[-74.06414,4.68663],[-74.06426,4.68689],[-74.06443,4.68727],[-74.06461,4.68769],[-74.06462,4.68772],[-74.06463,4.68773],[-74.06463,4.68775],[-74.06476,4.68811]]}},{"type":"Feature","properties":{"id":"89980872","nom":"Carrera 47A","tipo":"residential"},"geometry":{"type":"LineString","coordinates":[[-74.05912,4.68799],[-74.05908,4.68823],[-74.05903,4.68859],[-74.05889,4.68948]]}},{"type":"Feature","properties":{"id":"89980876","nom":"Calle 98A","tipo":"residential"},"geometry":{"type":"LineString","coordinates":[[-74.0655,4.68719],[-74.06465,4.68709],[-74.06461,4.6871]]}},{"type":"Feature","properties":{"id":"89980886","nom":"Carrera 48","tipo":"residential"},"geometry":{"type":"LineString","coordinates":[[-74.06013,4.68929],[-74.06028,4.68845],[-74.06036,4.68806]]}},{"type":"Feature","properties":{"id":"89981338","nom":"Carrera 45A","tipo":"residential"},"geometry":{"type":"LineString","coordinates":[[-74.05739,4.69202],[-74.05738,4.69203],[-74.05729,4.69258],[-74.0572,4.69314],[-74.05722,4.69329],[-74.05725,4.69343],[-74.05716,4.69397],[-74.05716,4.69403]]}},{"type":"Feature","properties":{"id":"89981341","nom":"Calle 104A","tipo":"residential"},"geometry":{"type":"LineString","coordinates":[[-74.05717,4.69198],[-74.05713,4.69195],[-74.05679,4.69188],[-74.05678,4.69187],[-74.05676,4.69186],[-74.05672,4.69182]]}},{"type":"Feature","properties":{"id":"89981343","nom":"Calle 102A","tipo":"tertiary"},"geometry":{"type":"LineString","coordinates":[[-74.05889,4.68948],[-74.0593,4.68955],[-74.05971,4.68962],[-74.06022,4.6897],[-74.06083,4.6898]]}},{"type":"Feature","properties":{"id":"89981348","nom":"Calle 102A","tipo":"tertiary"},"geometry":{"type":"LineString","coordinates":[[-74.05715,4.68934],[-74.05719,4.68931],[-74.05722,4.68928],[-74.05725,4.68927],[-74.05728,4.68926],[-74.05748,4.68927],[-74.05759,4.68927]]}},{"type":"Feature","properties":{"id":"89981356","nom":"Carrera 49","tipo":"residential"},"geometry":{"type":"LineString","coordinates":[[-74.06022,4.6897],[-74.06012,4.6903],[-74.05997,4.69117],[-74.05995,4.69126],[-74.05986,4.69183],[-74.05976,4.69241]]}},{"type":"Feature","properties":{"id":"89981362","nom":"Carrera 46","tipo":"residential"},"geometry":{"type":"LineString","coordinates":[[-74.05775,4.69352],[-74.05784,4.69294],[-74.05788,4.69269]]}},{"type":"Feature","properties":{"id":"89981368","nom":"Carrera 51","tipo":"residential"},"geometry":{"type":"LineString","coordinates":[[-74.06192,4.69148],[-74.06216,4.69001]]}},{"type":"Feature","properties":{"id":"89981370","nom":"Calle 103B","tipo":"residential"},"geometry":{"type":"LineString","coordinates":[[-74.06266,4.69163],[-74.06264,4.69162],[-74.06262,4.69162],[-74.06199,4.6915],[-74.06192,4.69148],[-74.06188,4.69148],[-74.06134,4.69139],[-74.06132,4.69139],[-74.0613,4.69139],[-74.06124,4.69138],[-74.0612,4.69137],[-74.06113,4.69136],[-74.06112,4.69136],[-74.06057,4.69127],[-74.05997,4.69117]]}},{"type":"Feature","properties":{"id":"89981374","nom":"Calle 104","tipo":"residential"},"geometry":{"type":"LineString","coordinates":[[-74.06323,4.6928],[-74.06327,4.69281],[-74.06379,4.69266],[-74.06419,4.69254],[-74.06436,4.69248],[-74.0647,4.69237],[-74.06494,4.6923],[-74.06549,4.69214],[-74.06584,4.69203],[-74.06617,4.69195],[-74.06621,4.69194]]}},{"type":"Feature","properties":{"id":"89981375","nom":"Calle 105","tipo":"residential"},"geometry":{"type":"LineString","coordinates":[[-74.06012,4.69393],[-74.05952,4.69383],[-74.05922,4.69377],[-74.05833,4.69362],[-74.05803,4.69357],[-74.05775,4.69352],[-74.05725,4.69343]]}},{"type":"Feature","properties":{"id":"89981378","nom":"Transversal 60","tipo":"primary"},"geometry":{"type":"LineString","coordinates":[[-74.06965,4.69829],[-74.06961,4.6982],[-74.06958,4.69808],[-74.06932,4.69719],[-74.06922,4.69685],[-74.0691,4.69648],[-74.06904,4.69634],[-74.06898,4.69618],[-74.06892,4.69607],[-74.06886,4.69595],[-74.06855,4.69545],[-74.06852,4.6954],[-74.06847,4.69532],[-74.06845,4.69528],[-74.0683,4.69502],[-74.06815,4.69476],[-74.06814,4.69475],[-74.068,4.6945],[-74.06778,4.69413],[-74.0676,4.69383],[-74.06719,4.69313],[-74.06698,4.69276],[-74.06694,4.69271]]}},{"type":"Feature","properties":{"id":"89981384","nom":"Carrera 49B","tipo":"residential"},"geometry":{"type":"LineString","coordinates":[[-74.06057,4.69127],[-74.06083,4.6898]]}},{"type":"Feature","properties":{"id":"89981392","nom":"Calle 104A","tipo":"residential"},"geometry":{"type":"LineString","coordinates":[[-74.05976,4.69241],[-74.05885,4.69226],[-74.0583,4.69217],[-74.05744,4.69203],[-74.05739,4.69202],[-74.05717,4.69198]]}},{"type":"Feature","properties":{"id":"89986401","nom":"Carrera 53","tipo":"secondary"},"geometry":{"type":"LineString","coordinates":[[-74.06273,4.6947],[-74.06273,4.69466],[-74.06274,4.694],[-74.06274,4.69326],[-74.06275,4.69319]]}},{"type":"Feature","properties":{"id":"89986411","nom":"Carrera 53","tipo":"secondary"},"geometry":{"type":"LineString","coordinates":[[-74.06266,4.6919],[-74.06266,4.69199],[-74.06264,4.69282],[-74.06263,4.69309],[-74.06263,4.69337],[-74.06263,4.69385],[-74.06263,4.69425],[-74.06264,4.69444],[-74.06264,4.6945],[-74.06264,4.69466],[-74.06264,4.6947]]}},{"type":"Feature","properties":{"id":"89986413","nom":"Carrera 49B","tipo":"residential"},"geometry":{"type":"LineString","coordinates":[[-74.06002,4.69451],[-74.06003,4.69447],[-74.06012,4.69393],[-74.06036,4.6925],[-74.06057,4.69127]]}},{"type":"Feature","properties":{"id":"89986471","nom":"Calle 106","tipo":"tertiary"},"geometry":{"type":"LineString","coordinates":[[-74.06264,4.69496],[-74.06259,4.69495],[-74.0624,4.69491],[-74.06208,4.69486],[-74.06148,4.69476],[-74.06143,4.69475],[-74.06138,4.69474],[-74.06134,4.69473],[-74.06077,4.69463],[-74.06076,4.69463],[-74.06075,4.69463],[-74.06069,4.69462],[-74.06066,4.69461],[-74.06007,4.69452],[-74.06002,4.69451],[-74.05939,4.6944],[-74.05822,4.69421],[-74.05716,4.69403]]}},{"type":"Feature","properties":{"id":"89986480","nom":"Transversal 57","tipo":"residential"},"geometry":{"type":"LineString","coordinates":[[-74.06632,4.69572],[-74.06632,4.69567],[-74.0663,4.69562],[-74.06611,4.69527],[-74.06588,4.69484],[-74.06551,4.6942],[-74.0655,4.69418],[-74.06549,4.69416],[-74.06545,4.69411]]}},{"type":"Feature","properties":{"id":"89986495","nom":"Transversal 59","tipo":"residential"},"geometry":{"type":"LineString","coordinates":[[-74.06703,4.6947],[-74.06679,4.69429],[-74.06677,4.69425],[-74.06666,4.69405],[-74.06658,4.69391],[-74.06655,4.69386],[-74.06644,4.69365],[-74.06643,4.69363],[-74.06639,4.69357]]}},{"type":"Feature","properties":{"id":"89986497","nom":"Carrera 49","tipo":"residential"},"geometry":{"type":"LineString","coordinates":[[-74.05976,4.69241],[-74.05975,4.69244],[-74.05966,4.69298],[-74.05952,4.69383]]}},{"type":"Feature","properties":{"id":"89986503","nom":"Transversal 56","tipo":"residential"},"geometry":{"type":"LineString","coordinates":[[-74.06534,4.69575],[-74.06526,4.69576],[-74.06523,4.69575],[-74.0652,4.69573],[-74.06516,4.69566],[-74.06491,4.69507],[-74.06482,4.69485],[-74.06472,4.69458],[-74.06471,4.69456],[-74.0647,4.69454]]}},{"type":"Feature","properties":{"id":"89986514","nom":"Carrera 54","tipo":"residential"},"geometry":{"type":"LineString","coordinates":[[-74.06342,4.69729],[-74.06342,4.69725],[-74.06343,4.69681],[-74.06343,4.6964],[-74.06343,4.696],[-74.06344,4.69538],[-74.06344,4.69483],[-74.06344,4.6948],[-74.06344,4.69477]]}},{"type":"Feature","properties":{"id":"89986565","nom":"Calle 106","tipo":"tertiary"},"geometry":{"type":"LineString","coordinates":[[-74.06344,4.69477],[-74.0636,4.69477],[-74.06374,4.69476],[-74.0639,4.69475],[-74.06406,4.69472],[-74.06422,4.69468],[-74.06437,4.69464],[-74.0647,4.69454],[-74.0649,4.69445],[-74.0651,4.69435],[-74.06522,4.69429],[-74.06549,4.69416],[-74.06601,4.69387]]}},{"type":"Feature","properties":{"id":"89986631","nom":"Carrera 64","tipo":"tertiary"},"geometry":{"type":"LineString","coordinates":[[-74.06826,4.68982],[-74.06822,4.6899],[-74.06812,4.6901],[-74.06769,4.69096],[-74.06734,4.69163],[-74.06691,4.69247],[-74.06689,4.69253],[-74.06686,4.69258]]}},{"type":"Feature","properties":{"id":"89986705","nom":"Calle 106","tipo":"tertiary"},"geometry":{"type":"LineString","coordinates":[[-74.06273,4.6947],[-74.06264,4.6947]]}},{"type":"Feature","properties":{"id":"89986748","nom":"Carrera 54","tipo":"residential"},"geometry":{"type":"LineString","coordinates":[[-74.06344,4.69471],[-74.06344,4.69463],[-74.06344,4.69459],[-74.06344,4.6941],[-74.06344,4.69349],[-74.06342,4.69317],[-74.06342,4.69316]]}},{"type":"Feature","properties":{"id":"89986936","nom":"Calle 108","tipo":"residential"},"geometry":{"type":"LineString","coordinates":[[-74.06718,4.69494],[-74.06669,4.69539],[-74.06632,4.69572]]}},{"type":"Feature","properties":{"id":"89986948","nom":"Carrera 51","tipo":"residential"},"geometry":{"type":"LineString","coordinates":[[-74.06138,4.69474],[-74.06139,4.69467],[-74.06146,4.69424],[-74.06156,4.69367],[-74.06157,4.69358],[-74.06163,4.69322],[-74.06166,4.69307],[-74.06192,4.69153],[-74.06192,4.69148]]}},{"type":"Feature","properties":{"id":"89987020","nom":"Calle 106A","tipo":"residential"},"geometry":{"type":"LineString","coordinates":[[-74.05879,4.69498],[-74.05883,4.69498],[-74.05928,4.69505]]}},{"type":"Feature","properties":{"id":"89987021","nom":"Transversal 57","tipo":"residential"},"geometry":{"type":"LineString","coordinates":[[-74.0647,4.69237],[-74.06471,4.69241],[-74.06482,4.69276],[-74.0649,4.69297],[-74.06507,4.69336],[-74.06516,4.69354],[-74.06527,4.69377],[-74.06541,4.69402],[-74.06543,4.69406],[-74.06545,4.69411]]}},{"type":"Feature","properties":{"id":"89987091","nom":"Carrera 47","tipo":"residential"},"geometry":{"type":"LineString","coordinates":[[-74.05822,4.69421],[-74.05823,4.69415],[-74.05833,4.69362]]}},{"type":"Feature","properties":{"id":"90399887","nom":"Carrera 69B","tipo":"residential"},"geometry":{"type":"LineString","coordinates":[[-74.08225,4.68755],[-74.08227,4.68753],[-74.08239,4.68742],[-74.08273,4.68713]]}},{"type":"Feature","properties":{"id":"90399897","nom":"Carrera 69H","tipo":"tertiary"},"geometry":{"type":"LineString","coordinates":[[-74.08732,4.68448],[-74.08644,4.68523],[-74.08643,4.68523],[-74.08641,4.68525],[-74.08552,4.68596],[-74.0855,4.68598],[-74.08547,4.686],[-74.08457,4.68672],[-74.08407,4.68713],[-74.08367,4.68746],[-74.08327,4.68779],[-74.08277,4.68818],[-74.08274,4.6882]]}},{"type":"Feature","properties":{"id":"90399901","nom":"Calle 79C","tipo":"residential"},"geometry":{"type":"LineString","coordinates":[[-74.08274,4.6882],[-74.08268,4.68812],[-74.08227,4.68759],[-74.08225,4.68756],[-74.08225,4.68755]]}},{"type":"Feature","properties":{"id":"90674611","nom":"Transversal 59A","tipo":"tertiary"},"geometry":{"type":"LineString","coordinates":[[-74.09146,4.65307],[-74.09129,4.65309],[-74.08877,4.6541],[-74.08867,4.65414],[-74.08766,4.65454],[-74.08716,4.65473],[-74.08657,4.65497],[-74.08595,4.65521],[-74.08587,4.65523],[-74.08584,4.65522],[-74.08581,4.65522],[-74.08575,4.65519]]}},{"type":"Feature","properties":{"id":"90674766","nom":"Avenida Calle 63","tipo":"secondary"},"geometry":{"type":"LineString","coordinates":[[-74.084,4.65384],[-74.08408,4.65384],[-74.08415,4.65385],[-74.0842,4.65386],[-74.08424,4.65387],[-74.08429,4.65389],[-74.08433,4.65391],[-74.08439,4.65395],[-74.08477,4.65426],[-74.08503,4.65451],[-74.08522,4.65471],[-74.08563,4.65524],[-74.08575,4.65542],[-74.08598,4.65575],[-74.08622,4.65609],[-74.08661,4.65664],[-74.08707,4.65733],[-74.08719,4.65751],[-74.08791,4.65856],[-74.08799,4.65867],[-74.08805,4.65877],[-74.0881,4.65887],[-74.08812,4.65894],[-74.08813,4.659],[-74.08817,4.65928]]}},{"type":"Feature","properties":{"id":"90674806","nom":"Avenida Carrera 60","tipo":"secondary"},"geometry":{"type":"LineString","coordinates":[[-74.09135,4.65322],[-74.09127,4.65333],[-74.09112,4.65355],[-74.091,4.65373],[-74.09092,4.65386],[-74.09086,4.65399],[-74.0908,4.65412],[-74.09071,4.65432],[-74.09033,4.65517],[-74.08936,4.65738]]}},{"type":"Feature","properties":{"id":"90691103","nom":"Carrera 51","tipo":"residential"},"geometry":{"type":"LineString","coordinates":[[-74.07392,4.66919],[-74.07437,4.66867],[-74.07439,4.66863]]}},{"type":"Feature","properties":{"id":"90691112","nom":"Carrera 54","tipo":"residential"},"geometry":{"type":"LineString","coordinates":[[-74.07497,4.6711],[-74.07553,4.67044],[-74.07602,4.66986],[-74.07604,4.66984]]}},{"type":"Feature","properties":{"id":"90691121","nom":"Carrera 66","tipo":"residential"},"geometry":{"type":"LineString","coordinates":[[-74.08486,4.67594],[-74.08491,4.67587],[-74.08523,4.67545]]}},{"type":"Feature","properties":{"id":"90691123","nom":"Calle 67A","tipo":"residential"},"geometry":{"type":"LineString","coordinates":[[-74.07681,4.66386],[-74.07735,4.66403]]}},{"type":"Feature","properties":{"id":"90691127","nom":"Carrera 64","tipo":"tertiary"},"geometry":{"type":"LineString","coordinates":[[-74.08249,4.67481],[-74.08254,4.67475]]}},{"type":"Feature","properties":{"id":"90691129","nom":"Carrera 56","tipo":"residential"},"geometry":{"type":"LineString","coordinates":[[-74.07962,4.66645],[-74.0799,4.66609],[-74.08018,4.66571],[-74.08048,4.66533],[-74.08076,4.66495]]}},{"type":"Feature","properties":{"id":"90691132","nom":"Carrera 67","tipo":"residential"},"geometry":{"type":"LineString","coordinates":[[-74.08747,4.67361],[-74.08779,4.67318],[-74.08821,4.67264],[-74.0886,4.67212],[-74.08861,4.67209]]}},{"type":"Feature","properties":{"id":"90691138","nom":"Calle 73","tipo":"residential"},"geometry":{"type":"LineString","coordinates":[[-74.07339,4.66878],[-74.07312,4.66856]]}},{"type":"Feature","properties":{"id":"90691157","nom":"Calle 72A","tipo":"residential"},"geometry":{"type":"LineString","coordinates":[[-74.08424,4.67674],[-74.08356,4.67624],[-74.08286,4.67573],[-74.08218,4.67521],[-74.08127,4.67451],[-74.08083,4.67417],[-74.08015,4.67365],[-74.07946,4.67313],[-74.07877,4.67259],[-74.07818,4.67213],[-74.0781,4.67207],[-74.07801,4.672],[-74.07793,4.67194],[-74.07735,4.67149]]}},{"type":"Feature","properties":{"id":"90691159","nom":"Carrera 64","tipo":"residential"},"geometry":{"type":"LineString","coordinates":[[-74.08351,4.67396],[-74.08355,4.67391],[-74.08421,4.67303],[-74.08454,4.6726],[-74.08465,4.67244],[-74.08512,4.67184],[-74.0856,4.67119],[-74.08562,4.67116],[-74.08563,4.67112]]}},{"type":"Feature","properties":{"id":"90691186","nom":"Avenida Calle 68","tipo":"secondary"},"geometry":{"type":"LineString","coordinates":[[-74.08164,4.67137],[-74.08171,4.67148],[-74.08213,4.6721],[-74.08239,4.67247],[-74.08253,4.67268],[-74.08297,4.67333],[-74.08307,4.67348],[-74.08318,4.67364],[-74.0835,4.67413],[-74.08372,4.67445],[-74.08374,4.67447],[-74.08378,4.67453]]}},{"type":"Feature","properties":{"id":"90691187","nom":"Carrera 54","tipo":"residential"},"geometry":{"type":"LineString","coordinates":[[-74.07703,4.66859],[-74.07759,4.66785],[-74.07815,4.66714],[-74.0784,4.6668],[-74.07843,4.66676],[-74.07846,4.66672]]}},{"type":"Feature","properties":{"id":"90691207","nom":"Carrera 66","tipo":"residential"},"geometry":{"type":"LineString","coordinates":[[-74.08337,4.67785],[-74.08365,4.67749],[-74.08395,4.67711],[-74.08424,4.67674]]}},{"type":"Feature","properties":{"id":"90691212","nom":"Carrera 35","tipo":"residential"},"geometry":{"type":"LineString","coordinates":[[-74.07923,4.65233],[-74.07922,4.6524],[-74.07912,4.65316],[-74.079,4.65403],[-74.07888,4.65491],[-74.07877,4.65576],[-74.07866,4.65664]]}},{"type":"Feature","properties":{"id":"90691213","nom":"Calle 67D","tipo":"residential"},"geometry":{"type":"LineString","coordinates":[[-74.08547,4.67328],[-74.08591,4.67362]]}},{"type":"Feature","properties":{"id":"90691214","nom":"Avenida Carrera 60","tipo":"secondary"},"geometry":{"type":"LineString","coordinates":[[-74.08698,4.66349],[-74.08753,4.66228],[-74.0879,4.66147],[-74.0879,4.66146],[-74.08802,4.66122],[-74.08814,4.66097],[-74.08846,4.66023],[-74.08852,4.66014],[-74.08858,4.66006],[-74.08865,4.65997]]}},{"type":"Feature","properties":{"id":"90691217","nom":"Carrera 36A","tipo":"residential"},"geometry":{"type":"LineString","coordinates":[[-74.0797,4.65503],[-74.07991,4.65457],[-74.08045,4.6534],[-74.08078,4.65268],[-74.08081,4.65261]]}},{"type":"Feature","properties":{"id":"90691234","nom":"Carrera 56B","tipo":"residential"},"geometry":{"type":"LineString","coordinates":[[-74.07982,4.6674],[-74.07994,4.6672],[-74.08018,4.66688],[-74.08045,4.6665],[-74.08074,4.66614],[-74.08102,4.66576],[-74.08123,4.66552],[-74.08134,4.66539]]}},{"type":"Feature","properties":{"id":"90691235","nom":"Carrera 52","tipo":"residential"},"geometry":{"type":"LineString","coordinates":[[-74.07018,4.67457],[-74.07086,4.67378],[-74.07144,4.67309],[-74.07152,4.67301],[-74.07159,4.67292],[-74.07234,4.67205],[-74.07312,4.67114]]}},{"type":"Feature","properties":{"id":"90691239","nom":"Calle 67D","tipo":"residential"},"geometry":{"type":"LineString","coordinates":[[-74.08155,4.6699],[-74.08172,4.67003],[-74.08189,4.67016]]}},{"type":"Feature","properties":{"id":"90691248","nom":"Carrera 50B","tipo":"residential"},"geometry":{"type":"LineString","coordinates":[[-74.07735,4.66403],[-74.07775,4.66352],[-74.07831,4.66276],[-74.07838,4.66266],[-74.07893,4.66192],[-74.07896,4.66189],[-74.07974,4.66082],[-74.07995,4.66054],[-74.08008,4.66036],[-74.08022,4.66015]]}},{"type":"Feature","properties":{"id":"90691266","nom":"Carrera 66","tipo":"residential"},"geometry":{"type":"LineString","coordinates":[[-74.08694,4.67324],[-74.08729,4.67279],[-74.08732,4.67274],[-74.08784,4.67204],[-74.08787,4.67201],[-74.0881,4.67175],[-74.08815,4.67174]]}},{"type":"Feature","properties":{"id":"90691286","nom":"Carrera 57","tipo":"tertiary"},"geometry":{"type":"LineString","coordinates":[[-74.07967,4.66848],[-74.07963,4.66852],[-74.07957,4.6686],[-74.07946,4.66874],[-74.07938,4.66885],[-74.07918,4.66912],[-74.07891,4.66949],[-74.07862,4.66986],[-74.07818,4.67042]]}},{"type":"Feature","properties":{"id":"90691300","nom":"Carrera 67","tipo":"residential"},"geometry":{"type":"LineString","coordinates":[[-74.08585,4.67635],[-74.08591,4.67626],[-74.08632,4.67559],[-74.08642,4.67541],[-74.08669,4.67494],[-74.08694,4.67449],[-74.0872,4.67404],[-74.08747,4.67361]]}},{"type":"Feature","properties":{"id":"90691302","nom":"Carrera 52","tipo":"residential"},"geometry":{"type":"LineString","coordinates":[[-74.0809,4.6614],[-74.08088,4.66143],[-74.08001,4.66257],[-74.07998,4.66262],[-74.07995,4.66265],[-74.07955,4.66316],[-74.07954,4.66318],[-74.07919,4.66364],[-74.07915,4.66369],[-74.07913,4.66371],[-74.07876,4.6642],[-74.07835,4.66471],[-74.07783,4.6654],[-74.07783,4.6654],[-74.07782,4.66542],[-74.07774,4.66552]]}},{"type":"Feature","properties":{"id":"90691316","nom":"Calle 67C","tipo":"residential"},"geometry":{"type":"LineString","coordinates":[[-74.08141,4.66923],[-74.08183,4.66952]]}},{"type":"Feature","properties":{"id":"90691341","nom":"Avenida Calle 68","tipo":"secondary"},"geometry":{"type":"LineString","coordinates":[[-74.07846,4.66672],[-74.0785,4.66678],[-74.07884,4.66728],[-74.07926,4.66788],[-74.07967,4.66848],[-74.07982,4.66871],[-74.0799,4.66881],[-74.0802,4.66925],[-74.08066,4.66993],[-74.08069,4.66996],[-74.08075,4.67006]]}},{"type":"Feature","properties":{"id":"90691355","nom":"Carrera 50","tipo":"residential"},"geometry":{"type":"LineString","coordinates":[[-74.07739,4.6621],[-74.07746,4.66201],[-74.078,4.66125],[-74.07802,4.66123],[-74.07824,4.66094],[-74.07871,4.6603],[-74.07891,4.65998]]}},{"type":"Feature","properties":{"id":"90691357","nom":"Carrera 50A","tipo":"residential"},"geometry":{"type":"LineString","coordinates":[[-74.0773,4.6632],[-74.07786,4.66242],[-74.07792,4.66234],[-74.07847,4.6616],[-74.07849,4.66157],[-74.0792,4.66055],[-74.0794,4.66023]]}},{"type":"Feature","properties":{"id":"90691361","nom":"Calle 70C","tipo":"residential"},"geometry":{"type":"LineString","coordinates":[[-74.08001,4.671],[-74.08026,4.67121],[-74.08037,4.67135]]}},{"type":"Feature","properties":{"id":"90691371","nom":"Calle 65","tipo":"residential"},"geometry":{"type":"LineString","coordinates":[[-74.07998,4.66262],[-74.08001,4.66265],[-74.08066,4.66312],[-74.081,4.66336],[-74.08103,4.66338]]}},{"type":"Feature","properties":{"id":"90691373","nom":"Carrera 44","tipo":"residential"},"geometry":{"type":"LineString","coordinates":[[-74.07763,4.66999],[-74.07807,4.66942],[-74.07835,4.66906],[-74.07863,4.66868],[-74.07891,4.66831]]}},{"type":"Feature","properties":{"id":"90691383","nom":"Carrera 65","tipo":"residential"},"geometry":{"type":"LineString","coordinates":[[-74.08557,4.67219],[-74.08499,4.67293],[-74.08467,4.67335],[-74.08405,4.67417],[-74.08395,4.6743],[-74.08392,4.67435],[-74.08388,4.67439],[-74.08384,4.67445]]}},{"type":"Feature","properties":{"id":"90691384","nom":"Calle 64A","tipo":"residential"},"geometry":{"type":"LineString","coordinates":[[-74.08322,4.664],[-74.08324,4.66402],[-74.08351,4.66448],[-74.08385,4.66504],[-74.08387,4.66511]]}},{"type":"Feature","properties":{"id":"90691395","nom":"Calle 76","tipo":"residential"},"geometry":{"type":"LineString","coordinates":[[-74.07127,4.67125],[-74.07182,4.67167],[-74.07234,4.67205],[-74.07287,4.67246],[-74.07342,4.67286],[-74.07399,4.67329],[-74.07453,4.6737],[-74.07505,4.67408],[-74.07521,4.67421],[-74.07533,4.67429],[-74.07537,4.67432]]}},{"type":"Feature","properties":{"id":"90691415","nom":"Carrera 61","tipo":"residential"},"geometry":{"type":"LineString","coordinates":[[-74.08413,4.67009],[-74.084,4.67025]]}},{"type":"Feature","properties":{"id":"90691420","nom":"Carrera 57B","tipo":"residential"},"geometry":{"type":"LineString","coordinates":[[-74.07986,4.66967],[-74.07958,4.67003],[-74.07929,4.67042],[-74.07888,4.67095]]}},{"type":"Feature","properties":{"id":"90691421","nom":"Calle 67A Bis","tipo":"residential"},"geometry":{"type":"LineString","coordinates":[[-74.0794,4.66629],[-74.07962,4.66645],[-74.07976,4.66656],[-74.08012,4.66683],[-74.08018,4.66688],[-74.08052,4.66714],[-74.08068,4.66726],[-74.0813,4.66775]]}},{"type":"Feature","properties":{"id":"90691428","nom":"Carrera 58","tipo":"residential"},"geometry":{"type":"LineString","coordinates":[[-74.08205,4.6684],[-74.08212,4.66832],[-74.08239,4.66797],[-74.08266,4.66762],[-74.08296,4.66724]]}},{"type":"Feature","properties":{"id":"90691435","nom":"Carrera 55A","tipo":"residential"},"geometry":{"type":"LineString","coordinates":[[-74.07531,4.6728],[-74.07453,4.6737],[-74.0739,4.67442],[-74.07386,4.67447],[-74.07384,4.6745],[-74.07354,4.67484],[-74.07353,4.67485],[-74.07319,4.67525],[-74.07292,4.67556],[-74.07286,4.67563],[-74.07282,4.67567],[-74.07251,4.67602],[-74.07201,4.6766],[-74.07199,4.67662]]}},{"type":"Feature","properties":{"id":"90691436","nom":"Calle 78A","tipo":"tertiary"},"geometry":{"type":"LineString","coordinates":[[-74.07296,4.67485],[-74.07277,4.67472],[-74.07218,4.6743]]}},{"type":"Feature","properties":{"id":"90691437","nom":"Calle 71A","tipo":"residential"},"geometry":{"type":"LineString","coordinates":[[-74.07497,4.66694],[-74.0755,4.66737],[-74.07597,4.66774],[-74.07599,4.66778],[-74.07599,4.66782]]}},{"type":"Feature","properties":{"id":"90691443","nom":"Calle 66","tipo":"residential"},"geometry":{"type":"LineString","coordinates":[[-74.08313,4.66606],[-74.0836,4.66641],[-74.08365,4.66645],[-74.08401,4.66672]]}},{"type":"Feature","properties":{"id":"90691452","nom":"Carrera 55","tipo":"tertiary"},"geometry":{"type":"LineString","coordinates":[[-74.07884,4.66728],[-74.07882,4.66731],[-74.07865,4.66753],[-74.07837,4.66788],[-74.07809,4.66825],[-74.07781,4.66862],[-74.07753,4.66899],[-74.07708,4.66957]]}},{"type":"Feature","properties":{"id":"90691455","nom":"Carrera 51","tipo":"residential"},"geometry":{"type":"LineString","coordinates":[[-74.07334,4.66985],[-74.07284,4.67043],[-74.07259,4.67074],[-74.07234,4.67101],[-74.07182,4.67167],[-74.07122,4.67234],[-74.07118,4.67239],[-74.07114,4.67243],[-74.07096,4.67264],[-74.07029,4.6734],[-74.0696,4.67422]]}},{"type":"Feature","properties":{"id":"90691459","nom":"Carrera 53","tipo":"residential"},"geometry":{"type":"LineString","coordinates":[[-74.07499,4.67002],[-74.07545,4.6695],[-74.07547,4.66947],[-74.0755,4.66944]]}},{"type":"Feature","properties":{"id":"90691469","nom":"Avenida Calle 68","tipo":"secondary"},"geometry":{"type":"LineString","coordinates":[[-74.08082,4.66999],[-74.0808,4.66997],[-74.08075,4.6699],[-74.08048,4.66949],[-74.08024,4.66914],[-74.07977,4.66847],[-74.07927,4.66773],[-74.07893,4.66723],[-74.0788,4.66706],[-74.07859,4.66675],[-74.07856,4.66671],[-74.07852,4.66664]]}},{"type":"Feature","properties":{"id":"90691471","nom":"Carrera 65","tipo":"tertiary"},"geometry":{"type":"LineString","coordinates":[[-74.08322,4.67526],[-74.08316,4.67533],[-74.08315,4.67536],[-74.08286,4.67573],[-74.08258,4.67609],[-74.08229,4.67647],[-74.08201,4.67683],[-74.08169,4.67725],[-74.08164,4.67732],[-74.08135,4.67769],[-74.08112,4.67799],[-74.08084,4.67835],[-74.08053,4.67876],[-74.08024,4.67913]]}},{"type":"Feature","properties":{"id":"90691476","nom":"Carrera 62","tipo":"residential"},"geometry":{"type":"LineString","coordinates":[[-74.08387,4.67159],[-74.08419,4.67112],[-74.08465,4.67052],[-74.08477,4.67037],[-74.0851,4.66994],[-74.08512,4.6699],[-74.08536,4.66959]]}},{"type":"Feature","properties":{"id":"90691477","nom":"Carrera 52","tipo":"residential"},"geometry":{"type":"LineString","coordinates":[[-74.07599,4.66782],[-74.07598,4.66784],[-74.07596,4.66787],[-74.07553,4.66837]]}},{"type":"Feature","properties":{"id":"90691485","nom":"Carrera 57C","tipo":"residential"},"geometry":{"type":"LineString","coordinates":[[-74.08048,4.66949],[-74.08056,4.66945],[-74.08102,4.66889],[-74.08131,4.6685],[-74.08197,4.66767],[-74.08253,4.66691]]}},{"type":"Feature","properties":{"id":"90691502","nom":"Carrera 57","tipo":"residential"},"geometry":{"type":"LineString","coordinates":[[-74.07767,4.67109],[-74.07765,4.67112],[-74.07735,4.67149],[-74.07715,4.67173],[-74.07705,4.67186],[-74.07703,4.67188],[-74.07661,4.67244],[-74.0764,4.67271],[-74.07635,4.67278],[-74.0762,4.67303]]}},{"type":"Feature","properties":{"id":"90691522","nom":"Calle 73","tipo":"residential"},"geometry":{"type":"LineString","coordinates":[[-74.07773,4.67239],[-74.0778,4.67246],[-74.07799,4.67261],[-74.07849,4.67296],[-74.07914,4.67346],[-74.07918,4.6735],[-74.07986,4.67402],[-74.08053,4.67455]]}},{"type":"Feature","properties":{"id":"90691533","nom":"Carrera 66","tipo":"residential"},"geometry":{"type":"LineString","coordinates":[[-74.08568,4.67489],[-74.08603,4.67443],[-74.0863,4.67409],[-74.08638,4.67398],[-74.0866,4.67369],[-74.08694,4.67324]]}},{"type":"Feature","properties":{"id":"90691538","nom":"Carrera 56B","tipo":"residential"},"geometry":{"type":"LineString","coordinates":[[-74.08125,4.66533],[-74.08115,4.66548],[-74.08096,4.66571],[-74.08068,4.66609],[-74.0804,4.66646],[-74.08012,4.66683],[-74.07984,4.66715],[-74.07979,4.66719],[-74.07974,4.66721],[-74.07967,4.66722]]}},{"type":"Feature","properties":{"id":"90691541","nom":"Calle 67A","tipo":"residential"},"geometry":{"type":"LineString","coordinates":[[-74.07735,4.66403],[-74.07751,4.66408],[-74.07765,4.66418],[-74.07788,4.66435],[-74.07835,4.66471]]}},{"type":"Feature","properties":{"id":"90691552","nom":"Carrera 65","tipo":"tertiary"},"geometry":{"type":"LineString","coordinates":[[-74.08378,4.67453],[-74.08375,4.67457],[-74.08358,4.67479],[-74.08328,4.67518],[-74.08325,4.67522],[-74.08322,4.67526]]}},{"type":"Feature","properties":{"id":"90691563","nom":"Calle 66","tipo":"residential"},"geometry":{"type":"LineString","coordinates":[[-74.07715,4.66206],[-74.07721,4.66203],[-74.07725,4.66203],[-74.07727,4.66203],[-74.0773,4.66204],[-74.07732,4.66205],[-74.07739,4.6621],[-74.07786,4.66242],[-74.07831,4.66276],[-74.07882,4.66313]]}},{"type":"Feature","properties":{"id":"90691567","nom":"Calle 66","tipo":"residential"},"geometry":{"type":"LineString","coordinates":[[-74.0789,4.66303],[-74.07838,4.66266],[-74.07792,4.66234],[-74.07746,4.66201],[-74.07729,4.66187],[-74.07728,4.66186],[-74.07726,4.66184],[-74.07725,4.66181],[-74.07723,4.66178]]}},{"type":"Feature","properties":{"id":"90691574","nom":"Carrera 58","tipo":"residential"},"geometry":{"type":"LineString","coordinates":[[-74.08075,4.67006],[-74.08082,4.66999]]}},{"type":"Feature","properties":{"id":"90691580","nom":"Calle 71C","tipo":"residential"},"geometry":{"type":"LineString","coordinates":[[-74.07553,4.66837],[-74.07601,4.66874],[-74.07603,4.66878]]}},{"type":"Feature","properties":{"id":"90691585","nom":"Calle 67B","tipo":"residential"},"geometry":{"type":"LineString","coordinates":[[-74.08271,4.66985],[-74.08272,4.66994],[-74.08274,4.67],[-74.08282,4.67009],[-74.08283,4.67009],[-74.08291,4.67015]]}},{"type":"Feature","properties":{"id":"90691587","nom":"Calle 71C","tipo":"residential"},"geometry":{"type":"LineString","coordinates":[[-74.07445,4.66754],[-74.07499,4.66796],[-74.07553,4.66837]]}},{"type":"Feature","properties":{"id":"90691592","nom":"Calle 67","tipo":"residential"},"geometry":{"type":"LineString","coordinates":[[-74.07684,4.66302],[-74.07689,4.663],[-74.07694,4.66299],[-74.07699,4.663],[-74.07703,4.66302],[-74.0773,4.6632],[-74.07775,4.66352],[-74.07826,4.66387],[-74.07876,4.6642]]}},{"type":"Feature","properties":{"id":"90691598","nom":"Carrera 53","tipo":"residential"},"geometry":{"type":"LineString","coordinates":[[-74.07441,4.67067],[-74.07366,4.67155]]}},{"type":"Feature","properties":{"id":"90691601","nom":"Carrera 53","tipo":"residential"},"geometry":{"type":"LineString","coordinates":[[-74.07441,4.67067],[-74.07499,4.67002]]}},{"type":"Feature","properties":{"id":"90691604","nom":"Calle 70","tipo":"residential"},"geometry":{"type":"LineString","coordinates":[[-74.07626,4.66574],[-74.07624,4.66572],[-74.07622,4.66569],[-74.07621,4.66565],[-74.0762,4.66563],[-74.07617,4.66547]]}},{"type":"Feature","properties":{"id":"90691611","nom":"Calle 66B","tipo":"residential"},"geometry":{"type":"LineString","coordinates":[[-74.08048,4.66533],[-74.08096,4.66571],[-74.08102,4.66576],[-74.08153,4.66615],[-74.08217,4.66663],[-74.0825,4.66689],[-74.08253,4.66691]]}},{"type":"Feature","properties":{"id":"90691614","nom":"Diagonal 71 Bis","tipo":"residential"},"geometry":{"type":"LineString","coordinates":[[-74.07573,4.66609],[-74.07595,4.66684],[-74.07606,4.66725],[-74.07614,4.66768],[-74.07615,4.66783],[-74.07618,4.66879],[-74.07622,4.66982],[-74.07622,4.66987]]}},{"type":"Feature","properties":{"id":"90691623","nom":"Calle 73","tipo":"residential"},"geometry":{"type":"LineString","coordinates":[[-74.08053,4.67455],[-74.08121,4.67506],[-74.0819,4.67558],[-74.08258,4.67609],[-74.08327,4.67661],[-74.08395,4.67711]]}},{"type":"Feature","properties":{"id":"90691635","nom":"Carrera 58","tipo":"residential"},"geometry":{"type":"LineString","coordinates":[[-74.08059,4.67026],[-74.08069,4.67014],[-74.08072,4.67011],[-74.08075,4.67006]]}},{"type":"Feature","properties":{"id":"90691641","nom":"Avenida Calle 72","tipo":"secondary"},"geometry":{"type":"LineString","coordinates":[[-74.08523,4.67691],[-74.08547,4.6771],[-74.08551,4.67713],[-74.08553,4.67716],[-74.08568,4.67739],[-74.0857,4.67742],[-74.08571,4.67744],[-74.08573,4.67749],[-74.08573,4.67761],[-74.08574,4.6777]]}},{"type":"Feature","properties":{"id":"90691662","nom":"Avenida Calle 68","tipo":"secondary"},"geometry":{"type":"LineString","coordinates":[[-74.07738,4.66501],[-74.07687,4.66436]]}},{"type":"Feature","properties":{"id":"90691671","nom":"Calle 74","tipo":"residential"},"geometry":{"type":"LineString","coordinates":[[-74.07888,4.67388],[-74.0782,4.67334],[-74.07773,4.67298],[-74.07752,4.67281],[-74.07745,4.67276]]}},{"type":"Feature","properties":{"id":"90691677","nom":"Carrera 54","tipo":"residential"},"geometry":{"type":"LineString","coordinates":[[-74.07852,4.66664],[-74.07855,4.6666],[-74.07867,4.66645],[-74.07871,4.66639],[-74.07895,4.66609],[-74.07902,4.66599],[-74.0793,4.66563],[-74.07959,4.66525],[-74.07975,4.66504],[-74.07978,4.665],[-74.08017,4.66451],[-74.08019,4.66449]]}},{"type":"Feature","properties":{"id":"90691688","nom":"Carrera 57","tipo":"residential"},"geometry":{"type":"LineString","coordinates":[[-74.08068,4.66726],[-74.08096,4.66689],[-74.08124,4.66653],[-74.08153,4.66615],[-74.08182,4.66576],[-74.08216,4.66531],[-74.08243,4.66496],[-74.08285,4.66443],[-74.08319,4.66401],[-74.08322,4.664]]}},{"type":"Feature","properties":{"id":"90691689","nom":"Carrera 63","tipo":"residential"},"geometry":{"type":"LineString","coordinates":[[-74.08127,4.67451],[-74.08153,4.67433],[-74.08165,4.67424],[-74.08168,4.67422],[-74.08176,4.67417],[-74.08179,4.67415],[-74.08294,4.67335],[-74.08297,4.67333]]}},{"type":"Feature","properties":{"id":"90691696","nom":"Calle 67B","tipo":"residential"},"geometry":{"type":"LineString","coordinates":[[-74.08172,4.66883],[-74.0817,4.66881],[-74.08131,4.6685]]}},{"type":"Feature","properties":{"id":"90691708","nom":"Calle 71","tipo":"residential"},"geometry":{"type":"LineString","coordinates":[[-74.07671,4.66929],[-74.07708,4.66957],[-74.07763,4.66999],[-74.07818,4.67042]]}},{"type":"Feature","properties":{"id":"90691718","nom":"Diagonal 79A Bis","tipo":"residential"},"geometry":{"type":"LineString","coordinates":[[-74.07174,4.67482],[-74.07087,4.67479],[-74.07053,4.67479]]}},{"type":"Feature","properties":{"id":"90691724","nom":"Carrera 51","tipo":"residential"},"geometry":{"type":"LineString","coordinates":[[-74.07826,4.66387],[-74.07867,4.66332],[-74.07882,4.66313],[-74.0789,4.66303],[-74.07908,4.6628],[-74.07945,4.66229],[-74.07947,4.66226],[-74.08032,4.66112],[-74.08054,4.66079]]}},{"type":"Feature","properties":{"id":"90691735","nom":"Calle 73","tipo":"residential"},"geometry":{"type":"LineString","coordinates":[[-74.07339,4.66878],[-74.07392,4.66919],[-74.07446,4.66961],[-74.07499,4.67002],[-74.07553,4.67044],[-74.07607,4.67085]]}},{"type":"Feature","properties":{"id":"90691742","nom":"Diagonal 78 Bis","tipo":"residential"},"geometry":{"type":"LineString","coordinates":[[-74.07541,4.67463],[-74.07537,4.67464],[-74.07466,4.67479],[-74.07459,4.6748],[-74.07452,4.67481],[-74.07442,4.67482],[-74.07424,4.67482],[-74.0742,4.67482],[-74.07354,4.67484],[-74.07301,4.67485],[-74.07296,4.67485]]}},{"type":"Feature","properties":{"id":"90691755","nom":"Carrera 52","tipo":"residential"},"geometry":{"type":"LineString","coordinates":[[-74.07389,4.67027],[-74.07359,4.67062]]}},{"type":"Feature","properties":{"id":"90691814","nom":"Calle 67B","tipo":"residential"},"geometry":{"type":"LineString","coordinates":[[-74.08694,4.67324],[-74.08649,4.67289],[-74.08602,4.67254],[-74.08557,4.67219]]}},{"type":"Feature","properties":{"id":"90691863","nom":"Calle 65","tipo":"residential"},"geometry":{"type":"LineString","coordinates":[[-74.07998,4.66262],[-74.07947,4.66226],[-74.07896,4.66189],[-74.07849,4.66157],[-74.07802,4.66123],[-74.07766,4.66097],[-74.07762,4.66094],[-74.07759,4.66091],[-74.07756,4.66088],[-74.07754,4.66084],[-74.07752,4.66078]]}},{"type":"Feature","properties":{"id":"90691866","nom":"Carrera 52","tipo":"residential"},"geometry":{"type":"LineString","coordinates":[[-74.07767,4.66559],[-74.07764,4.66563],[-74.07708,4.66634]]}},{"type":"Feature","properties":{"id":"90691869","nom":"Calle 70A","tipo":"residential"},"geometry":{"type":"LineString","coordinates":[[-74.07986,4.66967],[-74.07922,4.66915],[-74.07918,4.66912],[-74.07863,4.66868],[-74.07809,4.66825],[-74.07759,4.66785],[-74.0771,4.66746],[-74.07657,4.66703]]}},{"type":"Feature","properties":{"id":"90691875","nom":"Carrera 43","tipo":"tertiary"},"geometry":{"type":"LineString","coordinates":[[-74.07664,4.67018],[-74.07669,4.67009],[-74.07708,4.66957]]}},{"type":"Feature","properties":{"id":"90691886","nom":"Carrera 57A","tipo":"residential"},"geometry":{"type":"LineString","coordinates":[[-74.07752,4.67281],[-74.0778,4.67246],[-74.0781,4.67207]]}},{"type":"Feature","properties":{"id":"90691938","nom":"Carrera 51","tipo":"residential"},"geometry":{"type":"LineString","coordinates":[[-74.07499,4.66796],[-74.0755,4.66737],[-74.07595,4.66684],[-74.07598,4.6668]]}},{"type":"Feature","properties":{"id":"90691958","nom":"Avenida Calle 68","tipo":"secondary"},"geometry":{"type":"LineString","coordinates":[[-74.07774,4.66552],[-74.07738,4.66501]]}},{"type":"Feature","properties":{"id":"90692006","nom":"Carrera 59","tipo":"residential"},"geometry":{"type":"LineString","coordinates":[[-74.08155,4.6699],[-74.08183,4.66952],[-74.08213,4.66914],[-74.08244,4.66876],[-74.08252,4.66866],[-74.08263,4.6685],[-74.08279,4.66828],[-74.08286,4.66819],[-74.08306,4.66793]]}},{"type":"Feature","properties":{"id":"90692010","nom":"Carrera 57B","tipo":"residential"},"geometry":{"type":"LineString","coordinates":[[-74.08065,4.66859],[-74.08095,4.66821],[-74.0813,4.66775],[-74.08159,4.66738],[-74.08188,4.66701],[-74.08217,4.66663],[-74.08246,4.66624],[-74.0828,4.6658]]}},{"type":"Feature","properties":{"id":"90692012","nom":"Calle 66A","tipo":"residential"},"geometry":{"type":"LineString","coordinates":[[-74.07915,4.66369],[-74.07917,4.66371],[-74.07943,4.66391],[-74.07972,4.66413],[-74.07975,4.66415],[-74.0799,4.66426],[-74.08014,4.66445],[-74.08017,4.66447],[-74.08019,4.66449]]}},{"type":"Feature","properties":{"id":"90692015","nom":"Calle 75","tipo":"residential"},"geometry":{"type":"LineString","coordinates":[[-74.07564,4.67306],[-74.07559,4.67302],[-74.07549,4.67294],[-74.07531,4.6728],[-74.07476,4.67239],[-74.0742,4.67196],[-74.07366,4.67155],[-74.07312,4.67114],[-74.07259,4.67074]]}},{"type":"Feature","properties":{"id":"90692026","nom":"Carrera 57A","tipo":"residential"},"geometry":{"type":"LineString","coordinates":[[-74.08343,4.66453],[-74.08327,4.66461],[-74.08323,4.66463],[-74.0828,4.66524]]}},{"type":"Feature","properties":{"id":"90692037","nom":"Calle 66C","tipo":"residential"},"geometry":{"type":"LineString","coordinates":[[-74.08403,4.66858],[-74.08396,4.66852]]}},{"type":"Feature","properties":{"id":"90692046","nom":"Calle 79","tipo":"residential"},"geometry":{"type":"LineString","coordinates":[[-74.06973,4.67303],[-74.07029,4.6734],[-74.07086,4.67378],[-74.07144,4.67413],[-74.07201,4.6745]]}},{"type":"Feature","properties":{"id":"90697042","nom":"Carrera 60","tipo":"tertiary"},"geometry":{"type":"LineString","coordinates":[[-74.07975,4.67275],[-74.07974,4.67276],[-74.07946,4.67313],[-74.07918,4.6735],[-74.07888,4.67388],[-74.07861,4.67425],[-74.07832,4.67463],[-74.07803,4.675],[-74.07775,4.67536],[-74.07746,4.67574],[-74.07716,4.67614],[-74.07687,4.67651]]}},{"type":"Feature","properties":{"id":"90697077","nom":"Diagonal 79B Bis","tipo":"tertiary"},"geometry":{"type":"LineString","coordinates":[[-74.07419,4.67817],[-74.07411,4.67801],[-74.07389,4.67761],[-74.07385,4.67754],[-74.07355,4.67696],[-74.07352,4.6769],[-74.07336,4.67658],[-74.07318,4.67623],[-74.0731,4.67608],[-74.07286,4.67563],[-74.07269,4.67531],[-74.07268,4.67528],[-74.07268,4.67526]]}},{"type":"Feature","properties":{"id":"90697079","nom":"Carrera 56 Bis","tipo":"residential"},"geometry":{"type":"LineString","coordinates":[[-74.07553,4.6755],[-74.07549,4.67555],[-74.07548,4.67556],[-74.07487,4.6763],[-74.07451,4.67674],[-74.07419,4.67713],[-74.07389,4.67749],[-74.07385,4.67754]]}},{"type":"Feature","properties":{"id":"90697139","nom":"Diagonal 79A Bis","tipo":"tertiary"},"geometry":{"type":"LineString","coordinates":[[-74.07268,4.67526],[-74.07268,4.67522],[-74.07269,4.67519],[-74.07272,4.67514],[-74.07282,4.67502],[-74.07296,4.67485]]}},{"type":"Feature","properties":{"id":"90697143","nom":"Carrera 55","tipo":"residential"},"geometry":{"type":"LineString","coordinates":[[-74.07145,4.67626],[-74.07193,4.67565]]}},{"type":"Feature","properties":{"id":"90697160","nom":"Avenida Calle 80","tipo":"trunk"},"geometry":{"type":"LineString","coordinates":[[-74.0776,4.68184],[-74.07743,4.68162],[-74.07575,4.67947],[-74.07559,4.6793],[-74.07525,4.67896],[-74.07517,4.67889],[-74.0751,4.67882],[-74.07496,4.67872],[-74.07483,4.67862],[-74.07459,4.67845],[-74.07451,4.67839],[-74.07447,4.67837],[-74.07435,4.67829]]}},{"type":"Feature","properties":{"id":"90697164","nom":"Carrera 55B","tipo":"residential"},"geometry":{"type":"LineString","coordinates":[[-74.07318,4.67623],[-74.07306,4.67638],[-74.07302,4.67642],[-74.07255,4.67696],[-74.07253,4.67698],[-74.07248,4.67704]]}},{"type":"Feature","properties":{"id":"90697203","nom":"Carrera 56B","tipo":"secondary"},"geometry":{"type":"LineString","coordinates":[[-74.07611,4.67591],[-74.07603,4.67527],[-74.07598,4.67481],[-74.07593,4.67447],[-74.07591,4.67421],[-74.07591,4.67406],[-74.07592,4.67392],[-74.07594,4.67381],[-74.07598,4.67367],[-74.076,4.67362],[-74.0762,4.67303]]}},{"type":"Feature","properties":{"id":"90697206","nom":"Carrera 64","tipo":"tertiary"},"geometry":{"type":"LineString","coordinates":[[-74.07789,4.6808],[-74.07799,4.68066],[-74.07812,4.6805],[-74.07814,4.68046],[-74.07842,4.68012],[-74.07871,4.67974],[-74.07883,4.67959],[-74.07898,4.67939],[-74.07927,4.67901],[-74.07957,4.67861],[-74.07986,4.67823],[-74.07994,4.67813],[-74.08018,4.67783],[-74.08045,4.67747],[-74.08068,4.67717],[-74.08085,4.67696],[-74.08097,4.67679],[-74.08119,4.67651],[-74.08133,4.67632],[-74.0816,4.67596],[-74.08178,4.67573],[-74.0819,4.67558],[-74.08218,4.67521],[-74.08244,4.67488],[-74.08247,4.67484],[-74.08249,4.67481]]}},{"type":"Feature","properties":{"id":"90697215","nom":"Calle 75","tipo":"residential"},"geometry":{"type":"LineString","coordinates":[[-74.07968,4.67565],[-74.079,4.67514],[-74.07832,4.67463],[-74.07764,4.67411]]}},{"type":"Feature","properties":{"id":"90697219","nom":"Carrera 58","tipo":"secondary"},"geometry":{"type":"LineString","coordinates":[[-74.07435,4.67829],[-74.07425,4.67837],[-74.07416,4.67844],[-74.07408,4.67851]]}},{"type":"Feature","properties":{"id":"90697234","nom":"Carrera 56","tipo":"residential"},"geometry":{"type":"LineString","coordinates":[[-74.07352,4.6769],[-74.07357,4.67684],[-74.07363,4.67676],[-74.07432,4.67596],[-74.07496,4.6752],[-74.07499,4.67517]]}},{"type":"Feature","properties":{"id":"90697245","nom":"Calle 75B","tipo":"residential"},"geometry":{"type":"LineString","coordinates":[[-74.07973,4.67689],[-74.07909,4.67641],[-74.07843,4.67589],[-74.07775,4.67536],[-74.07708,4.67484]]}},{"type":"Feature","properties":{"id":"90697269","nom":"Diagonal 79B","tipo":"secondary"},"geometry":{"type":"LineString","coordinates":[[-74.07789,4.6808],[-74.0779,4.68076],[-74.07789,4.6807],[-74.07787,4.68067],[-74.07736,4.67997],[-74.07689,4.67926],[-74.07658,4.6786],[-74.0765,4.67835],[-74.07646,4.67823],[-74.07639,4.67794],[-74.07632,4.67758],[-74.07629,4.67728],[-74.07613,4.67612],[-74.07613,4.67611],[-74.07611,4.67591]]}},{"type":"Feature","properties":{"id":"90697273","nom":"Carrera 62","tipo":"residential"},"geometry":{"type":"LineString","coordinates":[[-74.07706,4.67903],[-74.07733,4.67868],[-74.07761,4.67832],[-74.07791,4.67794],[-74.07821,4.67755],[-74.0785,4.67717],[-74.07881,4.67678],[-74.07909,4.67641],[-74.0793,4.67614],[-74.07938,4.67603],[-74.07968,4.67565],[-74.07998,4.67526],[-74.08025,4.67491],[-74.08053,4.67455],[-74.08083,4.67417]]}},{"type":"Feature","properties":{"id":"90697285","nom":"Carrera 54","tipo":"residential"},"geometry":{"type":"LineString","coordinates":[[-74.0742,4.67196],[-74.07342,4.67286]]}},{"type":"Feature","properties":{"id":"90698769","nom":"Carrera 65B","tipo":"residential"},"geometry":{"type":"LineString","coordinates":[[-74.08152,4.67888],[-74.08238,4.67777],[-74.0827,4.67735],[-74.08297,4.677],[-74.08327,4.67661],[-74.08356,4.67624],[-74.08384,4.67588],[-74.08385,4.67586]]}},{"type":"Feature","properties":{"id":"90698783","nom":"Carrera 65","tipo":"residential"},"geometry":{"type":"LineString","coordinates":[[-74.08024,4.67913],[-74.07993,4.67954],[-74.07965,4.67991],[-74.07959,4.67999],[-74.07938,4.68027],[-74.0791,4.68064],[-74.07882,4.681]]}},{"type":"Feature","properties":{"id":"90698786","nom":"Carrera 66","tipo":"residential"},"geometry":{"type":"LineString","coordinates":[[-74.07901,4.68222],[-74.07893,4.68226],[-74.07887,4.68228],[-74.07874,4.68231]]}},{"type":"Feature","properties":{"id":"90698805","nom":"Calle 79A","tipo":"residential"},"geometry":{"type":"LineString","coordinates":[[-74.07706,4.67903],[-74.07709,4.67905],[-74.07769,4.67954],[-74.07842,4.68012],[-74.0791,4.68064]]}},{"type":"Feature","properties":{"id":"90698841","nom":"Carrera 68D","tipo":"tertiary"},"geometry":{"type":"LineString","coordinates":[[-74.07989,4.68519],[-74.07992,4.68525],[-74.07994,4.68532],[-74.07997,4.68541],[-74.07997,4.6855],[-74.07995,4.68556],[-74.07991,4.68562],[-74.07986,4.68566],[-74.0798,4.68571],[-74.07904,4.68631],[-74.079,4.68634],[-74.07891,4.68639],[-74.07882,4.68639]]}},{"type":"Feature","properties":{"id":"90698861","nom":"Calle 77","tipo":"residential"},"geometry":{"type":"LineString","coordinates":[[-74.07603,4.67527],[-74.07606,4.67529],[-74.07612,4.67533],[-74.0765,4.67562],[-74.07716,4.67614],[-74.07784,4.67666],[-74.0785,4.67717],[-74.07914,4.67766],[-74.07986,4.67823],[-74.08053,4.67876]]}},{"type":"Feature","properties":{"id":"90698881","nom":"Calle 78A","tipo":"residential"},"geometry":{"type":"LineString","coordinates":[[-74.07791,4.67794],[-74.07854,4.67844],[-74.07927,4.67901],[-74.07993,4.67954]]}},{"type":"Feature","properties":{"id":"90698894","nom":"Avenida Calle 80","tipo":"trunk"},"geometry":{"type":"LineString","coordinates":[[-74.07408,4.67851],[-74.07431,4.67867],[-74.07442,4.67874],[-74.0747,4.67894],[-74.07489,4.67908],[-74.07507,4.67922],[-74.07522,4.67936],[-74.07536,4.67949],[-74.07583,4.68005],[-74.07595,4.6802],[-74.07604,4.68032],[-74.07621,4.68052],[-74.07647,4.68086],[-74.07679,4.68128],[-74.07704,4.68158],[-74.07771,4.68246],[-74.0779,4.68269],[-74.07815,4.68301],[-74.07863,4.68356]]}},{"type":"Feature","properties":{"id":"90698976","nom":"Avenida Calle 80","tipo":"trunk"},"geometry":{"type":"LineString","coordinates":[[-74.07989,4.68519],[-74.08033,4.68578],[-74.08144,4.68718],[-74.08185,4.6877],[-74.08237,4.68836],[-74.08244,4.68843]]}},{"type":"Feature","properties":{"id":"90699013","nom":"Carrera 63","tipo":"residential"},"geometry":{"type":"LineString","coordinates":[[-74.07736,4.67997],[-74.07739,4.67994],[-74.07769,4.67954],[-74.07797,4.67917],[-74.07825,4.67882],[-74.07854,4.67844],[-74.07884,4.67804],[-74.07914,4.67766],[-74.07944,4.67727],[-74.07973,4.67689],[-74.07994,4.67662]]}},{"type":"Feature","properties":{"id":"90699016","nom":"Calle 76","tipo":"residential"},"geometry":{"type":"LineString","coordinates":[[-74.08182,4.67911],[-74.08177,4.67907],[-74.08152,4.67888],[-74.08121,4.67864],[-74.08092,4.67842],[-74.08088,4.67839],[-74.08084,4.67835],[-74.08077,4.67829],[-74.08073,4.67825],[-74.08018,4.67783],[-74.07944,4.67727],[-74.07881,4.67678],[-74.07815,4.67626],[-74.07746,4.67574],[-74.0768,4.67522],[-74.07642,4.67492]]}},{"type":"Feature","properties":{"id":"90699025","nom":"Calle 75B","tipo":"residential"},"geometry":{"type":"LineString","coordinates":[[-74.08112,4.67799],[-74.08045,4.67747],[-74.07973,4.67689]]}},{"type":"Feature","properties":{"id":"90699038","nom":"","tipo":"trunk_link"},"geometry":{"type":"LineString","coordinates":[[-74.07989,4.6831],[-74.0798,4.6831],[-74.07976,4.6831],[-74.07971,4.68309],[-74.07966,4.68306],[-74.07963,4.68305],[-74.0796,4.68302],[-74.07955,4.68298],[-74.07951,4.68294],[-74.0792,4.68257],[-74.07912,4.68248],[-74.07904,4.68242],[-74.07894,4.68236],[-74.07886,4.68234],[-74.07874,4.68231],[-74.07852,4.68232],[-74.07824,4.68234],[-74.07813,4.68232],[-74.07805,4.6823],[-74.07791,4.68222]]}},{"type":"Feature","properties":{"id":"90708765","nom":"Carrera 63","tipo":"residential"},"geometry":{"type":"LineString","coordinates":[[-74.0758,4.68273],[-74.07563,4.68317],[-74.07548,4.68355]]}},{"type":"Feature","properties":{"id":"90708771","nom":"Carrera 61A","tipo":"residential"},"geometry":{"type":"LineString","coordinates":[[-74.06824,4.68628],[-74.06826,4.68621],[-74.06827,4.68617],[-74.06844,4.68582],[-74.06868,4.68535],[-74.06891,4.68491],[-74.06917,4.68445]]}},{"type":"Feature","properties":{"id":"90708774","nom":"Calle 94","tipo":"residential"},"geometry":{"type":"LineString","coordinates":[[-74.06439,4.68269],[-74.06523,4.6828],[-74.06587,4.68288],[-74.06609,4.68291],[-74.06746,4.68307],[-74.06805,4.68314],[-74.06837,4.68319]]}},{"type":"Feature","properties":{"id":"90708782","nom":"Carrera 57","tipo":"tertiary"},"geometry":{"type":"LineString","coordinates":[[-74.06404,4.68528],[-74.06416,4.6844],[-74.06427,4.68358],[-74.06433,4.68313],[-74.06437,4.6828],[-74.06439,4.68269],[-74.06449,4.68189],[-74.06455,4.68144],[-74.06457,4.68135],[-74.06458,4.68128],[-74.06461,4.68105],[-74.06461,4.681],[-74.06463,4.68088]]}},{"type":"Feature","properties":{"id":"90708786","nom":"Calle 93A","tipo":"residential"},"geometry":{"type":"LineString","coordinates":[[-74.06758,4.6823],[-74.0668,4.6822],[-74.06632,4.68213],[-74.0662,4.68211]]}},{"type":"Feature","properties":{"id":"90708795","nom":"Carrera 60A","tipo":"residential"},"geometry":{"type":"LineString","coordinates":[[-74.0668,4.6822],[-74.06675,4.68258]]}},{"type":"Feature","properties":{"id":"90708803","nom":"Calle 94","tipo":"tertiary"},"geometry":{"type":"LineString","coordinates":[[-74.07238,4.68494],[-74.07198,4.68474],[-74.07176,4.68464]]}},{"type":"Feature","properties":{"id":"90708804","nom":"Calle 92","tipo":"residential"},"geometry":{"type":"LineString","coordinates":[[-74.06729,4.68118],[-74.06633,4.68106],[-74.06548,4.68096],[-74.06471,4.68085]]}},{"type":"Feature","properties":{"id":"90708807","nom":"Calle 93B Bis","tipo":"residential"},"geometry":{"type":"LineString","coordinates":[[-74.06675,4.68258],[-74.06752,4.68269],[-74.06837,4.68282]]}},{"type":"Feature","properties":{"id":"90708809","nom":"Carrera 63","tipo":"residential"},"geometry":{"type":"LineString","coordinates":[[-74.07548,4.68355],[-74.07507,4.68422]]}},{"type":"Feature","properties":{"id":"90708814","nom":"Calle 97A","tipo":"residential"},"geometry":{"type":"LineString","coordinates":[[-74.06477,4.68623],[-74.06422,4.68616],[-74.06417,4.68615]]}},{"type":"Feature","properties":{"id":"90708820","nom":"Calle 85","tipo":"residential"},"geometry":{"type":"LineString","coordinates":[[-74.07475,4.68158],[-74.07406,4.68131],[-74.07375,4.68118]]}},{"type":"Feature","properties":{"id":"90708821","nom":"Carrera 60","tipo":"residential"},"geometry":{"type":"LineString","coordinates":[[-74.06602,4.68332],[-74.06609,4.68291]]}},{"type":"Feature","properties":{"id":"90708827","nom":"Carrera 58","tipo":"residential"},"geometry":{"type":"LineString","coordinates":[[-74.06489,4.68538],[-74.06477,4.68623]]}},{"type":"Feature","properties":{"id":"90708832","nom":"Carrera 64","tipo":"residential"},"geometry":{"type":"LineString","coordinates":[[-74.07109,4.68431],[-74.0713,4.68383]]}},{"type":"Feature","properties":{"id":"90708833","nom":"Carrera 67","tipo":"residential"},"geometry":{"type":"LineString","coordinates":[[-74.07238,4.68494],[-74.07225,4.68603]]}},{"type":"Feature","properties":{"id":"90708834","nom":"Transversal 60C","tipo":"residential"},"geometry":{"type":"LineString","coordinates":[[-74.06625,4.68497],[-74.06674,4.68448],[-74.06725,4.68397],[-74.06768,4.68354],[-74.06786,4.68337],[-74.06805,4.68314],[-74.06837,4.68282],[-74.06871,4.68248],[-74.06893,4.68227]]}},{"type":"Feature","properties":{"id":"90708836","nom":"Carrera 63","tipo":"residential"},"geometry":{"type":"LineString","coordinates":[[-74.06918,4.68675],[-74.06919,4.68673],[-74.0692,4.68671],[-74.06926,4.68659],[-74.06951,4.68611],[-74.06964,4.68586],[-74.0701,4.68496]]}},{"type":"Feature","properties":{"id":"90708837","nom":"Carrera 60B","tipo":"residential"},"geometry":{"type":"LineString","coordinates":[[-74.06758,4.6823],[-74.06752,4.68269],[-74.06746,4.68307]]}},{"type":"Feature","properties":{"id":"90708857","nom":"Carrera 64","tipo":"tertiary"},"geometry":{"type":"LineString","coordinates":[[-74.06858,4.68923],[-74.06878,4.6888],[-74.06898,4.68842],[-74.06923,4.68792],[-74.06967,4.68706],[-74.06968,4.68704],[-74.06969,4.68701]]}},{"type":"Feature","properties":{"id":"90708861","nom":"Carrera 60","tipo":"residential"},"geometry":{"type":"LineString","coordinates":[[-74.06625,4.68166],[-74.06633,4.68106],[-74.0664,4.68057]]}},{"type":"Feature","properties":{"id":"90708869","nom":"Calle 85","tipo":"residential"},"geometry":{"type":"LineString","coordinates":[[-74.07467,4.68176],[-74.0752,4.68198]]}},{"type":"Feature","properties":{"id":"90709998","nom":"Calle 99","tipo":"residential"},"geometry":{"type":"LineString","coordinates":[[-74.06764,4.6885],[-74.06733,4.68834],[-74.06729,4.68832],[-74.06726,4.68831],[-74.06696,4.68827],[-74.06668,4.68823],[-74.06648,4.6882],[-74.06539,4.68806]]}},{"type":"Feature","properties":{"id":"90710029","nom":"Carrera 66","tipo":"residential"},"geometry":{"type":"LineString","coordinates":[[-74.0716,4.68699],[-74.07124,4.6878],[-74.07112,4.68807],[-74.07106,4.68822],[-74.07083,4.68873],[-74.07066,4.68911]]}},{"type":"Feature","properties":{"id":"90710066","nom":"Carrera 62","tipo":"residential"},"geometry":{"type":"LineString","coordinates":[[-74.06868,4.6865],[-74.06822,4.68739],[-74.06807,4.68768],[-74.06774,4.68831],[-74.06764,4.6885]]}},{"type":"Feature","properties":{"id":"90710104","nom":"Carrera 67","tipo":"residential"},"geometry":{"type":"LineString","coordinates":[[-74.07133,4.6889],[-74.07159,4.6882],[-74.07197,4.68717],[-74.07203,4.68699],[-74.07211,4.68679],[-74.07213,4.68672],[-74.07215,4.6866],[-74.07219,4.68639],[-74.07225,4.68603]]}},{"type":"Feature","properties":{"id":"90710106","nom":"Calle 98","tipo":"residential"},"geometry":{"type":"LineString","coordinates":[[-74.07083,4.68873],[-74.07029,4.68846],[-74.06971,4.68817],[-74.06923,4.68792]]}},{"type":"Feature","properties":{"id":"90735922","nom":"Calle 67A","tipo":"residential"},"geometry":{"type":"LineString","coordinates":[[-74.08911,4.67426],[-74.08964,4.6748],[-74.09032,4.67553]]}},{"type":"Feature","properties":{"id":"90893364","nom":"Calle 78 Bis","tipo":"tertiary"},"geometry":{"type":"LineString","coordinates":[[-74.08063,4.68285],[-74.08077,4.68285],[-74.08083,4.68285],[-74.08088,4.68285],[-74.08092,4.68286],[-74.08097,4.68289],[-74.08101,4.68293],[-74.08108,4.68301],[-74.08131,4.68332],[-74.08136,4.68337],[-74.08166,4.68376],[-74.08168,4.68381],[-74.0817,4.68386],[-74.08172,4.68397],[-74.08171,4.68403]]}},{"type":"Feature","properties":{"id":"90893377","nom":"Calle 73","tipo":"residential"},"geometry":{"type":"LineString","coordinates":[[-74.08779,4.68134],[-74.08815,4.68176],[-74.08867,4.68243],[-74.08916,4.68305],[-74.08951,4.6835],[-74.08965,4.68369],[-74.08967,4.68371],[-74.08969,4.68373],[-74.09021,4.68438],[-74.09069,4.68498],[-74.09071,4.68501]]}},{"type":"Feature","properties":{"id":"90893380","nom":"Transversal 69H","tipo":"residential"},"geometry":{"type":"LineString","coordinates":[[-74.08555,4.69018],[-74.08533,4.6902],[-74.08497,4.69024],[-74.08456,4.69028],[-74.08447,4.69028]]}},{"type":"Feature","properties":{"id":"90893460","nom":"Carrera 70C","tipo":"residential"},"geometry":{"type":"LineString","coordinates":[[-74.08836,4.69028],[-74.08866,4.68985],[-74.08888,4.68955],[-74.08946,4.68869],[-74.08948,4.68866]]}},{"type":"Feature","properties":{"id":"90893486","nom":"Carrera 68C","tipo":"tertiary"},"geometry":{"type":"LineString","coordinates":[[-74.08051,4.68552],[-74.08045,4.68533],[-74.08044,4.6853],[-74.08045,4.68526],[-74.08045,4.68524],[-74.08045,4.68523],[-74.08046,4.68521],[-74.08047,4.68519],[-74.08055,4.68512],[-74.08063,4.68505],[-74.08067,4.68502],[-74.08102,4.68474],[-74.08131,4.68451],[-74.08173,4.68418],[-74.08178,4.68412],[-74.08182,4.68406],[-74.08182,4.68397],[-74.08181,4.68386],[-74.0818,4.68378],[-74.08175,4.68368]]}},{"type":"Feature","properties":{"id":"90893494","nom":"Carrera 69","tipo":"residential"},"geometry":{"type":"LineString","coordinates":[[-74.0822,4.68649],[-74.0819,4.68672],[-74.08168,4.68688],[-74.08166,4.68688],[-74.08162,4.68689],[-74.08158,4.68688]]}},{"type":"Feature","properties":{"id":"90893519","nom":"Avenida Carrera 72","tipo":"trunk"},"geometry":{"type":"LineString","coordinates":[[-74.09253,4.69077],[-74.09227,4.69116],[-74.09217,4.69133],[-74.09207,4.69153],[-74.09202,4.69162],[-74.09194,4.69177],[-74.09162,4.69241],[-74.09121,4.69322],[-74.09099,4.69365],[-74.09097,4.69369],[-74.09092,4.69379],[-74.09083,4.69396],[-74.09077,4.69405],[-74.09066,4.6942],[-74.09053,4.69436],[-74.09044,4.69447],[-74.09033,4.69459],[-74.09023,4.69468],[-74.09014,4.69475],[-74.09006,4.69481],[-74.08991,4.69489],[-74.08935,4.69518],[-74.0887,4.69551],[-74.0886,4.69556],[-74.08849,4.69561],[-74.08841,4.69565],[-74.0883,4.69568],[-74.08808,4.69574],[-74.08774,4.69583],[-74.08703,4.69603],[-74.08662,4.69611]]}},{"type":"Feature","properties":{"id":"90893522","nom":"Carrera 68G","tipo":"residential"},"geometry":{"type":"LineString","coordinates":[[-74.08158,4.68485],[-74.0825,4.68412],[-74.08341,4.6834],[-74.08343,4.68338],[-74.08346,4.68336],[-74.08433,4.68266],[-74.08528,4.68191],[-74.08618,4.68119],[-74.08695,4.68058],[-74.08737,4.68024],[-74.08773,4.67995],[-74.08777,4.67993]]}},{"type":"Feature","properties":{"id":"90893541","nom":"Calle 73A","tipo":"tertiary"},"geometry":{"type":"LineString","coordinates":[[-74.08875,4.68444],[-74.08873,4.68441],[-74.08859,4.68424],[-74.08823,4.68378],[-74.08797,4.68345],[-74.08774,4.68316],[-74.08721,4.6825],[-74.08671,4.68185],[-74.08618,4.68119],[-74.08586,4.68079],[-74.08582,4.68074]]}},{"type":"Feature","properties":{"id":"90893554","nom":"Carrera 68H Bis","tipo":"residential"},"geometry":{"type":"LineString","coordinates":[[-74.08761,4.68145],[-74.08765,4.68145],[-74.08779,4.68134]]}},{"type":"Feature","properties":{"id":"90893612","nom":"Carrera 69Q","tipo":"residential"},"geometry":{"type":"LineString","coordinates":[[-74.08796,4.68721],[-74.08795,4.68722],[-74.08707,4.68792],[-74.08705,4.68794],[-74.08703,4.68795],[-74.08612,4.68867]]}},{"type":"Feature","properties":{"id":"90893616","nom":"Calle 79A","tipo":"residential"},"geometry":{"type":"LineString","coordinates":[[-74.08273,4.68713],[-74.08327,4.68779]]}},{"type":"Feature","properties":{"id":"90893623","nom":"Avenida Carrera 70","tipo":"secondary"},"geometry":{"type":"LineString","coordinates":[[-74.09146,4.68397],[-74.09143,4.68401],[-74.09133,4.68414],[-74.0911,4.68446],[-74.09071,4.68501],[-74.09035,4.68551],[-74.09002,4.68598],[-74.09001,4.686],[-74.08999,4.68603],[-74.08994,4.6861],[-74.08931,4.687],[-74.08899,4.68744],[-74.08873,4.68784],[-74.0887,4.68791],[-74.08868,4.68797],[-74.08867,4.688],[-74.08867,4.68802],[-74.08866,4.68808]]}},{"type":"Feature","properties":{"id":"90893694","nom":"Transversal 69H","tipo":"residential"},"geometry":{"type":"LineString","coordinates":[[-74.08685,4.68958],[-74.08651,4.68978],[-74.08646,4.68981],[-74.08605,4.69005]]}},{"type":"Feature","properties":{"id":"90893708","nom":"Carrera 68H","tipo":"residential"},"geometry":{"type":"LineString","coordinates":[[-74.08985,4.67912],[-74.09004,4.67892]]}},{"type":"Feature","properties":{"id":"90893714","nom":"Carrera 70F","tipo":"residential"},"geometry":{"type":"LineString","coordinates":[[-74.08814,4.69222],[-74.08776,4.69274],[-74.08755,4.69296],[-74.08736,4.69316]]}},{"type":"Feature","properties":{"id":"90893770","nom":"Calle 74B","tipo":"residential"},"geometry":{"type":"LineString","coordinates":[[-74.08497,4.68152],[-74.08501,4.68157],[-74.08528,4.68191],[-74.0858,4.68257],[-74.08631,4.68321],[-74.08684,4.68388],[-74.08732,4.68448]]}},{"type":"Feature","properties":{"id":"90893780","nom":"Carrera 68H","tipo":"tertiary"},"geometry":{"type":"LineString","coordinates":[[-74.08834,4.68056],[-74.08831,4.68059],[-74.0879,4.68091],[-74.08745,4.68126],[-74.08671,4.68185],[-74.0858,4.68257],[-74.08486,4.68331],[-74.08398,4.68401],[-74.08395,4.68403]]}},{"type":"Feature","properties":{"id":"90893794","nom":"Calle 79","tipo":"residential"},"geometry":{"type":"LineString","coordinates":[[-74.08127,4.68446],[-74.08131,4.68451],[-74.08133,4.68453],[-74.08158,4.68485],[-74.0821,4.6855],[-74.08263,4.68615]]}},{"type":"Feature","properties":{"id":"90893797","nom":"Carrera 68C","tipo":"residential"},"geometry":{"type":"LineString","coordinates":[[-74.08896,4.67688],[-74.08926,4.67654],[-74.0895,4.67626]]}},{"type":"Feature","properties":{"id":"90893853","nom":"Carrera 68C","tipo":"tertiary"},"geometry":{"type":"LineString","coordinates":[[-74.08221,4.68376],[-74.08214,4.68381],[-74.08208,4.68386],[-74.08203,4.68388],[-74.08197,4.68388],[-74.08193,4.68386],[-74.08185,4.6838],[-74.08175,4.68368]]}},{"type":"Feature","properties":{"id":"90893860","nom":"Calle 79A","tipo":"tertiary"},"geometry":{"type":"LineString","coordinates":[[-74.08865,4.69307],[-74.08874,4.69305],[-74.0888,4.69306],[-74.08885,4.6931],[-74.08891,4.69316],[-74.08905,4.69334],[-74.08935,4.6937],[-74.08949,4.69388],[-74.08958,4.69399],[-74.08964,4.69408],[-74.08968,4.69416],[-74.08975,4.69431],[-74.08978,4.69438]]}},{"type":"Feature","properties":{"id":"90893876","nom":"Carrera 69G","tipo":"residential"},"geometry":{"type":"LineString","coordinates":[[-74.092,4.6791],[-74.0912,4.68023],[-74.09045,4.68129],[-74.08992,4.68205],[-74.08988,4.6821]]}},{"type":"Feature","properties":{"id":"90893945","nom":"Carrera 69P","tipo":"residential"},"geometry":{"type":"LineString","coordinates":[[-74.09114,4.68362],[-74.0911,4.68366],[-74.09071,4.68397],[-74.09055,4.6841],[-74.09021,4.68438],[-74.08975,4.68473],[-74.08931,4.68507],[-74.08928,4.6851]]}},{"type":"Feature","properties":{"id":"90893968","nom":"Avenida Carrera 70","tipo":"secondary"},"geometry":{"type":"LineString","coordinates":[[-74.08801,4.68914],[-74.08759,4.68973],[-74.08732,4.69011],[-74.08707,4.69046],[-74.08702,4.69053],[-74.08675,4.69093],[-74.08659,4.69116],[-74.08645,4.69134],[-74.08626,4.69161],[-74.08621,4.69167],[-74.08615,4.69173]]}},{"type":"Feature","properties":{"id":"90893970","nom":"Calle 75C","tipo":"residential"},"geometry":{"type":"LineString","coordinates":[[-74.08998,4.69123],[-74.09044,4.69117],[-74.09068,4.69124],[-74.09089,4.69132],[-74.09105,4.69141]]}},{"type":"Feature","properties":{"id":"90894014","nom":"Carrera 68B","tipo":"residential"},"geometry":{"type":"LineString","coordinates":[[-74.08145,4.6833],[-74.08167,4.68312],[-74.08178,4.68304],[-74.08215,4.68274],[-74.08219,4.68271],[-74.08252,4.68245],[-74.08278,4.68224],[-74.08291,4.68214],[-74.08324,4.68187],[-74.0836,4.68158],[-74.08371,4.68149],[-74.08398,4.68128],[-74.08429,4.68104],[-74.08435,4.68099],[-74.08471,4.6807],[-74.08481,4.68062],[-74.08505,4.68043]]}},{"type":"Feature","properties":{"id":"90894017","nom":"Carrera 69","tipo":"residential"},"geometry":{"type":"LineString","coordinates":[[-74.08263,4.68615],[-74.0828,4.68602],[-74.08354,4.68542],[-74.08444,4.6847],[-74.08446,4.68468],[-74.08449,4.68466],[-74.08537,4.68396],[-74.08599,4.68346],[-74.08631,4.68321],[-74.08721,4.6825],[-74.08815,4.68176],[-74.08875,4.68125],[-74.08884,4.68118],[-74.08888,4.68115]]}},{"type":"Feature","properties":{"id":"90894034","nom":"Calle 67B","tipo":"residential"},"geometry":{"type":"LineString","coordinates":[[-74.08935,4.67518],[-74.08855,4.67437],[-74.08823,4.67403],[-74.08819,4.67398]]}},{"type":"Feature","properties":{"id":"90894043","nom":"Carrera 69H","tipo":"tertiary"},"geometry":{"type":"LineString","coordinates":[[-74.08269,4.68824],[-74.0826,4.68831],[-74.08251,4.68838],[-74.08244,4.68843],[-74.08238,4.68848],[-74.08226,4.68857]]}},{"type":"Feature","properties":{"id":"90894059","nom":"Calle 78","tipo":"residential"},"geometry":{"type":"LineString","coordinates":[[-74.08685,4.68958],[-74.08664,4.68932],[-74.08612,4.68867],[-74.0856,4.68801],[-74.08511,4.6874],[-74.08509,4.68738],[-74.08506,4.68734],[-74.08457,4.68672],[-74.08406,4.68608],[-74.08354,4.68542],[-74.08302,4.68477],[-74.0825,4.68412],[-74.08225,4.68381],[-74.08221,4.68376]]}},{"type":"Feature","properties":{"id":"90894073","nom":"Calle 73 Bis","tipo":"residential"},"geometry":{"type":"LineString","coordinates":[[-74.09035,4.68551],[-74.09033,4.68547],[-74.08975,4.68473],[-74.08925,4.68409],[-74.08923,4.68407],[-74.08921,4.68404],[-74.08907,4.68386],[-74.08871,4.6834]]}},{"type":"Feature","properties":{"id":"90894111","nom":"Carrera 70D","tipo":"residential"},"geometry":{"type":"LineString","coordinates":[[-74.08818,4.69137],[-74.08776,4.69196],[-74.08729,4.69259],[-74.08719,4.6927],[-74.08705,4.69282]]}},{"type":"Feature","properties":{"id":"90894125","nom":"Carrera 70A","tipo":"residential"},"geometry":{"type":"LineString","coordinates":[[-74.088,4.69003],[-74.0885,4.68927],[-74.08909,4.68843],[-74.0891,4.6884]]}},{"type":"Feature","properties":{"id":"90894144","nom":"Calle 75","tipo":"tertiary"},"geometry":{"type":"LineString","coordinates":[[-74.08866,4.68808],[-74.08847,4.68786],[-74.08846,4.68784],[-74.08798,4.68722],[-74.08796,4.68721],[-74.08748,4.68661],[-74.08744,4.68656],[-74.08741,4.68652],[-74.08695,4.68595],[-74.08694,4.68593],[-74.08693,4.68591],[-74.08689,4.68587],[-74.08645,4.6853],[-74.08643,4.68528],[-74.08641,4.68525],[-74.08638,4.68521],[-74.08592,4.68464],[-74.0859,4.68462],[-74.08537,4.68396],[-74.08486,4.68331],[-74.08433,4.68266],[-74.08406,4.68233],[-74.08402,4.68229]]}},{"type":"Feature","properties":{"id":"90894153","nom":"Carrera 69B","tipo":"residential"},"geometry":{"type":"LineString","coordinates":[[-74.08867,4.68243],[-74.08774,4.68316],[-74.08684,4.68388],[-74.0859,4.68462],[-74.08502,4.68532],[-74.08499,4.68534],[-74.08496,4.68536],[-74.08406,4.68608],[-74.08376,4.68632],[-74.08356,4.68647],[-74.08315,4.68679],[-74.08273,4.68713]]}},{"type":"Feature","properties":{"id":"90894178","nom":"Carrera 69Q","tipo":"residential"},"geometry":{"type":"LineString","coordinates":[[-74.08796,4.68721],[-74.08798,4.68719],[-74.08848,4.6868],[-74.08889,4.68647],[-74.08977,4.68577],[-74.0898,4.68575]]}},{"type":"Feature","properties":{"id":"90894183","nom":"Carrera 69Q","tipo":"residential"},"geometry":{"type":"LineString","coordinates":[[-74.08489,4.68965],[-74.08432,4.69011],[-74.0843,4.69012]]}},{"type":"Feature","properties":{"id":"90894196","nom":"Avenida Carrera 72","tipo":"trunk"},"geometry":{"type":"LineString","coordinates":[[-74.09037,4.69443],[-74.09023,4.69456],[-74.09018,4.69461],[-74.09004,4.69472],[-74.08991,4.69479],[-74.08986,4.69482],[-74.08981,4.69484],[-74.08974,4.69487],[-74.08968,4.69489]]}},{"type":"Feature","properties":{"id":"90894209","nom":"Avenida Calle 80","tipo":"trunk"},"geometry":{"type":"LineString","coordinates":[[-74.08269,4.68824],[-74.08263,4.68816],[-74.08212,4.68751],[-74.08158,4.68688],[-74.08145,4.68671],[-74.08111,4.68627],[-74.08091,4.68602],[-74.08051,4.68552]]}},{"type":"Feature","properties":{"id":"90894223","nom":"Calle 78","tipo":"residential"},"geometry":{"type":"LineString","coordinates":[[-74.08732,4.69011],[-74.08736,4.69014],[-74.08771,4.69038],[-74.08803,4.69062],[-74.08811,4.6907]]}},{"type":"Feature","properties":{"id":"90894224","nom":"Carrera 69H","tipo":"residential"},"geometry":{"type":"LineString","coordinates":[[-74.08797,4.68398],[-74.08823,4.68378],[-74.08871,4.6834],[-74.08916,4.68305],[-74.08997,4.68242],[-74.09001,4.68239]]}},{"type":"Feature","properties":{"id":"90894256","nom":"Calle 74A","tipo":"residential"},"geometry":{"type":"LineString","coordinates":[[-74.08505,4.68043],[-74.08486,4.68019],[-74.08483,4.68015],[-74.08458,4.67984],[-74.08456,4.6798],[-74.08455,4.67976],[-74.08454,4.67973],[-74.08454,4.67967]]}},{"type":"Feature","properties":{"id":"90894261","nom":"Transversal 70H","tipo":"tertiary"},"geometry":{"type":"LineString","coordinates":[[-74.08887,4.69278],[-74.08901,4.69259],[-74.08913,4.69235],[-74.0892,4.69212],[-74.08923,4.69177],[-74.08922,4.69162],[-74.08919,4.69135],[-74.08917,4.69121],[-74.08911,4.69101],[-74.08904,4.69084],[-74.089,4.69075],[-74.08894,4.6906],[-74.0888,4.69031]]}},{"type":"Feature","properties":{"id":"90894279","nom":"Calle 68","tipo":"residential"},"geometry":{"type":"LineString","coordinates":[[-74.0892,4.6754],[-74.08987,4.67614]]}},{"type":"Feature","properties":{"id":"90894283","nom":"Carrera 68C","tipo":"tertiary"},"geometry":{"type":"LineString","coordinates":[[-74.08553,4.68104],[-74.08525,4.6813],[-74.08497,4.68152],[-74.08402,4.68229]]}},{"type":"Feature","properties":{"id":"90894333","nom":"Avenida Carrera 70","tipo":"secondary"},"geometry":{"type":"LineString","coordinates":[[-74.08574,4.69211],[-74.08568,4.69218],[-74.0856,4.69226],[-74.08553,4.69234]]}},{"type":"Feature","properties":{"id":"90894362","nom":"Calle 79B","tipo":"residential"},"geometry":{"type":"LineString","coordinates":[[-74.08497,4.69024],[-74.08563,4.69106],[-74.08615,4.69173],[-74.08621,4.6918],[-74.08624,4.69184],[-74.08641,4.69205],[-74.08645,4.69209],[-74.08674,4.69246],[-74.08705,4.69282],[-74.08736,4.69316],[-74.08768,4.69348],[-74.0879,4.69372],[-74.08801,4.69382],[-74.08839,4.69411],[-74.08876,4.69438]]}},{"type":"Feature","properties":{"id":"90894371","nom":"Carrera 70G","tipo":"residential"},"geometry":{"type":"LineString","coordinates":[[-74.0885,4.6925],[-74.08832,4.69273],[-74.08812,4.69299],[-74.0879,4.69324],[-74.08768,4.69348]]}},{"type":"Feature","properties":{"id":"90894384","nom":"Calle 68A","tipo":"residential"},"geometry":{"type":"LineString","coordinates":[[-74.09001,4.67678],[-74.08966,4.67642],[-74.0895,4.67626],[-74.08923,4.67599],[-74.08895,4.67571],[-74.08862,4.67538]]}},{"type":"Feature","properties":{"id":"90894388","nom":"Avenida Calle 80","tipo":"trunk"},"geometry":{"type":"LineString","coordinates":[[-74.08574,4.69211],[-74.08563,4.69196],[-74.08431,4.69026],[-74.08327,4.68897]]}},{"type":"Feature","properties":{"id":"90894439","nom":"Transversal 69H","tipo":"residential"},"geometry":{"type":"LineString","coordinates":[[-74.08555,4.69018],[-74.0858,4.69019]]}},{"type":"Feature","properties":{"id":"90939702","nom":"Calle 100","tipo":"residential"},"geometry":{"type":"LineString","coordinates":[[-74.07457,4.69331],[-74.07452,4.69328],[-74.07409,4.69276],[-74.07385,4.69243],[-74.07363,4.69213],[-74.07359,4.69208],[-74.07319,4.69152],[-74.07259,4.69069]]}},{"type":"Feature","properties":{"id":"90939704","nom":"Calle 98","tipo":"tertiary"},"geometry":{"type":"LineString","coordinates":[[-74.07738,4.69264],[-74.07734,4.6926],[-74.07689,4.69197],[-74.07676,4.69178],[-74.07648,4.69139],[-74.07641,4.69129],[-74.07591,4.6906]]}},{"type":"Feature","properties":{"id":"90939710","nom":"Carrera 68B","tipo":"residential"},"geometry":{"type":"LineString","coordinates":[[-74.07411,4.68958],[-74.07374,4.68985],[-74.07337,4.69012],[-74.073,4.69039],[-74.07259,4.69069]]}},{"type":"Feature","properties":{"id":"90939712","nom":"Calle 95","tipo":"tertiary"},"geometry":{"type":"LineString","coordinates":[[-74.0779,4.68878],[-74.0776,4.68838],[-74.07757,4.68833],[-74.07752,4.68827],[-74.07728,4.68795],[-74.07707,4.68765],[-74.07699,4.68755]]}},{"type":"Feature","properties":{"id":"90939725","nom":"Avenida Calle 80","tipo":"trunk"},"geometry":{"type":"LineString","coordinates":[[-74.08729,4.69435],[-74.08764,4.69466],[-74.08777,4.69477],[-74.08789,4.69486],[-74.08804,4.69496],[-74.08815,4.69503]]}},{"type":"Feature","properties":{"id":"90939731","nom":"Carrera 69","tipo":"residential"},"geometry":{"type":"LineString","coordinates":[[-74.07806,4.68902],[-74.07838,4.68881]]}},{"type":"Feature","properties":{"id":"90939732","nom":"Calle 86A","tipo":"tertiary"},"geometry":{"type":"LineString","coordinates":[[-74.08505,4.69446],[-74.08498,4.69439],[-74.08454,4.69399],[-74.08414,4.69365],[-74.08394,4.69353],[-74.08376,4.69345],[-74.08351,4.69334],[-74.08325,4.69313],[-74.08316,4.69302],[-74.0829,4.69261],[-74.08264,4.69215],[-74.08224,4.69146],[-74.08217,4.69134],[-74.08214,4.69128],[-74.0819,4.69087],[-74.08183,4.69075],[-74.08179,4.69067],[-74.08175,4.69065]]}},{"type":"Feature","properties":{"id":"90939754","nom":"Carrera 69","tipo":"residential"},"geometry":{"type":"LineString","coordinates":[[-74.07896,4.68834],[-74.07894,4.68838],[-74.07866,4.68856]]}},{"type":"Feature","properties":{"id":"90939795","nom":"Carrera 67","tipo":"residential"},"geometry":{"type":"LineString","coordinates":[[-74.07021,4.69208],[-74.07038,4.69158],[-74.07049,4.69127],[-74.07054,4.69114],[-74.07072,4.69063],[-74.07088,4.69019],[-74.07101,4.68982]]}},{"type":"Feature","properties":{"id":"90939797","nom":"Calle 87","tipo":"residential"},"geometry":{"type":"LineString","coordinates":[[-74.0808,4.68976],[-74.08024,4.68878],[-74.07998,4.68833],[-74.07958,4.68763],[-74.07956,4.68759]]}},{"type":"Feature","properties":{"id":"90939810","nom":"Calle 94A","tipo":"residential"},"geometry":{"type":"LineString","coordinates":[[-74.07985,4.69083],[-74.07983,4.6908],[-74.07939,4.69019],[-74.07923,4.68999],[-74.07915,4.68987],[-74.07887,4.68949],[-74.07883,4.68942],[-74.07838,4.68881]]}},{"type":"Feature","properties":{"id":"90939852","nom":"Calle 99A","tipo":"residential"},"geometry":{"type":"LineString","coordinates":[[-74.07617,4.69491],[-74.07622,4.69494],[-74.07694,4.69593],[-74.07696,4.69597],[-74.07722,4.69632],[-74.07745,4.69663],[-74.07765,4.69691]]}},{"type":"Feature","properties":{"id":"90939862","nom":"Carrera 68B","tipo":"residential"},"geometry":{"type":"LineString","coordinates":[[-74.07799,4.687],[-74.07794,4.687],[-74.07768,4.6872],[-74.07738,4.68742],[-74.07707,4.68765]]}},{"type":"Feature","properties":{"id":"90939871","nom":"Carrera 69","tipo":"residential"},"geometry":{"type":"LineString","coordinates":[[-74.07102,4.69397],[-74.07135,4.69372],[-74.07174,4.69343]]}},{"type":"Feature","properties":{"id":"90939876","nom":"Calle 103","tipo":"residential"},"geometry":{"type":"LineString","coordinates":[[-74.06769,4.69096],[-74.06834,4.69128],[-74.06866,4.69144]]}},{"type":"Feature","properties":{"id":"90939879","nom":"Carrera 62","tipo":"residential"},"geometry":{"type":"LineString","coordinates":[[-74.06708,4.68965],[-74.06705,4.68972],[-74.06668,4.69045],[-74.0663,4.69118]]}},{"type":"Feature","properties":{"id":"90939880","nom":"Carrera 69C","tipo":"residential"},"geometry":{"type":"LineString","coordinates":[[-74.07457,4.69331],[-74.07464,4.69329],[-74.07529,4.69281]]}},{"type":"Feature","properties":{"id":"90939888","nom":"Carrera 71","tipo":"residential"},"geometry":{"type":"LineString","coordinates":[[-74.08034,4.69529],[-74.08041,4.69525],[-74.08126,4.69491],[-74.08148,4.69482],[-74.08156,4.69479],[-74.08163,4.69478]]}},{"type":"Feature","properties":{"id":"90939894","nom":"Carrera 61","tipo":"residential"},"geometry":{"type":"LineString","coordinates":[[-74.0659,4.69074],[-74.06593,4.69067],[-74.06623,4.69008],[-74.06634,4.68985],[-74.06637,4.68969],[-74.06639,4.68957],[-74.06641,4.68949]]}},{"type":"Feature","properties":{"id":"90939896","nom":"Carrera 70C","tipo":"residential"},"geometry":{"type":"LineString","coordinates":[[-74.07717,4.69568],[-74.07763,4.69531],[-74.07813,4.69494],[-74.0787,4.69452]]}},{"type":"Feature","properties":{"id":"90939902","nom":"Carrera 69","tipo":"tertiary"},"geometry":{"type":"LineString","coordinates":[[-74.07171,4.69338],[-74.07257,4.69273]]}},{"type":"Feature","properties":{"id":"90939908","nom":"Calle 98","tipo":"tertiary"},"geometry":{"type":"LineString","coordinates":[[-74.07591,4.6906],[-74.07574,4.69036],[-74.07545,4.68996],[-74.07541,4.6899],[-74.0752,4.68961],[-74.07519,4.68959],[-74.0749,4.68919]]}},{"type":"Feature","properties":{"id":"90939913","nom":"Calle 98A","tipo":"tertiary"},"geometry":{"type":"LineString","coordinates":[[-74.0742,4.68971],[-74.07471,4.69041],[-74.07499,4.6908],[-74.07516,4.69104],[-74.07519,4.69109],[-74.07559,4.69164],[-74.07571,4.69181],[-74.07605,4.69228],[-74.07621,4.69249],[-74.07664,4.69309],[-74.07668,4.69315]]}},{"type":"Feature","properties":{"id":"90939921","nom":"Carrera 69T","tipo":"residential"},"geometry":{"type":"LineString","coordinates":[[-74.0849,4.69153],[-74.08485,4.69157],[-74.08455,4.6918],[-74.08446,4.69186],[-74.08412,4.69213],[-74.08381,4.69241],[-74.08322,4.69296],[-74.08316,4.69302],[-74.08312,4.69306]]}},{"type":"Feature","properties":{"id":"90939924","nom":"Calle 95","tipo":"tertiary"},"geometry":{"type":"LineString","coordinates":[[-74.07806,4.68902],[-74.07827,4.6893],[-74.07856,4.68971]]}},{"type":"Feature","properties":{"id":"108936320","nom":"Carrera 68B","tipo":"residential"},"geometry":{"type":"LineString","coordinates":[[-74.08844,4.67638],[-74.08815,4.67674],[-74.08786,4.67714],[-74.08757,4.67749],[-74.08727,4.67786],[-74.08683,4.6784]]}},{"type":"Feature","properties":{"id":"118883918","nom":"Carrera 57A","tipo":"residential"},"geometry":{"type":"LineString","coordinates":[[-74.07718,4.67316],[-74.07654,4.67405],[-74.07652,4.67408]]}},{"type":"Feature","properties":{"id":"120421461","nom":"Calle 103C","tipo":"residential"},"geometry":{"type":"LineString","coordinates":[[-74.06734,4.69163],[-74.06683,4.69136]]}},{"type":"Feature","properties":{"id":"121969741","nom":"Calle 99","tipo":"residential"},"geometry":{"type":"LineString","coordinates":[[-74.06232,4.68738],[-74.06101,4.68715],[-74.06096,4.68714]]}},{"type":"Feature","properties":{"id":"121969744","nom":"Calle 102A","tipo":"tertiary"},"geometry":{"type":"LineString","coordinates":[[-74.05759,4.68927],[-74.05747,4.68923],[-74.0573,4.68919],[-74.05726,4.68917],[-74.05724,4.68914],[-74.05723,4.68912],[-74.05721,4.6891],[-74.05719,4.68906]]}},{"type":"Feature","properties":{"id":"133494909","nom":"Transversal 56A","tipo":"residential"},"geometry":{"type":"LineString","coordinates":[[-74.06434,4.6924],[-74.06436,4.69248]]}},{"type":"Feature","properties":{"id":"133494910","nom":"Transversal 56A","tipo":"residential"},"geometry":{"type":"LineString","coordinates":[[-74.06409,4.6916],[-74.06434,4.6924]]}},{"type":"Feature","properties":{"id":"151443245","nom":"Calle 71","tipo":"residential"},"geometry":{"type":"LineString","coordinates":[[-74.07953,4.67159],[-74.0797,4.67182],[-74.07999,4.67222],[-74.08022,4.67251]]}},{"type":"Feature","properties":{"id":"151443246","nom":"Carrera 57B","tipo":"residential"},"geometry":{"type":"LineString","coordinates":[[-74.07773,4.67298],[-74.07799,4.67261]]}},{"type":"Feature","properties":{"id":"164659819","nom":"Calle 95A","tipo":"residential"},"geometry":{"type":"LineString","coordinates":[[-74.07911,4.69127],[-74.07888,4.69093],[-74.07877,4.69077]]}},{"type":"Feature","properties":{"id":"164659820","nom":"Calle 96","tipo":"residential"},"geometry":{"type":"LineString","coordinates":[[-74.07847,4.69184],[-74.07844,4.6918],[-74.07843,4.69178],[-74.07818,4.69143],[-74.07784,4.69094],[-74.07782,4.69093],[-74.07763,4.69064],[-74.07758,4.69062]]}},{"type":"Feature","properties":{"id":"164659822","nom":"Calle 77","tipo":"tertiary"},"geometry":{"type":"LineString","coordinates":[[-74.08395,4.68403],[-74.08443,4.68465],[-74.08446,4.68468],[-74.08497,4.68532],[-74.08499,4.68534],[-74.08547,4.68595],[-74.0855,4.68598],[-74.08598,4.68659],[-74.08601,4.68663],[-74.08602,4.68665],[-74.08651,4.68726],[-74.08653,4.68728],[-74.08655,4.68731],[-74.08702,4.6879],[-74.08705,4.68794],[-74.08752,4.68853],[-74.08756,4.68858],[-74.08786,4.68895],[-74.08801,4.68914]]}},{"type":"Feature","properties":{"id":"164659823","nom":"Calle 79A","tipo":"residential"},"geometry":{"type":"LineString","coordinates":[[-74.08533,4.6902],[-74.08489,4.68965]]}},{"type":"Feature","properties":{"id":"172463319","nom":"Avenida Calle 72","tipo":"secondary"},"geometry":{"type":"LineString","coordinates":[[-74.08249,4.67481],[-74.08252,4.67484],[-74.08311,4.67529],[-74.08313,4.67531],[-74.08316,4.67533],[-74.08385,4.67586]]}},{"type":"Feature","properties":{"id":"172463327","nom":"Carrera 79","tipo":"residential"},"geometry":{"type":"LineString","coordinates":[[-74.08033,4.68055],[-74.07959,4.67999]]}},{"type":"Feature","properties":{"id":"172463328","nom":"Carrera 59A","tipo":"residential"},"geometry":{"type":"LineString","coordinates":[[-74.08031,4.67199],[-74.07999,4.67222]]}},{"type":"Feature","properties":{"id":"172463329","nom":"Calle 75","tipo":"residential"},"geometry":{"type":"LineString","coordinates":[[-74.08164,4.67732],[-74.08097,4.67679]]}},{"type":"Feature","properties":{"id":"172463330","nom":"Calle 75A","tipo":"residential"},"geometry":{"type":"LineString","coordinates":[[-74.07736,4.67447],[-74.07803,4.675],[-74.07872,4.67552],[-74.07938,4.67603]]}},{"type":"Feature","properties":{"id":"172463331","nom":"Calle 75A","tipo":"residential"},"geometry":{"type":"LineString","coordinates":[[-74.08068,4.67717],[-74.08135,4.67769]]}},{"type":"Feature","properties":{"id":"172463332","nom":"Calle 79A Bis","tipo":"residential"},"geometry":{"type":"LineString","coordinates":[[-74.07882,4.681],[-74.07814,4.68046]]}},{"type":"Feature","properties":{"id":"172463334","nom":"Calle 75A","tipo":"residential"},"geometry":{"type":"LineString","coordinates":[[-74.08068,4.67717],[-74.07994,4.67662],[-74.0793,4.67614]]}},{"type":"Feature","properties":{"id":"172463337","nom":"Calle 70D","tipo":"residential"},"geometry":{"type":"LineString","coordinates":[[-74.08053,4.67229],[-74.08031,4.67199],[-74.08005,4.67159]]}},{"type":"Feature","properties":{"id":"172463338","nom":"Carrera 63","tipo":"residential"},"geometry":{"type":"LineString","coordinates":[[-74.08121,4.67506],[-74.08093,4.67544],[-74.08058,4.67589]]}},{"type":"Feature","properties":{"id":"172463340","nom":"Calle 74","tipo":"residential"},"geometry":{"type":"LineString","coordinates":[[-74.08365,4.67749],[-74.08297,4.677],[-74.08229,4.67647],[-74.0816,4.67596],[-74.08093,4.67544],[-74.08025,4.67491],[-74.07958,4.67439],[-74.07888,4.67388]]}},{"type":"Feature","properties":{"id":"172463342","nom":"Calle 74A","tipo":"residential"},"geometry":{"type":"LineString","coordinates":[[-74.08133,4.67632],[-74.08201,4.67683],[-74.0827,4.67735],[-74.08337,4.67785]]}},{"type":"Feature","properties":{"id":"172463343","nom":"Calle 75A","tipo":"residential"},"geometry":{"type":"LineString","coordinates":[[-74.08225,4.6788],[-74.08267,4.67931],[-74.08274,4.6794],[-74.08292,4.67962],[-74.08341,4.68023],[-74.08346,4.68029]]}},{"type":"Feature","properties":{"id":"172463344","nom":"Calle 75","tipo":"residential"},"geometry":{"type":"LineString","coordinates":[[-74.08305,4.67827],[-74.08238,4.67777],[-74.08169,4.67725]]}},{"type":"Feature","properties":{"id":"172463345","nom":"Calle 75C","tipo":"residential"},"geometry":{"type":"LineString","coordinates":[[-74.07643,4.67459],[-74.07623,4.67444],[-74.07595,4.67424],[-74.07591,4.67421]]}},{"type":"Feature","properties":{"id":"172463346","nom":"Calle 75A Bis","tipo":"residential"},"geometry":{"type":"LineString","coordinates":[[-74.07724,4.67463],[-74.07685,4.67434],[-74.07671,4.67422],[-74.07652,4.67408],[-74.07649,4.67406],[-74.07619,4.67383],[-74.07604,4.67372],[-74.07598,4.67367]]}},{"type":"Feature","properties":{"id":"172463350","nom":"Avenida Calle 72","tipo":"secondary"},"geometry":{"type":"LineString","coordinates":[[-74.07908,4.67221],[-74.0791,4.67222],[-74.07969,4.6727],[-74.07972,4.67272],[-74.07975,4.67275]]}},{"type":"Feature","properties":{"id":"172463351","nom":"Calle 73","tipo":"residential"},"geometry":{"type":"LineString","coordinates":[[-74.07715,4.67173],[-74.07671,4.6714],[-74.07667,4.67138]]}},{"type":"Feature","properties":{"id":"172463352","nom":"Carrera 57B","tipo":"residential"},"geometry":{"type":"LineString","coordinates":[[-74.07685,4.67434],[-74.07727,4.67379]]}},{"type":"Feature","properties":{"id":"172463353","nom":"Carrera 57A","tipo":"residential"},"geometry":{"type":"LineString","coordinates":[[-74.07823,4.67154],[-74.07822,4.67156],[-74.07793,4.67194]]}},{"type":"Feature","properties":{"id":"172463354","nom":"Carrera 57","tipo":"residential"},"geometry":{"type":"LineString","coordinates":[[-74.07619,4.67383],[-74.07596,4.67414],[-74.07591,4.67421]]}},{"type":"Feature","properties":{"id":"172463355","nom":"Calle 75","tipo":"residential"},"geometry":{"type":"LineString","coordinates":[[-74.07727,4.67379],[-74.0775,4.67398]]}},{"type":"Feature","properties":{"id":"172463356","nom":"Carrera 61","tipo":"residential"},"geometry":{"type":"LineString","coordinates":[[-74.07668,4.67818],[-74.07696,4.67781],[-74.07725,4.67743],[-74.07755,4.67704],[-74.07784,4.67666],[-74.07815,4.67626],[-74.07843,4.67589],[-74.07872,4.67552],[-74.079,4.67514],[-74.07929,4.67476],[-74.07958,4.67439],[-74.07986,4.67402],[-74.08015,4.67365],[-74.08042,4.67329],[-74.08043,4.67327]]}},{"type":"Feature","properties":{"id":"172463357","nom":"Carrera 59","tipo":"residential"},"geometry":{"type":"LineString","coordinates":[[-74.0797,4.67182],[-74.08005,4.67159],[-74.08011,4.67156]]}},{"type":"Feature","properties":{"id":"173542018","nom":"Carrera 19C","tipo":"residential"},"geometry":{"type":"LineString","coordinates":[[-74.05593,4.67887],[-74.05597,4.67881],[-74.05603,4.67868],[-74.05626,4.6782]]}},{"type":"Feature","properties":{"id":"174011299","nom":"Carrera 26","tipo":"residential"},"geometry":{"type":"LineString","coordinates":[[-74.06903,4.66215],[-74.06979,4.66101],[-74.07057,4.65981],[-74.07061,4.65975]]}},{"type":"Feature","properties":{"id":"174011304","nom":"Carrera 27","tipo":"residential"},"geometry":{"type":"LineString","coordinates":[[-74.06951,4.6624],[-74.07025,4.66133],[-74.07102,4.66015],[-74.07106,4.66008]]}},{"type":"Feature","properties":{"id":"174011741","nom":"Carrera 68C","tipo":"residential"},"geometry":{"type":"LineString","coordinates":[[-74.07541,4.68936],[-74.07603,4.68888],[-74.07632,4.68866]]}},{"type":"Feature","properties":{"id":"174011742","nom":"Carrera 68D","tipo":"residential"},"geometry":{"type":"LineString","coordinates":[[-74.07319,4.69152],[-74.07471,4.69041],[-74.07512,4.69012],[-74.07541,4.6899]]}},{"type":"Feature","properties":{"id":"174011746","nom":"Calle 97A","tipo":"residential"},"geometry":{"type":"LineString","coordinates":[[-74.07631,4.69029],[-74.07633,4.69038],[-74.07687,4.69111]]}},{"type":"Feature","properties":{"id":"174011749","nom":"Carrera 68D","tipo":"residential"},"geometry":{"type":"LineString","coordinates":[[-74.07641,4.68926],[-74.07635,4.6893],[-74.07551,4.68992]]}},{"type":"Feature","properties":{"id":"174011751","nom":"Carrera 68C","tipo":"residential"},"geometry":{"type":"LineString","coordinates":[[-74.0766,4.68846],[-74.07722,4.68801]]}},{"type":"Feature","properties":{"id":"174011752","nom":"Carrera 69D","tipo":"residential"},"geometry":{"type":"LineString","coordinates":[[-74.07737,4.69201],[-74.0774,4.692],[-74.07818,4.69143],[-74.07888,4.69093]]}},{"type":"Feature","properties":{"id":"174011753","nom":"Carrera 68B","tipo":"residential"},"geometry":{"type":"LineString","coordinates":[[-74.07699,4.68755],[-74.07603,4.68826],[-74.07515,4.68892],[-74.07486,4.68913]]}},{"type":"Feature","properties":{"id":"174011755","nom":"Calle 97","tipo":"residential"},"geometry":{"type":"LineString","coordinates":[[-74.07715,4.69057],[-74.07657,4.68975]]}},{"type":"Feature","properties":{"id":"174011758","nom":"Carrera 68D","tipo":"residential"},"geometry":{"type":"LineString","coordinates":[[-74.0773,4.6886],[-74.07664,4.68909]]}},{"type":"Feature","properties":{"id":"174011760","nom":"Carrera 69B","tipo":"residential"},"geometry":{"type":"LineString","coordinates":[[-74.07758,4.69062],[-74.07753,4.69063],[-74.07687,4.69111],[-74.07648,4.69139]]}},{"type":"Feature","properties":{"id":"174011762","nom":"Calle 98 Bis","tipo":"residential"},"geometry":{"type":"LineString","coordinates":[[-74.07441,4.68913],[-74.07461,4.6894],[-74.07512,4.69012]]}},{"type":"Feature","properties":{"id":"174011763","nom":"Carrera 68B","tipo":"residential"},"geometry":{"type":"LineString","coordinates":[[-74.0742,4.68971],[-74.07461,4.6894],[-74.0749,4.68919]]}},{"type":"Feature","properties":{"id":"174011868","nom":"Carrera 48","tipo":"residential"},"geometry":{"type":"LineString","coordinates":[[-74.0593,4.69175],[-74.05939,4.69123]]}},{"type":"Feature","properties":{"id":"174011869","nom":"Calle 103B","tipo":"residential"},"geometry":{"type":"LineString","coordinates":[[-74.05816,4.691],[-74.05849,4.69107]]}},{"type":"Feature","properties":{"id":"174011871","nom":"Carrera 48","tipo":"residential"},"geometry":{"type":"LineString","coordinates":[[-74.05953,4.69021],[-74.05954,4.69023],[-74.05947,4.69067],[-74.05946,4.6907]]}},{"type":"Feature","properties":{"id":"174011874","nom":"Calle 103B","tipo":"residential"},"geometry":{"type":"LineString","coordinates":[[-74.05939,4.69123],[-74.05903,4.69117]]}},{"type":"Feature","properties":{"id":"174011876","nom":"Carrera 46","tipo":"residential"},"geometry":{"type":"LineString","coordinates":[[-74.05825,4.69049],[-74.05825,4.69046],[-74.05833,4.69]]}},{"type":"Feature","properties":{"id":"174011877","nom":"Carrera 47","tipo":"residential"},"geometry":{"type":"LineString","coordinates":[[-74.05849,4.69107],[-74.0584,4.69158]]}},{"type":"Feature","properties":{"id":"174011878","nom":"Calle 104","tipo":"residential"},"geometry":{"type":"LineString","coordinates":[[-74.0584,4.69158],[-74.05809,4.69153]]}},{"type":"Feature","properties":{"id":"174011879","nom":"Carrera 46","tipo":"residential"},"geometry":{"type":"LineString","coordinates":[[-74.05809,4.69153],[-74.05816,4.691]]}},{"type":"Feature","properties":{"id":"174011880","nom":"Carrera 47A","tipo":"residential"},"geometry":{"type":"LineString","coordinates":[[-74.05903,4.69117],[-74.05895,4.69169]]}},{"type":"Feature","properties":{"id":"174011881","nom":"Carrera 47","tipo":"residential"},"geometry":{"type":"LineString","coordinates":[[-74.05856,4.69054],[-74.05858,4.69051],[-74.05865,4.6901],[-74.05864,4.69007]]}},{"type":"Feature","properties":{"id":"174011883","nom":"Calle 103A","tipo":"residential"},"geometry":{"type":"LineString","coordinates":[[-74.05856,4.69054],[-74.05854,4.69055],[-74.05827,4.6905],[-74.05825,4.69049]]}},{"type":"Feature","properties":{"id":"174011886","nom":"Calle 103A","tipo":"residential"},"geometry":{"type":"LineString","coordinates":[[-74.05946,4.6907],[-74.05942,4.6907],[-74.05917,4.69066],[-74.05915,4.69065]]}},{"type":"Feature","properties":{"id":"174011887","nom":"Carrera 47A","tipo":"residential"},"geometry":{"type":"LineString","coordinates":[[-74.05915,4.69065],[-74.05913,4.69063],[-74.05913,4.6906],[-74.05921,4.69014],[-74.0593,4.68955]]}},{"type":"Feature","properties":{"id":"174011888","nom":"Calle 104","tipo":"residential"},"geometry":{"type":"LineString","coordinates":[[-74.05895,4.69169],[-74.0593,4.69175]]}},{"type":"Feature","properties":{"id":"174856249","nom":"","tipo":"secondary_link"},"geometry":{"type":"LineString","coordinates":[[-74.07635,4.66476],[-74.0764,4.66468],[-74.07643,4.66465],[-74.07646,4.66462],[-74.07651,4.6646],[-74.0766,4.6646],[-74.07665,4.66461],[-74.07668,4.66462],[-74.07702,4.66491],[-74.07737,4.6652],[-74.07745,4.66526]]}},{"type":"Feature","properties":{"id":"174856250","nom":"Carrera 27B","tipo":"residential"},"geometry":{"type":"LineString","coordinates":[[-74.06662,4.66879],[-74.06702,4.66819],[-74.06704,4.66816],[-74.06706,4.66813],[-74.06736,4.66766]]}},{"type":"Feature","properties":{"id":"174856251","nom":"Calle 69","tipo":"residential"},"geometry":{"type":"LineString","coordinates":[[-74.07632,4.66489],[-74.07638,4.6649],[-74.07641,4.6649],[-74.07716,4.66544]]}},{"type":"Feature","properties":{"id":"174856354","nom":"Calle 70B","tipo":"residential"},"geometry":{"type":"LineString","coordinates":[[-74.07781,4.66862],[-74.07835,4.66906],[-74.07891,4.66949],[-74.07958,4.67003]]}},{"type":"Feature","properties":{"id":"174856355","nom":"Calle 70 Bis","tipo":"residential"},"geometry":{"type":"LineString","coordinates":[[-74.07837,4.66788],[-74.07891,4.66831],[-74.07946,4.66874]]}},{"type":"Feature","properties":{"id":"178705690","nom":"Calle 70","tipo":"residential"},"geometry":{"type":"LineString","coordinates":[[-74.06822,4.65976],[-74.06882,4.66016],[-74.06884,4.66017]]}},{"type":"Feature","properties":{"id":"178705691","nom":"Calle 70A Bis","tipo":"residential"},"geometry":{"type":"LineString","coordinates":[[-74.06767,4.66066],[-74.06827,4.66104],[-74.06829,4.66106]]}},{"type":"Feature","properties":{"id":"178706165","nom":"Carrera 52","tipo":"residential"},"geometry":{"type":"LineString","coordinates":[[-74.08135,4.66077],[-74.08123,4.66094],[-74.0811,4.66111],[-74.0809,4.6614]]}},{"type":"Feature","properties":{"id":"178885632","nom":"Calle 74A","tipo":"residential"},"geometry":{"type":"LineString","coordinates":[[-74.07718,4.67316],[-74.07792,4.67372],[-74.07861,4.67425],[-74.07929,4.67476],[-74.07998,4.67526]]}},{"type":"Feature","properties":{"id":"178910580","nom":"Diagonal 74A Bis","tipo":"residential"},"geometry":{"type":"LineString","coordinates":[[-74.0693,4.66818],[-74.06924,4.66811],[-74.06918,4.66801],[-74.06898,4.66762]]}},{"type":"Feature","properties":{"id":"178910581","nom":"Calle 75B","tipo":"residential"},"geometry":{"type":"LineString","coordinates":[[-74.06987,4.66972],[-74.07006,4.66984],[-74.0704,4.67011]]}},{"type":"Feature","properties":{"id":"178910582","nom":"Carrera 27B","tipo":"residential"},"geometry":{"type":"LineString","coordinates":[[-74.06828,4.66623],[-74.06798,4.6667],[-74.0677,4.66716]]}},{"type":"Feature","properties":{"id":"179307108","nom":"Calle 86","tipo":"residential"},"geometry":{"type":"LineString","coordinates":[[-74.08205,4.69078],[-74.08211,4.69069],[-74.08213,4.6906],[-74.08211,4.69054],[-74.08207,4.69047],[-74.08201,4.6904],[-74.08143,4.68967],[-74.08123,4.68941]]}},{"type":"Feature","properties":{"id":"180330481","nom":"Avenida Carrera 30","tipo":"trunk"},"geometry":{"type":"LineString","coordinates":[[-74.06132,4.67709],[-74.06102,4.67723],[-74.06089,4.6773],[-74.06075,4.67736],[-74.06044,4.67752],[-74.06015,4.67768],[-74.06004,4.67774]]}},{"type":"Feature","properties":{"id":"180493497","nom":"","tipo":"trunk_link"},"geometry":{"type":"LineString","coordinates":[[-74.06842,4.67361],[-74.0685,4.67356],[-74.06855,4.67354],[-74.06862,4.67352],[-74.06865,4.67351],[-74.06871,4.67351],[-74.06874,4.67352],[-74.06878,4.67352],[-74.06883,4.67354],[-74.06887,4.67356],[-74.06892,4.67361],[-74.06897,4.67365],[-74.06901,4.67371],[-74.06914,4.67393],[-74.0693,4.67419],[-74.06934,4.67425],[-74.06935,4.67429],[-74.06936,4.67432],[-74.06936,4.67436],[-74.06936,4.6744],[-74.06936,4.67444],[-74.06936,4.67445]]}},{"type":"Feature","properties":{"id":"181216653","nom":"Calle 96","tipo":"residential"},"geometry":{"type":"LineString","coordinates":[[-74.06022,4.68486],[-74.05962,4.68476],[-74.05905,4.68466],[-74.05896,4.68465],[-74.0586,4.68458],[-74.05857,4.68456]]}},{"type":"Feature","properties":{"id":"182277036","nom":"Transversal 68A","tipo":"residential"},"geometry":{"type":"LineString","coordinates":[[-74.08983,4.67397],[-74.08969,4.67404],[-74.08963,4.67406],[-74.08958,4.67408],[-74.08913,4.67419],[-74.08911,4.6742],[-74.0891,4.67422],[-74.0891,4.67424],[-74.08911,4.67426]]}},{"type":"Feature","properties":{"id":"182277037","nom":"Carrera 68B","tipo":"residential"},"geometry":{"type":"LineString","coordinates":[[-74.08989,4.67438],[-74.08987,4.67435],[-74.08985,4.67433],[-74.08985,4.67431],[-74.08985,4.67428],[-74.08986,4.67426],[-74.08987,4.67424],[-74.08994,4.67418],[-74.08996,4.67416],[-74.08998,4.67415],[-74.09001,4.67415],[-74.09003,4.67416],[-74.09005,4.67418],[-74.09007,4.6742]]}},{"type":"Feature","properties":{"id":"182277043","nom":"Calle 66B","tipo":"residential"},"geometry":{"type":"LineString","coordinates":[[-74.09025,4.67474],[-74.08989,4.67438]]}},{"type":"Feature","properties":{"id":"182387002","nom":"Calle 88","tipo":"residential"},"geometry":{"type":"LineString","coordinates":[[-74.06337,4.67732],[-74.06306,4.67677],[-74.06301,4.67668]]}},{"type":"Feature","properties":{"id":"182387003","nom":"Carrera 28C","tipo":"residential"},"geometry":{"type":"LineString","coordinates":[[-74.06555,4.67371],[-74.06559,4.67345],[-74.06562,4.67324],[-74.06566,4.67296],[-74.06571,4.67264]]}},{"type":"Feature","properties":{"id":"182387004","nom":"Calle 85A Bis","tipo":"residential"},"geometry":{"type":"LineString","coordinates":[[-74.06526,4.67406],[-74.06549,4.67466],[-74.06551,4.6747],[-74.06552,4.67471],[-74.06554,4.67477]]}},{"type":"Feature","properties":{"id":"182387005","nom":"Carrera 28B","tipo":"residential"},"geometry":{"type":"LineString","coordinates":[[-74.06522,4.67256],[-74.06506,4.67363]]}},{"type":"Feature","properties":{"id":"182387006","nom":"Calle 85","tipo":"residential"},"geometry":{"type":"LineString","coordinates":[[-74.06631,4.67382],[-74.06601,4.67309]]}},{"type":"Feature","properties":{"id":"182387008","nom":"Calle 86","tipo":"residential"},"geometry":{"type":"LineString","coordinates":[[-74.06704,4.6764],[-74.06699,4.67637],[-74.06659,4.67615],[-74.06643,4.67605]]}},{"type":"Feature","properties":{"id":"182390625","nom":"Calle 93A","tipo":"residential"},"geometry":{"type":"LineString","coordinates":[[-74.05555,4.68023],[-74.05429,4.67959],[-74.05424,4.67956],[-74.05422,4.67955]]}},{"type":"Feature","properties":{"id":"182556933","nom":"Carrera 56B","tipo":"residential"},"geometry":{"type":"LineString","coordinates":[[-74.07982,4.6674],[-74.0798,4.66766],[-74.0798,4.66769],[-74.07977,4.66837],[-74.07977,4.66847]]}},{"type":"Feature","properties":{"id":"182557004","nom":"Diagonal 67 Bis","tipo":"residential"},"geometry":{"type":"LineString","coordinates":[[-74.0798,4.66769],[-74.08034,4.66771]]}},{"type":"Feature","properties":{"id":"183511479","nom":"Carrera 59","tipo":"residential"},"geometry":{"type":"LineString","coordinates":[[-74.06657,4.67939],[-74.06628,4.67988],[-74.06588,4.6805]]}},{"type":"Feature","properties":{"id":"183511482","nom":"Calle 91A","tipo":"tertiary"},"geometry":{"type":"LineString","coordinates":[[-74.06539,4.68043],[-74.06555,4.68045],[-74.06588,4.6805],[-74.0664,4.68057],[-74.06717,4.68067],[-74.06734,4.6807]]}},{"type":"Feature","properties":{"id":"183511484","nom":"Calle 91","tipo":"residential"},"geometry":{"type":"LineString","coordinates":[[-74.06717,4.68067],[-74.06628,4.67988]]}},{"type":"Feature","properties":{"id":"183512185","nom":"Calle 96","tipo":"residential"},"geometry":{"type":"LineString","coordinates":[[-74.06796,4.68497],[-74.06868,4.68535]]}},{"type":"Feature","properties":{"id":"183512187","nom":"Carrera 60D Bis","tipo":"residential"},"geometry":{"type":"LineString","coordinates":[[-74.06674,4.68564],[-74.06655,4.68666]]}},{"type":"Feature","properties":{"id":"183512189","nom":"Carrera 61","tipo":"residential"},"geometry":{"type":"LineString","coordinates":[[-74.06722,4.68578],[-74.06721,4.68585],[-74.06708,4.68667],[-74.06707,4.68675]]}},{"type":"Feature","properties":{"id":"183512190","nom":"Carrera 61","tipo":"residential"},"geometry":{"type":"LineString","coordinates":[[-74.06772,4.68602],[-74.06756,4.68683]]}},{"type":"Feature","properties":{"id":"183512192","nom":"Carrera 61A","tipo":"residential"},"geometry":{"type":"LineString","coordinates":[[-74.06623,4.68557],[-74.06609,4.6866]]}},{"type":"Feature","properties":{"id":"183796254","nom":"Calle 63F","tipo":"residential"},"geometry":{"type":"LineString","coordinates":[[-74.06966,4.65515],[-74.07019,4.65523]]}},{"type":"Feature","properties":{"id":"183874462","nom":"Calle 67A Bis A","tipo":"residential"},"geometry":{"type":"LineString","coordinates":[[-74.07916,4.66673],[-74.07909,4.66668],[-74.07871,4.66639]]}},{"type":"Feature","properties":{"id":"184284007","nom":"Transversal 58","tipo":"residential"},"geometry":{"type":"LineString","coordinates":[[-74.06598,4.69381],[-74.06601,4.69387]]}},{"type":"Feature","properties":{"id":"184284017","nom":"Calle 106A","tipo":"residential"},"geometry":{"type":"LineString","coordinates":[[-74.06588,4.69484],[-74.06639,4.69453],[-74.06679,4.69429]]}},{"type":"Feature","properties":{"id":"184285780","nom":"Calle 99","tipo":"residential"},"geometry":{"type":"LineString","coordinates":[[-74.07378,4.69071],[-74.07337,4.69012]]}},{"type":"Feature","properties":{"id":"184285787","nom":"Calle 98B","tipo":"residential"},"geometry":{"type":"LineString","coordinates":[[-74.07415,4.69041],[-74.07374,4.68985]]}},{"type":"Feature","properties":{"id":"184285796","nom":"Calle 99A","tipo":"residential"},"geometry":{"type":"LineString","coordinates":[[-74.07341,4.69095],[-74.073,4.69039]]}},{"type":"Feature","properties":{"id":"184285798","nom":"Carrera 68C","tipo":"residential"},"geometry":{"type":"LineString","coordinates":[[-74.07415,4.69041],[-74.07415,4.69043],[-74.07415,4.69045],[-74.07414,4.69046],[-74.07378,4.69071],[-74.07345,4.69096],[-74.07344,4.69096],[-74.07342,4.69096],[-74.07341,4.69095]]}},{"type":"Feature","properties":{"id":"184285801","nom":"Calle 70","tipo":"residential"},"geometry":{"type":"LineString","coordinates":[[-74.08293,4.67415],[-74.08309,4.67439],[-74.08358,4.67479]]}},{"type":"Feature","properties":{"id":"184285805","nom":"Carrera 60D Bis","tipo":"residential"},"geometry":{"type":"LineString","coordinates":[[-74.06657,4.68868],[-74.06668,4.68823]]}},{"type":"Feature","properties":{"id":"184285812","nom":"Carrera 61","tipo":"residential"},"geometry":{"type":"LineString","coordinates":[[-74.06696,4.68882],[-74.06687,4.68924],[-74.06686,4.68933]]}},{"type":"Feature","properties":{"id":"184285814","nom":"Carrera 68A","tipo":"residential"},"geometry":{"type":"LineString","coordinates":[[-74.08855,4.67437],[-74.08836,4.67468],[-74.08783,4.67561]]}},{"type":"Feature","properties":{"id":"184285816","nom":"Calle 78A","tipo":"residential"},"geometry":{"type":"LineString","coordinates":[[-74.0828,4.68602],[-74.08307,4.68636]]}},{"type":"Feature","properties":{"id":"184285818","nom":"Calle 80A","tipo":"residential"},"geometry":{"type":"LineString","coordinates":[[-74.08226,4.68857],[-74.08167,4.68784],[-74.08155,4.68771],[-74.08125,4.68732]]}},{"type":"Feature","properties":{"id":"184285822","nom":"Carrera 69A","tipo":"residential"},"geometry":{"type":"LineString","coordinates":[[-74.08295,4.68646],[-74.08307,4.68636]]}},{"type":"Feature","properties":{"id":"184285824","nom":"Calle 78 Bis","tipo":"residential"},"geometry":{"type":"LineString","coordinates":[[-74.08352,4.68601],[-74.08376,4.68632]]}},{"type":"Feature","properties":{"id":"188692109","nom":"Calle 79B","tipo":"residential"},"geometry":{"type":"LineString","coordinates":[[-74.06914,4.67393],[-74.06952,4.67417],[-74.0696,4.67422]]}},{"type":"Feature","properties":{"id":"188692612","nom":"Calle 72","tipo":"residential"},"geometry":{"type":"LineString","coordinates":[[-74.0738,4.66829],[-74.07383,4.66827],[-74.07385,4.66827],[-74.07387,4.66827],[-74.07389,4.66827],[-74.07392,4.66828],[-74.07394,4.66829],[-74.07396,4.6683],[-74.0743,4.66858],[-74.07435,4.66861],[-74.07439,4.66863],[-74.07445,4.66865],[-74.07451,4.66867]]}},{"type":"Feature","properties":{"id":"188692614","nom":"Calle 72","tipo":"residential"},"geometry":{"type":"LineString","coordinates":[[-74.07453,4.6685],[-74.07405,4.66813],[-74.07403,4.66811],[-74.07402,4.66808],[-74.07402,4.66805],[-74.07403,4.66802]]}},{"type":"Feature","properties":{"id":"196725712","nom":"Carrera 56B","tipo":"residential"},"geometry":{"type":"LineString","coordinates":[[-74.08193,4.66459],[-74.08231,4.66404]]}},{"type":"Feature","properties":{"id":"199523194","nom":"Calle 98","tipo":"tertiary"},"geometry":{"type":"LineString","coordinates":[[-74.07279,4.68651],[-74.07284,4.68652],[-74.07287,4.68654],[-74.0729,4.68657],[-74.07293,4.6866],[-74.07304,4.68675],[-74.07345,4.68729],[-74.07346,4.68731],[-74.07368,4.6876],[-74.07383,4.68781],[-74.07385,4.68784],[-74.07386,4.68787],[-74.07388,4.68792]]}},{"type":"Feature","properties":{"id":"199523430","nom":"Carrera 68A","tipo":"tertiary"},"geometry":{"type":"LineString","coordinates":[[-74.07167,4.68936],[-74.07171,4.68938],[-74.07175,4.6894],[-74.07178,4.68944],[-74.0718,4.68948],[-74.07181,4.68953],[-74.07181,4.68958],[-74.07179,4.68969]]}},{"type":"Feature","properties":{"id":"199524074","nom":"Transversal 63A","tipo":"residential"},"geometry":{"type":"LineString","coordinates":[[-74.07567,4.68423],[-74.07548,4.68355]]}},{"type":"Feature","properties":{"id":"199524075","nom":"Calle 89","tipo":"residential"},"geometry":{"type":"LineString","coordinates":[[-74.07507,4.68422],[-74.07567,4.68423]]}},{"type":"Feature","properties":{"id":"200240991","nom":"Avenida Calle 72","tipo":"secondary"},"geometry":{"type":"LineString","coordinates":[[-74.0587,4.65728],[-74.05875,4.65731],[-74.06036,4.65841]]}},{"type":"Feature","properties":{"id":"200337859","nom":"Avenida Calle 72","tipo":"secondary"},"geometry":{"type":"LineString","coordinates":[[-74.06463,4.66138],[-74.06466,4.6614],[-74.06573,4.66215],[-74.0661,4.6624],[-74.06635,4.66258],[-74.06638,4.6626]]}},{"type":"Feature","properties":{"id":"200746027","nom":"Avenida Carrera 50","tipo":"tertiary"},"geometry":{"type":"LineString","coordinates":[[-74.06172,4.68525],[-74.06213,4.68458],[-74.06227,4.68435],[-74.06232,4.68429]]}},{"type":"Feature","properties":{"id":"200746941","nom":"Avenida Calle 72","tipo":"secondary"},"geometry":{"type":"LineString","coordinates":[[-74.0705,4.66566],[-74.07085,4.66592],[-74.07088,4.66594],[-74.07094,4.66599]]}},{"type":"Feature","properties":{"id":"200746944","nom":"Carrera 28","tipo":"tertiary"},"geometry":{"type":"LineString","coordinates":[[-74.06519,4.67101],[-74.06515,4.67109],[-74.06509,4.6712]]}},{"type":"Feature","properties":{"id":"208225694","nom":"Calle 90","tipo":"residential"},"geometry":{"type":"LineString","coordinates":[[-74.06572,4.67913],[-74.06577,4.67914],[-74.06614,4.6792]]}},{"type":"Feature","properties":{"id":"208225696","nom":"Calle 91B","tipo":"residential"},"geometry":{"type":"LineString","coordinates":[[-74.06732,4.6809],[-74.06826,4.68103]]}},{"type":"Feature","properties":{"id":"224386231","nom":"Avenida Calle 72","tipo":"secondary"},"geometry":{"type":"LineString","coordinates":[[-74.07913,4.67214],[-74.07911,4.67213],[-74.07863,4.67174]]}},{"type":"Feature","properties":{"id":"225050233","nom":"Calle 103","tipo":"residential"},"geometry":{"type":"LineString","coordinates":[[-74.07097,4.69238],[-74.07104,4.69246],[-74.07136,4.69288],[-74.07171,4.69338]]}},{"type":"Feature","properties":{"id":"229890447","nom":"Calle 104B","tipo":"residential"},"geometry":{"type":"LineString","coordinates":[[-74.05908,4.6929],[-74.05966,4.69298]]}},{"type":"Feature","properties":{"id":"229890448","nom":"Carrera 48","tipo":"residential"},"geometry":{"type":"LineString","coordinates":[[-74.05904,4.69313],[-74.05908,4.6929]]}},{"type":"Feature","properties":{"id":"233928080","nom":"Avenida Calle 72","tipo":"secondary"},"geometry":{"type":"LineString","coordinates":[[-74.08708,4.67903],[-74.08686,4.6788],[-74.08674,4.67865],[-74.08671,4.67861],[-74.08667,4.67856],[-74.08641,4.67818]]}},{"type":"Feature","properties":{"id":"234719438","nom":"Calle 108","tipo":"residential"},"geometry":{"type":"LineString","coordinates":[[-74.07039,4.6934],[-74.07002,4.69357],[-74.06963,4.69375]]}},{"type":"Feature","properties":{"id":"234719439","nom":"Calle 110","tipo":"residential"},"geometry":{"type":"LineString","coordinates":[[-74.06986,4.6941],[-74.07009,4.69464]]}},{"type":"Feature","properties":{"id":"234719440","nom":"Calle 106","tipo":"residential"},"geometry":{"type":"LineString","coordinates":[[-74.0694,4.69286],[-74.06987,4.69304]]}},{"type":"Feature","properties":{"id":"241818415","nom":"Carrera 65","tipo":"residential"},"geometry":{"type":"LineString","coordinates":[[-74.06953,4.68853],[-74.06971,4.68817],[-74.07018,4.68726],[-74.07063,4.68635],[-74.07071,4.6862],[-74.07109,4.68545]]}},{"type":"Feature","properties":{"id":"243014102","nom":"Calle 95","tipo":"residential"},"geometry":{"type":"LineString","coordinates":[[-74.06834,4.6846],[-74.06891,4.68491]]}},{"type":"Feature","properties":{"id":"243015956","nom":"Carrera 65A","tipo":"residential"},"geometry":{"type":"LineString","coordinates":[[-74.07053,4.6879],[-74.07029,4.68846],[-74.06986,4.68942],[-74.06982,4.68952]]}},{"type":"Feature","properties":{"id":"246247643","nom":"Calle 82","tipo":"residential"},"geometry":{"type":"LineString","coordinates":[[-74.06096,4.66973],[-74.06053,4.66966],[-74.06046,4.66965]]}},{"type":"Feature","properties":{"id":"246247645","nom":"Calle 85A","tipo":"residential"},"geometry":{"type":"LineString","coordinates":[[-74.06738,4.67584],[-74.06734,4.67584],[-74.06731,4.67583],[-74.06729,4.67583],[-74.06726,4.67581],[-74.06723,4.6758],[-74.0667,4.67548],[-74.0666,4.67542],[-74.06651,4.67536],[-74.06647,4.67532],[-74.06643,4.67527],[-74.06641,4.67524],[-74.06637,4.67518],[-74.0663,4.67503],[-74.06629,4.675],[-74.06628,4.67496],[-74.06628,4.67493],[-74.06628,4.6749],[-74.06629,4.67488],[-74.06629,4.67487],[-74.06631,4.67483],[-74.06634,4.67475]]}},{"type":"Feature","properties":{"id":"246753783","nom":"Calle 94C","tipo":"residential"},"geometry":{"type":"LineString","coordinates":[[-74.06495,4.68489],[-74.06518,4.68496],[-74.06539,4.68499]]}},{"type":"Feature","properties":{"id":"249087721","nom":"Calle 85A","tipo":"residential"},"geometry":{"type":"LineString","coordinates":[[-74.06624,4.67397],[-74.06588,4.67417]]}},{"type":"Feature","properties":{"id":"249087729","nom":"Calle 84","tipo":"residential"},"geometry":{"type":"LineString","coordinates":[[-74.05905,4.67049],[-74.05893,4.67042],[-74.05853,4.67022]]}},{"type":"Feature","properties":{"id":"249087731","nom":"Carrera 16","tipo":"residential"},"geometry":{"type":"LineString","coordinates":[[-74.05935,4.66359],[-74.05943,4.66344],[-74.05956,4.66321],[-74.0596,4.66317]]}},{"type":"Feature","properties":{"id":"249087732","nom":"Carrera 16","tipo":"residential"},"geometry":{"type":"LineString","coordinates":[[-74.06034,4.66239],[-74.06031,4.66245],[-74.05981,4.6632],[-74.05977,4.66327]]}},{"type":"Feature","properties":{"id":"249087733","nom":"Carrera 18","tipo":"residential"},"geometry":{"type":"LineString","coordinates":[[-74.06053,4.66414],[-74.06066,4.66389],[-74.06069,4.66386]]}},{"type":"Feature","properties":{"id":"276148474","nom":"Carrera 12","tipo":"residential"},"geometry":{"type":"LineString","coordinates":[[-74.06111,4.65571],[-74.06076,4.65631]]}},{"type":"Feature","properties":{"id":"276148475","nom":"Carrera 13","tipo":"residential"},"geometry":{"type":"LineString","coordinates":[[-74.06097,4.65725],[-74.06066,4.6577],[-74.06062,4.65777]]}},{"type":"Feature","properties":{"id":"276148476","nom":"","tipo":"secondary_link"},"geometry":{"type":"LineString","coordinates":[[-74.06173,4.65898],[-74.06167,4.65897],[-74.06163,4.65896],[-74.06161,4.65896],[-74.06155,4.65894],[-74.06152,4.65893],[-74.06149,4.65892],[-74.06068,4.65837],[-74.06047,4.65825]]}},{"type":"Feature","properties":{"id":"276531472","nom":"","tipo":"trunk_link"},"geometry":{"type":"LineString","coordinates":[[-74.05665,4.6888],[-74.05659,4.68905],[-74.05653,4.68921],[-74.05653,4.68922],[-74.05645,4.68947]]}},{"type":"Feature","properties":{"id":"276534788","nom":"Carrera 20","tipo":"residential"},"geometry":{"type":"LineString","coordinates":[[-74.05869,4.67593],[-74.0586,4.67607],[-74.05837,4.67661],[-74.05815,4.67708]]}},{"type":"Feature","properties":{"id":"282183809","nom":"","tipo":"secondary_link"},"geometry":{"type":"LineString","coordinates":[[-74.07298,4.66718],[-74.07292,4.66718],[-74.07288,4.66718],[-74.07285,4.66716],[-74.07251,4.6669]]}},{"type":"Feature","properties":{"id":"282185174","nom":"","tipo":"residential"},"geometry":{"type":"LineString","coordinates":[[-74.07236,4.6661],[-74.07239,4.66612],[-74.07243,4.66612],[-74.07247,4.66611],[-74.0725,4.66608],[-74.07252,4.66605],[-74.07252,4.66601],[-74.07251,4.66597],[-74.07249,4.66594],[-74.07245,4.66592],[-74.07241,4.66591],[-74.07237,4.66592],[-74.07234,4.66595],[-74.07232,4.66598],[-74.07232,4.66603],[-74.07233,4.66607],[-74.07236,4.6661]]}},{"type":"Feature","properties":{"id":"282185177","nom":"Carrera 29A","tipo":"residential"},"geometry":{"type":"LineString","coordinates":[[-74.07197,4.6666],[-74.07201,4.66655],[-74.07236,4.6661]]}},{"type":"Feature","properties":{"id":"282326393","nom":"Carrera 20A Bis","tipo":"residential"},"geometry":{"type":"LineString","coordinates":[[-74.06244,4.66244],[-74.06243,4.66246],[-74.06222,4.6628]]}},{"type":"Feature","properties":{"id":"282326395","nom":"Carrera 22","tipo":"residential"},"geometry":{"type":"LineString","coordinates":[[-74.06467,4.66453],[-74.06465,4.66457],[-74.0644,4.66496],[-74.06437,4.66501]]}},{"type":"Feature","properties":{"id":"282340553","nom":"Carrera 21A","tipo":"residential"},"geometry":{"type":"LineString","coordinates":[[-74.06115,4.67017],[-74.06123,4.66977]]}},{"type":"Feature","properties":{"id":"282340554","nom":"Carrera 21","tipo":"residential"},"geometry":{"type":"LineString","coordinates":[[-74.06096,4.66973],[-74.06102,4.66932],[-74.06097,4.66927]]}},{"type":"Feature","properties":{"id":"283004782","nom":"Carrera 62A","tipo":"residential"},"geometry":{"type":"LineString","coordinates":[[-74.07568,4.68218],[-74.07582,4.68181]]}},{"type":"Feature","properties":{"id":"283004790","nom":"Carrera 59","tipo":"residential"},"geometry":{"type":"LineString","coordinates":[[-74.06587,4.68288],[-74.06598,4.68209]]}},{"type":"Feature","properties":{"id":"283019981","nom":"Calle 83","tipo":"residential"},"geometry":{"type":"LineString","coordinates":[[-74.07442,4.68042],[-74.07478,4.68057]]}},{"type":"Feature","properties":{"id":"320388549","nom":"Calle 98","tipo":"residential"},"geometry":{"type":"LineString","coordinates":[[-74.07733,4.69284],[-74.07792,4.69359],[-74.0782,4.69391],[-74.07832,4.69406],[-74.07864,4.69444],[-74.0787,4.69452]]}},{"type":"Feature","properties":{"id":"331124449","nom":"Calle 86A Bis","tipo":"residential"},"geometry":{"type":"LineString","coordinates":[[-74.05515,4.67184],[-74.05491,4.67172]]}},{"type":"Feature","properties":{"id":"341209367","nom":"Avenida Carrera 7","tipo":"primary"},"geometry":{"type":"LineString","coordinates":[[-74.05529,4.65486],[-74.05527,4.65492],[-74.05523,4.65505],[-74.05519,4.65517],[-74.05516,4.65526],[-74.05511,4.65536],[-74.05505,4.65549],[-74.05499,4.65563],[-74.05494,4.65572],[-74.05489,4.6558],[-74.05476,4.65601],[-74.05468,4.65613],[-74.0546,4.65624],[-74.05451,4.65637],[-74.05443,4.65649],[-74.05426,4.65674],[-74.05404,4.65706],[-74.05389,4.65728],[-74.05382,4.65738],[-74.05342,4.65796],[-74.05334,4.65808],[-74.05319,4.6583],[-74.05304,4.65849],[-74.05298,4.65855],[-74.05294,4.6586],[-74.05282,4.65873]]}},{"type":"Feature","properties":{"id":"343732312","nom":"Avenida Calle 68","tipo":"secondary"},"geometry":{"type":"LineString","coordinates":[[-74.06966,4.65907],[-74.0697,4.6591],[-74.07005,4.65935],[-74.07015,4.65942],[-74.07035,4.65956],[-74.07057,4.65973],[-74.07061,4.65975],[-74.07106,4.66008],[-74.07112,4.66013],[-74.07152,4.66041],[-74.07171,4.66055],[-74.07199,4.66075],[-74.07229,4.66097],[-74.07242,4.66107],[-74.0726,4.66119],[-74.07276,4.66131],[-74.0728,4.66134],[-74.07286,4.66138],[-74.07326,4.66167],[-74.07329,4.66169],[-74.07335,4.66174]]}},{"type":"Feature","properties":{"id":"345509496","nom":"","tipo":"secondary_link"},"geometry":{"type":"LineString","coordinates":[[-74.08658,4.66433],[-74.08654,4.66426],[-74.08646,4.66421],[-74.08636,4.66419],[-74.08632,4.66419],[-74.08627,4.66419]]}},{"type":"Feature","properties":{"id":"347640073","nom":"Carrera 23","tipo":"residential"},"geometry":{"type":"LineString","coordinates":[[-74.06186,4.6754],[-74.06187,4.67534],[-74.06193,4.675]]}},{"type":"Feature","properties":{"id":"352406351","nom":"Avenida Calle 72","tipo":"secondary"},"geometry":{"type":"LineString","coordinates":[[-74.0671,4.66296],[-74.06707,4.66295],[-74.06658,4.6626],[-74.06653,4.66257],[-74.06648,4.66254],[-74.06644,4.66251],[-74.06635,4.66245],[-74.06609,4.66227],[-74.06601,4.66221],[-74.0658,4.66207],[-74.06541,4.66179],[-74.06521,4.66166]]}},{"type":"Feature","properties":{"id":"352406353","nom":"Carrera 19","tipo":"tertiary"},"geometry":{"type":"LineString","coordinates":[[-74.06481,4.65951],[-74.06483,4.65948],[-74.06506,4.65913],[-74.06508,4.65909],[-74.06535,4.6587],[-74.06537,4.65866],[-74.06565,4.65822],[-74.06588,4.65786],[-74.0659,4.65782],[-74.06593,4.65777],[-74.06621,4.65735],[-74.06646,4.65698],[-74.06648,4.65694],[-74.06651,4.65689]]}},{"type":"Feature","properties":{"id":"352406354","nom":"Avenida Calle 72","tipo":"secondary"},"geometry":{"type":"LineString","coordinates":[[-74.06468,4.66129],[-74.06463,4.66125],[-74.06407,4.66086],[-74.06403,4.66083],[-74.06399,4.6608]]}},{"type":"Feature","properties":{"id":"352406367","nom":"Avenida Calle 72","tipo":"secondary"},"geometry":{"type":"LineString","coordinates":[[-74.06718,4.66303],[-74.0671,4.66296]]}},{"type":"Feature","properties":{"id":"352406369","nom":"Carrera 26","tipo":"residential"},"geometry":{"type":"LineString","coordinates":[[-74.06864,4.6628],[-74.06808,4.66362],[-74.06804,4.66367]]}},{"type":"Feature","properties":{"id":"352406382","nom":"Carrera 28B","tipo":"residential"},"geometry":{"type":"LineString","coordinates":[[-74.07384,4.66209],[-74.0738,4.66213],[-74.07292,4.66332],[-74.07241,4.66401],[-74.07193,4.66466],[-74.07167,4.66502],[-74.07143,4.66533]]}},{"type":"Feature","properties":{"id":"352406389","nom":"Avenida Calle 72","tipo":"secondary"},"geometry":{"type":"LineString","coordinates":[[-74.07501,4.66896],[-74.07454,4.66859],[-74.07415,4.66828]]}},{"type":"Feature","properties":{"id":"352414723","nom":"Avenida Carrera 45","tipo":"trunk"},"geometry":{"type":"LineString","coordinates":[[-74.05733,4.68403],[-74.05721,4.68479],[-74.0572,4.68484],[-74.0572,4.6849],[-74.0572,4.685],[-74.0572,4.68519],[-74.05719,4.68531],[-74.05718,4.68541],[-74.05714,4.68565],[-74.05711,4.68588],[-74.05707,4.68612]]}},{"type":"Feature","properties":{"id":"352414724","nom":"Avenida Carrera 45","tipo":"trunk"},"geometry":{"type":"LineString","coordinates":[[-74.05682,4.68786],[-74.0568,4.68841],[-74.05678,4.68877]]}},{"type":"Feature","properties":{"id":"352415129","nom":"Avenida Carrera 20","tipo":"secondary"},"geometry":{"type":"LineString","coordinates":[[-74.05824,4.67826],[-74.0582,4.67837],[-74.05816,4.67846],[-74.05812,4.67853],[-74.05807,4.67857],[-74.05802,4.67861],[-74.05797,4.67863],[-74.05792,4.67865]]}},{"type":"Feature","properties":{"id":"352417695","nom":"Carrera 10","tipo":"residential"},"geometry":{"type":"LineString","coordinates":[[-74.05763,4.65653],[-74.05765,4.65649],[-74.05766,4.65643],[-74.05767,4.65637],[-74.05766,4.65633]]}},{"type":"Feature","properties":{"id":"352419384","nom":"Diagonal 74 Bis","tipo":"residential"},"geometry":{"type":"LineString","coordinates":[[-74.06139,4.66354],[-74.06194,4.6635],[-74.06204,4.66349],[-74.06211,4.66349],[-74.06237,4.66347]]}},{"type":"Feature","properties":{"id":"352420575","nom":"Carrera 12","tipo":"residential"},"geometry":{"type":"LineString","coordinates":[[-74.06086,4.65638],[-74.06122,4.65579]]}},{"type":"Feature","properties":{"id":"354386320","nom":"Carrera 13","tipo":"residential"},"geometry":{"type":"LineString","coordinates":[[-74.0572,4.66332],[-74.05756,4.66274]]}},{"type":"Feature","properties":{"id":"358280883","nom":"Carrera 69C","tipo":"residential"},"geometry":{"type":"LineString","coordinates":[[-74.07676,4.69178],[-74.07757,4.69119],[-74.07763,4.69118]]}},{"type":"Feature","properties":{"id":"358284555","nom":"Calle 100","tipo":"tertiary"},"geometry":{"type":"LineString","coordinates":[[-74.07245,4.69079],[-74.0725,4.69086],[-74.07262,4.69104],[-74.07337,4.69206],[-74.07338,4.69211],[-74.07337,4.69215]]}},{"type":"Feature","properties":{"id":"358284556","nom":"Calle 100","tipo":"tertiary"},"geometry":{"type":"LineString","coordinates":[[-74.07259,4.69069],[-74.07238,4.69041],[-74.07231,4.69031],[-74.07192,4.68981],[-74.07187,4.68975],[-74.07179,4.68969]]}},{"type":"Feature","properties":{"id":"358285693","nom":"Carrera 67A","tipo":"tertiary"},"geometry":{"type":"LineString","coordinates":[[-74.07267,4.68699],[-74.07274,4.68679],[-74.07277,4.68666],[-74.07279,4.68651],[-74.0728,4.68639],[-74.0728,4.68632],[-74.07281,4.68627]]}},{"type":"Feature","properties":{"id":"365260447","nom":"Calle 71B","tipo":"residential"},"geometry":{"type":"LineString","coordinates":[[-74.07053,4.6642],[-74.07075,4.66437],[-74.0712,4.66469]]}},{"type":"Feature","properties":{"id":"365260449","nom":"Calle 71B","tipo":"residential"},"geometry":{"type":"LineString","coordinates":[[-74.07167,4.66502],[-74.0714,4.66483]]}},{"type":"Feature","properties":{"id":"366401397","nom":"Calle 82","tipo":"secondary"},"geometry":{"type":"LineString","coordinates":[[-74.05635,4.66779],[-74.0563,4.66776],[-74.05589,4.66751],[-74.05563,4.66735],[-74.05547,4.66725],[-74.05494,4.66693],[-74.05492,4.66692],[-74.05491,4.66691],[-74.05489,4.6669],[-74.05413,4.66644]]}},{"type":"Feature","properties":{"id":"369685474","nom":"","tipo":"primary_link"},"geometry":{"type":"LineString","coordinates":[[-74.05831,4.67822],[-74.05824,4.67844],[-74.0582,4.67854],[-74.05815,4.67862],[-74.05806,4.67876],[-74.05797,4.67888],[-74.05793,4.67893]]}},{"type":"Feature","properties":{"id":"375276916","nom":"Calle 75","tipo":"residential"},"geometry":{"type":"LineString","coordinates":[[-74.06194,4.66343],[-74.06204,4.66349],[-74.06226,4.66364],[-74.06231,4.66367],[-74.06299,4.66411],[-74.06304,4.66415]]}},{"type":"Feature","properties":{"id":"375276921","nom":"Carrera 47","tipo":"residential"},"geometry":{"type":"LineString","coordinates":[[-74.06008,4.682],[-74.06007,4.68205],[-74.06004,4.68225],[-74.05992,4.68295],[-74.05987,4.68325],[-74.05978,4.68382],[-74.05977,4.68386]]}},{"type":"Feature","properties":{"id":"375276925","nom":"Calle 106","tipo":"tertiary"},"geometry":{"type":"LineString","coordinates":[[-74.06344,4.69471],[-74.06278,4.6947],[-74.06273,4.6947]]}},{"type":"Feature","properties":{"id":"375277076","nom":"Avenida Calle 72","tipo":"secondary"},"geometry":{"type":"LineString","coordinates":[[-74.07975,4.67275],[-74.08043,4.67327],[-74.08111,4.67379],[-74.08153,4.67411],[-74.08168,4.67422],[-74.08242,4.67476],[-74.08245,4.67479],[-74.08249,4.67481]]}},{"type":"Feature","properties":{"id":"375277077","nom":"Avenida Calle 72","tipo":"secondary"},"geometry":{"type":"LineString","coordinates":[[-74.07411,4.66834],[-74.07451,4.66867],[-74.07496,4.66902],[-74.07505,4.66909],[-74.07545,4.6694],[-74.07548,4.66943],[-74.0755,4.66944]]}},{"type":"Feature","properties":{"id":"375277078","nom":"Avenida Calle 72","tipo":"secondary"},"geometry":{"type":"LineString","coordinates":[[-74.0755,4.66944],[-74.07552,4.66946],[-74.07604,4.66984],[-74.07623,4.66997],[-74.07627,4.67001]]}},{"type":"Feature","properties":{"id":"375277079","nom":"Avenida Calle 72","tipo":"secondary"},"geometry":{"type":"LineString","coordinates":[[-74.07665,4.67028],[-74.07668,4.67031],[-74.07712,4.67066],[-74.07767,4.67109],[-74.07823,4.67154],[-74.07848,4.67173],[-74.07903,4.67217],[-74.07906,4.67219],[-74.07908,4.67221]]}},{"type":"Feature","properties":{"id":"375277081","nom":"Carrera 19C","tipo":"residential"},"geometry":{"type":"LineString","coordinates":[[-74.05634,4.67804],[-74.05638,4.67795],[-74.05642,4.67788]]}},{"type":"Feature","properties":{"id":"375277121","nom":"Avenida Calle 72","tipo":"secondary"},"geometry":{"type":"LineString","coordinates":[[-74.06704,4.66305],[-74.06712,4.66312]]}},{"type":"Feature","properties":{"id":"375277124","nom":"Avenida Calle 72","tipo":"secondary"},"geometry":{"type":"LineString","coordinates":[[-74.06798,4.66376],[-74.06839,4.66407],[-74.06857,4.6642],[-74.06881,4.66439],[-74.06903,4.66455],[-74.06924,4.66471],[-74.06966,4.66503],[-74.06999,4.66527],[-74.07002,4.6653],[-74.07005,4.66532]]}},{"type":"Feature","properties":{"id":"375277134","nom":"Avenida Calle 72","tipo":"secondary"},"geometry":{"type":"LineString","coordinates":[[-74.08322,4.67526],[-74.08319,4.67523],[-74.08262,4.67481],[-74.08258,4.67478],[-74.08254,4.67475],[-74.0825,4.67472],[-74.08176,4.67417],[-74.08111,4.67368]]}},{"type":"Feature","properties":{"id":"375277364","nom":"Carrera 49","tipo":"residential"},"geometry":{"type":"LineString","coordinates":[[-74.06219,4.67911],[-74.0622,4.67915],[-74.06192,4.68082],[-74.06191,4.68087]]}},{"type":"Feature","properties":{"id":"375278972","nom":"Calle 93","tipo":"tertiary"},"geometry":{"type":"LineString","coordinates":[[-74.05866,4.68032],[-74.05872,4.68033],[-74.05919,4.68041],[-74.05924,4.68042]]}},{"type":"Feature","properties":{"id":"375278973","nom":"Calle 93","tipo":"tertiary"},"geometry":{"type":"LineString","coordinates":[[-74.06087,4.68069],[-74.06133,4.68077],[-74.06138,4.68078]]}},{"type":"Feature","properties":{"id":"375278995","nom":"Avenida Calle 72","tipo":"secondary"},"geometry":{"type":"LineString","coordinates":[[-74.07012,4.66524],[-74.07009,4.66521],[-74.06972,4.66494]]}},{"type":"Feature","properties":{"id":"381869180","nom":"Calle 70","tipo":"residential"},"geometry":{"type":"LineString","coordinates":[[-74.06888,4.66032],[-74.06892,4.66035],[-74.06935,4.66069],[-74.06979,4.66101]]}},{"type":"Feature","properties":{"id":"381869181","nom":"Carrera 25","tipo":"residential"},"geometry":{"type":"LineString","coordinates":[[-74.07015,4.65942],[-74.07011,4.65948],[-74.06935,4.66069],[-74.06857,4.66186]]}},{"type":"Feature","properties":{"id":"381880214","nom":"Carrera 26","tipo":"residential"},"geometry":{"type":"LineString","coordinates":[[-74.06756,4.66436],[-74.06796,4.66379],[-74.06798,4.66376]]}},{"type":"Feature","properties":{"id":"381880216","nom":"Carrera 27","tipo":"residential"},"geometry":{"type":"LineString","coordinates":[[-74.06727,4.66558],[-74.0672,4.66568],[-74.06699,4.66604],[-74.06668,4.66651],[-74.06635,4.66701],[-74.06605,4.66747],[-74.06603,4.66751],[-74.06601,4.66753],[-74.06561,4.66815],[-74.06514,4.66888]]}},{"type":"Feature","properties":{"id":"383220912","nom":"Calle 94C","tipo":"tertiary"},"geometry":{"type":"LineString","coordinates":[[-74.06321,4.68385],[-74.06326,4.68386],[-74.0633,4.68387],[-74.06346,4.68395],[-74.06416,4.6844]]}},{"type":"Feature","properties":{"id":"385021681","nom":"Carrera 28C","tipo":"residential"},"geometry":{"type":"LineString","coordinates":[[-74.06588,4.67417],[-74.06598,4.67442],[-74.06601,4.67451]]}},{"type":"Feature","properties":{"id":"385765540","nom":"Carrera 53","tipo":"residential"},"geometry":{"type":"LineString","coordinates":[[-74.07603,4.66878],[-74.07602,4.66883],[-74.0756,4.66931],[-74.07557,4.66935],[-74.07555,4.66938]]}},{"type":"Feature","properties":{"id":"386281322","nom":"Calle 65","tipo":"residential"},"geometry":{"type":"LineString","coordinates":[[-74.06979,4.65562],[-74.07006,4.65581],[-74.07063,4.65621],[-74.07114,4.65657],[-74.07117,4.65659]]}},{"type":"Feature","properties":{"id":"390463524","nom":"","tipo":"trunk_link"},"geometry":{"type":"LineString","coordinates":[[-74.05958,4.67762],[-74.05958,4.67767],[-74.05958,4.67773],[-74.05957,4.67779],[-74.05955,4.67784],[-74.05951,4.67792],[-74.05946,4.67799],[-74.05942,4.67804],[-74.05937,4.67809],[-74.05931,4.67814],[-74.05923,4.67819],[-74.05898,4.67837]]}},{"type":"Feature","properties":{"id":"402770928","nom":"Calle 73A Bis","tipo":"residential"},"geometry":{"type":"LineString","coordinates":[[-74.08797,4.68398],[-74.0881,4.68413]]}},{"type":"Feature","properties":{"id":"402770929","nom":"Carrera 69I","tipo":"residential"},"geometry":{"type":"LineString","coordinates":[[-74.0881,4.68413],[-74.08768,4.68446]]}},{"type":"Feature","properties":{"id":"403472299","nom":"Calle 100","tipo":"residential"},"geometry":{"type":"LineString","coordinates":[[-74.05519,4.68699],[-74.05527,4.687],[-74.05542,4.68703],[-74.05555,4.68705]]}},{"type":"Feature","properties":{"id":"404784857","nom":"Carrera 67","tipo":"residential"},"geometry":{"type":"LineString","coordinates":[[-74.08523,4.67691],[-74.08521,4.67693],[-74.08493,4.67728],[-74.08464,4.67764]]}},{"type":"Feature","properties":{"id":"405136214","nom":"Carrera 57B Bis","tipo":"residential"},"geometry":{"type":"LineString","coordinates":[[-74.0791,4.67112],[-74.07865,4.67171],[-74.07863,4.67174]]}},{"type":"Feature","properties":{"id":"414897562","nom":"Avenida Carrera 24","tipo":"secondary"},"geometry":{"type":"LineString","coordinates":[[-74.06483,4.6665],[-74.06476,4.66659],[-74.06468,4.6667],[-74.06428,4.66729],[-74.06383,4.66801]]}},{"type":"Feature","properties":{"id":"472038862","nom":"Carrera 21","tipo":"residential"},"geometry":{"type":"LineString","coordinates":[[-74.06121,4.66679],[-74.06105,4.6678]]}},{"type":"Feature","properties":{"id":"472166699","nom":"Avenida Carrera 30","tipo":"trunk"},"geometry":{"type":"LineString","coordinates":[[-74.06669,4.67454],[-74.06693,4.67444],[-74.06708,4.67437],[-74.06739,4.67425],[-74.06753,4.67418],[-74.0676,4.67415],[-74.06765,4.67411],[-74.06771,4.67407],[-74.06776,4.67402],[-74.06782,4.67396],[-74.06792,4.67385],[-74.06796,4.67381],[-74.06801,4.67376],[-74.06837,4.6735],[-74.0685,4.6734],[-74.06875,4.67319]]}},{"type":"Feature","properties":{"id":"472166700","nom":"Avenida Carrera 30","tipo":"trunk"},"geometry":{"type":"LineString","coordinates":[[-74.06884,4.67261],[-74.06813,4.67309],[-74.06786,4.67327],[-74.06754,4.67347],[-74.06738,4.67357],[-74.06727,4.67363],[-74.06712,4.67373]]}},{"type":"Feature","properties":{"id":"479966559","nom":"","tipo":"primary_link"},"geometry":{"type":"LineString","coordinates":[[-74.0562,4.68015],[-74.05576,4.68034],[-74.05559,4.68043]]}},{"type":"Feature","properties":{"id":"479966782","nom":"","tipo":"primary_link"},"geometry":{"type":"LineString","coordinates":[[-74.05525,4.6811],[-74.05526,4.68107],[-74.05527,4.68104],[-74.0553,4.68101],[-74.05559,4.68087],[-74.05584,4.68072]]}},{"type":"Feature","properties":{"id":"500285368","nom":"Carrera 68G","tipo":"residential"},"geometry":{"type":"LineString","coordinates":[[-74.08072,4.68556],[-74.08158,4.68485]]}},{"type":"Feature","properties":{"id":"500285370","nom":"","tipo":"trunk_link"},"geometry":{"type":"LineString","coordinates":[[-74.08097,4.68597],[-74.08091,4.68602]]}},{"type":"Feature","properties":{"id":"524784514","nom":"Calle 70","tipo":"residential"},"geometry":{"type":"LineString","coordinates":[[-74.06485,4.65769],[-74.06488,4.65771],[-74.06561,4.6582],[-74.06565,4.65822],[-74.06568,4.65824],[-74.06638,4.65869],[-74.06641,4.6587]]}},{"type":"Feature","properties":{"id":"525003938","nom":"","tipo":"trunk_link"},"geometry":{"type":"LineString","coordinates":[[-74.06359,4.66839],[-74.06353,4.66844],[-74.06347,4.66848],[-74.06341,4.66851],[-74.06334,4.66852],[-74.06328,4.66852],[-74.06326,4.66852],[-74.06322,4.66851],[-74.06316,4.6685],[-74.06313,4.66848]]}},{"type":"Feature","properties":{"id":"525053779","nom":"","tipo":"trunk_link"},"geometry":{"type":"LineString","coordinates":[[-74.06928,4.67461],[-74.06926,4.67464],[-74.06923,4.67465],[-74.06921,4.67467],[-74.06918,4.67469],[-74.06915,4.67471],[-74.06911,4.67472],[-74.06907,4.67473],[-74.06904,4.67473],[-74.069,4.67474],[-74.06897,4.67474],[-74.06893,4.67473],[-74.06888,4.67473],[-74.06884,4.67472],[-74.06877,4.67469],[-74.06869,4.67466],[-74.06855,4.6746]]}},{"type":"Feature","properties":{"id":"525053780","nom":"","tipo":"trunk_link"},"geometry":{"type":"LineString","coordinates":[[-74.06936,4.67445],[-74.06934,4.67449],[-74.06933,4.67452],[-74.06931,4.67456],[-74.06928,4.67461]]}},{"type":"Feature","properties":{"id":"525060434","nom":"Calle 82A","tipo":"residential"},"geometry":{"type":"LineString","coordinates":[[-74.06144,4.67022],[-74.06115,4.67017]]}},{"type":"Feature","properties":{"id":"525060438","nom":"Avenida Calle 80","tipo":"trunk"},"geometry":{"type":"LineString","coordinates":[[-74.06107,4.66626],[-74.06132,4.66665],[-74.06136,4.66671]]}},{"type":"Feature","properties":{"id":"525660666","nom":"Carrera 16A","tipo":"residential"},"geometry":{"type":"LineString","coordinates":[[-74.05677,4.66985],[-74.05695,4.66946]]}},{"type":"Feature","properties":{"id":"525660667","nom":"Carrera 19A","tipo":"residential"},"geometry":{"type":"LineString","coordinates":[[-74.05911,4.66902],[-74.0591,4.66905],[-74.0589,4.66947],[-74.05881,4.66963],[-74.05877,4.66972],[-74.05867,4.6699]]}},{"type":"Feature","properties":{"id":"525660668","nom":"Calle 81","tipo":"residential"},"geometry":{"type":"LineString","coordinates":[[-74.05933,4.66835],[-74.0596,4.66842]]}},{"type":"Feature","properties":{"id":"525700369","nom":"","tipo":"secondary_link"},"geometry":{"type":"LineString","coordinates":[[-74.08153,4.67411],[-74.08155,4.67416],[-74.08155,4.67423],[-74.08153,4.67433]]}},{"type":"Feature","properties":{"id":"525710963","nom":"Carrera 57B","tipo":"residential"},"geometry":{"type":"LineString","coordinates":[[-74.07848,4.67173],[-74.07846,4.67175],[-74.07818,4.67213]]}},{"type":"Feature","properties":{"id":"525714847","nom":"","tipo":"trunk_link"},"geometry":{"type":"LineString","coordinates":[[-74.07695,4.66142],[-74.07694,4.66134],[-74.07695,4.6611]]}},{"type":"Feature","properties":{"id":"525714848","nom":"","tipo":"trunk_link"},"geometry":{"type":"LineString","coordinates":[[-74.07708,4.66196],[-74.07696,4.6615],[-74.07695,4.66142]]}},{"type":"Feature","properties":{"id":"525714853","nom":"Carrera 62","tipo":"residential"},"geometry":{"type":"LineString","coordinates":[[-74.08536,4.66959],[-74.08539,4.66955],[-74.08571,4.66914],[-74.08579,4.66903],[-74.08622,4.66847],[-74.08643,4.6682]]}},{"type":"Feature","properties":{"id":"525733336","nom":"Carrera 46","tipo":"residential"},"geometry":{"type":"LineString","coordinates":[[-74.05842,4.6885],[-74.05844,4.68853],[-74.0584,4.68877],[-74.05839,4.68879]]}},{"type":"Feature","properties":{"id":"525982623","nom":"Carrera 69Q","tipo":"residential"},"geometry":{"type":"LineString","coordinates":[[-74.08489,4.68965],[-74.08519,4.68941],[-74.08612,4.68867]]}},{"type":"Feature","properties":{"id":"525990300","nom":"Calle 74","tipo":"residential"},"geometry":{"type":"LineString","coordinates":[[-74.08385,4.67766],[-74.08365,4.67749]]}},{"type":"Feature","properties":{"id":"525990301","nom":"Carrera 58","tipo":"residential"},"geometry":{"type":"LineString","coordinates":[[-74.07613,4.67611],[-74.07616,4.67606],[-74.07622,4.67599],[-74.07624,4.67596],[-74.0765,4.67562],[-74.0768,4.67522],[-74.07696,4.675],[-74.07708,4.67484],[-74.07724,4.67463],[-74.07736,4.67447],[-74.07764,4.67411],[-74.07792,4.67372],[-74.0782,4.67334],[-74.07849,4.67296],[-74.07877,4.67259],[-74.07904,4.67225],[-74.07907,4.67222],[-74.07908,4.67221]]}},{"type":"Feature","properties":{"id":"526003936","nom":"Transversal 71 Bis","tipo":"residential"},"geometry":{"type":"LineString","coordinates":[[-74.08969,4.68991],[-74.08981,4.6899],[-74.08988,4.68991],[-74.08995,4.68993],[-74.09002,4.68998],[-74.09007,4.69004]]}},{"type":"Feature","properties":{"id":"526009149","nom":"Calle 89","tipo":"residential"},"geometry":{"type":"LineString","coordinates":[[-74.07567,4.68423],[-74.07584,4.68423]]}},{"type":"Feature","properties":{"id":"526009150","nom":"Carrera 63","tipo":"residential"},"geometry":{"type":"LineString","coordinates":[[-74.07507,4.68422],[-74.07498,4.68436]]}},{"type":"Feature","properties":{"id":"526017170","nom":"Carrera 49C","tipo":"residential"},"geometry":{"type":"LineString","coordinates":[[-74.06351,4.68114],[-74.06351,4.68118],[-74.06341,4.68178],[-74.06333,4.68222]]}},{"type":"Feature","properties":{"id":"526017171","nom":"Carrera 49B","tipo":"residential"},"geometry":{"type":"LineString","coordinates":[[-74.06326,4.6793],[-74.06327,4.67934],[-74.06298,4.681],[-74.06297,4.68105]]}},{"type":"Feature","properties":{"id":"526017172","nom":"Carrera 48","tipo":"residential"},"geometry":{"type":"LineString","coordinates":[[-74.06138,4.68078],[-74.06139,4.68074],[-74.06168,4.67905],[-74.06171,4.67901]]}},{"type":"Feature","properties":{"id":"526017173","nom":"Carrera 47A","tipo":"residential"},"geometry":{"type":"LineString","coordinates":[[-74.06115,4.67892],[-74.06115,4.67896],[-74.06087,4.68065],[-74.06087,4.68069]]}},{"type":"Feature","properties":{"id":"526022958","nom":"Transversal 60C","tipo":"residential"},"geometry":{"type":"LineString","coordinates":[[-74.0691,4.68208],[-74.06915,4.68207],[-74.06923,4.68207],[-74.0693,4.68208],[-74.06936,4.6821]]}},{"type":"Feature","properties":{"id":"526022959","nom":"Transversal 60C","tipo":"residential"},"geometry":{"type":"LineString","coordinates":[[-74.06893,4.68227],[-74.0691,4.68208]]}},{"type":"Feature","properties":{"id":"526026015","nom":"Carrera 47A","tipo":"residential"},"geometry":{"type":"LineString","coordinates":[[-74.05964,4.68832],[-74.05949,4.68924]]}},{"type":"Feature","properties":{"id":"526814479","nom":"Transversal 60C","tipo":"residential"},"geometry":{"type":"LineString","coordinates":[[-74.06902,4.68172],[-74.06895,4.68205]]}},{"type":"Feature","properties":{"id":"526814480","nom":"Calle 93","tipo":"residential"},"geometry":{"type":"LineString","coordinates":[[-74.0691,4.68208],[-74.06895,4.68205]]}},{"type":"Feature","properties":{"id":"526814481","nom":"Calle 97","tipo":"tertiary"},"geometry":{"type":"LineString","coordinates":[[-74.06404,4.68528],[-74.06368,4.68524],[-74.06364,4.68523]]}},{"type":"Feature","properties":{"id":"527037853","nom":"Carrera 10","tipo":"residential"},"geometry":{"type":"LineString","coordinates":[[-74.05954,4.65475],[-74.05934,4.65507],[-74.05917,4.65532]]}},{"type":"Feature","properties":{"id":"527058783","nom":"Carrera 29","tipo":"residential"},"geometry":{"type":"LineString","coordinates":[[-74.06613,4.67282],[-74.06596,4.67296],[-74.06585,4.67306],[-74.06562,4.67324]]}},{"type":"Feature","properties":{"id":"527145570","nom":"Carrera 56 Bis","tipo":"residential"},"geometry":{"type":"LineString","coordinates":[[-74.07369,4.67771],[-74.07371,4.6777],[-74.07373,4.67768],[-74.07385,4.67754]]}},{"type":"Feature","properties":{"id":"527148983","nom":"Carrera 52","tipo":"residential"},"geometry":{"type":"LineString","coordinates":[[-74.07553,4.66837],[-74.07505,4.66892],[-74.07501,4.66896]]}},{"type":"Feature","properties":{"id":"527148984","nom":"Avenida Calle 72","tipo":"secondary"},"geometry":{"type":"LineString","coordinates":[[-74.07664,4.67018],[-74.07652,4.67009]]}},{"type":"Feature","properties":{"id":"527148985","nom":"Avenida Calle 72","tipo":"secondary"},"geometry":{"type":"LineString","coordinates":[[-74.07627,4.67001],[-74.07651,4.67018]]}},{"type":"Feature","properties":{"id":"527154594","nom":"Calle 79 Bis","tipo":"residential"},"geometry":{"type":"LineString","coordinates":[[-74.07938,4.68027],[-74.07871,4.67974],[-74.07797,4.67917],[-74.07733,4.67868]]}},{"type":"Feature","properties":{"id":"527154596","nom":"Carrera 57A Bis","tipo":"residential"},"geometry":{"type":"LineString","coordinates":[[-74.07671,4.67422],[-74.07643,4.67459]]}},{"type":"Feature","properties":{"id":"527306500","nom":"Transversal 70F","tipo":"residential"},"geometry":{"type":"LineString","coordinates":[[-74.08818,4.69137],[-74.08826,4.69145],[-74.0883,4.69154],[-74.08832,4.69166],[-74.08832,4.69174],[-74.08831,4.69189],[-74.08827,4.69201],[-74.0882,4.69214],[-74.08817,4.69218],[-74.08814,4.69222]]}},{"type":"Feature","properties":{"id":"527306503","nom":"Carrera 69A","tipo":"residential"},"geometry":{"type":"LineString","coordinates":[[-74.08307,4.68636],[-74.08352,4.68601]]}},{"type":"Feature","properties":{"id":"527306506","nom":"Diagonal 79B","tipo":"residential"},"geometry":{"type":"LineString","coordinates":[[-74.08954,4.69438],[-74.08951,4.69439],[-74.08895,4.6944],[-74.08888,4.6944],[-74.08881,4.69439],[-74.08876,4.69438]]}},{"type":"Feature","properties":{"id":"528172259","nom":"Avenida Calle 72","tipo":"secondary"},"geometry":{"type":"LineString","coordinates":[[-74.05763,4.65653],[-74.05772,4.6566],[-74.05861,4.65721],[-74.0587,4.65728]]}},{"type":"Feature","properties":{"id":"528241529","nom":"Calle 101","tipo":"residential"},"geometry":{"type":"LineString","coordinates":[[-74.07462,4.69476],[-74.07463,4.69478],[-74.07495,4.69518],[-74.07526,4.69558],[-74.07528,4.6956],[-74.07535,4.69569],[-74.07609,4.69661],[-74.07634,4.69695],[-74.07656,4.69726],[-74.07681,4.69759],[-74.07748,4.69851]]}},{"type":"Feature","properties":{"id":"528508939","nom":"Carrera 28","tipo":"tertiary"},"geometry":{"type":"LineString","coordinates":[[-74.07075,4.66437],[-74.07049,4.66472],[-74.07017,4.66517],[-74.07014,4.6652],[-74.07012,4.66524]]}},{"type":"Feature","properties":{"id":"528513245","nom":"Carrera 29","tipo":"residential"},"geometry":{"type":"LineString","coordinates":[[-74.0743,4.66242],[-74.07433,4.66239],[-74.07437,4.66236],[-74.07497,4.66155],[-74.07553,4.66074],[-74.07555,4.66072],[-74.07557,4.66068],[-74.07615,4.6599]]}},{"type":"Feature","properties":{"id":"528548523","nom":"Transversal 69H","tipo":"residential"},"geometry":{"type":"LineString","coordinates":[[-74.08685,4.68958],[-74.08786,4.68895]]}},{"type":"Feature","properties":{"id":"528555962","nom":"Transversal 69H","tipo":"residential"},"geometry":{"type":"LineString","coordinates":[[-74.0858,4.69019],[-74.08605,4.69005]]}},{"type":"Feature","properties":{"id":"528566664","nom":"Avenida Carrera 60","tipo":"secondary"},"geometry":{"type":"LineString","coordinates":[[-74.08627,4.66419],[-74.08611,4.66455],[-74.08607,4.66465],[-74.08601,4.6648],[-74.08597,4.66495],[-74.08592,4.66511],[-74.08588,4.66522],[-74.08585,4.6653],[-74.08582,4.66539],[-74.08578,4.66547],[-74.08573,4.66558]]}},{"type":"Feature","properties":{"id":"528759859","nom":"","tipo":"secondary_link"},"geometry":{"type":"LineString","coordinates":[[-74.07228,4.66695],[-74.07233,4.66703],[-74.07241,4.66711],[-74.07272,4.66737],[-74.07273,4.66739],[-74.07274,4.66741],[-74.07274,4.66742],[-74.07274,4.66746]]}},{"type":"Feature","properties":{"id":"528759860","nom":"Avenida Calle 72","tipo":"secondary"},"geometry":{"type":"LineString","coordinates":[[-74.07094,4.66599],[-74.07098,4.66602],[-74.07139,4.66631],[-74.07157,4.66644],[-74.07192,4.66669],[-74.07228,4.66695],[-74.07261,4.66719]]}},{"type":"Feature","properties":{"id":"528759862","nom":"Calle 79B","tipo":"residential"},"geometry":{"type":"LineString","coordinates":[[-74.06616,4.67197],[-74.06611,4.67197],[-74.06609,4.67197],[-74.06606,4.67196],[-74.066,4.67193],[-74.0659,4.67189]]}},{"type":"Feature","properties":{"id":"528769791","nom":"Calle 79A","tipo":"residential"},"geometry":{"type":"LineString","coordinates":[[-74.08874,4.69311],[-74.08879,4.69315],[-74.089,4.6934],[-74.08929,4.69375],[-74.0894,4.69389],[-74.08948,4.69401],[-74.08952,4.69411],[-74.08957,4.69427],[-74.08957,4.69431],[-74.08957,4.69435],[-74.08954,4.69438]]}},{"type":"Feature","properties":{"id":"528843603","nom":"Avenida Carrera 24","tipo":"secondary"},"geometry":{"type":"LineString","coordinates":[[-74.06718,4.66303],[-74.06721,4.66298],[-74.0676,4.66236]]}},{"type":"Feature","properties":{"id":"529280381","nom":"Transversal 21","tipo":"residential"},"geometry":{"type":"LineString","coordinates":[[-74.05534,4.68175],[-74.05534,4.68171],[-74.05535,4.68161],[-74.05534,4.68156],[-74.05534,4.68152],[-74.05535,4.68148],[-74.05537,4.68146],[-74.05539,4.68145],[-74.05546,4.68145],[-74.05555,4.68146],[-74.05625,4.68156],[-74.05641,4.68157],[-74.05671,4.6816]]}},{"type":"Feature","properties":{"id":"529504390","nom":"Carrera 54","tipo":"residential"},"geometry":{"type":"LineString","coordinates":[[-74.07674,4.66898],[-74.07703,4.66859]]}},{"type":"Feature","properties":{"id":"529504391","nom":"Carrera 57A","tipo":"residential"},"geometry":{"type":"LineString","coordinates":[[-74.07623,4.67444],[-74.076,4.67478],[-74.07598,4.67481]]}},{"type":"Feature","properties":{"id":"529504394","nom":"Diagonal 67B","tipo":"residential"},"geometry":{"type":"LineString","coordinates":[[-74.07967,4.66722],[-74.07942,4.66722],[-74.07918,4.66723],[-74.07903,4.66723],[-74.07893,4.66723]]}},{"type":"Feature","properties":{"id":"529509160","nom":"Carrera 9","tipo":"tertiary"},"geometry":{"type":"LineString","coordinates":[[-74.05622,4.6571],[-74.05601,4.65739],[-74.05592,4.65752],[-74.05588,4.65758],[-74.05579,4.65772],[-74.0553,4.65845],[-74.05527,4.65849],[-74.05443,4.65972],[-74.0544,4.65978]]}},{"type":"Feature","properties":{"id":"529515450","nom":"Calle 79","tipo":"residential"},"geometry":{"type":"LineString","coordinates":[[-74.07282,4.67502],[-74.0729,4.67506],[-74.07319,4.67525],[-74.07374,4.67559],[-74.07432,4.67596],[-74.07487,4.6763],[-74.07556,4.67674],[-74.07564,4.67679]]}},{"type":"Feature","properties":{"id":"529515451","nom":"Carrera 58","tipo":"secondary"},"geometry":{"type":"LineString","coordinates":[[-74.07564,4.67679],[-74.07525,4.67723],[-74.07493,4.67761],[-74.07446,4.67819],[-74.07443,4.67821],[-74.07441,4.67824],[-74.07435,4.67829]]}},{"type":"Feature","properties":{"id":"529528209","nom":"","tipo":"secondary"},"geometry":{"type":"LineString","coordinates":[[-74.07759,4.68158],[-74.07756,4.6816],[-74.07752,4.68161],[-74.07749,4.68162],[-74.07747,4.68163],[-74.07743,4.68162]]}},{"type":"Feature","properties":{"id":"529528211","nom":"Carrera 64","tipo":"secondary"},"geometry":{"type":"LineString","coordinates":[[-74.0776,4.68184],[-74.07759,4.68177],[-74.07759,4.68171],[-74.07758,4.68165],[-74.07759,4.68158],[-74.07764,4.68143],[-74.07771,4.68125],[-74.07778,4.68103],[-74.07784,4.68091],[-74.07789,4.6808]]}},{"type":"Feature","properties":{"id":"529528970","nom":"Calle 71A","tipo":"residential"},"geometry":{"type":"LineString","coordinates":[[-74.06439,4.66018],[-74.06443,4.66021],[-74.06502,4.6606],[-74.06505,4.66062],[-74.06511,4.66066]]}},{"type":"Feature","properties":{"id":"529528971","nom":"Calle 71A","tipo":"residential"},"geometry":{"type":"LineString","coordinates":[[-74.06363,4.65968],[-74.06366,4.6597],[-74.06431,4.66013],[-74.06434,4.66015],[-74.06439,4.66018]]}},{"type":"Feature","properties":{"id":"529568940","nom":"Carrera 53","tipo":"residential"},"geometry":{"type":"LineString","coordinates":[[-74.07555,4.66938],[-74.0755,4.66944]]}},{"type":"Feature","properties":{"id":"529568944","nom":"Carrera 51","tipo":"residential"},"geometry":{"type":"LineString","coordinates":[[-74.07598,4.6668],[-74.07626,4.66648]]}},{"type":"Feature","properties":{"id":"529568948","nom":"Transversal 55","tipo":"secondary"},"geometry":{"type":"LineString","coordinates":[[-74.07664,4.67018],[-74.07664,4.67007],[-74.07661,4.6692],[-74.07661,4.66917],[-74.07659,4.66878],[-74.07657,4.66823],[-74.07657,4.66813],[-74.07657,4.66803],[-74.07656,4.66777],[-74.07655,4.66755],[-74.07655,4.66742],[-74.07654,4.66734],[-74.07653,4.66727],[-74.0765,4.66717],[-74.07647,4.66705],[-74.07644,4.66694],[-74.07638,4.66667],[-74.07635,4.66658],[-74.07631,4.66643],[-74.07625,4.66625],[-74.07623,4.66614],[-74.07616,4.66585],[-74.07615,4.6658]]}},{"type":"Feature","properties":{"id":"529568951","nom":"Carrera 51","tipo":"residential"},"geometry":{"type":"LineString","coordinates":[[-74.07626,4.66648],[-74.07627,4.66647],[-74.07631,4.66643],[-74.07634,4.66639],[-74.07665,4.66603],[-74.07716,4.66544],[-74.07732,4.66525]]}},{"type":"Feature","properties":{"id":"529568954","nom":"Carrera 50","tipo":"residential"},"geometry":{"type":"LineString","coordinates":[[-74.07602,4.66575],[-74.07609,4.66563],[-74.07617,4.66547]]}},{"type":"Feature","properties":{"id":"529569426","nom":"Diagonal 74 Bis","tipo":"residential"},"geometry":{"type":"LineString","coordinates":[[-74.06237,4.66347],[-74.06243,4.66347],[-74.06297,4.66343],[-74.06346,4.66339],[-74.06352,4.66339]]}},{"type":"Feature","properties":{"id":"529707897","nom":"Calle 71A","tipo":"residential"},"geometry":{"type":"LineString","coordinates":[[-74.06271,4.6591],[-74.06279,4.65911],[-74.06282,4.65912],[-74.06284,4.65913],[-74.06326,4.65942]]}},{"type":"Feature","properties":{"id":"529756578","nom":"Diagonal 71A Bis","tipo":"residential"},"geometry":{"type":"LineString","coordinates":[[-74.06527,4.66135],[-74.06528,4.66149],[-74.06528,4.66152],[-74.06528,4.66154],[-74.06527,4.66155],[-74.06524,4.66161],[-74.06521,4.66166]]}},{"type":"Feature","properties":{"id":"529811654","nom":"Carrera 55","tipo":"residential"},"geometry":{"type":"LineString","coordinates":[[-74.07623,4.67068],[-74.07619,4.67072],[-74.07607,4.67085],[-74.07551,4.67151],[-74.07476,4.67239],[-74.07399,4.67329],[-74.07333,4.67406],[-74.07329,4.67411],[-74.07327,4.67414],[-74.07282,4.67466],[-74.07277,4.67472]]}},{"type":"Feature","properties":{"id":"529825680","nom":"","tipo":"secondary_link"},"geometry":{"type":"LineString","coordinates":[[-74.06673,4.66377],[-74.06663,4.6637]]}},{"type":"Feature","properties":{"id":"530040427","nom":"Diagonal 76 Bis","tipo":"tertiary"},"geometry":{"type":"LineString","coordinates":[[-74.07218,4.6743],[-74.07187,4.67372],[-74.07185,4.67366],[-74.0716,4.67316],[-74.07152,4.67301]]}},{"type":"Feature","properties":{"id":"530040429","nom":"Calle 78","tipo":"residential"},"geometry":{"type":"LineString","coordinates":[[-74.07152,4.67301],[-74.07101,4.67267],[-74.07096,4.67264]]}},{"type":"Feature","properties":{"id":"530041389","nom":"Avenida Calle 72","tipo":"secondary"},"geometry":{"type":"LineString","coordinates":[[-74.07056,4.66557],[-74.07052,4.66554],[-74.07045,4.66548],[-74.0702,4.6653],[-74.07015,4.66526],[-74.07012,4.66524]]}},{"type":"Feature","properties":{"id":"530041390","nom":"Carrera 28B","tipo":"residential"},"geometry":{"type":"LineString","coordinates":[[-74.071,4.6659],[-74.07094,4.66599]]}},{"type":"Feature","properties":{"id":"530053093","nom":"Diagonal 76 Bis","tipo":"tertiary"},"geometry":{"type":"LineString","coordinates":[[-74.07083,4.67176],[-74.07068,4.67148],[-74.07066,4.67142],[-74.07065,4.67133],[-74.07065,4.67128],[-74.07066,4.67122]]}},{"type":"Feature","properties":{"id":"530081141","nom":"Carrera 53","tipo":"residential"},"geometry":{"type":"LineString","coordinates":[[-74.07287,4.67246],[-74.07215,4.6733],[-74.07209,4.67337],[-74.07207,4.67339],[-74.07188,4.67362],[-74.07185,4.67366],[-74.07179,4.67372],[-74.07144,4.67413],[-74.07087,4.67479],[-74.07076,4.67493]]}},{"type":"Feature","properties":{"id":"530081142","nom":"Carrera 53","tipo":"residential"},"geometry":{"type":"LineString","coordinates":[[-74.07366,4.67155],[-74.07287,4.67246]]}},{"type":"Feature","properties":{"id":"530355719","nom":"Avenida Calle 94","tipo":"secondary"},"geometry":{"type":"LineString","coordinates":[[-74.05773,4.68163],[-74.05766,4.68162],[-74.05741,4.68158]]}},{"type":"Feature","properties":{"id":"530419757","nom":"Carrera 56","tipo":"residential"},"geometry":{"type":"LineString","coordinates":[[-74.07313,4.67738],[-74.07315,4.67735],[-74.07349,4.67694],[-74.07352,4.6769]]}},{"type":"Feature","properties":{"id":"530531978","nom":"Carrera 29B","tipo":"residential"},"geometry":{"type":"LineString","coordinates":[[-74.07445,4.66444],[-74.07394,4.6651],[-74.07342,4.66575],[-74.07292,4.66638],[-74.07253,4.66686]]}},{"type":"Feature","properties":{"id":"530535445","nom":"Carrera 28B","tipo":"residential"},"geometry":{"type":"LineString","coordinates":[[-74.07672,4.65831],[-74.07622,4.65899],[-74.07577,4.65962],[-74.0752,4.66042],[-74.07517,4.66045],[-74.07515,4.66049],[-74.07458,4.66128],[-74.07398,4.66212],[-74.07395,4.66217]]}},{"type":"Feature","properties":{"id":"530615922","nom":"Carrera 28","tipo":"tertiary"},"geometry":{"type":"LineString","coordinates":[[-74.07547,4.65527],[-74.07545,4.65538],[-74.07536,4.65585]]}},{"type":"Feature","properties":{"id":"531355008","nom":"Carrera 60","tipo":"residential"},"geometry":{"type":"LineString","coordinates":[[-74.06632,4.68213],[-74.06627,4.68252],[-74.06625,4.68258],[-74.06622,4.68263],[-74.06616,4.6827],[-74.06613,4.68277],[-74.06611,4.68284],[-74.06609,4.68291]]}},{"type":"Feature","properties":{"id":"531479036","nom":"Carrera 60D","tipo":"residential"},"geometry":{"type":"LineString","coordinates":[[-74.06641,4.68559],[-74.06641,4.6855],[-74.06645,4.6854],[-74.06652,4.68528]]}},{"type":"Feature","properties":{"id":"531485329","nom":"Carrera 27","tipo":"residential"},"geometry":{"type":"LineString","coordinates":[[-74.07367,4.65552],[-74.07354,4.6555],[-74.0734,4.65547]]}},{"type":"Feature","properties":{"id":"531493617","nom":"Calle 101","tipo":"residential"},"geometry":{"type":"LineString","coordinates":[[-74.05805,4.68782],[-74.05757,4.68774]]}},{"type":"Feature","properties":{"id":"531540003","nom":"Calle 103","tipo":"residential"},"geometry":{"type":"LineString","coordinates":[[-74.05833,4.69],[-74.05776,4.6899]]}},{"type":"Feature","properties":{"id":"531540004","nom":"Carrera 47","tipo":"residential"},"geometry":{"type":"LineString","coordinates":[[-74.0584,4.69158],[-74.0583,4.69217]]}},{"type":"Feature","properties":{"id":"531540006","nom":"Calle 104B","tipo":"residential"},"geometry":{"type":"LineString","coordinates":[[-74.05788,4.69269],[-74.05821,4.69273]]}},{"type":"Feature","properties":{"id":"531540008","nom":"Calle 104","tipo":"residential"},"geometry":{"type":"LineString","coordinates":[[-74.0593,4.69175],[-74.05986,4.69183]]}},{"type":"Feature","properties":{"id":"531585568","nom":"Calle 74","tipo":"residential"},"geometry":{"type":"LineString","coordinates":[[-74.07229,4.66934],[-74.07245,4.66926],[-74.07247,4.66926],[-74.0725,4.66925],[-74.07251,4.66926],[-74.07253,4.66926],[-74.07255,4.66928],[-74.07274,4.66942],[-74.0728,4.66945],[-74.0729,4.66952]]}},{"type":"Feature","properties":{"id":"531757285","nom":"Calle 106","tipo":"tertiary"},"geometry":{"type":"LineString","coordinates":[[-74.06545,4.69411],[-74.06504,4.6943],[-74.06468,4.69447],[-74.06447,4.69454],[-74.06424,4.6946],[-74.06404,4.69465],[-74.06387,4.69468],[-74.06376,4.69469],[-74.06365,4.6947],[-74.06344,4.69471]]}},{"type":"Feature","properties":{"id":"531787229","nom":"Carrera 56","tipo":"tertiary"},"geometry":{"type":"LineString","coordinates":[[-74.06298,4.68395],[-74.06302,4.68393],[-74.06313,4.68388],[-74.06317,4.68386],[-74.06321,4.68385]]}},{"type":"Feature","properties":{"id":"532003760","nom":"Calle 64","tipo":"residential"},"geometry":{"type":"LineString","coordinates":[[-74.07036,4.65539],[-74.0709,4.6558],[-74.0714,4.65615],[-74.07143,4.65617]]}},{"type":"Feature","properties":{"id":"533209144","nom":"Avenida Calle 63","tipo":"secondary"},"geometry":{"type":"LineString","coordinates":[[-74.09161,4.66369],[-74.09134,4.6633],[-74.09084,4.66257],[-74.08937,4.66044],[-74.08927,4.6603],[-74.08919,4.66018],[-74.08916,4.66014],[-74.08914,4.66009],[-74.08912,4.66],[-74.0891,4.65989],[-74.08908,4.65975],[-74.08907,4.65956]]}},{"type":"Feature","properties":{"id":"533209147","nom":"Avenida Calle 63","tipo":"secondary"},"geometry":{"type":"LineString","coordinates":[[-74.08917,4.66036],[-74.08925,4.66047],[-74.09049,4.66228],[-74.09059,4.66243]]}},{"type":"Feature","properties":{"id":"539286792","nom":"Avenida Carrera 20","tipo":"secondary"},"geometry":{"type":"LineString","coordinates":[[-74.05886,4.67762],[-74.05898,4.67697],[-74.05903,4.67663],[-74.05911,4.67625],[-74.05918,4.67578],[-74.05929,4.67511],[-74.05947,4.6741],[-74.05954,4.6736],[-74.05965,4.67294],[-74.05977,4.67223],[-74.05991,4.67146],[-74.06001,4.67093],[-74.06006,4.67062],[-74.06013,4.6701],[-74.06018,4.66981],[-74.06019,4.66976],[-74.06019,4.66971],[-74.06019,4.66967],[-74.06018,4.66962],[-74.06017,4.6696],[-74.06015,4.66959]]}},{"type":"Feature","properties":{"id":"540845780","nom":"Diagonal 92","tipo":"primary"},"geometry":{"type":"LineString","coordinates":[[-74.05807,4.67962],[-74.05863,4.67933]]}},{"type":"Feature","properties":{"id":"540845790","nom":"Diagonal 92","tipo":"primary"},"geometry":{"type":"LineString","coordinates":[[-74.05715,4.67995],[-74.05778,4.67967],[-74.05796,4.67959],[-74.05809,4.67953],[-74.05823,4.67945],[-74.05836,4.67938],[-74.05848,4.67929],[-74.05874,4.67912],[-74.05893,4.67901],[-74.05919,4.67886],[-74.05945,4.67873]]}},{"type":"Feature","properties":{"id":"541054184","nom":"Diagonal 92","tipo":"primary"},"geometry":{"type":"LineString","coordinates":[[-74.05974,4.67803],[-74.05921,4.67832],[-74.05884,4.67855]]}},{"type":"Feature","properties":{"id":"541054224","nom":"Avenida Carrera 30","tipo":"trunk"},"geometry":{"type":"LineString","coordinates":[[-74.0664,4.67429],[-74.06601,4.67451],[-74.06554,4.67477],[-74.06469,4.67527],[-74.06461,4.67531],[-74.06449,4.67538],[-74.06412,4.67558]]}},{"type":"Feature","properties":{"id":"541054240","nom":"Avenida Carrera 30","tipo":"trunk"},"geometry":{"type":"LineString","coordinates":[[-74.06669,4.67454],[-74.06691,4.67441],[-74.06704,4.67433],[-74.06718,4.67425],[-74.06731,4.67418],[-74.06739,4.67412],[-74.06754,4.67401],[-74.06781,4.6738],[-74.06826,4.67348],[-74.06875,4.67319]]}},{"type":"Feature","properties":{"id":"541058904","nom":"Avenida Carrera 30","tipo":"trunk"},"geometry":{"type":"LineString","coordinates":[[-74.07041,4.67093],[-74.06967,4.6718]]}},{"type":"Feature","properties":{"id":"541058905","nom":"Avenida Carrera 30","tipo":"trunk"},"geometry":{"type":"LineString","coordinates":[[-74.07062,4.67066],[-74.07059,4.67071],[-74.07054,4.67076],[-74.07041,4.67093]]}},{"type":"Feature","properties":{"id":"541058907","nom":"Avenida Carrera 30","tipo":"trunk"},"geometry":{"type":"LineString","coordinates":[[-74.07374,4.66696],[-74.07342,4.66739],[-74.0734,4.66741],[-74.07337,4.66744],[-74.07335,4.66748],[-74.07315,4.66772],[-74.07312,4.66776],[-74.07305,4.66783],[-74.0729,4.66801],[-74.07268,4.66826],[-74.07258,4.66838],[-74.07213,4.66888]]}},{"type":"Feature","properties":{"id":"541058913","nom":"Avenida Carrera 30","tipo":"trunk"},"geometry":{"type":"LineString","coordinates":[[-74.07558,4.66457],[-74.07553,4.66469],[-74.07546,4.6648],[-74.07539,4.66494],[-74.07534,4.66504],[-74.0753,4.66511],[-74.07526,4.66518],[-74.07522,4.66523],[-74.07489,4.66561],[-74.07472,4.66581],[-74.07467,4.66587],[-74.07454,4.66603],[-74.07439,4.66619]]}},{"type":"Feature","properties":{"id":"541062106","nom":"Avenida Carrera 30","tipo":"trunk"},"geometry":{"type":"LineString","coordinates":[[-74.07798,4.65295],[-74.07793,4.65383],[-74.07789,4.65428],[-74.07787,4.65446],[-74.07786,4.65461],[-74.07786,4.65464],[-74.07785,4.65475],[-74.07775,4.65561],[-74.07762,4.65657],[-74.07762,4.65659],[-74.0776,4.65673],[-74.07759,4.65684],[-74.07755,4.6571],[-74.07748,4.65743],[-74.07746,4.65754],[-74.07743,4.65764],[-74.0774,4.65776],[-74.07739,4.65778],[-74.07737,4.65785],[-74.07733,4.65801],[-74.07721,4.6585],[-74.077,4.65938],[-74.07675,4.66031],[-74.07668,4.66059],[-74.07666,4.66067],[-74.07663,4.66078],[-74.07661,4.66086],[-74.07648,4.66138],[-74.0762,4.66242],[-74.07601,4.66315]]}},{"type":"Feature","properties":{"id":"548001117","nom":"Carrera 58","tipo":"tertiary"},"geometry":{"type":"LineString","coordinates":[[-74.06495,4.68489],[-74.06489,4.68538]]}},{"type":"Feature","properties":{"id":"548001120","nom":"Calle 94","tipo":"tertiary"},"geometry":{"type":"LineString","coordinates":[[-74.07109,4.68431],[-74.07055,4.68403]]}},{"type":"Feature","properties":{"id":"548029005","nom":"Calle 78","tipo":"tertiary"},"geometry":{"type":"LineString","coordinates":[[-74.07603,4.67585],[-74.07607,4.67588],[-74.07611,4.67591],[-74.07622,4.67599],[-74.07623,4.67601],[-74.07687,4.67651],[-74.07755,4.67704],[-74.07821,4.67755],[-74.07884,4.67804],[-74.07957,4.67861],[-74.08024,4.67913]]}},{"type":"Feature","properties":{"id":"553406159","nom":"Calle 63J","tipo":"residential"},"geometry":{"type":"LineString","coordinates":[[-74.0782,4.65814],[-74.07831,4.65815],[-74.07836,4.65815],[-74.0784,4.65813],[-74.07843,4.6581],[-74.07846,4.65805]]}},{"type":"Feature","properties":{"id":"553406160","nom":"Calle 63J","tipo":"residential"},"geometry":{"type":"LineString","coordinates":[[-74.0782,4.65814],[-74.07817,4.65811],[-74.07813,4.65808],[-74.0781,4.65805],[-74.07808,4.65801]]}},{"type":"Feature","properties":{"id":"553919115","nom":"Diagonal 92","tipo":"primary"},"geometry":{"type":"LineString","coordinates":[[-74.05838,4.67871],[-74.05817,4.67886],[-74.05802,4.67899],[-74.05777,4.67921]]}},{"type":"Feature","properties":{"id":"553919116","nom":"Calle 93 Bis","tipo":"residential"},"geometry":{"type":"LineString","coordinates":[[-74.05623,4.6798],[-74.0549,4.6791],[-74.05464,4.67897],[-74.05457,4.67893],[-74.05454,4.67892]]}},{"type":"Feature","properties":{"id":"553919119","nom":"","tipo":"primary_link"},"geometry":{"type":"LineString","coordinates":[[-74.05566,4.68135],[-74.05547,4.68128],[-74.05542,4.68126],[-74.05539,4.68123],[-74.05537,4.68119],[-74.05535,4.68115],[-74.05535,4.6811],[-74.05537,4.68105]]}},{"type":"Feature","properties":{"id":"574899892","nom":"Transversal 56A","tipo":"secondary"},"geometry":{"type":"LineString","coordinates":[[-74.07623,4.66997],[-74.07623,4.67001],[-74.07623,4.67068],[-74.07623,4.67115],[-74.07622,4.67123],[-74.07621,4.67131],[-74.0762,4.67137],[-74.07611,4.67168],[-74.07603,4.67191],[-74.07564,4.67306],[-74.07546,4.67355],[-74.07542,4.67369],[-74.0754,4.67383],[-74.07538,4.674],[-74.07537,4.67416],[-74.07537,4.67432],[-74.07541,4.67463],[-74.07551,4.67538],[-74.07552,4.67543],[-74.07553,4.6755],[-74.07553,4.67558],[-74.07554,4.67564],[-74.07559,4.6761],[-74.07563,4.67646],[-74.07565,4.67663],[-74.07566,4.6767],[-74.07565,4.67674],[-74.07564,4.67679]]}},{"type":"Feature","properties":{"id":"583975820","nom":"Avenida Calle 85","tipo":"secondary"},"geometry":{"type":"LineString","coordinates":[[-74.05636,4.67068],[-74.05689,4.67093],[-74.05742,4.67119],[-74.05795,4.67145],[-74.05809,4.67152],[-74.05846,4.67169],[-74.05902,4.67196]]}},{"type":"Feature","properties":{"id":"583975821","nom":"Avenida Calle 85","tipo":"secondary"},"geometry":{"type":"LineString","coordinates":[[-74.05538,4.67008],[-74.05527,4.67008]]}},{"type":"Feature","properties":{"id":"584487050","nom":"Carrera 68A","tipo":"tertiary"},"geometry":{"type":"LineString","coordinates":[[-74.07117,4.69173],[-74.07137,4.69107],[-74.07156,4.69044],[-74.07175,4.68983],[-74.07179,4.68969]]}},{"type":"Feature","properties":{"id":"584487061","nom":"Carrera 70C","tipo":"residential"},"geometry":{"type":"LineString","coordinates":[[-74.08507,4.69456],[-74.08511,4.69452],[-74.08514,4.69447],[-74.0856,4.69394],[-74.08611,4.69338],[-74.08614,4.69336],[-74.08617,4.69334],[-74.08621,4.69334],[-74.08628,4.69336],[-74.08642,4.69343]]}},{"type":"Feature","properties":{"id":"584487063","nom":"Calle 86A","tipo":"tertiary"},"geometry":{"type":"LineString","coordinates":[[-74.08174,4.69076],[-74.08179,4.69081],[-74.08256,4.69213],[-74.08259,4.69218],[-74.08299,4.69289],[-74.08312,4.69306],[-74.08322,4.69317],[-74.08347,4.69338],[-74.08391,4.69359],[-74.08405,4.69368],[-74.08454,4.69408],[-74.08494,4.69444],[-74.08501,4.69451]]}},{"type":"Feature","properties":{"id":"584487064","nom":"Avenida Carrera 70","tipo":"tertiary"},"geometry":{"type":"LineString","coordinates":[[-74.08072,4.69085],[-74.08101,4.6908]]}},{"type":"Feature","properties":{"id":"584487065","nom":"Avenida Carrera 70","tipo":"tertiary"},"geometry":{"type":"LineString","coordinates":[[-74.08101,4.6908],[-74.08107,4.69079],[-74.0813,4.69076],[-74.08151,4.69072],[-74.08164,4.69072],[-74.08169,4.69073],[-74.08174,4.69076]]}},{"type":"Feature","properties":{"id":"584487070","nom":"Avenida Carrera 70","tipo":"tertiary"},"geometry":{"type":"LineString","coordinates":[[-74.08175,4.69065],[-74.08169,4.69064],[-74.0816,4.69064],[-74.08148,4.69066],[-74.08129,4.69069],[-74.08121,4.6907]]}},{"type":"Feature","properties":{"id":"584487071","nom":"Avenida Carrera 70","tipo":"tertiary"},"geometry":{"type":"LineString","coordinates":[[-74.07597,4.69367],[-74.07594,4.69369],[-74.07592,4.69371],[-74.07588,4.69373],[-74.07584,4.69376],[-74.07578,4.69381],[-74.07557,4.69396],[-74.07515,4.69427]]}},{"type":"Feature","properties":{"id":"584487074","nom":"Avenida Carrera 70","tipo":"tertiary"},"geometry":{"type":"LineString","coordinates":[[-74.08101,4.69073],[-74.08072,4.69077]]}},{"type":"Feature","properties":{"id":"584487076","nom":"Calle 87","tipo":"tertiary"},"geometry":{"type":"LineString","coordinates":[[-74.0808,4.68976],[-74.08084,4.68983],[-74.08088,4.68991],[-74.08097,4.69006],[-74.08118,4.69044]]}},{"type":"Feature","properties":{"id":"584487083","nom":"Calle 87","tipo":"tertiary"},"geometry":{"type":"LineString","coordinates":[[-74.08118,4.69044],[-74.08119,4.69052],[-74.08118,4.69059],[-74.08117,4.69061],[-74.08115,4.69066],[-74.08111,4.69072]]}},{"type":"Feature","properties":{"id":"584487085","nom":"Calle 87","tipo":"tertiary"},"geometry":{"type":"LineString","coordinates":[[-74.08148,4.69066],[-74.08142,4.69065],[-74.08137,4.69063],[-74.08132,4.6906],[-74.08128,4.69057],[-74.08125,4.69054],[-74.08121,4.69049],[-74.08118,4.69044]]}},{"type":"Feature","properties":{"id":"584487087","nom":"","tipo":"tertiary_link"},"geometry":{"type":"LineString","coordinates":[[-74.08121,4.6907],[-74.08124,4.69065],[-74.08125,4.69061],[-74.08125,4.6906],[-74.08125,4.69054]]}},{"type":"Feature","properties":{"id":"585215520","nom":"Calle 79A Bis","tipo":"residential"},"geometry":{"type":"LineString","coordinates":[[-74.07814,4.68046],[-74.07776,4.68016]]}},{"type":"Feature","properties":{"id":"597105616","nom":"","tipo":"primary_link"},"geometry":{"type":"LineString","coordinates":[[-74.0551,4.65469],[-74.05513,4.65475],[-74.05516,4.65481],[-74.05519,4.65487],[-74.0552,4.65493],[-74.05522,4.65499],[-74.05523,4.65505]]}},{"type":"Feature","properties":{"id":"600867644","nom":"Avenida Carrera 45","tipo":"trunk"},"geometry":{"type":"LineString","coordinates":[[-74.05735,4.685],[-74.05732,4.68554],[-74.05717,4.68642],[-74.05704,4.68714],[-74.05678,4.68877],[-74.05671,4.68922],[-74.05663,4.68972],[-74.05653,4.69024],[-74.05645,4.69065],[-74.05637,4.6912],[-74.0563,4.69165],[-74.05623,4.692],[-74.05619,4.69222]]}},{"type":"Feature","properties":{"id":"600867645","nom":"Avenida Carrera 45","tipo":"trunk"},"geometry":{"type":"LineString","coordinates":[[-74.05853,4.67808],[-74.0584,4.67894],[-74.05839,4.67904],[-74.05836,4.67924],[-74.05822,4.67998]]}},{"type":"Feature","properties":{"id":"600867646","nom":"Avenida Carrera 45","tipo":"secondary"},"geometry":{"type":"LineString","coordinates":[[-74.05804,4.68023],[-74.0579,4.68074]]}},{"type":"Feature","properties":{"id":"600876138","nom":"Calle 90","tipo":"tertiary"},"geometry":{"type":"LineString","coordinates":[[-74.05815,4.67708],[-74.05771,4.67684],[-74.05762,4.6768],[-74.05747,4.67672],[-74.05676,4.67634]]}},{"type":"Feature","properties":{"id":"601888477","nom":"Avenida Carrera 45","tipo":"trunk"},"geometry":{"type":"LineString","coordinates":[[-74.05772,4.68559],[-74.05775,4.68549],[-74.05777,4.68545],[-74.05777,4.68542],[-74.05781,4.68533]]}},{"type":"Feature","properties":{"id":"601895457","nom":"Avenida Carrera 45","tipo":"trunk"},"geometry":{"type":"LineString","coordinates":[[-74.0585,4.67985],[-74.05854,4.67959],[-74.05859,4.67929],[-74.05868,4.67867],[-74.05872,4.67843],[-74.05877,4.67814]]}},{"type":"Feature","properties":{"id":"601899183","nom":"Diagonal 74 Bis","tipo":"residential"},"geometry":{"type":"LineString","coordinates":[[-74.06297,4.66343],[-74.06297,4.66336]]}},{"type":"Feature","properties":{"id":"602758925","nom":"Carrera 60D","tipo":"residential"},"geometry":{"type":"LineString","coordinates":[[-74.06633,4.6892],[-74.06635,4.68911],[-74.06642,4.68876]]}},{"type":"Feature","properties":{"id":"603088911","nom":"Carrera 66","tipo":"residential"},"geometry":{"type":"LineString","coordinates":[[-74.07917,4.68205],[-74.07911,4.68214],[-74.07906,4.68218],[-74.07901,4.68222]]}},{"type":"Feature","properties":{"id":"603099609","nom":"Calle 79C","tipo":"residential"},"geometry":{"type":"LineString","coordinates":[[-74.07253,4.67698],[-74.07313,4.67738],[-74.07363,4.67771],[-74.07366,4.67772],[-74.07368,4.67772],[-74.07369,4.67771]]}},{"type":"Feature","properties":{"id":"603099614","nom":"Carrera 60","tipo":"residential"},"geometry":{"type":"LineString","coordinates":[[-74.07522,4.67876],[-74.07515,4.6788],[-74.0751,4.67882]]}},{"type":"Feature","properties":{"id":"603099616","nom":"Carrera 60","tipo":"residential"},"geometry":{"type":"LineString","coordinates":[[-74.07517,4.67889],[-74.07519,4.67883],[-74.07522,4.67876]]}},{"type":"Feature","properties":{"id":"603108168","nom":"Carrera 69H","tipo":"tertiary"},"geometry":{"type":"LineString","coordinates":[[-74.08226,4.68857],[-74.08212,4.68868],[-74.08198,4.6888],[-74.08123,4.68941],[-74.08087,4.6897],[-74.0808,4.68976]]}},{"type":"Feature","properties":{"id":"603108171","nom":"Carrera 69H","tipo":"tertiary"},"geometry":{"type":"LineString","coordinates":[[-74.08226,4.68857],[-74.08236,4.68856],[-74.08245,4.68857],[-74.08256,4.68859]]}},{"type":"Feature","properties":{"id":"603108183","nom":"Calle 79","tipo":"residential"},"geometry":{"type":"LineString","coordinates":[[-74.0843,4.69012],[-74.08379,4.68949],[-74.08326,4.68884]]}},{"type":"Feature","properties":{"id":"603108184","nom":"Transversal 69H","tipo":"residential"},"geometry":{"type":"LineString","coordinates":[[-74.08447,4.69028],[-74.08443,4.69029],[-74.08439,4.69028],[-74.08435,4.69027],[-74.08431,4.69026]]}},{"type":"Feature","properties":{"id":"603112664","nom":"Carrera 70C","tipo":"tertiary"},"geometry":{"type":"LineString","coordinates":[[-74.08635,4.69275],[-74.0863,4.69275],[-74.08625,4.69275]]}},{"type":"Feature","properties":{"id":"603112665","nom":"Calle 79C","tipo":"residential"},"geometry":{"type":"LineString","coordinates":[[-74.08635,4.69275],[-74.08604,4.69235],[-74.08588,4.69214],[-74.08587,4.69209]]}},{"type":"Feature","properties":{"id":"603112671","nom":"","tipo":"trunk_link"},"geometry":{"type":"LineString","coordinates":[[-74.08795,4.69567],[-74.08785,4.69567],[-74.08779,4.69565],[-74.08775,4.69563],[-74.08768,4.69558],[-74.08764,4.69554],[-74.08761,4.69551],[-74.08758,4.69544],[-74.08755,4.69535],[-74.08755,4.69526],[-74.08758,4.69517],[-74.08764,4.69507],[-74.08772,4.695],[-74.08783,4.69496],[-74.08793,4.69496],[-74.08803,4.69499],[-74.08815,4.69503]]}},{"type":"Feature","properties":{"id":"605146034","nom":"Carrera 56","tipo":"residential"},"geometry":{"type":"LineString","coordinates":[[-74.06341,4.68346],[-74.06347,4.68307],[-74.06355,4.68246],[-74.06356,4.6824],[-74.06358,4.68226]]}},{"type":"Feature","properties":{"id":"606484558","nom":"Calle 71","tipo":"residential"},"geometry":{"type":"LineString","coordinates":[[-74.07818,4.67042],[-74.07865,4.67078],[-74.07888,4.67095],[-74.0791,4.67112]]}},{"type":"Feature","properties":{"id":"606492778","nom":"Calle 85A","tipo":"residential"},"geometry":{"type":"LineString","coordinates":[[-74.06606,4.67492],[-74.0661,4.67493],[-74.06612,4.67494],[-74.06615,4.67496],[-74.06615,4.67497],[-74.06617,4.67499],[-74.0663,4.67522],[-74.06633,4.67527],[-74.06635,4.67531],[-74.06642,4.6754],[-74.06643,4.67542],[-74.06648,4.67548],[-74.06654,4.67552],[-74.0666,4.67556],[-74.06724,4.67594],[-74.0673,4.67598]]}},{"type":"Feature","properties":{"id":"606492782","nom":"Calle 64A","tipo":"residential"},"geometry":{"type":"LineString","coordinates":[[-74.07871,4.6603],[-74.0792,4.66055],[-74.07974,4.66082],[-74.08032,4.66112],[-74.0809,4.6614],[-74.08095,4.66143],[-74.08209,4.66202]]}},{"type":"Feature","properties":{"id":"606497831","nom":"Calle 67A","tipo":"residential"},"geometry":{"type":"LineString","coordinates":[[-74.07561,4.66302],[-74.07519,4.66273]]}},{"type":"Feature","properties":{"id":"606497836","nom":"","tipo":"trunk_link"},"geometry":{"type":"LineString","coordinates":[[-74.07738,4.66501],[-74.07733,4.66488],[-74.07729,4.66481],[-74.07708,4.66452],[-74.07675,4.66411],[-74.07672,4.66406],[-74.0766,4.66389]]}},{"type":"Feature","properties":{"id":"606497837","nom":"Carrera 57C","tipo":"residential"},"geometry":{"type":"LineString","coordinates":[[-74.0825,4.66689],[-74.08277,4.66655],[-74.0828,4.6665],[-74.08292,4.66634],[-74.08313,4.66606],[-74.08342,4.66569],[-74.08383,4.66515],[-74.08387,4.66511]]}},{"type":"Feature","properties":{"id":"606497840","nom":"Carrera 61","tipo":"residential"},"geometry":{"type":"LineString","coordinates":[[-74.08096,4.67272],[-74.08072,4.67289]]}},{"type":"Feature","properties":{"id":"606504645","nom":"Calle 70","tipo":"tertiary"},"geometry":{"type":"LineString","coordinates":[[-74.08999,4.67924],[-74.08985,4.67912]]}},{"type":"Feature","properties":{"id":"606783350","nom":"Carrera 68C","tipo":"tertiary"},"geometry":{"type":"LineString","coordinates":[[-74.08171,4.68403],[-74.08169,4.6841],[-74.08166,4.68414],[-74.08163,4.68417],[-74.08127,4.68446],[-74.0811,4.68459],[-74.08098,4.68469],[-74.08063,4.68497],[-74.08054,4.68503],[-74.08051,4.68505],[-74.08047,4.68506],[-74.08043,4.68506],[-74.0804,4.68506],[-74.08035,4.68506],[-74.0803,4.68505],[-74.08029,4.68505],[-74.08028,4.68504],[-74.08025,4.68502],[-74.08022,4.68501],[-74.08019,4.68499],[-74.08004,4.68488]]}},{"type":"Feature","properties":{"id":"606783351","nom":"Calle 78 Bis","tipo":"tertiary"},"geometry":{"type":"LineString","coordinates":[[-74.08175,4.68368],[-74.08145,4.6833],[-74.08115,4.68291],[-74.08104,4.68277],[-74.08102,4.68274],[-74.081,4.6827],[-74.08099,4.68265],[-74.08099,4.68258]]}},{"type":"Feature","properties":{"id":"606788816","nom":"Calle 78","tipo":"tertiary"},"geometry":{"type":"LineString","coordinates":[[-74.07603,4.67585],[-74.07561,4.67556]]}},{"type":"Feature","properties":{"id":"606788818","nom":"Carrera 65","tipo":"residential"},"geometry":{"type":"LineString","coordinates":[[-74.07882,4.681],[-74.0784,4.68157],[-74.07827,4.68174],[-74.07814,4.68191],[-74.07801,4.68209]]}},{"type":"Feature","properties":{"id":"608759639","nom":"Carrera 69","tipo":"tertiary"},"geometry":{"type":"LineString","coordinates":[[-74.09203,4.67631],[-74.09175,4.67671],[-74.09167,4.67683],[-74.09149,4.67709],[-74.0914,4.67723],[-74.09137,4.67727],[-74.091,4.6778],[-74.09076,4.67814],[-74.09073,4.67818],[-74.09048,4.67854],[-74.09038,4.67869],[-74.08999,4.67924]]}},{"type":"Feature","properties":{"id":"611628889","nom":"Avenida Calle 92","tipo":"secondary"},"geometry":{"type":"LineString","coordinates":[[-74.05449,4.67708],[-74.05451,4.67709],[-74.05457,4.67712],[-74.05474,4.67721],[-74.05533,4.67752]]}},{"type":"Feature","properties":{"id":"625458509","nom":"Diagonal 71A Bis","tipo":"residential"},"geometry":{"type":"LineString","coordinates":[[-74.06527,4.66135],[-74.06517,4.66095],[-74.06528,4.66078]]}},{"type":"Feature","properties":{"id":"625458511","nom":"Calle 71A","tipo":"residential"},"geometry":{"type":"LineString","coordinates":[[-74.06511,4.66066],[-74.06514,4.66068],[-74.06528,4.66078]]}},{"type":"Feature","properties":{"id":"627031722","nom":"Avenida Carrera 20","tipo":"trunk"},"geometry":{"type":"LineString","coordinates":[[-74.05877,4.67814],[-74.05886,4.67762]]}},{"type":"Feature","properties":{"id":"627031723","nom":"","tipo":"trunk_link"},"geometry":{"type":"LineString","coordinates":[[-74.06061,4.66867],[-74.0606,4.66853],[-74.06058,4.66842],[-74.06058,4.66833],[-74.0606,4.66801]]}},{"type":"Feature","properties":{"id":"627031726","nom":"Avenida Carrera 20","tipo":"secondary"},"geometry":{"type":"LineString","coordinates":[[-74.06004,4.66825],[-74.05992,4.66866],[-74.0599,4.66875],[-74.05986,4.66896],[-74.05979,4.66936],[-74.05978,4.66943],[-74.05975,4.66966],[-74.05969,4.67008],[-74.05967,4.67022],[-74.05955,4.67097],[-74.05945,4.67155],[-74.05938,4.67193],[-74.05938,4.67195],[-74.05937,4.67199]]}},{"type":"Feature","properties":{"id":"627031727","nom":"Avenida Calle 92","tipo":"secondary"},"geometry":{"type":"LineString","coordinates":[[-74.05705,4.67841],[-74.05724,4.67848],[-74.0573,4.6785],[-74.05735,4.67852],[-74.05769,4.67865]]}},{"type":"Feature","properties":{"id":"627844419","nom":"Calle 86A","tipo":"tertiary"},"geometry":{"type":"LineString","coordinates":[[-74.08501,4.69451],[-74.08507,4.69456]]}},{"type":"Feature","properties":{"id":"627844420","nom":"Carrera 65A","tipo":"residential"},"geometry":{"type":"LineString","coordinates":[[-74.08121,4.67864],[-74.08173,4.67797]]}},{"type":"Feature","properties":{"id":"627896607","nom":"Carrera 49A","tipo":"residential"},"geometry":{"type":"LineString","coordinates":[[-74.06223,4.68236],[-74.06245,4.68101],[-74.06246,4.68096]]}},{"type":"Feature","properties":{"id":"639468914","nom":"Calle 76","tipo":"secondary"},"geometry":{"type":"LineString","coordinates":[[-74.05787,4.66206],[-74.05854,4.66249],[-74.05858,4.66251],[-74.05902,4.6628],[-74.05907,4.66283],[-74.05911,4.66285]]}},{"type":"Feature","properties":{"id":"639468916","nom":"Carrera 13","tipo":"residential"},"geometry":{"type":"LineString","coordinates":[[-74.05787,4.66206],[-74.05784,4.66209],[-74.05782,4.66213],[-74.05747,4.66268]]}},{"type":"Feature","properties":{"id":"639468922","nom":"","tipo":"secondary_link"},"geometry":{"type":"LineString","coordinates":[[-74.06205,4.65967],[-74.06208,4.65967],[-74.06211,4.65966],[-74.06213,4.65967],[-74.06216,4.65968],[-74.06303,4.66027],[-74.06321,4.66038]]}},{"type":"Feature","properties":{"id":"639468925","nom":"","tipo":"secondary_link"},"geometry":{"type":"LineString","coordinates":[[-74.06155,4.65926],[-74.06172,4.65938]]}},{"type":"Feature","properties":{"id":"639496171","nom":"Avenida Carrera 70","tipo":"tertiary"},"geometry":{"type":"LineString","coordinates":[[-74.07954,4.69107],[-74.07916,4.69135]]}},{"type":"Feature","properties":{"id":"639496172","nom":"Avenida Carrera 70","tipo":"tertiary"},"geometry":{"type":"LineString","coordinates":[[-74.08072,4.69077],[-74.08067,4.69078],[-74.08064,4.69077],[-74.0806,4.69075],[-74.08058,4.69072],[-74.08041,4.69038],[-74.08037,4.69032],[-74.08033,4.69029],[-74.08029,4.69028],[-74.08025,4.69029],[-74.08021,4.6903],[-74.08017,4.69032],[-74.08003,4.69063],[-74.07998,4.69069],[-74.07993,4.69075],[-74.07985,4.69083],[-74.07964,4.69099],[-74.07958,4.69103],[-74.07954,4.69107]]}},{"type":"Feature","properties":{"id":"639496174","nom":"Avenida Carrera 70","tipo":"tertiary"},"geometry":{"type":"LineString","coordinates":[[-74.07916,4.69145],[-74.07949,4.6912],[-74.07953,4.69117]]}},{"type":"Feature","properties":{"id":"639496175","nom":"Avenida Carrera 70","tipo":"tertiary"},"geometry":{"type":"LineString","coordinates":[[-74.07953,4.69117],[-74.07963,4.69112],[-74.07966,4.6911],[-74.07971,4.69108],[-74.07992,4.69099],[-74.08019,4.69093],[-74.08054,4.69087],[-74.08072,4.69085]]}},{"type":"Feature","properties":{"id":"639496176","nom":"Carrera 70C","tipo":"residential"},"geometry":{"type":"LineString","coordinates":[[-74.08505,4.69446],[-74.08501,4.69451]]}},{"type":"Feature","properties":{"id":"639496177","nom":"Calle 86A","tipo":"tertiary"},"geometry":{"type":"LineString","coordinates":[[-74.0855,4.69495],[-74.08541,4.69483],[-74.08533,4.69474],[-74.08523,4.69464]]}},{"type":"Feature","properties":{"id":"639496178","nom":"Calle 86A","tipo":"tertiary"},"geometry":{"type":"LineString","coordinates":[[-74.08523,4.69464],[-74.0852,4.6946],[-74.08511,4.69452],[-74.08505,4.69446]]}},{"type":"Feature","properties":{"id":"639496180","nom":"Calle 86A","tipo":"tertiary"},"geometry":{"type":"LineString","coordinates":[[-74.08507,4.69456],[-74.08515,4.69465],[-74.0853,4.69481],[-74.08539,4.69492],[-74.08546,4.69501],[-74.08552,4.69511]]}},{"type":"Feature","properties":{"id":"639496182","nom":"Calle 86A","tipo":"tertiary"},"geometry":{"type":"LineString","coordinates":[[-74.08564,4.69521],[-74.08556,4.69504],[-74.08553,4.69499],[-74.0855,4.69495]]}},{"type":"Feature","properties":{"id":"639496184","nom":"Avenida Calle 80","tipo":"trunk"},"geometry":{"type":"LineString","coordinates":[[-74.08527,4.69199],[-74.08545,4.69223],[-74.08553,4.69234]]}},{"type":"Feature","properties":{"id":"639496186","nom":"Avenida Calle 80","tipo":"trunk"},"geometry":{"type":"LineString","coordinates":[[-74.08244,4.68843],[-74.08256,4.68859],[-74.08371,4.69003],[-74.0849,4.69153],[-74.08527,4.69199]]}},{"type":"Feature","properties":{"id":"639759697","nom":"Avenida Calle 72","tipo":"secondary"},"geometry":{"type":"LineString","coordinates":[[-74.07555,4.66938],[-74.07553,4.66937],[-74.07501,4.66896]]}},{"type":"Feature","properties":{"id":"639759698","nom":"Avenida Calle 72","tipo":"secondary"},"geometry":{"type":"LineString","coordinates":[[-74.07622,4.66987],[-74.07586,4.66961],[-74.0756,4.66942],[-74.07557,4.6694],[-74.07555,4.66938]]}},{"type":"Feature","properties":{"id":"639778760","nom":"Avenida Calle 80","tipo":"trunk"},"geometry":{"type":"LineString","coordinates":[[-74.06329,4.66912],[-74.06335,4.6692],[-74.06336,4.66921],[-74.06341,4.66927]]}},{"type":"Feature","properties":{"id":"639807658","nom":"Avenida Carrera 24","tipo":"secondary"},"geometry":{"type":"LineString","coordinates":[[-74.07169,4.65552],[-74.07177,4.65518],[-74.07184,4.65484],[-74.07189,4.65455],[-74.07198,4.65404],[-74.07199,4.65401],[-74.07207,4.65354],[-74.07208,4.65353],[-74.0722,4.65283],[-74.07229,4.65232],[-74.07231,4.6522],[-74.07233,4.65206]]}},{"type":"Feature","properties":{"id":"640083977","nom":"Carrera 65","tipo":"tertiary"},"geometry":{"type":"LineString","coordinates":[[-74.08384,4.67445],[-74.08378,4.67453]]}},{"type":"Feature","properties":{"id":"640083979","nom":"Avenida Calle 68","tipo":"secondary"},"geometry":{"type":"LineString","coordinates":[[-74.08378,4.67453],[-74.0843,4.6753]]}},{"type":"Feature","properties":{"id":"640103782","nom":"Carrera 53","tipo":"secondary"},"geometry":{"type":"LineString","coordinates":[[-74.06267,4.69009],[-74.06267,4.69019],[-74.06267,4.69039],[-74.06267,4.69062],[-74.06267,4.69088],[-74.06267,4.69102],[-74.06266,4.69159],[-74.06266,4.69163]]}},{"type":"Feature","properties":{"id":"640103783","nom":"Carrera 53","tipo":"secondary"},"geometry":{"type":"LineString","coordinates":[[-74.06276,4.69165],[-74.06276,4.6916],[-74.06276,4.69102],[-74.06276,4.69061],[-74.06276,4.69057],[-74.06276,4.69019],[-74.06275,4.6901]]}},{"type":"Feature","properties":{"id":"640103785","nom":"Carrera 53","tipo":"secondary"},"geometry":{"type":"LineString","coordinates":[[-74.06276,4.6919],[-74.06276,4.6917],[-74.06276,4.69165]]}},{"type":"Feature","properties":{"id":"640103787","nom":"Carrera 53","tipo":"secondary"},"geometry":{"type":"LineString","coordinates":[[-74.06273,4.69477],[-74.06273,4.6947]]}},{"type":"Feature","properties":{"id":"640103788","nom":"Carrera 53","tipo":"secondary"},"geometry":{"type":"LineString","coordinates":[[-74.06264,4.6947],[-74.06264,4.69477]]}},{"type":"Feature","properties":{"id":"640103789","nom":"Carrera 53","tipo":"secondary"},"geometry":{"type":"LineString","coordinates":[[-74.06264,4.69477],[-74.06264,4.6948],[-74.06264,4.69496],[-74.06262,4.69638],[-74.06262,4.69644],[-74.06261,4.69715],[-74.06261,4.69721]]}},{"type":"Feature","properties":{"id":"640103790","nom":"Calle 106","tipo":"tertiary"},"geometry":{"type":"LineString","coordinates":[[-74.06264,4.69477],[-74.06273,4.69477]]}},{"type":"Feature","properties":{"id":"645886334","nom":"Carrera 65","tipo":"tertiary"},"geometry":{"type":"LineString","coordinates":[[-74.0676,4.69383],[-74.06765,4.69373],[-74.06779,4.69341],[-74.06809,4.69272],[-74.06822,4.69243],[-74.06824,4.69239],[-74.06833,4.69219],[-74.06853,4.69173],[-74.06866,4.69144]]}},{"type":"Feature","properties":{"id":"645886339","nom":"","tipo":"primary_link"},"geometry":{"type":"LineString","coordinates":[[-74.06485,4.68912],[-74.06493,4.68922],[-74.06496,4.68925],[-74.06498,4.68929],[-74.06501,4.68932],[-74.06506,4.68942],[-74.06518,4.68963]]}},{"type":"Feature","properties":{"id":"645886340","nom":"Carrera 60","tipo":"residential"},"geometry":{"type":"LineString","coordinates":[[-74.0655,4.68719],[-74.0656,4.68652],[-74.06563,4.68633],[-74.06575,4.68557],[-74.06576,4.68554],[-74.06576,4.6855],[-74.06578,4.6854],[-74.06595,4.6838],[-74.06602,4.68332]]}},{"type":"Feature","properties":{"id":"645886341","nom":"","tipo":"primary_link"},"geometry":{"type":"LineString","coordinates":[[-74.06476,4.68811],[-74.0648,4.68837],[-74.0648,4.68845],[-74.06479,4.6885],[-74.06477,4.68855],[-74.06474,4.68859],[-74.06473,4.6886],[-74.06469,4.68864],[-74.06463,4.68867],[-74.06456,4.68869],[-74.06448,4.6887]]}},{"type":"Feature","properties":{"id":"645886344","nom":"","tipo":"tertiary_link"},"geometry":{"type":"LineString","coordinates":[[-74.0624,4.68399],[-74.0624,4.68403],[-74.0624,4.68407],[-74.06242,4.68411],[-74.06246,4.68414],[-74.0625,4.68416],[-74.06255,4.68416]]}},{"type":"Feature","properties":{"id":"645891223","nom":"Calle 95","tipo":"tertiary"},"geometry":{"type":"LineString","coordinates":[[-74.06219,4.68429],[-74.06224,4.6843],[-74.06227,4.6843],[-74.06232,4.68429]]}},{"type":"Feature","properties":{"id":"645891226","nom":"Carrera 49D","tipo":"residential"},"geometry":{"type":"LineString","coordinates":[[-74.06408,4.68123],[-74.06409,4.68113]]}},{"type":"Feature","properties":{"id":"645891232","nom":"Calle 85","tipo":"residential"},"geometry":{"type":"LineString","coordinates":[[-74.06747,4.67548],[-74.06681,4.67506]]}},{"type":"Feature","properties":{"id":"645892368","nom":"Carrera 54","tipo":"residential"},"geometry":{"type":"LineString","coordinates":[[-74.07134,4.67529],[-74.07101,4.67567]]}},{"type":"Feature","properties":{"id":"645892369","nom":"Carrera 53","tipo":"residential"},"geometry":{"type":"LineString","coordinates":[[-74.07076,4.67493],[-74.07072,4.67498],[-74.07062,4.67511]]}},{"type":"Feature","properties":{"id":"645892370","nom":"Calle 79B","tipo":"residential"},"geometry":{"type":"LineString","coordinates":[[-74.0696,4.67422],[-74.07018,4.67457],[-74.07053,4.67479],[-74.07076,4.67493],[-74.07134,4.67529]]}},{"type":"Feature","properties":{"id":"645892371","nom":"Calle 79B","tipo":"residential"},"geometry":{"type":"LineString","coordinates":[[-74.0696,4.67422],[-74.06954,4.67415],[-74.06951,4.67413],[-74.06933,4.67401],[-74.06922,4.67394],[-74.06918,4.67391],[-74.06915,4.67387],[-74.06913,4.67383],[-74.06912,4.67379],[-74.06912,4.67375],[-74.06917,4.67368]]}},{"type":"Feature","properties":{"id":"645893039","nom":"Carrera 50","tipo":"residential"},"geometry":{"type":"LineString","coordinates":[[-74.07181,4.67063],[-74.07206,4.67032],[-74.0723,4.67001],[-74.07279,4.66946],[-74.0728,4.66945],[-74.07282,4.66943],[-74.07339,4.66878],[-74.07378,4.66831],[-74.0738,4.66829],[-74.0738,4.66826],[-74.0738,4.66824],[-74.07379,4.66823],[-74.07379,4.66822],[-74.07377,4.66818],[-74.07376,4.66814],[-74.07376,4.66812],[-74.07376,4.6681],[-74.07377,4.66807],[-74.0738,4.66805],[-74.07383,4.66803],[-74.07388,4.66802],[-74.07391,4.66802],[-74.07394,4.66802],[-74.07398,4.66803],[-74.074,4.66803],[-74.07403,4.66802],[-74.07445,4.66754],[-74.07497,4.66694],[-74.07573,4.66609]]}},{"type":"Feature","properties":{"id":"651118046","nom":"Avenida Calle 72","tipo":"secondary"},"geometry":{"type":"LineString","coordinates":[[-74.08453,4.67637],[-74.08457,4.67635],[-74.0846,4.67635],[-74.08464,4.67635],[-74.08468,4.67636],[-74.08472,4.67638],[-74.08485,4.67648],[-74.0849,4.67652],[-74.08498,4.67656],[-74.0852,4.67667],[-74.08531,4.67672]]}},{"type":"Feature","properties":{"id":"651118047","nom":"Avenida Calle 72","tipo":"secondary"},"geometry":{"type":"LineString","coordinates":[[-74.08453,4.67637],[-74.08454,4.67633],[-74.08454,4.67629],[-74.08452,4.67626],[-74.0845,4.67622],[-74.08447,4.67619],[-74.08392,4.67578],[-74.08328,4.6753],[-74.08322,4.67526]]}},{"type":"Feature","properties":{"id":"651123211","nom":"Carrera 28","tipo":"tertiary"},"geometry":{"type":"LineString","coordinates":[[-74.06504,4.67127],[-74.06501,4.67133],[-74.06495,4.67138],[-74.06486,4.67146],[-74.06485,4.67146],[-74.06482,4.67149],[-74.0648,4.67152],[-74.06479,4.67156],[-74.06478,4.6716],[-74.06477,4.67166],[-74.06469,4.67248]]}},{"type":"Feature","properties":{"id":"655514737","nom":"Calle 66","tipo":"secondary"},"geometry":{"type":"LineString","coordinates":[[-74.07074,4.65725],[-74.07071,4.65723],[-74.07018,4.65685],[-74.06985,4.65662],[-74.06959,4.65643],[-74.06934,4.65625],[-74.06905,4.65605],[-74.06889,4.65594],[-74.06852,4.65568],[-74.06847,4.65564],[-74.06843,4.65561],[-74.06839,4.65559],[-74.06774,4.65513],[-74.06772,4.65511],[-74.06767,4.65508]]}},{"type":"Feature","properties":{"id":"661060784","nom":"Avenida Carrera 30","tipo":"trunk"},"geometry":{"type":"LineString","coordinates":[[-74.07609,4.66462],[-74.07616,4.66456],[-74.0763,4.66448],[-74.07635,4.66445]]}},{"type":"Feature","properties":{"id":"661062292","nom":"","tipo":"trunk_link"},"geometry":{"type":"LineString","coordinates":[[-74.05908,4.67757],[-74.05911,4.67752],[-74.05916,4.67747],[-74.05922,4.67744],[-74.05928,4.67743],[-74.05934,4.67743],[-74.0594,4.67744],[-74.05946,4.67747],[-74.05951,4.67751],[-74.05955,4.67756],[-74.05958,4.67762]]}},{"type":"Feature","properties":{"id":"661062293","nom":"Avenida Carrera 30","tipo":"trunk"},"geometry":{"type":"LineString","coordinates":[[-74.06004,4.67774],[-74.05992,4.67779],[-74.05979,4.67784],[-74.05969,4.67788],[-74.05932,4.67802],[-74.05922,4.67806],[-74.05897,4.67816],[-74.05882,4.67823],[-74.05871,4.67828],[-74.0586,4.67835],[-74.05854,4.67839],[-74.05845,4.67845],[-74.05838,4.67851]]}},{"type":"Feature","properties":{"id":"661062294","nom":"Diagonal 92","tipo":"primary"},"geometry":{"type":"LineString","coordinates":[[-74.05863,4.67933],[-74.0588,4.67925],[-74.05892,4.6792],[-74.05901,4.67917],[-74.05908,4.67915],[-74.05914,4.67913],[-74.05922,4.6791],[-74.05931,4.67905],[-74.05936,4.67901],[-74.05946,4.67893]]}},{"type":"Feature","properties":{"id":"661062759","nom":"","tipo":"trunk_link"},"geometry":{"type":"LineString","coordinates":[[-74.05838,4.6819],[-74.05837,4.68173],[-74.05835,4.68154],[-74.05834,4.68137],[-74.05833,4.68116],[-74.05833,4.68109],[-74.05833,4.68088]]}},{"type":"Feature","properties":{"id":"661062760","nom":"Avenida Carrera 30","tipo":"trunk"},"geometry":{"type":"LineString","coordinates":[[-74.05946,4.67893],[-74.05962,4.67878],[-74.05971,4.67871],[-74.05982,4.67864],[-74.06025,4.6784]]}},{"type":"Feature","properties":{"id":"661065464","nom":"","tipo":"primary_link"},"geometry":{"type":"LineString","coordinates":[[-74.05559,4.68043],[-74.05504,4.68072],[-74.05501,4.68074],[-74.05496,4.68076],[-74.05492,4.68079]]}},{"type":"Feature","properties":{"id":"661074329","nom":"","tipo":"secondary_link"},"geometry":{"type":"LineString","coordinates":[[-74.05719,4.68169],[-74.05721,4.68168],[-74.05723,4.68167],[-74.05725,4.68165],[-74.05725,4.68163],[-74.05725,4.68163],[-74.05725,4.68162],[-74.05725,4.68159],[-74.05725,4.68158],[-74.05723,4.68155]]}},{"type":"Feature","properties":{"id":"661074331","nom":"","tipo":"primary_link"},"geometry":{"type":"LineString","coordinates":[[-74.05584,4.68072],[-74.05633,4.68045],[-74.05685,4.68009]]}},{"type":"Feature","properties":{"id":"661074340","nom":"Avenida Calle 94","tipo":"secondary"},"geometry":{"type":"LineString","coordinates":[[-74.05566,4.68135],[-74.05555,4.68134],[-74.05552,4.68133],[-74.05541,4.68131],[-74.05537,4.6813],[-74.05532,4.68128],[-74.05528,4.68125],[-74.05525,4.68121]]}},{"type":"Feature","properties":{"id":"661074341","nom":"Avenida Calle 94","tipo":"secondary"},"geometry":{"type":"LineString","coordinates":[[-74.0569,4.68164],[-74.05719,4.68169],[-74.05722,4.68169],[-74.05734,4.68171]]}},{"type":"Feature","properties":{"id":"661077745","nom":"Avenida Carrera 30","tipo":"primary"},"geometry":{"type":"LineString","coordinates":[[-74.05945,4.67873],[-74.05959,4.67866],[-74.06013,4.67837],[-74.06088,4.67793]]}},{"type":"Feature","properties":{"id":"669220054","nom":"Calle 67","tipo":"residential"},"geometry":{"type":"LineString","coordinates":[[-74.08306,4.66793],[-74.08343,4.66823]]}},{"type":"Feature","properties":{"id":"669220055","nom":"Carrera 59","tipo":"residential"},"geometry":{"type":"LineString","coordinates":[[-74.08336,4.66754],[-74.08367,4.66714]]}},{"type":"Feature","properties":{"id":"672551623","nom":"Carrera 22A","tipo":"residential"},"geometry":{"type":"LineString","coordinates":[[-74.0614,4.67586],[-74.06133,4.67635]]}},{"type":"Feature","properties":{"id":"672573079","nom":"Carrera 28C","tipo":"residential"},"geometry":{"type":"LineString","coordinates":[[-74.06559,4.67345],[-74.0657,4.67374],[-74.06588,4.67417]]}},{"type":"Feature","properties":{"id":"672573081","nom":"","tipo":"trunk_link"},"geometry":{"type":"LineString","coordinates":[[-74.06333,4.67033],[-74.06338,4.66995],[-74.06341,4.66975],[-74.06343,4.6697],[-74.06345,4.66965],[-74.06349,4.66962],[-74.06352,4.6696],[-74.06357,4.66959],[-74.06362,4.66959],[-74.06365,4.6696],[-74.06369,4.66961]]}},{"type":"Feature","properties":{"id":"672573084","nom":"Carrera 22","tipo":"tertiary"},"geometry":{"type":"LineString","coordinates":[[-74.06169,4.67084],[-74.06174,4.67033],[-74.06178,4.66985],[-74.0618,4.66963],[-74.06185,4.66918],[-74.06189,4.6689]]}},{"type":"Feature","properties":{"id":"672573090","nom":"Carrera 21","tipo":"residential"},"geometry":{"type":"LineString","coordinates":[[-74.06003,4.67657],[-74.06027,4.6752],[-74.06028,4.67514],[-74.06029,4.67509],[-74.06029,4.67507],[-74.06037,4.67462],[-74.06054,4.67363],[-74.06063,4.67309]]}},{"type":"Feature","properties":{"id":"672573097","nom":"Calle 83A","tipo":"residential"},"geometry":{"type":"LineString","coordinates":[[-74.06153,4.67183],[-74.06104,4.67174],[-74.06066,4.67167]]}},{"type":"Feature","properties":{"id":"672573098","nom":"Carrera 21","tipo":"residential"},"geometry":{"type":"LineString","coordinates":[[-74.06059,4.67211],[-74.06066,4.67167],[-74.06079,4.67071]]}},{"type":"Feature","properties":{"id":"672573101","nom":"Avenida Carrera 20","tipo":"trunk"},"geometry":{"type":"LineString","coordinates":[[-74.05962,4.67453],[-74.05989,4.67297],[-74.05991,4.67282],[-74.05995,4.67262]]}},{"type":"Feature","properties":{"id":"672573103","nom":"Carrera 22","tipo":"tertiary"},"geometry":{"type":"LineString","coordinates":[[-74.06203,4.66758],[-74.06204,4.66767],[-74.06204,4.66772],[-74.06203,4.66777],[-74.06203,4.66782],[-74.06201,4.66788],[-74.0619,4.66862],[-74.06189,4.6689]]}},{"type":"Feature","properties":{"id":"672573105","nom":"Calle 80 Bis","tipo":"tertiary"},"geometry":{"type":"LineString","coordinates":[[-74.06086,4.66779],[-74.06105,4.6678],[-74.06154,4.66784],[-74.06198,4.66788],[-74.06201,4.66788]]}},{"type":"Feature","properties":{"id":"672573110","nom":"Calle 83","tipo":"residential"},"geometry":{"type":"LineString","coordinates":[[-74.06079,4.67071],[-74.0612,4.67077],[-74.06169,4.67084]]}},{"type":"Feature","properties":{"id":"672573118","nom":"Carrera 22","tipo":"residential"},"geometry":{"type":"LineString","coordinates":[[-74.06073,4.67669],[-74.0608,4.67627],[-74.0609,4.67567],[-74.06096,4.67531],[-74.06097,4.67525]]}},{"type":"Feature","properties":{"id":"672573119","nom":"Calle 89","tipo":"residential"},"geometry":{"type":"LineString","coordinates":[[-74.06132,4.67709],[-74.06129,4.67708],[-74.06126,4.67706],[-74.06123,4.67704],[-74.06121,4.67701],[-74.06119,4.67698],[-74.06117,4.67693],[-74.06112,4.67683],[-74.0611,4.6768],[-74.06107,4.67676],[-74.06103,4.67674],[-74.06098,4.67673],[-74.06092,4.67672],[-74.06078,4.6767],[-74.06073,4.67669],[-74.06003,4.67657],[-74.05999,4.67657],[-74.05942,4.67647],[-74.0594,4.67646],[-74.05939,4.67646],[-74.05935,4.67644],[-74.05932,4.6764]]}},{"type":"Feature","properties":{"id":"672573121","nom":"Calle 87","tipo":"tertiary"},"geometry":{"type":"LineString","coordinates":[[-74.06097,4.67525],[-74.06149,4.67534],[-74.06186,4.6754],[-74.06198,4.67542],[-74.06231,4.67548],[-74.06233,4.67548],[-74.06243,4.6755],[-74.06249,4.67551],[-74.06253,4.67552],[-74.06256,4.67552]]}},{"type":"Feature","properties":{"id":"672573134","nom":"Avenida Carrera 24","tipo":"secondary"},"geometry":{"type":"LineString","coordinates":[[-74.06292,4.67254],[-74.06287,4.67282]]}},{"type":"Feature","properties":{"id":"672573138","nom":"Avenida Carrera 24","tipo":"secondary"},"geometry":{"type":"LineString","coordinates":[[-74.06228,4.67643],[-74.06227,4.67647],[-74.06225,4.67651],[-74.06224,4.67654],[-74.06223,4.67657],[-74.0622,4.67662],[-74.06213,4.67673]]}},{"type":"Feature","properties":{"id":"672573142","nom":"Avenida Carrera 24","tipo":"secondary"},"geometry":{"type":"LineString","coordinates":[[-74.06273,4.67445],[-74.06278,4.67418],[-74.06288,4.67356],[-74.06289,4.67351],[-74.0629,4.67345]]}},{"type":"Feature","properties":{"id":"672573151","nom":"Avenida Carrera 24","tipo":"secondary"},"geometry":{"type":"LineString","coordinates":[[-74.0629,4.67345],[-74.06291,4.67337],[-74.06298,4.67293],[-74.06301,4.6728],[-74.06306,4.67247],[-74.06307,4.67243],[-74.06308,4.67231],[-74.0631,4.6722],[-74.0632,4.67134],[-74.06326,4.67076]]}},{"type":"Feature","properties":{"id":"672573167","nom":"Calle 85A","tipo":"residential"},"geometry":{"type":"LineString","coordinates":[[-74.0645,4.67374],[-74.06447,4.67374],[-74.06392,4.67364],[-74.06357,4.67357],[-74.06302,4.67347],[-74.06297,4.67347],[-74.0629,4.67345]]}},{"type":"Feature","properties":{"id":"672573172","nom":"Calle 84","tipo":"residential"},"geometry":{"type":"LineString","coordinates":[[-74.06308,4.67231],[-74.06314,4.67231],[-74.06318,4.67232],[-74.06408,4.67241],[-74.06412,4.67242],[-74.06464,4.67248],[-74.06469,4.67248]]}},{"type":"Feature","properties":{"id":"672573173","nom":"Carrera 28","tipo":"tertiary"},"geometry":{"type":"LineString","coordinates":[[-74.06425,4.67507],[-74.06421,4.67536],[-74.0642,4.6754],[-74.06418,4.67547],[-74.06416,4.67551],[-74.06412,4.67558]]}},{"type":"Feature","properties":{"id":"672753922","nom":"Carrera 28","tipo":"tertiary"},"geometry":{"type":"LineString","coordinates":[[-74.06425,4.67507],[-74.06429,4.67507],[-74.06432,4.67504],[-74.06433,4.675],[-74.06435,4.67488],[-74.06451,4.67396],[-74.06451,4.67393],[-74.0645,4.6739],[-74.06447,4.67387]]}},{"type":"Feature","properties":{"id":"675560588","nom":"Carrera 16","tipo":"residential"},"geometry":{"type":"LineString","coordinates":[[-74.06596,4.65414],[-74.06592,4.65418],[-74.06586,4.65422],[-74.06581,4.65426],[-74.06577,4.6543],[-74.06575,4.65435],[-74.06571,4.65455],[-74.0657,4.65462],[-74.06569,4.65471],[-74.06557,4.65542]]}},{"type":"Feature","properties":{"id":"679980657","nom":"Calle 73 Bis","tipo":"residential"},"geometry":{"type":"LineString","coordinates":[[-74.08745,4.68126],[-74.08758,4.68142],[-74.08761,4.68145]]}},{"type":"Feature","properties":{"id":"679988887","nom":"Calle 67G","tipo":"residential"},"geometry":{"type":"LineString","coordinates":[[-74.08459,4.6745],[-74.08461,4.67454],[-74.08523,4.67545]]}},{"type":"Feature","properties":{"id":"679993252","nom":"Carrera 57B","tipo":"residential"},"geometry":{"type":"LineString","coordinates":[[-74.07612,4.67533],[-74.07642,4.67492],[-74.07658,4.6747]]}},{"type":"Feature","properties":{"id":"679994170","nom":"Carrera 57A","tipo":"residential"},"geometry":{"type":"LineString","coordinates":[[-74.07801,4.672],[-74.07773,4.67239],[-74.07771,4.67241],[-74.07745,4.67276]]}},{"type":"Feature","properties":{"id":"679999222","nom":"Carrera 18","tipo":"residential"},"geometry":{"type":"LineString","coordinates":[[-74.05987,4.66526],[-74.05931,4.66624],[-74.05896,4.66688],[-74.05889,4.66699],[-74.05868,4.66735],[-74.05831,4.66801],[-74.05812,4.66834],[-74.0581,4.66839]]}},{"type":"Feature","properties":{"id":"688024155","nom":"","tipo":"primary_link"},"geometry":{"type":"LineString","coordinates":[[-74.05715,4.67995],[-74.05738,4.67995],[-74.05747,4.67995],[-74.05757,4.67997],[-74.05765,4.68],[-74.05773,4.68004],[-74.05779,4.6801],[-74.05782,4.68013],[-74.05786,4.68017],[-74.05789,4.68022],[-74.05792,4.68029],[-74.05793,4.68033],[-74.05794,4.6804],[-74.05793,4.68051],[-74.0579,4.68074]]}},{"type":"Feature","properties":{"id":"701170145","nom":"Transversal 60","tipo":"primary"},"geometry":{"type":"LineString","coordinates":[[-74.06566,4.69088],[-74.06571,4.69102],[-74.06577,4.69114],[-74.06588,4.69136],[-74.06596,4.69151],[-74.06621,4.69194],[-74.06643,4.69232],[-74.06662,4.69265],[-74.06664,4.69269],[-74.06673,4.69284]]}},{"type":"Feature","properties":{"id":"706447138","nom":"Avenida Calle 80","tipo":"trunk"},"geometry":{"type":"LineString","coordinates":[[-74.06504,4.67127],[-74.06549,4.67182],[-74.06578,4.67218],[-74.06604,4.67248]]}},{"type":"Feature","properties":{"id":"708098548","nom":"Calle 71B","tipo":"residential"},"geometry":{"type":"LineString","coordinates":[[-74.06864,4.6628],[-74.06901,4.66305],[-74.06905,4.66314],[-74.06947,4.66345],[-74.06989,4.66374]]}},{"type":"Feature","properties":{"id":"715462838","nom":"Avenida Carrera 45","tipo":"trunk"},"geometry":{"type":"LineString","coordinates":[[-74.0564,4.69377],[-74.05645,4.6934],[-74.05647,4.69328],[-74.05667,4.69211]]}},{"type":"Feature","properties":{"id":"734633050","nom":"Carrera 20C","tipo":"tertiary"},"geometry":{"type":"LineString","coordinates":[[-74.06364,4.66322],[-74.06362,4.66324],[-74.06357,4.66332],[-74.06352,4.66339],[-74.06335,4.66366],[-74.06306,4.66411],[-74.06304,4.66415],[-74.06301,4.6642],[-74.06276,4.66457],[-74.06252,4.66495],[-74.06251,4.66498],[-74.06249,4.665]]}},{"type":"Feature","properties":{"id":"737626236","nom":"Calle 79B","tipo":"residential"},"geometry":{"type":"LineString","coordinates":[[-74.06616,4.67197],[-74.06666,4.67231]]}},{"type":"Feature","properties":{"id":"745941182","nom":"Avenida Calle 80","tipo":"trunk"},"geometry":{"type":"LineString","coordinates":[[-74.08004,4.68488],[-74.08,4.68483],[-74.07994,4.68474],[-74.07957,4.68427]]}},{"type":"Feature","properties":{"id":"745941185","nom":"Avenida Calle 80","tipo":"trunk"},"geometry":{"type":"LineString","coordinates":[[-74.07932,4.68446],[-74.07971,4.68494],[-74.07989,4.68519]]}},{"type":"Feature","properties":{"id":"745961033","nom":"Avenida Calle 80","tipo":"trunk"},"geometry":{"type":"LineString","coordinates":[[-74.07887,4.68339],[-74.07863,4.68309],[-74.07791,4.68222]]}},{"type":"Feature","properties":{"id":"747968296","nom":"Carrera 68A","tipo":"tertiary"},"geometry":{"type":"LineString","coordinates":[[-74.07179,4.68969],[-74.07183,4.68962],[-74.07187,4.68956],[-74.0719,4.6895],[-74.07193,4.68942],[-74.07194,4.68934],[-74.07195,4.68925]]}},{"type":"Feature","properties":{"id":"750263327","nom":"Carrera 58","tipo":"residential"},"geometry":{"type":"LineString","coordinates":[[-74.06465,4.68709],[-74.06477,4.68623]]}},{"type":"Feature","properties":{"id":"771669023","nom":"Calle 93A","tipo":"residential"},"geometry":{"type":"LineString","coordinates":[[-74.06534,4.68201],[-74.06495,4.68195],[-74.06449,4.68189]]}},{"type":"Feature","properties":{"id":"771875915","nom":"Calle 94","tipo":"tertiary"},"geometry":{"type":"LineString","coordinates":[[-74.07275,4.68514],[-74.07238,4.68494]]}},{"type":"Feature","properties":{"id":"771876517","nom":"Carrera 66","tipo":"residential"},"geometry":{"type":"LineString","coordinates":[[-74.07917,4.68205],[-74.07946,4.68167],[-74.0796,4.68148],[-74.07974,4.6813],[-74.08005,4.68091],[-74.08033,4.68055],[-74.08056,4.68025],[-74.08063,4.68016],[-74.08092,4.67979],[-74.08103,4.67966],[-74.08112,4.67959],[-74.08129,4.67948],[-74.08175,4.67916],[-74.08182,4.67911],[-74.08218,4.67886],[-74.08225,4.6788],[-74.08271,4.67848],[-74.08294,4.67834],[-74.08305,4.67827],[-74.08325,4.67821],[-74.0835,4.67815],[-74.08359,4.67814],[-74.08368,4.67814]]}},{"type":"Feature","properties":{"id":"778313606","nom":"Calle 66B","tipo":"residential"},"geometry":{"type":"LineString","coordinates":[[-74.08336,4.66754],[-74.08395,4.66803],[-74.08398,4.66805]]}},{"type":"Feature","properties":{"id":"797122385","nom":"Calle 84A","tipo":"residential"},"geometry":{"type":"LineString","coordinates":[[-74.06292,4.67254],[-74.06286,4.67253],[-74.06279,4.67251],[-74.06204,4.67238],[-74.06146,4.67227],[-74.06059,4.67211]]}},{"type":"Feature","properties":{"id":"797652407","nom":"Calle 84","tipo":"residential"},"geometry":{"type":"LineString","coordinates":[[-74.07474,4.68105],[-74.07424,4.68086]]}},{"type":"Feature","properties":{"id":"798005673","nom":"Calle 104B","tipo":"residential"},"geometry":{"type":"LineString","coordinates":[[-74.05908,4.6929],[-74.05875,4.69285]]}},{"type":"Feature","properties":{"id":"813212220","nom":"Diagonal 74 Bis","tipo":"residential"},"geometry":{"type":"LineString","coordinates":[[-74.06194,4.66343],[-74.06184,4.66344],[-74.06145,4.66347],[-74.06142,4.66348],[-74.0614,4.66351],[-74.06139,4.66354]]}},{"type":"Feature","properties":{"id":"813224239","nom":"Calle 63F","tipo":"tertiary"},"geometry":{"type":"LineString","coordinates":[[-74.07019,4.65523],[-74.0704,4.65527],[-74.071,4.6554],[-74.07152,4.65549],[-74.07155,4.65549],[-74.07158,4.6555]]}},{"type":"Feature","properties":{"id":"813960105","nom":"Carrera 47A","tipo":"residential"},"geometry":{"type":"LineString","coordinates":[[-74.05873,4.69293],[-74.05875,4.69285],[-74.05878,4.69271]]}},{"type":"Feature","properties":{"id":"814229234","nom":"Avenida Carrera 70","tipo":"residential"},"geometry":{"type":"LineString","coordinates":[[-74.08587,4.69209],[-74.08588,4.69206],[-74.08589,4.69204],[-74.08621,4.6918]]}},{"type":"Feature","properties":{"id":"814244557","nom":"Calle 74C","tipo":"residential"},"geometry":{"type":"LineString","coordinates":[[-74.08848,4.6868],[-74.08834,4.6866]]}},{"type":"Feature","properties":{"id":"814246022","nom":"Transversal 70C Bis","tipo":"tertiary"},"geometry":{"type":"LineString","coordinates":[[-74.09025,4.6892],[-74.09023,4.68923],[-74.09001,4.68958],[-74.08991,4.68971],[-74.08979,4.68984],[-74.08969,4.68991],[-74.08964,4.68994],[-74.08942,4.69004],[-74.08922,4.69013],[-74.0888,4.69031]]}},{"type":"Feature","properties":{"id":"814984171","nom":"Diagonal 92","tipo":"primary"},"geometry":{"type":"LineString","coordinates":[[-74.05777,4.67921],[-74.05717,4.67958],[-74.05695,4.67971],[-74.05663,4.67989]]}},{"type":"Feature","properties":{"id":"815043085","nom":"Carrera 68D","tipo":"tertiary"},"geometry":{"type":"LineString","coordinates":[[-74.07986,4.68576],[-74.07991,4.68572],[-74.07997,4.6857],[-74.08006,4.68568],[-74.08013,4.68568],[-74.08019,4.68569],[-74.08026,4.68573],[-74.08033,4.68578]]}},{"type":"Feature","properties":{"id":"815043086","nom":"Calle 87","tipo":"tertiary"},"geometry":{"type":"LineString","coordinates":[[-74.07882,4.68639],[-74.07872,4.68638],[-74.07867,4.68635],[-74.07862,4.68631],[-74.07798,4.68545],[-74.07791,4.68536],[-74.07789,4.68528],[-74.07787,4.68522],[-74.07787,4.68522],[-74.07787,4.68517],[-74.07788,4.68511],[-74.0779,4.68503]]}},{"type":"Feature","properties":{"id":"815057923","nom":"Calle 66A","tipo":"residential"},"geometry":{"type":"LineString","coordinates":[[-74.08996,4.67405],[-74.08988,4.67397],[-74.08987,4.67396],[-74.08985,4.67396],[-74.08983,4.67397]]}},{"type":"Feature","properties":{"id":"815062228","nom":"Calle 71","tipo":"residential"},"geometry":{"type":"LineString","coordinates":[[-74.08279,4.67458],[-74.08265,4.67437]]}},{"type":"Feature","properties":{"id":"815068701","nom":"Transversal 56A","tipo":"residential"},"geometry":{"type":"LineString","coordinates":[[-74.07549,4.67294],[-74.07527,4.67336],[-74.07523,4.67356],[-74.07521,4.67421]]}},{"type":"Feature","properties":{"id":"815068702","nom":"Avenida Calle 72","tipo":"secondary"},"geometry":{"type":"LineString","coordinates":[[-74.07651,4.67018],[-74.0766,4.67025],[-74.07665,4.67028]]}},{"type":"Feature","properties":{"id":"815068703","nom":"Avenida Calle 72","tipo":"secondary"},"geometry":{"type":"LineString","coordinates":[[-74.07652,4.67009],[-74.07628,4.66992]]}},{"type":"Feature","properties":{"id":"815096186","nom":"Avenida Carrera 20","tipo":"trunk"},"geometry":{"type":"LineString","coordinates":[[-74.06086,4.66677],[-74.06088,4.66668],[-74.06094,4.66644],[-74.06098,4.6662],[-74.06101,4.66605],[-74.06102,4.66597],[-74.06103,4.66591],[-74.06104,4.66584]]}},{"type":"Feature","properties":{"id":"815099623","nom":"Calle 81","tipo":"residential"},"geometry":{"type":"LineString","coordinates":[[-74.0596,4.66842],[-74.05956,4.66857]]}},{"type":"Feature","properties":{"id":"815099624","nom":"Calle 81","tipo":"residential"},"geometry":{"type":"LineString","coordinates":[[-74.05929,4.6685],[-74.05933,4.66835]]}},{"type":"Feature","properties":{"id":"815099625","nom":"Calle 81","tipo":"residential"},"geometry":{"type":"LineString","coordinates":[[-74.05992,4.66866],[-74.05986,4.66864],[-74.05956,4.66857],[-74.05929,4.6685]]}},{"type":"Feature","properties":{"id":"819998080","nom":"Carrera 69I","tipo":"residential"},"geometry":{"type":"LineString","coordinates":[[-74.08732,4.68448],[-74.08752,4.68434]]}},{"type":"Feature","properties":{"id":"827211078","nom":"Avenida Calle 80","tipo":"trunk"},"geometry":{"type":"LineString","coordinates":[[-74.06098,4.66582],[-74.0609,4.66579],[-74.06086,4.66579],[-74.06082,4.66578],[-74.06079,4.66578],[-74.06076,4.66579],[-74.06072,4.66581],[-74.06069,4.66583],[-74.06064,4.66588],[-74.0606,4.66592],[-74.06058,4.66597],[-74.06056,4.66602],[-74.06054,4.66612],[-74.0605,4.66638],[-74.06046,4.66658],[-74.06043,4.66674],[-74.06039,4.66691],[-74.06035,4.66706],[-74.06032,4.66715],[-74.06019,4.66748]]}},{"type":"Feature","properties":{"id":"828323803","nom":"Avenida Carrera 24","tipo":"secondary"},"geometry":{"type":"LineString","coordinates":[[-74.06263,4.67615],[-74.06261,4.67613],[-74.06258,4.6761],[-74.06255,4.67606],[-74.06254,4.67601],[-74.06253,4.67595],[-74.06254,4.67586],[-74.06255,4.67573],[-74.06256,4.67563],[-74.06256,4.67557],[-74.06256,4.67552]]}},{"type":"Feature","properties":{"id":"829951928","nom":"Calle 86A","tipo":"residential"},"geometry":{"type":"LineString","coordinates":[[-74.06363,4.67497],[-74.06272,4.67481],[-74.06267,4.6748],[-74.06263,4.6748],[-74.06254,4.67478],[-74.0625,4.67477],[-74.06187,4.67467],[-74.06161,4.67462],[-74.06109,4.67454]]}},{"type":"Feature","properties":{"id":"832115235","nom":"","tipo":"secondary"},"geometry":{"type":"LineString","coordinates":[[-74.08907,4.65927],[-74.08902,4.65916],[-74.08896,4.65908],[-74.08889,4.65901],[-74.08881,4.65897],[-74.08873,4.65895],[-74.08865,4.65893],[-74.08859,4.65893]]}},{"type":"Feature","properties":{"id":"834811026","nom":"Carrera 20A","tipo":"residential"},"geometry":{"type":"LineString","coordinates":[[-74.06208,4.6622],[-74.06206,4.66223],[-74.06198,4.66235],[-74.06154,4.66307],[-74.06149,4.66315]]}},{"type":"Feature","properties":{"id":"836244434","nom":"Calle 63F","tipo":"tertiary"},"geometry":{"type":"LineString","coordinates":[[-74.07428,4.65598],[-74.07358,4.65586],[-74.07348,4.65584],[-74.07294,4.65574]]}},{"type":"Feature","properties":{"id":"836244446","nom":"Avenida Carrera 11","tipo":"secondary"},"geometry":{"type":"LineString","coordinates":[[-74.0587,4.65728],[-74.05881,4.65712]]}},{"type":"Feature","properties":{"id":"837258670","nom":"Carrera 28A","tipo":"tertiary"},"geometry":{"type":"LineString","coordinates":[[-74.07455,4.66001],[-74.07457,4.65998],[-74.07512,4.65918],[-74.07549,4.65863],[-74.07561,4.65847],[-74.07585,4.65811],[-74.07588,4.65805],[-74.07591,4.65798],[-74.07593,4.65786],[-74.07603,4.65726],[-74.07617,4.65631]]}},{"type":"Feature","properties":{"id":"837258671","nom":"Carrera 28A","tipo":"tertiary"},"geometry":{"type":"LineString","coordinates":[[-74.07335,4.66174],[-74.07339,4.66169],[-74.07345,4.6616],[-74.07353,4.66148],[-74.07397,4.66084],[-74.07432,4.66032],[-74.07435,4.66029],[-74.07449,4.66009],[-74.07452,4.66005],[-74.07455,4.66001]]}},{"type":"Feature","properties":{"id":"837258672","nom":"Carrera 19","tipo":"tertiary"},"geometry":{"type":"LineString","coordinates":[[-74.06767,4.65508],[-74.0677,4.65504],[-74.06822,4.65425],[-74.06834,4.65404],[-74.06836,4.654],[-74.06837,4.65397],[-74.06837,4.65395],[-74.06837,4.65389]]}},{"type":"Feature","properties":{"id":"837258673","nom":"Carrera 19","tipo":"tertiary"},"geometry":{"type":"LineString","coordinates":[[-74.06651,4.65689],[-74.06655,4.65683],[-74.06673,4.65656],[-74.06691,4.65627],[-74.06728,4.65569],[-74.06763,4.65514],[-74.06766,4.6551],[-74.06767,4.65508]]}},{"type":"Feature","properties":{"id":"848605637","nom":"Calle 74","tipo":"residential"},"geometry":{"type":"LineString","coordinates":[[-74.0729,4.66952],[-74.07282,4.66943],[-74.07278,4.6694],[-74.07258,4.66923],[-74.07255,4.6692],[-74.07255,4.66918],[-74.07254,4.66915],[-74.07255,4.66913],[-74.07257,4.66899]]}},{"type":"Feature","properties":{"id":"848605638","nom":"Calle 78","tipo":"residential"},"geometry":{"type":"LineString","coordinates":[[-74.06987,4.67218],[-74.06996,4.67213],[-74.07002,4.67211],[-74.07008,4.67211],[-74.07011,4.67211],[-74.07015,4.67212],[-74.07019,4.67214],[-74.07039,4.67227]]}},{"type":"Feature","properties":{"id":"856492865","nom":"Calle 75A","tipo":"residential"},"geometry":{"type":"LineString","coordinates":[[-74.06782,4.66793],[-74.06736,4.66766],[-74.06685,4.66734],[-74.06635,4.66701],[-74.06585,4.66668],[-74.06521,4.66626],[-74.06516,4.66623]]}},{"type":"Feature","properties":{"id":"856959906","nom":"Carrera 25","tipo":"residential"},"geometry":{"type":"LineString","coordinates":[[-74.06757,4.66345],[-74.06754,4.66348],[-74.06715,4.66406]]}},{"type":"Feature","properties":{"id":"856959907","nom":"Carrera 27B","tipo":"residential"},"geometry":{"type":"LineString","coordinates":[[-74.06924,4.66471],[-74.0693,4.66462]]}},{"type":"Feature","properties":{"id":"856959915","nom":"Carrera 23","tipo":"residential"},"geometry":{"type":"LineString","coordinates":[[-74.06691,4.66185],[-74.06734,4.66114],[-74.06736,4.66111],[-74.06738,4.66108],[-74.06767,4.66066],[-74.06791,4.66024],[-74.06822,4.65976],[-74.06846,4.65935]]}},{"type":"Feature","properties":{"id":"856959920","nom":"Avenida Carrera 11","tipo":"secondary"},"geometry":{"type":"LineString","coordinates":[[-74.05339,4.66501],[-74.05341,4.66499],[-74.05385,4.66435],[-74.05388,4.6643],[-74.05389,4.66429],[-74.05391,4.66426],[-74.05407,4.664],[-74.05437,4.66357],[-74.05457,4.66329],[-74.05491,4.6628],[-74.05493,4.66277],[-74.05494,4.66275],[-74.05497,4.66272],[-74.05503,4.66262],[-74.05549,4.66197],[-74.05554,4.66191],[-74.05557,4.66186],[-74.0556,4.66181]]}},{"type":"Feature","properties":{"id":"856959928","nom":"Avenida Carrera 7","tipo":"primary"},"geometry":{"type":"LineString","coordinates":[[-74.05523,4.65541],[-74.05532,4.6552],[-74.05536,4.65508],[-74.05537,4.65504],[-74.0554,4.65496]]}},{"type":"Feature","properties":{"id":"856959929","nom":"","tipo":"primary_link"},"geometry":{"type":"LineString","coordinates":[[-74.05523,4.65541],[-74.05537,4.6552],[-74.0554,4.65517],[-74.05543,4.65515],[-74.05544,4.65514],[-74.05547,4.65513],[-74.0555,4.65512],[-74.05554,4.65512],[-74.05558,4.65514],[-74.0557,4.65518]]}},{"type":"Feature","properties":{"id":"856965789","nom":"Carrera 26","tipo":"residential"},"geometry":{"type":"LineString","coordinates":[[-74.06677,4.66526],[-74.06648,4.6657],[-74.06617,4.66618],[-74.06585,4.66668],[-74.06555,4.66714],[-74.06553,4.66718],[-74.06551,4.6672],[-74.06511,4.66782],[-74.06464,4.66855]]}},{"type":"Feature","properties":{"id":"856965791","nom":"Avenida Carrera 24","tipo":"secondary"},"geometry":{"type":"LineString","coordinates":[[-74.06439,4.66735],[-74.06467,4.66693],[-74.0648,4.66675],[-74.06483,4.66671],[-74.06493,4.66656]]}},{"type":"Feature","properties":{"id":"856965795","nom":"Calle 76","tipo":"secondary"},"geometry":{"type":"LineString","coordinates":[[-74.06249,4.665],[-74.06327,4.66551],[-74.06336,4.66556],[-74.06347,4.66563],[-74.06417,4.66608],[-74.06421,4.6661],[-74.06424,4.66613],[-74.06428,4.66615],[-74.0648,4.66648],[-74.06483,4.6665]]}},{"type":"Feature","properties":{"id":"856965796","nom":"Carrera 20C","tipo":"residential"},"geometry":{"type":"LineString","coordinates":[[-74.06249,4.665],[-74.06247,4.66504],[-74.06224,4.66539],[-74.06202,4.66573],[-74.06198,4.66579]]}},{"type":"Feature","properties":{"id":"856965797","nom":"Calle 76","tipo":"secondary"},"geometry":{"type":"LineString","coordinates":[[-74.0596,4.66317],[-74.05964,4.66319],[-74.05977,4.66327],[-74.06015,4.66352],[-74.06069,4.66386],[-74.06077,4.66391],[-74.0608,4.66393],[-74.06088,4.66398],[-74.06097,4.66403]]}},{"type":"Feature","properties":{"id":"856965798","nom":"Calle 77","tipo":"residential"},"geometry":{"type":"LineString","coordinates":[[-74.05858,4.66383],[-74.05864,4.66387],[-74.05957,4.66439],[-74.05961,4.66442],[-74.05963,4.66443],[-74.05965,4.66444]]}},{"type":"Feature","properties":{"id":"856971562","nom":"Carrera 21A","tipo":"residential"},"geometry":{"type":"LineString","coordinates":[[-74.06128,4.66925],[-74.06137,4.66881]]}},{"type":"Feature","properties":{"id":"856981375","nom":"Carrera 14","tipo":"residential"},"geometry":{"type":"LineString","coordinates":[[-74.05858,4.66251],[-74.05863,4.66244],[-74.05916,4.66166],[-74.0592,4.6616]]}},{"type":"Feature","properties":{"id":"856995351","nom":"Carrera 16","tipo":"residential"},"geometry":{"type":"LineString","coordinates":[[-74.05624,4.66958],[-74.05626,4.66955],[-74.05641,4.6692],[-74.05648,4.66905],[-74.05655,4.66889],[-74.05709,4.66782],[-74.05711,4.66777]]}},{"type":"Feature","properties":{"id":"856995352","nom":"Avenida Calle 85","tipo":"secondary"},"geometry":{"type":"LineString","coordinates":[[-74.05937,4.67199],[-74.05929,4.67195],[-74.05855,4.6716],[-74.05851,4.67158],[-74.058,4.67133],[-74.05748,4.67108],[-74.05694,4.67082],[-74.05671,4.67071]]}},{"type":"Feature","properties":{"id":"856995353","nom":"Avenida Calle 85","tipo":"secondary"},"geometry":{"type":"LineString","coordinates":[[-74.05902,4.67196],[-74.05909,4.672],[-74.05916,4.67205],[-74.05921,4.67208],[-74.05926,4.67212],[-74.05934,4.67218]]}},{"type":"Feature","properties":{"id":"857003626","nom":"Calle 70","tipo":"residential"},"geometry":{"type":"LineString","coordinates":[[-74.06019,4.6551],[-74.06027,4.65511],[-74.06036,4.65514],[-74.06078,4.65546],[-74.06111,4.65571]]}},{"type":"Feature","properties":{"id":"862765602","nom":"","tipo":"trunk_link"},"geometry":{"type":"LineString","coordinates":[[-74.05759,4.68311],[-74.05733,4.68403]]}},{"type":"Feature","properties":{"id":"862765603","nom":"Avenida Carrera 45","tipo":"trunk"},"geometry":{"type":"LineString","coordinates":[[-74.05838,4.67851],[-74.05832,4.67858],[-74.05826,4.67866],[-74.0582,4.67878],[-74.05813,4.67892],[-74.05808,4.67911],[-74.05805,4.67921],[-74.05804,4.67933],[-74.05802,4.67946],[-74.05801,4.67962],[-74.058,4.67982],[-74.058,4.67993],[-74.058,4.68015],[-74.05801,4.68029],[-74.05801,4.68052],[-74.058,4.68061],[-74.058,4.6807],[-74.05795,4.68094],[-74.05782,4.68167],[-74.0577,4.68229]]}},{"type":"Feature","properties":{"id":"878066591","nom":"","tipo":"trunk_link"},"geometry":{"type":"LineString","coordinates":[[-74.06361,4.66908],[-74.06358,4.669],[-74.06357,4.66894],[-74.06356,4.66887],[-74.06355,4.66878],[-74.06355,4.66869]]}},{"type":"Feature","properties":{"id":"879074296","nom":"Calle 97","tipo":"residential"},"geometry":{"type":"LineString","coordinates":[[-74.07124,4.6878],[-74.07071,4.68752],[-74.07018,4.68726],[-74.06973,4.68703],[-74.06972,4.68703],[-74.06969,4.68701]]}},{"type":"Feature","properties":{"id":"904335255","nom":"Avenida Carrera 24","tipo":"secondary"},"geometry":{"type":"LineString","coordinates":[[-74.06493,4.66656],[-74.06516,4.66623]]}},{"type":"Feature","properties":{"id":"904335256","nom":"Avenida Carrera 24","tipo":"secondary"},"geometry":{"type":"LineString","coordinates":[[-74.06568,4.66521],[-74.06554,4.66542],[-74.06539,4.66566]]}},{"type":"Feature","properties":{"id":"904335257","nom":"Avenida Carrera 24","tipo":"secondary"},"geometry":{"type":"LineString","coordinates":[[-74.0651,4.6661],[-74.06494,4.66636],[-74.06483,4.6665]]}},{"type":"Feature","properties":{"id":"904335258","nom":"Avenida Carrera 24","tipo":"secondary"},"geometry":{"type":"LineString","coordinates":[[-74.06548,4.66573],[-74.06563,4.6655],[-74.06578,4.66526]]}},{"type":"Feature","properties":{"id":"904335259","nom":"Calle 75","tipo":"residential"},"geometry":{"type":"LineString","coordinates":[[-74.06548,4.66573],[-74.06539,4.66566]]}},{"type":"Feature","properties":{"id":"905124371","nom":"Carrera 69H","tipo":"tertiary"},"geometry":{"type":"LineString","coordinates":[[-74.08274,4.6882],[-74.08269,4.68824]]}},{"type":"Feature","properties":{"id":"905182460","nom":"Avenida Carrera 24","tipo":"secondary"},"geometry":{"type":"LineString","coordinates":[[-74.0671,4.66296],[-74.06704,4.66305]]}},{"type":"Feature","properties":{"id":"905182461","nom":"Avenida Carrera 24","tipo":"secondary"},"geometry":{"type":"LineString","coordinates":[[-74.06712,4.66312],[-74.06718,4.66303]]}},{"type":"Feature","properties":{"id":"905273083","nom":"Avenida Carrera 45","tipo":"trunk"},"geometry":{"type":"LineString","coordinates":[[-74.05663,4.69108],[-74.05669,4.69069],[-74.05679,4.69012],[-74.05691,4.68939],[-74.05702,4.68874],[-74.05709,4.68817],[-74.05716,4.68768],[-74.05723,4.68726],[-74.05737,4.68651],[-74.05742,4.68624],[-74.05746,4.686],[-74.05752,4.68567],[-74.05771,4.68473],[-74.05782,4.68409],[-74.05791,4.68352],[-74.05798,4.68299],[-74.05802,4.68262],[-74.05805,4.68244]]}},{"type":"Feature","properties":{"id":"905355241","nom":"Carrera 53","tipo":"secondary"},"geometry":{"type":"LineString","coordinates":[[-74.06266,4.6885],[-74.06267,4.68854],[-74.06268,4.68857],[-74.06268,4.6886],[-74.06269,4.68864],[-74.06268,4.68936]]}},{"type":"Feature","properties":{"id":"905365800","nom":"Carrera 57","tipo":"tertiary"},"geometry":{"type":"LineString","coordinates":[[-74.06404,4.68528],[-74.06397,4.6857],[-74.06396,4.68576]]}},{"type":"Feature","properties":{"id":"905365801","nom":"Transversal 55","tipo":"primary"},"geometry":{"type":"LineString","coordinates":[[-74.06461,4.6871],[-74.06451,4.68689],[-74.06433,4.6865],[-74.06423,4.68626],[-74.06417,4.68615]]}},{"type":"Feature","properties":{"id":"905365802","nom":"Transversal 55","tipo":"primary"},"geometry":{"type":"LineString","coordinates":[[-74.06417,4.68615],[-74.06396,4.68576]]}},{"type":"Feature","properties":{"id":"905365803","nom":"Transversal 55","tipo":"primary"},"geometry":{"type":"LineString","coordinates":[[-74.06364,4.68523],[-74.0634,4.68479],[-74.06324,4.68449],[-74.06315,4.68433],[-74.06303,4.68407],[-74.06301,4.68403],[-74.06298,4.68395]]}},{"type":"Feature","properties":{"id":"905399049","nom":"Transversal 60","tipo":"primary"},"geometry":{"type":"LineString","coordinates":[[-74.06554,4.68976],[-74.06548,4.68957],[-74.06544,4.68945],[-74.06541,4.68936],[-74.06539,4.68927]]}},{"type":"Feature","properties":{"id":"905683074","nom":"Transversal 55","tipo":"primary"},"geometry":{"type":"LineString","coordinates":[[-74.06282,4.68306],[-74.06275,4.6833],[-74.06272,4.68342]]}},{"type":"Feature","properties":{"id":"905683075","nom":"Avenida Carrera 50","tipo":"tertiary"},"geometry":{"type":"LineString","coordinates":[[-74.06282,4.68306],[-74.0627,4.68326]]}},{"type":"Feature","properties":{"id":"905683076","nom":"Avenida Carrera 50","tipo":"primary"},"geometry":{"type":"LineString","coordinates":[[-74.06408,4.68123],[-74.064,4.68133],[-74.06377,4.68156],[-74.0637,4.68165],[-74.06349,4.68195]]}},{"type":"Feature","properties":{"id":"905729653","nom":"","tipo":"secondary_link"},"geometry":{"type":"LineString","coordinates":[[-74.06324,4.6603],[-74.06308,4.66017],[-74.06297,4.6601],[-74.06258,4.65982]]}},{"type":"Feature","properties":{"id":"907224108","nom":"Avenida Carrera 15","tipo":"secondary"},"geometry":{"type":"LineString","coordinates":[[-74.05534,4.66992],[-74.05533,4.66996],[-74.05531,4.66999],[-74.05527,4.67008]]}},{"type":"Feature","properties":{"id":"907224109","nom":"Avenida Calle 85","tipo":"secondary"},"geometry":{"type":"LineString","coordinates":[[-74.05533,4.67018],[-74.05584,4.67042]]}},{"type":"Feature","properties":{"id":"907224111","nom":"Avenida Carrera 15","tipo":"secondary"},"geometry":{"type":"LineString","coordinates":[[-74.05588,4.66878],[-74.05574,4.66909],[-74.05569,4.66918],[-74.05564,4.66928],[-74.05557,4.66943]]}},{"type":"Feature","properties":{"id":"907267683","nom":"Avenida Carrera 24","tipo":"secondary"},"geometry":{"type":"LineString","coordinates":[[-74.06663,4.6637],[-74.06623,4.66435],[-74.06603,4.66466],[-74.06601,4.66469],[-74.06598,4.66475]]}},{"type":"Feature","properties":{"id":"907267684","nom":"Avenida Carrera 24","tipo":"secondary"},"geometry":{"type":"LineString","coordinates":[[-74.06598,4.66475],[-74.06594,4.6648],[-74.06568,4.66521]]}},{"type":"Feature","properties":{"id":"907267685","nom":"Calle 74","tipo":"tertiary"},"geometry":{"type":"LineString","coordinates":[[-74.06536,4.66432],[-74.06531,4.66429],[-74.06453,4.6638],[-74.06449,4.66377]]}},{"type":"Feature","properties":{"id":"907267686","nom":"Calle 74","tipo":"tertiary"},"geometry":{"type":"LineString","coordinates":[[-74.06607,4.66481],[-74.06598,4.66475]]}},{"type":"Feature","properties":{"id":"907311755","nom":"Avenida Carrera 15","tipo":"secondary"},"geometry":{"type":"LineString","coordinates":[[-74.05908,4.66292],[-74.05867,4.66366],[-74.05865,4.66369],[-74.05863,4.66372],[-74.05862,4.66374]]}},{"type":"Feature","properties":{"id":"907311756","nom":"Calle 76","tipo":"secondary"},"geometry":{"type":"LineString","coordinates":[[-74.05911,4.66285],[-74.05918,4.6629],[-74.0596,4.66317]]}},{"type":"Feature","properties":{"id":"907311757","nom":"Avenida Carrera 15","tipo":"secondary"},"geometry":{"type":"LineString","coordinates":[[-74.05967,4.66202],[-74.05961,4.6621],[-74.05939,4.66244],[-74.05927,4.6626],[-74.05919,4.66272],[-74.05916,4.66278],[-74.05911,4.66285]]}},{"type":"Feature","properties":{"id":"907311758","nom":"Avenida Carrera 15","tipo":"secondary"},"geometry":{"type":"LineString","coordinates":[[-74.06155,4.65926],[-74.06149,4.65934],[-74.06093,4.66017],[-74.06088,4.66024],[-74.06086,4.66027]]}},{"type":"Feature","properties":{"id":"907629760","nom":"Avenida Carrera 20","tipo":"trunk"},"geometry":{"type":"LineString","coordinates":[[-74.05928,4.67666],[-74.05931,4.67645],[-74.05932,4.6764]]}},{"type":"Feature","properties":{"id":"907629761","nom":"Avenida Carrera 20","tipo":"trunk"},"geometry":{"type":"LineString","coordinates":[[-74.05886,4.67762],[-74.05896,4.67735],[-74.05903,4.67717],[-74.0591,4.67705],[-74.0592,4.67685],[-74.05922,4.67681],[-74.05925,4.67675],[-74.05928,4.67666]]}},{"type":"Feature","properties":{"id":"908021564","nom":"Avenida Calle 72","tipo":"secondary"},"geometry":{"type":"LineString","coordinates":[[-74.06321,4.66038],[-74.06384,4.66083],[-74.06389,4.66087],[-74.06393,4.6609]]}},{"type":"Feature","properties":{"id":"908048934","nom":"Avenida Carrera 20","tipo":"secondary"},"geometry":{"type":"LineString","coordinates":[[-74.05845,4.67723],[-74.05839,4.6776],[-74.05835,4.67779],[-74.05833,4.67791],[-74.05832,4.67798]]}},{"type":"Feature","properties":{"id":"908048936","nom":"Calle 90","tipo":"tertiary"},"geometry":{"type":"LineString","coordinates":[[-74.05845,4.67723],[-74.05833,4.67717],[-74.05815,4.67708]]}},{"type":"Feature","properties":{"id":"908048937","nom":"Avenida Carrera 20","tipo":"secondary"},"geometry":{"type":"LineString","coordinates":[[-74.05855,4.67676],[-74.05845,4.67723]]}},{"type":"Feature","properties":{"id":"908048938","nom":"Avenida Carrera 20","tipo":"secondary"},"geometry":{"type":"LineString","coordinates":[[-74.05884,4.67502],[-74.05883,4.67508],[-74.05873,4.6757],[-74.05869,4.67593]]}},{"type":"Feature","properties":{"id":"908073602","nom":"Avenida Carrera 45","tipo":"trunk"},"geometry":{"type":"LineString","coordinates":[[-74.05701,4.69022],[-74.05704,4.69002],[-74.05708,4.68975],[-74.05714,4.68943]]}},{"type":"Feature","properties":{"id":"908073603","nom":"Avenida Carrera 45","tipo":"trunk"},"geometry":{"type":"LineString","coordinates":[[-74.05732,4.68788],[-74.05731,4.68773],[-74.0573,4.68755],[-74.0573,4.68741],[-74.05732,4.68728],[-74.05741,4.68675],[-74.0575,4.68629],[-74.05756,4.68592],[-74.0576,4.6857],[-74.05764,4.6855],[-74.05773,4.68523],[-74.05779,4.685],[-74.0579,4.68468]]}},{"type":"Feature","properties":{"id":"908073604","nom":"Avenida Carrera 45","tipo":"trunk"},"geometry":{"type":"LineString","coordinates":[[-74.05627,4.69315],[-74.05637,4.69256],[-74.05654,4.69155]]}},{"type":"Feature","properties":{"id":"908073605","nom":"Avenida Carrera 45","tipo":"trunk"},"geometry":{"type":"LineString","coordinates":[[-74.05539,4.69831],[-74.0555,4.69773],[-74.05571,4.6965],[-74.05583,4.69582],[-74.05593,4.69519],[-74.056,4.69484]]}},{"type":"Feature","properties":{"id":"908198140","nom":"","tipo":"secondary"},"geometry":{"type":"LineString","coordinates":[[-74.05467,4.68147],[-74.05473,4.68151],[-74.05479,4.68153],[-74.05486,4.68154],[-74.05493,4.68153],[-74.055,4.68152],[-74.05506,4.68149],[-74.05512,4.68145],[-74.05517,4.6814]]}},{"type":"Feature","properties":{"id":"908270806","nom":"Avenida Carrera 30","tipo":"trunk"},"geometry":{"type":"LineString","coordinates":[[-74.06412,4.67558],[-74.06379,4.67578],[-74.06299,4.67625]]}},{"type":"Feature","properties":{"id":"908312186","nom":"Avenida Carrera 20","tipo":"trunk"},"geometry":{"type":"LineString","coordinates":[[-74.05932,4.6764],[-74.05936,4.6762],[-74.05944,4.67564],[-74.05955,4.67501],[-74.05955,4.67498],[-74.05962,4.67453]]}},{"type":"Feature","properties":{"id":"908572308","nom":"Carrera 47","tipo":"tertiary"},"geometry":{"type":"LineString","coordinates":[[-74.0606,4.67882],[-74.06046,4.67972],[-74.06032,4.68056],[-74.06031,4.6806]]}},{"type":"Feature","properties":{"id":"908572309","nom":"Avenida Carrera 30","tipo":"trunk"},"geometry":{"type":"LineString","coordinates":[[-74.06068,4.67808],[-74.06088,4.67793]]}},{"type":"Feature","properties":{"id":"908572310","nom":"Avenida Carrera 30","tipo":"trunk"},"geometry":{"type":"LineString","coordinates":[[-74.06025,4.6784],[-74.06044,4.67826],[-74.06068,4.67808]]}},{"type":"Feature","properties":{"id":"908674328","nom":"Avenida Carrera 30","tipo":"trunk"},"geometry":{"type":"LineString","coordinates":[[-74.06384,4.67621],[-74.06488,4.67562]]}},{"type":"Feature","properties":{"id":"908674329","nom":"Avenida Carrera 30","tipo":"trunk"},"geometry":{"type":"LineString","coordinates":[[-74.06301,4.67668],[-74.06338,4.67647],[-74.06342,4.67645],[-74.06384,4.67621]]}},{"type":"Feature","properties":{"id":"908674330","nom":"Avenida Carrera 30","tipo":"trunk"},"geometry":{"type":"LineString","coordinates":[[-74.06088,4.67793],[-74.06093,4.6779],[-74.06131,4.67765],[-74.06142,4.67758],[-74.06153,4.67751],[-74.06217,4.67715],[-74.0626,4.67691],[-74.06301,4.67668]]}},{"type":"Feature","properties":{"id":"908891751","nom":"Diagonal 92","tipo":"primary"},"geometry":{"type":"LineString","coordinates":[[-74.05715,4.67995],[-74.05787,4.67971],[-74.05807,4.67962]]}},{"type":"Feature","properties":{"id":"908943327","nom":"Avenida Calle 92","tipo":"secondary"},"geometry":{"type":"LineString","coordinates":[[-74.05634,4.67804],[-74.05639,4.67807],[-74.05705,4.67841]]}},{"type":"Feature","properties":{"id":"908956468","nom":"Carrera 20","tipo":"tertiary"},"geometry":{"type":"LineString","coordinates":[[-74.06046,4.66965],[-74.06061,4.66867]]}},{"type":"Feature","properties":{"id":"909854980","nom":"Avenida Carrera 20","tipo":"secondary"},"geometry":{"type":"LineString","coordinates":[[-74.05832,4.67798],[-74.05828,4.67811],[-74.05824,4.67826]]}},{"type":"Feature","properties":{"id":"909886656","nom":"Diagonal 92","tipo":"primary"},"geometry":{"type":"LineString","coordinates":[[-74.0607,4.67752],[-74.06063,4.67756],[-74.06011,4.67783],[-74.05974,4.67803]]}},{"type":"Feature","properties":{"id":"909886657","nom":"Avenida Carrera 30","tipo":"trunk"},"geometry":{"type":"LineString","coordinates":[[-74.06213,4.67673],[-74.06132,4.67709]]}},{"type":"Feature","properties":{"id":"909886658","nom":"Avenida Carrera 30","tipo":"trunk"},"geometry":{"type":"LineString","coordinates":[[-74.06299,4.67625],[-74.06242,4.67657],[-74.06223,4.67667],[-74.06213,4.67673]]}},{"type":"Feature","properties":{"id":"909981975","nom":"Avenida Carrera 45","tipo":"trunk"},"geometry":{"type":"LineString","coordinates":[[-74.05839,4.68048],[-74.0585,4.67985]]}},{"type":"Feature","properties":{"id":"909981976","nom":"Diagonal 92","tipo":"primary"},"geometry":{"type":"LineString","coordinates":[[-74.05898,4.67837],[-74.05838,4.67871]]}},{"type":"Feature","properties":{"id":"909981977","nom":"Diagonal 92","tipo":"primary"},"geometry":{"type":"LineString","coordinates":[[-74.05974,4.67803],[-74.05944,4.67815],[-74.05918,4.67827],[-74.05898,4.67837]]}},{"type":"Feature","properties":{"id":"909991893","nom":"Avenida Calle 94","tipo":"secondary"},"geometry":{"type":"LineString","coordinates":[[-74.05654,4.68144],[-74.0563,4.68141],[-74.05617,4.6814],[-74.05611,4.6814],[-74.05607,4.68139]]}},{"type":"Feature","properties":{"id":"909991894","nom":"Avenida Carrera 45","tipo":"trunk"},"geometry":{"type":"LineString","coordinates":[[-74.05771,4.68178],[-74.05758,4.68257],[-74.05755,4.6827],[-74.05746,4.68328]]}},{"type":"Feature","properties":{"id":"909991895","nom":"Avenida Carrera 45","tipo":"trunk"},"geometry":{"type":"LineString","coordinates":[[-74.05785,4.68098],[-74.05773,4.68163],[-74.05771,4.68178]]}},{"type":"Feature","properties":{"id":"909991896","nom":"Avenida Carrera 45","tipo":"secondary"},"geometry":{"type":"LineString","coordinates":[[-74.0579,4.68074],[-74.05785,4.68098]]}},{"type":"Feature","properties":{"id":"910328733","nom":"Avenida Carrera 30","tipo":"trunk"},"geometry":{"type":"LineString","coordinates":[[-74.07828,4.6557],[-74.07836,4.65495],[-74.07838,4.65483]]}},{"type":"Feature","properties":{"id":"910328736","nom":"Avenida Carrera 30","tipo":"trunk"},"geometry":{"type":"LineString","coordinates":[[-74.07703,4.66237],[-74.07715,4.66206],[-74.07723,4.66178],[-74.07745,4.66105],[-74.07747,4.66099],[-74.07749,4.66089],[-74.07752,4.66078],[-74.07756,4.66067],[-74.07771,4.66018],[-74.07777,4.65994],[-74.07782,4.65975],[-74.07798,4.6587],[-74.078,4.6586],[-74.07802,4.65845],[-74.07804,4.65833],[-74.07806,4.65822],[-74.07807,4.65809],[-74.07808,4.65801],[-74.07813,4.65737],[-74.07818,4.65678],[-74.07819,4.65665],[-74.07828,4.6557]]}},{"type":"Feature","properties":{"id":"910446629","nom":"Diagonal 92","tipo":"primary"},"geometry":{"type":"LineString","coordinates":[[-74.05884,4.67855],[-74.05806,4.67903],[-74.05777,4.67921]]}},{"type":"Feature","properties":{"id":"910954960","nom":"Calle 93","tipo":"tertiary"},"geometry":{"type":"LineString","coordinates":[[-74.06408,4.68123],[-74.06415,4.68124],[-74.06429,4.68127],[-74.06435,4.68128]]}},{"type":"Feature","properties":{"id":"910954961","nom":"Calle 93","tipo":"tertiary"},"geometry":{"type":"LineString","coordinates":[[-74.06351,4.68114],[-74.06397,4.68121],[-74.06401,4.68122],[-74.06408,4.68123]]}},{"type":"Feature","properties":{"id":"910954962","nom":"Avenida Carrera 50","tipo":"primary"},"geometry":{"type":"LineString","coordinates":[[-74.06574,4.67853],[-74.06567,4.67866],[-74.0656,4.67879]]}},{"type":"Feature","properties":{"id":"910954963","nom":"Avenida Carrera 50","tipo":"primary"},"geometry":{"type":"LineString","coordinates":[[-74.06669,4.67699],[-74.06647,4.67735],[-74.06631,4.67761],[-74.06622,4.67776],[-74.06599,4.67814],[-74.06584,4.67838],[-74.06582,4.67841],[-74.06574,4.67853]]}},{"type":"Feature","properties":{"id":"910966573","nom":"Avenida Calle 80","tipo":"trunk"},"geometry":{"type":"LineString","coordinates":[[-74.06313,4.66848],[-74.06311,4.66846],[-74.0629,4.6682]]}},{"type":"Feature","properties":{"id":"910966574","nom":"Avenida Calle 80","tipo":"trunk"},"geometry":{"type":"LineString","coordinates":[[-74.06337,4.6688],[-74.06331,4.66872],[-74.06313,4.66848]]}},{"type":"Feature","properties":{"id":"910966575","nom":"Avenida Carrera 24","tipo":"secondary"},"geometry":{"type":"LineString","coordinates":[[-74.06359,4.66839],[-74.06343,4.66865],[-74.0634,4.66872],[-74.0634,4.66873],[-74.06337,4.6688]]}},{"type":"Feature","properties":{"id":"910966576","nom":"Avenida Carrera 24","tipo":"secondary"},"geometry":{"type":"LineString","coordinates":[[-74.06383,4.66801],[-74.06359,4.66839]]}},{"type":"Feature","properties":{"id":"911043088","nom":"Avenida Calle 80","tipo":"trunk"},"geometry":{"type":"LineString","coordinates":[[-74.07791,4.68222],[-74.0776,4.68184]]}},{"type":"Feature","properties":{"id":"911053221","nom":"Diagonal 92","tipo":"primary"},"geometry":{"type":"LineString","coordinates":[[-74.05685,4.68009],[-74.05715,4.67995]]}},{"type":"Feature","properties":{"id":"911053222","nom":"Avenida Calle 94","tipo":"secondary"},"geometry":{"type":"LineString","coordinates":[[-74.05693,4.6815],[-74.05673,4.68147],[-74.05654,4.68144]]}},{"type":"Feature","properties":{"id":"913410250","nom":"Avenida Calle 80","tipo":"trunk"},"geometry":{"type":"LineString","coordinates":[[-74.0684,4.67448],[-74.06821,4.67433]]}},{"type":"Feature","properties":{"id":"913410251","nom":"Avenida Carrera 50","tipo":"primary"},"geometry":{"type":"LineString","coordinates":[[-74.06842,4.67361],[-74.06856,4.67348],[-74.06873,4.67332],[-74.06883,4.67324],[-74.06901,4.67306],[-74.06919,4.67285]]}},{"type":"Feature","properties":{"id":"913410252","nom":"Avenida Carrera 50","tipo":"primary"},"geometry":{"type":"LineString","coordinates":[[-74.068,4.67404],[-74.06812,4.6739],[-74.06822,4.6738],[-74.06827,4.67376],[-74.06842,4.67361]]}},{"type":"Feature","properties":{"id":"913910493","nom":"Avenida Calle 80","tipo":"trunk"},"geometry":{"type":"LineString","coordinates":[[-74.06104,4.66584],[-74.06098,4.66582]]}},{"type":"Feature","properties":{"id":"913910494","nom":"Avenida Calle 80","tipo":"trunk"},"geometry":{"type":"LineString","coordinates":[[-74.06179,4.66682],[-74.06165,4.66667],[-74.06153,4.66653],[-74.06141,4.66636],[-74.06117,4.66599],[-74.06114,4.66595],[-74.0611,4.66589],[-74.06107,4.66587],[-74.06104,4.66584]]}},{"type":"Feature","properties":{"id":"914638674","nom":"Carrera 53","tipo":"secondary"},"geometry":{"type":"LineString","coordinates":[[-74.06268,4.68936],[-74.06267,4.69005]]}},{"type":"Feature","properties":{"id":"914668615","nom":"Carrera 28","tipo":"tertiary"},"geometry":{"type":"LineString","coordinates":[[-74.06509,4.6712],[-74.06504,4.67127]]}},{"type":"Feature","properties":{"id":"914670062","nom":"Avenida Calle 80","tipo":"trunk"},"geometry":{"type":"LineString","coordinates":[[-74.06341,4.66927],[-74.06347,4.66934]]}},{"type":"Feature","properties":{"id":"914944179","nom":"Avenida Carrera 13","tipo":"tertiary"},"geometry":{"type":"LineString","coordinates":[[-74.0625,4.65558],[-74.06249,4.65547],[-74.06249,4.65539],[-74.0625,4.65532],[-74.06253,4.65514],[-74.06263,4.65459],[-74.0627,4.65413]]}},{"type":"Feature","properties":{"id":"914963954","nom":"Avenida Carrera 11","tipo":"secondary"},"geometry":{"type":"LineString","coordinates":[[-74.06019,4.6551],[-74.06034,4.6549],[-74.06051,4.65463],[-74.06067,4.65435],[-74.06074,4.6542],[-74.06077,4.65415],[-74.06079,4.65411],[-74.0608,4.65407],[-74.06082,4.65402],[-74.06107,4.65351],[-74.06128,4.65307],[-74.06138,4.65285],[-74.0614,4.65281],[-74.06143,4.65275]]}},{"type":"Feature","properties":{"id":"914963955","nom":"Avenida Calle 72","tipo":"secondary"},"geometry":{"type":"LineString","coordinates":[[-74.05704,4.65591],[-74.05697,4.65586],[-74.05694,4.65584],[-74.05665,4.65564],[-74.05626,4.65536],[-74.05567,4.65495]]}},{"type":"Feature","properties":{"id":"914963956","nom":"Avenida Calle 72","tipo":"secondary"},"geometry":{"type":"LineString","coordinates":[[-74.05766,4.65633],[-74.05714,4.65598],[-74.0571,4.65595],[-74.05704,4.65591]]}},{"type":"Feature","properties":{"id":"914963957","nom":"Carrera 10","tipo":"residential"},"geometry":{"type":"LineString","coordinates":[[-74.05693,4.65759],[-74.05696,4.65755],[-74.05714,4.65727],[-74.05757,4.65662],[-74.0576,4.65657],[-74.05763,4.65653]]}},{"type":"Feature","properties":{"id":"914963958","nom":"Avenida Calle 72","tipo":"secondary"},"geometry":{"type":"LineString","coordinates":[[-74.06047,4.65825],[-74.05984,4.65782],[-74.05954,4.65762],[-74.05946,4.65757],[-74.05941,4.65753],[-74.05892,4.65719],[-74.05886,4.65715],[-74.05881,4.65712]]}},{"type":"Feature","properties":{"id":"914963959","nom":"Avenida Calle 72","tipo":"secondary"},"geometry":{"type":"LineString","coordinates":[[-74.05694,4.65606],[-74.057,4.6561],[-74.05732,4.65632]]}},{"type":"Feature","properties":{"id":"914963960","nom":"Avenida Calle 72","tipo":"secondary"},"geometry":{"type":"LineString","coordinates":[[-74.0557,4.65518],[-74.05681,4.65597],[-74.05687,4.65601],[-74.05694,4.65606]]}},{"type":"Feature","properties":{"id":"915965767","nom":"Diagonal 74 Bis","tipo":"residential"},"geometry":{"type":"LineString","coordinates":[[-74.06242,4.6634],[-74.06201,4.66343],[-74.06194,4.66343]]}},{"type":"Feature","properties":{"id":"916027418","nom":"Avenida Carrera 70","tipo":"tertiary"},"geometry":{"type":"LineString","coordinates":[[-74.0752,4.69435],[-74.07562,4.69403],[-74.07581,4.6939],[-74.07583,4.69388],[-74.07589,4.69383],[-74.07592,4.69381],[-74.07629,4.69355],[-74.07634,4.69351],[-74.07681,4.69317],[-74.07731,4.69281]]}},{"type":"Feature","properties":{"id":"916342407","nom":"Transversal 60C","tipo":"residential"},"geometry":{"type":"LineString","coordinates":[[-74.06576,4.6855],[-74.0658,4.68546],[-74.06584,4.68542],[-74.06625,4.68497]]}},{"type":"Feature","properties":{"id":"916342408","nom":"Calle 97","tipo":"tertiary"},"geometry":{"type":"LineString","coordinates":[[-74.06576,4.6855],[-74.0657,4.68549],[-74.06489,4.68538]]}},{"type":"Feature","properties":{"id":"916342409","nom":"Calle 97","tipo":"tertiary"},"geometry":{"type":"LineString","coordinates":[[-74.06623,4.68557],[-74.06585,4.68551],[-74.0658,4.68551],[-74.06576,4.6855]]}},{"type":"Feature","properties":{"id":"916352633","nom":"Avenida Carrera 70","tipo":"tertiary"},"geometry":{"type":"LineString","coordinates":[[-74.07515,4.69427],[-74.07486,4.69448],[-74.0743,4.69488],[-74.07414,4.695]]}},{"type":"Feature","properties":{"id":"916352634","nom":"Calle 100","tipo":"residential"},"geometry":{"type":"LineString","coordinates":[[-74.07515,4.69427],[-74.0752,4.69435]]}},{"type":"Feature","properties":{"id":"916352635","nom":"Avenida Carrera 70","tipo":"tertiary"},"geometry":{"type":"LineString","coordinates":[[-74.07462,4.69476],[-74.0752,4.69435]]}},{"type":"Feature","properties":{"id":"916352636","nom":"Avenida Carrera 70","tipo":"tertiary"},"geometry":{"type":"LineString","coordinates":[[-74.0742,4.69507],[-74.07462,4.69476]]}},{"type":"Feature","properties":{"id":"916471065","nom":"Calle 77","tipo":"tertiary"},"geometry":{"type":"LineString","coordinates":[[-74.0556,4.66181],[-74.05555,4.66177],[-74.05391,4.66061],[-74.05383,4.66055],[-74.05378,4.66052],[-74.05242,4.65955],[-74.05235,4.6595]]}},{"type":"Feature","properties":{"id":"917897783","nom":"Avenida Calle 85","tipo":"secondary"},"geometry":{"type":"LineString","coordinates":[[-74.05643,4.67057],[-74.0564,4.67056],[-74.05633,4.67052],[-74.05543,4.6701],[-74.05538,4.67008]]}},{"type":"Feature","properties":{"id":"917897784","nom":"Avenida Calle 85","tipo":"secondary"},"geometry":{"type":"LineString","coordinates":[[-74.05584,4.67042],[-74.05623,4.67061],[-74.05632,4.67066],[-74.05634,4.67066],[-74.05636,4.67068]]}},{"type":"Feature","properties":{"id":"917899295","nom":"Calle 77","tipo":"residential"},"geometry":{"type":"LineString","coordinates":[[-74.05862,4.66374],[-74.05856,4.66371],[-74.05815,4.66347],[-74.05813,4.66346]]}},{"type":"Feature","properties":{"id":"917899297","nom":"Avenida Carrera 15","tipo":"secondary"},"geometry":{"type":"LineString","coordinates":[[-74.05862,4.66374],[-74.05858,4.66383]]}},{"type":"Feature","properties":{"id":"917900208","nom":"Calle 87","tipo":"residential"},"geometry":{"type":"LineString","coordinates":[[-74.05524,4.67304],[-74.0547,4.67279],[-74.05415,4.67253]]}},{"type":"Feature","properties":{"id":"917900209","nom":"Calle 87","tipo":"residential"},"geometry":{"type":"LineString","coordinates":[[-74.05576,4.6733],[-74.05524,4.67304]]}},{"type":"Feature","properties":{"id":"918348244","nom":"Avenida Carrera 24","tipo":"secondary"},"geometry":{"type":"LineString","coordinates":[[-74.06249,4.6751],[-74.06246,4.67531],[-74.06245,4.6754],[-74.06244,4.67543],[-74.06243,4.6755]]}},{"type":"Feature","properties":{"id":"918348245","nom":"Avenida Carrera 24","tipo":"secondary"},"geometry":{"type":"LineString","coordinates":[[-74.06263,4.67509],[-74.06265,4.67496],[-74.06267,4.6748],[-74.06268,4.67477],[-74.06273,4.67445]]}},{"type":"Feature","properties":{"id":"918801402","nom":"Carrera 13","tipo":"residential"},"geometry":{"type":"LineString","coordinates":[[-74.06021,4.65865],[-74.05977,4.65929],[-74.0597,4.6594],[-74.05968,4.65942],[-74.05966,4.65946]]}},{"type":"Feature","properties":{"id":"918801403","nom":"","tipo":"secondary_link"},"geometry":{"type":"LineString","coordinates":[[-74.06036,4.65841],[-74.06056,4.65858],[-74.06102,4.6589],[-74.06149,4.65922],[-74.06155,4.65926]]}},{"type":"Feature","properties":{"id":"929026390","nom":"Calle 81","tipo":"tertiary"},"geometry":{"type":"LineString","coordinates":[[-74.0553,4.66624],[-74.05551,4.66638],[-74.05595,4.66667],[-74.05596,4.66668],[-74.056,4.6667]]}},{"type":"Feature","properties":{"id":"929026392","nom":"Calle 81","tipo":"tertiary"},"geometry":{"type":"LineString","coordinates":[[-74.05344,4.66504],[-74.05475,4.66588],[-74.05528,4.66623],[-74.0553,4.66624]]}},{"type":"Feature","properties":{"id":"935246935","nom":"Calle 74A","tipo":"residential"},"geometry":{"type":"LineString","coordinates":[[-74.07998,4.67526],[-74.08036,4.67565]]}},{"type":"Feature","properties":{"id":"935246936","nom":"Calle 74A","tipo":"residential"},"geometry":{"type":"LineString","coordinates":[[-74.08036,4.67565],[-74.08058,4.67589],[-74.08119,4.67651]]}},{"type":"Feature","properties":{"id":"935462714","nom":"Calle 70","tipo":"residential"},"geometry":{"type":"LineString","coordinates":[[-74.06122,4.65579],[-74.06215,4.65648]]}},{"type":"Feature","properties":{"id":"935564493","nom":"Calle 70A","tipo":"residential"},"geometry":{"type":"LineString","coordinates":[[-74.06301,4.65737],[-74.06344,4.65745],[-74.06348,4.65747],[-74.06352,4.65749],[-74.06358,4.65752]]}},{"type":"Feature","properties":{"id":"935565944","nom":"Carrera 14","tipo":"tertiary"},"geometry":{"type":"LineString","coordinates":[[-74.056,4.6667],[-74.05637,4.66603],[-74.05647,4.66586],[-74.05701,4.66494],[-74.0572,4.6646],[-74.05729,4.66446]]}},{"type":"Feature","properties":{"id":"935765426","nom":"Avenida Carrera 15","tipo":"secondary"},"geometry":{"type":"LineString","coordinates":[[-74.05524,4.67014],[-74.05516,4.67031],[-74.05492,4.6708],[-74.05448,4.67169],[-74.05435,4.67197],[-74.05412,4.67246],[-74.0541,4.67251]]}},{"type":"Feature","properties":{"id":"935791626","nom":"Carrera 67A","tipo":"tertiary"},"geometry":{"type":"LineString","coordinates":[[-74.07281,4.68627],[-74.07275,4.68514]]}},{"type":"Feature","properties":{"id":"935791966","nom":"Carrera 66","tipo":"residential"},"geometry":{"type":"LineString","coordinates":[[-74.07066,4.68911],[-74.07056,4.68932],[-74.07055,4.68935],[-74.07052,4.6894],[-74.07049,4.68945]]}},{"type":"Feature","properties":{"id":"935793465","nom":"Carrera 60","tipo":"residential"},"geometry":{"type":"LineString","coordinates":[[-74.06539,4.68806],[-74.0655,4.68719]]}},{"type":"Feature","properties":{"id":"935860883","nom":"Carrera 50","tipo":"tertiary"},"geometry":{"type":"LineString","coordinates":[[-74.06124,4.69138],[-74.06122,4.69145],[-74.06096,4.69296],[-74.0607,4.69456],[-74.06069,4.69462],[-74.06046,4.69603],[-74.06045,4.69612]]}},{"type":"Feature","properties":{"id":"936407007","nom":"Avenida Carrera 60","tipo":"secondary"},"geometry":{"type":"LineString","coordinates":[[-74.08237,4.67033],[-74.08231,4.67044],[-74.08225,4.67054],[-74.08219,4.67065],[-74.08215,4.67073],[-74.08208,4.67084],[-74.08202,4.67093],[-74.08196,4.67099],[-74.0819,4.67107],[-74.08182,4.67113],[-74.08178,4.67118],[-74.08176,4.67119],[-74.08174,4.67121],[-74.08168,4.67126],[-74.0816,4.67132]]}},{"type":"Feature","properties":{"id":"936408093","nom":"Calle 67B","tipo":"residential"},"geometry":{"type":"LineString","coordinates":[[-74.08131,4.6685],[-74.08095,4.66821],[-74.08034,4.66771]]}},{"type":"Feature","properties":{"id":"936413937","nom":"Carrera 58","tipo":"residential"},"geometry":{"type":"LineString","coordinates":[[-74.08082,4.66999],[-74.08086,4.66993],[-74.08113,4.66958]]}},{"type":"Feature","properties":{"id":"936414220","nom":"Calle 66","tipo":"residential"},"geometry":{"type":"LineString","coordinates":[[-74.08216,4.66531],[-74.0828,4.6658],[-74.08313,4.66606]]}},{"type":"Feature","properties":{"id":"936417018","nom":"Carrera 57","tipo":"residential"},"geometry":{"type":"LineString","coordinates":[[-74.08004,4.6681],[-74.08034,4.66771],[-74.08068,4.66726]]}},{"type":"Feature","properties":{"id":"936417479","nom":"Calle 67","tipo":"residential"},"geometry":{"type":"LineString","coordinates":[[-74.08074,4.66614],[-74.08124,4.66653],[-74.08188,4.66701]]}},{"type":"Feature","properties":{"id":"936417480","nom":"Calle 67","tipo":"residential"},"geometry":{"type":"LineString","coordinates":[[-74.07959,4.66525],[-74.08018,4.66571]]}},{"type":"Feature","properties":{"id":"936478287","nom":"Calle 66A","tipo":"residential"},"geometry":{"type":"LineString","coordinates":[[-74.07867,4.66332],[-74.07915,4.66369]]}},{"type":"Feature","properties":{"id":"936478288","nom":"Calle 66A","tipo":"residential"},"geometry":{"type":"LineString","coordinates":[[-74.08076,4.66495],[-74.08125,4.66533],[-74.08134,4.66539],[-74.08182,4.66576],[-74.08246,4.66624]]}},{"type":"Feature","properties":{"id":"936494980","nom":"Carrera 36A","tipo":"residential"},"geometry":{"type":"LineString","coordinates":[[-74.07846,4.65805],[-74.07871,4.65745],[-74.0797,4.65503]]}},{"type":"Feature","properties":{"id":"936732779","nom":"Calle 74","tipo":"tertiary"},"geometry":{"type":"LineString","coordinates":[[-74.06134,4.66169],[-74.06089,4.66139],[-74.06065,4.66122]]}},{"type":"Feature","properties":{"id":"936871371","nom":"Avenida Carrera 60","tipo":"secondary"},"geometry":{"type":"LineString","coordinates":[[-74.08907,4.65927],[-74.08906,4.65916],[-74.08906,4.65909],[-74.08908,4.65896],[-74.08913,4.65878],[-74.08918,4.65862],[-74.08925,4.65845],[-74.08953,4.65783],[-74.0898,4.65726],[-74.08991,4.65702],[-74.09026,4.65622],[-74.09099,4.65454],[-74.09116,4.65419],[-74.09131,4.65391],[-74.09146,4.65367]]}},{"type":"Feature","properties":{"id":"938877853","nom":"Avenida Carrera 45","tipo":"trunk"},"geometry":{"type":"LineString","coordinates":[[-74.05571,4.69372],[-74.0557,4.69375],[-74.05564,4.6942],[-74.05557,4.69457],[-74.05555,4.69468],[-74.0554,4.69566]]}},{"type":"Feature","properties":{"id":"938877854","nom":"Avenida Carrera 45","tipo":"trunk"},"geometry":{"type":"LineString","coordinates":[[-74.05609,4.69138],[-74.05606,4.6916],[-74.05604,4.69171],[-74.05601,4.69186],[-74.056,4.69193],[-74.05592,4.69244],[-74.05588,4.69269]]}},{"type":"Feature","properties":{"id":"939315477","nom":"Avenida Calle 72","tipo":"secondary"},"geometry":{"type":"LineString","coordinates":[[-74.05732,4.65632],[-74.05763,4.65653]]}},{"type":"Feature","properties":{"id":"940554457","nom":"Avenida Calle 80","tipo":"trunk"},"geometry":{"type":"LineString","coordinates":[[-74.06828,4.67473],[-74.06841,4.67483]]}},{"type":"Feature","properties":{"id":"941334786","nom":"Avenida Carrera 30","tipo":"trunk"},"geometry":{"type":"LineString","coordinates":[[-74.07439,4.66619],[-74.07374,4.66696]]}},{"type":"Feature","properties":{"id":"941334787","nom":"Avenida Carrera 30","tipo":"trunk"},"geometry":{"type":"LineString","coordinates":[[-74.07601,4.66315],[-74.0759,4.66359],[-74.0758,4.66396],[-74.07571,4.66422],[-74.07564,4.66442],[-74.07558,4.66457]]}},{"type":"Feature","properties":{"id":"956978856","nom":"Avenida Calle 80","tipo":"trunk"},"geometry":{"type":"LineString","coordinates":[[-74.08327,4.68897],[-74.08323,4.68892],[-74.08269,4.68824]]}},{"type":"Feature","properties":{"id":"958618316","nom":"Avenida Calle 80","tipo":"trunk"},"geometry":{"type":"LineString","coordinates":[[-74.08598,4.69241],[-74.08574,4.69211]]}},{"type":"Feature","properties":{"id":"961106548","nom":"Avenida Carrera 24","tipo":"secondary"},"geometry":{"type":"LineString","coordinates":[[-74.06346,4.66891],[-74.06348,4.66884],[-74.0635,4.66879],[-74.06355,4.66869]]}},{"type":"Feature","properties":{"id":"961106549","nom":"Avenida Calle 80","tipo":"trunk"},"geometry":{"type":"LineString","coordinates":[[-74.06361,4.66908],[-74.06352,4.66897],[-74.06349,4.66894],[-74.06346,4.66891]]}},{"type":"Feature","properties":{"id":"963753853","nom":"Calle 93","tipo":"tertiary"},"geometry":{"type":"LineString","coordinates":[[-74.05975,4.68051],[-74.06026,4.6806],[-74.06031,4.6806]]}},{"type":"Feature","properties":{"id":"963753854","nom":"Carrera 47","tipo":"residential"},"geometry":{"type":"LineString","coordinates":[[-74.06031,4.6806],[-74.06031,4.68065],[-74.06008,4.682]]}},{"type":"Feature","properties":{"id":"963753855","nom":"Calle 93","tipo":"tertiary"},"geometry":{"type":"LineString","coordinates":[[-74.06031,4.6806],[-74.06083,4.68069],[-74.06087,4.68069]]}},{"type":"Feature","properties":{"id":"992508689","nom":"Carrera 60","tipo":"residential"},"geometry":{"type":"LineString","coordinates":[[-74.07687,4.67651],[-74.07657,4.67689],[-74.07632,4.67724],[-74.07629,4.67728]]}},{"type":"Feature","properties":{"id":"992519219","nom":"Carrera 55B","tipo":"residential"},"geometry":{"type":"LineString","coordinates":[[-74.07442,4.67482],[-74.07433,4.67492],[-74.07374,4.67559],[-74.07322,4.67619],[-74.07318,4.67623]]}},{"type":"Feature","properties":{"id":"992519222","nom":"Carrera 54","tipo":"residential"},"geometry":{"type":"LineString","coordinates":[[-74.07174,4.67482],[-74.07134,4.67529]]}},{"type":"Feature","properties":{"id":"992519224","nom":"Carrera 54","tipo":"residential"},"geometry":{"type":"LineString","coordinates":[[-74.07218,4.6743],[-74.07213,4.67435],[-74.07201,4.6745],[-74.07174,4.67482]]}},{"type":"Feature","properties":{"id":"992519225","nom":"Calle 78","tipo":"residential"},"geometry":{"type":"LineString","coordinates":[[-74.06634,4.66965],[-74.0663,4.66962],[-74.06593,4.66939],[-74.0657,4.66923],[-74.06564,4.6692],[-74.06514,4.66888],[-74.06469,4.66858],[-74.06464,4.66855],[-74.06458,4.66851],[-74.06399,4.66812],[-74.06396,4.6681],[-74.06393,4.66808]]}},{"type":"Feature","properties":{"id":"992557783","nom":"Calle 102A","tipo":"tertiary"},"geometry":{"type":"LineString","coordinates":[[-74.06148,4.6899],[-74.06155,4.68991],[-74.06216,4.69001],[-74.06263,4.69008],[-74.06267,4.69009]]}},{"type":"Feature","properties":{"id":"992557786","nom":"Calle 97","tipo":"tertiary"},"geometry":{"type":"LineString","coordinates":[[-74.06489,4.68538],[-74.06404,4.68528]]}},{"type":"Feature","properties":{"id":"992564770","nom":"Calle 67","tipo":"tertiary"},"geometry":{"type":"LineString","coordinates":[[-74.07553,4.66195],[-74.07556,4.66197],[-74.07609,4.66235],[-74.07612,4.66237],[-74.07614,4.66238],[-74.0762,4.66242]]}},{"type":"Feature","properties":{"id":"992739290","nom":"Carrera 68B","tipo":"tertiary"},"geometry":{"type":"LineString","coordinates":[[-74.07259,4.69069],[-74.07245,4.69079]]}},{"type":"Feature","properties":{"id":"992739292","nom":"Calle 103","tipo":"tertiary"},"geometry":{"type":"LineString","coordinates":[[-74.07171,4.69338],[-74.07174,4.69343],[-74.07185,4.69358],[-74.07258,4.69457],[-74.0733,4.69553],[-74.07331,4.69555],[-74.07334,4.69558]]}},{"type":"Feature","properties":{"id":"1001804860","nom":"Avenida Carrera 60","tipo":"secondary"},"geometry":{"type":"LineString","coordinates":[[-74.08164,4.67137],[-74.08172,4.67132],[-74.08178,4.67128],[-74.08214,4.67104]]}},{"type":"Feature","properties":{"id":"1003076650","nom":"Avenida Carrera 24","tipo":"secondary"},"geometry":{"type":"LineString","coordinates":[[-74.0676,4.66236],[-74.06769,4.66221]]}},{"type":"Feature","properties":{"id":"1003076651","nom":"Avenida Carrera 24","tipo":"secondary"},"geometry":{"type":"LineString","coordinates":[[-74.06769,4.66221],[-74.06786,4.66194],[-74.0681,4.66157],[-74.06888,4.66032],[-74.06923,4.65976],[-74.06961,4.65915],[-74.06963,4.65912],[-74.06966,4.65907]]}},{"type":"Feature","properties":{"id":"1008197916","nom":"Avenida Carrera 60","tipo":"secondary"},"geometry":{"type":"LineString","coordinates":[[-74.0891,4.65796],[-74.08879,4.65866],[-74.08875,4.65874],[-74.0887,4.65881],[-74.08867,4.65886],[-74.08859,4.65893]]}},{"type":"Feature","properties":{"id":"1008200329","nom":"Avenida Carrera 60","tipo":"secondary"},"geometry":{"type":"LineString","coordinates":[[-74.08718,4.6622],[-74.08685,4.66294],[-74.08665,4.66338],[-74.08658,4.66355]]}},{"type":"Feature","properties":{"id":"1008200330","nom":"Avenida Carrera 60","tipo":"secondary"},"geometry":{"type":"LineString","coordinates":[[-74.08817,4.65972],[-74.08817,4.65983],[-74.08816,4.65993],[-74.08814,4.66002],[-74.08813,4.66008],[-74.08811,4.66015],[-74.08809,4.66023],[-74.08782,4.66082],[-74.08757,4.66132],[-74.08729,4.66196]]}},{"type":"Feature","properties":{"id":"1008204810","nom":"Calle 67B","tipo":"residential"},"geometry":{"type":"LineString","coordinates":[[-74.08291,4.67015],[-74.08296,4.67019],[-74.08374,4.6708],[-74.08419,4.67112]]}},{"type":"Feature","properties":{"id":"1008742785","nom":"","tipo":"secondary_link"},"geometry":{"type":"LineString","coordinates":[[-74.08395,4.6743],[-74.0839,4.67432],[-74.08385,4.67432],[-74.0838,4.67431],[-74.08374,4.67429]]}},{"type":"Feature","properties":{"id":"1008742786","nom":"Avenida Calle 72","tipo":"secondary"},"geometry":{"type":"LineString","coordinates":[[-74.08988,4.6821],[-74.08971,4.68192],[-74.08954,4.68174],[-74.08939,4.68157],[-74.08909,4.68124],[-74.0888,4.68092]]}},{"type":"Feature","properties":{"id":"1008742787","nom":"Carrera 68H","tipo":"tertiary"},"geometry":{"type":"LineString","coordinates":[[-74.08985,4.67912],[-74.0897,4.67927],[-74.08939,4.67957],[-74.08914,4.67981],[-74.0891,4.67985],[-74.08908,4.67987],[-74.08877,4.68018],[-74.08856,4.68038],[-74.08852,4.68042],[-74.08846,4.68047],[-74.08841,4.6805]]}},{"type":"Feature","properties":{"id":"1008752630","nom":"Carrera 29B","tipo":"secondary"},"geometry":{"type":"LineString","coordinates":[[-74.07553,4.66195],[-74.0761,4.66114],[-74.07612,4.66112]]}},{"type":"Feature","properties":{"id":"1008752631","nom":"Carrera 54","tipo":"residential"},"geometry":{"type":"LineString","coordinates":[[-74.07846,4.66672],[-74.07852,4.66664]]}},{"type":"Feature","properties":{"id":"1008752632","nom":"Avenida Calle 68","tipo":"secondary"},"geometry":{"type":"LineString","coordinates":[[-74.07852,4.66664],[-74.07848,4.66659],[-74.07781,4.66563],[-74.07779,4.6656],[-74.07774,4.66552]]}},{"type":"Feature","properties":{"id":"1008907127","nom":"Calle 70","tipo":"residential"},"geometry":{"type":"LineString","coordinates":[[-74.0752,4.665],[-74.07501,4.66485],[-74.07499,4.66483]]}},{"type":"Feature","properties":{"id":"1008907128","nom":"Avenida Calle 68","tipo":"secondary"},"geometry":{"type":"LineString","coordinates":[[-74.07335,4.66174],[-74.07353,4.66187],[-74.07384,4.66209],[-74.07395,4.66217],[-74.07427,4.6624],[-74.0743,4.66242],[-74.07468,4.6627]]}},{"type":"Feature","properties":{"id":"1008912664","nom":"Calle 74","tipo":"tertiary"},"geometry":{"type":"LineString","coordinates":[[-74.07172,4.66861],[-74.07131,4.66831],[-74.07091,4.668]]}},{"type":"Feature","properties":{"id":"1008912665","nom":"Calle 74","tipo":"tertiary"},"geometry":{"type":"LineString","coordinates":[[-74.07213,4.66888],[-74.0721,4.66888],[-74.07207,4.66887],[-74.07172,4.66861]]}},{"type":"Feature","properties":{"id":"1008912666","nom":"Carrera 29C","tipo":"residential"},"geometry":{"type":"LineString","coordinates":[[-74.07298,4.66718],[-74.07298,4.66722],[-74.07299,4.66728],[-74.073,4.66736],[-74.07301,4.66739],[-74.073,4.66743],[-74.07298,4.66746],[-74.07296,4.66747],[-74.07293,4.66748],[-74.07289,4.66747],[-74.07279,4.66745],[-74.07276,4.66745],[-74.07274,4.66746]]}},{"type":"Feature","properties":{"id":"1008912667","nom":"Carrera 29C","tipo":"residential"},"geometry":{"type":"LineString","coordinates":[[-74.07499,4.66483],[-74.07445,4.66547],[-74.07437,4.66556],[-74.07426,4.66569],[-74.0742,4.66576],[-74.0739,4.6661],[-74.07337,4.6667],[-74.07303,4.66712],[-74.07298,4.66718]]}},{"type":"Feature","properties":{"id":"1008921326","nom":"Calle 76","tipo":"secondary"},"geometry":{"type":"LineString","coordinates":[[-74.06171,4.66451],[-74.06175,4.66453],[-74.06244,4.66497],[-74.06247,4.66498],[-74.06249,4.665]]}},{"type":"Feature","properties":{"id":"1008921328","nom":"Calle 74","tipo":"tertiary"},"geometry":{"type":"LineString","coordinates":[[-74.06208,4.6622],[-74.06205,4.66218],[-74.06167,4.66192],[-74.06163,4.66189],[-74.06157,4.66185]]}},{"type":"Feature","properties":{"id":"1008936092","nom":"Carrera 20B","tipo":"tertiary"},"geometry":{"type":"LineString","coordinates":[[-74.06104,4.66584],[-74.06107,4.66565],[-74.0611,4.66553],[-74.06111,4.66548],[-74.06114,4.66541],[-74.06116,4.66535],[-74.0612,4.66529]]}},{"type":"Feature","properties":{"id":"1008972238","nom":"Avenida Calle 68","tipo":"secondary"},"geometry":{"type":"LineString","coordinates":[[-74.08419,4.67496],[-74.08389,4.67452],[-74.08384,4.67445]]}},{"type":"Feature","properties":{"id":"1008972239","nom":"Avenida Calle 68","tipo":"secondary"},"geometry":{"type":"LineString","coordinates":[[-74.08552,4.67688],[-74.08486,4.67594]]}},{"type":"Feature","properties":{"id":"1009674515","nom":"Calle 64","tipo":"residential"},"geometry":{"type":"LineString","coordinates":[[-74.07019,4.65523],[-74.07036,4.65539]]}},{"type":"Feature","properties":{"id":"1009674516","nom":"Calle 64","tipo":"tertiary"},"geometry":{"type":"LineString","coordinates":[[-74.06977,4.65493],[-74.07019,4.65523]]}},{"type":"Feature","properties":{"id":"1009693943","nom":"Calle 76","tipo":"secondary"},"geometry":{"type":"LineString","coordinates":[[-74.06483,4.6665],[-74.06493,4.66656]]}},{"type":"Feature","properties":{"id":"1009697231","nom":"Calle 63D Bis","tipo":"residential"},"geometry":{"type":"LineString","coordinates":[[-74.0744,4.65529],[-74.07389,4.65521]]}},{"type":"Feature","properties":{"id":"1009697234","nom":"Calle 64","tipo":"tertiary"},"geometry":{"type":"LineString","coordinates":[[-74.07721,4.6585],[-74.07716,4.65848],[-74.07713,4.65847],[-74.07711,4.65846],[-74.07683,4.65835]]}},{"type":"Feature","properties":{"id":"1009697238","nom":"Carrera 28B","tipo":"residential"},"geometry":{"type":"LineString","coordinates":[[-74.07694,4.65763],[-74.07689,4.65797],[-74.07683,4.65835]]}},{"type":"Feature","properties":{"id":"1009698838","nom":"Calle 74","tipo":"tertiary"},"geometry":{"type":"LineString","coordinates":[[-74.06449,4.66377],[-74.06378,4.66331]]}},{"type":"Feature","properties":{"id":"1009698839","nom":"Calle 70","tipo":"residential"},"geometry":{"type":"LineString","coordinates":[[-74.07445,4.66444],[-74.07443,4.66442],[-74.07394,4.66406]]}},{"type":"Feature","properties":{"id":"1009710032","nom":"Diagonal 74 Bis","tipo":"residential"},"geometry":{"type":"LineString","coordinates":[[-74.06378,4.66331],[-74.06366,4.66332],[-74.06363,4.66332],[-74.06357,4.66332]]}},{"type":"Feature","properties":{"id":"1009710033","nom":"Carrera 20","tipo":"tertiary"},"geometry":{"type":"LineString","coordinates":[[-74.06511,4.66066],[-74.065,4.66083],[-74.06473,4.66122],[-74.06472,4.66124],[-74.06468,4.66129]]}},{"type":"Feature","properties":{"id":"1009719029","nom":"Calle 75","tipo":"residential"},"geometry":{"type":"LineString","coordinates":[[-74.06149,4.66315],[-74.06187,4.66339],[-74.06194,4.66343]]}},{"type":"Feature","properties":{"id":"1009720964","nom":"Avenida Calle 72","tipo":"secondary"},"geometry":{"type":"LineString","coordinates":[[-74.06718,4.66316],[-74.06729,4.66324],[-74.06757,4.66345]]}},{"type":"Feature","properties":{"id":"1009720965","nom":"Avenida Calle 72","tipo":"secondary"},"geometry":{"type":"LineString","coordinates":[[-74.06763,4.66336],[-74.06752,4.66327],[-74.06727,4.66309],[-74.06723,4.66307],[-74.06718,4.66303]]}},{"type":"Feature","properties":{"id":"1009720966","nom":"Carrera 26","tipo":"residential"},"geometry":{"type":"LineString","coordinates":[[-74.06798,4.66376],[-74.06804,4.66367]]}},{"type":"Feature","properties":{"id":"1010781089","nom":"Calle 97","tipo":"tertiary"},"geometry":{"type":"LineString","coordinates":[[-74.08054,4.69543],[-74.08041,4.69525],[-74.08012,4.69482],[-74.08007,4.69479]]}},{"type":"Feature","properties":{"id":"1010781090","nom":"Calle 97","tipo":"tertiary"},"geometry":{"type":"LineString","coordinates":[[-74.08007,4.69479],[-74.08006,4.69485],[-74.08034,4.69529],[-74.0804,4.69537],[-74.08041,4.6954],[-74.08041,4.69543],[-74.08037,4.69548]]}},{"type":"Feature","properties":{"id":"1011917266","nom":"Avenida Calle 80","tipo":"trunk"},"geometry":{"type":"LineString","coordinates":[[-74.08642,4.69343],[-74.08699,4.69404],[-74.08729,4.69435]]}},{"type":"Feature","properties":{"id":"1011917267","nom":"Avenida Calle 80","tipo":"trunk"},"geometry":{"type":"LineString","coordinates":[[-74.08553,4.69234],[-74.08613,4.69308],[-74.08642,4.69343]]}},{"type":"Feature","properties":{"id":"1012495002","nom":"Avenida Carrera 24","tipo":"secondary"},"geometry":{"type":"LineString","coordinates":[[-74.06243,4.6755],[-74.06241,4.6756],[-74.06238,4.67579],[-74.06228,4.67643]]}},{"type":"Feature","properties":{"id":"1012499764","nom":"Diagonal 92","tipo":"primary"},"geometry":{"type":"LineString","coordinates":[[-74.05663,4.67989],[-74.0562,4.68015]]}},{"type":"Feature","properties":{"id":"1012499765","nom":"Diagonal 92","tipo":"primary"},"geometry":{"type":"LineString","coordinates":[[-74.06213,4.67673],[-74.06105,4.67734],[-74.0607,4.67752]]}},{"type":"Feature","properties":{"id":"1012523262","nom":"Avenida Carrera 72","tipo":"trunk"},"geometry":{"type":"LineString","coordinates":[[-74.08968,4.69489],[-74.08957,4.69492],[-74.08949,4.69493],[-74.08941,4.69494],[-74.0893,4.69495],[-74.08893,4.695],[-74.08888,4.69502],[-74.08883,4.69505],[-74.08878,4.6951],[-74.08875,4.69513],[-74.08859,4.69536],[-74.08856,4.6954],[-74.08852,4.69544]]}},{"type":"Feature","properties":{"id":"1012523264","nom":"Calle 79A","tipo":"tertiary"},"geometry":{"type":"LineString","coordinates":[[-74.08978,4.69438],[-74.0898,4.69445],[-74.08982,4.69452],[-74.08982,4.6946],[-74.08981,4.69466],[-74.0898,4.69472],[-74.08979,4.69475],[-74.08977,4.69479],[-74.08973,4.69484],[-74.08968,4.69489]]}},{"type":"Feature","properties":{"id":"1012523265","nom":"Avenida Calle 80","tipo":"trunk"},"geometry":{"type":"LineString","coordinates":[[-74.08841,4.69487],[-74.08825,4.69476],[-74.0881,4.69464],[-74.08789,4.69447]]}},{"type":"Feature","properties":{"id":"1012542810","nom":"","tipo":"primary_link"},"geometry":{"type":"LineString","coordinates":[[-74.05811,4.67996],[-74.05805,4.68003],[-74.05802,4.68007],[-74.05797,4.6801]]}},{"type":"Feature","properties":{"id":"1013168770","nom":"Avenida Calle 72","tipo":"secondary"},"geometry":{"type":"LineString","coordinates":[[-74.0554,4.65496],[-74.05545,4.655],[-74.05546,4.65502],[-74.0555,4.65504],[-74.0557,4.65518]]}},{"type":"Feature","properties":{"id":"1013753895","nom":"Calle 97","tipo":"tertiary"},"geometry":{"type":"LineString","coordinates":[[-74.07857,4.69188],[-74.07862,4.69189],[-74.07867,4.69191],[-74.07871,4.69194],[-74.07875,4.69197]]}},{"type":"Feature","properties":{"id":"1013753896","nom":"Calle 97","tipo":"tertiary"},"geometry":{"type":"LineString","coordinates":[[-74.07875,4.69197],[-74.07873,4.69193],[-74.07871,4.69188],[-74.07871,4.69183],[-74.07872,4.69178]]}},{"type":"Feature","properties":{"id":"1013868165","nom":"Carrera 45A","tipo":"residential"},"geometry":{"type":"LineString","coordinates":[[-74.05868,4.68372],[-74.05868,4.68375],[-74.05857,4.68452],[-74.05857,4.68456]]}},{"type":"Feature","properties":{"id":"1013868168","nom":"Calle 95","tipo":"tertiary"},"geometry":{"type":"LineString","coordinates":[[-74.05809,4.68366],[-74.05812,4.68364],[-74.05814,4.68364],[-74.05817,4.68364],[-74.05819,4.68364],[-74.0582,4.68364],[-74.05866,4.68372],[-74.05868,4.68372],[-74.0592,4.68381]]}},{"type":"Feature","properties":{"id":"1013868169","nom":"Avenida Carrera 45","tipo":"trunk"},"geometry":{"type":"LineString","coordinates":[[-74.05739,4.6872],[-74.05748,4.68673]]}},{"type":"Feature","properties":{"id":"1013869677","nom":"Carrera 46","tipo":"residential"},"geometry":{"type":"LineString","coordinates":[[-74.05905,4.68466],[-74.0592,4.68383],[-74.0592,4.68381]]}},{"type":"Feature","properties":{"id":"1013869679","nom":"Carrera 45A","tipo":"residential"},"geometry":{"type":"LineString","coordinates":[[-74.05869,4.68367],[-74.05868,4.68372]]}},{"type":"Feature","properties":{"id":"1013870142","nom":"Carrera 47","tipo":"residential"},"geometry":{"type":"LineString","coordinates":[[-74.05977,4.6839],[-74.05976,4.68392],[-74.05962,4.68476]]}},{"type":"Feature","properties":{"id":"1013884947","nom":"Avenida Carrera 45","tipo":"trunk"},"geometry":{"type":"LineString","coordinates":[[-74.0564,4.68972],[-74.05627,4.69044]]}},{"type":"Feature","properties":{"id":"1013884948","nom":"Avenida Carrera 45","tipo":"trunk"},"geometry":{"type":"LineString","coordinates":[[-74.0566,4.68855],[-74.05653,4.68898],[-74.05645,4.68947]]}},{"type":"Feature","properties":{"id":"1013884949","nom":"Avenida Carrera 45","tipo":"trunk"},"geometry":{"type":"LineString","coordinates":[[-74.05697,4.68666],[-74.0569,4.687]]}},{"type":"Feature","properties":{"id":"1013884950","nom":"Avenida Carrera 45","tipo":"trunk"},"geometry":{"type":"LineString","coordinates":[[-74.0569,4.687],[-74.05675,4.68768],[-74.05671,4.68788],[-74.0566,4.68855]]}},{"type":"Feature","properties":{"id":"1014145686","nom":"Carrera 68D","tipo":"residential"},"geometry":{"type":"LineString","coordinates":[[-74.07551,4.68992],[-74.07545,4.68996]]}},{"type":"Feature","properties":{"id":"1014145687","nom":"Calle 98","tipo":"tertiary"},"geometry":{"type":"LineString","coordinates":[[-74.07731,4.69281],[-74.07736,4.69273],[-74.07737,4.69271],[-74.07738,4.6927],[-74.07739,4.69268],[-74.07738,4.69264]]}},{"type":"Feature","properties":{"id":"1014145688","nom":"Calle 95A","tipo":"residential"},"geometry":{"type":"LineString","coordinates":[[-74.07916,4.69135],[-74.07914,4.69131],[-74.07911,4.69127]]}},{"type":"Feature","properties":{"id":"1014145689","nom":"Calle 95","tipo":"tertiary"},"geometry":{"type":"LineString","coordinates":[[-74.07856,4.68971],[-74.07874,4.68996],[-74.07886,4.69012],[-74.07906,4.69041],[-74.07948,4.69099],[-74.07951,4.69103],[-74.07954,4.69107]]}},{"type":"Feature","properties":{"id":"1014145690","nom":"Carrera 69B","tipo":"residential"},"geometry":{"type":"LineString","coordinates":[[-74.07887,4.68949],[-74.07856,4.68971]]}},{"type":"Feature","properties":{"id":"1014145691","nom":"Carrera 69A","tipo":"residential"},"geometry":{"type":"LineString","coordinates":[[-74.07729,4.68998],[-74.07733,4.68995]]}},{"type":"Feature","properties":{"id":"1014146772","nom":"Calle 99","tipo":"residential"},"geometry":{"type":"LineString","coordinates":[[-74.07588,4.69363],[-74.07529,4.69281]]}},{"type":"Feature","properties":{"id":"1014146773","nom":"","tipo":"tertiary_link"},"geometry":{"type":"LineString","coordinates":[[-74.07597,4.69367],[-74.07588,4.69376],[-74.07587,4.69377],[-74.07587,4.69378],[-74.07587,4.69379],[-74.07588,4.6938],[-74.0759,4.69381],[-74.07591,4.69381],[-74.07592,4.69381]]}},{"type":"Feature","properties":{"id":"1014405159","nom":"","tipo":"primary_link"},"geometry":{"type":"LineString","coordinates":[[-74.05501,4.68074],[-74.05493,4.68075],[-74.05483,4.68076],[-74.05474,4.68078],[-74.05465,4.68082],[-74.05458,4.68087],[-74.05453,4.68093],[-74.05449,4.68099],[-74.05444,4.68103],[-74.05439,4.68106],[-74.05434,4.68107],[-74.05423,4.68107],[-74.05412,4.68106]]}},{"type":"Feature","properties":{"id":"1014405160","nom":"","tipo":"primary_link"},"geometry":{"type":"LineString","coordinates":[[-74.05695,4.67957],[-74.05687,4.67964],[-74.05681,4.67971],[-74.05663,4.67989]]}},{"type":"Feature","properties":{"id":"1014473354","nom":"Calle 103","tipo":"residential"},"geometry":{"type":"LineString","coordinates":[[-74.07083,4.69246],[-74.0709,4.69261]]}},{"type":"Feature","properties":{"id":"1014473356","nom":"Calle 110","tipo":"residential"},"geometry":{"type":"LineString","coordinates":[[-74.07009,4.69464],[-74.07015,4.69479]]}},{"type":"Feature","properties":{"id":"1014473996","nom":"Calle 101","tipo":"residential"},"geometry":{"type":"LineString","coordinates":[[-74.07162,4.69051],[-74.07156,4.69044]]}},{"type":"Feature","properties":{"id":"1014473997","nom":"Calle 102","tipo":"residential"},"geometry":{"type":"LineString","coordinates":[[-74.07142,4.69114],[-74.07137,4.69107]]}},{"type":"Feature","properties":{"id":"1014473999","nom":"Calle 102A","tipo":"residential"},"geometry":{"type":"LineString","coordinates":[[-74.07124,4.69181],[-74.07117,4.69173]]}},{"type":"Feature","properties":{"id":"1014474000","nom":"Carrera 68A","tipo":"tertiary"},"geometry":{"type":"LineString","coordinates":[[-74.07097,4.69238],[-74.07117,4.69173]]}},{"type":"Feature","properties":{"id":"1014474001","nom":"Carrera 68A","tipo":"tertiary"},"geometry":{"type":"LineString","coordinates":[[-74.0709,4.69261],[-74.07097,4.69238]]}},{"type":"Feature","properties":{"id":"1014474002","nom":"Carrera 68A","tipo":"tertiary"},"geometry":{"type":"LineString","coordinates":[[-74.07081,4.69298],[-74.0709,4.69261]]}},{"type":"Feature","properties":{"id":"1014474003","nom":"Carrera 68A","tipo":"tertiary"},"geometry":{"type":"LineString","coordinates":[[-74.07015,4.69479],[-74.0705,4.69411],[-74.07081,4.69298]]}},{"type":"Feature","properties":{"id":"1014474004","nom":"Carrera 68A","tipo":"tertiary"},"geometry":{"type":"LineString","coordinates":[[-74.06986,4.69546],[-74.06999,4.69515],[-74.07015,4.69479]]}},{"type":"Feature","properties":{"id":"1014474006","nom":"Calle 102A","tipo":"residential"},"geometry":{"type":"LineString","coordinates":[[-74.07196,4.69281],[-74.07171,4.69247],[-74.07157,4.69228],[-74.07124,4.69181]]}},{"type":"Feature","properties":{"id":"1014475274","nom":"Calle 102","tipo":"residential"},"geometry":{"type":"LineString","coordinates":[[-74.07252,4.69266],[-74.07257,4.69273]]}},{"type":"Feature","properties":{"id":"1014475275","nom":"Calle 102","tipo":"residential"},"geometry":{"type":"LineString","coordinates":[[-74.07273,4.69273],[-74.07268,4.69266]]}},{"type":"Feature","properties":{"id":"1014475276","nom":"Carrera 69","tipo":"tertiary"},"geometry":{"type":"LineString","coordinates":[[-74.07257,4.69273],[-74.07268,4.69266]]}},{"type":"Feature","properties":{"id":"1014475277","nom":"Carrera 69","tipo":"tertiary"},"geometry":{"type":"LineString","coordinates":[[-74.07268,4.69266],[-74.07299,4.69243]]}},{"type":"Feature","properties":{"id":"1014475278","nom":"Carrera 69","tipo":"tertiary"},"geometry":{"type":"LineString","coordinates":[[-74.07299,4.69243],[-74.0731,4.69235]]}},{"type":"Feature","properties":{"id":"1014475279","nom":"Carrera 69","tipo":"tertiary"},"geometry":{"type":"LineString","coordinates":[[-74.0731,4.69235],[-74.07334,4.69219],[-74.07337,4.69215]]}},{"type":"Feature","properties":{"id":"1014475280","nom":"Calle 101","tipo":"residential"},"geometry":{"type":"LineString","coordinates":[[-74.07294,4.69236],[-74.07299,4.69243]]}},{"type":"Feature","properties":{"id":"1014475281","nom":"Calle 101","tipo":"residential"},"geometry":{"type":"LineString","coordinates":[[-74.07314,4.69242],[-74.0731,4.69235]]}},{"type":"Feature","properties":{"id":"1014487630","nom":"Calle 102A","tipo":"tertiary"},"geometry":{"type":"LineString","coordinates":[[-74.06083,4.6898],[-74.06143,4.6899],[-74.06144,4.6899],[-74.06148,4.6899]]}},{"type":"Feature","properties":{"id":"1014487631","nom":"Calle 102A","tipo":"tertiary"},"geometry":{"type":"LineString","coordinates":[[-74.05759,4.68927],[-74.05786,4.68931],[-74.0583,4.68939],[-74.05872,4.68945],[-74.05889,4.68948]]}},{"type":"Feature","properties":{"id":"1014885853","nom":"Transversal 55","tipo":"residential"},"geometry":{"type":"LineString","coordinates":[[-74.06376,4.69257],[-74.06379,4.69266]]}},{"type":"Feature","properties":{"id":"1014910028","nom":"Calle 74","tipo":"tertiary"},"geometry":{"type":"LineString","coordinates":[[-74.05749,4.65903],[-74.05746,4.65901],[-74.05656,4.65816],[-74.05622,4.65787],[-74.05614,4.65781],[-74.05596,4.65765],[-74.05591,4.65762],[-74.05588,4.65758]]}},{"type":"Feature","properties":{"id":"1014910029","nom":"Carrera 13","tipo":"residential"},"geometry":{"type":"LineString","coordinates":[[-74.05915,4.6602],[-74.05912,4.66024],[-74.05908,4.6603],[-74.05883,4.66067]]}},{"type":"Feature","properties":{"id":"1014910030","nom":"Carrera 13","tipo":"residential"},"geometry":{"type":"LineString","coordinates":[[-74.05883,4.66067],[-74.05859,4.66103],[-74.05856,4.66108],[-74.05852,4.66114]]}},{"type":"Feature","properties":{"id":"1014910031","nom":"Carrera 13","tipo":"residential"},"geometry":{"type":"LineString","coordinates":[[-74.05815,4.66166],[-74.05794,4.66195],[-74.05792,4.66199],[-74.05787,4.66206]]}},{"type":"Feature","properties":{"id":"1014910156","nom":"Calle 106","tipo":"tertiary"},"geometry":{"type":"LineString","coordinates":[[-74.06598,4.69381],[-74.06545,4.69411]]}},{"type":"Feature","properties":{"id":"1014910157","nom":"Transversal 58","tipo":"residential"},"geometry":{"type":"LineString","coordinates":[[-74.06601,4.69387],[-74.06602,4.69389],[-74.06639,4.69453]]}},{"type":"Feature","properties":{"id":"1014910158","nom":"Calle 106","tipo":"tertiary"},"geometry":{"type":"LineString","coordinates":[[-74.06601,4.69387],[-74.06643,4.69363],[-74.06654,4.69356],[-74.06683,4.6934],[-74.06689,4.69337],[-74.06692,4.69336],[-74.06694,4.69335],[-74.06697,4.69335],[-74.067,4.69335],[-74.06703,4.69335]]}},{"type":"Feature","properties":{"id":"1014910159","nom":"Calle 106","tipo":"tertiary"},"geometry":{"type":"LineString","coordinates":[[-74.06273,4.69477],[-74.06278,4.69477],[-74.06344,4.69477]]}},{"type":"Feature","properties":{"id":"1014920969","nom":"Calle 77","tipo":"residential"},"geometry":{"type":"LineString","coordinates":[[-74.05786,4.66293],[-74.05756,4.66274]]}},{"type":"Feature","properties":{"id":"1014920970","nom":"Calle 77","tipo":"residential"},"geometry":{"type":"LineString","coordinates":[[-74.05815,4.66312],[-74.05812,4.6631],[-74.05786,4.66293]]}},{"type":"Feature","properties":{"id":"1014920973","nom":"Carrera 14","tipo":"tertiary"},"geometry":{"type":"LineString","coordinates":[[-74.05815,4.66312],[-74.05854,4.66256],[-74.05858,4.66251]]}},{"type":"Feature","properties":{"id":"1014920974","nom":"Carrera 14","tipo":"tertiary"},"geometry":{"type":"LineString","coordinates":[[-74.05804,4.66327],[-74.05815,4.66312]]}},{"type":"Feature","properties":{"id":"1014920975","nom":"Calle 77","tipo":"residential"},"geometry":{"type":"LineString","coordinates":[[-74.05813,4.66346],[-74.05808,4.66339],[-74.05804,4.66327]]}},{"type":"Feature","properties":{"id":"1014920976","nom":"Calle 77","tipo":"residential"},"geometry":{"type":"LineString","coordinates":[[-74.05786,4.66352],[-74.05798,4.66351],[-74.05809,4.66355]]}},{"type":"Feature","properties":{"id":"1014933729","nom":"Carrera 48","tipo":"residential"},"geometry":{"type":"LineString","coordinates":[[-74.06085,4.68404],[-74.06084,4.68409]]}},{"type":"Feature","properties":{"id":"1014933730","nom":"Carrera 48","tipo":"residential"},"geometry":{"type":"LineString","coordinates":[[-74.06084,4.68409],[-74.06084,4.68412],[-74.06057,4.68564],[-74.06055,4.68566]]}},{"type":"Feature","properties":{"id":"1015893074","nom":"Avenida Carrera 15","tipo":"secondary"},"geometry":{"type":"LineString","coordinates":[[-74.06086,4.66027],[-74.06042,4.66092],[-74.06039,4.66096]]}},{"type":"Feature","properties":{"id":"1015893611","nom":"Carrera 61A","tipo":"residential"},"geometry":{"type":"LineString","coordinates":[[-74.06791,4.68688],[-74.06782,4.68704]]}},{"type":"Feature","properties":{"id":"1015912785","nom":"Transversal 55","tipo":"primary"},"geometry":{"type":"LineString","coordinates":[[-74.06532,4.68894],[-74.06531,4.68889],[-74.0653,4.68885],[-74.06528,4.68876],[-74.06524,4.68862],[-74.06518,4.68844]]}},{"type":"Feature","properties":{"id":"1015930425","nom":"Carrera 68D","tipo":"tertiary"},"geometry":{"type":"LineString","coordinates":[[-74.07889,4.68646],[-74.07896,4.68644],[-74.079,4.68642],[-74.07921,4.68626],[-74.0793,4.68618],[-74.07986,4.68576]]}},{"type":"Feature","properties":{"id":"1015931167","nom":"Avenida Carrera 50","tipo":"tertiary"},"geometry":{"type":"LineString","coordinates":[[-74.06108,4.68637],[-74.06112,4.68623],[-74.06119,4.68609],[-74.06172,4.68525]]}},{"type":"Feature","properties":{"id":"1015931168","nom":"Avenida Carrera 50","tipo":"tertiary"},"geometry":{"type":"LineString","coordinates":[[-74.06091,4.68769],[-74.0609,4.68765],[-74.06089,4.68763],[-74.06089,4.6876],[-74.06089,4.68758],[-74.06089,4.68754],[-74.06096,4.68714],[-74.06101,4.68681],[-74.06105,4.68654],[-74.06108,4.68637]]}},{"type":"Feature","properties":{"id":"1015931940","nom":"Carrera 19A","tipo":"residential"},"geometry":{"type":"LineString","coordinates":[[-74.05607,4.6777],[-74.05609,4.67766],[-74.05622,4.67741]]}},{"type":"Feature","properties":{"id":"1015933740","nom":"Carrera 67","tipo":"residential"},"geometry":{"type":"LineString","coordinates":[[-74.07133,4.6889],[-74.07124,4.68914],[-74.07121,4.6892]]}},{"type":"Feature","properties":{"id":"1015946457","nom":"Carrera 53","tipo":"secondary"},"geometry":{"type":"LineString","coordinates":[[-74.06277,4.6891],[-74.06277,4.68898],[-74.06277,4.68867],[-74.06277,4.68862]]}},{"type":"Feature","properties":{"id":"1015950859","nom":"","tipo":"secondary"},"geometry":{"type":"LineString","coordinates":[[-74.05517,4.6814],[-74.0552,4.68136],[-74.05522,4.68131],[-74.05524,4.68126],[-74.05525,4.68121],[-74.05525,4.68115],[-74.05525,4.6811]]}},{"type":"Feature","properties":{"id":"1015950860","nom":"","tipo":"primary_link"},"geometry":{"type":"LineString","coordinates":[[-74.05537,4.68105],[-74.05542,4.68099],[-74.05547,4.68094],[-74.05553,4.6809],[-74.05559,4.68087]]}},{"type":"Feature","properties":{"id":"1015950864","nom":"Avenida Calle 94","tipo":"secondary"},"geometry":{"type":"LineString","coordinates":[[-74.05582,4.68137],[-74.05566,4.68135]]}},{"type":"Feature","properties":{"id":"1016294275","nom":"Avenida Carrera 45","tipo":"trunk"},"geometry":{"type":"LineString","coordinates":[[-74.05838,4.6819],[-74.0584,4.68182],[-74.05845,4.68152],[-74.05851,4.68122],[-74.05857,4.68091],[-74.05863,4.68049],[-74.05866,4.68032],[-74.0587,4.68017],[-74.05872,4.68009],[-74.05876,4.68],[-74.0588,4.67992],[-74.05894,4.6797],[-74.0592,4.6793],[-74.05931,4.67914],[-74.05937,4.67905],[-74.05946,4.67893]]}},{"type":"Feature","properties":{"id":"1016294276","nom":"Carrera 48","tipo":"residential"},"geometry":{"type":"LineString","coordinates":[[-74.06137,4.68083],[-74.06137,4.68082],[-74.06138,4.68078]]}},{"type":"Feature","properties":{"id":"1016294278","nom":"Avenida Carrera 45","tipo":"trunk"},"geometry":{"type":"LineString","coordinates":[[-74.05764,4.68591],[-74.0577,4.68568],[-74.05772,4.68559]]}},{"type":"Feature","properties":{"id":"1016303468","nom":"Calle 95","tipo":"tertiary"},"geometry":{"type":"LineString","coordinates":[[-74.06205,4.68427],[-74.06191,4.68423],[-74.06186,4.68422],[-74.06145,4.68415],[-74.06137,4.68413]]}},{"type":"Feature","properties":{"id":"1016303470","nom":"Calle 95","tipo":"tertiary"},"geometry":{"type":"LineString","coordinates":[[-74.06136,4.68418],[-74.06144,4.68419],[-74.06185,4.68426],[-74.0619,4.68426],[-74.06205,4.68427]]}},{"type":"Feature","properties":{"id":"1016394236","nom":"Carrera 28","tipo":"tertiary"},"geometry":{"type":"LineString","coordinates":[[-74.07279,4.66153],[-74.072,4.66264],[-74.07148,4.66335]]}},{"type":"Feature","properties":{"id":"1016394237","nom":"Carrera 28","tipo":"tertiary"},"geometry":{"type":"LineString","coordinates":[[-74.07286,4.66138],[-74.07283,4.66145],[-74.07281,4.66149],[-74.07279,4.66153]]}},{"type":"Feature","properties":{"id":"1016586210","nom":"Calle 93B Bis","tipo":"residential"},"geometry":{"type":"LineString","coordinates":[[-74.06648,4.68255],[-74.06675,4.68258]]}},{"type":"Feature","properties":{"id":"1016586211","nom":"Carrera 60B","tipo":"residential"},"geometry":{"type":"LineString","coordinates":[[-74.06744,4.68328],[-74.06746,4.68307]]}},{"type":"Feature","properties":{"id":"1016586213","nom":"Calle 93A","tipo":"residential"},"geometry":{"type":"LineString","coordinates":[[-74.0662,4.68211],[-74.06598,4.68209],[-74.06534,4.68201]]}},{"type":"Feature","properties":{"id":"1016615061","nom":"Transversal 60C","tipo":"residential"},"geometry":{"type":"LineString","coordinates":[[-74.06895,4.68205],[-74.06893,4.68227]]}},{"type":"Feature","properties":{"id":"1016619551","nom":"Avenida Carrera 24","tipo":"secondary"},"geometry":{"type":"LineString","coordinates":[[-74.06254,4.67478],[-74.06249,4.6751]]}},{"type":"Feature","properties":{"id":"1016619552","nom":"Carrera 28","tipo":"tertiary"},"geometry":{"type":"LineString","coordinates":[[-74.06469,4.67248],[-74.06463,4.67299],[-74.06453,4.67354],[-74.0645,4.67374],[-74.06447,4.67387]]}},{"type":"Feature","properties":{"id":"1016655539","nom":"Avenida Carrera 24","tipo":"secondary"},"geometry":{"type":"LineString","coordinates":[[-74.06267,4.67405],[-74.06255,4.67472],[-74.06255,4.67475],[-74.06254,4.67478]]}},{"type":"Feature","properties":{"id":"1016655540","nom":"Calle 85A","tipo":"residential"},"geometry":{"type":"LineString","coordinates":[[-74.0629,4.67345],[-74.06286,4.67345],[-74.06277,4.67343]]}},{"type":"Feature","properties":{"id":"1016655541","nom":"Avenida Carrera 24","tipo":"secondary"},"geometry":{"type":"LineString","coordinates":[[-74.06277,4.67343],[-74.06276,4.67349],[-74.06267,4.67405]]}},{"type":"Feature","properties":{"id":"1016655542","nom":"Avenida Carrera 24","tipo":"secondary"},"geometry":{"type":"LineString","coordinates":[[-74.06287,4.67282],[-74.06279,4.6733],[-74.06278,4.67335],[-74.06277,4.67343]]}},{"type":"Feature","properties":{"id":"1016655548","nom":"Avenida Carrera 24","tipo":"secondary"},"geometry":{"type":"LineString","coordinates":[[-74.06296,4.67224],[-74.06294,4.67241],[-74.06292,4.67254]]}},{"type":"Feature","properties":{"id":"1016655550","nom":"Calle 82","tipo":"residential"},"geometry":{"type":"LineString","coordinates":[[-74.06167,4.66983],[-74.06178,4.66985]]}},{"type":"Feature","properties":{"id":"1016657891","nom":"Avenida Carrera 24","tipo":"secondary"},"geometry":{"type":"LineString","coordinates":[[-74.06332,4.67004],[-74.06338,4.66944],[-74.06339,4.66936]]}},{"type":"Feature","properties":{"id":"1016657892","nom":"Avenida Carrera 24","tipo":"secondary"},"geometry":{"type":"LineString","coordinates":[[-74.06326,4.67076],[-74.06332,4.67004]]}},{"type":"Feature","properties":{"id":"1016687274","nom":"","tipo":"trunk_link"},"geometry":{"type":"LineString","coordinates":[[-74.06326,4.67076],[-74.06331,4.67046],[-74.06333,4.67033]]}},{"type":"Feature","properties":{"id":"1016687275","nom":"Avenida Carrera 24","tipo":"secondary"},"geometry":{"type":"LineString","coordinates":[[-74.06299,4.67625],[-74.06293,4.67625],[-74.06289,4.67625],[-74.06283,4.67624],[-74.06276,4.67622],[-74.06271,4.6762],[-74.06266,4.67618],[-74.06263,4.67615]]}},{"type":"Feature","properties":{"id":"1016687278","nom":"Carrera 61A","tipo":"tertiary"},"geometry":{"type":"LineString","coordinates":[[-74.06972,4.68361],[-74.07025,4.6829]]}},{"type":"Feature","properties":{"id":"1016687279","nom":"Carrera 60B Bis","tipo":"residential"},"geometry":{"type":"LineString","coordinates":[[-74.07042,4.68305],[-74.07025,4.6829]]}},{"type":"Feature","properties":{"id":"1016687280","nom":"Carrera 60B Bis","tipo":"tertiary"},"geometry":{"type":"LineString","coordinates":[[-74.07025,4.6829],[-74.06955,4.68228],[-74.06936,4.6821],[-74.06902,4.68172],[-74.06895,4.68166],[-74.06826,4.68103],[-74.06761,4.68042]]}},{"type":"Feature","properties":{"id":"1016692230","nom":"Carrera 49","tipo":"residential"},"geometry":{"type":"LineString","coordinates":[[-74.06136,4.68418],[-74.06135,4.68422],[-74.06112,4.6857]]}},{"type":"Feature","properties":{"id":"1016692231","nom":"Carrera 49","tipo":"residential"},"geometry":{"type":"LineString","coordinates":[[-74.06137,4.68413],[-74.06136,4.68418]]}},{"type":"Feature","properties":{"id":"1016693428","nom":"Calle 87","tipo":"tertiary"},"geometry":{"type":"LineString","coordinates":[[-74.06097,4.67525],[-74.06091,4.67524],[-74.06028,4.67514],[-74.06023,4.67513],[-74.05965,4.67503],[-74.05955,4.67501]]}},{"type":"Feature","properties":{"id":"1016958543","nom":"Avenida Calle 80","tipo":"trunk"},"geometry":{"type":"LineString","coordinates":[[-74.0669,4.67293],[-74.0668,4.67282]]}},{"type":"Feature","properties":{"id":"1017885175","nom":"Calle 80 Bis","tipo":"tertiary"},"geometry":{"type":"LineString","coordinates":[[-74.06201,4.66788],[-74.06205,4.66788],[-74.06207,4.66788],[-74.06211,4.66788]]}},{"type":"Feature","properties":{"id":"1017903849","nom":"Carrera 56B","tipo":"residential"},"geometry":{"type":"LineString","coordinates":[[-74.07712,4.67066],[-74.0771,4.67069],[-74.07683,4.67104]]}},{"type":"Feature","properties":{"id":"1017904641","nom":"Carrera 27","tipo":"residential"},"geometry":{"type":"LineString","coordinates":[[-74.07425,4.65319],[-74.07424,4.65324],[-74.07412,4.65391],[-74.07405,4.65434],[-74.07389,4.65521]]}},{"type":"Feature","properties":{"id":"1017904642","nom":"Carrera 28","tipo":"tertiary"},"geometry":{"type":"LineString","coordinates":[[-74.07536,4.65585],[-74.0753,4.65616]]}},{"type":"Feature","properties":{"id":"1017910200","nom":"Calle 70","tipo":"residential"},"geometry":{"type":"LineString","coordinates":[[-74.07665,4.66603],[-74.07626,4.66574]]}},{"type":"Feature","properties":{"id":"1017910201","nom":"Transversal 55","tipo":"secondary"},"geometry":{"type":"LineString","coordinates":[[-74.07615,4.6658],[-74.07615,4.66575],[-74.07615,4.6657],[-74.07614,4.66564],[-74.07615,4.66559],[-74.07617,4.66547]]}},{"type":"Feature","properties":{"id":"1017913326","nom":"Carrera 55","tipo":"residential"},"geometry":{"type":"LineString","coordinates":[[-74.07193,4.67565],[-74.07233,4.67518],[-74.07235,4.67516]]}},{"type":"Feature","properties":{"id":"1018285307","nom":"Avenida Carrera 20","tipo":"trunk"},"geometry":{"type":"LineString","coordinates":[[-74.06019,4.66748],[-74.06017,4.66761],[-74.06009,4.66801],[-74.06004,4.66825]]}},{"type":"Feature","properties":{"id":"1018324236","nom":"Carrera 29C","tipo":"residential"},"geometry":{"type":"LineString","coordinates":[[-74.0758,4.66396],[-74.07559,4.66418]]}},{"type":"Feature","properties":{"id":"1018328706","nom":"Avenida Carrera 30","tipo":"trunk"},"geometry":{"type":"LineString","coordinates":[[-74.06712,4.67373],[-74.06694,4.67385],[-74.06679,4.67396],[-74.06659,4.6741]]}},{"type":"Feature","properties":{"id":"1018330546","nom":"Carrera 50","tipo":"residential"},"geometry":{"type":"LineString","coordinates":[[-74.07573,4.66609],[-74.07581,4.666]]}},{"type":"Feature","properties":{"id":"1018607624","nom":"Avenida Carrera 60","tipo":"secondary"},"geometry":{"type":"LineString","coordinates":[[-74.08214,4.67104],[-74.08227,4.67095],[-74.08231,4.67092],[-74.08241,4.67084],[-74.08249,4.67075],[-74.08274,4.67041],[-74.08283,4.67027],[-74.08286,4.67023],[-74.08291,4.67015],[-74.08326,4.66969],[-74.08371,4.66903],[-74.08396,4.66867],[-74.08399,4.66864]]}},{"type":"Feature","properties":{"id":"1018607625","nom":"Avenida Carrera 60","tipo":"secondary"},"geometry":{"type":"LineString","coordinates":[[-74.08398,4.66805],[-74.08384,4.66825],[-74.08379,4.66832],[-74.08375,4.66837]]}},{"type":"Feature","properties":{"id":"1018607626","nom":"Avenida Carrera 60","tipo":"secondary"},"geometry":{"type":"LineString","coordinates":[[-74.08375,4.66837],[-74.08352,4.6687],[-74.08331,4.669],[-74.08284,4.66967]]}},{"type":"Feature","properties":{"id":"1018607627","nom":"Calle 66B","tipo":"residential"},"geometry":{"type":"LineString","coordinates":[[-74.08296,4.66724],[-74.08336,4.66754]]}},{"type":"Feature","properties":{"id":"1018607628","nom":"Carrera 58","tipo":"residential"},"geometry":{"type":"LineString","coordinates":[[-74.08296,4.66724],[-74.08323,4.6669]]}},{"type":"Feature","properties":{"id":"1018607629","nom":"Avenida Calle 72","tipo":"secondary"},"geometry":{"type":"LineString","coordinates":[[-74.07986,4.67272],[-74.07977,4.67265],[-74.07918,4.67218],[-74.07915,4.67216],[-74.07913,4.67214]]}},{"type":"Feature","properties":{"id":"1018607630","nom":"Carrera 58","tipo":"residential"},"geometry":{"type":"LineString","coordinates":[[-74.07908,4.67221],[-74.07913,4.67214]]}},{"type":"Feature","properties":{"id":"1018608798","nom":"","tipo":"secondary"},"geometry":{"type":"LineString","coordinates":[[-74.08868,4.65997],[-74.08872,4.65995],[-74.08882,4.6599],[-74.08889,4.65984],[-74.08895,4.65978],[-74.08899,4.65972],[-74.08903,4.65965],[-74.08907,4.65956]]}},{"type":"Feature","properties":{"id":"1018752793","nom":"Calle 79","tipo":"residential"},"geometry":{"type":"LineString","coordinates":[[-74.06945,4.67288],[-74.06973,4.67303]]}},{"type":"Feature","properties":{"id":"1019030175","nom":"","tipo":"residential"},"geometry":{"type":"LineString","coordinates":[[-74.06517,4.67958],[-74.06512,4.67957],[-74.06509,4.67956],[-74.06435,4.67944]]}},{"type":"Feature","properties":{"id":"1019905941","nom":"","tipo":"residential"},"geometry":{"type":"LineString","coordinates":[[-74.06102,4.67493],[-74.06126,4.67497]]}},{"type":"Feature","properties":{"id":"1019939747","nom":"Calle 91","tipo":"residential"},"geometry":{"type":"LineString","coordinates":[[-74.05768,4.67767],[-74.05713,4.6774]]}},{"type":"Feature","properties":{"id":"1019939748","nom":"","tipo":"residential"},"geometry":{"type":"LineString","coordinates":[[-74.05801,4.67783],[-74.05803,4.67778],[-74.05803,4.67775],[-74.05801,4.67772],[-74.05791,4.67767],[-74.05787,4.67766],[-74.05768,4.67767]]}},{"type":"Feature","properties":{"id":"1019948513","nom":"Carrera 27","tipo":"residential"},"geometry":{"type":"LineString","coordinates":[[-74.06782,4.66492],[-74.06741,4.66551],[-74.06733,4.66562]]}},{"type":"Feature","properties":{"id":"1020175936","nom":"","tipo":"residential"},"geometry":{"type":"LineString","coordinates":[[-74.05912,4.68515],[-74.0589,4.68509],[-74.05883,4.68507]]}},{"type":"Feature","properties":{"id":"1020175937","nom":"","tipo":"residential"},"geometry":{"type":"LineString","coordinates":[[-74.05908,4.68535],[-74.05878,4.68527]]}},{"type":"Feature","properties":{"id":"1020187996","nom":"Calle 73","tipo":"residential"},"geometry":{"type":"LineString","coordinates":[[-74.06255,4.66143],[-74.06259,4.66146],[-74.0629,4.66167],[-74.06297,4.66172],[-74.06323,4.66189],[-74.06326,4.66191],[-74.0633,4.66194]]}},{"type":"Feature","properties":{"id":"1020187997","nom":"Calle 73","tipo":"residential"},"geometry":{"type":"LineString","coordinates":[[-74.06182,4.66093],[-74.0623,4.66126],[-74.06251,4.66141],[-74.06255,4.66143]]}},{"type":"Feature","properties":{"id":"1020221027","nom":"Carrera 65A","tipo":"residential"},"geometry":{"type":"LineString","coordinates":[[-74.07186,4.685],[-74.07157,4.68569],[-74.07114,4.68658],[-74.07071,4.68752]]}},{"type":"Feature","properties":{"id":"1020233056","nom":"","tipo":"residential"},"geometry":{"type":"LineString","coordinates":[[-74.06912,4.68849],[-74.06913,4.6885],[-74.06934,4.68859],[-74.06936,4.6886],[-74.06938,4.68863],[-74.06938,4.68866],[-74.06932,4.6888]]}},{"type":"Feature","properties":{"id":"1020241422","nom":"","tipo":"residential"},"geometry":{"type":"LineString","coordinates":[[-74.05628,4.68751],[-74.0559,4.68746]]}},{"type":"Feature","properties":{"id":"1021823792","nom":"Carrera 55","tipo":"residential"},"geometry":{"type":"LineString","coordinates":[[-74.07909,4.66668],[-74.0794,4.66629]]}},{"type":"Feature","properties":{"id":"1021823794","nom":"Carrera 56B","tipo":"residential"},"geometry":{"type":"LineString","coordinates":[[-74.07891,4.66831],[-74.07922,4.66793],[-74.07926,4.66788]]}},{"type":"Feature","properties":{"id":"1021823795","nom":"Carrera 57","tipo":"residential"},"geometry":{"type":"LineString","coordinates":[[-74.07977,4.66847],[-74.07981,4.66842],[-74.08004,4.6681]]}},{"type":"Feature","properties":{"id":"1021823796","nom":"Carrera 57B","tipo":"residential"},"geometry":{"type":"LineString","coordinates":[[-74.08024,4.66914],[-74.08029,4.66907],[-74.08065,4.66859]]}},{"type":"Feature","properties":{"id":"1021823797","nom":"Carrera 57B","tipo":"residential"},"geometry":{"type":"LineString","coordinates":[[-74.0802,4.66925],[-74.08017,4.66928],[-74.07986,4.66967]]}},{"type":"Feature","properties":{"id":"1022370926","nom":"Calle 95","tipo":"tertiary"},"geometry":{"type":"LineString","coordinates":[[-74.06205,4.68427],[-74.06214,4.68428],[-74.06219,4.68429]]}},{"type":"Feature","properties":{"id":"1024427133","nom":"","tipo":"secondary"},"geometry":{"type":"LineString","coordinates":[[-74.08865,4.65997],[-74.08868,4.65997]]}},{"type":"Feature","properties":{"id":"1024427134","nom":"","tipo":"secondary"},"geometry":{"type":"LineString","coordinates":[[-74.08817,4.65928],[-74.08815,4.65933],[-74.08813,4.65944],[-74.08813,4.65951],[-74.08813,4.65959],[-74.08815,4.65966],[-74.08817,4.65972]]}},{"type":"Feature","properties":{"id":"1036211778","nom":"Carrera 60","tipo":"tertiary"},"geometry":{"type":"LineString","coordinates":[[-74.08171,4.67148],[-74.08168,4.6715],[-74.08149,4.67163],[-74.08097,4.67199],[-74.08084,4.67207],[-74.08053,4.67229],[-74.08039,4.67239],[-74.08022,4.67251],[-74.07998,4.67267],[-74.07994,4.6727],[-74.07988,4.67273]]}},{"type":"Feature","properties":{"id":"1036214233","nom":"Carrera 68H","tipo":"residential"},"geometry":{"type":"LineString","coordinates":[[-74.08395,4.68403],[-74.08392,4.68405],[-74.08372,4.68422],[-74.08302,4.68477],[-74.0821,4.6855],[-74.08121,4.6862],[-74.08118,4.68623]]}},{"type":"Feature","properties":{"id":"1039766878","nom":"Carrera 28","tipo":"tertiary"},"geometry":{"type":"LineString","coordinates":[[-74.07012,4.66524],[-74.07005,4.66532]]}},{"type":"Feature","properties":{"id":"1039766879","nom":"Avenida Calle 72","tipo":"secondary"},"geometry":{"type":"LineString","coordinates":[[-74.07005,4.66532],[-74.07009,4.66535],[-74.07031,4.66552],[-74.07042,4.6656],[-74.07047,4.66563],[-74.0705,4.66566]]}},{"type":"Feature","properties":{"id":"1039766886","nom":"Carrera 62","tipo":"residential"},"geometry":{"type":"LineString","coordinates":[[-74.06868,4.6865],[-74.06913,4.68564],[-74.06962,4.68469]]}},{"type":"Feature","properties":{"id":"1039766889","nom":"Calle 97","tipo":"tertiary"},"geometry":{"type":"LineString","coordinates":[[-74.06772,4.68602],[-74.06748,4.6859],[-74.06722,4.68578]]}},{"type":"Feature","properties":{"id":"1039766890","nom":"Calle 97","tipo":"tertiary"},"geometry":{"type":"LineString","coordinates":[[-74.06722,4.68578],[-74.06718,4.68577],[-74.06702,4.68572],[-74.06688,4.68568],[-74.06674,4.68564]]}},{"type":"Feature","properties":{"id":"1039766891","nom":"Calle 97","tipo":"tertiary"},"geometry":{"type":"LineString","coordinates":[[-74.06674,4.68564],[-74.06641,4.68559]]}},{"type":"Feature","properties":{"id":"1039766892","nom":"Calle 97","tipo":"tertiary"},"geometry":{"type":"LineString","coordinates":[[-74.06641,4.68559],[-74.06623,4.68557]]}},{"type":"Feature","properties":{"id":"1039766893","nom":"Calle 94C","tipo":"tertiary"},"geometry":{"type":"LineString","coordinates":[[-74.06456,4.68465],[-74.06464,4.6847],[-74.06495,4.68489]]}},{"type":"Feature","properties":{"id":"1039766894","nom":"Calle 94C","tipo":"tertiary"},"geometry":{"type":"LineString","coordinates":[[-74.06416,4.6844],[-74.06456,4.68465]]}},{"type":"Feature","properties":{"id":"1039766895","nom":"Avenida Carrera 50","tipo":"tertiary"},"geometry":{"type":"LineString","coordinates":[[-74.06255,4.68416],[-74.06273,4.68407],[-74.06278,4.68405]]}},{"type":"Feature","properties":{"id":"1039766896","nom":"Avenida Carrera 50","tipo":"tertiary"},"geometry":{"type":"LineString","coordinates":[[-74.06219,4.68429],[-74.06216,4.68434],[-74.06189,4.68476],[-74.06129,4.68575]]}},{"type":"Feature","properties":{"id":"1039766897","nom":"Transversal 60","tipo":"primary"},"geometry":{"type":"LineString","coordinates":[[-74.06673,4.69284],[-74.06693,4.69319]]}},{"type":"Feature","properties":{"id":"1039766898","nom":"Transversal 60","tipo":"primary"},"geometry":{"type":"LineString","coordinates":[[-74.06693,4.69319],[-74.06703,4.69335],[-74.06734,4.6939],[-74.06762,4.69435],[-74.06814,4.69521],[-74.06821,4.69532],[-74.06824,4.69537]]}},{"type":"Feature","properties":{"id":"1039766899","nom":"Carrera 64","tipo":"tertiary"},"geometry":{"type":"LineString","coordinates":[[-74.06969,4.68701],[-74.06971,4.68698],[-74.06971,4.68697],[-74.07015,4.68609],[-74.07021,4.68596],[-74.07063,4.68522]]}},{"type":"Feature","properties":{"id":"1040393527","nom":"Carrera 51","tipo":"residential"},"geometry":{"type":"LineString","coordinates":[[-74.07334,4.66985],[-74.07392,4.66919]]}},{"type":"Feature","properties":{"id":"1040397799","nom":"Calle 79C","tipo":"residential"},"geometry":{"type":"LineString","coordinates":[[-74.07199,4.67662],[-74.07253,4.67698]]}},{"type":"Feature","properties":{"id":"1046290863","nom":"Calle 63D","tipo":"residential"},"geometry":{"type":"LineString","coordinates":[[-74.07547,4.65527],[-74.07482,4.65517],[-74.07443,4.65511]]}},{"type":"Feature","properties":{"id":"1046290865","nom":"Carrera 28","tipo":"tertiary"},"geometry":{"type":"LineString","coordinates":[[-74.07577,4.65345],[-74.07578,4.65351],[-74.07579,4.65354],[-74.07579,4.65358],[-74.07579,4.65362],[-74.07567,4.65433],[-74.07566,4.65439],[-74.07547,4.65527]]}},{"type":"Feature","properties":{"id":"1046290866","nom":"Calle 63F","tipo":"tertiary"},"geometry":{"type":"LineString","coordinates":[[-74.07294,4.65574],[-74.07268,4.6557],[-74.07223,4.65562],[-74.07176,4.65553],[-74.07169,4.65552]]}},{"type":"Feature","properties":{"id":"1047108801","nom":"Calle 85","tipo":"residential"},"geometry":{"type":"LineString","coordinates":[[-74.0752,4.68198],[-74.07526,4.682]]}},{"type":"Feature","properties":{"id":"1049345506","nom":"Avenida Calle 92","tipo":"secondary"},"geometry":{"type":"LineString","coordinates":[[-74.05587,4.67759],[-74.05541,4.67735],[-74.0548,4.67704]]}},{"type":"Feature","properties":{"id":"1049447128","nom":"","tipo":"secondary_link"},"geometry":{"type":"LineString","coordinates":[[-74.05809,4.67152],[-74.05814,4.67153],[-74.05819,4.67153],[-74.05824,4.67154],[-74.05829,4.67155],[-74.05842,4.67161],[-74.05845,4.67162],[-74.05848,4.67161],[-74.0585,4.6716],[-74.05851,4.67158]]}},{"type":"Feature","properties":{"id":"1049465108","nom":"Avenida Carrera 70","tipo":"secondary"},"geometry":{"type":"LineString","coordinates":[[-74.08615,4.69173],[-74.08588,4.69197],[-74.08584,4.69201],[-74.0858,4.69205],[-74.08574,4.69211]]}},{"type":"Feature","properties":{"id":"1049465109","nom":"Avenida Calle 80","tipo":"trunk"},"geometry":{"type":"LineString","coordinates":[[-74.06347,4.66934],[-74.06369,4.66961]]}},{"type":"Feature","properties":{"id":"1049465110","nom":"Avenida Carrera 24","tipo":"secondary"},"geometry":{"type":"LineString","coordinates":[[-74.06339,4.66936],[-74.06341,4.66927]]}},{"type":"Feature","properties":{"id":"1049941180","nom":"","tipo":"tertiary_link"},"geometry":{"type":"LineString","coordinates":[[-74.08063,4.68497],[-74.08067,4.68502]]}},{"type":"Feature","properties":{"id":"1049957107","nom":"Avenida Calle 72","tipo":"secondary"},"geometry":{"type":"LineString","coordinates":[[-74.08111,4.67368],[-74.07996,4.67279],[-74.07988,4.67273]]}},{"type":"Feature","properties":{"id":"1049957108","nom":"Carrera 60","tipo":"tertiary"},"geometry":{"type":"LineString","coordinates":[[-74.07988,4.67273],[-74.07975,4.67275]]}},{"type":"Feature","properties":{"id":"1049957109","nom":"Avenida Calle 72","tipo":"secondary"},"geometry":{"type":"LineString","coordinates":[[-74.07988,4.67273],[-74.07986,4.67272]]}},{"type":"Feature","properties":{"id":"1049957115","nom":"Transversal 55","tipo":"secondary"},"geometry":{"type":"LineString","coordinates":[[-74.07665,4.67028],[-74.07664,4.67018]]}},{"type":"Feature","properties":{"id":"1049957120","nom":"Avenida Calle 72","tipo":"secondary"},"geometry":{"type":"LineString","coordinates":[[-74.07628,4.66992],[-74.07622,4.66987]]}},{"type":"Feature","properties":{"id":"1050699916","nom":"Avenida Calle 72","tipo":"secondary"},"geometry":{"type":"LineString","coordinates":[[-74.08841,4.6805],[-74.08838,4.68046],[-74.08767,4.67969],[-74.08748,4.67948]]}},{"type":"Feature","properties":{"id":"1050699917","nom":"Carrera 68F","tipo":"tertiary"},"geometry":{"type":"LineString","coordinates":[[-74.08947,4.67736],[-74.08967,4.67714],[-74.08977,4.67703],[-74.09001,4.67678]]}},{"type":"Feature","properties":{"id":"1051193968","nom":"Avenida Calle 72","tipo":"secondary"},"geometry":{"type":"LineString","coordinates":[[-74.06393,4.6609],[-74.06397,4.66092],[-74.06452,4.66131],[-74.06457,4.66134],[-74.06463,4.66138]]}},{"type":"Feature","properties":{"id":"1051315349","nom":"Avenida Calle 72","tipo":"secondary"},"geometry":{"type":"LineString","coordinates":[[-74.06712,4.66312],[-74.06718,4.66316]]}},{"type":"Feature","properties":{"id":"1051315350","nom":"Carrera 25","tipo":"residential"},"geometry":{"type":"LineString","coordinates":[[-74.06763,4.66336],[-74.06757,4.66345]]}},{"type":"Feature","properties":{"id":"1051315351","nom":"Avenida Calle 72","tipo":"secondary"},"geometry":{"type":"LineString","coordinates":[[-74.06757,4.66345],[-74.06798,4.66376]]}},{"type":"Feature","properties":{"id":"1051326819","nom":"Calle 78","tipo":"tertiary"},"geometry":{"type":"LineString","coordinates":[[-74.07561,4.67556],[-74.07557,4.67553],[-74.07553,4.6755],[-74.07547,4.67547],[-74.07499,4.67517],[-74.07442,4.67482]]}},{"type":"Feature","properties":{"id":"1053275957","nom":"Transversal 56","tipo":"residential"},"geometry":{"type":"LineString","coordinates":[[-74.06468,4.69447],[-74.06465,4.6944],[-74.06447,4.69389],[-74.06421,4.69334],[-74.06411,4.69303]]}},{"type":"Feature","properties":{"id":"1053275958","nom":"Transversal 56","tipo":"residential"},"geometry":{"type":"LineString","coordinates":[[-74.0647,4.69454],[-74.06468,4.69447]]}},{"type":"Feature","properties":{"id":"1053475391","nom":"Carrera 22","tipo":"residential"},"geometry":{"type":"LineString","coordinates":[[-74.07036,4.65539],[-74.0704,4.65527]]}},{"type":"Feature","properties":{"id":"1055378625","nom":"Carrera 20B","tipo":"tertiary"},"geometry":{"type":"LineString","coordinates":[[-74.06362,4.66141],[-74.06364,4.66137],[-74.06389,4.66097],[-74.06391,4.66094],[-74.06393,4.6609]]}},{"type":"Feature","properties":{"id":"1055378626","nom":"Calle 72A","tipo":"residential"},"geometry":{"type":"LineString","coordinates":[[-74.06362,4.66141],[-74.06366,4.66144],[-74.06429,4.66185],[-74.06435,4.66189]]}},{"type":"Feature","properties":{"id":"1055582210","nom":"Carrera 22","tipo":"tertiary"},"geometry":{"type":"LineString","coordinates":[[-74.06097,4.67525],[-74.06098,4.67519],[-74.06102,4.67493],[-74.06109,4.67454],[-74.06119,4.67392],[-74.06131,4.6732],[-74.06146,4.67227]]}},{"type":"Feature","properties":{"id":"1055582215","nom":"Calle 86A","tipo":"residential"},"geometry":{"type":"LineString","coordinates":[[-74.06425,4.67507],[-74.06423,4.67507],[-74.06403,4.67503],[-74.06373,4.67498],[-74.06369,4.67497],[-74.06363,4.67497]]}},{"type":"Feature","properties":{"id":"1055952439","nom":"","tipo":"residential"},"geometry":{"type":"LineString","coordinates":[[-74.07025,4.69104],[-74.07009,4.69147]]}},{"type":"Feature","properties":{"id":"1056667590","nom":"Calle 76","tipo":"secondary"},"geometry":{"type":"LineString","coordinates":[[-74.07013,4.67043],[-74.07036,4.67084],[-74.07037,4.67087],[-74.07041,4.67093]]}},{"type":"Feature","properties":{"id":"1056673409","nom":"Avenida Carrera 45","tipo":"trunk"},"geometry":{"type":"LineString","coordinates":[[-74.05619,4.69222],[-74.05607,4.69295]]}},{"type":"Feature","properties":{"id":"1056673410","nom":"Avenida Carrera 45","tipo":"trunk"},"geometry":{"type":"LineString","coordinates":[[-74.05607,4.69295],[-74.05603,4.69321],[-74.05597,4.69361],[-74.05589,4.69409],[-74.0558,4.69462],[-74.05572,4.69509],[-74.05563,4.69568],[-74.05553,4.6962],[-74.05526,4.69765],[-74.05524,4.69775]]}},{"type":"Feature","properties":{"id":"1057057625","nom":"Carrera 50","tipo":"residential"},"geometry":{"type":"LineString","coordinates":[[-74.06897,4.67365],[-74.06901,4.67368],[-74.06904,4.67369],[-74.06909,4.6737],[-74.06912,4.6737],[-74.06914,4.67369],[-74.06917,4.67368],[-74.0692,4.67365],[-74.06921,4.67363],[-74.06939,4.67342],[-74.06973,4.67303],[-74.07039,4.67227],[-74.0708,4.6718],[-74.07083,4.67176],[-74.07086,4.67172],[-74.07127,4.67125],[-74.07181,4.67063]]}},{"type":"Feature","properties":{"id":"1057613402","nom":"Calle 93","tipo":"tertiary"},"geometry":{"type":"LineString","coordinates":[[-74.06138,4.68078],[-74.06188,4.68086],[-74.06191,4.68087]]}},{"type":"Feature","properties":{"id":"1057613403","nom":"Calle 93","tipo":"tertiary"},"geometry":{"type":"LineString","coordinates":[[-74.05924,4.68042],[-74.05975,4.68051]]}},{"type":"Feature","properties":{"id":"1057613404","nom":"Avenida Carrera 50","tipo":"tertiary"},"geometry":{"type":"LineString","coordinates":[[-74.06232,4.68429],[-74.06242,4.68423],[-74.06255,4.68416]]}},{"type":"Feature","properties":{"id":"1057613405","nom":"Avenida Carrera 50","tipo":"tertiary"},"geometry":{"type":"LineString","coordinates":[[-74.0624,4.68399],[-74.06221,4.68426],[-74.06219,4.68429]]}},{"type":"Feature","properties":{"id":"1057643947","nom":"Calle 71","tipo":"residential"},"geometry":{"type":"LineString","coordinates":[[-74.05943,4.65621],[-74.05948,4.65625],[-74.06045,4.6569]]}},{"type":"Feature","properties":{"id":"1057643948","nom":"Carrera 12","tipo":"residential"},"geometry":{"type":"LineString","coordinates":[[-74.0608,4.65634],[-74.06045,4.6569]]}},{"type":"Feature","properties":{"id":"1057643949","nom":"Calle 70","tipo":"residential"},"geometry":{"type":"LineString","coordinates":[[-74.06111,4.65571],[-74.06122,4.65579]]}},{"type":"Feature","properties":{"id":"1057643950","nom":"Avenida Carrera 11","tipo":"secondary"},"geometry":{"type":"LineString","coordinates":[[-74.05979,4.65568],[-74.05982,4.65565],[-74.06013,4.6552],[-74.06016,4.65515],[-74.06019,4.6551]]}},{"type":"Feature","properties":{"id":"1057643951","nom":"Avenida Carrera 11","tipo":"secondary"},"geometry":{"type":"LineString","coordinates":[[-74.05881,4.65712],[-74.05884,4.65707],[-74.05927,4.65644],[-74.0593,4.65639],[-74.05933,4.65636],[-74.05943,4.65621],[-74.05956,4.65602],[-74.05975,4.65574],[-74.05978,4.6557],[-74.05979,4.65568]]}},{"type":"Feature","properties":{"id":"1057643952","nom":"Calle 70A","tipo":"residential"},"geometry":{"type":"LineString","coordinates":[[-74.06076,4.65631],[-74.06025,4.65596],[-74.05989,4.65574],[-74.05985,4.65572],[-74.05979,4.65568]]}},{"type":"Feature","properties":{"id":"1057643953","nom":"Calle 70A","tipo":"residential"},"geometry":{"type":"LineString","coordinates":[[-74.06204,4.65717],[-74.06086,4.65638],[-74.0608,4.65634]]}},{"type":"Feature","properties":{"id":"1057681905","nom":"Avenida Carrera 7","tipo":"primary"},"geometry":{"type":"LineString","coordinates":[[-74.0552,4.65546],[-74.05523,4.65541]]}},{"type":"Feature","properties":{"id":"1057681906","nom":"Avenida Carrera 7","tipo":"primary"},"geometry":{"type":"LineString","coordinates":[[-74.05482,4.65613],[-74.05488,4.65604],[-74.05495,4.65591],[-74.05505,4.65574],[-74.05513,4.65561],[-74.0552,4.65546]]}},{"type":"Feature","properties":{"id":"1057681907","nom":"Calle 73","tipo":"tertiary"},"geometry":{"type":"LineString","coordinates":[[-74.05482,4.65613],[-74.05486,4.65616],[-74.05615,4.65705],[-74.05622,4.6571]]}},{"type":"Feature","properties":{"id":"1058016856","nom":"Calle 66A","tipo":"residential"},"geometry":{"type":"LineString","coordinates":[[-74.08019,4.66449],[-74.08076,4.66495]]}},{"type":"Feature","properties":{"id":"1058016857","nom":"Carrera 54","tipo":"residential"},"geometry":{"type":"LineString","coordinates":[[-74.08019,4.66449],[-74.08023,4.66443],[-74.08055,4.66401],[-74.0807,4.66381],[-74.08103,4.66338],[-74.08115,4.66323],[-74.08167,4.66257],[-74.08172,4.6625],[-74.08176,4.66245],[-74.08181,4.66237],[-74.08209,4.66202]]}},{"type":"Feature","properties":{"id":"1058441551","nom":"Calle 94A","tipo":"residential"},"geometry":{"type":"LineString","coordinates":[[-74.06917,4.68445],[-74.06879,4.68425]]}},{"type":"Feature","properties":{"id":"1058441552","nom":"Calle 94A","tipo":"residential"},"geometry":{"type":"LineString","coordinates":[[-74.06962,4.68469],[-74.06917,4.68445]]}},{"type":"Feature","properties":{"id":"1058441553","nom":"Calle 94A","tipo":"residential"},"geometry":{"type":"LineString","coordinates":[[-74.06879,4.68425],[-74.06872,4.68422],[-74.06827,4.68378],[-74.06786,4.68337]]}},{"type":"Feature","properties":{"id":"1058441554","nom":"Carrera 61A","tipo":"residential"},"geometry":{"type":"LineString","coordinates":[[-74.06917,4.68445],[-74.06944,4.68402],[-74.06972,4.68361]]}},{"type":"Feature","properties":{"id":"1058441555","nom":"Carrera 63","tipo":"residential"},"geometry":{"type":"LineString","coordinates":[[-74.07055,4.68403],[-74.07082,4.6835]]}},{"type":"Feature","properties":{"id":"1058441556","nom":"Calle 94","tipo":"tertiary"},"geometry":{"type":"LineString","coordinates":[[-74.07055,4.68403],[-74.06972,4.68361]]}},{"type":"Feature","properties":{"id":"1058441557","nom":"Carrera 64","tipo":"tertiary"},"geometry":{"type":"LineString","coordinates":[[-74.07063,4.68522],[-74.07109,4.68431]]}},{"type":"Feature","properties":{"id":"1058441558","nom":"Calle 94","tipo":"tertiary"},"geometry":{"type":"LineString","coordinates":[[-74.07151,4.68451],[-74.07109,4.68431]]}},{"type":"Feature","properties":{"id":"1058441559","nom":"Carrera 65","tipo":"residential"},"geometry":{"type":"LineString","coordinates":[[-74.07151,4.68451],[-74.07173,4.68402]]}},{"type":"Feature","properties":{"id":"1058441560","nom":"Calle 94","tipo":"tertiary"},"geometry":{"type":"LineString","coordinates":[[-74.07176,4.68464],[-74.07151,4.68451]]}},{"type":"Feature","properties":{"id":"1058441561","nom":"Carrera 65","tipo":"residential"},"geometry":{"type":"LineString","coordinates":[[-74.07109,4.68545],[-74.07151,4.68451]]}},{"type":"Feature","properties":{"id":"1059570233","nom":"Calle 104","tipo":"tertiary"},"geometry":{"type":"LineString","coordinates":[[-74.05408,4.69088],[-74.05531,4.69108],[-74.05602,4.69121],[-74.05604,4.69121],[-74.05612,4.69123]]}},{"type":"Feature","properties":{"id":"1059633460","nom":"Carrera 20B","tipo":"tertiary"},"geometry":{"type":"LineString","coordinates":[[-74.06284,4.6627],[-74.06287,4.66264],[-74.06311,4.66225],[-74.06326,4.66201],[-74.06328,4.66198],[-74.06329,4.66196],[-74.0633,4.66194]]}},{"type":"Feature","properties":{"id":"1059633461","nom":"Carrera 20B","tipo":"tertiary"},"geometry":{"type":"LineString","coordinates":[[-74.06237,4.66347],[-74.06242,4.6634],[-74.06245,4.66335],[-74.0628,4.66277],[-74.06282,4.66273],[-74.06284,4.6627]]}},{"type":"Feature","properties":{"id":"1059633463","nom":"Calle 77","tipo":"residential"},"geometry":{"type":"LineString","coordinates":[[-74.05965,4.66444],[-74.05972,4.66448],[-74.06019,4.66474],[-74.06022,4.66477],[-74.06023,4.6648],[-74.06024,4.66483],[-74.06024,4.66487]]}},{"type":"Feature","properties":{"id":"1059633473","nom":"Calle 83","tipo":"residential"},"geometry":{"type":"LineString","coordinates":[[-74.06169,4.67084],[-74.06213,4.67091],[-74.06305,4.67104],[-74.06311,4.67105]]}},{"type":"Feature","properties":{"id":"1059633474","nom":"Carrera 22","tipo":"tertiary"},"geometry":{"type":"LineString","coordinates":[[-74.06146,4.67227],[-74.06153,4.67183],[-74.06155,4.67172],[-74.06165,4.67117],[-74.06167,4.67102],[-74.06169,4.67084]]}},{"type":"Feature","properties":{"id":"1059633475","nom":"Calle 75A","tipo":"residential"},"geometry":{"type":"LineString","coordinates":[[-74.06199,4.66407],[-74.06204,4.66411],[-74.06272,4.66454],[-74.06276,4.66457]]}},{"type":"Feature","properties":{"id":"1059633476","nom":"Carrera 22","tipo":"residential"},"geometry":{"type":"LineString","coordinates":[[-74.06365,4.66514],[-74.06361,4.66515],[-74.06339,4.6655],[-74.06336,4.66556]]}},{"type":"Feature","properties":{"id":"1059980070","nom":"Calle 82","tipo":"secondary"},"geometry":{"type":"LineString","coordinates":[[-74.05862,4.66871],[-74.05817,4.66843],[-74.0581,4.66839],[-74.05761,4.66808],[-74.05737,4.66793],[-74.05717,4.66781],[-74.05711,4.66777]]}},{"type":"Feature","properties":{"id":"1061984180","nom":"Carrera 63","tipo":"residential"},"geometry":{"type":"LineString","coordinates":[[-74.0701,4.68496],[-74.07033,4.68449],[-74.07055,4.68403]]}},{"type":"Feature","properties":{"id":"1061984181","nom":"Calle 94A","tipo":"residential"},"geometry":{"type":"LineString","coordinates":[[-74.0701,4.68496],[-74.06962,4.68469]]}},{"type":"Feature","properties":{"id":"1061984182","nom":"Calle 94A","tipo":"residential"},"geometry":{"type":"LineString","coordinates":[[-74.07063,4.68522],[-74.0701,4.68496]]}},{"type":"Feature","properties":{"id":"1061986824","nom":"Calle 86B","tipo":"residential"},"geometry":{"type":"LineString","coordinates":[[-74.06647,4.67735],[-74.06642,4.67732]]}},{"type":"Feature","properties":{"id":"1062017769","nom":"Calle 93A","tipo":"residential"},"geometry":{"type":"LineString","coordinates":[[-74.06871,4.68248],[-74.06758,4.6823]]}},{"type":"Feature","properties":{"id":"1062017770","nom":"Carrera 60B","tipo":"residential"},"geometry":{"type":"LineString","coordinates":[[-74.06766,4.68186],[-74.06758,4.6823]]}},{"type":"Feature","properties":{"id":"1062017771","nom":"Calle 93","tipo":"residential"},"geometry":{"type":"LineString","coordinates":[[-74.06895,4.68205],[-74.06766,4.68186]]}},{"type":"Feature","properties":{"id":"1062017772","nom":"Carrera 60B","tipo":"residential"},"geometry":{"type":"LineString","coordinates":[[-74.06772,4.6815],[-74.06766,4.68186]]}},{"type":"Feature","properties":{"id":"1062017773","nom":"Calle 94A","tipo":"residential"},"geometry":{"type":"LineString","coordinates":[[-74.06602,4.68332],[-74.06517,4.68322],[-74.06433,4.68313]]}},{"type":"Feature","properties":{"id":"1062017774","nom":"Carrera 60","tipo":"residential"},"geometry":{"type":"LineString","coordinates":[[-74.0662,4.68211],[-74.06625,4.68166]]}},{"type":"Feature","properties":{"id":"1062017775","nom":"Calle 93","tipo":"residential"},"geometry":{"type":"LineString","coordinates":[[-74.06625,4.68166],[-74.0654,4.68155],[-74.06455,4.68144]]}},{"type":"Feature","properties":{"id":"1062039544","nom":"Carrera 63","tipo":"residential"},"geometry":{"type":"LineString","coordinates":[[-74.06778,4.6895],[-74.06782,4.68943],[-74.06826,4.68855],[-74.06873,4.68764],[-74.06916,4.6868],[-74.06917,4.68678],[-74.06918,4.68675]]}},{"type":"Feature","properties":{"id":"1062085386","nom":"Calle 86A","tipo":"tertiary"},"geometry":{"type":"LineString","coordinates":[[-74.06582,4.67643],[-74.06584,4.67644],[-74.06623,4.6767],[-74.06625,4.67671],[-74.06627,4.67673],[-74.06661,4.67694],[-74.06664,4.67696],[-74.06669,4.67699]]}},{"type":"Feature","properties":{"id":"1062365054","nom":"Transversal 55","tipo":"primary"},"geometry":{"type":"LineString","coordinates":[[-74.06396,4.68576],[-74.06364,4.68523]]}},{"type":"Feature","properties":{"id":"1062805886","nom":"Carrera 20B","tipo":"tertiary"},"geometry":{"type":"LineString","coordinates":[[-74.0633,4.66194],[-74.06333,4.66189],[-74.06359,4.66146],[-74.06362,4.66141]]}},{"type":"Feature","properties":{"id":"1062826272","nom":"Carrera 22","tipo":"residential"},"geometry":{"type":"LineString","coordinates":[[-74.06347,4.66563],[-74.06345,4.66567],[-74.06295,4.66643]]}},{"type":"Feature","properties":{"id":"1062826273","nom":"Calle 77","tipo":"residential"},"geometry":{"type":"LineString","coordinates":[[-74.06295,4.66643],[-74.06371,4.66693],[-74.06426,4.66728],[-74.06428,4.66729]]}},{"type":"Feature","properties":{"id":"1062826274","nom":"Calle 75","tipo":"residential"},"geometry":{"type":"LineString","coordinates":[[-74.06393,4.66472],[-74.06395,4.66473],[-74.06433,4.66498],[-74.06437,4.66501],[-74.06474,4.66524],[-74.06478,4.66527],[-74.06481,4.66529],[-74.06535,4.66563],[-74.06539,4.66566]]}},{"type":"Feature","properties":{"id":"1062826275","nom":"Carrera 22","tipo":"residential"},"geometry":{"type":"LineString","coordinates":[[-74.06363,4.66509],[-74.06364,4.66509],[-74.06365,4.66508],[-74.06384,4.66476],[-74.06385,4.66474],[-74.06385,4.66472],[-74.06384,4.6647],[-74.06383,4.66468]]}},{"type":"Feature","properties":{"id":"1063009257","nom":"Avenida Calle 68","tipo":"secondary"},"geometry":{"type":"LineString","coordinates":[[-74.07842,4.66666],[-74.07846,4.66672]]}},{"type":"Feature","properties":{"id":"1063409334","nom":"Calle 66","tipo":"tertiary"},"geometry":{"type":"LineString","coordinates":[[-74.08987,4.67255],[-74.09033,4.67311],[-74.09054,4.67334],[-74.09059,4.67338],[-74.09138,4.67411],[-74.09174,4.67445],[-74.09208,4.67477],[-74.0924,4.67505],[-74.0927,4.67533],[-74.09274,4.67537]]}},{"type":"Feature","properties":{"id":"1063660852","nom":"Carrera 54","tipo":"residential"},"geometry":{"type":"LineString","coordinates":[[-74.07342,4.67286],[-74.07272,4.67367],[-74.07267,4.67373],[-74.07266,4.67374],[-74.07223,4.67424],[-74.07218,4.6743]]}},{"type":"Feature","properties":{"id":"1063670577","nom":"Calle 79B","tipo":"residential"},"geometry":{"type":"LineString","coordinates":[[-74.07134,4.67529],[-74.07193,4.67565]]}},{"type":"Feature","properties":{"id":"1063670578","nom":"Calle 79B","tipo":"residential"},"geometry":{"type":"LineString","coordinates":[[-74.07251,4.67602],[-74.07302,4.67635],[-74.07306,4.67638]]}},{"type":"Feature","properties":{"id":"1063670581","nom":"Calle 79B","tipo":"residential"},"geometry":{"type":"LineString","coordinates":[[-74.07306,4.67638],[-74.07336,4.67658],[-74.07345,4.67664],[-74.07363,4.67676],[-74.07419,4.67713],[-74.07486,4.67757],[-74.07493,4.67761]]}},{"type":"Feature","properties":{"id":"1063670582","nom":"Calle 79B","tipo":"residential"},"geometry":{"type":"LineString","coordinates":[[-74.07193,4.67565],[-74.07251,4.67602]]}},{"type":"Feature","properties":{"id":"1064124039","nom":"Carrera 10","tipo":"residential"},"geometry":{"type":"LineString","coordinates":[[-74.05656,4.65816],[-74.05658,4.65812],[-74.05691,4.65762],[-74.05693,4.65759]]}},{"type":"Feature","properties":{"id":"1064124040","nom":"Carrera 9","tipo":"tertiary"},"geometry":{"type":"LineString","coordinates":[[-74.05704,4.65591],[-74.05694,4.65606]]}},{"type":"Feature","properties":{"id":"1064124041","nom":"Carrera 9","tipo":"tertiary"},"geometry":{"type":"LineString","coordinates":[[-74.05836,4.65394],[-74.05833,4.65399],[-74.05822,4.65414],[-74.05807,4.65437],[-74.05794,4.65456],[-74.05791,4.65461],[-74.0579,4.65463],[-74.05763,4.65503],[-74.05754,4.65516],[-74.0572,4.65566],[-74.05713,4.65578],[-74.05708,4.65585],[-74.05704,4.65591]]}},{"type":"Feature","properties":{"id":"1064127150","nom":"Avenida Calle 72","tipo":"secondary"},"geometry":{"type":"LineString","coordinates":[[-74.06399,4.6608],[-74.06395,4.66078],[-74.06329,4.66033],[-74.06324,4.6603]]}},{"type":"Feature","properties":{"id":"1064127152","nom":"Avenida Carrera 11","tipo":"secondary"},"geometry":{"type":"LineString","coordinates":[[-74.05799,4.65832],[-74.05802,4.65827],[-74.05841,4.6577],[-74.05865,4.65735],[-74.05868,4.65731],[-74.0587,4.65728]]}},{"type":"Feature","properties":{"id":"1064447310","nom":"Carrera 58","tipo":"residential"},"geometry":{"type":"LineString","coordinates":[[-74.08032,4.67061],[-74.08059,4.67026]]}},{"type":"Feature","properties":{"id":"1064447311","nom":"Calle 70A","tipo":"residential"},"geometry":{"type":"LineString","coordinates":[[-74.08059,4.67026],[-74.07986,4.66967]]}},{"type":"Feature","properties":{"id":"1064447312","nom":"Calle 70B","tipo":"residential"},"geometry":{"type":"LineString","coordinates":[[-74.08032,4.67061],[-74.08086,4.67104]]}},{"type":"Feature","properties":{"id":"1064447313","nom":"Calle 70B","tipo":"residential"},"geometry":{"type":"LineString","coordinates":[[-74.07958,4.67003],[-74.08032,4.67061]]}},{"type":"Feature","properties":{"id":"1064447314","nom":"Carrera 58","tipo":"residential"},"geometry":{"type":"LineString","coordinates":[[-74.08001,4.671],[-74.08032,4.67061]]}},{"type":"Feature","properties":{"id":"1064447315","nom":"Calle 70C","tipo":"residential"},"geometry":{"type":"LineString","coordinates":[[-74.08037,4.67135],[-74.0806,4.67172],[-74.08084,4.67207]]}},{"type":"Feature","properties":{"id":"1064447316","nom":"Calle 70C","tipo":"residential"},"geometry":{"type":"LineString","coordinates":[[-74.07929,4.67042],[-74.08001,4.671]]}},{"type":"Feature","properties":{"id":"1064447317","nom":"Calle 71","tipo":"residential"},"geometry":{"type":"LineString","coordinates":[[-74.0791,4.67112],[-74.07959,4.6715]]}},{"type":"Feature","properties":{"id":"1064447318","nom":"Carrera 58","tipo":"residential"},"geometry":{"type":"LineString","coordinates":[[-74.07959,4.6715],[-74.08001,4.671]]}},{"type":"Feature","properties":{"id":"1064447319","nom":"Carrera 58","tipo":"residential"},"geometry":{"type":"LineString","coordinates":[[-74.07953,4.67159],[-74.07959,4.6715]]}},{"type":"Feature","properties":{"id":"1064447320","nom":"Avenida Calle 72","tipo":"secondary"},"geometry":{"type":"LineString","coordinates":[[-74.07863,4.67174],[-74.07819,4.6714]]}},{"type":"Feature","properties":{"id":"1064447321","nom":"Avenida Calle 72","tipo":"secondary"},"geometry":{"type":"LineString","coordinates":[[-74.07819,4.6714],[-74.07772,4.67103]]}},{"type":"Feature","properties":{"id":"1064447323","nom":"Avenida Calle 72","tipo":"secondary"},"geometry":{"type":"LineString","coordinates":[[-74.07772,4.67103],[-74.07716,4.67059]]}},{"type":"Feature","properties":{"id":"1064447324","nom":"Carrera 57","tipo":"tertiary"},"geometry":{"type":"LineString","coordinates":[[-74.07818,4.67042],[-74.07774,4.671],[-74.07772,4.67103]]}},{"type":"Feature","properties":{"id":"1064447325","nom":"Avenida Calle 72","tipo":"secondary"},"geometry":{"type":"LineString","coordinates":[[-74.07716,4.67059],[-74.07675,4.67027],[-74.07672,4.67024],[-74.07664,4.67018]]}},{"type":"Feature","properties":{"id":"1064447328","nom":"Avenida Calle 72","tipo":"secondary"},"geometry":{"type":"LineString","coordinates":[[-74.07227,4.66682],[-74.07197,4.6666]]}},{"type":"Feature","properties":{"id":"1064447329","nom":"Avenida Calle 72","tipo":"secondary"},"geometry":{"type":"LineString","coordinates":[[-74.07197,4.6666],[-74.07176,4.66645],[-74.07147,4.66624]]}},{"type":"Feature","properties":{"id":"1064447330","nom":"Avenida Calle 72","tipo":"secondary"},"geometry":{"type":"LineString","coordinates":[[-74.07147,4.66624],[-74.07109,4.66597],[-74.07104,4.66593],[-74.071,4.6659]]}},{"type":"Feature","properties":{"id":"1064447331","nom":"Carrera 29","tipo":"residential"},"geometry":{"type":"LineString","coordinates":[[-74.07147,4.66624],[-74.07151,4.66618],[-74.0719,4.66565]]}},{"type":"Feature","properties":{"id":"1064447332","nom":"Carrera 28B","tipo":"residential"},"geometry":{"type":"LineString","coordinates":[[-74.07143,4.66533],[-74.07108,4.6658],[-74.07104,4.66585],[-74.071,4.6659]]}},{"type":"Feature","properties":{"id":"1064447333","nom":"Avenida Calle 72","tipo":"secondary"},"geometry":{"type":"LineString","coordinates":[[-74.071,4.6659],[-74.07094,4.66585],[-74.07061,4.6656],[-74.07056,4.66557]]}},{"type":"Feature","properties":{"id":"1064447334","nom":"Carrera 28A","tipo":"tertiary"},"geometry":{"type":"LineString","coordinates":[[-74.0705,4.66566],[-74.07056,4.66557]]}},{"type":"Feature","properties":{"id":"1064447335","nom":"Avenida Calle 72","tipo":"secondary"},"geometry":{"type":"LineString","coordinates":[[-74.06972,4.66494],[-74.0693,4.66462]]}},{"type":"Feature","properties":{"id":"1064447336","nom":"Carrera 28","tipo":"tertiary"},"geometry":{"type":"LineString","coordinates":[[-74.07148,4.66335],[-74.07075,4.66437]]}},{"type":"Feature","properties":{"id":"1064447337","nom":"Avenida Calle 72","tipo":"secondary"},"geometry":{"type":"LineString","coordinates":[[-74.0693,4.66462],[-74.06905,4.66443],[-74.06887,4.6643]]}},{"type":"Feature","properties":{"id":"1064447338","nom":"Avenida Calle 72","tipo":"secondary"},"geometry":{"type":"LineString","coordinates":[[-74.06887,4.6643],[-74.06868,4.66416],[-74.06845,4.66398]]}},{"type":"Feature","properties":{"id":"1064447339","nom":"Avenida Calle 72","tipo":"secondary"},"geometry":{"type":"LineString","coordinates":[[-74.06845,4.66398],[-74.06804,4.66367]]}},{"type":"Feature","properties":{"id":"1064447340","nom":"Avenida Calle 72","tipo":"secondary"},"geometry":{"type":"LineString","coordinates":[[-74.06804,4.66367],[-74.0677,4.66341],[-74.06763,4.66336]]}},{"type":"Feature","properties":{"id":"1064447341","nom":"Avenida Carrera 24","tipo":"secondary"},"geometry":{"type":"LineString","coordinates":[[-74.06754,4.66226],[-74.06747,4.66237],[-74.06739,4.6625],[-74.06722,4.66277],[-74.06714,4.66289],[-74.06713,4.66292],[-74.0671,4.66296]]}},{"type":"Feature","properties":{"id":"1064447342","nom":"Carrera 23","tipo":"residential"},"geometry":{"type":"LineString","coordinates":[[-74.06648,4.66254],[-74.06651,4.66248],[-74.06691,4.66185]]}},{"type":"Feature","properties":{"id":"1064447345","nom":"Avenida Calle 72","tipo":"secondary"},"geometry":{"type":"LineString","coordinates":[[-74.06521,4.66166],[-74.06476,4.66135],[-74.06472,4.66132],[-74.06468,4.66129]]}},{"type":"Feature","properties":{"id":"1064458449","nom":"Calle 78A","tipo":"residential"},"geometry":{"type":"LineString","coordinates":[[-74.07657,4.67689],[-74.07725,4.67743],[-74.07791,4.67794]]}},{"type":"Feature","properties":{"id":"1067751485","nom":"Transversal 54C","tipo":"residential"},"geometry":{"type":"LineString","coordinates":[[-74.06276,4.6919],[-74.06266,4.6919]]}},{"type":"Feature","properties":{"id":"1067751486","nom":"Carrera 53","tipo":"secondary"},"geometry":{"type":"LineString","coordinates":[[-74.06275,4.69319],[-74.06275,4.69296],[-74.06275,4.6925],[-74.06276,4.692],[-74.06276,4.69195],[-74.06276,4.6919]]}},{"type":"Feature","properties":{"id":"1067969762","nom":"Calle 76","tipo":"secondary"},"geometry":{"type":"LineString","coordinates":[[-74.06483,4.6665],[-74.06483,4.66658],[-74.06483,4.66665],[-74.06483,4.66671]]}},{"type":"Feature","properties":{"id":"1067970566","nom":"Avenida Calle 92","tipo":"secondary"},"geometry":{"type":"LineString","coordinates":[[-74.05642,4.67788],[-74.05622,4.67778]]}},{"type":"Feature","properties":{"id":"1067970567","nom":"Avenida Calle 92","tipo":"secondary"},"geometry":{"type":"LineString","coordinates":[[-74.05533,4.67752],[-74.05612,4.67793]]}},{"type":"Feature","properties":{"id":"1069829855","nom":"Carrera 68F","tipo":"residential"},"geometry":{"type":"LineString","coordinates":[[-74.07693,4.68949],[-74.07657,4.68975],[-74.07574,4.69036]]}},{"type":"Feature","properties":{"id":"1071362375","nom":"Carrera 22","tipo":"tertiary"},"geometry":{"type":"LineString","coordinates":[[-74.06211,4.66788],[-74.06214,4.66787],[-74.06217,4.66787],[-74.06219,4.66787],[-74.0622,4.66787],[-74.06224,4.66787],[-74.06228,4.66788]]}},{"type":"Feature","properties":{"id":"1072014501","nom":"Calle 73","tipo":"tertiary"},"geometry":{"type":"LineString","coordinates":[[-74.05622,4.6571],[-74.05628,4.65714],[-74.05689,4.65756],[-74.05693,4.65759],[-74.057,4.65763],[-74.05707,4.65768],[-74.05745,4.65794],[-74.05792,4.65827],[-74.05796,4.6583],[-74.05799,4.65832]]}},{"type":"Feature","properties":{"id":"1072014502","nom":"Avenida Carrera 15","tipo":"secondary"},"geometry":{"type":"LineString","coordinates":[[-74.06032,4.66107],[-74.05979,4.66184],[-74.05976,4.66188],[-74.05971,4.66195]]}},{"type":"Feature","properties":{"id":"1072014510","nom":"Carrera 20A","tipo":"residential"},"geometry":{"type":"LineString","coordinates":[[-74.06255,4.66143],[-74.06253,4.66147],[-74.06247,4.66156],[-74.0623,4.66184],[-74.06212,4.66214],[-74.0621,4.66216],[-74.06208,4.6622]]}},{"type":"Feature","properties":{"id":"1072014513","nom":"Calle 72A","tipo":"residential"},"geometry":{"type":"LineString","coordinates":[[-74.06435,4.66189],[-74.06439,4.66192],[-74.06539,4.66265],[-74.0661,4.66314]]}},{"type":"Feature","properties":{"id":"1072014514","nom":"Calle 72A","tipo":"residential"},"geometry":{"type":"LineString","coordinates":[[-74.06231,4.66054],[-74.06283,4.66089],[-74.06288,4.66091]]}},{"type":"Feature","properties":{"id":"1072867666","nom":"Calle 73A","tipo":"tertiary"},"geometry":{"type":"LineString","coordinates":[[-74.08999,4.68603],[-74.08996,4.686],[-74.0898,4.68575],[-74.08945,4.68532],[-74.08928,4.6851],[-74.0891,4.68487],[-74.08895,4.68468],[-74.08877,4.68445],[-74.08875,4.68444]]}},{"type":"Feature","properties":{"id":"1072867667","nom":"Calle 74B","tipo":"residential"},"geometry":{"type":"LineString","coordinates":[[-74.08732,4.68448],[-74.0877,4.68495],[-74.08783,4.68512],[-74.08786,4.68516],[-74.08787,4.68517],[-74.08821,4.68561],[-74.08837,4.68581],[-74.08856,4.68604],[-74.08889,4.68647],[-74.08929,4.68697],[-74.08931,4.687]]}},{"type":"Feature","properties":{"id":"1072920595","nom":"Avenida Carrera 68","tipo":"primary"},"geometry":{"type":"LineString","coordinates":[[-74.08819,4.67398],[-74.08831,4.67376],[-74.08837,4.67366],[-74.08842,4.67357],[-74.08856,4.67332],[-74.0889,4.67273],[-74.08899,4.67257],[-74.08911,4.67239],[-74.08934,4.67207],[-74.08936,4.67203],[-74.08941,4.67197],[-74.08946,4.6719],[-74.08963,4.67165],[-74.08982,4.67138],[-74.09054,4.67036],[-74.09062,4.67027],[-74.09088,4.66997],[-74.09097,4.66987],[-74.09101,4.66982],[-74.09106,4.66976],[-74.09108,4.66974],[-74.09112,4.66969],[-74.09115,4.66966],[-74.09122,4.66957],[-74.09129,4.66949],[-74.09157,4.66911],[-74.09184,4.66876],[-74.09217,4.66832],[-74.09227,4.66817]]}},{"type":"Feature","properties":{"id":"1074307258","nom":"Avenida Calle 100","tipo":"primary"},"geometry":{"type":"LineString","coordinates":[[-74.06933,4.68982],[-74.06961,4.68981],[-74.0698,4.6898],[-74.06995,4.68978],[-74.07022,4.68974],[-74.07053,4.68969],[-74.07086,4.68961],[-74.07089,4.6896],[-74.07109,4.68955],[-74.07112,4.68954],[-74.07143,4.68944],[-74.07167,4.68936],[-74.07183,4.6893],[-74.07195,4.68925]]}},{"type":"Feature","properties":{"id":"1074307259","nom":"Avenida Calle 100","tipo":"primary"},"geometry":{"type":"LineString","coordinates":[[-74.07388,4.68792],[-74.07379,4.68799],[-74.07339,4.6883],[-74.07331,4.68837],[-74.07321,4.68843],[-74.07307,4.68851],[-74.07279,4.68866],[-74.07237,4.68886],[-74.0721,4.68898],[-74.072,4.68902]]}},{"type":"Feature","properties":{"id":"1074307272","nom":"Carrera 50","tipo":"tertiary"},"geometry":{"type":"LineString","coordinates":[[-74.06175,4.68824],[-74.06173,4.68834],[-74.06169,4.68859],[-74.0616,4.68918],[-74.06149,4.68983],[-74.06148,4.68987],[-74.06148,4.6899]]}},{"type":"Feature","properties":{"id":"1074307286","nom":"Carrera 60","tipo":"residential"},"geometry":{"type":"LineString","coordinates":[[-74.06528,4.68876],[-74.06531,4.68864],[-74.06531,4.68861],[-74.06532,4.68854],[-74.06539,4.68806]]}},{"type":"Feature","properties":{"id":"1074307287","nom":"","tipo":"primary_link"},"geometry":{"type":"LineString","coordinates":[[-74.06595,4.6891],[-74.06572,4.689],[-74.06563,4.68895],[-74.06553,4.68889],[-74.06548,4.68884],[-74.06544,4.68881],[-74.06541,4.68878],[-74.06535,4.6887],[-74.06531,4.68864],[-74.06526,4.68858],[-74.06518,4.68844]]}},{"type":"Feature","properties":{"id":"1074335614","nom":"","tipo":"primary_link"},"geometry":{"type":"LineString","coordinates":[[-74.06856,4.68948],[-74.06857,4.6894],[-74.06857,4.68936],[-74.06857,4.68927],[-74.06858,4.68923]]}},{"type":"Feature","properties":{"id":"1074335618","nom":"","tipo":"primary_link"},"geometry":{"type":"LineString","coordinates":[[-74.06982,4.68952],[-74.06927,4.68946],[-74.06921,4.68945],[-74.06911,4.68946],[-74.06877,4.68946],[-74.06856,4.68948],[-74.06851,4.68949],[-74.06847,4.6895],[-74.06844,4.68952],[-74.06839,4.68956]]}},{"type":"Feature","properties":{"id":"1074335620","nom":"Carrera 66","tipo":"residential"},"geometry":{"type":"LineString","coordinates":[[-74.07076,4.68934],[-74.07073,4.68932],[-74.07071,4.68931],[-74.07069,4.68929],[-74.07067,4.68927],[-74.07066,4.68924],[-74.07066,4.6892],[-74.07066,4.68917],[-74.07066,4.68911]]}},{"type":"Feature","properties":{"id":"1074335621","nom":"Carrera 65","tipo":"tertiary"},"geometry":{"type":"LineString","coordinates":[[-74.06929,4.69004],[-74.06933,4.68996],[-74.06933,4.68989],[-74.06933,4.68982],[-74.06934,4.6897],[-74.06932,4.68961],[-74.06928,4.68954]]}},{"type":"Feature","properties":{"id":"1074335623","nom":"Carrera 67","tipo":"residential"},"geometry":{"type":"LineString","coordinates":[[-74.07101,4.68982],[-74.07109,4.68962],[-74.07112,4.68954]]}},{"type":"Feature","properties":{"id":"1074335624","nom":"Carrera 67","tipo":"residential"},"geometry":{"type":"LineString","coordinates":[[-74.07089,4.6896],[-74.07092,4.68961],[-74.07095,4.68963],[-74.07098,4.68965],[-74.071,4.68969],[-74.07102,4.68974],[-74.07102,4.68978],[-74.07101,4.68982]]}},{"type":"Feature","properties":{"id":"1074335630","nom":"Carrera 67","tipo":"residential"},"geometry":{"type":"LineString","coordinates":[[-74.07144,4.68913],[-74.0714,4.68912],[-74.07136,4.68909],[-74.07133,4.68905],[-74.07131,4.689],[-74.07131,4.68895],[-74.07133,4.6889]]}},{"type":"Feature","properties":{"id":"1074335636","nom":"Carrera 66","tipo":"residential"},"geometry":{"type":"LineString","coordinates":[[-74.07087,4.68937],[-74.07076,4.68934]]}},{"type":"Feature","properties":{"id":"1074335637","nom":"Carrera 67","tipo":"residential"},"geometry":{"type":"LineString","coordinates":[[-74.07159,4.68917],[-74.07144,4.68913]]}},{"type":"Feature","properties":{"id":"1074335638","nom":"Carrera 67","tipo":"residential"},"geometry":{"type":"LineString","coordinates":[[-74.07121,4.6892],[-74.07118,4.68929]]}},{"type":"Feature","properties":{"id":"1074348257","nom":"Avenida Carrera 68","tipo":"primary"},"geometry":{"type":"LineString","coordinates":[[-74.07739,4.68517],[-74.07704,4.68542]]}},{"type":"Feature","properties":{"id":"1074348259","nom":"Avenida Carrera 68","tipo":"primary"},"geometry":{"type":"LineString","coordinates":[[-74.07719,4.6856],[-74.07752,4.68532]]}},{"type":"Feature","properties":{"id":"1074348263","nom":"Avenida Carrera 68","tipo":"primary"},"geometry":{"type":"LineString","coordinates":[[-74.07704,4.68542],[-74.077,4.68544],[-74.0763,4.68584],[-74.07619,4.68592],[-74.07609,4.68601],[-74.07599,4.68611],[-74.07591,4.6862],[-74.07581,4.68631],[-74.07578,4.68634],[-74.0757,4.68642],[-74.07564,4.68648],[-74.07561,4.68652],[-74.07553,4.68659],[-74.07539,4.6867],[-74.07529,4.68679],[-74.0751,4.68693],[-74.07413,4.68771],[-74.0741,4.68774],[-74.07397,4.68784]]}},{"type":"Feature","properties":{"id":"1074348264","nom":"Avenida Carrera 68","tipo":"primary"},"geometry":{"type":"LineString","coordinates":[[-74.07412,4.68808],[-74.07427,4.68796],[-74.07446,4.68781],[-74.07498,4.6874],[-74.07566,4.68687],[-74.07607,4.68654],[-74.07622,4.68644],[-74.07653,4.68619],[-74.07678,4.68598],[-74.07719,4.6856]]}},{"type":"Feature","properties":{"id":"1074365950","nom":"Calle 72A","tipo":"residential"},"geometry":{"type":"LineString","coordinates":[[-74.08574,4.6777],[-74.08559,4.67771],[-74.08553,4.6777],[-74.08545,4.67768]]}},{"type":"Feature","properties":{"id":"1074365963","nom":"Calle 66","tipo":"tertiary"},"geometry":{"type":"LineString","coordinates":[[-74.08941,4.67197],[-74.08945,4.67201],[-74.08987,4.67255]]}},{"type":"Feature","properties":{"id":"1074504240","nom":"Carrera 64","tipo":"tertiary"},"geometry":{"type":"LineString","coordinates":[[-74.06858,4.68923],[-74.06852,4.68932],[-74.06848,4.68939],[-74.06839,4.68956]]}},{"type":"Feature","properties":{"id":"1074505581","nom":"Avenida Calle 100","tipo":"primary"},"geometry":{"type":"LineString","coordinates":[[-74.06539,4.68927],[-74.06548,4.68929],[-74.06592,4.68938]]}},{"type":"Feature","properties":{"id":"1074505582","nom":"Avenida Calle 100","tipo":"primary"},"geometry":{"type":"LineString","coordinates":[[-74.06508,4.68918],[-74.0652,4.68922],[-74.06532,4.68925],[-74.06539,4.68927]]}},{"type":"Feature","properties":{"id":"1074505583","nom":"Transversal 60","tipo":"primary"},"geometry":{"type":"LineString","coordinates":[[-74.0659,4.69074],[-74.0656,4.68991],[-74.06554,4.68976]]}},{"type":"Feature","properties":{"id":"1074505584","nom":"Transversal 55","tipo":"primary"},"geometry":{"type":"LineString","coordinates":[[-74.06539,4.68927],[-74.06537,4.68918],[-74.06534,4.68903],[-74.06532,4.68894]]}},{"type":"Feature","properties":{"id":"1074505585","nom":"Avenida Calle 100","tipo":"primary"},"geometry":{"type":"LineString","coordinates":[[-74.06532,4.68894],[-74.06524,4.68892],[-74.06513,4.68889],[-74.06501,4.68885]]}},{"type":"Feature","properties":{"id":"1074505586","nom":"Avenida Calle 100","tipo":"primary"},"geometry":{"type":"LineString","coordinates":[[-74.06595,4.6891],[-74.0655,4.68899],[-74.06542,4.68897],[-74.06532,4.68894]]}},{"type":"Feature","properties":{"id":"1074505587","nom":"Avenida Calle 100","tipo":"primary"},"geometry":{"type":"LineString","coordinates":[[-74.06485,4.68912],[-74.06493,4.68914],[-74.06502,4.68917],[-74.06508,4.68918]]}},{"type":"Feature","properties":{"id":"1074505589","nom":"Avenida Calle 100","tipo":"primary"},"geometry":{"type":"LineString","coordinates":[[-74.06501,4.68885],[-74.06495,4.68883],[-74.06448,4.6887],[-74.06367,4.68847],[-74.06336,4.68839],[-74.06285,4.68824],[-74.0628,4.68823],[-74.06276,4.68822],[-74.0627,4.6882]]}},{"type":"Feature","properties":{"id":"1074505590","nom":"Avenida Calle 100","tipo":"primary"},"geometry":{"type":"LineString","coordinates":[[-74.06077,4.68765],[-74.06073,4.68764],[-74.06046,4.68757],[-74.05998,4.68744],[-74.05989,4.68742],[-74.05978,4.68739],[-74.05953,4.68731],[-74.05945,4.68728],[-74.05935,4.68725],[-74.05921,4.6872],[-74.05918,4.68719],[-74.05913,4.68717]]}},{"type":"Feature","properties":{"id":"1074505593","nom":"Transversal 55","tipo":"primary"},"geometry":{"type":"LineString","coordinates":[[-74.06278,4.68405],[-74.06282,4.68413]]}},{"type":"Feature","properties":{"id":"1074505594","nom":"Transversal 60","tipo":"primary"},"geometry":{"type":"LineString","coordinates":[[-74.06518,4.68963],[-74.06534,4.69005],[-74.06554,4.69056],[-74.06555,4.69059],[-74.06558,4.69069],[-74.06566,4.69088]]}},{"type":"Feature","properties":{"id":"1074507430","nom":"Carrera 53","tipo":"secondary"},"geometry":{"type":"LineString","coordinates":[[-74.06275,4.6901],[-74.06276,4.69006],[-74.06276,4.68959],[-74.06277,4.6891]]}},{"type":"Feature","properties":{"id":"1074507431","nom":"Calle 102A","tipo":"tertiary"},"geometry":{"type":"LineString","coordinates":[[-74.06267,4.69009],[-74.06275,4.6901]]}},{"type":"Feature","properties":{"id":"1074517257","nom":"Calle 75","tipo":"residential"},"geometry":{"type":"LineString","coordinates":[[-74.05527,4.65849],[-74.05521,4.65846],[-74.05451,4.65802]]}},{"type":"Feature","properties":{"id":"1076097136","nom":"Calle 67C","tipo":"residential"},"geometry":{"type":"LineString","coordinates":[[-74.08183,4.66952],[-74.08216,4.66976]]}},{"type":"Feature","properties":{"id":"1076097137","nom":"Carrera 58","tipo":"residential"},"geometry":{"type":"LineString","coordinates":[[-74.08172,4.66883],[-74.08205,4.6684]]}},{"type":"Feature","properties":{"id":"1076097138","nom":"Carrera 58","tipo":"residential"},"geometry":{"type":"LineString","coordinates":[[-74.08141,4.66923],[-74.08172,4.66883]]}},{"type":"Feature","properties":{"id":"1076097139","nom":"Calle 67B","tipo":"residential"},"geometry":{"type":"LineString","coordinates":[[-74.08213,4.66914],[-74.08172,4.66883]]}},{"type":"Feature","properties":{"id":"1076097140","nom":"Calle 67A","tipo":"residential"},"geometry":{"type":"LineString","coordinates":[[-74.08239,4.66797],[-74.08279,4.66828]]}},{"type":"Feature","properties":{"id":"1076097141","nom":"Calle 67A","tipo":"residential"},"geometry":{"type":"LineString","coordinates":[[-74.08197,4.66767],[-74.08236,4.66796],[-74.08239,4.66797]]}},{"type":"Feature","properties":{"id":"1076097142","nom":"Carrera 58","tipo":"residential"},"geometry":{"type":"LineString","coordinates":[[-74.08323,4.6669],[-74.0836,4.66641]]}},{"type":"Feature","properties":{"id":"1076097143","nom":"Calle 66B","tipo":"residential"},"geometry":{"type":"LineString","coordinates":[[-74.08253,4.66691],[-74.08296,4.66724]]}},{"type":"Feature","properties":{"id":"1076097144","nom":"Carrera 59","tipo":"residential"},"geometry":{"type":"LineString","coordinates":[[-74.08367,4.66714],[-74.08401,4.66672]]}},{"type":"Feature","properties":{"id":"1076097145","nom":"Carrera 59","tipo":"residential"},"geometry":{"type":"LineString","coordinates":[[-74.08306,4.66793],[-74.08336,4.66754]]}},{"type":"Feature","properties":{"id":"1076097146","nom":"Calle 66","tipo":"residential"},"geometry":{"type":"LineString","coordinates":[[-74.08401,4.66672],[-74.08459,4.66718],[-74.08464,4.66722]]}},{"type":"Feature","properties":{"id":"1076097147","nom":"Avenida Carrera 60","tipo":"secondary"},"geometry":{"type":"LineString","coordinates":[[-74.08464,4.66722],[-74.08444,4.66745],[-74.0843,4.66761],[-74.08413,4.66784],[-74.08398,4.66805]]}},{"type":"Feature","properties":{"id":"1076097148","nom":"Avenida Carrera 60","tipo":"secondary"},"geometry":{"type":"LineString","coordinates":[[-74.08544,4.66609],[-74.08534,4.66625]]}},{"type":"Feature","properties":{"id":"1076097149","nom":"Avenida Carrera 60","tipo":"secondary"},"geometry":{"type":"LineString","coordinates":[[-74.08573,4.66558],[-74.0857,4.66564],[-74.08544,4.66609]]}},{"type":"Feature","properties":{"id":"1076097150","nom":"Avenida Carrera 60","tipo":"secondary"},"geometry":{"type":"LineString","coordinates":[[-74.08534,4.66625],[-74.08524,4.66641],[-74.08517,4.66653],[-74.0851,4.66663],[-74.08496,4.66682],[-74.08473,4.66711],[-74.08464,4.66722]]}},{"type":"Feature","properties":{"id":"1076097151","nom":"Avenida Carrera 60","tipo":"secondary"},"geometry":{"type":"LineString","coordinates":[[-74.08658,4.66433],[-74.0868,4.66387],[-74.08698,4.66349]]}},{"type":"Feature","properties":{"id":"1076097152","nom":"Avenida Carrera 60","tipo":"secondary"},"geometry":{"type":"LineString","coordinates":[[-74.08591,4.66557],[-74.086,4.66542],[-74.08614,4.66516],[-74.08628,4.66493],[-74.08638,4.66474],[-74.08651,4.6645],[-74.08658,4.66433]]}},{"type":"Feature","properties":{"id":"1076097153","nom":"Avenida Carrera 60","tipo":"secondary"},"geometry":{"type":"LineString","coordinates":[[-74.08403,4.66858],[-74.08406,4.66853],[-74.08421,4.66831],[-74.08437,4.66805],[-74.08461,4.66768],[-74.08491,4.6672],[-74.08525,4.66666],[-74.08555,4.66617],[-74.08591,4.66557]]}},{"type":"Feature","properties":{"id":"1076097154","nom":"Avenida Carrera 60","tipo":"secondary"},"geometry":{"type":"LineString","coordinates":[[-74.08729,4.66196],[-74.08718,4.6622]]}},{"type":"Feature","properties":{"id":"1076097156","nom":"Avenida Carrera 60","tipo":"secondary"},"geometry":{"type":"LineString","coordinates":[[-74.08658,4.66355],[-74.08646,4.66379],[-74.08632,4.66408],[-74.08627,4.66419]]}},{"type":"Feature","properties":{"id":"1076097157","nom":"","tipo":"secondary"},"geometry":{"type":"LineString","coordinates":[[-74.08817,4.65972],[-74.08824,4.65983],[-74.08831,4.6599],[-74.08838,4.65994],[-74.08847,4.65997],[-74.08858,4.65998],[-74.08865,4.65997]]}},{"type":"Feature","properties":{"id":"1076097158","nom":"","tipo":"secondary"},"geometry":{"type":"LineString","coordinates":[[-74.08853,4.65895],[-74.08846,4.65897],[-74.08838,4.65902],[-74.08831,4.65909],[-74.08823,4.65919],[-74.08817,4.65928]]}},{"type":"Feature","properties":{"id":"1076097159","nom":"","tipo":"secondary"},"geometry":{"type":"LineString","coordinates":[[-74.08859,4.65893],[-74.08853,4.65895]]}},{"type":"Feature","properties":{"id":"1076097160","nom":"Avenida Carrera 60","tipo":"secondary"},"geometry":{"type":"LineString","coordinates":[[-74.08936,4.65738],[-74.0891,4.65796]]}},{"type":"Feature","properties":{"id":"1076101286","nom":"Avenida Calle 68","tipo":"secondary"},"geometry":{"type":"LineString","coordinates":[[-74.0813,4.67071],[-74.08125,4.67063],[-74.0809,4.67012],[-74.08087,4.67007],[-74.08082,4.66999]]}},{"type":"Feature","properties":{"id":"1076101287","nom":"Avenida Calle 68","tipo":"secondary"},"geometry":{"type":"LineString","coordinates":[[-74.08196,4.67167],[-74.08177,4.67139],[-74.08172,4.67132],[-74.08168,4.67126],[-74.08162,4.67118],[-74.0813,4.67071]]}},{"type":"Feature","properties":{"id":"1076101288","nom":"Carrera 58","tipo":"residential"},"geometry":{"type":"LineString","coordinates":[[-74.08113,4.66958],[-74.08141,4.66923]]}},{"type":"Feature","properties":{"id":"1076101289","nom":"Calle 67D","tipo":"residential"},"geometry":{"type":"LineString","coordinates":[[-74.08113,4.66958],[-74.08118,4.66962],[-74.08155,4.6699]]}},{"type":"Feature","properties":{"id":"1077012898","nom":"Carrera 19","tipo":"tertiary"},"geometry":{"type":"LineString","coordinates":[[-74.06399,4.6608],[-74.06402,4.66076],[-74.06435,4.66024],[-74.06436,4.66022],[-74.06439,4.66018]]}},{"type":"Feature","properties":{"id":"1077977409","nom":"Avenida Carrera 11","tipo":"secondary"},"geometry":{"type":"LineString","coordinates":[[-74.05618,4.66096],[-74.05641,4.66061],[-74.05684,4.65998],[-74.05699,4.65976],[-74.05714,4.65953],[-74.05742,4.65913],[-74.05745,4.65908],[-74.05749,4.65903]]}},{"type":"Feature","properties":{"id":"1077977410","nom":"Avenida Carrera 11","tipo":"secondary"},"geometry":{"type":"LineString","coordinates":[[-74.0556,4.66181],[-74.05571,4.66165]]}},{"type":"Feature","properties":{"id":"1079816548","nom":"Avenida Calle 85","tipo":"secondary"},"geometry":{"type":"LineString","coordinates":[[-74.05527,4.67008],[-74.05533,4.67018]]}},{"type":"Feature","properties":{"id":"1079835916","nom":"Calle 90","tipo":"tertiary"},"geometry":{"type":"LineString","coordinates":[[-74.05676,4.67634],[-74.05607,4.67599],[-74.05527,4.67558],[-74.05498,4.67542],[-74.05455,4.67521],[-74.05386,4.67485],[-74.05322,4.67452],[-74.05319,4.6745]]}},{"type":"Feature","properties":{"id":"1079835920","nom":"Avenida Carrera 15","tipo":"secondary"},"geometry":{"type":"LineString","coordinates":[[-74.05527,4.67008],[-74.05524,4.67014]]}},{"type":"Feature","properties":{"id":"1079835922","nom":"Avenida Carrera 15","tipo":"secondary"},"geometry":{"type":"LineString","coordinates":[[-74.05557,4.66943],[-74.05539,4.66982],[-74.05534,4.66992]]}},{"type":"Feature","properties":{"id":"1079835923","nom":"Calle 84 Bis","tipo":"tertiary"},"geometry":{"type":"LineString","coordinates":[[-74.0555,4.6694],[-74.05557,4.66943]]}},{"type":"Feature","properties":{"id":"1079835924","nom":"Avenida Carrera 15","tipo":"secondary"},"geometry":{"type":"LineString","coordinates":[[-74.05595,4.66862],[-74.05588,4.66878]]}},{"type":"Feature","properties":{"id":"1079835925","nom":"Calle 83","tipo":"residential"},"geometry":{"type":"LineString","coordinates":[[-74.05589,4.66859],[-74.05595,4.66862]]}},{"type":"Feature","properties":{"id":"1079835926","nom":"Carrera 16","tipo":"residential"},"geometry":{"type":"LineString","coordinates":[[-74.05711,4.66777],[-74.05714,4.66772],[-74.05743,4.66721],[-74.05767,4.66678]]}},{"type":"Feature","properties":{"id":"1079835928","nom":"Calle 82","tipo":"secondary"},"geometry":{"type":"LineString","coordinates":[[-74.05711,4.66777],[-74.05705,4.66773],[-74.05689,4.66763],[-74.05667,4.66749],[-74.05663,4.66747],[-74.05655,4.66742]]}},{"type":"Feature","properties":{"id":"1079835931","nom":"Avenida Carrera 15","tipo":"secondary"},"geometry":{"type":"LineString","coordinates":[[-74.05635,4.66779],[-74.05595,4.66862]]}},{"type":"Feature","properties":{"id":"1079835932","nom":"Avenida Carrera 15","tipo":"secondary"},"geometry":{"type":"LineString","coordinates":[[-74.05655,4.66742],[-74.05635,4.66779]]}},{"type":"Feature","properties":{"id":"1079835934","nom":"Avenida Carrera 15","tipo":"secondary"},"geometry":{"type":"LineString","coordinates":[[-74.05773,4.66534],[-74.05715,4.66637],[-74.05712,4.66642]]}},{"type":"Feature","properties":{"id":"1079835935","nom":"Avenida Carrera 15","tipo":"secondary"},"geometry":{"type":"LineString","coordinates":[[-74.05858,4.66383],[-74.05855,4.66388],[-74.05779,4.66525],[-74.05776,4.66529],[-74.05773,4.66534]]}},{"type":"Feature","properties":{"id":"1079835936","nom":"Calle 79","tipo":"residential"},"geometry":{"type":"LineString","coordinates":[[-74.05768,4.66532],[-74.05773,4.66534]]}},{"type":"Feature","properties":{"id":"1079835937","nom":"Calle 79","tipo":"residential"},"geometry":{"type":"LineString","coordinates":[[-74.05701,4.66494],[-74.05707,4.66497],[-74.05717,4.66503],[-74.05763,4.66529],[-74.05768,4.66532]]}},{"type":"Feature","properties":{"id":"1079835939","nom":"Calle 77","tipo":"residential"},"geometry":{"type":"LineString","coordinates":[[-74.05852,4.66379],[-74.05858,4.66383]]}},{"type":"Feature","properties":{"id":"1079835940","nom":"Calle 77","tipo":"residential"},"geometry":{"type":"LineString","coordinates":[[-74.05809,4.66355],[-74.05811,4.66356],[-74.05849,4.66378],[-74.05852,4.66379]]}},{"type":"Feature","properties":{"id":"1079835941","nom":"Avenida Carrera 15","tipo":"secondary"},"geometry":{"type":"LineString","coordinates":[[-74.05911,4.66285],[-74.05908,4.66292]]}},{"type":"Feature","properties":{"id":"1079835943","nom":"Avenida Carrera 15","tipo":"secondary"},"geometry":{"type":"LineString","coordinates":[[-74.05971,4.66195],[-74.05967,4.66202]]}},{"type":"Feature","properties":{"id":"1079835944","nom":"Calle 75","tipo":"residential"},"geometry":{"type":"LineString","coordinates":[[-74.05976,4.66199],[-74.0598,4.66202],[-74.06034,4.66239],[-74.06038,4.66242],[-74.06069,4.66263],[-74.06075,4.66267],[-74.06103,4.66286],[-74.0611,4.66291]]}},{"type":"Feature","properties":{"id":"1079835945","nom":"Calle 75","tipo":"residential"},"geometry":{"type":"LineString","coordinates":[[-74.05971,4.66195],[-74.05976,4.66199]]}},{"type":"Feature","properties":{"id":"1079835946","nom":"Calle 75","tipo":"residential"},"geometry":{"type":"LineString","coordinates":[[-74.05852,4.66114],[-74.05859,4.66119],[-74.05865,4.66123],[-74.0592,4.6616],[-74.05961,4.66189],[-74.05964,4.66191],[-74.05971,4.66195]]}},{"type":"Feature","properties":{"id":"1079835947","nom":"Avenida Carrera 15","tipo":"secondary"},"geometry":{"type":"LineString","coordinates":[[-74.06035,4.66102],[-74.06032,4.66107]]}},{"type":"Feature","properties":{"id":"1079835948","nom":"Calle 74","tipo":"tertiary"},"geometry":{"type":"LineString","coordinates":[[-74.06065,4.66122],[-74.06046,4.6611],[-74.06042,4.66107],[-74.06035,4.66102]]}},{"type":"Feature","properties":{"id":"1079835949","nom":"Avenida Carrera 15","tipo":"secondary"},"geometry":{"type":"LineString","coordinates":[[-74.06039,4.66096],[-74.06035,4.66102]]}},{"type":"Feature","properties":{"id":"1083631426","nom":"Avenida Carrera 68","tipo":"primary"},"geometry":{"type":"LineString","coordinates":[[-74.08574,4.6777],[-74.08565,4.67785],[-74.08542,4.67823],[-74.08519,4.67861],[-74.08506,4.67882],[-74.08496,4.67896],[-74.08484,4.67912],[-74.08475,4.67921],[-74.08467,4.6793],[-74.08465,4.67932],[-74.08459,4.67937],[-74.08451,4.67944],[-74.08433,4.67959],[-74.08361,4.68017],[-74.0835,4.68026],[-74.08346,4.68029],[-74.08301,4.68064],[-74.08234,4.68116],[-74.08168,4.68165],[-74.08049,4.68261],[-74.07989,4.6831],[-74.07943,4.68348],[-74.07867,4.68411]]}},{"type":"Feature","properties":{"id":"1083634008","nom":"Calle 98","tipo":"tertiary"},"geometry":{"type":"LineString","coordinates":[[-74.07402,4.68791],[-74.07397,4.68784],[-74.07393,4.68777],[-74.07388,4.6877],[-74.07364,4.68737],[-74.07313,4.68667],[-74.07289,4.68637],[-74.07285,4.68632],[-74.07281,4.68627]]}},{"type":"Feature","properties":{"id":"1083634009","nom":"Carrera 68A","tipo":"tertiary"},"geometry":{"type":"LineString","coordinates":[[-74.07195,4.68925],[-74.07194,4.6892],[-74.07192,4.68916],[-74.07189,4.68911],[-74.07185,4.68908]]}},{"type":"Feature","properties":{"id":"1083634010","nom":"Avenida Calle 100","tipo":"primary"},"geometry":{"type":"LineString","coordinates":[[-74.07211,4.68919],[-74.07213,4.68918],[-74.07237,4.68909],[-74.07265,4.68897],[-74.0727,4.68895],[-74.07293,4.68884],[-74.07311,4.68875],[-74.07332,4.68862]]}},{"type":"Feature","properties":{"id":"1083634011","nom":"Carrera 67A","tipo":"tertiary"},"geometry":{"type":"LineString","coordinates":[[-74.072,4.68902],[-74.072,4.68904],[-74.07201,4.68907],[-74.07202,4.6891],[-74.07203,4.68912],[-74.07204,4.68914],[-74.07206,4.68916],[-74.07208,4.68918],[-74.07211,4.68919]]}},{"type":"Feature","properties":{"id":"1083634012","nom":"Avenida Calle 100","tipo":"primary"},"geometry":{"type":"LineString","coordinates":[[-74.072,4.68902],[-74.07192,4.68905],[-74.07185,4.68908]]}},{"type":"Feature","properties":{"id":"1083634013","nom":"Avenida Calle 100","tipo":"primary"},"geometry":{"type":"LineString","coordinates":[[-74.07185,4.68908],[-74.07159,4.68917],[-74.07128,4.68926],[-74.07118,4.68929],[-74.07098,4.68935],[-74.07087,4.68937],[-74.07066,4.68942],[-74.07049,4.68945],[-74.07044,4.68945],[-74.07015,4.68949],[-74.06986,4.68952],[-74.06982,4.68952],[-74.06957,4.68954],[-74.06946,4.68954],[-74.06928,4.68954],[-74.06909,4.68955],[-74.06881,4.68957],[-74.06866,4.68957]]}},{"type":"Feature","properties":{"id":"1085676798","nom":"Avenida Carrera 24","tipo":"secondary"},"geometry":{"type":"LineString","coordinates":[[-74.06539,4.66566],[-74.0651,4.6661]]}},{"type":"Feature","properties":{"id":"1085676799","nom":"Avenida Carrera 24","tipo":"secondary"},"geometry":{"type":"LineString","coordinates":[[-74.06516,4.66623],[-74.06548,4.66573]]}},{"type":"Feature","properties":{"id":"1085676801","nom":"Avenida Carrera 24","tipo":"secondary"},"geometry":{"type":"LineString","coordinates":[[-74.06578,4.66526],[-74.06601,4.6649],[-74.06604,4.66486],[-74.06607,4.66481]]}},{"type":"Feature","properties":{"id":"1088507986","nom":"Avenida Carrera 50","tipo":"primary"},"geometry":{"type":"LineString","coordinates":[[-74.06435,4.68128],[-74.06441,4.68121]]}},{"type":"Feature","properties":{"id":"1088507987","nom":"Avenida Carrera 50","tipo":"primary"},"geometry":{"type":"LineString","coordinates":[[-74.06388,4.6818],[-74.06419,4.68146],[-74.06425,4.68139],[-74.06431,4.68132],[-74.06435,4.68128]]}},{"type":"Feature","properties":{"id":"1088507988","nom":"Avenida Carrera 50","tipo":"primary"},"geometry":{"type":"LineString","coordinates":[[-74.06298,4.68395],[-74.06295,4.68384],[-74.06294,4.68374],[-74.06294,4.68363],[-74.06294,4.68352],[-74.06296,4.68339],[-74.06299,4.68328],[-74.06305,4.68315],[-74.0632,4.68287],[-74.06358,4.68226],[-74.06374,4.682],[-74.06388,4.6818]]}},{"type":"Feature","properties":{"id":"1088507989","nom":"Carrera 49D","tipo":"residential"},"geometry":{"type":"LineString","coordinates":[[-74.06409,4.68113],[-74.0641,4.68106]]}},{"type":"Feature","properties":{"id":"1088507990","nom":"Avenida Carrera 50","tipo":"primary"},"geometry":{"type":"LineString","coordinates":[[-74.06419,4.68111],[-74.06408,4.68123]]}},{"type":"Feature","properties":{"id":"1088830769","nom":"Transversal 60","tipo":"primary"},"geometry":{"type":"LineString","coordinates":[[-74.06651,4.69199],[-74.06622,4.69149],[-74.06618,4.69142],[-74.0661,4.69127],[-74.06606,4.69116],[-74.06601,4.69104],[-74.0659,4.69074]]}},{"type":"Feature","properties":{"id":"1088830770","nom":"Transversal 60","tipo":"primary"},"geometry":{"type":"LineString","coordinates":[[-74.06694,4.69271],[-74.06686,4.69258]]}},{"type":"Feature","properties":{"id":"1088830771","nom":"Carrera 64","tipo":"tertiary"},"geometry":{"type":"LineString","coordinates":[[-74.06686,4.69258],[-74.06682,4.69265],[-74.06679,4.69271],[-74.06676,4.69277],[-74.06673,4.69284]]}},{"type":"Feature","properties":{"id":"1089319498","nom":"Avenida Carrera 50","tipo":"tertiary"},"geometry":{"type":"LineString","coordinates":[[-74.06073,4.68786],[-74.06072,4.68794]]}},{"type":"Feature","properties":{"id":"1089319499","nom":"Avenida Carrera 50","tipo":"tertiary"},"geometry":{"type":"LineString","coordinates":[[-74.06075,4.68773],[-74.06073,4.68786]]}},{"type":"Feature","properties":{"id":"1089319500","nom":"Avenida Carrera 50","tipo":"tertiary"},"geometry":{"type":"LineString","coordinates":[[-74.06077,4.68765],[-74.06075,4.68773]]}},{"type":"Feature","properties":{"id":"1089319503","nom":"Avenida Calle 100","tipo":"primary"},"geometry":{"type":"LineString","coordinates":[[-74.0627,4.6882],[-74.06253,4.68816],[-74.0624,4.68812],[-74.06185,4.68796],[-74.06147,4.68785],[-74.061,4.68772],[-74.06095,4.6877],[-74.06091,4.68769],[-74.06077,4.68765]]}},{"type":"Feature","properties":{"id":"1089319505","nom":"Carrera 53","tipo":"secondary"},"geometry":{"type":"LineString","coordinates":[[-74.06274,4.68844],[-74.06272,4.6883]]}},{"type":"Feature","properties":{"id":"1089319506","nom":"Carrera 53","tipo":"secondary"},"geometry":{"type":"LineString","coordinates":[[-74.06276,4.68853],[-74.06274,4.68844]]}},{"type":"Feature","properties":{"id":"1089319508","nom":"Avenida Calle 100","tipo":"primary"},"geometry":{"type":"LineString","coordinates":[[-74.06276,4.68853],[-74.06281,4.68854],[-74.06413,4.68892],[-74.06485,4.68912]]}},{"type":"Feature","properties":{"id":"1089319514","nom":"Carrera 64","tipo":"tertiary"},"geometry":{"type":"LineString","coordinates":[[-74.06839,4.68956],[-74.06835,4.68963],[-74.06831,4.68972],[-74.06826,4.68982]]}},{"type":"Feature","properties":{"id":"1089319516","nom":"Avenida Calle 100","tipo":"primary"},"geometry":{"type":"LineString","coordinates":[[-74.06778,4.6895],[-74.06743,4.68945],[-74.0672,4.6894],[-74.06686,4.68933],[-74.06633,4.6892],[-74.06595,4.6891]]}},{"type":"Feature","properties":{"id":"1089319523","nom":"Calle 98","tipo":"tertiary"},"geometry":{"type":"LineString","coordinates":[[-74.07408,4.68801],[-74.07402,4.68791]]}},{"type":"Feature","properties":{"id":"1089319524","nom":"Calle 98","tipo":"tertiary"},"geometry":{"type":"LineString","coordinates":[[-74.07412,4.68808],[-74.07409,4.68803],[-74.07408,4.68801]]}},{"type":"Feature","properties":{"id":"1090521078","nom":"Avenida Calle 100","tipo":"primary"},"geometry":{"type":"LineString","coordinates":[[-74.05845,4.68735],[-74.05854,4.68739],[-74.05862,4.68741],[-74.05875,4.68745],[-74.05889,4.68749],[-74.05904,4.68752],[-74.05909,4.68753],[-74.05921,4.68754],[-74.05931,4.68755],[-74.05935,4.68756],[-74.05942,4.68757],[-74.05954,4.68761],[-74.06039,4.68785],[-74.0605,4.68788],[-74.06061,4.68791],[-74.06068,4.68793],[-74.06072,4.68794]]}},{"type":"Feature","properties":{"id":"1090618162","nom":"Avenida Carrera 50","tipo":"tertiary"},"geometry":{"type":"LineString","coordinates":[[-74.06129,4.68575],[-74.06112,4.68602],[-74.06106,4.68615]]}},{"type":"Feature","properties":{"id":"1093941833","nom":"Calle 66C","tipo":"residential"},"geometry":{"type":"LineString","coordinates":[[-74.08396,4.66852],[-74.08375,4.66837]]}},{"type":"Feature","properties":{"id":"1093941834","nom":"Avenida Carrera 60","tipo":"secondary"},"geometry":{"type":"LineString","coordinates":[[-74.08399,4.66864],[-74.08403,4.66858]]}},{"type":"Feature","properties":{"id":"1094660644","nom":"Avenida Carrera 70","tipo":"secondary"},"geometry":{"type":"LineString","coordinates":[[-74.08866,4.68808],[-74.08866,4.68813],[-74.08866,4.68823]]}},{"type":"Feature","properties":{"id":"1094660645","nom":"Calle 75","tipo":"tertiary"},"geometry":{"type":"LineString","coordinates":[[-74.08872,4.68813],[-74.08866,4.68808]]}},{"type":"Feature","properties":{"id":"1094660647","nom":"Avenida Carrera 70","tipo":"secondary"},"geometry":{"type":"LineString","coordinates":[[-74.08866,4.68823],[-74.0887,4.68816],[-74.08872,4.68813]]}},{"type":"Feature","properties":{"id":"1097972751","nom":"Calle 66","tipo":"secondary"},"geometry":{"type":"LineString","coordinates":[[-74.07075,4.6574],[-74.07074,4.65725]]}},{"type":"Feature","properties":{"id":"1098941282","nom":"Avenida Calle 72","tipo":"secondary"},"geometry":{"type":"LineString","coordinates":[[-74.06272,4.65997],[-74.06249,4.65982],[-74.06215,4.65958],[-74.06182,4.65931],[-74.06174,4.65922],[-74.06171,4.65918],[-74.06166,4.65912],[-74.06161,4.65908],[-74.06157,4.65903],[-74.06151,4.65898],[-74.06143,4.65891],[-74.06094,4.65859]]}},{"type":"Feature","properties":{"id":"1104107681","nom":"Carrera 53","tipo":"secondary"},"geometry":{"type":"LineString","coordinates":[[-74.06267,4.69005],[-74.06267,4.69009]]}},{"type":"Feature","properties":{"id":"1105334605","nom":"Calle 84","tipo":"residential"},"geometry":{"type":"LineString","coordinates":[[-74.06469,4.67248],[-74.06522,4.67256],[-74.06571,4.67264]]}},{"type":"Feature","properties":{"id":"1105334606","nom":"Carrera 27","tipo":"residential"},"geometry":{"type":"LineString","coordinates":[[-74.06408,4.67241],[-74.06404,4.67287],[-74.06392,4.67364]]}},{"type":"Feature","properties":{"id":"1105334610","nom":"Calle 84","tipo":"residential"},"geometry":{"type":"LineString","coordinates":[[-74.06301,4.67183],[-74.06302,4.67196],[-74.06302,4.67204],[-74.06301,4.6721],[-74.063,4.67219],[-74.063,4.67221],[-74.063,4.67224],[-74.063,4.67226],[-74.06302,4.67229],[-74.06305,4.6723],[-74.06308,4.67231]]}},{"type":"Feature","properties":{"id":"1113466325","nom":"Carrera 28B","tipo":"residential"},"geometry":{"type":"LineString","coordinates":[[-74.06751,4.67041],[-74.06749,4.67043],[-74.06681,4.67123],[-74.06677,4.67127],[-74.06623,4.67192],[-74.06619,4.67195],[-74.06616,4.67197]]}},{"type":"Feature","properties":{"id":"1115058503","nom":"Avenida Carrera 70","tipo":"tertiary"},"geometry":{"type":"LineString","coordinates":[[-74.07738,4.69264],[-74.07731,4.69269]]}},{"type":"Feature","properties":{"id":"1115058504","nom":"Avenida Carrera 70","tipo":"tertiary"},"geometry":{"type":"LineString","coordinates":[[-74.07916,4.69135],[-74.07847,4.69184],[-74.07743,4.6926],[-74.07739,4.69263],[-74.07738,4.69264]]}},{"type":"Feature","properties":{"id":"1115058506","nom":"Avenida Carrera 70","tipo":"tertiary"},"geometry":{"type":"LineString","coordinates":[[-74.07731,4.69281],[-74.0774,4.69275],[-74.07744,4.69272]]}},{"type":"Feature","properties":{"id":"1115058507","nom":"Avenida Carrera 70","tipo":"tertiary"},"geometry":{"type":"LineString","coordinates":[[-74.07744,4.69272],[-74.07757,4.69261],[-74.0779,4.69237],[-74.07818,4.69217],[-74.07857,4.69188],[-74.07861,4.69185],[-74.07872,4.69178],[-74.07916,4.69145]]}},{"type":"Feature","properties":{"id":"1115058508","nom":"Calle 98","tipo":"residential"},"geometry":{"type":"LineString","coordinates":[[-74.07731,4.69281],[-74.07733,4.69284]]}},{"type":"Feature","properties":{"id":"1115058511","nom":"Calle 99","tipo":"residential"},"geometry":{"type":"LineString","coordinates":[[-74.07588,4.69363],[-74.07588,4.69373]]}},{"type":"Feature","properties":{"id":"1115988564","nom":"Avenida Carrera 17","tipo":"secondary"},"geometry":{"type":"LineString","coordinates":[[-74.06456,4.65816],[-74.06429,4.65861],[-74.06403,4.65902],[-74.06368,4.65959],[-74.06366,4.65962],[-74.06363,4.65968]]}},{"type":"Feature","properties":{"id":"1116344587","nom":"Carrera 19","tipo":"tertiary"},"geometry":{"type":"LineString","coordinates":[[-74.06439,4.66018],[-74.06441,4.66014],[-74.06478,4.65956],[-74.06481,4.65951]]}},{"type":"Feature","properties":{"id":"1117117151","nom":"Calle 75","tipo":"residential"},"geometry":{"type":"LineString","coordinates":[[-74.06383,4.66468],[-74.06346,4.66442],[-74.06309,4.66418],[-74.06304,4.66415]]}},{"type":"Feature","properties":{"id":"1118296706","nom":"Calle 102B","tipo":"residential"},"geometry":{"type":"LineString","coordinates":[[-74.07038,4.69158],[-74.07033,4.69156]]}},{"type":"Feature","properties":{"id":"1118296707","nom":"Calle 102B","tipo":"residential"},"geometry":{"type":"LineString","coordinates":[[-74.07049,4.69112],[-74.07054,4.69114]]}},{"type":"Feature","properties":{"id":"1118296708","nom":"Calle 102","tipo":"residential"},"geometry":{"type":"LineString","coordinates":[[-74.07066,4.69061],[-74.07072,4.69063]]}},{"type":"Feature","properties":{"id":"1118321739","nom":"Transversal 58A","tipo":"residential"},"geometry":{"type":"LineString","coordinates":[[-74.06547,4.69206],[-74.06549,4.69214]]}},{"type":"Feature","properties":{"id":"1118321740","nom":"Transversal 57A","tipo":"residential"},"geometry":{"type":"LineString","coordinates":[[-74.06491,4.69219],[-74.06494,4.6923]]}},{"type":"Feature","properties":{"id":"1118546776","nom":"","tipo":"residential"},"geometry":{"type":"LineString","coordinates":[[-74.07935,4.69265],[-74.07926,4.69273]]}},{"type":"Feature","properties":{"id":"1121097627","nom":"Diagonal 76 Bis","tipo":"tertiary"},"geometry":{"type":"LineString","coordinates":[[-74.07152,4.67301],[-74.0712,4.67244],[-74.07118,4.67239],[-74.07087,4.67184],[-74.07083,4.67176]]}},{"type":"Feature","properties":{"id":"1122106476","nom":"Carrera 13","tipo":"residential"},"geometry":{"type":"LineString","coordinates":[[-74.05852,4.66114],[-74.05848,4.66119],[-74.05845,4.66123],[-74.05815,4.66166]]}},{"type":"Feature","properties":{"id":"1122111853","nom":"Calle 74","tipo":"tertiary"},"geometry":{"type":"LineString","coordinates":[[-74.06378,4.66331],[-74.06371,4.66326],[-74.06368,4.66324],[-74.06364,4.66322]]}},{"type":"Feature","properties":{"id":"1123253969","nom":"Carrera 49A","tipo":"residential"},"geometry":{"type":"LineString","coordinates":[[-74.06333,4.67808],[-74.06365,4.67772],[-74.06396,4.67738],[-74.06429,4.677]]}},{"type":"Feature","properties":{"id":"1124221596","nom":"Avenida Carrera 70","tipo":"tertiary"},"geometry":{"type":"LineString","coordinates":[[-74.08111,4.69072],[-74.08101,4.69073]]}},{"type":"Feature","properties":{"id":"1124221597","nom":"Avenida Carrera 70","tipo":"tertiary"},"geometry":{"type":"LineString","coordinates":[[-74.08121,4.6907],[-74.08111,4.69072]]}},{"type":"Feature","properties":{"id":"1124221598","nom":"","tipo":"tertiary_link"},"geometry":{"type":"LineString","coordinates":[[-74.08107,4.69079],[-74.08113,4.69077],[-74.08117,4.69074],[-74.08121,4.6907]]}},{"type":"Feature","properties":{"id":"1125584128","nom":"Calle 105","tipo":"residential"},"geometry":{"type":"LineString","coordinates":[[-74.07189,4.69446],[-74.07138,4.69376]]}},{"type":"Feature","properties":{"id":"1125778446","nom":"Calle 81","tipo":"residential"},"geometry":{"type":"LineString","coordinates":[[-74.06179,4.66888],[-74.06189,4.6689]]}},{"type":"Feature","properties":{"id":"1126672481","nom":"Carrera 68C","tipo":"residential"},"geometry":{"type":"LineString","coordinates":[[-74.07722,4.68801],[-74.07728,4.68795]]}},{"type":"Feature","properties":{"id":"1126843664","nom":"","tipo":"residential"},"geometry":{"type":"LineString","coordinates":[[-74.06898,4.68842],[-74.06912,4.68849]]}},{"type":"Feature","properties":{"id":"1127345564","nom":"Avenida Calle 63","tipo":"secondary"},"geometry":{"type":"LineString","coordinates":[[-74.08868,4.65997],[-74.08882,4.66002],[-74.08887,4.66004],[-74.08891,4.66007],[-74.08897,4.66011],[-74.089,4.66015],[-74.08904,4.66018],[-74.08907,4.66023],[-74.08917,4.66036]]}},{"type":"Feature","properties":{"id":"1127383955","nom":"Avenida Carrera 68","tipo":"primary"},"geometry":{"type":"LineString","coordinates":[[-74.09203,4.668],[-74.09195,4.66814],[-74.09178,4.66837],[-74.09165,4.66853],[-74.09103,4.66934],[-74.09096,4.66942],[-74.09081,4.66959],[-74.09077,4.66964],[-74.09021,4.6703],[-74.08954,4.67119],[-74.08949,4.67126],[-74.08937,4.67143],[-74.08928,4.67156],[-74.08924,4.6716],[-74.08918,4.67169]]}},{"type":"Feature","properties":{"id":"1131114249","nom":"Carrera 62","tipo":"residential"},"geometry":{"type":"LineString","coordinates":[[-74.07558,4.68111],[-74.0755,4.68124],[-74.07545,4.68134],[-74.07544,4.68137],[-74.0753,4.68172],[-74.07528,4.68178],[-74.0752,4.68198]]}},{"type":"Feature","properties":{"id":"1131114250","nom":"Carrera 62","tipo":"residential"},"geometry":{"type":"LineString","coordinates":[[-74.07526,4.682],[-74.07552,4.68136],[-74.07554,4.6813],[-74.07563,4.68114]]}},{"type":"Feature","properties":{"id":"1132663532","nom":"Calle 85","tipo":"residential"},"geometry":{"type":"LineString","coordinates":[[-74.06601,4.67309],[-74.06596,4.67296]]}},{"type":"Feature","properties":{"id":"1132667612","nom":"Calle 66A","tipo":"residential"},"geometry":{"type":"LineString","coordinates":[[-74.08376,4.66722],[-74.08367,4.66714]]}},{"type":"Feature","properties":{"id":"1153621592","nom":"","tipo":"secondary"},"geometry":{"type":"LineString","coordinates":[[-74.08907,4.65956],[-74.08909,4.65945],[-74.08908,4.65934],[-74.08907,4.65927]]}},{"type":"Feature","properties":{"id":"1153621595","nom":"Avenida Carrera 24","tipo":"secondary"},"geometry":{"type":"LineString","coordinates":[[-74.06966,4.65907],[-74.06971,4.659],[-74.0702,4.65824],[-74.07038,4.65797],[-74.07055,4.6577]]}},{"type":"Feature","properties":{"id":"1153621596","nom":"Avenida Calle 68","tipo":"secondary"},"geometry":{"type":"LineString","coordinates":[[-74.06958,4.65901],[-74.06966,4.65907]]}},{"type":"Feature","properties":{"id":"1153621597","nom":"Avenida Calle 68","tipo":"secondary"},"geometry":{"type":"LineString","coordinates":[[-74.06651,4.65689],[-74.06654,4.65691],[-74.06717,4.65732],[-74.06721,4.65735],[-74.06726,4.65738],[-74.06729,4.6574],[-74.06731,4.65741],[-74.06791,4.6578],[-74.06836,4.65809],[-74.06838,4.65811],[-74.06842,4.65813]]}},{"type":"Feature","properties":{"id":"1155265826","nom":"Avenida Carrera 30","tipo":"trunk"},"geometry":{"type":"LineString","coordinates":[[-74.06875,4.67319],[-74.06899,4.67302],[-74.06919,4.67285]]}},{"type":"Feature","properties":{"id":"1157054908","nom":"Avenida Calle 68","tipo":"secondary"},"geometry":{"type":"LineString","coordinates":[[-74.08384,4.67445],[-74.08381,4.6744],[-74.08374,4.67429],[-74.08351,4.67396],[-74.08223,4.67207],[-74.08196,4.67167]]}},{"type":"Feature","properties":{"id":"1157055046","nom":"","tipo":"trunk_link"},"geometry":{"type":"LineString","coordinates":[[-74.05884,4.67502],[-74.05884,4.67529],[-74.05884,4.67553],[-74.05887,4.67601]]}},{"type":"Feature","properties":{"id":"1157055047","nom":"Avenida Carrera 20","tipo":"secondary"},"geometry":{"type":"LineString","coordinates":[[-74.05934,4.67218],[-74.0593,4.67237],[-74.05888,4.6748],[-74.05887,4.67486],[-74.05886,4.6749],[-74.05884,4.67502]]}},{"type":"Feature","properties":{"id":"1157073975","nom":"Avenida Calle 68","tipo":"secondary"},"geometry":{"type":"LineString","coordinates":[[-74.07468,4.6627],[-74.07486,4.6628],[-74.07491,4.66283],[-74.075,4.66288],[-74.07521,4.66302]]}},{"type":"Feature","properties":{"id":"1157073976","nom":"Avenida Calle 68","tipo":"secondary"},"geometry":{"type":"LineString","coordinates":[[-74.06898,4.65856],[-74.0695,4.65895],[-74.06953,4.65897],[-74.06958,4.65901]]}},{"type":"Feature","properties":{"id":"1157073977","nom":"Carrera 23","tipo":"residential"},"geometry":{"type":"LineString","coordinates":[[-74.06942,4.65793],[-74.06903,4.65849],[-74.06898,4.65856]]}},{"type":"Feature","properties":{"id":"1157073978","nom":"Avenida Carrera 24","tipo":"secondary"},"geometry":{"type":"LineString","coordinates":[[-74.07002,4.65834],[-74.06982,4.65865],[-74.06966,4.65889],[-74.06963,4.65894],[-74.06958,4.65901]]}},{"type":"Feature","properties":{"id":"1157192931","nom":"Transversal 55","tipo":"primary"},"geometry":{"type":"LineString","coordinates":[[-74.06518,4.68844],[-74.06508,4.6882],[-74.06502,4.68805],[-74.06498,4.68794],[-74.06486,4.68766],[-74.06484,4.68763],[-74.06461,4.6871]]}},{"type":"Feature","properties":{"id":"1157220601","nom":"Avenida Calle 72","tipo":"secondary"},"geometry":{"type":"LineString","coordinates":[[-74.05881,4.65712],[-74.05787,4.65648],[-74.05783,4.65645],[-74.05766,4.65633]]}},{"type":"Feature","properties":{"id":"1157221984","nom":"Calle 73A","tipo":"tertiary"},"geometry":{"type":"LineString","coordinates":[[-74.09163,4.68724],[-74.09158,4.68721],[-74.09138,4.68707],[-74.09049,4.68642],[-74.09024,4.68624],[-74.09015,4.68617],[-74.09013,4.68615],[-74.0901,4.68613],[-74.08999,4.68603]]}},{"type":"Feature","properties":{"id":"1158817451","nom":"Avenida Calle 68","tipo":"secondary"},"geometry":{"type":"LineString","coordinates":[[-74.06569,4.65636],[-74.06639,4.65681],[-74.06643,4.65684],[-74.06651,4.65689]]}},{"type":"Feature","properties":{"id":"1158827623","nom":"Avenida Calle 72","tipo":"secondary"},"geometry":{"type":"LineString","coordinates":[[-74.0888,4.68092],[-74.08841,4.6805]]}},{"type":"Feature","properties":{"id":"1158828458","nom":"Avenida Calle 68","tipo":"secondary"},"geometry":{"type":"LineString","coordinates":[[-74.08531,4.67672],[-74.08545,4.67692]]}},{"type":"Feature","properties":{"id":"1158828460","nom":"Carrera 66","tipo":"residential"},"geometry":{"type":"LineString","coordinates":[[-74.08424,4.67674],[-74.08451,4.67639],[-74.08453,4.67637]]}},{"type":"Feature","properties":{"id":"1158828461","nom":"Avenida Carrera 68","tipo":"primary"},"geometry":{"type":"LineString","coordinates":[[-74.08795,4.67388],[-74.08775,4.67422],[-74.08739,4.67483],[-74.08733,4.67493],[-74.08717,4.67521],[-74.08696,4.67556],[-74.08679,4.67586],[-74.08648,4.67637],[-74.08637,4.67659],[-74.08621,4.67688]]}},{"type":"Feature","properties":{"id":"1158833623","nom":"Avenida Carrera 30","tipo":"trunk"},"geometry":{"type":"LineString","coordinates":[[-74.06911,4.67238],[-74.06884,4.67261]]}},{"type":"Feature","properties":{"id":"1164558363","nom":"Avenida Calle 72","tipo":"secondary"},"geometry":{"type":"LineString","coordinates":[[-74.08385,4.67586],[-74.08453,4.67637]]}},{"type":"Feature","properties":{"id":"1164674917","nom":"Carrera 9","tipo":"tertiary"},"geometry":{"type":"LineString","coordinates":[[-74.05694,4.65606],[-74.0569,4.65611],[-74.05645,4.65676],[-74.05629,4.657],[-74.05622,4.6571]]}},{"type":"Feature","properties":{"id":"1164676086","nom":"","tipo":"secondary_link"},"geometry":{"type":"LineString","coordinates":[[-74.07075,4.6574],[-74.07067,4.65735]]}},{"type":"Feature","properties":{"id":"1167375673","nom":"Avenida Calle 72","tipo":"secondary"},"geometry":{"type":"LineString","coordinates":[[-74.08649,4.67844],[-74.08668,4.67871],[-74.08677,4.67882],[-74.08688,4.67895],[-74.08702,4.6791],[-74.08717,4.67927]]}},{"type":"Feature","properties":{"id":"1167375674","nom":"Avenida Carrera 68","tipo":"primary"},"geometry":{"type":"LineString","coordinates":[[-74.08099,4.68258],[-74.08116,4.68244],[-74.08255,4.68131],[-74.08271,4.68118],[-74.08309,4.68088],[-74.0833,4.6807],[-74.08354,4.68049],[-74.08377,4.68029],[-74.08408,4.68003],[-74.08454,4.67967],[-74.08467,4.67957],[-74.08482,4.67943],[-74.08494,4.67933],[-74.08501,4.67926],[-74.08508,4.67918],[-74.08514,4.67911],[-74.08521,4.67902]]}},{"type":"Feature","properties":{"id":"1167376069","nom":"Calle 66","tipo":"secondary"},"geometry":{"type":"LineString","coordinates":[[-74.06767,4.65508],[-74.06764,4.65506],[-74.06735,4.65486],[-74.06727,4.65481],[-74.06713,4.65474],[-74.06689,4.65462],[-74.06683,4.65459],[-74.0668,4.65457]]}},{"type":"Feature","properties":{"id":"1168154461","nom":"Carrera 62","tipo":"residential"},"geometry":{"type":"LineString","coordinates":[[-74.07559,4.68109],[-74.07564,4.68113]]}},{"type":"Feature","properties":{"id":"1169194204","nom":"Calle 75","tipo":"tertiary"},"geometry":{"type":"LineString","coordinates":[[-74.09025,4.6892],[-74.0899,4.68896],[-74.08948,4.68866],[-74.0891,4.6884],[-74.08876,4.68815],[-74.08872,4.68813]]}},{"type":"Feature","properties":{"id":"1169194388","nom":"Avenida Carrera 17","tipo":"secondary"},"geometry":{"type":"LineString","coordinates":[[-74.0668,4.65457],[-74.06676,4.65464],[-74.06647,4.6551],[-74.06645,4.65514]]}},{"type":"Feature","properties":{"id":"1169377971","nom":"Calle 74","tipo":"tertiary"},"geometry":{"type":"LineString","coordinates":[[-74.07091,4.668],[-74.07084,4.66794],[-74.07047,4.66767],[-74.07043,4.66764],[-74.07036,4.66759],[-74.07002,4.66732],[-74.06998,4.66729],[-74.06992,4.66724],[-74.06959,4.66699],[-74.06954,4.66695],[-74.0691,4.66662],[-74.06901,4.66655]]}},{"type":"Feature","properties":{"id":"1169377972","nom":"Carrera 28","tipo":"tertiary"},"geometry":{"type":"LineString","coordinates":[[-74.07005,4.66532],[-74.07003,4.66535],[-74.06991,4.66551],[-74.06932,4.66633],[-74.06927,4.66639],[-74.06922,4.66644],[-74.06917,4.66648],[-74.06909,4.66652],[-74.06901,4.66655]]}},{"type":"Feature","properties":{"id":"1172472806","nom":"Avenida Calle 80","tipo":"trunk"},"geometry":{"type":"LineString","coordinates":[[-74.07863,4.68356],[-74.07869,4.68364]]}},{"type":"Feature","properties":{"id":"1172472807","nom":"Avenida Carrera 68","tipo":"primary"},"geometry":{"type":"LineString","coordinates":[[-74.07867,4.68411],[-74.07818,4.68451],[-74.07793,4.68472],[-74.07753,4.68505],[-74.07739,4.68517]]}},{"type":"Feature","properties":{"id":"1172472808","nom":"Avenida Calle 68","tipo":"secondary"},"geometry":{"type":"LineString","coordinates":[[-74.0843,4.6753],[-74.08531,4.67672]]}},{"type":"Feature","properties":{"id":"1172472809","nom":"Avenida Calle 68","tipo":"secondary"},"geometry":{"type":"LineString","coordinates":[[-74.0636,4.65512],[-74.06389,4.65529],[-74.06408,4.6554],[-74.06453,4.65568],[-74.06457,4.6557],[-74.06465,4.65574]]}},{"type":"Feature","properties":{"id":"1172472810","nom":"Carrera 15","tipo":"residential"},"geometry":{"type":"LineString","coordinates":[[-74.06478,4.65494],[-74.0647,4.6555],[-74.06467,4.65564],[-74.06466,4.65567],[-74.06465,4.65574]]}},{"type":"Feature","properties":{"id":"1172472812","nom":"Avenida Calle 72","tipo":"secondary"},"geometry":{"type":"LineString","coordinates":[[-74.08748,4.67948],[-74.08708,4.67903]]}},{"type":"Feature","properties":{"id":"1172472813","nom":"Calle 71","tipo":"tertiary"},"geometry":{"type":"LineString","coordinates":[[-74.08769,4.67827],[-74.08818,4.67873]]}},{"type":"Feature","properties":{"id":"1172472814","nom":"Avenida Carrera 68","tipo":"primary"},"geometry":{"type":"LineString","coordinates":[[-74.08521,4.67902],[-74.08528,4.6789],[-74.08537,4.67877],[-74.08551,4.67853],[-74.08571,4.6782]]}},{"type":"Feature","properties":{"id":"1172472815","nom":"Avenida Carrera 68","tipo":"primary"},"geometry":{"type":"LineString","coordinates":[[-74.07752,4.68532],[-74.07757,4.68528],[-74.07778,4.68512],[-74.0779,4.68503],[-74.07801,4.68495],[-74.0783,4.68473],[-74.0788,4.68431],[-74.07899,4.68416],[-74.07937,4.68385],[-74.07962,4.68365],[-74.08063,4.68285],[-74.08099,4.68258]]}},{"type":"Feature","properties":{"id":"1172472816","nom":"Avenida Calle 80","tipo":"trunk"},"geometry":{"type":"LineString","coordinates":[[-74.08051,4.68552],[-74.08014,4.68501],[-74.08004,4.68488]]}},{"type":"Feature","properties":{"id":"1174656273","nom":"Diagonal 92","tipo":"primary"},"geometry":{"type":"LineString","coordinates":[[-74.0562,4.68015],[-74.05578,4.68042],[-74.05553,4.68056],[-74.05531,4.68068],[-74.05506,4.68083],[-74.05499,4.68087],[-74.05441,4.68121]]}},{"type":"Feature","properties":{"id":"1174656275","nom":"","tipo":"secondary"},"geometry":{"type":"LineString","coordinates":[[-74.05525,4.6811],[-74.05523,4.68103],[-74.0552,4.68097],[-74.05516,4.68092],[-74.05511,4.68087],[-74.05505,4.68083],[-74.05499,4.68081],[-74.05492,4.68079]]}},{"type":"Feature","properties":{"id":"1176611622","nom":"Carrera 69C","tipo":"residential"},"geometry":{"type":"LineString","coordinates":[[-74.07529,4.69281],[-74.07605,4.69228]]}},{"type":"Feature","properties":{"id":"1176611623","nom":"Avenida Carrera 70","tipo":"tertiary"},"geometry":{"type":"LineString","coordinates":[[-74.07668,4.69315],[-74.07606,4.69361],[-74.07597,4.69367]]}},{"type":"Feature","properties":{"id":"1176611624","nom":"Calle 95","tipo":"tertiary"},"geometry":{"type":"LineString","coordinates":[[-74.0779,4.68878],[-74.07806,4.68902]]}},{"type":"Feature","properties":{"id":"1176611625","nom":"Calle 94A","tipo":"residential"},"geometry":{"type":"LineString","coordinates":[[-74.07838,4.68881],[-74.07835,4.68877]]}},{"type":"Feature","properties":{"id":"1176611626","nom":"Calle 94A","tipo":"residential"},"geometry":{"type":"LineString","coordinates":[[-74.07835,4.68877],[-74.07787,4.6881],[-74.07738,4.68742]]}},{"type":"Feature","properties":{"id":"1176611627","nom":"Carrera 69","tipo":"residential"},"geometry":{"type":"LineString","coordinates":[[-74.07866,4.68856],[-74.07835,4.68877]]}},{"type":"Feature","properties":{"id":"1176611831","nom":"Avenida Carrera 70","tipo":"secondary"},"geometry":{"type":"LineString","coordinates":[[-74.08866,4.68823],[-74.08839,4.68861],[-74.08827,4.68877],[-74.08811,4.689],[-74.08801,4.68914]]}},{"type":"Feature","properties":{"id":"1176611832","nom":"Avenida Calle 72","tipo":"secondary"},"geometry":{"type":"LineString","coordinates":[[-74.08717,4.67927],[-74.08721,4.67931]]}},{"type":"Feature","properties":{"id":"1176614920","nom":"Carrera 68C","tipo":"tertiary"},"geometry":{"type":"LineString","coordinates":[[-74.08314,4.68301],[-74.08221,4.68376]]}},{"type":"Feature","properties":{"id":"1176617724","nom":"Avenida Carrera 11","tipo":"secondary"},"geometry":{"type":"LineString","coordinates":[[-74.05571,4.66165],[-74.05613,4.66104],[-74.05615,4.661],[-74.05618,4.66096]]}},{"type":"Feature","properties":{"id":"1176617725","nom":"Calle 76","tipo":"secondary"},"geometry":{"type":"LineString","coordinates":[[-74.05618,4.66096],[-74.05622,4.66099],[-74.05656,4.66121],[-74.05674,4.66133],[-74.05677,4.66134],[-74.05708,4.66154],[-74.05713,4.66158],[-74.05725,4.66166],[-74.05778,4.662],[-74.05782,4.66202],[-74.05787,4.66206]]}},{"type":"Feature","properties":{"id":"1176618272","nom":"Calle 95","tipo":"tertiary"},"geometry":{"type":"LineString","coordinates":[[-74.07699,4.68755],[-74.07626,4.68649],[-74.07622,4.68644]]}},{"type":"Feature","properties":{"id":"1176618273","nom":"Calle 98","tipo":"tertiary"},"geometry":{"type":"LineString","coordinates":[[-74.0749,4.68919],[-74.07486,4.68913]]}},{"type":"Feature","properties":{"id":"1176618274","nom":"Calle 98","tipo":"tertiary"},"geometry":{"type":"LineString","coordinates":[[-74.07486,4.68913],[-74.07428,4.68832],[-74.0742,4.6882],[-74.07416,4.68814],[-74.07412,4.68808]]}},{"type":"Feature","properties":{"id":"1176618275","nom":"Calle 98A","tipo":"tertiary"},"geometry":{"type":"LineString","coordinates":[[-74.07332,4.68862],[-74.07337,4.68864],[-74.07341,4.68865],[-74.07343,4.68866],[-74.07347,4.68869],[-74.07351,4.68873],[-74.07364,4.68892],[-74.07411,4.68958],[-74.0742,4.68971]]}},{"type":"Feature","properties":{"id":"1176618276","nom":"Avenida Calle 100","tipo":"primary"},"geometry":{"type":"LineString","coordinates":[[-74.07332,4.68862],[-74.07351,4.6885],[-74.07384,4.68828],[-74.07399,4.68818]]}},{"type":"Feature","properties":{"id":"1176618277","nom":"Avenida Calle 100","tipo":"primary"},"geometry":{"type":"LineString","coordinates":[[-74.07195,4.68925],[-74.072,4.68923],[-74.07211,4.68919]]}},{"type":"Feature","properties":{"id":"1178430870","nom":"Carrera 71","tipo":"tertiary"},"geometry":{"type":"LineString","coordinates":[[-74.08865,4.69307],[-74.08887,4.69278]]}},{"type":"Feature","properties":{"id":"1178593629","nom":"Avenida Carrera 70","tipo":"tertiary"},"geometry":{"type":"LineString","coordinates":[[-74.07731,4.69269],[-74.07668,4.69315]]}},{"type":"Feature","properties":{"id":"1180750201","nom":"Avenida Calle 100","tipo":"primary"},"geometry":{"type":"LineString","coordinates":[[-74.05577,4.68652],[-74.05565,4.68648],[-74.0556,4.68647],[-74.05541,4.68642],[-74.0549,4.68627]]}},{"type":"Feature","properties":{"id":"1180750202","nom":"Avenida Carrera 45","tipo":"trunk"},"geometry":{"type":"LineString","coordinates":[[-74.05707,4.68612],[-74.05697,4.68666]]}},{"type":"Feature","properties":{"id":"1180750203","nom":"Avenida Carrera 45","tipo":"trunk"},"geometry":{"type":"LineString","coordinates":[[-74.05811,4.68048],[-74.05793,4.6808],[-74.0579,4.68085],[-74.05788,4.6809],[-74.05785,4.68098]]}},{"type":"Feature","properties":{"id":"1180757293","nom":"Avenida Carrera 24","tipo":"secondary"},"geometry":{"type":"LineString","coordinates":[[-74.07067,4.65735],[-74.07064,4.65739],[-74.07057,4.65749],[-74.07043,4.65772],[-74.07002,4.65834]]}},{"type":"Feature","properties":{"id":"1180989126","nom":"Avenida Carrera 68","tipo":"primary"},"geometry":{"type":"LineString","coordinates":[[-74.0863,4.67721],[-74.08642,4.67705],[-74.08659,4.67677],[-74.08665,4.67666],[-74.08686,4.6763],[-74.08697,4.6761],[-74.08713,4.67584],[-74.08731,4.67553],[-74.08741,4.67536]]}},{"type":"Feature","properties":{"id":"1180991437","nom":"Avenida Carrera 45","tipo":"trunk"},"geometry":{"type":"LineString","coordinates":[[-74.0579,4.68468],[-74.05794,4.68444],[-74.05798,4.68422],[-74.05805,4.68385]]}},{"type":"Feature","properties":{"id":"1180991438","nom":"Avenida Carrera 45","tipo":"trunk"},"geometry":{"type":"LineString","coordinates":[[-74.0581,4.68355],[-74.05821,4.68297],[-74.05826,4.68266],[-74.05831,4.68233],[-74.05831,4.6823]]}},{"type":"Feature","properties":{"id":"1180991439","nom":"Avenida Calle 100","tipo":"primary"},"geometry":{"type":"LineString","coordinates":[[-74.05913,4.68717],[-74.05907,4.68716],[-74.05904,4.68715],[-74.05895,4.68713],[-74.05884,4.68711],[-74.05872,4.68709],[-74.05855,4.68708]]}},{"type":"Feature","properties":{"id":"1180992298","nom":"Avenida Carrera 30","tipo":"trunk"},"geometry":{"type":"LineString","coordinates":[[-74.07584,4.66492],[-74.07601,4.66445],[-74.07612,4.66413],[-74.07617,4.66397],[-74.07648,4.66276],[-74.07695,4.6611]]}},{"type":"Feature","properties":{"id":"1180992299","nom":"Avenida Carrera 30","tipo":"trunk"},"geometry":{"type":"LineString","coordinates":[[-74.0766,4.66389],[-74.07663,4.6638],[-74.07684,4.66302],[-74.07703,4.66237]]}},{"type":"Feature","properties":{"id":"1180992300","nom":"Avenida Carrera 30","tipo":"trunk"},"geometry":{"type":"LineString","coordinates":[[-74.07635,4.66445],[-74.07639,4.66442],[-74.07643,4.66438],[-74.07645,4.66434],[-74.07648,4.6643],[-74.07653,4.66415],[-74.0766,4.66389]]}},{"type":"Feature","properties":{"id":"1180992336","nom":"Avenida Carrera 68","tipo":"primary"},"geometry":{"type":"LineString","coordinates":[[-74.08621,4.67688],[-74.08611,4.67707],[-74.08604,4.67719],[-74.08599,4.67728],[-74.08595,4.67736],[-74.08574,4.6777]]}},{"type":"Feature","properties":{"id":"1180992337","nom":"Carrera 66","tipo":"residential"},"geometry":{"type":"LineString","coordinates":[[-74.08523,4.67545],[-74.08568,4.67489]]}},{"type":"Feature","properties":{"id":"1180992338","nom":"Avenida Calle 68","tipo":"secondary"},"geometry":{"type":"LineString","coordinates":[[-74.08486,4.67594],[-74.08419,4.67496]]}},{"type":"Feature","properties":{"id":"1180996637","nom":"Avenida Carrera 68","tipo":"primary"},"geometry":{"type":"LineString","coordinates":[[-74.08741,4.67536],[-74.08752,4.67516],[-74.08758,4.67506],[-74.08762,4.67499],[-74.08781,4.67462],[-74.08792,4.67444],[-74.08819,4.67398]]}},{"type":"Feature","properties":{"id":"1180996638","nom":"Calle 67B","tipo":"residential"},"geometry":{"type":"LineString","coordinates":[[-74.09003,4.67593],[-74.08935,4.67518]]}},{"type":"Feature","properties":{"id":"1180996639","nom":"Carrera 68B","tipo":"residential"},"geometry":{"type":"LineString","coordinates":[[-74.08964,4.6748],[-74.08935,4.67518]]}},{"type":"Feature","properties":{"id":"1180996640","nom":"Carrera 68B","tipo":"residential"},"geometry":{"type":"LineString","coordinates":[[-74.08935,4.67518],[-74.0892,4.6754],[-74.08895,4.67571],[-74.08844,4.67638]]}},{"type":"Feature","properties":{"id":"1182593945","nom":"Calle 69","tipo":"tertiary"},"geometry":{"type":"LineString","coordinates":[[-74.06511,4.65727],[-74.06508,4.65725],[-74.06463,4.65698],[-74.06414,4.65667],[-74.06409,4.65664],[-74.06345,4.65624],[-74.06341,4.65622],[-74.06277,4.65582],[-74.06275,4.65581],[-74.0627,4.65578]]}},{"type":"Feature","properties":{"id":"1182593946","nom":"Avenida Carrera 17","tipo":"secondary"},"geometry":{"type":"LineString","coordinates":[[-74.06569,4.65636],[-74.06564,4.65643],[-74.06544,4.65676],[-74.06515,4.65722],[-74.06511,4.65727]]}},{"type":"Feature","properties":{"id":"1182616438","nom":"Carrera 63","tipo":"residential"},"geometry":{"type":"LineString","coordinates":[[-74.06651,4.69199],[-74.06654,4.69195],[-74.06683,4.69136]]}},{"type":"Feature","properties":{"id":"1187622683","nom":"Carrera 62","tipo":"residential"},"geometry":{"type":"LineString","coordinates":[[-74.07563,4.68114],[-74.07564,4.68113]]}},{"type":"Feature","properties":{"id":"1187622684","nom":"Carrera 62","tipo":"residential"},"geometry":{"type":"LineString","coordinates":[[-74.07559,4.68109],[-74.07558,4.68111]]}},{"type":"Feature","properties":{"id":"1189847309","nom":"Avenida Carrera 68","tipo":"primary"},"geometry":{"type":"LineString","coordinates":[[-74.08918,4.67169],[-74.08914,4.67175],[-74.08907,4.67187],[-74.08899,4.672],[-74.08873,4.67247],[-74.08862,4.67266],[-74.08853,4.67281],[-74.0883,4.67323],[-74.08795,4.67388]]}},{"type":"Feature","properties":{"id":"1189851305","nom":"Avenida Carrera 68","tipo":"primary"},"geometry":{"type":"LineString","coordinates":[[-74.08571,4.6782],[-74.08578,4.67807],[-74.08608,4.67756],[-74.0862,4.67736],[-74.0863,4.67721]]}},{"type":"Feature","properties":{"id":"1189851306","nom":"Avenida Calle 72","tipo":"secondary"},"geometry":{"type":"LineString","coordinates":[[-74.08634,4.67821],[-74.08649,4.67844]]}},{"type":"Feature","properties":{"id":"1189851308","nom":"Carrera 65","tipo":"residential"},"geometry":{"type":"LineString","coordinates":[[-74.08649,4.67101],[-74.08615,4.67144],[-74.08591,4.67175],[-74.08557,4.67219]]}},{"type":"Feature","properties":{"id":"1189851309","nom":"Calle 67B","tipo":"residential"},"geometry":{"type":"LineString","coordinates":[[-74.08557,4.67219],[-74.08512,4.67184],[-74.08467,4.67149],[-74.08419,4.67112]]}},{"type":"Feature","properties":{"id":"1189854434","nom":"Avenida Calle 100","tipo":"primary"},"geometry":{"type":"LineString","coordinates":[[-74.06592,4.68938],[-74.06629,4.68946],[-74.06641,4.68949],[-74.0665,4.68952],[-74.06676,4.68958],[-74.06696,4.68963],[-74.06708,4.68965]]}},{"type":"Feature","properties":{"id":"1191441298","nom":"Avenida Calle 100","tipo":"primary"},"geometry":{"type":"LineString","coordinates":[[-74.07397,4.68784],[-74.07388,4.68792]]}},{"type":"Feature","properties":{"id":"1191442933","nom":"Avenida Carrera 45","tipo":"trunk"},"geometry":{"type":"LineString","coordinates":[[-74.05746,4.68328],[-74.05733,4.68403]]}},{"type":"Feature","properties":{"id":"1191442934","nom":"Avenida Carrera 45","tipo":"trunk"},"geometry":{"type":"LineString","coordinates":[[-74.0577,4.68229],[-74.05759,4.68311]]}},{"type":"Feature","properties":{"id":"1191442935","nom":"Avenida Carrera 45","tipo":"trunk"},"geometry":{"type":"LineString","coordinates":[[-74.05753,4.68394],[-74.0575,4.6841],[-74.05735,4.685]]}},{"type":"Feature","properties":{"id":"1191442936","nom":"Avenida Carrera 45","tipo":"trunk"},"geometry":{"type":"LineString","coordinates":[[-74.05822,4.67998],[-74.05811,4.68048],[-74.05802,4.68107],[-74.05781,4.68233],[-74.05777,4.68255],[-74.05769,4.68311],[-74.05753,4.68394]]}},{"type":"Feature","properties":{"id":"1191443172","nom":"Carrera 56","tipo":"tertiary"},"geometry":{"type":"LineString","coordinates":[[-74.06278,4.68405],[-74.06283,4.68402],[-74.06293,4.68397],[-74.06298,4.68395]]}},{"type":"Feature","properties":{"id":"1191444437","nom":"Avenida Calle 68","tipo":"secondary"},"geometry":{"type":"LineString","coordinates":[[-74.08075,4.67006],[-74.0808,4.67013],[-74.08124,4.67078],[-74.0815,4.67116],[-74.08153,4.6712],[-74.08155,4.67123],[-74.0816,4.67132]]}},{"type":"Feature","properties":{"id":"1191447856","nom":"Avenida Carrera 60","tipo":"secondary"},"geometry":{"type":"LineString","coordinates":[[-74.08284,4.66967],[-74.08271,4.66985],[-74.0826,4.67],[-74.08258,4.67003],[-74.08242,4.67025],[-74.08237,4.67033]]}},{"type":"Feature","properties":{"id":"1191448119","nom":"Avenida Carrera 24","tipo":"secondary"},"geometry":{"type":"LineString","coordinates":[[-74.07074,4.65725],[-74.07067,4.65735]]}},{"type":"Feature","properties":{"id":"1194885833","nom":"Carrera 53","tipo":"secondary"},"geometry":{"type":"LineString","coordinates":[[-74.06272,4.6883],[-74.0627,4.6882]]}},{"type":"Feature","properties":{"id":"1194962712","nom":"Carrera 65","tipo":"tertiary"},"geometry":{"type":"LineString","coordinates":[[-74.06866,4.69144],[-74.06888,4.69095],[-74.06892,4.69086],[-74.06911,4.69045],[-74.06921,4.69022],[-74.06924,4.69015],[-74.06929,4.69004]]}},{"type":"Feature","properties":{"id":"1195016029","nom":"Avenida Carrera 17","tipo":"secondary"},"geometry":{"type":"LineString","coordinates":[[-74.06607,4.65575],[-74.06575,4.65626],[-74.06573,4.6563],[-74.06569,4.65636]]}},{"type":"Feature","properties":{"id":"1195016030","nom":"Calle 67","tipo":"residential"},"geometry":{"type":"LineString","coordinates":[[-74.06478,4.65494],[-74.06507,4.65512],[-74.06557,4.65542],[-74.06604,4.65573],[-74.06607,4.65575]]}},{"type":"Feature","properties":{"id":"1195025600","nom":"Avenida Carrera 50","tipo":"tertiary"},"geometry":{"type":"LineString","coordinates":[[-74.06079,4.6875],[-74.06078,4.68757],[-74.06077,4.68765]]}},{"type":"Feature","properties":{"id":"1195025602","nom":"Carrera 53","tipo":"secondary"},"geometry":{"type":"LineString","coordinates":[[-74.06277,4.68862],[-74.06276,4.68853]]}},{"type":"Feature","properties":{"id":"1197229733","nom":"Carrera 68C","tipo":"tertiary"},"geometry":{"type":"LineString","coordinates":[[-74.08402,4.68229],[-74.08374,4.68252],[-74.08314,4.68301]]}},{"type":"Feature","properties":{"id":"1197229734","nom":"Calle 77","tipo":"tertiary"},"geometry":{"type":"LineString","coordinates":[[-74.08314,4.68301],[-74.08316,4.68304],[-74.08341,4.68336],[-74.08343,4.68338],[-74.08392,4.684],[-74.08395,4.68403]]}},{"type":"Feature","properties":{"id":"1197229735","nom":"Carrera 68H","tipo":"tertiary"},"geometry":{"type":"LineString","coordinates":[[-74.08841,4.6805],[-74.08834,4.68056]]}},{"type":"Feature","properties":{"id":"1197229736","nom":"Avenida Calle 72","tipo":"secondary"},"geometry":{"type":"LineString","coordinates":[[-74.08721,4.67931],[-74.08777,4.67993],[-74.08831,4.68053],[-74.08834,4.68056]]}},{"type":"Feature","properties":{"id":"1197353368","nom":"Avenida Calle 100","tipo":"primary"},"geometry":{"type":"LineString","coordinates":[[-74.06266,4.6885],[-74.06276,4.68853]]}},{"type":"Feature","properties":{"id":"1197353369","nom":"Avenida Calle 100","tipo":"primary"},"geometry":{"type":"LineString","coordinates":[[-74.06175,4.68824],[-74.06192,4.68829],[-74.06208,4.68833],[-74.06253,4.68846],[-74.06258,4.68848]]}},{"type":"Feature","properties":{"id":"1197467464","nom":"Avenida Calle 68","tipo":"secondary"},"geometry":{"type":"LineString","coordinates":[[-74.0816,4.67132],[-74.08164,4.67137]]}},{"type":"Feature","properties":{"id":"1198785170","nom":"Avenida Calle 100","tipo":"primary"},"geometry":{"type":"LineString","coordinates":[[-74.06258,4.68848],[-74.06266,4.6885]]}},{"type":"Feature","properties":{"id":"1199631092","nom":"Avenida Calle 100","tipo":"primary"},"geometry":{"type":"LineString","coordinates":[[-74.06072,4.68794],[-74.06088,4.68799],[-74.06139,4.68813],[-74.06175,4.68824]]}},{"type":"Feature","properties":{"id":"1199631093","nom":"Avenida Carrera 45","tipo":"trunk"},"geometry":{"type":"LineString","coordinates":[[-74.05809,4.68366],[-74.0581,4.6836],[-74.0581,4.68355]]}},{"type":"Feature","properties":{"id":"1199634634","nom":"Diagonal 92","tipo":"primary"},"geometry":{"type":"LineString","coordinates":[[-74.0532,4.68215],[-74.0537,4.68186],[-74.05424,4.68155],[-74.05531,4.68093],[-74.05603,4.68052],[-74.05685,4.68009]]}},{"type":"Feature","properties":{"id":"1199954114","nom":"Avenida Calle 72","tipo":"secondary"},"geometry":{"type":"LineString","coordinates":[[-74.08834,4.68056],[-74.08865,4.6809]]}},{"type":"Feature","properties":{"id":"1200734240","nom":"Avenida Calle 72","tipo":"secondary"},"geometry":{"type":"LineString","coordinates":[[-74.06086,4.65874],[-74.06133,4.65906],[-74.06138,4.65909],[-74.06142,4.65912],[-74.06164,4.65926],[-74.06171,4.6593],[-74.06213,4.65961],[-74.06248,4.65986],[-74.06269,4.66001]]}},{"type":"Feature","properties":{"id":"1214816696","nom":"Calle 65A","tipo":"residential"},"geometry":{"type":"LineString","coordinates":[[-74.08248,4.66501],[-74.08243,4.66496]]}},{"type":"Feature","properties":{"id":"1214816697","nom":"Calle 65A","tipo":"residential"},"geometry":{"type":"LineString","coordinates":[[-74.08342,4.66569],[-74.0834,4.66567],[-74.08337,4.66564]]}},{"type":"Feature","properties":{"id":"1214816698","nom":"Carrera 57A","tipo":"residential"},"geometry":{"type":"LineString","coordinates":[[-74.08351,4.66448],[-74.08343,4.66453]]}},{"type":"Feature","properties":{"id":"1214872517","nom":"Calle 80","tipo":"residential"},"geometry":{"type":"LineString","coordinates":[[-74.0592,4.66765],[-74.05934,4.66772],[-74.05974,4.66793]]}},{"type":"Feature","properties":{"id":"1216141212","nom":"Avenida Calle 72","tipo":"secondary"},"geometry":{"type":"LineString","coordinates":[[-74.09056,4.68284],[-74.0902,4.68245],[-74.08988,4.6821]]}},{"type":"Feature","properties":{"id":"1216141219","nom":"Transversal 69 Bis","tipo":"tertiary"},"geometry":{"type":"LineString","coordinates":[[-74.08742,4.68427],[-74.08732,4.68448]]}},{"type":"Feature","properties":{"id":"1219877410","nom":"Avenida Calle 72","tipo":"secondary"},"geometry":{"type":"LineString","coordinates":[[-74.08865,4.6809],[-74.08888,4.68115],[-74.08926,4.68157],[-74.09001,4.68239],[-74.09006,4.68244]]}},{"type":"Feature","properties":{"id":"1235195805","nom":"Avenida Calle 100","tipo":"primary"},"geometry":{"type":"LineString","coordinates":[[-74.06765,4.68976],[-74.06779,4.68978],[-74.06796,4.6898],[-74.06804,4.68981],[-74.0681,4.68981],[-74.06816,4.68982],[-74.06826,4.68982]]}},{"type":"Feature","properties":{"id":"1235195806","nom":"Avenida Calle 100","tipo":"primary"},"geometry":{"type":"LineString","coordinates":[[-74.07399,4.68818],[-74.07412,4.68808]]}},{"type":"Feature","properties":{"id":"1236470178","nom":"Carrera 13","tipo":"residential"},"geometry":{"type":"LineString","coordinates":[[-74.06036,4.65841],[-74.06034,4.65845],[-74.06021,4.65865]]}},{"type":"Feature","properties":{"id":"1242104642","nom":"Calle 73","tipo":"residential"},"geometry":{"type":"LineString","coordinates":[[-74.08395,4.67711],[-74.08464,4.67764],[-74.08533,4.67817],[-74.08536,4.67819],[-74.08542,4.67823]]}},{"type":"Feature","properties":{"id":"1242123682","nom":"Carrera 47A","tipo":"residential"},"geometry":{"type":"LineString","coordinates":[[-74.05912,4.68799],[-74.05913,4.68796],[-74.05914,4.68789],[-74.05918,4.6877]]}},{"type":"Feature","properties":{"id":"1242123683","nom":"","tipo":"residential"},"geometry":{"type":"LineString","coordinates":[[-74.05909,4.68753],[-74.05913,4.68756],[-74.05915,4.68758],[-74.05916,4.68759],[-74.05917,4.68762],[-74.05917,4.68763],[-74.05917,4.68764],[-74.05918,4.6877]]}},{"type":"Feature","properties":{"id":"1267829962","nom":"Calle 72A","tipo":"residential"},"geometry":{"type":"LineString","coordinates":[[-74.08493,4.67728],[-74.08424,4.67674]]}},{"type":"Feature","properties":{"id":"1267829963","nom":"Avenida Calle 72","tipo":"secondary"},"geometry":{"type":"LineString","coordinates":[[-74.08453,4.67637],[-74.08523,4.67691]]}},{"type":"Feature","properties":{"id":"1268189269","nom":"Avenida Calle 80","tipo":"trunk"},"geometry":{"type":"LineString","coordinates":[[-74.07394,4.67841],[-74.07408,4.67851]]}},{"type":"Feature","properties":{"id":"1270820251","nom":"Carrera 28","tipo":"tertiary"},"geometry":{"type":"LineString","coordinates":[[-74.06447,4.67387],[-74.06438,4.67436],[-74.06425,4.67507]]}},{"type":"Feature","properties":{"id":"1275082429","nom":"Carrera 46","tipo":"residential"},"geometry":{"type":"LineString","coordinates":[[-74.05921,4.68376],[-74.05922,4.68372],[-74.05947,4.68221]]}},{"type":"Feature","properties":{"id":"1275082430","nom":"Calle 95","tipo":"tertiary"},"geometry":{"type":"LineString","coordinates":[[-74.05921,4.68376],[-74.05869,4.68367],[-74.05866,4.68367],[-74.05823,4.6836],[-74.05821,4.6836],[-74.05819,4.68359],[-74.05818,4.68359],[-74.05815,4.68358],[-74.05812,4.68356],[-74.0581,4.68355]]}},{"type":"Feature","properties":{"id":"1275082431","nom":"Calle 95","tipo":"tertiary"},"geometry":{"type":"LineString","coordinates":[[-74.0592,4.68381],[-74.05924,4.68381],[-74.05968,4.68388],[-74.05977,4.6839],[-74.05982,4.68391],[-74.06036,4.684],[-74.06079,4.68408],[-74.06084,4.68409],[-74.06131,4.68417],[-74.06136,4.68418]]}},{"type":"Feature","properties":{"id":"1277673731","nom":"Avenida Carrera 20","tipo":"trunk"},"geometry":{"type":"LineString","coordinates":[[-74.05887,4.67601],[-74.05885,4.67611],[-74.05885,4.67616],[-74.0587,4.67697],[-74.05865,4.67727],[-74.05853,4.67808]]}},{"type":"Feature","properties":{"id":"1279991853","nom":"Avenida Carrera 45","tipo":"trunk"},"geometry":{"type":"LineString","coordinates":[[-74.05735,4.685],[-74.05724,4.68553],[-74.05713,4.68618],[-74.05695,4.68712],[-74.05689,4.68741],[-74.05682,4.68786]]}},{"type":"Feature","properties":{"id":"1286141405","nom":"Carrera 20C","tipo":"residential"},"geometry":{"type":"LineString","coordinates":[[-74.06157,4.66644],[-74.06159,4.66641],[-74.06171,4.66622],[-74.06198,4.66579]]}},{"type":"Feature","properties":{"id":"1288440412","nom":"Avenida Carrera 45","tipo":"secondary"},"geometry":{"type":"LineString","coordinates":[[-74.05811,4.67996],[-74.05804,4.68023]]}},{"type":"Feature","properties":{"id":"1288440413","nom":"Avenida Carrera 45","tipo":"secondary"},"geometry":{"type":"LineString","coordinates":[[-74.05823,4.6792],[-74.05823,4.67926],[-74.05824,4.67931],[-74.05823,4.67941],[-74.0582,4.67956],[-74.05817,4.67972],[-74.05812,4.67991],[-74.05811,4.67996]]}},{"type":"Feature","properties":{"id":"1288635719","nom":"Avenida Carrera 45","tipo":"trunk"},"geometry":{"type":"LineString","coordinates":[[-74.05805,4.68244],[-74.0582,4.68171],[-74.05833,4.68088]]}},{"type":"Feature","properties":{"id":"1288635720","nom":"Avenida Carrera 45","tipo":"trunk"},"geometry":{"type":"LineString","coordinates":[[-74.05728,4.68849],[-74.05729,4.68843],[-74.05732,4.68819],[-74.05732,4.68817]]}},{"type":"Feature","properties":{"id":"1288635721","nom":"Avenida Carrera 45","tipo":"trunk"},"geometry":{"type":"LineString","coordinates":[[-74.05617,4.69383],[-74.05619,4.6937],[-74.05627,4.69315]]}},{"type":"Feature","properties":{"id":"1288635722","nom":"Avenida Carrera 45","tipo":"trunk"},"geometry":{"type":"LineString","coordinates":[[-74.056,4.69484],[-74.05613,4.69413],[-74.05616,4.69392],[-74.05617,4.69383]]}},{"type":"Feature","properties":{"id":"1289077606","nom":"Avenida Calle 92","tipo":"secondary"},"geometry":{"type":"LineString","coordinates":[[-74.05665,4.678],[-74.05653,4.67794],[-74.05647,4.67791],[-74.05642,4.67788]]}},{"type":"Feature","properties":{"id":"1289080878","nom":"Avenida Calle 94","tipo":"secondary"},"geometry":{"type":"LineString","coordinates":[[-74.05579,4.68145],[-74.05608,4.68148],[-74.05623,4.6815],[-74.05625,4.6815],[-74.05646,4.68154],[-74.05671,4.6816]]}},{"type":"Feature","properties":{"id":"1289080879","nom":"Avenida Calle 94","tipo":"secondary"},"geometry":{"type":"LineString","coordinates":[[-74.05734,4.68171],[-74.05755,4.68175],[-74.05763,4.68176],[-74.05771,4.68178]]}},{"type":"Feature","properties":{"id":"1289080880","nom":"Avenida Calle 94","tipo":"secondary"},"geometry":{"type":"LineString","coordinates":[[-74.05723,4.68155],[-74.05693,4.6815]]}},{"type":"Feature","properties":{"id":"1289080881","nom":"Avenida Calle 94","tipo":"secondary"},"geometry":{"type":"LineString","coordinates":[[-74.05607,4.68139],[-74.0559,4.68138],[-74.05582,4.68137]]}},{"type":"Feature","properties":{"id":"1289080882","nom":"Avenida Calle 94","tipo":"secondary"},"geometry":{"type":"LineString","coordinates":[[-74.05671,4.6816],[-74.0568,4.68162],[-74.0569,4.68164]]}},{"type":"Feature","properties":{"id":"1289500422","nom":"Avenida Calle 100","tipo":"primary"},"geometry":{"type":"LineString","coordinates":[[-74.05489,4.68655],[-74.05519,4.6866],[-74.05537,4.68664],[-74.05571,4.68672]]}},{"type":"Feature","properties":{"id":"1290502551","nom":"Calle 105","tipo":"residential"},"geometry":{"type":"LineString","coordinates":[[-74.05504,4.69272],[-74.05574,4.69286],[-74.05585,4.69287]]}},{"type":"Feature","properties":{"id":"1290504582","nom":"Calle 103","tipo":"residential"},"geometry":{"type":"LineString","coordinates":[[-74.05559,4.68944],[-74.05614,4.68953],[-74.0563,4.68956],[-74.05643,4.68958]]}},{"type":"Feature","properties":{"id":"1290504583","nom":"Calle 103","tipo":"residential"},"geometry":{"type":"LineString","coordinates":[[-74.05482,4.68931],[-74.05559,4.68944]]}},{"type":"Feature","properties":{"id":"1290643428","nom":"Transversal 23","tipo":"residential"},"geometry":{"type":"LineString","coordinates":[[-74.05637,4.68476],[-74.05638,4.6847],[-74.05638,4.68467],[-74.05641,4.68453],[-74.0565,4.68399],[-74.0565,4.68396],[-74.05652,4.68387],[-74.05659,4.68343]]}},{"type":"Feature","properties":{"id":"1290643429","nom":"Calle 97","tipo":"residential"},"geometry":{"type":"LineString","coordinates":[[-74.05637,4.68476],[-74.0564,4.68476],[-74.05709,4.68488],[-74.05712,4.68488],[-74.05717,4.68489],[-74.0572,4.6849]]}},{"type":"Feature","properties":{"id":"1290643430","nom":"Transversal 23","tipo":"residential"},"geometry":{"type":"LineString","coordinates":[[-74.05623,4.68557],[-74.05624,4.68551],[-74.0563,4.68517]]}},{"type":"Feature","properties":{"id":"1290643431","nom":"Transversal 23","tipo":"residential"},"geometry":{"type":"LineString","coordinates":[[-74.05633,4.68501],[-74.05634,4.6849],[-74.05635,4.68484],[-74.05636,4.68481],[-74.05637,4.68476]]}},{"type":"Feature","properties":{"id":"1290643432","nom":"Transversal 23","tipo":"residential"},"geometry":{"type":"LineString","coordinates":[[-74.05631,4.68509],[-74.05633,4.68501]]}},{"type":"Feature","properties":{"id":"1290643433","nom":"Transversal 23","tipo":"residential"},"geometry":{"type":"LineString","coordinates":[[-74.0563,4.68517],[-74.05631,4.68513],[-74.05631,4.68509]]}},{"type":"Feature","properties":{"id":"1290643434","nom":"Calle 97","tipo":"residential"},"geometry":{"type":"LineString","coordinates":[[-74.05488,4.68452],[-74.05492,4.68452],[-74.05497,4.68453],[-74.05519,4.68457],[-74.05632,4.68475],[-74.05637,4.68476]]}},{"type":"Feature","properties":{"id":"1290643438","nom":"Transversal 21","tipo":"residential"},"geometry":{"type":"LineString","coordinates":[[-74.05499,4.68389],[-74.05501,4.68375],[-74.05502,4.68371]]}},{"type":"Feature","properties":{"id":"1290643442","nom":"Transversal 21","tipo":"residential"},"geometry":{"type":"LineString","coordinates":[[-74.05502,4.68371],[-74.05503,4.68363],[-74.05513,4.68305]]}},{"type":"Feature","properties":{"id":"1290643443","nom":"Transversal 21","tipo":"residential"},"geometry":{"type":"LineString","coordinates":[[-74.05513,4.68305],[-74.05515,4.68294],[-74.05515,4.68288]]}},{"type":"Feature","properties":{"id":"1290643444","nom":"Transversal 21","tipo":"residential"},"geometry":{"type":"LineString","coordinates":[[-74.05515,4.68288],[-74.05516,4.68283],[-74.0552,4.6826]]}},{"type":"Feature","properties":{"id":"1290643445","nom":"Transversal 21","tipo":"residential"},"geometry":{"type":"LineString","coordinates":[[-74.05528,4.68213],[-74.05529,4.6821],[-74.05533,4.68185],[-74.05534,4.68175]]}},{"type":"Feature","properties":{"id":"1290643446","nom":"Transversal 23","tipo":"residential"},"geometry":{"type":"LineString","coordinates":[[-74.0567,4.68283],[-74.05666,4.68305],[-74.05666,4.68306],[-74.05664,4.68314]]}},{"type":"Feature","properties":{"id":"1305453242","nom":"Carrera 20","tipo":"tertiary"},"geometry":{"type":"LineString","coordinates":[[-74.06028,4.67063],[-74.06044,4.66975],[-74.06046,4.66965]]}},{"type":"Feature","properties":{"id":"1305483433","nom":"Avenida Calle 80","tipo":"trunk"},"geometry":{"type":"LineString","coordinates":[[-74.06136,4.66671],[-74.06146,4.66686],[-74.06155,4.66698],[-74.06164,4.6671],[-74.06203,4.66758],[-74.06228,4.66788]]}},{"type":"Feature","properties":{"id":"1316936645","nom":"Calle 78","tipo":"residential"},"geometry":{"type":"LineString","coordinates":[[-74.07039,4.67227],[-74.07096,4.67264]]}},{"type":"Feature","properties":{"id":"1326265799","nom":"Avenida Carrera 45","tipo":"trunk"},"geometry":{"type":"LineString","coordinates":[[-74.05654,4.69155],[-74.05655,4.69153],[-74.05663,4.69108]]}},{"type":"Feature","properties":{"id":"1326265800","nom":"Avenida Carrera 45","tipo":"trunk"},"geometry":{"type":"LineString","coordinates":[[-74.05833,4.68088],[-74.05839,4.68048]]}},{"type":"Feature","properties":{"id":"1326273170","nom":"Avenida Carrera 45","tipo":"trunk"},"geometry":{"type":"LineString","coordinates":[[-74.05617,4.6952],[-74.05633,4.69421],[-74.05635,4.69409]]}},{"type":"Feature","properties":{"id":"1326273171","nom":"Avenida Carrera 45","tipo":"trunk"},"geometry":{"type":"LineString","coordinates":[[-74.05635,4.69409],[-74.05638,4.6939],[-74.0564,4.69377]]}},{"type":"Feature","properties":{"id":"1326273172","nom":"Avenida Carrera 45","tipo":"trunk"},"geometry":{"type":"LineString","coordinates":[[-74.05673,4.69176],[-74.05687,4.69101],[-74.05691,4.69074],[-74.05693,4.69063],[-74.05701,4.69022]]}},{"type":"Feature","properties":{"id":"1326273173","nom":"Avenida Carrera 45","tipo":"trunk"},"geometry":{"type":"LineString","coordinates":[[-74.0567,4.69197],[-74.05671,4.69188],[-74.05672,4.69182],[-74.05673,4.69176]]}},{"type":"Feature","properties":{"id":"1326273174","nom":"Avenida Carrera 45","tipo":"trunk"},"geometry":{"type":"LineString","coordinates":[[-74.05667,4.69211],[-74.0567,4.69197]]}},{"type":"Feature","properties":{"id":"1326273175","nom":"Avenida Carrera 45","tipo":"trunk"},"geometry":{"type":"LineString","coordinates":[[-74.05714,4.68943],[-74.05715,4.68938],[-74.05715,4.68934]]}},{"type":"Feature","properties":{"id":"1326273176","nom":"Avenida Carrera 45","tipo":"trunk"},"geometry":{"type":"LineString","coordinates":[[-74.05715,4.68934],[-74.05717,4.68919],[-74.05719,4.68906],[-74.05721,4.68896]]}},{"type":"Feature","properties":{"id":"1326273177","nom":"Avenida Carrera 45","tipo":"trunk"},"geometry":{"type":"LineString","coordinates":[[-74.05721,4.68896],[-74.05721,4.68892],[-74.05724,4.68875]]}},{"type":"Feature","properties":{"id":"1326273178","nom":"Avenida Carrera 45","tipo":"trunk"},"geometry":{"type":"LineString","coordinates":[[-74.05724,4.68875],[-74.05726,4.6886]]}},{"type":"Feature","properties":{"id":"1326273179","nom":"Avenida Carrera 45","tipo":"trunk"},"geometry":{"type":"LineString","coordinates":[[-74.05726,4.6886],[-74.05728,4.68849]]}},{"type":"Feature","properties":{"id":"1326273180","nom":"Avenida Carrera 45","tipo":"trunk"},"geometry":{"type":"LineString","coordinates":[[-74.05732,4.68817],[-74.05733,4.68807],[-74.05732,4.688]]}},{"type":"Feature","properties":{"id":"1326273181","nom":"Avenida Carrera 45","tipo":"trunk"},"geometry":{"type":"LineString","coordinates":[[-74.05732,4.688],[-74.05732,4.68788]]}},{"type":"Feature","properties":{"id":"1326273182","nom":"Avenida Carrera 45","tipo":"trunk"},"geometry":{"type":"LineString","coordinates":[[-74.05732,4.68788],[-74.05736,4.68746],[-74.05739,4.6872]]}},{"type":"Feature","properties":{"id":"1326273184","nom":"Avenida Carrera 45","tipo":"trunk"},"geometry":{"type":"LineString","coordinates":[[-74.05748,4.68673],[-74.05764,4.68591]]}},{"type":"Feature","properties":{"id":"1326273186","nom":"Avenida Carrera 45","tipo":"trunk"},"geometry":{"type":"LineString","coordinates":[[-74.05786,4.68506],[-74.05787,4.685],[-74.0579,4.68468]]}},{"type":"Feature","properties":{"id":"1326273187","nom":"Avenida Carrera 45","tipo":"trunk"},"geometry":{"type":"LineString","coordinates":[[-74.05781,4.68533],[-74.05783,4.68525],[-74.05783,4.68523],[-74.05784,4.68517],[-74.05786,4.68508],[-74.05786,4.68506]]}},{"type":"Feature","properties":{"id":"1326273188","nom":"Avenida Carrera 45","tipo":"trunk"},"geometry":{"type":"LineString","coordinates":[[-74.05805,4.68385],[-74.05809,4.68366]]}},{"type":"Feature","properties":{"id":"1326273189","nom":"Avenida Carrera 45","tipo":"trunk"},"geometry":{"type":"LineString","coordinates":[[-74.05831,4.6823],[-74.05833,4.68216],[-74.05838,4.6819]]}},{"type":"Feature","properties":{"id":"1326283078","nom":"","tipo":"trunk_link"},"geometry":{"type":"LineString","coordinates":[[-74.05682,4.68786],[-74.05672,4.68837]]}},{"type":"Feature","properties":{"id":"1326283079","nom":"","tipo":"trunk_link"},"geometry":{"type":"LineString","coordinates":[[-74.05672,4.68837],[-74.05665,4.6888]]}},{"type":"Feature","properties":{"id":"1326283080","nom":"Avenida Carrera 45","tipo":"trunk"},"geometry":{"type":"LineString","coordinates":[[-74.05643,4.68958],[-74.05642,4.68963],[-74.0564,4.68972]]}},{"type":"Feature","properties":{"id":"1326283081","nom":"Avenida Carrera 45","tipo":"trunk"},"geometry":{"type":"LineString","coordinates":[[-74.05645,4.68947],[-74.05643,4.68958]]}},{"type":"Feature","properties":{"id":"1326283082","nom":"Avenida Carrera 45","tipo":"trunk"},"geometry":{"type":"LineString","coordinates":[[-74.05627,4.69044],[-74.05622,4.69071]]}},{"type":"Feature","properties":{"id":"1326283083","nom":"Avenida Carrera 45","tipo":"trunk"},"geometry":{"type":"LineString","coordinates":[[-74.05622,4.69071],[-74.05618,4.69092],[-74.05616,4.69104]]}},{"type":"Feature","properties":{"id":"1326283084","nom":"Avenida Carrera 45","tipo":"trunk"},"geometry":{"type":"LineString","coordinates":[[-74.05616,4.69104],[-74.05612,4.69123]]}},{"type":"Feature","properties":{"id":"1326283085","nom":"Avenida Carrera 45","tipo":"trunk"},"geometry":{"type":"LineString","coordinates":[[-74.05612,4.69123],[-74.05609,4.69138]]}},{"type":"Feature","properties":{"id":"1326283086","nom":"Avenida Carrera 45","tipo":"trunk"},"geometry":{"type":"LineString","coordinates":[[-74.05582,4.69302],[-74.05575,4.69343],[-74.05575,4.69348]]}},{"type":"Feature","properties":{"id":"1326283087","nom":"Avenida Carrera 45","tipo":"trunk"},"geometry":{"type":"LineString","coordinates":[[-74.05588,4.69269],[-74.05585,4.69287]]}},{"type":"Feature","properties":{"id":"1326283088","nom":"Avenida Carrera 45","tipo":"trunk"},"geometry":{"type":"LineString","coordinates":[[-74.05585,4.69287],[-74.05582,4.69302]]}},{"type":"Feature","properties":{"id":"1326283089","nom":"Avenida Carrera 45","tipo":"trunk"},"geometry":{"type":"LineString","coordinates":[[-74.05575,4.69348],[-74.05572,4.69362]]}},{"type":"Feature","properties":{"id":"1326283090","nom":"Avenida Carrera 45","tipo":"trunk"},"geometry":{"type":"LineString","coordinates":[[-74.05572,4.69362],[-74.05571,4.69372]]}},{"type":"Feature","properties":{"id":"1326504794","nom":"","tipo":"trunk_link"},"geometry":{"type":"LineString","coordinates":[[-74.05732,4.688],[-74.05739,4.68783]]}},{"type":"Feature","properties":{"id":"1327510173","nom":"Avenida Calle 92","tipo":"secondary"},"geometry":{"type":"LineString","coordinates":[[-74.05685,4.6781],[-74.0568,4.67808],[-74.05665,4.678]]}},{"type":"Feature","properties":{"id":"1327510174","nom":"Avenida Calle 92","tipo":"secondary"},"geometry":{"type":"LineString","coordinates":[[-74.05612,4.67793],[-74.05625,4.678],[-74.05634,4.67804]]}},{"type":"Feature","properties":{"id":"1327510175","nom":"Carrera 19C","tipo":"residential"},"geometry":{"type":"LineString","coordinates":[[-74.05626,4.6782],[-74.05629,4.67814],[-74.0563,4.67812],[-74.05632,4.67807],[-74.05634,4.67804]]}},{"type":"Feature","properties":{"id":"1327510176","nom":"Avenida Calle 92","tipo":"secondary"},"geometry":{"type":"LineString","coordinates":[[-74.05607,4.6777],[-74.05587,4.67759]]}},{"type":"Feature","properties":{"id":"1327510177","nom":"Avenida Calle 92","tipo":"secondary"},"geometry":{"type":"LineString","coordinates":[[-74.05622,4.67778],[-74.05607,4.6777]]}},{"type":"Feature","properties":{"id":"1327567551","nom":"Avenida Calle 94","tipo":"secondary"},"geometry":{"type":"LineString","coordinates":[[-74.05741,4.68158],[-74.05737,4.68157],[-74.05723,4.68155]]}},{"type":"Feature","properties":{"id":"1328179642","nom":"Calle 71","tipo":"residential"},"geometry":{"type":"LineString","coordinates":[[-74.06281,4.65851],[-74.06225,4.65841]]}},{"type":"Feature","properties":{"id":"1328179645","nom":"Calle 70A","tipo":"residential"},"geometry":{"type":"LineString","coordinates":[[-74.06245,4.65728],[-74.06301,4.65737]]}},{"type":"Feature","properties":{"id":"1344573786","nom":"Carrera 21","tipo":"residential"},"geometry":{"type":"LineString","coordinates":[[-74.06079,4.67071],[-74.06086,4.67023]]}},{"type":"Feature","properties":{"id":"1344573787","nom":"Calle 83","tipo":"residential"},"geometry":{"type":"LineString","coordinates":[[-74.06028,4.67063],[-74.06038,4.67064],[-74.06079,4.67071]]}},{"type":"Feature","properties":{"id":"1344588851","nom":"Avenida Carrera 24","tipo":"secondary"},"geometry":{"type":"LineString","coordinates":[[-74.06299,4.67199],[-74.06297,4.67219],[-74.06296,4.67224]]}},{"type":"Feature","properties":{"id":"1345265349","nom":"Avenida Carrera 24","tipo":"secondary"},"geometry":{"type":"LineString","coordinates":[[-74.06256,4.67552],[-74.06258,4.67545],[-74.06263,4.67509]]}},{"type":"Feature","properties":{"id":"1349712794","nom":"Carrera 62","tipo":"residential"},"geometry":{"type":"LineString","coordinates":[[-74.06764,4.6885],[-74.06724,4.68933],[-74.0672,4.6894]]}},{"type":"Feature","properties":{"id":"1350677336","nom":"Avenida Calle 72","tipo":"secondary"},"geometry":{"type":"LineString","coordinates":[[-74.06036,4.65841],[-74.06057,4.65855],[-74.06086,4.65874]]}},{"type":"Feature","properties":{"id":"1350677337","nom":"Avenida Calle 72","tipo":"secondary"},"geometry":{"type":"LineString","coordinates":[[-74.06094,4.65859],[-74.06067,4.65841],[-74.06047,4.65825]]}},{"type":"Feature","properties":{"id":"1350677353","nom":"Avenida Calle 72","tipo":"secondary"},"geometry":{"type":"LineString","coordinates":[[-74.06324,4.6603],[-74.06307,4.6602],[-74.06272,4.65997]]}},{"type":"Feature","properties":{"id":"1350677354","nom":"Avenida Calle 72","tipo":"secondary"},"geometry":{"type":"LineString","coordinates":[[-74.06269,4.66001],[-74.06304,4.66025],[-74.06321,4.66038]]}},{"type":"Feature","properties":{"id":"1353084444","nom":"Calle 72A","tipo":"residential"},"geometry":{"type":"LineString","coordinates":[[-74.08545,4.67768],[-74.08493,4.67728]]}},{"type":"Feature","properties":{"id":"1353084445","nom":"","tipo":"residential"},"geometry":{"type":"LineString","coordinates":[[-74.08545,4.67768],[-74.08558,4.6778],[-74.08565,4.67785]]}},{"type":"Feature","properties":{"id":"1354461101","nom":"Carrera 29","tipo":"residential"},"geometry":{"type":"LineString","coordinates":[[-74.06585,4.67306],[-74.06581,4.67307],[-74.06578,4.67308],[-74.06575,4.67308],[-74.06572,4.67307],[-74.0657,4.67306],[-74.06568,4.67303],[-74.06567,4.673],[-74.06566,4.67296]]}},{"type":"Feature","properties":{"id":"1360693497","nom":"Carrera 14A","tipo":"residential"},"geometry":{"type":"LineString","coordinates":[[-74.06313,4.65667],[-74.06323,4.65653],[-74.06337,4.65633],[-74.06339,4.6563],[-74.0634,4.65626],[-74.06341,4.65622],[-74.06342,4.65615],[-74.06342,4.6561],[-74.06343,4.65603],[-74.06344,4.65598],[-74.0635,4.65565],[-74.06359,4.65519],[-74.0636,4.65512]]}},{"type":"Feature","properties":{"id":"1360693500","nom":"Avenida Calle 68","tipo":"secondary"},"geometry":{"type":"LineString","coordinates":[[-74.06842,4.65813],[-74.06898,4.65856]]}},{"type":"Feature","properties":{"id":"1361447636","nom":"Calle 75A","tipo":"residential"},"geometry":{"type":"LineString","coordinates":[[-74.06451,4.6657],[-74.06447,4.66567],[-74.06368,4.66515],[-74.06365,4.66514]]}},{"type":"Feature","properties":{"id":"1361447637","nom":"Calle 75A","tipo":"residential"},"geometry":{"type":"LineString","coordinates":[[-74.06276,4.66457],[-74.06281,4.6646],[-74.06359,4.66509],[-74.0636,4.66509],[-74.06362,4.66509],[-74.06363,4.66509]]}},{"type":"Feature","properties":{"id":"1371768767","nom":"Calle 74","tipo":"tertiary"},"geometry":{"type":"LineString","coordinates":[[-74.06035,4.66102],[-74.06029,4.66098],[-74.05924,4.66026],[-74.05921,4.66024],[-74.05915,4.6602]]}},{"type":"Feature","properties":{"id":"1373063333","nom":"Calle 71A","tipo":"residential"},"geometry":{"type":"LineString","coordinates":[[-74.06326,4.65942],[-74.06355,4.65962],[-74.06358,4.65964],[-74.06363,4.65968]]}},{"type":"Feature","properties":{"id":"1375890330","nom":"Calle 74A","tipo":"residential"},"geometry":{"type":"LineString","coordinates":[[-74.06506,4.6648],[-74.06503,4.66478],[-74.06467,4.66453],[-74.06425,4.66426],[-74.06422,4.66426],[-74.06421,4.66426]]}},{"type":"Feature","properties":{"id":"1375890331","nom":"Carrera 22","tipo":"residential"},"geometry":{"type":"LineString","coordinates":[[-74.06419,4.6642],[-74.06421,4.66419],[-74.06422,4.66419],[-74.06424,4.66417],[-74.06427,4.66414],[-74.06429,4.66409],[-74.0643,4.66406],[-74.06431,4.66402],[-74.06447,4.6638],[-74.06449,4.66377]]}},{"type":"Feature","properties":{"id":"1375890332","nom":"Calle 74A","tipo":"residential"},"geometry":{"type":"LineString","coordinates":[[-74.06335,4.66366],[-74.06338,4.66368],[-74.06415,4.66419],[-74.06416,4.6642],[-74.06418,4.6642],[-74.06419,4.6642]]}},{"type":"Feature","properties":{"id":"1386360177","nom":"Carrera 23","tipo":"residential"},"geometry":{"type":"LineString","coordinates":[[-74.06642,4.66263],[-74.06648,4.66254]]}},{"type":"Feature","properties":{"id":"1386360178","nom":"Avenida Calle 72","tipo":"secondary"},"geometry":{"type":"LineString","coordinates":[[-74.06642,4.66263],[-74.06648,4.66266],[-74.06698,4.66301],[-74.06701,4.66303],[-74.06704,4.66305]]}},{"type":"Feature","properties":{"id":"1386360179","nom":"Avenida Calle 72","tipo":"secondary"},"geometry":{"type":"LineString","coordinates":[[-74.06638,4.6626],[-74.06642,4.66263]]}},{"type":"Feature","properties":{"id":"1386658126","nom":"Calle 77","tipo":"residential"},"geometry":{"type":"LineString","coordinates":[[-74.0597,4.66435],[-74.05966,4.66433],[-74.05944,4.66421],[-74.05901,4.66396],[-74.05869,4.66378],[-74.05866,4.66376],[-74.05862,4.66374]]}},{"type":"Feature","properties":{"id":"1387058910","nom":"Avenida Calle 85","tipo":"secondary"},"geometry":{"type":"LineString","coordinates":[[-74.05671,4.67071],[-74.05653,4.67062],[-74.05643,4.67057]]}},{"type":"Feature","properties":{"id":"1388531031","nom":"Calle 75","tipo":"residential"},"geometry":{"type":"LineString","coordinates":[[-74.06393,4.66466],[-74.06392,4.66467],[-74.06392,4.66469],[-74.06392,4.6647],[-74.06392,4.66471],[-74.06393,4.66472]]}},{"type":"Feature","properties":{"id":"1389975998","nom":"Calle 70A","tipo":"residential"},"geometry":{"type":"LineString","coordinates":[[-74.0608,4.65634],[-74.06076,4.65631]]}},{"type":"Feature","properties":{"id":"1390416296","nom":"Carrera 57A","tipo":"residential"},"geometry":{"type":"LineString","coordinates":[[-74.07745,4.67276],[-74.07718,4.67316]]}},{"type":"Feature","properties":{"id":"1392154971","nom":"Transversal 60","tipo":"primary"},"geometry":{"type":"LineString","coordinates":[[-74.06473,4.68786],[-74.06495,4.68829],[-74.06506,4.68864],[-74.06512,4.68892],[-74.06522,4.68937],[-74.06528,4.68959],[-74.06532,4.6897],[-74.06539,4.68993],[-74.06547,4.69019]]}},{"type":"Feature","properties":{"id":"1392154972","nom":"Transversal 60","tipo":"primary"},"geometry":{"type":"LineString","coordinates":[[-74.06547,4.69019],[-74.0655,4.69027],[-74.06551,4.69032],[-74.06551,4.69036],[-74.06552,4.69046],[-74.06553,4.69051],[-74.06554,4.69056]]}},{"type":"Feature","properties":{"id":"1392154973","nom":"Transversal 60","tipo":"primary"},"geometry":{"type":"LineString","coordinates":[[-74.06463,4.68773],[-74.06465,4.68776],[-74.06468,4.68778],[-74.06471,4.68782],[-74.06473,4.68786]]}},{"type":"Feature","properties":{"id":"1430023711","nom":"Avenida Carrera 17","tipo":"secondary"},"geometry":{"type":"LineString","coordinates":[[-74.06645,4.65514],[-74.06609,4.65572],[-74.06607,4.65575]]}},{"type":"Feature","properties":{"id":"1431127860","nom":"Carrera 15","tipo":"residential"},"geometry":{"type":"LineString","coordinates":[[-74.06339,4.65864],[-74.06326,4.65942]]}},{"type":"Feature","properties":{"id":"1431127861","nom":"Calle 71","tipo":"residential"},"geometry":{"type":"LineString","coordinates":[[-74.06339,4.65864],[-74.06331,4.65861],[-74.06281,4.65851]]}},{"type":"Feature","properties":{"id":"1435562815","nom":"Calle 106","tipo":"tertiary"},"geometry":{"type":"LineString","coordinates":[[-74.05672,4.69396],[-74.05647,4.69392],[-74.05645,4.69391],[-74.05645,4.69391],[-74.05638,4.6939]]}},{"type":"Feature","properties":{"id":"1435562816","nom":"Carrera 45A","tipo":"residential"},"geometry":{"type":"LineString","coordinates":[[-74.05716,4.69403],[-74.05715,4.69409],[-74.05703,4.69472],[-74.05689,4.69545],[-74.05688,4.69551]]}},{"type":"Feature","properties":{"id":"1435562817","nom":"Calle 106","tipo":"tertiary"},"geometry":{"type":"LineString","coordinates":[[-74.05716,4.69403],[-74.05672,4.69396]]}},{"type":"Feature","properties":{"id":"1446827631","nom":"Diagonal 79C","tipo":"residential"},"geometry":{"type":"LineString","coordinates":[[-74.08968,4.69489],[-74.08911,4.69489]]}},{"type":"Feature","properties":{"id":"1446827636","nom":"","tipo":"residential"},"geometry":{"type":"LineString","coordinates":[[-74.08911,4.69489],[-74.0893,4.69495]]}},{"type":"Feature","properties":{"id":"1447278285","nom":"Carrera 44","tipo":"residential"},"geometry":{"type":"LineString","coordinates":[[-74.07716,4.67059],[-74.07718,4.67056],[-74.07763,4.66999]]}},{"type":"Feature","properties":{"id":"1448196749","nom":"","tipo":"secondary_link"},"geometry":{"type":"LineString","coordinates":[[-74.07251,4.6669],[-74.07246,4.66688],[-74.07237,4.66685],[-74.07227,4.66682]]}},{"type":"Feature","properties":{"id":"1450882779","nom":"Avenida Carrera 20","tipo":"trunk"},"geometry":{"type":"LineString","coordinates":[[-74.05995,4.67262],[-74.06009,4.67178],[-74.06016,4.67144],[-74.06019,4.6712]]}},{"type":"Feature","properties":{"id":"1453307417","nom":"","tipo":"primary_link"},"geometry":{"type":"LineString","coordinates":[[-74.06866,4.68957],[-74.06856,4.6896],[-74.06851,4.6896],[-74.06846,4.68962],[-74.06842,4.68964],[-74.06838,4.68966],[-74.06835,4.68969],[-74.06832,4.68972],[-74.0683,4.68977],[-74.06826,4.68982]]}},{"type":"Feature","properties":{"id":"1457203688","nom":"Carrera 19","tipo":"residential"},"geometry":{"type":"LineString","coordinates":[[-74.05742,4.67119],[-74.05748,4.67108]]}},{"type":"Feature","properties":{"id":"1457782735","nom":"Calle 77","tipo":"residential"},"geometry":{"type":"LineString","coordinates":[[-74.06063,4.66487],[-74.06068,4.6649]]}},{"type":"Feature","properties":{"id":"1459310295","nom":"Avenida Calle 80","tipo":"trunk"},"geometry":{"type":"LineString","coordinates":[[-74.06803,4.67454],[-74.06828,4.67473]]}},{"type":"Feature","properties":{"id":"1459310296","nom":"Avenida Calle 80","tipo":"trunk"},"geometry":{"type":"LineString","coordinates":[[-74.06841,4.67483],[-74.06853,4.67492]]}},{"type":"Feature","properties":{"id":"1459310301","nom":"Avenida Calle 80","tipo":"trunk"},"geometry":{"type":"LineString","coordinates":[[-74.06855,4.6746],[-74.0684,4.67448]]}},{"type":"Feature","properties":{"id":"1469649602","nom":"Carrera 68D","tipo":"residential"},"geometry":{"type":"LineString","coordinates":[[-74.09032,4.67553],[-74.09004,4.67591],[-74.09003,4.67593],[-74.08987,4.67614],[-74.08966,4.67642]]}},{"type":"Feature","properties":{"id":"1471987642","nom":"Avenida Carrera 24","tipo":"secondary"},"geometry":{"type":"LineString","coordinates":[[-74.07055,4.6577],[-74.07068,4.65751],[-74.07072,4.65745],[-74.07075,4.6574]]}},{"type":"Feature","properties":{"id":"1476227647","nom":"Calle 103B","tipo":"residential"},"geometry":{"type":"LineString","coordinates":[[-74.06276,4.69165],[-74.06266,4.69163]]}},{"type":"Feature","properties":{"id":"1476227834","nom":"Carrera 53","tipo":"secondary"},"geometry":{"type":"LineString","coordinates":[[-74.06266,4.69163],[-74.06266,4.69186],[-74.06266,4.6919]]}},{"type":"Feature","properties":{"id":"1485396020","nom":"","tipo":"secondary_link"},"geometry":{"type":"LineString","coordinates":[[-74.06258,4.65982],[-74.06207,4.65945]]}},{"type":"Feature","properties":{"id":"1502724849","nom":"Avenida Carrera 20","tipo":"secondary"},"geometry":{"type":"LineString","coordinates":[[-74.05869,4.67593],[-74.05862,4.67633],[-74.05857,4.67665],[-74.05855,4.67676]]}},{"type":"Feature","properties":{"id":"1506460641","nom":"Carrera 18","tipo":"residential"},"geometry":{"type":"LineString","coordinates":[[-74.06053,4.66414],[-74.06049,4.66415],[-74.06046,4.66415],[-74.06043,4.66416],[-74.06039,4.66416],[-74.06037,4.66418],[-74.06035,4.6642],[-74.06034,4.66422],[-74.06034,4.66423],[-74.06034,4.66424],[-74.06037,4.66427],[-74.0604,4.66428],[-74.06043,4.66428],[-74.06044,4.66427],[-74.06046,4.66425],[-74.06053,4.66414]]}},{"type":"Feature","properties":{"id":"1547595977","nom":"Avenida Calle 100","tipo":"primary"},"geometry":{"type":"LineString","coordinates":[[-74.06866,4.68957],[-74.06859,4.68957],[-74.06839,4.68956]]}},{"type":"Feature","properties":{"id":"1548477099","nom":"Avenida Carrera 24","tipo":"secondary"},"geometry":{"type":"LineString","coordinates":[[-74.06958,4.65901],[-74.06955,4.65906],[-74.0691,4.65976]]}},{"type":"Feature","properties":{"id":"1548477100","nom":"Calle 69","tipo":"tertiary"},"geometry":{"type":"LineString","coordinates":[[-74.0691,4.65976],[-74.06908,4.65975],[-74.06846,4.65935]]}},{"type":"Feature","properties":{"id":"1548477101","nom":"Carrera 23","tipo":"residential"},"geometry":{"type":"LineString","coordinates":[[-74.06846,4.65935],[-74.06896,4.65859],[-74.06898,4.65856]]}},{"type":"Feature","properties":{"id":"1549246337","nom":"Transversal 60","tipo":"primary"},"geometry":{"type":"LineString","coordinates":[[-74.06686,4.69258],[-74.06671,4.69233],[-74.06657,4.69208],[-74.06651,4.69199]]}},{"type":"Feature","properties":{"id":"1549246338","nom":"Avenida Calle 100","tipo":"primary"},"geometry":{"type":"LineString","coordinates":[[-74.06826,4.68982],[-74.06834,4.68982],[-74.06866,4.68983],[-74.06897,4.68983],[-74.06919,4.68983],[-74.06929,4.68983],[-74.06933,4.68982]]}},{"type":"Feature","properties":{"id":"1549246339","nom":"Carrera 63","tipo":"residential"},"geometry":{"type":"LineString","coordinates":[[-74.06765,4.68976],[-74.06769,4.68968],[-74.06771,4.68963],[-74.06774,4.68958],[-74.06778,4.6895]]}},{"type":"Feature","properties":{"id":"1549246340","nom":"Avenida Calle 100","tipo":"primary"},"geometry":{"type":"LineString","coordinates":[[-74.06708,4.68965],[-74.0676,4.68975],[-74.06765,4.68976]]}},{"type":"Feature","properties":{"id":"1550029305","nom":"Avenida Carrera 11","tipo":"secondary"},"geometry":{"type":"LineString","coordinates":[[-74.05749,4.65903],[-74.05751,4.659],[-74.05794,4.65839],[-74.05797,4.65835],[-74.05799,4.65832]]}},{"type":"Feature","properties":{"id":"1550206437","nom":"Carrera 69","tipo":"tertiary"},"geometry":{"type":"LineString","coordinates":[[-74.08999,4.67924],[-74.08977,4.67954],[-74.08926,4.68027],[-74.08883,4.68088],[-74.0888,4.68092]]}},{"type":"Feature","properties":{"id":"1550232560","nom":"Avenida Carrera 17","tipo":"secondary"},"geometry":{"type":"LineString","coordinates":[[-74.06363,4.65968],[-74.06329,4.66022],[-74.06327,4.66026],[-74.06324,4.6603]]}},{"type":"Feature","properties":{"id":"1551562088","nom":"Calle 76","tipo":"secondary"},"geometry":{"type":"LineString","coordinates":[[-74.06097,4.66403],[-74.06102,4.66407]]}},{"type":"Feature","properties":{"id":"1551562093","nom":"Avenida Calle 80","tipo":"trunk"},"geometry":{"type":"LineString","coordinates":[[-74.0629,4.6682],[-74.06262,4.66786]]}},{"type":"Feature","properties":{"id":"1551562094","nom":"Avenida Carrera 20","tipo":"secondary"},"geometry":{"type":"LineString","coordinates":[[-74.05937,4.67199],[-74.05934,4.67218]]}},{"type":"Feature","properties":{"id":"1551611759","nom":"Avenida Calle 80","tipo":"trunk"},"geometry":{"type":"LineString","coordinates":[[-74.06604,4.67248],[-74.06646,4.67288],[-74.06668,4.67311]]}},{"type":"Feature","properties":{"id":"1551611760","nom":"Avenida Carrera 30","tipo":"trunk"},"geometry":{"type":"LineString","coordinates":[[-74.06659,4.6741],[-74.0664,4.67429]]}},{"type":"Feature","properties":{"id":"1552154887","nom":"Carrera 20B","tipo":"tertiary"},"geometry":{"type":"LineString","coordinates":[[-74.0612,4.66529],[-74.06125,4.66522],[-74.06166,4.66458],[-74.06168,4.66454],[-74.06169,4.66453],[-74.06171,4.66451]]}},{"type":"Feature","properties":{"id":"1552154888","nom":"Avenida Carrera 24","tipo":"secondary"},"geometry":{"type":"LineString","coordinates":[[-74.06311,4.67105],[-74.06301,4.67183],[-74.06299,4.67199]]}},{"type":"Feature","properties":{"id":"1552154889","nom":"Carrera 20","tipo":"tertiary"},"geometry":{"type":"LineString","coordinates":[[-74.06019,4.6712],[-74.06028,4.67063]]}},{"type":"Feature","properties":{"id":"1552154890","nom":"Avenida Carrera 20","tipo":"trunk"},"geometry":{"type":"LineString","coordinates":[[-74.0606,4.66801],[-74.06063,4.66788],[-74.06065,4.66775],[-74.06079,4.66707],[-74.06086,4.66677]]}},{"type":"Feature","properties":{"id":"1552943266","nom":"Calle 74","tipo":"tertiary"},"geometry":{"type":"LineString","coordinates":[[-74.06284,4.6627],[-74.0628,4.66267],[-74.06244,4.66244],[-74.06214,4.66224],[-74.06211,4.66222],[-74.06208,4.6622]]}},{"type":"Feature","properties":{"id":"1553904017","nom":"Avenida Calle 100","tipo":"primary"},"geometry":{"type":"LineString","coordinates":[[-74.06839,4.68956],[-74.06825,4.68956],[-74.06815,4.68955],[-74.06801,4.68954],[-74.06781,4.68951],[-74.06778,4.6895]]}},{"type":"Feature","properties":{"id":"1554024001","nom":"Calle 105","tipo":"residential"},"geometry":{"type":"LineString","coordinates":[[-74.07091,4.6931],[-74.07081,4.69298]]}},{"type":"Feature","properties":{"id":"1554024002","nom":"Calle 105","tipo":"residential"},"geometry":{"type":"LineString","coordinates":[[-74.07131,4.69366],[-74.07091,4.6931]]}},{"type":"Feature","properties":{"id":"1554381559","nom":"Carrera 69","tipo":"residential"},"geometry":{"type":"LineString","coordinates":[[-74.0822,4.68649],[-74.08263,4.68615]]}},{"type":"Feature","properties":{"id":"1554407276","nom":"Calle 75C","tipo":"residential"},"geometry":{"type":"LineString","coordinates":[[-74.07696,4.675],[-74.07658,4.6747],[-74.07643,4.67459]]}},{"type":"Feature","properties":{"id":"1555122447","nom":"Calle 73","tipo":"residential"},"geometry":{"type":"LineString","coordinates":[[-74.0633,4.66194],[-74.06335,4.66197],[-74.06399,4.66241],[-74.06405,4.66245]]}},{"type":"Feature","properties":{"id":"1557733805","nom":"Calle 71","tipo":"residential"},"geometry":{"type":"LineString","coordinates":[[-74.06481,4.65951],[-74.06476,4.65948],[-74.06406,4.65904],[-74.06403,4.65902],[-74.06398,4.659],[-74.06369,4.6588]]}},{"type":"Feature","properties":{"id":"1557733806","nom":"Calle 70A","tipo":"residential"},"geometry":{"type":"LineString","coordinates":[[-74.06358,4.65752],[-74.06421,4.65794]]}},{"type":"Feature","properties":{"id":"1557733807","nom":"Avenida Carrera 17","tipo":"secondary"},"geometry":{"type":"LineString","coordinates":[[-74.06511,4.65727],[-74.06489,4.65764],[-74.06485,4.65769],[-74.06456,4.65816]]}},{"type":"Feature","properties":{"id":"1557733808","nom":"Calle 71","tipo":"residential"},"geometry":{"type":"LineString","coordinates":[[-74.06369,4.6588],[-74.06339,4.65864]]}},{"type":"Feature","properties":{"id":"1557733809","nom":"Calle 70A","tipo":"residential"},"geometry":{"type":"LineString","coordinates":[[-74.06421,4.65794],[-74.06452,4.65814],[-74.06456,4.65816]]}}]}