{"type":"FeatureCollection","features":[{"type":"Feature","properties":{"id":"24062746","nom":"Calle 51 Sur","tipo":"residential"},"geometry":{"type":"LineString","coordinates":[[-74.12701,4.56702],[-74.12693,4.56694],[-74.1269,4.5669],[-74.12689,4.56689],[-74.12687,4.56688],[-74.12685,4.56688],[-74.12683,4.56687],[-74.12676,4.56686],[-74.12669,4.56687]]}},{"type":"Feature","properties":{"id":"24152204","nom":"","tipo":"primary_link"},"geometry":{"type":"LineString","coordinates":[[-74.10287,4.58152],[-74.10281,4.58138],[-74.1028,4.58135],[-74.10279,4.58132],[-74.1028,4.58131],[-74.1028,4.58129],[-74.10281,4.58126],[-74.10285,4.5812]]}},{"type":"Feature","properties":{"id":"24191091","nom":"Avenida Carrera 33","tipo":"secondary"},"geometry":{"type":"LineString","coordinates":[[-74.12149,4.58958],[-74.12184,4.5896],[-74.122,4.5896],[-74.12211,4.58959],[-74.12218,4.58958],[-74.12225,4.58956],[-74.12237,4.58951]]}},{"type":"Feature","properties":{"id":"24191092","nom":"Avenida Carrera 27","tipo":"secondary"},"geometry":{"type":"LineString","coordinates":[[-74.11821,4.58881],[-74.11731,4.58857],[-74.11727,4.58856],[-74.11714,4.58853],[-74.11699,4.58849],[-74.11683,4.58846],[-74.11669,4.58843],[-74.11649,4.58841],[-74.11626,4.58839],[-74.1161,4.58838],[-74.11595,4.58838],[-74.11579,4.58838],[-74.11562,4.58839],[-74.11561,4.58839],[-74.11533,4.58841],[-74.11505,4.58844],[-74.11484,4.58845],[-74.11478,4.58846],[-74.11453,4.58848]]}},{"type":"Feature","properties":{"id":"24191094","nom":"","tipo":"residential"},"geometry":{"type":"LineString","coordinates":[[-74.12614,4.58534],[-74.12616,4.58539],[-74.12619,4.58544],[-74.12623,4.58547],[-74.12628,4.5855]]}},{"type":"Feature","properties":{"id":"24191096","nom":"Avenida Calle 36 Sur","tipo":"secondary"},"geometry":{"type":"LineString","coordinates":[[-74.12248,4.58943],[-74.12256,4.58936],[-74.12264,4.58928],[-74.12274,4.58917],[-74.12279,4.58908],[-74.12282,4.58902],[-74.12284,4.58895],[-74.12286,4.58886],[-74.12286,4.58878],[-74.12285,4.58867],[-74.12285,4.58859],[-74.12283,4.58852],[-74.12279,4.5884],[-74.12268,4.58811]]}},{"type":"Feature","properties":{"id":"24191097","nom":"Diagonal 41A Sur","tipo":"residential"},"geometry":{"type":"LineString","coordinates":[[-74.12617,4.58519],[-74.1257,4.58496],[-74.12513,4.58471],[-74.12505,4.58467],[-74.12449,4.58441],[-74.12424,4.58429]]}},{"type":"Feature","properties":{"id":"24191115","nom":"Avenida Carrera 33","tipo":"secondary"},"geometry":{"type":"LineString","coordinates":[[-74.12253,4.58944],[-74.12269,4.58937],[-74.1232,4.5891],[-74.12348,4.58894],[-74.12369,4.58883],[-74.12388,4.58875],[-74.12406,4.58867]]}},{"type":"Feature","properties":{"id":"24191116","nom":"Avenida Carrera 33","tipo":"secondary"},"geometry":{"type":"LineString","coordinates":[[-74.12852,4.58685],[-74.12858,4.58682],[-74.12903,4.58657],[-74.12921,4.58647],[-74.12942,4.58637],[-74.12967,4.58625],[-74.12984,4.58618],[-74.12993,4.58615],[-74.13002,4.58613],[-74.13015,4.5861],[-74.13039,4.58605],[-74.13046,4.58604]]}},{"type":"Feature","properties":{"id":"24191119","nom":"Avenida Carrera 30","tipo":"secondary"},"geometry":{"type":"LineString","coordinates":[[-74.11947,4.58896],[-74.11938,4.58918],[-74.11931,4.58934]]}},{"type":"Feature","properties":{"id":"24191121","nom":"","tipo":"secondary_link"},"geometry":{"type":"LineString","coordinates":[[-74.11931,4.58968],[-74.11944,4.58958],[-74.11947,4.58954],[-74.11951,4.58948],[-74.11951,4.58946],[-74.11951,4.58943],[-74.11951,4.58939],[-74.11948,4.58935],[-74.11944,4.58933],[-74.11937,4.5893],[-74.11928,4.58929],[-74.1192,4.5893],[-74.11915,4.58931],[-74.1191,4.58933],[-74.11908,4.58936],[-74.11906,4.58938],[-74.11899,4.58951],[-74.11887,4.58975],[-74.11882,4.58985],[-74.11874,4.58995]]}},{"type":"Feature","properties":{"id":"24191124","nom":"","tipo":"secondary_link"},"geometry":{"type":"LineString","coordinates":[[-74.11875,4.58905],[-74.11884,4.58911],[-74.11893,4.58918],[-74.11896,4.58921],[-74.11898,4.58924],[-74.119,4.58927],[-74.11901,4.58931],[-74.11901,4.58936],[-74.11899,4.58951]]}},{"type":"Feature","properties":{"id":"24439636","nom":"Carrera 18","tipo":"tertiary"},"geometry":{"type":"LineString","coordinates":[[-74.10753,4.58037],[-74.10749,4.58039],[-74.10686,4.58076],[-74.10627,4.58109],[-74.10502,4.5818],[-74.1038,4.5825],[-74.10373,4.58254]]}},{"type":"Feature","properties":{"id":"24439637","nom":"Carrera 19B Bis","tipo":"residential"},"geometry":{"type":"LineString","coordinates":[[-74.10771,4.58071],[-74.10777,4.58068],[-74.10865,4.58018],[-74.10869,4.58016]]}},{"type":"Feature","properties":{"id":"24439642","nom":"Carrera 19F","tipo":"residential"},"geometry":{"type":"LineString","coordinates":[[-74.10902,4.58075],[-74.10897,4.58077],[-74.10808,4.58127],[-74.10802,4.5813]]}},{"type":"Feature","properties":{"id":"24439646","nom":"Carrera 20","tipo":"residential"},"geometry":{"type":"LineString","coordinates":[[-74.10916,4.58101],[-74.10911,4.58104],[-74.10822,4.58154],[-74.10816,4.58157],[-74.10812,4.5816],[-74.10801,4.58166],[-74.10756,4.58193],[-74.10737,4.58204],[-74.10728,4.58209],[-74.107,4.58225],[-74.10628,4.58268],[-74.10608,4.5828],[-74.10584,4.58294],[-74.10583,4.58294],[-74.10575,4.58299],[-74.10575,4.58299],[-74.10545,4.58316],[-74.10468,4.58361],[-74.10462,4.58365]]}},{"type":"Feature","properties":{"id":"24439649","nom":"Carrera 21","tipo":"residential"},"geometry":{"type":"LineString","coordinates":[[-74.10505,4.58419],[-74.1051,4.58416],[-74.10606,4.58356],[-74.10622,4.58346],[-74.10732,4.58277],[-74.10761,4.58259],[-74.10785,4.58244],[-74.10833,4.58214],[-74.10836,4.58212],[-74.10839,4.5821],[-74.10842,4.58208]]}},{"type":"Feature","properties":{"id":"24439653","nom":"Carrera 21A","tipo":"residential"},"geometry":{"type":"LineString","coordinates":[[-74.10961,4.58184],[-74.10956,4.58186],[-74.10911,4.58213],[-74.10868,4.58238],[-74.10861,4.58242]]}},{"type":"Feature","properties":{"id":"24439655","nom":"Carrera 22","tipo":"residential"},"geometry":{"type":"LineString","coordinates":[[-74.10987,4.58233],[-74.10982,4.58236],[-74.10939,4.58263]]}},{"type":"Feature","properties":{"id":"24439679","nom":"Calle 24 Sur","tipo":"residential"},"geometry":{"type":"LineString","coordinates":[[-74.10622,4.58346],[-74.1062,4.58343],[-74.10586,4.58296],[-74.10584,4.58294],[-74.10546,4.5824],[-74.10502,4.5818],[-74.10459,4.5812],[-74.1042,4.58066],[-74.10419,4.58064],[-74.10414,4.58058]]}},{"type":"Feature","properties":{"id":"24439686","nom":"Calle 26A Sur","tipo":"residential"},"geometry":{"type":"LineString","coordinates":[[-74.10785,4.58244],[-74.10783,4.58241],[-74.10756,4.58193],[-74.10734,4.58155],[-74.10724,4.58139],[-74.10686,4.58076],[-74.1068,4.58067],[-74.10652,4.58023],[-74.10617,4.57967],[-74.10613,4.57961]]}},{"type":"Feature","properties":{"id":"24510103","nom":"Avenida Calle 11 Sur","tipo":"secondary"},"geometry":{"type":"LineString","coordinates":[[-74.09455,4.58584],[-74.09461,4.5859],[-74.09464,4.58592],[-74.0947,4.58595],[-74.09476,4.58599],[-74.09536,4.58629],[-74.09575,4.58651],[-74.09606,4.58669],[-74.0961,4.58671]]}},{"type":"Feature","properties":{"id":"28118274","nom":"Calle 10B Sur","tipo":"secondary"},"geometry":{"type":"LineString","coordinates":[[-74.097,4.58735],[-74.09701,4.58737],[-74.09702,4.5874],[-74.09703,4.58742],[-74.09704,4.58745],[-74.09709,4.58767],[-74.09709,4.58769],[-74.09722,4.58827]]}},{"type":"Feature","properties":{"id":"28118499","nom":"Diagonal 41A Sur","tipo":"tertiary"},"geometry":{"type":"LineString","coordinates":[[-74.12392,4.58389],[-74.12393,4.58385],[-74.12398,4.58372]]}},{"type":"Feature","properties":{"id":"28118513","nom":"Carrera 20 Bis","tipo":"tertiary"},"geometry":{"type":"LineString","coordinates":[[-74.12922,4.57171],[-74.12919,4.57171],[-74.12882,4.57182],[-74.12852,4.5719],[-74.12816,4.572],[-74.12814,4.57201],[-74.12811,4.57203],[-74.12808,4.57206],[-74.12805,4.57211],[-74.12791,4.57237],[-74.1278,4.57258]]}},{"type":"Feature","properties":{"id":"28318282","nom":"Carrera 24C","tipo":"tertiary"},"geometry":{"type":"LineString","coordinates":[[-74.12997,4.57904],[-74.13001,4.57903],[-74.13005,4.57902],[-74.1313,4.57849],[-74.13135,4.57847]]}},{"type":"Feature","properties":{"id":"28318354","nom":"Diagonal 44 Sur","tipo":"tertiary"},"geometry":{"type":"LineString","coordinates":[[-74.12712,4.5758],[-74.12723,4.57577],[-74.12731,4.57574],[-74.12754,4.57567]]}},{"type":"Feature","properties":{"id":"28318368","nom":"Transversal 18","tipo":"residential"},"geometry":{"type":"LineString","coordinates":[[-74.12373,4.57449],[-74.1238,4.57445],[-74.12486,4.57373]]}},{"type":"Feature","properties":{"id":"28318372","nom":"Diagonal 45 Sur","tipo":"residential"},"geometry":{"type":"LineString","coordinates":[[-74.1263,4.57454],[-74.12625,4.57451],[-74.12557,4.57414],[-74.12486,4.57373],[-74.12423,4.57338],[-74.12409,4.5733],[-74.12405,4.57328]]}},{"type":"Feature","properties":{"id":"28412169","nom":"Avenida Carrera 10","tipo":"secondary"},"geometry":{"type":"LineString","coordinates":[[-74.10347,4.56603],[-74.10351,4.56598],[-74.10366,4.56581],[-74.10376,4.56569],[-74.10401,4.56539],[-74.10407,4.56532],[-74.10414,4.56525],[-74.10421,4.56519],[-74.10432,4.56513],[-74.10442,4.56509],[-74.10452,4.56507],[-74.1046,4.56506],[-74.10466,4.56505],[-74.10473,4.56505],[-74.10479,4.56507],[-74.10488,4.56509],[-74.10494,4.56511],[-74.10556,4.56541]]}},{"type":"Feature","properties":{"id":"28412170","nom":"Avenida Carrera 10","tipo":"secondary"},"geometry":{"type":"LineString","coordinates":[[-74.10822,4.56354],[-74.10825,4.56351],[-74.1083,4.56347],[-74.10832,4.56346],[-74.10837,4.56343],[-74.10856,4.56333],[-74.10868,4.56328],[-74.10881,4.56321]]}},{"type":"Feature","properties":{"id":"28412172","nom":"Transversal 9M","tipo":"secondary"},"geometry":{"type":"LineString","coordinates":[[-74.10938,4.5629],[-74.10951,4.56281],[-74.11018,4.56239],[-74.11028,4.56233],[-74.11032,4.56229],[-74.11038,4.56223]]}},{"type":"Feature","properties":{"id":"28418901","nom":"Calle 49 Bis Sur","tipo":"tertiary"},"geometry":{"type":"LineString","coordinates":[[-74.11204,4.54783],[-74.11264,4.54863]]}},{"type":"Feature","properties":{"id":"28419181","nom":"Diagonal 40A Sur","tipo":"tertiary"},"geometry":{"type":"LineString","coordinates":[[-74.0978,4.55219],[-74.09778,4.55217],[-74.09745,4.55185],[-74.09742,4.55182],[-74.09738,4.55179],[-74.09735,4.55177],[-74.09732,4.55175],[-74.09729,4.55175]]}},{"type":"Feature","properties":{"id":"28488676","nom":"Avenida Calle 11 Sur","tipo":"secondary"},"geometry":{"type":"LineString","coordinates":[[-74.09618,4.58668],[-74.09615,4.58669],[-74.09612,4.5867],[-74.0961,4.58671]]}},{"type":"Feature","properties":{"id":"28521824","nom":"Carrera 18A","tipo":"residential"},"geometry":{"type":"LineString","coordinates":[[-74.12571,4.57028],[-74.12574,4.57022],[-74.12611,4.56955],[-74.12613,4.56952]]}},{"type":"Feature","properties":{"id":"28521826","nom":"Transversal 18C","tipo":"residential"},"geometry":{"type":"LineString","coordinates":[[-74.12595,4.57117],[-74.12628,4.57057],[-74.12666,4.56986],[-74.12668,4.56981]]}},{"type":"Feature","properties":{"id":"28522036","nom":"Calle 33B Sur","tipo":"residential"},"geometry":{"type":"LineString","coordinates":[[-74.11555,4.57366],[-74.11552,4.57406],[-74.1155,4.57427],[-74.11549,4.57446]]}},{"type":"Feature","properties":{"id":"28522040","nom":"Calle 35 Sur","tipo":"residential"},"geometry":{"type":"LineString","coordinates":[[-74.11621,4.5736],[-74.11637,4.57445]]}},{"type":"Feature","properties":{"id":"28616293","nom":"Carrera 1F","tipo":"residential"},"geometry":{"type":"LineString","coordinates":[[-74.10675,4.54538],[-74.10641,4.54586],[-74.10632,4.546],[-74.10616,4.54624],[-74.106,4.54648],[-74.10586,4.54669],[-74.10571,4.54691],[-74.10562,4.54704]]}},{"type":"Feature","properties":{"id":"28616299","nom":"Carrera 5B","tipo":"tertiary"},"geometry":{"type":"LineString","coordinates":[[-74.11078,4.54919],[-74.11097,4.54896],[-74.11104,4.54886],[-74.11107,4.54882],[-74.11108,4.54878],[-74.11108,4.54872],[-74.11109,4.54866],[-74.1111,4.54862],[-74.11112,4.54856],[-74.11115,4.54852],[-74.11121,4.54846]]}},{"type":"Feature","properties":{"id":"28616305","nom":"Calle 48Z Bis Sur","tipo":"residential"},"geometry":{"type":"LineString","coordinates":[[-74.11287,4.55018],[-74.11269,4.54997],[-74.11203,4.54909],[-74.11143,4.54829]]}},{"type":"Feature","properties":{"id":"28616313","nom":"Calle 43 Sur","tipo":"residential"},"geometry":{"type":"LineString","coordinates":[[-74.10141,4.55088],[-74.10123,4.55069],[-74.10093,4.55037],[-74.10063,4.55006],[-74.10041,4.54983],[-74.10036,4.54977],[-74.10031,4.54972],[-74.10025,4.54966],[-74.10022,4.54962]]}},{"type":"Feature","properties":{"id":"28616315","nom":"Calle 41A Sur","tipo":"residential"},"geometry":{"type":"LineString","coordinates":[[-74.10094,4.5527],[-74.10065,4.55239],[-74.10036,4.55208],[-74.10006,4.55179],[-74.0998,4.55148],[-74.09949,4.55115]]}},{"type":"Feature","properties":{"id":"28616317","nom":"Carrera 2","tipo":"residential"},"geometry":{"type":"LineString","coordinates":[[-74.10174,4.55126],[-74.10173,4.55133],[-74.10168,4.55139],[-74.10145,4.55162],[-74.10103,4.55206],[-74.10068,4.55236],[-74.10065,4.55239],[-74.10063,4.55241],[-74.09984,4.55318],[-74.09933,4.55369]]}},{"type":"Feature","properties":{"id":"28616321","nom":"Calle 42 Sur","tipo":"residential"},"geometry":{"type":"LineString","coordinates":[[-74.09855,4.5498],[-74.09873,4.54995],[-74.0989,4.55005],[-74.099,4.55009],[-74.09914,4.55012],[-74.09932,4.55013],[-74.09957,4.55008],[-74.09979,4.55003],[-74.09982,4.55001],[-74.09992,4.54997]]}},{"type":"Feature","properties":{"id":"28616331","nom":"Transversal 5L Bis","tipo":"residential"},"geometry":{"type":"LineString","coordinates":[[-74.11191,4.55951],[-74.1119,4.55949],[-74.11189,4.55914],[-74.11188,4.5588],[-74.11186,4.55842],[-74.11185,4.55828]]}},{"type":"Feature","properties":{"id":"28616342","nom":"Calle 48Q Sur","tipo":"residential"},"geometry":{"type":"LineString","coordinates":[[-74.11227,4.55329],[-74.11272,4.55428]]}},{"type":"Feature","properties":{"id":"28616352","nom":"Calle 52 Sur","tipo":"tertiary"},"geometry":{"type":"LineString","coordinates":[[-74.1219,4.55578],[-74.12169,4.55545],[-74.12167,4.55542],[-74.12166,4.5554],[-74.12164,4.55539],[-74.12162,4.55537],[-74.12158,4.55536],[-74.12154,4.55534],[-74.12149,4.55533]]}},{"type":"Feature","properties":{"id":"28616354","nom":"Diagonal 48K Sur","tipo":"residential"},"geometry":{"type":"LineString","coordinates":[[-74.11688,4.55927],[-74.11685,4.55926],[-74.11619,4.55906],[-74.11616,4.55904]]}},{"type":"Feature","properties":{"id":"28616355","nom":"Carrera 8","tipo":"residential"},"geometry":{"type":"LineString","coordinates":[[-74.1241,4.55546],[-74.12362,4.55576]]}},{"type":"Feature","properties":{"id":"28640293","nom":"Calle 48X Sur","tipo":"residential"},"geometry":{"type":"LineString","coordinates":[[-74.11451,4.55497],[-74.11454,4.55502],[-74.11464,4.55526],[-74.11465,4.55528],[-74.11474,4.55546],[-74.11476,4.55553]]}},{"type":"Feature","properties":{"id":"28640300","nom":"Calle 48C Sur","tipo":"residential"},"geometry":{"type":"LineString","coordinates":[[-74.11353,4.55927],[-74.11356,4.55934],[-74.11355,4.55956],[-74.11355,4.5597],[-74.11357,4.55981],[-74.11362,4.55993],[-74.11369,4.56011],[-74.11375,4.56024],[-74.11378,4.56031]]}},{"type":"Feature","properties":{"id":"28640302","nom":"Calle 48B Sur","tipo":"residential"},"geometry":{"type":"LineString","coordinates":[[-74.11372,4.56119],[-74.11395,4.5617],[-74.11396,4.56173]]}},{"type":"Feature","properties":{"id":"28640304","nom":"Calle 48F Bis Sur","tipo":"residential"},"geometry":{"type":"LineString","coordinates":[[-74.1147,4.56108],[-74.11468,4.56104],[-74.11431,4.56029]]}},{"type":"Feature","properties":{"id":"28640311","nom":"Carrera 10","tipo":"residential"},"geometry":{"type":"LineString","coordinates":[[-74.11895,4.55966],[-74.11951,4.55949],[-74.11979,4.55941],[-74.12079,4.55911],[-74.12082,4.5591],[-74.12085,4.55909]]}},{"type":"Feature","properties":{"id":"28640317","nom":"Diagonal 48K Bis Sur","tipo":"residential"},"geometry":{"type":"LineString","coordinates":[[-74.11607,4.55854],[-74.11721,4.55882],[-74.11723,4.55883]]}},{"type":"Feature","properties":{"id":"28640319","nom":"Diagonal 48L Sur","tipo":"residential"},"geometry":{"type":"LineString","coordinates":[[-74.11619,4.55812],[-74.11741,4.55844],[-74.11744,4.55844]]}},{"type":"Feature","properties":{"id":"28640322","nom":"Diagonal 48L Bis Sur","tipo":"residential"},"geometry":{"type":"LineString","coordinates":[[-74.11752,4.55801],[-74.11749,4.558],[-74.11634,4.55772]]}},{"type":"Feature","properties":{"id":"28640324","nom":"Diagonal 48M Sur","tipo":"residential"},"geometry":{"type":"LineString","coordinates":[[-74.1165,4.55732],[-74.11751,4.55757],[-74.11754,4.55757]]}},{"type":"Feature","properties":{"id":"28640331","nom":"Carrera 9","tipo":"residential"},"geometry":{"type":"LineString","coordinates":[[-74.1245,4.55626],[-74.12409,4.55652]]}},{"type":"Feature","properties":{"id":"28640333","nom":"Carrera 10","tipo":"residential"},"geometry":{"type":"LineString","coordinates":[[-74.12333,4.55807],[-74.12397,4.55766],[-74.12457,4.55728]]}},{"type":"Feature","properties":{"id":"28640336","nom":"Carrera 10A","tipo":"residential"},"geometry":{"type":"LineString","coordinates":[[-74.12311,4.55873],[-74.12316,4.55869],[-74.12327,4.55862],[-74.12357,4.55844],[-74.12421,4.55803],[-74.1248,4.55765]]}},{"type":"Feature","properties":{"id":"28669448","nom":"","tipo":"tertiary"},"geometry":{"type":"LineString","coordinates":[[-74.12574,4.55914],[-74.12576,4.55919],[-74.12578,4.55924],[-74.12581,4.55928],[-74.12585,4.55931],[-74.1259,4.55933],[-74.12595,4.55934],[-74.126,4.55935],[-74.12604,4.55934],[-74.12609,4.55933],[-74.12613,4.5593]]}},{"type":"Feature","properties":{"id":"28669493","nom":"Carrera 12B","tipo":"residential"},"geometry":{"type":"LineString","coordinates":[[-74.12457,4.56145],[-74.12464,4.56142],[-74.12512,4.56119],[-74.1259,4.56081],[-74.12668,4.56044],[-74.12755,4.56002],[-74.12794,4.55984],[-74.12854,4.55955],[-74.12929,4.55919]]}},{"type":"Feature","properties":{"id":"28669512","nom":"Carrera 13 Bis","tipo":"residential"},"geometry":{"type":"LineString","coordinates":[[-74.12744,4.56257],[-74.12765,4.56247]]}},{"type":"Feature","properties":{"id":"28669520","nom":"Carrera 12","tipo":"residential"},"geometry":{"type":"LineString","coordinates":[[-74.12706,4.55883],[-74.12656,4.55908]]}},{"type":"Feature","properties":{"id":"28669528","nom":"Calle 55 Sur","tipo":"residential"},"geometry":{"type":"LineString","coordinates":[[-74.12687,4.55968],[-74.12656,4.55908]]}},{"type":"Feature","properties":{"id":"28669547","nom":"Calle 53 Bis Sur","tipo":"residential"},"geometry":{"type":"LineString","coordinates":[[-74.12604,4.56009],[-74.12573,4.55947]]}},{"type":"Feature","properties":{"id":"28669607","nom":"Carrera 13","tipo":"residential"},"geometry":{"type":"LineString","coordinates":[[-74.12755,4.56227],[-74.12734,4.56236],[-74.12676,4.56264],[-74.126,4.563],[-74.12514,4.56341],[-74.12506,4.56344]]}},{"type":"Feature","properties":{"id":"28669611","nom":"Carrera 13A","tipo":"residential"},"geometry":{"type":"LineString","coordinates":[[-74.12629,4.56361],[-74.12705,4.56324],[-74.12783,4.56286]]}},{"type":"Feature","properties":{"id":"28669616","nom":"Carrera 13B","tipo":"residential"},"geometry":{"type":"LineString","coordinates":[[-74.12655,4.56415],[-74.12573,4.56456],[-74.12567,4.56459]]}},{"type":"Feature","properties":{"id":"28669670","nom":"Calle 50 Sur","tipo":"residential"},"geometry":{"type":"LineString","coordinates":[[-74.12356,4.56453],[-74.12336,4.56416]]}},{"type":"Feature","properties":{"id":"28669676","nom":"Carrera 13A Bis","tipo":"residential"},"geometry":{"type":"LineString","coordinates":[[-74.12349,4.56542],[-74.12425,4.56514]]}},{"type":"Feature","properties":{"id":"28669679","nom":"Carrera 13A","tipo":"residential"},"geometry":{"type":"LineString","coordinates":[[-74.12338,4.56506],[-74.12405,4.56479]]}},{"type":"Feature","properties":{"id":"28669697","nom":"Calle 49G Sur","tipo":"residential"},"geometry":{"type":"LineString","coordinates":[[-74.12348,4.56614],[-74.12353,4.56586],[-74.12352,4.56571],[-74.12349,4.56543],[-74.12349,4.56542],[-74.12345,4.56523],[-74.12338,4.56506],[-74.1232,4.5647]]}},{"type":"Feature","properties":{"id":"28669703","nom":"Calle 48I Bis B Sur","tipo":"residential"},"geometry":{"type":"LineString","coordinates":[[-74.11782,4.56275],[-74.11789,4.56278],[-74.11794,4.56281],[-74.11799,4.56285],[-74.11818,4.5632],[-74.11836,4.56353]]}},{"type":"Feature","properties":{"id":"28669749","nom":"Transversal 13J","tipo":"residential"},"geometry":{"type":"LineString","coordinates":[[-74.12393,4.56752],[-74.1238,4.56783],[-74.12354,4.5684],[-74.12338,4.56876],[-74.1232,4.56915],[-74.12286,4.56988],[-74.12259,4.57044]]}},{"type":"Feature","properties":{"id":"28669794","nom":"Diagonal 49A Sur","tipo":"residential"},"geometry":{"type":"LineString","coordinates":[[-74.12347,4.56731],[-74.12352,4.56734],[-74.12393,4.56752],[-74.12413,4.56761],[-74.12443,4.56774],[-74.12491,4.56794],[-74.12557,4.5682],[-74.12576,4.56827],[-74.12581,4.56829]]}},{"type":"Feature","properties":{"id":"28669799","nom":"Transversal 13I","tipo":"residential"},"geometry":{"type":"LineString","coordinates":[[-74.12223,4.57029],[-74.12214,4.57065],[-74.12204,4.57105]]}},{"type":"Feature","properties":{"id":"28669871","nom":"Diagonal 45B Bis Sur","tipo":"residential"},"geometry":{"type":"LineString","coordinates":[[-74.11955,4.57059],[-74.12006,4.5707],[-74.12059,4.5708]]}},{"type":"Feature","properties":{"id":"28669967","nom":"Transversal 13B Bis","tipo":"residential"},"geometry":{"type":"LineString","coordinates":[[-74.11962,4.56695],[-74.11938,4.56806]]}},{"type":"Feature","properties":{"id":"28669972","nom":"Transversal 13B","tipo":"residential"},"geometry":{"type":"LineString","coordinates":[[-74.11928,4.56673],[-74.11926,4.56687],[-74.11924,4.56701],[-74.11921,4.56715],[-74.11914,4.56743],[-74.11902,4.56798],[-74.11886,4.56878],[-74.11869,4.56956],[-74.11857,4.57016]]}},{"type":"Feature","properties":{"id":"28669975","nom":"Transversal 13A","tipo":"residential"},"geometry":{"type":"LineString","coordinates":[[-74.1189,4.56681],[-74.11878,4.56729],[-74.11863,4.5679]]}},{"type":"Feature","properties":{"id":"28669989","nom":"Calle 47 Sur","tipo":"residential"},"geometry":{"type":"LineString","coordinates":[[-74.11669,4.56694],[-74.11662,4.56686],[-74.11628,4.56645]]}},{"type":"Feature","properties":{"id":"28669992","nom":"Transversal 12D","tipo":"residential"},"geometry":{"type":"LineString","coordinates":[[-74.11583,4.56667],[-74.1157,4.56729]]}},{"type":"Feature","properties":{"id":"28669995","nom":"Transversal 12A","tipo":"residential"},"geometry":{"type":"LineString","coordinates":[[-74.11519,4.5662],[-74.11504,4.56715]]}},{"type":"Feature","properties":{"id":"28669998","nom":"Transversal 12 Bis A","tipo":"residential"},"geometry":{"type":"LineString","coordinates":[[-74.11486,4.56612],[-74.11469,4.56709]]}},{"type":"Feature","properties":{"id":"28670020","nom":"Transversal 12 Bis A","tipo":"residential"},"geometry":{"type":"LineString","coordinates":[[-74.11412,4.56746],[-74.11458,4.56704]]}},{"type":"Feature","properties":{"id":"28670032","nom":"Calle 41 Sur","tipo":"residential"},"geometry":{"type":"LineString","coordinates":[[-74.11498,4.56985],[-74.11506,4.56977],[-74.11518,4.56967],[-74.11532,4.56963],[-74.11547,4.56963],[-74.1156,4.56965],[-74.11576,4.56971],[-74.11605,4.56994],[-74.11641,4.57024],[-74.11733,4.57098]]}},{"type":"Feature","properties":{"id":"28670042","nom":"Transversal 12F Bis","tipo":"residential"},"geometry":{"type":"LineString","coordinates":[[-74.11553,4.56898],[-74.11612,4.56826]]}},{"type":"Feature","properties":{"id":"28670050","nom":"Transversal 12G","tipo":"residential"},"geometry":{"type":"LineString","coordinates":[[-74.11653,4.56859],[-74.11596,4.56932]]}},{"type":"Feature","properties":{"id":"28670054","nom":"Transversal 12D","tipo":"residential"},"geometry":{"type":"LineString","coordinates":[[-74.11553,4.5678],[-74.11564,4.56728]]}},{"type":"Feature","properties":{"id":"28670058","nom":"Diagonal 46A Sur","tipo":"residential"},"geometry":{"type":"LineString","coordinates":[[-74.11705,4.56725],[-74.11656,4.56715],[-74.11611,4.56705]]}},{"type":"Feature","properties":{"id":"28670070","nom":"Transversal 13","tipo":"residential"},"geometry":{"type":"LineString","coordinates":[[-74.118,4.56776],[-74.11783,4.56857],[-74.11767,4.56935],[-74.11765,4.56947]]}},{"type":"Feature","properties":{"id":"28670084","nom":"Carrera 13F","tipo":"residential"},"geometry":{"type":"LineString","coordinates":[[-74.11435,4.57376],[-74.11461,4.57374],[-74.11499,4.57371],[-74.11555,4.57366],[-74.11564,4.57365],[-74.11579,4.57364],[-74.11603,4.57361],[-74.11621,4.5736],[-74.11638,4.57357],[-74.1165,4.57356],[-74.11674,4.57352],[-74.11721,4.57345],[-74.11752,4.5734],[-74.11861,4.57321],[-74.1187,4.57318],[-74.11876,4.57311],[-74.11889,4.57286],[-74.11892,4.57285],[-74.11895,4.57284],[-74.119,4.57279],[-74.11902,4.57276],[-74.11902,4.57273],[-74.119,4.57261],[-74.11898,4.57257],[-74.11897,4.57252],[-74.11898,4.57247],[-74.11904,4.57235],[-74.11927,4.57186]]}},{"type":"Feature","properties":{"id":"28672368","nom":"Carrera 13D","tipo":"residential"},"geometry":{"type":"LineString","coordinates":[[-74.11623,4.57301],[-74.11695,4.57289],[-74.1173,4.5728]]}},{"type":"Feature","properties":{"id":"28672400","nom":"Carrera 13A","tipo":"residential"},"geometry":{"type":"LineString","coordinates":[[-74.11733,4.57098],[-74.11762,4.57061],[-74.11819,4.56989]]}},{"type":"Feature","properties":{"id":"28672448","nom":"Transversal 13","tipo":"residential"},"geometry":{"type":"LineString","coordinates":[[-74.11717,4.57026],[-74.11775,4.56955]]}},{"type":"Feature","properties":{"id":"28672475","nom":"Transversal 12H Bis","tipo":"residential"},"geometry":{"type":"LineString","coordinates":[[-74.11677,4.56995],[-74.11734,4.56923]]}},{"type":"Feature","properties":{"id":"28672487","nom":"Transversal 12C Bis","tipo":"residential"},"geometry":{"type":"LineString","coordinates":[[-74.11474,4.56836],[-74.11527,4.56767]]}},{"type":"Feature","properties":{"id":"28672516","nom":"Transversal 12D Bis","tipo":"residential"},"geometry":{"type":"LineString","coordinates":[[-74.11511,4.56866],[-74.11569,4.56792]]}},{"type":"Feature","properties":{"id":"28672519","nom":"Calle 41B Sur","tipo":"residential"},"geometry":{"type":"LineString","coordinates":[[-74.1145,4.56865],[-74.11424,4.56846]]}},{"type":"Feature","properties":{"id":"28672531","nom":"Transversal 12A","tipo":"tertiary"},"geometry":{"type":"LineString","coordinates":[[-74.11417,4.56799],[-74.11433,4.56788],[-74.11442,4.56781],[-74.11487,4.5675]]}},{"type":"Feature","properties":{"id":"28672532","nom":"Calle 40A Sur","tipo":"residential"},"geometry":{"type":"LineString","coordinates":[[-74.11372,4.5694],[-74.11362,4.56913],[-74.11354,4.56893],[-74.11338,4.56851],[-74.11327,4.56822],[-74.11325,4.56817],[-74.11312,4.56783],[-74.11298,4.56745]]}},{"type":"Feature","properties":{"id":"28672543","nom":"Calle 39 Sur","tipo":"tertiary"},"geometry":{"type":"LineString","coordinates":[[-74.10825,4.56477],[-74.10831,4.56478],[-74.10842,4.5648],[-74.10852,4.56481],[-74.10854,4.56482],[-74.10855,4.56483],[-74.10857,4.56485]]}},{"type":"Feature","properties":{"id":"28672588","nom":"Carrera 12D","tipo":"residential"},"geometry":{"type":"LineString","coordinates":[[-74.10982,4.56962],[-74.11026,4.56964],[-74.11069,4.56966]]}},{"type":"Feature","properties":{"id":"28672592","nom":"Carrera 13B","tipo":"residential"},"geometry":{"type":"LineString","coordinates":[[-74.11445,4.57314],[-74.11495,4.57303],[-74.11539,4.57293],[-74.11572,4.57265],[-74.11583,4.57259],[-74.11591,4.57255],[-74.11605,4.57252],[-74.11632,4.57236],[-74.11663,4.57218],[-74.117,4.57196],[-74.11722,4.57185],[-74.11736,4.57178],[-74.11744,4.57169]]}},{"type":"Feature","properties":{"id":"28672611","nom":"Diagonal 32C Sur","tipo":"residential"},"geometry":{"type":"LineString","coordinates":[[-74.11107,4.57134],[-74.11106,4.57126],[-74.11106,4.57113],[-74.11109,4.57058],[-74.11114,4.56969],[-74.11117,4.56899],[-74.11116,4.568]]}},{"type":"Feature","properties":{"id":"28672631","nom":"Diagonal 32 Bis C Sur","tipo":"residential"},"geometry":{"type":"LineString","coordinates":[[-74.11063,4.57141],[-74.11063,4.57135],[-74.11066,4.57055],[-74.11069,4.56966]]}},{"type":"Feature","properties":{"id":"28672650","nom":"Carrera 5D","tipo":"tertiary"},"geometry":{"type":"LineString","coordinates":[[-74.11264,4.54863],[-74.11234,4.54886],[-74.11203,4.54909],[-74.11181,4.54926],[-74.11158,4.54945],[-74.11136,4.54961]]}},{"type":"Feature","properties":{"id":"28672753","nom":"Carrera 3 Bis Este","tipo":"residential"},"geometry":{"type":"LineString","coordinates":[[-74.09564,4.54704],[-74.09582,4.54632]]}},{"type":"Feature","properties":{"id":"28672754","nom":"Calle 43C Sur","tipo":"residential"},"geometry":{"type":"LineString","coordinates":[[-74.09688,4.54736],[-74.09608,4.54715],[-74.09564,4.54704],[-74.0952,4.54692],[-74.09462,4.54677]]}},{"type":"Feature","properties":{"id":"28672757","nom":"Calle 43A Sur","tipo":"residential"},"geometry":{"type":"LineString","coordinates":[[-74.09665,4.54826],[-74.09586,4.54805],[-74.09496,4.54781],[-74.09452,4.5477]]}},{"type":"Feature","properties":{"id":"28672764","nom":"Carrera 1A Este","tipo":"residential"},"geometry":{"type":"LineString","coordinates":[[-74.09904,4.54746],[-74.09882,4.54832],[-74.09867,4.54895],[-74.09863,4.54906],[-74.09862,4.54915],[-74.09862,4.54925],[-74.09863,4.54935],[-74.09862,4.54943],[-74.09855,4.5498]]}},{"type":"Feature","properties":{"id":"28678129","nom":"Calle 45 Sur","tipo":"residential"},"geometry":{"type":"LineString","coordinates":[[-74.10158,4.54975],[-74.10216,4.55037]]}},{"type":"Feature","properties":{"id":"28678133","nom":"Carrera 2B","tipo":"residential"},"geometry":{"type":"LineString","coordinates":[[-74.10144,4.55335],[-74.10121,4.55357],[-74.10071,4.55409],[-74.10019,4.55457]]}},{"type":"Feature","properties":{"id":"28678157","nom":"Carrera 1C Este","tipo":"residential"},"geometry":{"type":"LineString","coordinates":[[-74.09777,4.54915],[-74.09753,4.54997]]}},{"type":"Feature","properties":{"id":"28678158","nom":"Carrera 1B Este","tipo":"residential"},"geometry":{"type":"LineString","coordinates":[[-74.09827,4.54922],[-74.09816,4.54937],[-74.09797,4.5501],[-74.09785,4.55054],[-74.09773,4.55099],[-74.09761,4.55142],[-74.0975,4.55185]]}},{"type":"Feature","properties":{"id":"28678160","nom":"Carrera 1F Este","tipo":"residential"},"geometry":{"type":"LineString","coordinates":[[-74.09693,4.54904],[-74.09674,4.54976]]}},{"type":"Feature","properties":{"id":"28683363","nom":"Carrera 3B","tipo":"secondary"},"geometry":{"type":"LineString","coordinates":[[-74.0968,4.56204],[-74.09667,4.56201],[-74.09656,4.56198],[-74.09645,4.56196],[-74.09639,4.56196],[-74.09634,4.56197],[-74.0963,4.56198]]}},{"type":"Feature","properties":{"id":"28683518","nom":"Carrera 2B","tipo":"residential"},"geometry":{"type":"LineString","coordinates":[[-74.09555,4.56321],[-74.09525,4.56356]]}},{"type":"Feature","properties":{"id":"28684731","nom":"Diagonal 40B Sur","tipo":"residential"},"geometry":{"type":"LineString","coordinates":[[-74.12486,4.58872],[-74.12488,4.58874],[-74.1249,4.58876],[-74.12547,4.58921],[-74.12549,4.58923],[-74.12552,4.58924],[-74.12554,4.58926],[-74.1257,4.58939],[-74.12573,4.58941],[-74.12575,4.58943]]}},{"type":"Feature","properties":{"id":"28684735","nom":"Diagonal 41 Sur","tipo":"residential"},"geometry":{"type":"LineString","coordinates":[[-74.12637,4.58864],[-74.1264,4.58866],[-74.12641,4.58867],[-74.12661,4.58882],[-74.12721,4.58929],[-74.12723,4.58931],[-74.12726,4.58933],[-74.12763,4.58962],[-74.12813,4.59001]]}},{"type":"Feature","properties":{"id":"28684745","nom":"Transversal 34C","tipo":"residential"},"geometry":{"type":"LineString","coordinates":[[-74.12642,4.59034],[-74.12644,4.5903],[-74.12646,4.59028],[-74.1266,4.5901],[-74.12721,4.58935],[-74.12722,4.58933],[-74.12723,4.58931],[-74.12726,4.58927],[-74.12728,4.58926],[-74.12748,4.589],[-74.12769,4.58874],[-74.12776,4.58865],[-74.12778,4.58862],[-74.1279,4.58848],[-74.12808,4.58825],[-74.1281,4.58823],[-74.12812,4.5882]]}},{"type":"Feature","properties":{"id":"28684755","nom":"Transversal 34B","tipo":"residential"},"geometry":{"type":"LineString","coordinates":[[-74.128,4.5876],[-74.12799,4.58763],[-74.12798,4.58765],[-74.12796,4.58767],[-74.12783,4.58782],[-74.12778,4.58789],[-74.12776,4.58792],[-74.12762,4.58808],[-74.1276,4.58811],[-74.12743,4.58831],[-74.12741,4.58833],[-74.12739,4.58835]]}},{"type":"Feature","properties":{"id":"28684785","nom":"Diagonal 40A Sur","tipo":"residential"},"geometry":{"type":"LineString","coordinates":[[-74.12458,4.58909],[-74.12455,4.58907],[-74.12452,4.58905],[-74.1243,4.58887],[-74.12421,4.58881]]}},{"type":"Feature","properties":{"id":"28684788","nom":"Diagonal 40A Sur","tipo":"residential"},"geometry":{"type":"LineString","coordinates":[[-74.12679,4.59064],[-74.12677,4.59062],[-74.12644,4.59036],[-74.12642,4.59034],[-74.12616,4.59013],[-74.12584,4.58987],[-74.12583,4.58987],[-74.1258,4.58984]]}},{"type":"Feature","properties":{"id":"28684877","nom":"Calle 41B Sur","tipo":"residential"},"geometry":{"type":"LineString","coordinates":[[-74.12383,4.58115],[-74.12331,4.58011],[-74.12329,4.58008],[-74.12326,4.58002]]}},{"type":"Feature","properties":{"id":"28684882","nom":"Carrera 23D","tipo":"residential"},"geometry":{"type":"LineString","coordinates":[[-74.12305,4.57959],[-74.12239,4.57982]]}},{"type":"Feature","properties":{"id":"28684893","nom":"Carrera 21","tipo":"residential"},"geometry":{"type":"LineString","coordinates":[[-74.12233,4.57691],[-74.12275,4.57679],[-74.12303,4.57671],[-74.12327,4.57664],[-74.12347,4.57659],[-74.12366,4.57652],[-74.12382,4.57646],[-74.12394,4.57641],[-74.12411,4.57633],[-74.12412,4.57632],[-74.12414,4.57631],[-74.12421,4.57628],[-74.12423,4.57626],[-74.12439,4.57616],[-74.12455,4.57602],[-74.12469,4.57587],[-74.12482,4.57571],[-74.12496,4.57552],[-74.1251,4.57531],[-74.12514,4.57522],[-74.12535,4.5747],[-74.12557,4.57414],[-74.12589,4.57336],[-74.12592,4.57326]]}},{"type":"Feature","properties":{"id":"28684911","nom":"Carrera 22","tipo":"tertiary"},"geometry":{"type":"LineString","coordinates":[[-74.12616,4.57405],[-74.1262,4.57404],[-74.12658,4.57393],[-74.12666,4.57391],[-74.12674,4.57389],[-74.12684,4.57386],[-74.1269,4.57385]]}},{"type":"Feature","properties":{"id":"28684942","nom":"Calle 29 Sur","tipo":"residential"},"geometry":{"type":"LineString","coordinates":[[-74.09576,4.56769],[-74.09573,4.56766],[-74.09517,4.56713]]}},{"type":"Feature","properties":{"id":"28685021","nom":"Calle 28A Sur","tipo":"residential"},"geometry":{"type":"LineString","coordinates":[[-74.09547,4.56799],[-74.09544,4.56797],[-74.09517,4.5677],[-74.09489,4.56742]]}},{"type":"Feature","properties":{"id":"28685115","nom":"Calle 31 Sur","tipo":"tertiary"},"geometry":{"type":"LineString","coordinates":[[-74.10082,4.569],[-74.10084,4.56893],[-74.10084,4.5689],[-74.10085,4.56887],[-74.10085,4.56883]]}},{"type":"Feature","properties":{"id":"28692959","nom":"Calle 28C Sur","tipo":"residential"},"geometry":{"type":"LineString","coordinates":[[-74.10677,4.57652],[-74.10652,4.57632],[-74.10642,4.57625],[-74.10617,4.57604],[-74.10586,4.57581],[-74.10551,4.57552],[-74.10507,4.57517],[-74.10502,4.57513],[-74.10496,4.57509],[-74.1046,4.57481],[-74.10405,4.57437],[-74.10402,4.57435],[-74.10389,4.57424],[-74.10383,4.57419]]}},{"type":"Feature","properties":{"id":"28692981","nom":"Calle 27 Bis Sur","tipo":"residential"},"geometry":{"type":"LineString","coordinates":[[-74.1044,4.57646],[-74.10498,4.57691]]}},{"type":"Feature","properties":{"id":"28692992","nom":"Calle 27 Bis Sur","tipo":"residential"},"geometry":{"type":"LineString","coordinates":[[-74.1059,4.57763],[-74.10533,4.57715]]}},{"type":"Feature","properties":{"id":"28693021","nom":"Calle 32A Sur","tipo":"residential"},"geometry":{"type":"LineString","coordinates":[[-74.10381,4.56956],[-74.10339,4.56927],[-74.10301,4.56899]]}},{"type":"Feature","properties":{"id":"28693025","nom":"Carrera 11","tipo":"residential"},"geometry":{"type":"LineString","coordinates":[[-74.10281,4.57012],[-74.10199,4.57127]]}},{"type":"Feature","properties":{"id":"28693029","nom":"Carrera 10D","tipo":"residential"},"geometry":{"type":"LineString","coordinates":[[-74.10161,4.57099],[-74.10242,4.56985],[-74.10269,4.56942],[-74.10301,4.56899],[-74.10334,4.5685],[-74.10367,4.56803]]}},{"type":"Feature","properties":{"id":"28693071","nom":"Carrera 10C","tipo":"residential"},"geometry":{"type":"LineString","coordinates":[[-74.10295,4.56823],[-74.10282,4.56842],[-74.1026,4.56872],[-74.10201,4.56955],[-74.10174,4.56995],[-74.10122,4.57071],[-74.10098,4.57105],[-74.10073,4.5714],[-74.10017,4.57219],[-74.09988,4.57258],[-74.09973,4.57273],[-74.0994,4.57311],[-74.09937,4.57314]]}},{"type":"Feature","properties":{"id":"28693077","nom":"Carrera 11","tipo":"residential"},"geometry":{"type":"LineString","coordinates":[[-74.10405,4.56831],[-74.10339,4.56927]]}},{"type":"Feature","properties":{"id":"28693082","nom":"Carrera 10D","tipo":"residential"},"geometry":{"type":"LineString","coordinates":[[-74.10029,4.57286],[-74.10113,4.57166]]}},{"type":"Feature","properties":{"id":"28693085","nom":"Calle 30B Sur","tipo":"residential"},"geometry":{"type":"LineString","coordinates":[[-74.10154,4.57192],[-74.10193,4.57223]]}},{"type":"Feature","properties":{"id":"28693086","nom":"Carrera 11","tipo":"residential"},"geometry":{"type":"LineString","coordinates":[[-74.10023,4.5738],[-74.10024,4.57378],[-74.1007,4.57313]]}},{"type":"Feature","properties":{"id":"28693091","nom":"Carrera 10B","tipo":"residential"},"geometry":{"type":"LineString","coordinates":[[-74.09977,4.5719],[-74.10057,4.57076],[-74.10134,4.56967]]}},{"type":"Feature","properties":{"id":"28693093","nom":"Calle 30C Sur","tipo":"residential"},"geometry":{"type":"LineString","coordinates":[[-74.10098,4.57105],[-74.10057,4.57076],[-74.10018,4.57049],[-74.09982,4.57024],[-74.09978,4.57021]]}},{"type":"Feature","properties":{"id":"28693101","nom":"Calle 30C Sur","tipo":"residential"},"geometry":{"type":"LineString","coordinates":[[-74.10217,4.57189],[-74.10259,4.57217],[-74.10294,4.57242]]}},{"type":"Feature","properties":{"id":"28693106","nom":"Carrera 12","tipo":"residential"},"geometry":{"type":"LineString","coordinates":[[-74.10181,4.57325],[-74.10259,4.57217],[-74.10336,4.57109]]}},{"type":"Feature","properties":{"id":"28693115","nom":"Carrera 12 Bis","tipo":"residential"},"geometry":{"type":"LineString","coordinates":[[-74.09843,4.57843],[-74.09846,4.5784],[-74.09897,4.57774],[-74.09919,4.57745],[-74.09929,4.57733],[-74.09943,4.57715],[-74.09965,4.57686],[-74.0999,4.57654],[-74.10023,4.57613],[-74.1005,4.57579],[-74.10075,4.57546],[-74.10105,4.5751],[-74.10129,4.57479],[-74.10131,4.57476]]}},{"type":"Feature","properties":{"id":"28693117","nom":"Calle 22C Sur","tipo":"residential"},"geometry":{"type":"LineString","coordinates":[[-74.09806,4.57636],[-74.09898,4.57708],[-74.09929,4.57733]]}},{"type":"Feature","properties":{"id":"28693162","nom":"Calle 32 Sur","tipo":"residential"},"geometry":{"type":"LineString","coordinates":[[-74.10351,4.56998],[-74.10269,4.56942]]}},{"type":"Feature","properties":{"id":"28693221","nom":"Carrera 8","tipo":"residential"},"geometry":{"type":"LineString","coordinates":[[-74.10429,4.56297],[-74.10413,4.56311],[-74.10383,4.56338]]}},{"type":"Feature","properties":{"id":"28693228","nom":"Carrera 7A","tipo":"residential"},"geometry":{"type":"LineString","coordinates":[[-74.10086,4.56508],[-74.10148,4.56458],[-74.10179,4.56428],[-74.10182,4.56425],[-74.10206,4.56403],[-74.10213,4.56396],[-74.10294,4.56313]]}},{"type":"Feature","properties":{"id":"28693238","nom":"Carrera 6A","tipo":"residential"},"geometry":{"type":"LineString","coordinates":[[-74.10313,4.56118],[-74.10247,4.56188],[-74.10209,4.56228],[-74.10203,4.56233],[-74.10195,4.5624],[-74.10144,4.56296],[-74.10105,4.56334]]}},{"type":"Feature","properties":{"id":"28693255","nom":"Calle 38A Sur","tipo":"residential"},"geometry":{"type":"LineString","coordinates":[[-74.10371,4.56274],[-74.10413,4.56311],[-74.10461,4.56361],[-74.10481,4.56382],[-74.10501,4.56402],[-74.10507,4.56406],[-74.10515,4.56411]]}},{"type":"Feature","properties":{"id":"28693264","nom":"Calle 38 Sur","tipo":"residential"},"geometry":{"type":"LineString","coordinates":[[-74.10478,4.56426],[-74.10456,4.56404],[-74.10432,4.56385],[-74.10383,4.56338]]}},{"type":"Feature","properties":{"id":"28693330","nom":"Calle 35B Sur","tipo":"residential"},"geometry":{"type":"LineString","coordinates":[[-74.10254,4.56451],[-74.10298,4.56492],[-74.10318,4.5651],[-74.10325,4.56516],[-74.10339,4.56531],[-74.10366,4.56558]]}},{"type":"Feature","properties":{"id":"28693336","nom":"Calle 35A Sur","tipo":"residential"},"geometry":{"type":"LineString","coordinates":[[-74.10223,4.56479],[-74.10266,4.56518],[-74.10293,4.56544],[-74.10339,4.5659],[-74.10351,4.56598]]}},{"type":"Feature","properties":{"id":"28693340","nom":"Calle 36B Sur","tipo":"residential"},"geometry":{"type":"LineString","coordinates":[[-74.1061,4.56661],[-74.1061,4.56655],[-74.1061,4.56648],[-74.10609,4.56642],[-74.10608,4.56638],[-74.10605,4.56633],[-74.10602,4.56629],[-74.10597,4.56626],[-74.10591,4.56624],[-74.10589,4.56624],[-74.10584,4.56623],[-74.10577,4.56621],[-74.10569,4.56619],[-74.10563,4.56616],[-74.10557,4.56612],[-74.10551,4.56606],[-74.10546,4.56599],[-74.10541,4.56589]]}},{"type":"Feature","properties":{"id":"28693343","nom":"Calle 35 Sur","tipo":"residential"},"geometry":{"type":"LineString","coordinates":[[-74.10064,4.56333],[-74.10028,4.56285],[-74.10017,4.56272],[-74.10015,4.5627]]}},{"type":"Feature","properties":{"id":"28693504","nom":"Calle 30F Sur","tipo":"residential"},"geometry":{"type":"LineString","coordinates":[[-74.09935,4.56799],[-74.09858,4.56709]]}},{"type":"Feature","properties":{"id":"28693529","nom":"Calle 30G Sur","tipo":"residential"},"geometry":{"type":"LineString","coordinates":[[-74.09891,4.5668],[-74.09858,4.5664]]}},{"type":"Feature","properties":{"id":"28693532","nom":"Carrera 6","tipo":"residential"},"geometry":{"type":"LineString","coordinates":[[-74.09828,4.56608],[-74.09752,4.56674]]}},{"type":"Feature","properties":{"id":"28693563","nom":"Calle 26 Sur","tipo":"residential"},"geometry":{"type":"LineString","coordinates":[[-74.09665,4.57204],[-74.09627,4.57169],[-74.0959,4.57135],[-74.09587,4.57132],[-74.09583,4.57128],[-74.09545,4.57091],[-74.09483,4.57031],[-74.09429,4.56979],[-74.09426,4.56976]]}},{"type":"Feature","properties":{"id":"28693577","nom":"Calle 27A Sur","tipo":"residential"},"geometry":{"type":"LineString","coordinates":[[-74.09671,4.57041],[-74.09683,4.57056]]}},{"type":"Feature","properties":{"id":"28693578","nom":"Carrera 7B","tipo":"residential"},"geometry":{"type":"LineString","coordinates":[[-74.09676,4.56964],[-74.09747,4.56903]]}},{"type":"Feature","properties":{"id":"28693579","nom":"Carrera 7A Bis","tipo":"residential"},"geometry":{"type":"LineString","coordinates":[[-74.09646,4.5693],[-74.09718,4.56868]]}},{"type":"Feature","properties":{"id":"28693581","nom":"Calle 27B Sur","tipo":"residential"},"geometry":{"type":"LineString","coordinates":[[-74.09646,4.5693],[-74.09676,4.56964],[-74.09708,4.57004]]}},{"type":"Feature","properties":{"id":"28693583","nom":"Carrera 8A","tipo":"residential"},"geometry":{"type":"LineString","coordinates":[[-74.09627,4.57169],[-74.09674,4.57118],[-74.09677,4.57114]]}},{"type":"Feature","properties":{"id":"28700916","nom":"Calle 50A Sur","tipo":"secondary"},"geometry":{"type":"LineString","coordinates":[[-74.12093,4.55662],[-74.12045,4.55559],[-74.12035,4.55539],[-74.12026,4.5552],[-74.12023,4.55512],[-74.12006,4.55477],[-74.12004,4.55473],[-74.11986,4.55435],[-74.11985,4.55432],[-74.11948,4.55353],[-74.11947,4.55351]]}},{"type":"Feature","properties":{"id":"28700935","nom":"Carrera 6","tipo":"residential"},"geometry":{"type":"LineString","coordinates":[[-74.12045,4.55559],[-74.12043,4.5556],[-74.12001,4.5558]]}},{"type":"Feature","properties":{"id":"28700942","nom":"Diagonal 49G Bis Sur","tipo":"tertiary"},"geometry":{"type":"LineString","coordinates":[[-74.11883,4.55546],[-74.11906,4.55569],[-74.11941,4.55604],[-74.11945,4.55605]]}},{"type":"Feature","properties":{"id":"28701064","nom":"Carrera 5T","tipo":"residential"},"geometry":{"type":"LineString","coordinates":[[-74.11947,4.55351],[-74.11944,4.55352],[-74.11816,4.55411]]}},{"type":"Feature","properties":{"id":"28701067","nom":"Calle 49H Sur","tipo":"residential"},"geometry":{"type":"LineString","coordinates":[[-74.11836,4.55354],[-74.11819,4.55315],[-74.11803,4.55279]]}},{"type":"Feature","properties":{"id":"28701076","nom":"Carrera 5P","tipo":"residential"},"geometry":{"type":"LineString","coordinates":[[-74.11819,4.55315],[-74.11892,4.5528],[-74.11896,4.55277]]}},{"type":"Feature","properties":{"id":"28701146","nom":"Calle 49C Sur","tipo":"tertiary"},"geometry":{"type":"LineString","coordinates":[[-74.11717,4.55498],[-74.11708,4.55478],[-74.11688,4.55436],[-74.11678,4.55417],[-74.11673,4.55405],[-74.11671,4.554],[-74.11667,4.55393],[-74.11665,4.55388],[-74.11635,4.55326],[-74.11629,4.55313],[-74.11624,4.55301],[-74.1162,4.55293],[-74.11612,4.55277],[-74.11611,4.55274]]}},{"type":"Feature","properties":{"id":"28701218","nom":"Carrera 11D","tipo":"residential"},"geometry":{"type":"LineString","coordinates":[[-74.12098,4.56149],[-74.12102,4.56146],[-74.12108,4.56144],[-74.12117,4.56142],[-74.12125,4.56142],[-74.12129,4.56142],[-74.12162,4.56148],[-74.12197,4.56155],[-74.12207,4.56156],[-74.12212,4.56156],[-74.12219,4.56156],[-74.12224,4.56154],[-74.12229,4.56151],[-74.1224,4.56142],[-74.12244,4.56139],[-74.12244,4.56138],[-74.12255,4.56129],[-74.12259,4.56123],[-74.12261,4.56118],[-74.12262,4.56112]]}},{"type":"Feature","properties":{"id":"28701219","nom":"Carrera 12A","tipo":"residential"},"geometry":{"type":"LineString","coordinates":[[-74.11979,4.56356],[-74.11984,4.5635],[-74.11987,4.56346],[-74.12016,4.56324],[-74.12022,4.5632],[-74.12027,4.56315],[-74.12032,4.5631]]}},{"type":"Feature","properties":{"id":"28701231","nom":"Calle 49F Sur","tipo":"residential"},"geometry":{"type":"LineString","coordinates":[[-74.1213,4.5625],[-74.1213,4.56209],[-74.1213,4.56198],[-74.12129,4.56142]]}},{"type":"Feature","properties":{"id":"28701255","nom":"Diagonal 49D Bis Sur","tipo":"residential"},"geometry":{"type":"LineString","coordinates":[[-74.12139,4.56259],[-74.1213,4.5625],[-74.12099,4.56219],[-74.12067,4.56189]]}},{"type":"Feature","properties":{"id":"28701262","nom":"Diagonal 49D Sur","tipo":"residential"},"geometry":{"type":"LineString","coordinates":[[-74.12119,4.56282],[-74.12076,4.56241],[-74.1205,4.56217]]}},{"type":"Feature","properties":{"id":"28701395","nom":"Calle 50D Sur","tipo":"residential"},"geometry":{"type":"LineString","coordinates":[[-74.12549,4.56515],[-74.12531,4.56484]]}},{"type":"Feature","properties":{"id":"28701427","nom":"Calle 50C Sur","tipo":"residential"},"geometry":{"type":"LineString","coordinates":[[-74.12529,4.56541],[-74.12505,4.56499]]}},{"type":"Feature","properties":{"id":"28701458","nom":"Diagonal 49D Sur","tipo":"residential"},"geometry":{"type":"LineString","coordinates":[[-74.12174,4.56615],[-74.12185,4.56614],[-74.12195,4.56613],[-74.12208,4.56614],[-74.12222,4.56616],[-74.12232,4.56617],[-74.12245,4.56617],[-74.12258,4.56618],[-74.12281,4.56617],[-74.12307,4.56616],[-74.12333,4.56615],[-74.12348,4.56614],[-74.12424,4.56604],[-74.12445,4.56601]]}},{"type":"Feature","properties":{"id":"28701485","nom":"Transversal 13G Bis","tipo":"residential"},"geometry":{"type":"LineString","coordinates":[[-74.12187,4.56854],[-74.12197,4.56807],[-74.12213,4.56729]]}},{"type":"Feature","properties":{"id":"28701505","nom":"Diagonal 49B Sur","tipo":"residential"},"geometry":{"type":"LineString","coordinates":[[-74.12254,4.56659],[-74.12226,4.56655],[-74.12222,4.56655],[-74.122,4.56651],[-74.12159,4.56642]]}},{"type":"Feature","properties":{"id":"28701742","nom":"Calle 48 Sur","tipo":"residential"},"geometry":{"type":"LineString","coordinates":[[-74.11423,4.56357],[-74.11444,4.56384],[-74.11472,4.56418],[-74.11519,4.56479],[-74.11526,4.56486],[-74.11536,4.565],[-74.11544,4.56507],[-74.11547,4.56508],[-74.11557,4.56511]]}},{"type":"Feature","properties":{"id":"28701835","nom":"Transversal 12","tipo":"residential"},"geometry":{"type":"LineString","coordinates":[[-74.11557,4.56511],[-74.11584,4.56513],[-74.11595,4.56515],[-74.11607,4.56515],[-74.11617,4.56514],[-74.11633,4.56513],[-74.1165,4.56513],[-74.11659,4.56515]]}},{"type":"Feature","properties":{"id":"28701889","nom":"Carrera 10D","tipo":"residential"},"geometry":{"type":"LineString","coordinates":[[-74.11423,4.56399],[-74.11444,4.56384],[-74.1147,4.56365]]}},{"type":"Feature","properties":{"id":"28701913","nom":"Calle 48F Sur","tipo":"residential"},"geometry":{"type":"LineString","coordinates":[[-74.11499,4.56223],[-74.11493,4.56197],[-74.11483,4.56148]]}},{"type":"Feature","properties":{"id":"28701916","nom":"Calle 45 Sur","tipo":"residential"},"geometry":{"type":"LineString","coordinates":[[-74.11359,4.56331],[-74.11319,4.56282],[-74.11281,4.56236]]}},{"type":"Feature","properties":{"id":"28701925","nom":"Calle 44B Sur","tipo":"residential"},"geometry":{"type":"LineString","coordinates":[[-74.11338,4.56349],[-74.11327,4.56335],[-74.11298,4.563]]}},{"type":"Feature","properties":{"id":"28701947","nom":"Carrera 10","tipo":"residential"},"geometry":{"type":"LineString","coordinates":[[-74.11717,4.56072],[-74.11707,4.56077],[-74.11684,4.56089],[-74.11657,4.56103],[-74.11634,4.56115],[-74.11626,4.56118],[-74.1161,4.56127],[-74.11588,4.56139],[-74.1158,4.56143],[-74.11573,4.56146],[-74.11566,4.56148],[-74.11559,4.5615],[-74.11552,4.5615],[-74.11545,4.5615],[-74.11519,4.56146],[-74.11511,4.56145],[-74.11503,4.56144],[-74.11494,4.56145],[-74.11483,4.56148],[-74.11467,4.56154],[-74.11458,4.56156],[-74.1144,4.5616],[-74.11427,4.56163],[-74.11412,4.5617],[-74.11404,4.56172],[-74.11396,4.56173]]}},{"type":"Feature","properties":{"id":"28701951","nom":"Calle 48I Bis A Sur","tipo":"residential"},"geometry":{"type":"LineString","coordinates":[[-74.11782,4.56275],[-74.11757,4.56228],[-74.1173,4.56176],[-74.11712,4.56141]]}},{"type":"Feature","properties":{"id":"28701957","nom":"Carrera 10A","tipo":"residential"},"geometry":{"type":"LineString","coordinates":[[-74.11525,4.56191],[-74.11493,4.56197],[-74.11469,4.56203],[-74.11447,4.56211],[-74.11443,4.56212],[-74.11429,4.56218],[-74.1137,4.56249],[-74.11326,4.56276],[-74.11319,4.56282],[-74.11298,4.563],[-74.1129,4.56308]]}},{"type":"Feature","properties":{"id":"28702025","nom":"Diagonal 46 Sur","tipo":"residential"},"geometry":{"type":"LineString","coordinates":[[-74.11064,4.56134],[-74.1107,4.56133],[-74.11152,4.5613],[-74.11186,4.56128],[-74.11215,4.56127],[-74.11217,4.56127]]}},{"type":"Feature","properties":{"id":"28702046","nom":"Transversal 5N","tipo":"residential"},"geometry":{"type":"LineString","coordinates":[[-74.1132,4.55832],[-74.11323,4.55819],[-74.11328,4.55791],[-74.1134,4.55715],[-74.11343,4.55698],[-74.11357,4.55621],[-74.11358,4.55615],[-74.11364,4.55613],[-74.11371,4.55613],[-74.1138,4.55615]]}},{"type":"Feature","properties":{"id":"28702048","nom":"Transversal 5P","tipo":"residential"},"geometry":{"type":"LineString","coordinates":[[-74.11349,4.55826],[-74.11368,4.55721],[-74.11385,4.5562]]}},{"type":"Feature","properties":{"id":"28755850","nom":"Carrera 10 Bis","tipo":"residential"},"geometry":{"type":"LineString","coordinates":[[-74.09392,4.57784],[-74.09465,4.57695],[-74.0951,4.57639],[-74.09513,4.57635]]}},{"type":"Feature","properties":{"id":"28755862","nom":"Diagonal 13 Bis A Sur","tipo":"residential"},"geometry":{"type":"LineString","coordinates":[[-74.09502,4.58184],[-74.09498,4.58207],[-74.09495,4.58231],[-74.09494,4.58245],[-74.09493,4.58263]]}},{"type":"Feature","properties":{"id":"28756043","nom":"Carrera 10B","tipo":"residential"},"geometry":{"type":"LineString","coordinates":[[-74.09541,4.57763],[-74.09596,4.57701],[-74.096,4.57697]]}},{"type":"Feature","properties":{"id":"28756046","nom":"Transversal 21A","tipo":"secondary"},"geometry":{"type":"LineString","coordinates":[[-74.10508,4.58449],[-74.10501,4.5845],[-74.1042,4.58452],[-74.10414,4.58452]]}},{"type":"Feature","properties":{"id":"28756066","nom":"Carrera 12C","tipo":"residential"},"geometry":{"type":"LineString","coordinates":[[-74.09677,4.58189],[-74.0968,4.58185],[-74.09709,4.58152],[-74.09751,4.58104],[-74.09824,4.58022]]}},{"type":"Feature","properties":{"id":"28756078","nom":"Transversal 12C","tipo":"residential"},"geometry":{"type":"LineString","coordinates":[[-74.09599,4.58279],[-74.09543,4.58283]]}},{"type":"Feature","properties":{"id":"28756082","nom":"Carrera 12F","tipo":"residential"},"geometry":{"type":"LineString","coordinates":[[-74.09646,4.58418],[-74.09683,4.58376],[-74.09731,4.58321],[-74.09764,4.58283],[-74.09766,4.5828]]}},{"type":"Feature","properties":{"id":"28756086","nom":"Calle 15 Sur","tipo":"residential"},"geometry":{"type":"LineString","coordinates":[[-74.09727,4.58418],[-74.09723,4.58413],[-74.09683,4.58376]]}},{"type":"Feature","properties":{"id":"28824680","nom":"Calle 30D Sur","tipo":"residential"},"geometry":{"type":"LineString","coordinates":[[-74.10122,4.57071],[-74.10155,4.57094],[-74.10161,4.57099]]}},{"type":"Feature","properties":{"id":"28824688","nom":"Carrera 10B","tipo":"residential"},"geometry":{"type":"LineString","coordinates":[[-74.09695,4.57516],[-74.09757,4.57448]]}},{"type":"Feature","properties":{"id":"28824690","nom":"Carrera 10C","tipo":"residential"},"geometry":{"type":"LineString","coordinates":[[-74.09728,4.57548],[-74.09791,4.5748]]}},{"type":"Feature","properties":{"id":"28824691","nom":"Calle 26 Sur","tipo":"residential"},"geometry":{"type":"LineString","coordinates":[[-74.09926,4.57482],[-74.10017,4.57556]]}},{"type":"Feature","properties":{"id":"28824711","nom":"Calle 23A Sur","tipo":"residential"},"geometry":{"type":"LineString","coordinates":[[-74.09929,4.57668],[-74.09837,4.57596]]}},{"type":"Feature","properties":{"id":"28824715","nom":"Calle 26 Sur","tipo":"residential"},"geometry":{"type":"LineString","coordinates":[[-74.10136,4.57651],[-74.1005,4.57579]]}},{"type":"Feature","properties":{"id":"28824717","nom":"Calle 25 Sur","tipo":"residential"},"geometry":{"type":"LineString","coordinates":[[-74.10111,4.57684],[-74.10023,4.57613]]}},{"type":"Feature","properties":{"id":"28824720","nom":"Calle 23A Sur","tipo":"residential"},"geometry":{"type":"LineString","coordinates":[[-74.10055,4.57757],[-74.09965,4.57686]]}},{"type":"Feature","properties":{"id":"28824721","nom":"Calle 23 Sur","tipo":"residential"},"geometry":{"type":"LineString","coordinates":[[-74.10032,4.57783],[-74.09943,4.57715]]}},{"type":"Feature","properties":{"id":"28824722","nom":"Calle 22B Bis Sur","tipo":"residential"},"geometry":{"type":"LineString","coordinates":[[-74.10008,4.57812],[-74.09919,4.57745]]}},{"type":"Feature","properties":{"id":"28824724","nom":"Calle 26B Sur","tipo":"residential"},"geometry":{"type":"LineString","coordinates":[[-74.10192,4.57581],[-74.10105,4.5751]]}},{"type":"Feature","properties":{"id":"28824725","nom":"Calle 25 Sur","tipo":"residential"},"geometry":{"type":"LineString","coordinates":[[-74.09898,4.57517],[-74.0999,4.57589]]}},{"type":"Feature","properties":{"id":"28824727","nom":"Calle 26B Sur","tipo":"residential"},"geometry":{"type":"LineString","coordinates":[[-74.09979,4.57413],[-74.10071,4.57487]]}},{"type":"Feature","properties":{"id":"28824764","nom":"Carrera 12H","tipo":"residential"},"geometry":{"type":"LineString","coordinates":[[-74.10255,4.57867],[-74.10168,4.57969],[-74.10153,4.57988],[-74.10123,4.58026],[-74.10119,4.58031]]}},{"type":"Feature","properties":{"id":"28824778","nom":"Calle 31B Sur","tipo":"residential"},"geometry":{"type":"LineString","coordinates":[[-74.10975,4.57542],[-74.11032,4.57586]]}},{"type":"Feature","properties":{"id":"28824780","nom":"Calle 31B Sur","tipo":"residential"},"geometry":{"type":"LineString","coordinates":[[-74.10818,4.57423],[-74.10842,4.57442],[-74.10865,4.5746],[-74.10897,4.57485],[-74.10933,4.57513]]}},{"type":"Feature","properties":{"id":"28841560","nom":"Carrera 23","tipo":"residential"},"geometry":{"type":"LineString","coordinates":[[-74.12927,4.57518],[-74.12942,4.57514],[-74.12955,4.5751],[-74.12959,4.57509],[-74.1298,4.57504],[-74.12987,4.57501],[-74.13003,4.57497],[-74.13009,4.57496],[-74.13013,4.57495]]}},{"type":"Feature","properties":{"id":"28850970","nom":"Carrera 12H Bis","tipo":"residential"},"geometry":{"type":"LineString","coordinates":[[-74.10278,4.57888],[-74.10316,4.57842],[-74.10341,4.57809],[-74.10368,4.57773],[-74.10393,4.57739],[-74.10418,4.57707],[-74.1042,4.57704]]}},{"type":"Feature","properties":{"id":"28850994","nom":"Carrera 12F","tipo":"residential"},"geometry":{"type":"LineString","coordinates":[[-74.10296,4.57663],[-74.1027,4.57695],[-74.10243,4.57731],[-74.10217,4.57764],[-74.10193,4.57794],[-74.10183,4.57806],[-74.101,4.57915]]}},{"type":"Feature","properties":{"id":"28851004","nom":"Carrera 12G","tipo":"residential"},"geometry":{"type":"LineString","coordinates":[[-74.10136,4.57942],[-74.10143,4.57933],[-74.10154,4.57918],[-74.10159,4.57912],[-74.10177,4.57889],[-74.10182,4.57884],[-74.10219,4.57837]]}},{"type":"Feature","properties":{"id":"28851021","nom":"Calle 26A Sur","tipo":"residential"},"geometry":{"type":"LineString","coordinates":[[-74.10368,4.57773],[-74.10463,4.57851],[-74.10561,4.57927],[-74.10585,4.57946],[-74.10589,4.57949]]}},{"type":"Feature","properties":{"id":"28851055","nom":"Carrera 13","tipo":"residential"},"geometry":{"type":"LineString","coordinates":[[-74.1022,4.58043],[-74.10192,4.58074],[-74.10188,4.58078]]}},{"type":"Feature","properties":{"id":"28851081","nom":"Carrera 12G","tipo":"residential"},"geometry":{"type":"LineString","coordinates":[[-74.10304,4.5778],[-74.10357,4.57712]]}},{"type":"Feature","properties":{"id":"28851126","nom":"Calle 24 Sur","tipo":"residential"},"geometry":{"type":"LineString","coordinates":[[-74.10438,4.58023],[-74.10434,4.58019],[-74.10372,4.57967],[-74.10335,4.57935],[-74.10278,4.57888],[-74.10255,4.57867],[-74.10238,4.57852]]}},{"type":"Feature","properties":{"id":"28851220","nom":"Calle 22A Sur","tipo":"residential"},"geometry":{"type":"LineString","coordinates":[[-74.09985,4.57844],[-74.09954,4.5782],[-74.09925,4.57797],[-74.09897,4.57774]]}},{"type":"Feature","properties":{"id":"28851260","nom":"Carrera 10C","tipo":"residential"},"geometry":{"type":"LineString","coordinates":[[-74.09831,4.57437],[-74.09901,4.57362]]}},{"type":"Feature","properties":{"id":"28851289","nom":"Carrera 12 Bis","tipo":"residential"},"geometry":{"type":"LineString","coordinates":[[-74.10179,4.57385],[-74.10123,4.57455],[-74.10121,4.57457]]}},{"type":"Feature","properties":{"id":"28851340","nom":"Carrera 9","tipo":"residential"},"geometry":{"type":"LineString","coordinates":[[-74.09516,4.5734],[-74.09461,4.57397]]}},{"type":"Feature","properties":{"id":"28851349","nom":"Carrera 10 Bis","tipo":"residential"},"geometry":{"type":"LineString","coordinates":[[-74.09516,4.57618],[-74.09521,4.57613],[-74.09526,4.57605]]}},{"type":"Feature","properties":{"id":"28851351","nom":"Carrera 10A","tipo":"residential"},"geometry":{"type":"LineString","coordinates":[[-74.09552,4.57645],[-74.09555,4.57641],[-74.0956,4.57635]]}},{"type":"Feature","properties":{"id":"28851442","nom":"Calle 30B Sur","tipo":"residential"},"geometry":{"type":"LineString","coordinates":[[-74.09893,4.57011],[-74.09927,4.57039],[-74.09929,4.5704],[-74.09933,4.57044]]}},{"type":"Feature","properties":{"id":"28851569","nom":"Carrera 17","tipo":"residential"},"geometry":{"type":"LineString","coordinates":[[-74.10359,4.58262],[-74.10354,4.58265],[-74.10317,4.58286],[-74.10267,4.58318],[-74.10217,4.5835],[-74.10178,4.58374]]}},{"type":"Feature","properties":{"id":"28851622","nom":"Avenida Carrera 24","tipo":"secondary"},"geometry":{"type":"LineString","coordinates":[[-74.10966,4.58431],[-74.1096,4.58432],[-74.10954,4.58433],[-74.10949,4.58433],[-74.10922,4.58434],[-74.10896,4.58435],[-74.1087,4.58436],[-74.10861,4.58436],[-74.10794,4.58439],[-74.10732,4.58441],[-74.10714,4.58442],[-74.10653,4.58444],[-74.10648,4.58444],[-74.1064,4.58444],[-74.10563,4.58447]]}},{"type":"Feature","properties":{"id":"28851755","nom":"Calle 18A Sur","tipo":"residential"},"geometry":{"type":"LineString","coordinates":[[-74.10007,4.58274],[-74.10012,4.58279],[-74.10061,4.58327],[-74.10085,4.5835],[-74.10095,4.5836],[-74.10104,4.58368],[-74.1014,4.58397]]}},{"type":"Feature","properties":{"id":"28851788","nom":"Carrera 24H","tipo":"residential"},"geometry":{"type":"LineString","coordinates":[[-74.10686,4.588],[-74.10667,4.58818],[-74.10621,4.58862],[-74.10553,4.58927]]}},{"type":"Feature","properties":{"id":"28851819","nom":"Calle 19B Sur","tipo":"residential"},"geometry":{"type":"LineString","coordinates":[[-74.10097,4.58223],[-74.10102,4.58227],[-74.10149,4.58278],[-74.10191,4.58322],[-74.10217,4.5835],[-74.10241,4.58374],[-74.10243,4.58377],[-74.10246,4.5838],[-74.10293,4.58429],[-74.10297,4.58433]]}},{"type":"Feature","properties":{"id":"28851827","nom":"Carrera 19","tipo":"residential"},"geometry":{"type":"LineString","coordinates":[[-74.09893,4.5882],[-74.09916,4.58793],[-74.09939,4.5877],[-74.0997,4.58741],[-74.10007,4.58704]]}},{"type":"Feature","properties":{"id":"28851900","nom":"Carrera 24B","tipo":"residential"},"geometry":{"type":"LineString","coordinates":[[-74.10047,4.58961],[-74.10068,4.5894],[-74.10072,4.58936]]}},{"type":"Feature","properties":{"id":"28851903","nom":"Calle 15 Sur","tipo":"residential"},"geometry":{"type":"LineString","coordinates":[[-74.09956,4.5865],[-74.09953,4.58646],[-74.09909,4.58599],[-74.09838,4.58523],[-74.09786,4.58467],[-74.09756,4.58435],[-74.0975,4.58428]]}},{"type":"Feature","properties":{"id":"28851962","nom":"Calle 13 Sur","tipo":"residential"},"geometry":{"type":"LineString","coordinates":[[-74.10018,4.58934],[-74.10022,4.58939],[-74.10047,4.58961]]}},{"type":"Feature","properties":{"id":"28852002","nom":"Calle 17A Sur","tipo":"residential"},"geometry":{"type":"LineString","coordinates":[[-74.10593,4.59034],[-74.10555,4.58995]]}},{"type":"Feature","properties":{"id":"28852038","nom":"Carrera 24D","tipo":"residential"},"geometry":{"type":"LineString","coordinates":[[-74.10258,4.5896],[-74.10258,4.58961],[-74.10259,4.59009],[-74.10258,4.59012],[-74.10257,4.59015],[-74.10255,4.59017],[-74.10203,4.5906]]}},{"type":"Feature","properties":{"id":"28852052","nom":"Carrera 25","tipo":"residential"},"geometry":{"type":"LineString","coordinates":[[-74.10593,4.59034],[-74.10624,4.59004],[-74.10651,4.58978],[-74.10654,4.58975],[-74.10655,4.58973],[-74.10655,4.58969],[-74.10655,4.58951],[-74.10655,4.58942],[-74.10655,4.58898]]}},{"type":"Feature","properties":{"id":"28852055","nom":"Carrera 25","tipo":"residential"},"geometry":{"type":"LineString","coordinates":[[-74.10655,4.58898],[-74.10711,4.58898],[-74.10746,4.58864],[-74.10795,4.58817],[-74.10799,4.58814]]}},{"type":"Feature","properties":{"id":"28852076","nom":"Carrera 24B","tipo":"residential"},"geometry":{"type":"LineString","coordinates":[[-74.10471,4.58559],[-74.10538,4.58496],[-74.10542,4.58492]]}},{"type":"Feature","properties":{"id":"28852548","nom":"Calle 13A Sur","tipo":"tertiary"},"geometry":{"type":"LineString","coordinates":[[-74.09793,4.58665],[-74.098,4.58671],[-74.09808,4.58681],[-74.09855,4.58731]]}},{"type":"Feature","properties":{"id":"28852559","nom":"Calle 10B Bis Sur","tipo":"residential"},"geometry":{"type":"LineString","coordinates":[[-74.09754,4.5882],[-74.09755,4.58818],[-74.09755,4.58816],[-74.09755,4.58813],[-74.09752,4.58801],[-74.09752,4.58797],[-74.09752,4.58795],[-74.09754,4.58773],[-74.09754,4.58768],[-74.09753,4.58765],[-74.09752,4.58761],[-74.09751,4.58757],[-74.09746,4.58749],[-74.09741,4.58741],[-74.09735,4.58735],[-74.0973,4.58731],[-74.09725,4.58727],[-74.09716,4.58723],[-74.09707,4.5872]]}},{"type":"Feature","properties":{"id":"28852815","nom":"Transversal 25A","tipo":"residential"},"geometry":{"type":"LineString","coordinates":[[-74.10709,4.59001],[-74.10709,4.5895]]}},{"type":"Feature","properties":{"id":"28926195","nom":"Calle 40B Sur","tipo":"residential"},"geometry":{"type":"LineString","coordinates":[[-74.12182,4.58001],[-74.12162,4.57945]]}},{"type":"Feature","properties":{"id":"28926234","nom":"Carrera 20","tipo":"residential"},"geometry":{"type":"LineString","coordinates":[[-74.12617,4.57188],[-74.12559,4.57207],[-74.12556,4.57209]]}},{"type":"Feature","properties":{"id":"28926244","nom":"Diagonal 45B Sur","tipo":"tertiary"},"geometry":{"type":"LineString","coordinates":[[-74.12033,4.57138],[-74.12054,4.57127],[-74.12133,4.57086],[-74.12189,4.57059],[-74.12191,4.57058],[-74.12193,4.57058],[-74.12196,4.57058],[-74.122,4.57059],[-74.12205,4.57061],[-74.12214,4.57065],[-74.12268,4.57086],[-74.12326,4.5711],[-74.12387,4.57133],[-74.12427,4.5715],[-74.12431,4.57152],[-74.12434,4.57154],[-74.12438,4.57157]]}},{"type":"Feature","properties":{"id":"28926247","nom":"Transversal 13H","tipo":"residential"},"geometry":{"type":"LineString","coordinates":[[-74.12177,4.57203],[-74.12176,4.57198],[-74.12169,4.57146]]}},{"type":"Feature","properties":{"id":"28926258","nom":"Carrera 19 Bis","tipo":"residential"},"geometry":{"type":"LineString","coordinates":[[-74.12723,4.57105],[-74.12658,4.57133],[-74.12607,4.57155]]}},{"type":"Feature","properties":{"id":"28926294","nom":"Transversal 13J Bis","tipo":"residential"},"geometry":{"type":"LineString","coordinates":[[-74.12278,4.57051],[-74.12268,4.57086],[-74.12256,4.57126],[-74.12253,4.57139]]}},{"type":"Feature","properties":{"id":"28926298","nom":"Carrera 24 Bis","tipo":"residential"},"geometry":{"type":"LineString","coordinates":[[-74.12744,4.57844],[-74.12739,4.57846],[-74.12566,4.57893]]}},{"type":"Feature","properties":{"id":"28928147","nom":"Carrera 18A","tipo":"residential"},"geometry":{"type":"LineString","coordinates":[[-74.13307,4.5645],[-74.13261,4.56506],[-74.13124,4.56588],[-74.1297,4.56682],[-74.12968,4.56684]]}},{"type":"Feature","properties":{"id":"28928155","nom":"Diagonal 50A Sur","tipo":"residential"},"geometry":{"type":"LineString","coordinates":[[-74.12721,4.56881],[-74.12722,4.56887],[-74.12739,4.56921]]}},{"type":"Feature","properties":{"id":"28929660","nom":"Calle 56 Sur","tipo":"residential"},"geometry":{"type":"LineString","coordinates":[[-74.12902,4.56153],[-74.12932,4.56216],[-74.12939,4.56224],[-74.12993,4.56271],[-74.12996,4.56273]]}},{"type":"Feature","properties":{"id":"28929670","nom":"Carrera 13D","tipo":"tertiary"},"geometry":{"type":"LineString","coordinates":[[-74.12703,4.56516],[-74.1263,4.56552],[-74.12625,4.56554],[-74.1262,4.56556],[-74.12611,4.56561],[-74.12606,4.56564]]}},{"type":"Feature","properties":{"id":"28930457","nom":"Calle 33 Sur","tipo":"tertiary"},"geometry":{"type":"LineString","coordinates":[[-74.11502,4.57677],[-74.11503,4.57682],[-74.11504,4.57685],[-74.11509,4.57697],[-74.11513,4.57711],[-74.1152,4.57729],[-74.11525,4.57742],[-74.11529,4.57752],[-74.11534,4.57766],[-74.11539,4.5778],[-74.11551,4.57815],[-74.11558,4.57834],[-74.11563,4.57846],[-74.11571,4.5787],[-74.1158,4.57893],[-74.11586,4.57909],[-74.11606,4.57963],[-74.11626,4.58019],[-74.11639,4.58054],[-74.11655,4.58095],[-74.11664,4.58121],[-74.11676,4.58156],[-74.1168,4.5817],[-74.11685,4.58184],[-74.11695,4.58215],[-74.11697,4.58219]]}},{"type":"Feature","properties":{"id":"28931003","nom":"Carrera 13","tipo":"residential"},"geometry":{"type":"LineString","coordinates":[[-74.11442,4.57194],[-74.11458,4.5719],[-74.11493,4.57182],[-74.11561,4.57167],[-74.1161,4.57157],[-74.11612,4.57155]]}},{"type":"Feature","properties":{"id":"28931010","nom":"Calle 33 Bis A Sur","tipo":"residential"},"geometry":{"type":"LineString","coordinates":[[-74.11461,4.57374],[-74.11456,4.57358],[-74.11445,4.57314],[-74.11434,4.57257],[-74.11431,4.57232],[-74.1143,4.57216],[-74.11434,4.57203],[-74.11442,4.57194]]}},{"type":"Feature","properties":{"id":"28931011","nom":"Carrera 13G","tipo":"residential"},"geometry":{"type":"LineString","coordinates":[[-74.1155,4.57427],[-74.11595,4.57432],[-74.11631,4.57444],[-74.11637,4.57445],[-74.11669,4.57453],[-74.11683,4.57454],[-74.11695,4.57455],[-74.11704,4.57454],[-74.11742,4.57448]]}},{"type":"Feature","properties":{"id":"28931049","nom":"Carrera 18A","tipo":"residential"},"geometry":{"type":"LineString","coordinates":[[-74.11214,4.57831],[-74.11269,4.57808],[-74.113,4.57795],[-74.11353,4.57772],[-74.11381,4.5776],[-74.11438,4.57739],[-74.11513,4.57711]]}},{"type":"Feature","properties":{"id":"29018173","nom":"Carrera 19D","tipo":"residential"},"geometry":{"type":"LineString","coordinates":[[-74.10993,4.57994],[-74.11062,4.57958]]}},{"type":"Feature","properties":{"id":"29018176","nom":"Carrera 21","tipo":"residential"},"geometry":{"type":"LineString","coordinates":[[-74.11123,4.5807],[-74.11081,4.58093],[-74.11066,4.58101],[-74.11035,4.58118]]}},{"type":"Feature","properties":{"id":"29018189","nom":"Calle 29 Sur","tipo":"residential"},"geometry":{"type":"LineString","coordinates":[[-74.1113,4.58216],[-74.11109,4.58178],[-74.11099,4.5816],[-74.11082,4.5813],[-74.11066,4.58101]]}},{"type":"Feature","properties":{"id":"29018190","nom":"Calle 28B Sur","tipo":"residential"},"geometry":{"type":"LineString","coordinates":[[-74.11141,4.58302],[-74.11136,4.58291],[-74.11125,4.58269],[-74.11112,4.58241]]}},{"type":"Feature","properties":{"id":"29018223","nom":"Carrera 24A","tipo":"residential"},"geometry":{"type":"LineString","coordinates":[[-74.11881,4.58233],[-74.11877,4.58234],[-74.11805,4.58258],[-74.11707,4.5829],[-74.11606,4.58323],[-74.11493,4.58359],[-74.11447,4.58374],[-74.11441,4.58377],[-74.11432,4.58382],[-74.11384,4.58399]]}},{"type":"Feature","properties":{"id":"29018227","nom":"Calle 40 Sur","tipo":"residential"},"geometry":{"type":"LineString","coordinates":[[-74.12101,4.58029],[-74.1209,4.57996],[-74.12082,4.57973],[-74.12062,4.57914],[-74.12055,4.57895],[-74.12041,4.57853],[-74.12027,4.5781],[-74.12012,4.57766]]}},{"type":"Feature","properties":{"id":"29018232","nom":"Carrera 24A","tipo":"residential"},"geometry":{"type":"LineString","coordinates":[[-74.12038,4.5816],[-74.11958,4.58188]]}},{"type":"Feature","properties":{"id":"29018235","nom":"Calle 37 Sur","tipo":"residential"},"geometry":{"type":"LineString","coordinates":[[-74.11983,4.5826],[-74.11975,4.58237],[-74.11958,4.58188],[-74.11943,4.58147],[-74.11941,4.58142]]}},{"type":"Feature","properties":{"id":"29018255","nom":"Calle 40A Sur","tipo":"residential"},"geometry":{"type":"LineString","coordinates":[[-74.12172,4.58063],[-74.12173,4.58067],[-74.1219,4.58113],[-74.12207,4.58166],[-74.12223,4.58222]]}},{"type":"Feature","properties":{"id":"29018267","nom":"Carrera 25B","tipo":"residential"},"geometry":{"type":"LineString","coordinates":[[-74.12137,4.58293],[-74.12316,4.58242],[-74.12455,4.58202],[-74.12457,4.58202]]}},{"type":"Feature","properties":{"id":"29018274","nom":"Carrera 25A","tipo":"tertiary"},"geometry":{"type":"LineString","coordinates":[[-74.12891,4.58045],[-74.12889,4.58045],[-74.12847,4.58051],[-74.12811,4.58055],[-74.12803,4.58056]]}},{"type":"Feature","properties":{"id":"29018284","nom":"Carrera 26","tipo":"residential"},"geometry":{"type":"LineString","coordinates":[[-74.12439,4.58253],[-74.12436,4.58254],[-74.12333,4.58284],[-74.122,4.58323]]}},{"type":"Feature","properties":{"id":"29018329","nom":"Transversal 25","tipo":"residential"},"geometry":{"type":"LineString","coordinates":[[-74.1269,4.58373],[-74.12689,4.58375],[-74.12672,4.58424]]}},{"type":"Feature","properties":{"id":"29018332","nom":"Diagonal 43A Sur","tipo":"residential"},"geometry":{"type":"LineString","coordinates":[[-74.12662,4.5829],[-74.1266,4.58288],[-74.12623,4.58259],[-74.12566,4.58217],[-74.12492,4.58161],[-74.12477,4.5815]]}},{"type":"Feature","properties":{"id":"29018351","nom":"Carrera 29","tipo":"residential"},"geometry":{"type":"LineString","coordinates":[[-74.12989,4.58434],[-74.12957,4.58442],[-74.1289,4.5846],[-74.12786,4.58489],[-74.12783,4.58489]]}},{"type":"Feature","properties":{"id":"29018373","nom":"Carrera 32","tipo":"residential"},"geometry":{"type":"LineString","coordinates":[[-74.12839,4.5862],[-74.12846,4.58618],[-74.12849,4.58617],[-74.13019,4.58552]]}},{"type":"Feature","properties":{"id":"29018803","nom":"Calle 28A Sur","tipo":"residential"},"geometry":{"type":"LineString","coordinates":[[-74.11038,4.58225],[-74.11008,4.58171]]}},{"type":"Feature","properties":{"id":"29018946","nom":"Carrera 25B","tipo":"residential"},"geometry":{"type":"LineString","coordinates":[[-74.11819,4.58382],[-74.11675,4.58396]]}},{"type":"Feature","properties":{"id":"29018958","nom":"Carrera 25A","tipo":"residential"},"geometry":{"type":"LineString","coordinates":[[-74.11815,4.58346],[-74.11686,4.58361],[-74.11669,4.58363]]}},{"type":"Feature","properties":{"id":"29018959","nom":"Carrera 26 Bis A","tipo":"residential"},"geometry":{"type":"LineString","coordinates":[[-74.11827,4.58451],[-74.11688,4.58464]]}},{"type":"Feature","properties":{"id":"29018960","nom":"Carrera 26A","tipo":"residential"},"geometry":{"type":"LineString","coordinates":[[-74.11831,4.58488],[-74.11695,4.58503]]}},{"type":"Feature","properties":{"id":"29018962","nom":"Carrera 26B","tipo":"tertiary"},"geometry":{"type":"LineString","coordinates":[[-74.11654,4.58546],[-74.11612,4.58574],[-74.1158,4.58595],[-74.11528,4.58629],[-74.11503,4.58645],[-74.11483,4.58658],[-74.1148,4.58661]]}},{"type":"Feature","properties":{"id":"29018988","nom":"Calle 34 Sur","tipo":"residential"},"geometry":{"type":"LineString","coordinates":[[-74.11759,4.58554],[-74.11769,4.58601]]}},{"type":"Feature","properties":{"id":"29019021","nom":"Calle 32A Sur","tipo":"residential"},"geometry":{"type":"LineString","coordinates":[[-74.11731,4.58693],[-74.11714,4.58611],[-74.117,4.58532],[-74.11695,4.58503],[-74.11688,4.58464],[-74.11684,4.58447],[-74.11681,4.5843],[-74.11675,4.58396],[-74.11669,4.58363],[-74.11667,4.58353]]}},{"type":"Feature","properties":{"id":"29023805","nom":"Calle 26 Bis Sur","tipo":"residential"},"geometry":{"type":"LineString","coordinates":[[-74.10956,4.58594],[-74.10911,4.58538]]}},{"type":"Feature","properties":{"id":"29023823","nom":"Calle 25 Sur","tipo":"residential"},"geometry":{"type":"LineString","coordinates":[[-74.10793,4.58491],[-74.10794,4.58447],[-74.10794,4.58444],[-74.10794,4.58439]]}},{"type":"Feature","properties":{"id":"29023862","nom":"Carrera 27","tipo":"tertiary"},"geometry":{"type":"LineString","coordinates":[[-74.11165,4.58619],[-74.1114,4.58647],[-74.11133,4.58655],[-74.11093,4.58701],[-74.11073,4.58724],[-74.11039,4.58762]]}},{"type":"Feature","properties":{"id":"29023894","nom":"Calle 23 Sur","tipo":"residential"},"geometry":{"type":"LineString","coordinates":[[-74.10648,4.58444],[-74.10648,4.58449],[-74.1065,4.58496]]}},{"type":"Feature","properties":{"id":"29024007","nom":"Calle 29 Sur","tipo":"residential"},"geometry":{"type":"LineString","coordinates":[[-74.11325,4.58859],[-74.11325,4.58853],[-74.11317,4.58774]]}},{"type":"Feature","properties":{"id":"29024020","nom":"Carrera 26B","tipo":"tertiary"},"geometry":{"type":"LineString","coordinates":[[-74.11427,4.58673],[-74.11389,4.58677],[-74.11379,4.58677],[-74.1135,4.5868],[-74.1132,4.58682],[-74.11311,4.58684],[-74.11303,4.58686]]}},{"type":"Feature","properties":{"id":"29024023","nom":"Carrera 26A","tipo":"tertiary"},"geometry":{"type":"LineString","coordinates":[[-74.11345,4.58603],[-74.1129,4.58608],[-74.11228,4.58613],[-74.11169,4.58618],[-74.11165,4.58619]]}},{"type":"Feature","properties":{"id":"29024039","nom":"Calle 29 Bis Sur","tipo":"residential"},"geometry":{"type":"LineString","coordinates":[[-74.11364,4.58855],[-74.11364,4.58849],[-74.11351,4.58692],[-74.1135,4.5868]]}},{"type":"Feature","properties":{"id":"29024041","nom":"Calle 29A Sur","tipo":"residential"},"geometry":{"type":"LineString","coordinates":[[-74.1139,4.58688],[-74.11403,4.58846],[-74.11404,4.58852]]}},{"type":"Feature","properties":{"id":"29024050","nom":"Calle 30A Sur","tipo":"residential"},"geometry":{"type":"LineString","coordinates":[[-74.11484,4.58845],[-74.11483,4.58839],[-74.11469,4.58679]]}},{"type":"Feature","properties":{"id":"29024060","nom":"Calle 28A Sur","tipo":"residential"},"geometry":{"type":"LineString","coordinates":[[-74.11221,4.58529],[-74.11225,4.58577],[-74.11228,4.58613]]}},{"type":"Feature","properties":{"id":"29024063","nom":"Carrera 24B","tipo":"residential"},"geometry":{"type":"LineString","coordinates":[[-74.11358,4.58452],[-74.11329,4.58463],[-74.11297,4.58476]]}},{"type":"Feature","properties":{"id":"29024122","nom":"Calle 34 Sur","tipo":"residential"},"geometry":{"type":"LineString","coordinates":[[-74.11774,4.58673],[-74.11761,4.58602]]}},{"type":"Feature","properties":{"id":"29024158","nom":"Carrera 26B","tipo":"residential"},"geometry":{"type":"LineString","coordinates":[[-74.1191,4.58485],[-74.11993,4.58477],[-74.12077,4.58469],[-74.12109,4.58465],[-74.12114,4.58465]]}},{"type":"Feature","properties":{"id":"29024171","nom":"Carrera 25A","tipo":"residential"},"geometry":{"type":"LineString","coordinates":[[-74.11814,4.58337],[-74.11893,4.58327],[-74.11958,4.58322],[-74.11965,4.58321],[-74.11967,4.5832],[-74.1197,4.58319]]}},{"type":"Feature","properties":{"id":"29024177","nom":"Carrera 26F","tipo":"residential"},"geometry":{"type":"LineString","coordinates":[[-74.11857,4.58731],[-74.11937,4.58725],[-74.1202,4.58716]]}},{"type":"Feature","properties":{"id":"29024269","nom":"Transversal 26D Bis A","tipo":"residential"},"geometry":{"type":"LineString","coordinates":[[-74.11649,4.58841],[-74.11653,4.58833],[-74.11656,4.58827],[-74.11686,4.58763],[-74.11695,4.58758]]}},{"type":"Feature","properties":{"id":"29024289","nom":"Carrera 26H","tipo":"tertiary"},"geometry":{"type":"LineString","coordinates":[[-74.11869,4.58843],[-74.11815,4.58852]]}},{"type":"Feature","properties":{"id":"29024300","nom":"Calle 31 Bis Sur","tipo":"residential"},"geometry":{"type":"LineString","coordinates":[[-74.11626,4.58839],[-74.1162,4.5883],[-74.1158,4.58768],[-74.11575,4.58759],[-74.11558,4.58732],[-74.11503,4.58645]]}},{"type":"Feature","properties":{"id":"29024317","nom":"Calle 33 Sur","tipo":"residential"},"geometry":{"type":"LineString","coordinates":[[-74.1178,4.58847],[-74.11775,4.58822]]}},{"type":"Feature","properties":{"id":"29024325","nom":"Carrera 26D Bis A","tipo":"residential"},"geometry":{"type":"LineString","coordinates":[[-74.11855,4.58714],[-74.11757,4.58732]]}},{"type":"Feature","properties":{"id":"29024363","nom":"Calle 42 Sur","tipo":"residential"},"geometry":{"type":"LineString","coordinates":[[-74.12723,4.58728],[-74.12722,4.58724],[-74.127,4.58675]]}},{"type":"Feature","properties":{"id":"29037724","nom":"Carrera 32","tipo":"residential"},"geometry":{"type":"LineString","coordinates":[[-74.12295,4.58827],[-74.12337,4.58811],[-74.12395,4.58789],[-74.12518,4.58743],[-74.12562,4.58727],[-74.127,4.58675]]}},{"type":"Feature","properties":{"id":"29037799","nom":"Calle 41A Sur","tipo":"residential"},"geometry":{"type":"LineString","coordinates":[[-74.12528,4.58645],[-74.12562,4.58727]]}},{"type":"Feature","properties":{"id":"29037881","nom":"Carrera 30","tipo":"residential"},"geometry":{"type":"LineString","coordinates":[[-74.12332,4.58659],[-74.12468,4.58618],[-74.12618,4.58575]]}},{"type":"Feature","properties":{"id":"29234547","nom":"Calle 27 Sur","tipo":"residential"},"geometry":{"type":"LineString","coordinates":[[-74.11312,4.59399],[-74.1131,4.59393],[-74.11304,4.59377],[-74.11291,4.59335],[-74.11266,4.59257],[-74.1124,4.59175],[-74.11219,4.59108],[-74.11194,4.59032],[-74.11149,4.58891],[-74.11148,4.58886]]}},{"type":"Feature","properties":{"id":"29234552","nom":"Calle 29 Sur","tipo":"residential"},"geometry":{"type":"LineString","coordinates":[[-74.11303,4.58875],[-74.11299,4.58861]]}},{"type":"Feature","properties":{"id":"29234564","nom":"Calle 23 Sur","tipo":"residential"},"geometry":{"type":"LineString","coordinates":[[-74.11115,4.59136],[-74.11047,4.59035],[-74.10953,4.58897],[-74.1095,4.58893]]}},{"type":"Feature","properties":{"id":"29234578","nom":"Calle 31B Sur","tipo":"residential"},"geometry":{"type":"LineString","coordinates":[[-74.11585,4.58938],[-74.11576,4.58972],[-74.11569,4.58993],[-74.11561,4.59011],[-74.11547,4.59035],[-74.11541,4.59043]]}},{"type":"Feature","properties":{"id":"29234581","nom":"Calle 31D Sur","tipo":"residential"},"geometry":{"type":"LineString","coordinates":[[-74.1165,4.59052],[-74.11643,4.59008],[-74.11641,4.58995],[-74.11639,4.58968],[-74.1164,4.58941]]}},{"type":"Feature","properties":{"id":"29234590","nom":"Carrera 29","tipo":"residential"},"geometry":{"type":"LineString","coordinates":[[-74.11721,4.58946],[-74.1164,4.58941],[-74.11622,4.5894],[-74.11612,4.58939],[-74.11585,4.58938],[-74.11545,4.58935]]}},{"type":"Feature","properties":{"id":"29238180","nom":"Carrera 26H","tipo":"residential"},"geometry":{"type":"LineString","coordinates":[[-74.12212,4.58876],[-74.12151,4.58871],[-74.12134,4.5887],[-74.12119,4.58871],[-74.12109,4.58872],[-74.12038,4.58881],[-74.12017,4.58883],[-74.11999,4.58883],[-74.11997,4.58883],[-74.11985,4.58883],[-74.11963,4.58878]]}},{"type":"Feature","properties":{"id":"29238197","nom":"Calle 38A Sur","tipo":"tertiary"},"geometry":{"type":"LineString","coordinates":[[-74.12348,4.5937],[-74.1234,4.59367],[-74.12336,4.59364],[-74.12331,4.5936],[-74.1233,4.59357],[-74.12328,4.59354],[-74.12327,4.59347],[-74.12321,4.59316],[-74.1232,4.59311],[-74.12319,4.59307],[-74.12318,4.59302],[-74.12313,4.59274],[-74.12312,4.59266],[-74.12313,4.59257],[-74.12315,4.59238],[-74.12316,4.59228],[-74.12315,4.59219],[-74.12314,4.59215],[-74.12314,4.59211],[-74.12313,4.59208],[-74.12313,4.59205],[-74.12312,4.59203],[-74.1231,4.59189],[-74.12305,4.59162],[-74.12304,4.59158],[-74.12303,4.59153],[-74.12301,4.59148],[-74.12297,4.5914],[-74.12293,4.59134],[-74.12291,4.59131],[-74.12277,4.5911],[-74.12274,4.59104],[-74.12273,4.591],[-74.12271,4.59097],[-74.1227,4.59094],[-74.12269,4.59091],[-74.12268,4.59088],[-74.12267,4.59085],[-74.12267,4.59082],[-74.1226,4.59047],[-74.12254,4.5902],[-74.12253,4.59014],[-74.12254,4.59009],[-74.12255,4.59004],[-74.12258,4.58997],[-74.12263,4.58991],[-74.12266,4.58988],[-74.12269,4.58986],[-74.12273,4.58983],[-74.12278,4.5898]]}},{"type":"Feature","properties":{"id":"29238252","nom":"Carrera 33","tipo":"residential"},"geometry":{"type":"LineString","coordinates":[[-74.12609,4.58803],[-74.12508,4.58841]]}},{"type":"Feature","properties":{"id":"29238423","nom":"Transversal 22","tipo":"residential"},"geometry":{"type":"LineString","coordinates":[[-74.12235,4.58449],[-74.12225,4.58501],[-74.12219,4.5853],[-74.12213,4.58556]]}},{"type":"Feature","properties":{"id":"29238435","nom":"Calle 39 Sur","tipo":"residential"},"geometry":{"type":"LineString","coordinates":[[-74.12353,4.58702],[-74.12342,4.58679],[-74.12332,4.58659],[-74.12312,4.58614]]}},{"type":"Feature","properties":{"id":"29238568","nom":"Carrera 31","tipo":"residential"},"geometry":{"type":"LineString","coordinates":[[-74.12955,4.58507],[-74.12866,4.58536],[-74.12814,4.58553],[-74.12811,4.58554]]}},{"type":"Feature","properties":{"id":"29238573","nom":"Diagonal 45A Sur","tipo":"residential"},"geometry":{"type":"LineString","coordinates":[[-74.12751,4.58356],[-74.12879,4.58452],[-74.1289,4.5846]]}},{"type":"Feature","properties":{"id":"29238587","nom":"Calle 46A Sur","tipo":"residential"},"geometry":{"type":"LineString","coordinates":[[-74.12889,4.58228],[-74.12847,4.58051]]}},{"type":"Feature","properties":{"id":"29238607","nom":"Carrera 25A","tipo":"residential"},"geometry":{"type":"LineString","coordinates":[[-74.12742,4.58129],[-74.12788,4.58109]]}},{"type":"Feature","properties":{"id":"31250655","nom":"Carrera 1D","tipo":"residential"},"geometry":{"type":"LineString","coordinates":[[-74.10043,4.55144],[-74.10123,4.55069]]}},{"type":"Feature","properties":{"id":"32518435","nom":"Carrera 24C","tipo":"residential"},"geometry":{"type":"LineString","coordinates":[[-74.1065,4.58496],[-74.10603,4.58533],[-74.10598,4.58537]]}},{"type":"Feature","properties":{"id":"32547689","nom":"Carrera 24A","tipo":"residential"},"geometry":{"type":"LineString","coordinates":[[-74.10376,4.58602],[-74.10379,4.586],[-74.10433,4.58549],[-74.10435,4.58547],[-74.10437,4.58544],[-74.10437,4.58541]]}},{"type":"Feature","properties":{"id":"32547690","nom":"Calle 19 Sur","tipo":"residential"},"geometry":{"type":"LineString","coordinates":[[-74.10303,4.58522],[-74.10328,4.58549],[-74.10349,4.58572],[-74.10351,4.58575]]}},{"type":"Feature","properties":{"id":"32560352","nom":"Carrera 24C","tipo":"residential"},"geometry":{"type":"LineString","coordinates":[[-74.1051,4.58616],[-74.10583,4.58551],[-74.10586,4.58548]]}},{"type":"Feature","properties":{"id":"32560454","nom":"Carrera 24B","tipo":"residential"},"geometry":{"type":"LineString","coordinates":[[-74.10349,4.58675],[-74.10331,4.58692]]}},{"type":"Feature","properties":{"id":"32560575","nom":"Calle 19 Sur","tipo":"residential"},"geometry":{"type":"LineString","coordinates":[[-74.1045,4.58681],[-74.10486,4.5872],[-74.10534,4.58771],[-74.10584,4.58824],[-74.10621,4.58862],[-74.10655,4.58898]]}},{"type":"Feature","properties":{"id":"32565823","nom":"Carrera 24C","tipo":"residential"},"geometry":{"type":"LineString","coordinates":[[-74.10204,4.58907],[-74.10202,4.58948],[-74.10202,4.5895],[-74.10201,4.58961],[-74.10201,4.58963],[-74.10199,4.58976],[-74.10198,4.58983],[-74.10195,4.5899],[-74.10174,4.59032]]}},{"type":"Feature","properties":{"id":"32565926","nom":"Calle 16B Sur","tipo":"residential"},"geometry":{"type":"LineString","coordinates":[[-74.10277,4.58837],[-74.1023,4.58787]]}},{"type":"Feature","properties":{"id":"37299678","nom":"Carrera 5L","tipo":"secondary"},"geometry":{"type":"LineString","coordinates":[[-74.11197,4.55626],[-74.11182,4.55657],[-74.11178,4.55665],[-74.11174,4.55674],[-74.11167,4.55688],[-74.11146,4.55729],[-74.11144,4.55734],[-74.11143,4.55736],[-74.11141,4.55744]]}},{"type":"Feature","properties":{"id":"38093615","nom":"Transversal 26A","tipo":"residential"},"geometry":{"type":"LineString","coordinates":[[-74.11364,4.58644],[-74.11294,4.58651]]}},{"type":"Feature","properties":{"id":"39514477","nom":"Calle 36 Sur","tipo":"residential"},"geometry":{"type":"LineString","coordinates":[[-74.11749,4.57456],[-74.11751,4.57489],[-74.1175,4.57536]]}},{"type":"Feature","properties":{"id":"39514481","nom":"Transversal 13K Bis","tipo":"residential"},"geometry":{"type":"LineString","coordinates":[[-74.12324,4.57154],[-74.12309,4.57176],[-74.12289,4.57196]]}},{"type":"Feature","properties":{"id":"39800481","nom":"Carrera 24A Bis","tipo":"residential"},"geometry":{"type":"LineString","coordinates":[[-74.12437,4.58015],[-74.12529,4.5799],[-74.12533,4.57989]]}},{"type":"Feature","properties":{"id":"39800482","nom":"Calle 45 Sur","tipo":"residential"},"geometry":{"type":"LineString","coordinates":[[-74.12676,4.58053],[-74.12671,4.58039]]}},{"type":"Feature","properties":{"id":"39800483","nom":"Calle 43 Sur","tipo":"residential"},"geometry":{"type":"LineString","coordinates":[[-74.12571,4.58178],[-74.12558,4.58126]]}},{"type":"Feature","properties":{"id":"39800500","nom":"Diagonal 44C Sur","tipo":"residential"},"geometry":{"type":"LineString","coordinates":[[-74.12535,4.5747],[-74.12612,4.57501]]}},{"type":"Feature","properties":{"id":"39909557","nom":"Calle 14A Sur","tipo":"residential"},"geometry":{"type":"LineString","coordinates":[[-74.0987,4.58635],[-74.09802,4.58562]]}},{"type":"Feature","properties":{"id":"40811872","nom":"Calle 48J Sur","tipo":"residential"},"geometry":{"type":"LineString","coordinates":[[-74.11361,4.5583],[-74.11349,4.55826],[-74.11323,4.55819],[-74.11254,4.55799]]}},{"type":"Feature","properties":{"id":"40875918","nom":"Calle 22B Sur","tipo":"residential"},"geometry":{"type":"LineString","coordinates":[[-74.09735,4.57613],[-74.09714,4.57598],[-74.09697,4.57582],[-74.09631,4.57517],[-74.09582,4.57468],[-74.0958,4.57467],[-74.09577,4.57463]]}},{"type":"Feature","properties":{"id":"40875920","nom":"Calle 23 Sur","tipo":"residential"},"geometry":{"type":"LineString","coordinates":[[-74.09763,4.57582],[-74.09728,4.57548],[-74.09695,4.57516],[-74.09662,4.57484]]}},{"type":"Feature","properties":{"id":"40904494","nom":"Carrera 12H","tipo":"residential"},"geometry":{"type":"LineString","coordinates":[[-74.10412,4.57683],[-74.10415,4.57679],[-74.1044,4.57646],[-74.10466,4.57614],[-74.10482,4.57593],[-74.10501,4.57569]]}},{"type":"Feature","properties":{"id":"40904498","nom":"Calle 27A Sur","tipo":"residential"},"geometry":{"type":"LineString","coordinates":[[-74.10523,4.57659],[-74.10487,4.57631],[-74.10466,4.57614]]}},{"type":"Feature","properties":{"id":"40904502","nom":"Carrera 12I","tipo":"residential"},"geometry":{"type":"LineString","coordinates":[[-74.10642,4.57625],[-74.10615,4.57658],[-74.1058,4.57703]]}},{"type":"Feature","properties":{"id":"40904510","nom":"Carrera 12H Bis A","tipo":"residential"},"geometry":{"type":"LineString","coordinates":[[-74.10461,4.57737],[-74.10469,4.57728],[-74.10472,4.57724],[-74.10498,4.57691],[-74.10523,4.57659],[-74.1054,4.57639],[-74.10559,4.57614],[-74.10586,4.57581]]}},{"type":"Feature","properties":{"id":"40904514","nom":"Carrera 12L","tipo":"residential"},"geometry":{"type":"LineString","coordinates":[[-74.10672,4.57773],[-74.10707,4.57731],[-74.10734,4.57697]]}},{"type":"Feature","properties":{"id":"40904518","nom":"Carrera 12L","tipo":"residential"},"geometry":{"type":"LineString","coordinates":[[-74.10804,4.57603],[-74.10759,4.57659]]}},{"type":"Feature","properties":{"id":"40904519","nom":"Carrera 12K","tipo":"residential"},"geometry":{"type":"LineString","coordinates":[[-74.10727,4.57634],[-74.10746,4.57611],[-74.10773,4.57578]]}},{"type":"Feature","properties":{"id":"40904520","nom":"Calle 29 Sur","tipo":"residential"},"geometry":{"type":"LineString","coordinates":[[-74.10746,4.57611],[-74.10698,4.57574],[-74.10664,4.57547]]}},{"type":"Feature","properties":{"id":"40905931","nom":"Carrera 12I","tipo":"residential"},"geometry":{"type":"LineString","coordinates":[[-74.10652,4.57632],[-74.10659,4.57624],[-74.1068,4.57597],[-74.10698,4.57574]]}},{"type":"Feature","properties":{"id":"40905941","nom":"Carrera 12H Bis","tipo":"residential"},"geometry":{"type":"LineString","coordinates":[[-74.10551,4.57552],[-74.10523,4.57586],[-74.10487,4.57631]]}},{"type":"Feature","properties":{"id":"40905947","nom":"Calle 27A Sur","tipo":"residential"},"geometry":{"type":"LineString","coordinates":[[-74.10434,4.57586],[-74.10397,4.57559],[-74.10373,4.57542]]}},{"type":"Feature","properties":{"id":"40911688","nom":"Carrera 12C","tipo":"residential"},"geometry":{"type":"LineString","coordinates":[[-74.1146,4.56825],[-74.11455,4.56855],[-74.1145,4.56865],[-74.11442,4.5688],[-74.1143,4.56899]]}},{"type":"Feature","properties":{"id":"40912662","nom":"Calle 50A Sur","tipo":"residential"},"geometry":{"type":"LineString","coordinates":[[-74.12374,4.56292],[-74.12329,4.56212],[-74.12313,4.56184],[-74.12312,4.56183]]}},{"type":"Feature","properties":{"id":"40912677","nom":"Diagonal 45G Sur","tipo":"residential"},"geometry":{"type":"LineString","coordinates":[[-74.12208,4.56908],[-74.12151,4.56897]]}},{"type":"Feature","properties":{"id":"40916517","nom":"Calle 49C Sur","tipo":"residential"},"geometry":{"type":"LineString","coordinates":[[-74.11871,4.55815],[-74.11869,4.55811],[-74.11843,4.55753],[-74.11839,4.55745]]}},{"type":"Feature","properties":{"id":"40992480","nom":"Carrera 2D","tipo":"residential"},"geometry":{"type":"LineString","coordinates":[[-74.10633,4.54885],[-74.10717,4.54765],[-74.10733,4.54742],[-74.10748,4.5472],[-74.10766,4.54696],[-74.10782,4.54672],[-74.108,4.54647],[-74.10815,4.54625]]}},{"type":"Feature","properties":{"id":"40992485","nom":"Carrera 2C","tipo":"residential"},"geometry":{"type":"LineString","coordinates":[[-74.10708,4.54724],[-74.10693,4.54747],[-74.10617,4.54859],[-74.10609,4.54872]]}},{"type":"Feature","properties":{"id":"40992496","nom":"Carrera 2B","tipo":"residential"},"geometry":{"type":"LineString","coordinates":[[-74.10582,4.54863],[-74.10642,4.54776],[-74.10657,4.54755],[-74.10673,4.54733],[-74.10688,4.5471]]}},{"type":"Feature","properties":{"id":"41121353","nom":"Carrera 31A","tipo":"residential"},"geometry":{"type":"LineString","coordinates":[[-74.12582,4.58672],[-74.12683,4.58636],[-74.12785,4.586]]}},{"type":"Feature","properties":{"id":"41121370","nom":"Carrera 13H","tipo":"residential"},"geometry":{"type":"LineString","coordinates":[[-74.12008,4.57513],[-74.12055,4.57503]]}},{"type":"Feature","properties":{"id":"41121375","nom":"Carrera 13L","tipo":"residential"},"geometry":{"type":"LineString","coordinates":[[-74.11751,4.57554],[-74.11794,4.57538],[-74.1182,4.57528]]}},{"type":"Feature","properties":{"id":"41121377","nom":"Calle 41B Sur","tipo":"residential"},"geometry":{"type":"LineString","coordinates":[[-74.12109,4.57542],[-74.12107,4.57536],[-74.12105,4.57526],[-74.12101,4.57511],[-74.12081,4.57436],[-74.12073,4.57405]]}},{"type":"Feature","properties":{"id":"41121382","nom":"Calle 31C Sur","tipo":"residential"},"geometry":{"type":"LineString","coordinates":[[-74.11228,4.57729],[-74.11226,4.57724],[-74.11213,4.57684]]}},{"type":"Feature","properties":{"id":"41121402","nom":"Carrera 12F","tipo":"residential"},"geometry":{"type":"LineString","coordinates":[[-74.09989,4.58035],[-74.09929,4.58104],[-74.09923,4.58111]]}},{"type":"Feature","properties":{"id":"41125501","nom":"Carrera 31A Sur","tipo":"residential"},"geometry":{"type":"LineString","coordinates":[[-74.1244,4.58727],[-74.12503,4.58705]]}},{"type":"Feature","properties":{"id":"41125524","nom":"Calle 38B","tipo":"residential"},"geometry":{"type":"LineString","coordinates":[[-74.12337,4.58811],[-74.12318,4.58766]]}},{"type":"Feature","properties":{"id":"41125537","nom":"Carrera 31A","tipo":"residential"},"geometry":{"type":"LineString","coordinates":[[-74.12373,4.58743],[-74.12318,4.58766]]}},{"type":"Feature","properties":{"id":"41125651","nom":"Calle 38A Sur","tipo":"residential"},"geometry":{"type":"LineString","coordinates":[[-74.12148,4.58384],[-74.12148,4.58407],[-74.12152,4.58461]]}},{"type":"Feature","properties":{"id":"41125656","nom":"Carrera 26","tipo":"residential"},"geometry":{"type":"LineString","coordinates":[[-74.1207,4.5839],[-74.12073,4.5839],[-74.12143,4.58381],[-74.12146,4.58382],[-74.12148,4.58384]]}},{"type":"Feature","properties":{"id":"41125673","nom":"Carrera 26B","tipo":"residential"},"geometry":{"type":"LineString","coordinates":[[-74.12652,4.58307],[-74.1265,4.58306],[-74.12641,4.58302],[-74.12635,4.58301],[-74.12631,4.583],[-74.12624,4.58302],[-74.12545,4.58327]]}},{"type":"Feature","properties":{"id":"41125721","nom":"Diagonal 46B Sur","tipo":"residential"},"geometry":{"type":"LineString","coordinates":[[-74.12945,4.58261],[-74.1289,4.5846]]}},{"type":"Feature","properties":{"id":"41127367","nom":"Diagonal 44B Sur","tipo":"tertiary"},"geometry":{"type":"LineString","coordinates":[[-74.12434,4.57499],[-74.1251,4.57531],[-74.12586,4.57562],[-74.12652,4.5759],[-74.12658,4.57592],[-74.12662,4.57593],[-74.1267,4.57593]]}},{"type":"Feature","properties":{"id":"41250410","nom":"Carrera 26A","tipo":"residential"},"geometry":{"type":"LineString","coordinates":[[-74.11585,4.58469],[-74.11525,4.5851],[-74.11474,4.58544],[-74.11441,4.58566]]}},{"type":"Feature","properties":{"id":"41250779","nom":"Carrera 25","tipo":"residential"},"geometry":{"type":"LineString","coordinates":[[-74.10896,4.58725],[-74.10874,4.58745],[-74.10851,4.58766],[-74.10832,4.58784],[-74.10815,4.588],[-74.10811,4.58803]]}},{"type":"Feature","properties":{"id":"41252655","nom":"Calle 23 Sur","tipo":"residential"},"geometry":{"type":"LineString","coordinates":[[-74.10851,4.58766],[-74.10809,4.58714],[-74.10763,4.58656],[-74.10719,4.58601],[-74.10696,4.58573],[-74.10674,4.58545]]}},{"type":"Feature","properties":{"id":"41252659","nom":"Calle 24A Sur","tipo":"residential"},"geometry":{"type":"LineString","coordinates":[[-74.10885,4.58652],[-74.1084,4.58595],[-74.10797,4.5854]]}},{"type":"Feature","properties":{"id":"41255474","nom":"Calle 8 Sur","tipo":"residential"},"geometry":{"type":"LineString","coordinates":[[-74.09583,4.58957],[-74.09534,4.58917],[-74.09497,4.58887],[-74.0946,4.58856]]}},{"type":"Feature","properties":{"id":"41259323","nom":"Carrera 21C","tipo":"residential"},"geometry":{"type":"LineString","coordinates":[[-74.11461,4.5798],[-74.11434,4.57991],[-74.11429,4.57996],[-74.11414,4.58016]]}},{"type":"Feature","properties":{"id":"41261184","nom":"Calle 28A Bis Sur","tipo":"residential"},"geometry":{"type":"LineString","coordinates":[[-74.1102,4.58164],[-74.11004,4.58134],[-74.10991,4.58111]]}},{"type":"Feature","properties":{"id":"41262196","nom":"Calle 29 Sur","tipo":"residential"},"geometry":{"type":"LineString","coordinates":[[-74.11081,4.58093],[-74.11061,4.58057],[-74.11051,4.58038]]}},{"type":"Feature","properties":{"id":"41262202","nom":"Carrera 23","tipo":"residential"},"geometry":{"type":"LineString","coordinates":[[-74.11188,4.58229],[-74.11248,4.58198]]}},{"type":"Feature","properties":{"id":"41388612","nom":"Calle 48T Sur","tipo":"residential"},"geometry":{"type":"LineString","coordinates":[[-74.10657,4.54755],[-74.10614,4.54723],[-74.10571,4.54691],[-74.10563,4.54683],[-74.10549,4.54672],[-74.10547,4.5467],[-74.10528,4.54656],[-74.10514,4.54644],[-74.10506,4.54637],[-74.10501,4.54633],[-74.10489,4.54624],[-74.10474,4.54613],[-74.10458,4.546],[-74.10454,4.54598],[-74.10451,4.54597]]}},{"type":"Feature","properties":{"id":"41388631","nom":"Calle 48R Bis Sur","tipo":"residential"},"geometry":{"type":"LineString","coordinates":[[-74.10642,4.54776],[-74.10618,4.54759],[-74.10597,4.54745],[-74.10573,4.54728],[-74.10566,4.54723]]}},{"type":"Feature","properties":{"id":"41390817","nom":"Diagonal 48C Sur","tipo":"residential"},"geometry":{"type":"LineString","coordinates":[[-74.10937,4.5586],[-74.10922,4.5586],[-74.1084,4.55857]]}},{"type":"Feature","properties":{"id":"41393169","nom":"Calle 48 Sur","tipo":"residential"},"geometry":{"type":"LineString","coordinates":[[-74.10084,4.54691],[-74.10116,4.54736],[-74.10147,4.5478],[-74.10155,4.54791],[-74.10164,4.54804]]}},{"type":"Feature","properties":{"id":"41433174","nom":"Carrera 2 Bis","tipo":"residential"},"geometry":{"type":"LineString","coordinates":[[-74.09958,4.55394],[-74.10011,4.55345],[-74.10068,4.55296],[-74.10094,4.5527]]}},{"type":"Feature","properties":{"id":"41433177","nom":"Carrera 2C","tipo":"residential"},"geometry":{"type":"LineString","coordinates":[[-74.10049,4.55487],[-74.10099,4.55439],[-74.10151,4.55389]]}},{"type":"Feature","properties":{"id":"41439123","nom":"Carrera 11B Bis","tipo":"residential"},"geometry":{"type":"LineString","coordinates":[[-74.1097,4.56593],[-74.10991,4.56578]]}},{"type":"Feature","properties":{"id":"41460171","nom":"Calle 40B Sur","tipo":"residential"},"geometry":{"type":"LineString","coordinates":[[-74.11397,4.56923],[-74.11395,4.56911],[-74.11394,4.56906],[-74.11392,4.56901],[-74.11383,4.56889],[-74.11354,4.56805]]}},{"type":"Feature","properties":{"id":"41918953","nom":"Transversal 5G Bis","tipo":"residential"},"geometry":{"type":"LineString","coordinates":[[-74.11055,4.55838],[-74.11053,4.5584],[-74.11053,4.55842],[-74.11056,4.55909],[-74.11058,4.55913],[-74.11079,4.55925],[-74.11083,4.55924],[-74.11085,4.55922],[-74.11082,4.55837],[-74.11078,4.55764],[-74.11075,4.55713]]}},{"type":"Feature","properties":{"id":"41918958","nom":"Transversal 5I","tipo":"residential"},"geometry":{"type":"LineString","coordinates":[[-74.1111,4.55836],[-74.11107,4.55764],[-74.11106,4.55746],[-74.11106,4.55743],[-74.11112,4.55731]]}},{"type":"Feature","properties":{"id":"41918960","nom":"Carrera 5D","tipo":"residential"},"geometry":{"type":"LineString","coordinates":[[-74.10896,4.5578],[-74.10897,4.55768],[-74.10901,4.55679]]}},{"type":"Feature","properties":{"id":"41918965","nom":"Carrera 5D","tipo":"residential"},"geometry":{"type":"LineString","coordinates":[[-74.10814,4.55808],[-74.10818,4.55725],[-74.1082,4.55687]]}},{"type":"Feature","properties":{"id":"41922767","nom":"Carrera 5L Bis","tipo":"secondary"},"geometry":{"type":"LineString","coordinates":[[-74.11184,4.55745],[-74.1119,4.55733],[-74.11199,4.55713],[-74.11209,4.55693],[-74.11214,4.55682],[-74.1124,4.55629],[-74.11248,4.55612],[-74.11282,4.55539]]}},{"type":"Feature","properties":{"id":"41924069","nom":"Carrera 18B","tipo":"residential"},"geometry":{"type":"LineString","coordinates":[[-74.12656,4.56953],[-74.12659,4.56949],[-74.12694,4.56894]]}},{"type":"Feature","properties":{"id":"41924120","nom":"Carrera 19A","tipo":"residential"},"geometry":{"type":"LineString","coordinates":[[-74.12919,4.56946],[-74.12849,4.5698],[-74.12843,4.56985]]}},{"type":"Feature","properties":{"id":"41924122","nom":"Carrera 19B","tipo":"residential"},"geometry":{"type":"LineString","coordinates":[[-74.1291,4.57007],[-74.12956,4.56988]]}},{"type":"Feature","properties":{"id":"41925668","nom":"Calle 48C Sur","tipo":"tertiary"},"geometry":{"type":"LineString","coordinates":[[-74.12922,4.57171],[-74.1292,4.57163],[-74.1291,4.57126],[-74.12906,4.57112],[-74.12902,4.57095]]}},{"type":"Feature","properties":{"id":"43305084","nom":"Transversal 34A","tipo":"residential"},"geometry":{"type":"LineString","coordinates":[[-74.1269,4.58796],[-74.1266,4.58835],[-74.12637,4.58864],[-74.12636,4.58866],[-74.12575,4.58943],[-74.12547,4.5898],[-74.12525,4.59006],[-74.12515,4.5902],[-74.12513,4.59022],[-74.1251,4.59027]]}},{"type":"Feature","properties":{"id":"43308682","nom":"Calle 37 Bis Sur","tipo":"residential"},"geometry":{"type":"LineString","coordinates":[[-74.12089,4.58975],[-74.1209,4.5897],[-74.12092,4.58965],[-74.12095,4.5896],[-74.121,4.58956],[-74.1211,4.58951]]}},{"type":"Feature","properties":{"id":"43308683","nom":"Calle 38 Bis Sur","tipo":"residential"},"geometry":{"type":"LineString","coordinates":[[-74.122,4.59115],[-74.12199,4.59111],[-74.12191,4.5907],[-74.12182,4.59024],[-74.12175,4.58987]]}},{"type":"Feature","properties":{"id":"45903634","nom":"Carrera 23D","tipo":"residential"},"geometry":{"type":"LineString","coordinates":[[-74.12182,4.58001],[-74.12101,4.58029]]}},{"type":"Feature","properties":{"id":"53843379","nom":"Calle 30F Sur","tipo":"residential"},"geometry":{"type":"LineString","coordinates":[[-74.10094,4.56939],[-74.10134,4.56967],[-74.10152,4.5698]]}},{"type":"Feature","properties":{"id":"53843702","nom":"Carrera 5F","tipo":"residential"},"geometry":{"type":"LineString","coordinates":[[-74.1133,4.54949],[-74.113,4.54973],[-74.11269,4.54997],[-74.11248,4.55014],[-74.11238,4.55022]]}},{"type":"Feature","properties":{"id":"54014751","nom":"Carrera 22A","tipo":"residential"},"geometry":{"type":"LineString","coordinates":[[-74.11011,4.58278],[-74.11015,4.58275],[-74.11054,4.58254],[-74.11066,4.58248]]}},{"type":"Feature","properties":{"id":"54022372","nom":"Calle 42 Sur","tipo":"tertiary"},"geometry":{"type":"LineString","coordinates":[[-74.11927,4.57186],[-74.11923,4.57185],[-74.1192,4.57183],[-74.11889,4.57159],[-74.11853,4.57132],[-74.11844,4.57124],[-74.11838,4.57119],[-74.11799,4.57089],[-74.11762,4.57061],[-74.11717,4.57026],[-74.11699,4.57011],[-74.11677,4.56995],[-74.11634,4.56961],[-74.11596,4.56932],[-74.11553,4.56898],[-74.11511,4.56866],[-74.11474,4.56836],[-74.1146,4.56825],[-74.11442,4.56814],[-74.11417,4.56799]]}},{"type":"Feature","properties":{"id":"57742608","nom":"Diagonal 40A Sur","tipo":"secondary"},"geometry":{"type":"LineString","coordinates":[[-74.0978,4.55219],[-74.09787,4.55226],[-74.0979,4.55228],[-74.09811,4.55247],[-74.09816,4.55251]]}},{"type":"Feature","properties":{"id":"57742873","nom":"Calle 50A Sur","tipo":"residential"},"geometry":{"type":"LineString","coordinates":[[-74.12229,4.55979],[-74.12224,4.55963],[-74.12222,4.55956],[-74.12214,4.5593],[-74.12206,4.55905],[-74.12199,4.55879],[-74.12198,4.55877]]}},{"type":"Feature","properties":{"id":"57742898","nom":"Calle 49H Sur","tipo":"tertiary"},"geometry":{"type":"LineString","coordinates":[[-74.12052,4.55794],[-74.12053,4.55798],[-74.12063,4.55834],[-74.12075,4.55876],[-74.12085,4.55909]]}},{"type":"Feature","properties":{"id":"58884406","nom":"Calle 16A Sur","tipo":"residential"},"geometry":{"type":"LineString","coordinates":[[-74.09841,4.58372],[-74.09845,4.58376],[-74.09914,4.58451]]}},{"type":"Feature","properties":{"id":"60263359","nom":"Calle 33 Bis Sur","tipo":"tertiary"},"geometry":{"type":"LineString","coordinates":[[-74.1136,4.5707],[-74.11373,4.57082],[-74.11412,4.5713]]}},{"type":"Feature","properties":{"id":"66864347","nom":"Calle 30F Sur","tipo":"residential"},"geometry":{"type":"LineString","coordinates":[[-74.10042,4.56914],[-74.10038,4.56911],[-74.10034,4.56908],[-74.10026,4.56901],[-74.09961,4.56846]]}},{"type":"Feature","properties":{"id":"66866096","nom":"Calle 31 Sur","tipo":"tertiary"},"geometry":{"type":"LineString","coordinates":[[-74.09908,4.56665],[-74.09911,4.56669],[-74.09956,4.5672],[-74.09962,4.56727],[-74.09967,4.56735],[-74.09973,4.56745],[-74.09981,4.56762],[-74.1,4.568],[-74.10005,4.56809],[-74.10009,4.56815],[-74.10015,4.56821],[-74.10058,4.56871],[-74.10069,4.56883],[-74.10076,4.56883],[-74.10085,4.56883]]}},{"type":"Feature","properties":{"id":"66869109","nom":"Carrera 7B","tipo":"residential"},"geometry":{"type":"LineString","coordinates":[[-74.09634,4.56997],[-74.09595,4.57039],[-74.09591,4.57042],[-74.09589,4.57045],[-74.09545,4.57091],[-74.09498,4.5714],[-74.09451,4.57189],[-74.09406,4.57237],[-74.09337,4.57309],[-74.09322,4.57325]]}},{"type":"Feature","properties":{"id":"66922878","nom":"Carrera 12B","tipo":"tertiary"},"geometry":{"type":"LineString","coordinates":[[-74.10547,4.57104],[-74.10551,4.57098],[-74.10624,4.57023]]}},{"type":"Feature","properties":{"id":"66923850","nom":"Transversal 4","tipo":"residential"},"geometry":{"type":"LineString","coordinates":[[-74.09754,4.56372],[-74.09756,4.5637],[-74.09775,4.56348],[-74.09786,4.56332],[-74.09799,4.56312],[-74.098,4.5631],[-74.09808,4.56293]]}},{"type":"Feature","properties":{"id":"66924147","nom":"Calle 34A Bis Sur","tipo":"residential"},"geometry":{"type":"LineString","coordinates":[[-74.09808,4.56293],[-74.09816,4.56271],[-74.09817,4.56262],[-74.09817,4.56251],[-74.09814,4.56243],[-74.09802,4.56221],[-74.09785,4.56192],[-74.09781,4.56186]]}},{"type":"Feature","properties":{"id":"66929355","nom":"Carrera 2A","tipo":"residential"},"geometry":{"type":"LineString","coordinates":[[-74.09556,4.5625],[-74.09596,4.56177]]}},{"type":"Feature","properties":{"id":"66929366","nom":"Calle 31F Bis Sur","tipo":"residential"},"geometry":{"type":"LineString","coordinates":[[-74.09596,4.56177],[-74.09612,4.56209],[-74.09614,4.56212]]}},{"type":"Feature","properties":{"id":"66929392","nom":"Diagonal 31D Sur","tipo":"residential"},"geometry":{"type":"LineString","coordinates":[[-74.09537,4.56226],[-74.09534,4.56218],[-74.09529,4.56203],[-74.09524,4.56188],[-74.09519,4.56173],[-74.09514,4.56163],[-74.09502,4.56145]]}},{"type":"Feature","properties":{"id":"66934097","nom":"Calle 32C Sur","tipo":"residential"},"geometry":{"type":"LineString","coordinates":[[-74.09537,4.55999],[-74.09507,4.55964]]}},{"type":"Feature","properties":{"id":"66934106","nom":"Calle 32 Bis Sur","tipo":"tertiary"},"geometry":{"type":"LineString","coordinates":[[-74.09646,4.56165],[-74.09644,4.56161],[-74.09641,4.56157],[-74.09638,4.56152],[-74.09632,4.56147],[-74.09627,4.56144],[-74.09621,4.56142],[-74.09616,4.5614],[-74.09608,4.56138],[-74.09602,4.56136],[-74.09597,4.56133],[-74.09591,4.56129],[-74.09586,4.56126],[-74.09582,4.56123],[-74.09575,4.56115],[-74.09555,4.56094],[-74.0955,4.56087],[-74.09525,4.56055],[-74.09503,4.56033],[-74.09503,4.56032],[-74.095,4.56021]]}},{"type":"Feature","properties":{"id":"66934123","nom":"Carrera 1","tipo":"tertiary"},"geometry":{"type":"LineString","coordinates":[[-74.09589,4.55654],[-74.09581,4.55662],[-74.09556,4.55686],[-74.09555,4.55688],[-74.09553,4.5569],[-74.09552,4.55692],[-74.09552,4.55694],[-74.09551,4.55696],[-74.09548,4.55717]]}},{"type":"Feature","properties":{"id":"66952964","nom":"Carrera 9","tipo":"residential"},"geometry":{"type":"LineString","coordinates":[[-74.1002,4.56795],[-74.10024,4.56792],[-74.10083,4.56739]]}},{"type":"Feature","properties":{"id":"67395989","nom":"Calle 38 Sur","tipo":"residential"},"geometry":{"type":"LineString","coordinates":[[-74.10231,4.56174],[-74.10224,4.56168],[-74.10199,4.56148],[-74.10171,4.56126]]}},{"type":"Feature","properties":{"id":"67407536","nom":"Transversal 12C Bis","tipo":"residential"},"geometry":{"type":"LineString","coordinates":[[-74.09494,4.58343],[-74.09551,4.58328]]}},{"type":"Feature","properties":{"id":"67407731","nom":"Calle 13A Sur","tipo":"residential"},"geometry":{"type":"LineString","coordinates":[[-74.09552,4.58194],[-74.0955,4.58204],[-74.09548,4.58214],[-74.09546,4.58224],[-74.09544,4.58242],[-74.09543,4.58251],[-74.09543,4.58263],[-74.09542,4.58272],[-74.09543,4.58283],[-74.09543,4.58292],[-74.09545,4.583],[-74.09547,4.5831],[-74.09548,4.58317],[-74.0955,4.58323],[-74.09551,4.58328],[-74.09567,4.58379],[-74.09569,4.58383],[-74.09571,4.58386],[-74.09574,4.58392],[-74.09585,4.58411]]}},{"type":"Feature","properties":{"id":"67407740","nom":"Carrera 12A","tipo":"residential"},"geometry":{"type":"LineString","coordinates":[[-74.09592,4.58121],[-74.09589,4.58125],[-74.09584,4.5813],[-74.09575,4.58143],[-74.09567,4.58156],[-74.09557,4.58178],[-74.09553,4.5819],[-74.09552,4.58194]]}},{"type":"Feature","properties":{"id":"67412830","nom":"Calle 19A Sur","tipo":"residential"},"geometry":{"type":"LineString","coordinates":[[-74.10394,4.58534],[-74.10391,4.58531],[-74.10369,4.58511],[-74.10344,4.58486]]}},{"type":"Feature","properties":{"id":"67412845","nom":"Carrera 23","tipo":"residential"},"geometry":{"type":"LineString","coordinates":[[-74.10328,4.58549],[-74.10369,4.58511]]}},{"type":"Feature","properties":{"id":"67413896","nom":"Transversal 26A","tipo":"residential"},"geometry":{"type":"LineString","coordinates":[[-74.10768,4.59001],[-74.10769,4.58949]]}},{"type":"Feature","properties":{"id":"67417710","nom":"Carrera 23B","tipo":"residential"},"geometry":{"type":"LineString","coordinates":[[-74.11173,4.58309],[-74.11218,4.58285]]}},{"type":"Feature","properties":{"id":"67519337","nom":"Calle 29 Bis Sur","tipo":"residential"},"geometry":{"type":"LineString","coordinates":[[-74.11381,4.58972],[-74.11404,4.59047]]}},{"type":"Feature","properties":{"id":"67553302","nom":"Calle 31F Sur","tipo":"tertiary"},"geometry":{"type":"LineString","coordinates":[[-74.10914,4.57408],[-74.10909,4.57403],[-74.10869,4.57372],[-74.10854,4.57361],[-74.10826,4.57339],[-74.10825,4.57338]]}},{"type":"Feature","properties":{"id":"67553303","nom":"Calle 30 Sur","tipo":"residential"},"geometry":{"type":"LineString","coordinates":[[-74.1049,4.57338],[-74.10514,4.57359],[-74.10542,4.57384],[-74.10548,4.57387],[-74.10554,4.57388]]}},{"type":"Feature","properties":{"id":"67558349","nom":"Carrera 31","tipo":"residential"},"geometry":{"type":"LineString","coordinates":[[-74.11775,4.58822],[-74.11711,4.58837]]}},{"type":"Feature","properties":{"id":"77326611","nom":"Carrera 19","tipo":"tertiary"},"geometry":{"type":"LineString","coordinates":[[-74.10409,4.58325],[-74.10421,4.58314]]}},{"type":"Feature","properties":{"id":"78561679","nom":"Calle 58 Sur","tipo":"residential"},"geometry":{"type":"LineString","coordinates":[[-74.12989,4.56036],[-74.13018,4.56065]]}},{"type":"Feature","properties":{"id":"85287122","nom":"Calle 40 Sur","tipo":"residential"},"geometry":{"type":"LineString","coordinates":[[-74.1058,4.56122],[-74.10583,4.56122],[-74.10586,4.56123],[-74.10611,4.56147],[-74.10645,4.5618],[-74.10658,4.56192],[-74.10663,4.56197],[-74.10677,4.56211],[-74.10686,4.5622],[-74.10698,4.56231],[-74.10715,4.56248],[-74.10721,4.56255]]}},{"type":"Feature","properties":{"id":"89480472","nom":"Calle 24 Sur","tipo":"residential"},"geometry":{"type":"LineString","coordinates":[[-74.09643,4.57362],[-74.09638,4.57358],[-74.09636,4.57356],[-74.09613,4.57336],[-74.09573,4.573],[-74.09497,4.57232],[-74.09494,4.57229],[-74.0949,4.57225],[-74.09451,4.57189],[-74.09389,4.57129],[-74.09335,4.57077],[-74.09331,4.57074]]}},{"type":"Feature","properties":{"id":"89480482","nom":"Avenida Carrera 14","tipo":"primary"},"geometry":{"type":"LineString","coordinates":[[-74.10248,4.58139],[-74.10263,4.58131]]}},{"type":"Feature","properties":{"id":"89480523","nom":"Calle 27A Sur","tipo":"residential"},"geometry":{"type":"LineString","coordinates":[[-74.1007,4.57313],[-74.10113,4.5734],[-74.10144,4.57361],[-74.10179,4.57385],[-74.1019,4.57392],[-74.10285,4.57457],[-74.10325,4.57488],[-74.10327,4.5749]]}},{"type":"Feature","properties":{"id":"89480548","nom":"Calle 20 Sur","tipo":"residential"},"geometry":{"type":"LineString","coordinates":[[-74.10135,4.58176],[-74.10132,4.58171],[-74.10127,4.58162],[-74.10116,4.58143],[-74.10107,4.5813],[-74.10097,4.58117],[-74.10086,4.58105],[-74.10074,4.58094],[-74.10061,4.58085],[-74.10036,4.58067],[-74.10012,4.5805],[-74.09989,4.58035],[-74.09951,4.58008],[-74.09945,4.58005]]}},{"type":"Feature","properties":{"id":"89480582","nom":"Avenida Carrera 14","tipo":"primary"},"geometry":{"type":"LineString","coordinates":[[-74.10676,4.57906],[-74.10666,4.57911],[-74.10661,4.57914],[-74.10631,4.57928],[-74.10589,4.57949],[-74.10546,4.57971],[-74.10515,4.57986],[-74.10493,4.57997],[-74.10438,4.58023],[-74.10404,4.5804],[-74.104,4.58042],[-74.10372,4.58055],[-74.10328,4.58074],[-74.10301,4.58088],[-74.10283,4.58096],[-74.10264,4.58107],[-74.10254,4.58112],[-74.10245,4.58117]]}},{"type":"Feature","properties":{"id":"89480613","nom":"Calle 26A Sur","tipo":"residential"},"geometry":{"type":"LineString","coordinates":[[-74.09952,4.57449],[-74.10044,4.57521],[-74.10075,4.57546],[-74.10166,4.57613],[-74.10204,4.57645],[-74.10208,4.57648],[-74.10229,4.57664],[-74.10232,4.57667],[-74.1027,4.57695]]}},{"type":"Feature","properties":{"id":"89480618","nom":"Calle 25 Sur","tipo":"residential"},"geometry":{"type":"LineString","coordinates":[[-74.09763,4.57373],[-74.09797,4.57405],[-74.09831,4.57437],[-74.09865,4.57469],[-74.09905,4.57508]]}},{"type":"Feature","properties":{"id":"89480622","nom":"Calle 27A Sur","tipo":"residential"},"geometry":{"type":"LineString","coordinates":[[-74.09839,4.57185],[-74.09843,4.57188],[-74.09851,4.57194],[-74.09874,4.57209],[-74.09897,4.57223],[-74.09973,4.57273],[-74.10044,4.5732]]}},{"type":"Feature","properties":{"id":"89480647","nom":"Calle 24 Sur","tipo":"residential"},"geometry":{"type":"LineString","coordinates":[[-74.09791,4.5748],[-74.09757,4.57448]]}},{"type":"Feature","properties":{"id":"89480662","nom":"Calle 26B Sur","tipo":"residential"},"geometry":{"type":"LineString","coordinates":[[-74.10296,4.57663],[-74.10357,4.57712],[-74.10393,4.57739],[-74.10491,4.57816],[-74.10589,4.57894],[-74.10627,4.57925],[-74.10631,4.57928]]}},{"type":"Feature","properties":{"id":"89480683","nom":"Carrera 11","tipo":"residential"},"geometry":{"type":"LineString","coordinates":[[-74.09579,4.57795],[-74.09577,4.57797],[-74.09539,4.57842],[-74.09503,4.57883],[-74.09467,4.57924],[-74.09433,4.57964],[-74.0943,4.57968]]}},{"type":"Feature","properties":{"id":"89480698","nom":"Calle 31 Sur","tipo":"tertiary"},"geometry":{"type":"LineString","coordinates":[[-74.11001,4.57626],[-74.11004,4.57629],[-74.11006,4.57632],[-74.11008,4.57636],[-74.11047,4.57722],[-74.11053,4.57735],[-74.11068,4.57767],[-74.11069,4.57771],[-74.11072,4.57776]]}},{"type":"Feature","properties":{"id":"89480717","nom":"Calle 17 Sur","tipo":"tertiary"},"geometry":{"type":"LineString","coordinates":[[-74.09818,4.58315],[-74.09831,4.58327],[-74.09837,4.58332],[-74.0984,4.58336],[-74.0985,4.5834]]}},{"type":"Feature","properties":{"id":"89480719","nom":"Carrera 12A","tipo":"residential"},"geometry":{"type":"LineString","coordinates":[[-74.09744,4.5795],[-74.09671,4.58033],[-74.09599,4.58113],[-74.09597,4.58116]]}},{"type":"Feature","properties":{"id":"89480742","nom":"Carrera 12B","tipo":"residential"},"geometry":{"type":"LineString","coordinates":[[-74.09634,4.58158],[-74.0963,4.58162],[-74.09624,4.58171],[-74.0962,4.58177],[-74.09615,4.58185],[-74.09611,4.58194],[-74.09607,4.58205]]}},{"type":"Feature","properties":{"id":"89480762","nom":"Avenida Carrera 10","tipo":"secondary"},"geometry":{"type":"LineString","coordinates":[[-74.09789,4.57202],[-74.0978,4.57212],[-74.0973,4.57266],[-74.09697,4.57303],[-74.09685,4.57317],[-74.09683,4.57319],[-74.09643,4.57362],[-74.09594,4.57414]]}},{"type":"Feature","properties":{"id":"89480774","nom":"Carrera 7","tipo":"residential"},"geometry":{"type":"LineString","coordinates":[[-74.0968,4.56823],[-74.09648,4.56857],[-74.09646,4.56859],[-74.09644,4.56862],[-74.0964,4.56865]]}},{"type":"Feature","properties":{"id":"89480801","nom":"Carrera 12L","tipo":"residential"},"geometry":{"type":"LineString","coordinates":[[-74.10515,4.57986],[-74.10527,4.57971],[-74.10534,4.57962],[-74.10561,4.57927],[-74.10589,4.57894],[-74.10615,4.57861],[-74.10617,4.57859]]}},{"type":"Feature","properties":{"id":"89480827","nom":"Calle 22A Sur","tipo":"residential"},"geometry":{"type":"LineString","coordinates":[[-74.09633,4.57576],[-74.09621,4.57567],[-74.09584,4.57538],[-74.09574,4.5753]]}},{"type":"Feature","properties":{"id":"89480836","nom":"Carrera 12D","tipo":"tertiary"},"geometry":{"type":"LineString","coordinates":[[-74.09967,4.57947],[-74.09963,4.57952],[-74.09959,4.57958],[-74.09951,4.57967],[-74.09928,4.57993]]}},{"type":"Feature","properties":{"id":"89480853","nom":"Calle 16 Sur","tipo":"residential"},"geometry":{"type":"LineString","coordinates":[[-74.09794,4.58378],[-74.09789,4.58374],[-74.09731,4.58321],[-74.09698,4.58291],[-74.09694,4.58288]]}},{"type":"Feature","properties":{"id":"89480887","nom":"Avenida Calle 22 Sur","tipo":"primary"},"geometry":{"type":"LineString","coordinates":[[-74.10263,4.58131],[-74.10258,4.58128],[-74.1025,4.58121],[-74.10245,4.58117]]}},{"type":"Feature","properties":{"id":"89480896","nom":"Avenida Carrera 14","tipo":"primary"},"geometry":{"type":"LineString","coordinates":[[-74.096,4.58477],[-74.09592,4.5848],[-74.09587,4.58482],[-74.0958,4.58485],[-74.09574,4.58488]]}},{"type":"Feature","properties":{"id":"89480907","nom":"Carrera 12 Bis","tipo":"residential"},"geometry":{"type":"LineString","coordinates":[[-74.10394,4.57103],[-74.10371,4.57134],[-74.10294,4.57242],[-74.1022,4.57351],[-74.10195,4.57385]]}},{"type":"Feature","properties":{"id":"89480911","nom":"Calle 25 Sur","tipo":"residential"},"geometry":{"type":"LineString","coordinates":[[-74.09378,4.57025],[-74.09382,4.57028],[-74.09437,4.5708],[-74.09498,4.5714],[-74.09536,4.57177],[-74.0954,4.57181],[-74.09544,4.57184],[-74.09621,4.5725]]}},{"type":"Feature","properties":{"id":"89480916","nom":"Carrera 10D","tipo":"residential"},"geometry":{"type":"LineString","coordinates":[[-74.09735,4.57613],[-74.09763,4.57582],[-74.098,4.57541],[-74.09865,4.57469],[-74.09909,4.5742],[-74.09934,4.57393],[-74.0997,4.57353],[-74.09972,4.57351]]}},{"type":"Feature","properties":{"id":"89480931","nom":"Calle 31A Sur","tipo":"tertiary"},"geometry":{"type":"LineString","coordinates":[[-74.10904,4.57549],[-74.10945,4.57581],[-74.10993,4.57619],[-74.11001,4.57626]]}},{"type":"Feature","properties":{"id":"89480933","nom":"Calle 22B Sur","tipo":"residential"},"geometry":{"type":"LineString","coordinates":[[-74.09388,4.57339],[-74.09393,4.57343],[-74.09428,4.5737],[-74.09461,4.57397],[-74.09512,4.57437]]}},{"type":"Feature","properties":{"id":"89480993","nom":"Carrera 12 Bis","tipo":"residential"},"geometry":{"type":"LineString","coordinates":[[-74.10516,4.56933],[-74.10488,4.56971],[-74.10461,4.57005],[-74.10431,4.57051],[-74.10408,4.57084],[-74.10402,4.57092],[-74.10399,4.57096]]}},{"type":"Feature","properties":{"id":"89480996","nom":"Calle 26B Sur","tipo":"residential"},"geometry":{"type":"LineString","coordinates":[[-74.09831,4.57297],[-74.09864,4.57328],[-74.09901,4.57362],[-74.09934,4.57393]]}},{"type":"Feature","properties":{"id":"89481079","nom":"Calle 17 Sur","tipo":"tertiary"},"geometry":{"type":"LineString","coordinates":[[-74.09812,4.58321],[-74.0983,4.58334],[-74.09832,4.58337],[-74.09834,4.5834],[-74.09834,4.58343],[-74.09834,4.58347],[-74.09833,4.58351]]}},{"type":"Feature","properties":{"id":"89481131","nom":"Carrera 12G","tipo":"residential"},"geometry":{"type":"LineString","coordinates":[[-74.1051,4.57487],[-74.10516,4.57487],[-74.10521,4.57486],[-74.10525,4.57485],[-74.10529,4.57484],[-74.10584,4.57462],[-74.10595,4.57458],[-74.10633,4.57444],[-74.10683,4.57426],[-74.10728,4.5741]]}},{"type":"Feature","properties":{"id":"89481140","nom":"Calle 27A Sur","tipo":"residential"},"geometry":{"type":"LineString","coordinates":[[-74.09671,4.57041],[-74.09634,4.56997],[-74.09628,4.5699],[-74.09578,4.56931]]}},{"type":"Feature","properties":{"id":"89481146","nom":"Calle 27A Sur","tipo":"residential"},"geometry":{"type":"LineString","coordinates":[[-74.10706,4.57803],[-74.10672,4.57773],[-74.1065,4.57755]]}},{"type":"Feature","properties":{"id":"89481154","nom":"Calle 28D Sur","tipo":"residential"},"geometry":{"type":"LineString","coordinates":[[-74.10796,4.57688],[-74.10759,4.57659],[-74.10727,4.57634],[-74.10705,4.57615],[-74.1068,4.57597]]}},{"type":"Feature","properties":{"id":"89481172","nom":"Carrera 10A","tipo":"residential"},"geometry":{"type":"LineString","coordinates":[[-74.0986,4.57264],[-74.09858,4.57267],[-74.09831,4.57297],[-74.09808,4.57323],[-74.09763,4.57373]]}},{"type":"Feature","properties":{"id":"89481191","nom":"Carrera 12B","tipo":"residential"},"geometry":{"type":"LineString","coordinates":[[-74.10218,4.57545],[-74.10216,4.57547],[-74.10192,4.57581],[-74.10166,4.57613],[-74.10136,4.57651],[-74.10111,4.57684],[-74.10081,4.57724],[-74.10055,4.57757],[-74.10032,4.57783],[-74.10008,4.57812],[-74.09997,4.5783],[-74.09985,4.57844],[-74.0994,4.57902],[-74.09936,4.57907]]}},{"type":"Feature","properties":{"id":"89481207","nom":"Diagonal 31A Sur","tipo":"tertiary"},"geometry":{"type":"LineString","coordinates":[[-74.10568,4.57284],[-74.10567,4.57277],[-74.10558,4.57199],[-74.10547,4.57113],[-74.10547,4.57104]]}},{"type":"Feature","properties":{"id":"89481264","nom":"Calle 13A Sur","tipo":"tertiary"},"geometry":{"type":"LineString","coordinates":[[-74.09588,4.58503],[-74.09594,4.585],[-74.09597,4.58498],[-74.09599,4.58494],[-74.09601,4.58489],[-74.09601,4.58483],[-74.096,4.58477],[-74.09598,4.58471],[-74.09596,4.58464],[-74.09585,4.58427],[-74.09583,4.58422],[-74.09583,4.58418],[-74.09583,4.58416],[-74.09584,4.58413],[-74.09585,4.58411]]}},{"type":"Feature","properties":{"id":"89481273","nom":"Calle 18A Sur","tipo":"residential"},"geometry":{"type":"LineString","coordinates":[[-74.09991,4.58257],[-74.09988,4.58252],[-74.09983,4.58245],[-74.0998,4.58241],[-74.09971,4.58229],[-74.09969,4.58227],[-74.09964,4.58222],[-74.09956,4.58214],[-74.09928,4.58189],[-74.0985,4.58119],[-74.09847,4.58116],[-74.09838,4.58108],[-74.0983,4.58101]]}},{"type":"Feature","properties":{"id":"89481276","nom":"Calle 16 Bis Sur","tipo":"residential"},"geometry":{"type":"LineString","coordinates":[[-74.09656,4.58215],[-74.09692,4.58248],[-74.09697,4.58252]]}},{"type":"Feature","properties":{"id":"89481277","nom":"Avenida Carrera 14","tipo":"primary"},"geometry":{"type":"LineString","coordinates":[[-74.10052,4.58247],[-74.10062,4.58242],[-74.10097,4.58223],[-74.1015,4.58193],[-74.10177,4.58179],[-74.10202,4.58165],[-74.10231,4.58149],[-74.10234,4.58147],[-74.10248,4.58139]]}},{"type":"Feature","properties":{"id":"89481283","nom":"Calle 22B Sur","tipo":"residential"},"geometry":{"type":"LineString","coordinates":[[-74.10168,4.57969],[-74.10145,4.5795],[-74.10136,4.57942],[-74.101,4.57915],[-74.10059,4.57883],[-74.10055,4.57879],[-74.10036,4.57861],[-74.10033,4.57859],[-74.09997,4.5783]]}},{"type":"Feature","properties":{"id":"89481315","nom":"Carrera 12G","tipo":"residential"},"geometry":{"type":"LineString","coordinates":[[-74.10077,4.58021],[-74.10072,4.58027],[-74.10036,4.58067],[-74.09992,4.58114],[-74.09969,4.58141],[-74.09964,4.58148],[-74.09928,4.58189],[-74.09892,4.58231],[-74.09856,4.58273]]}},{"type":"Feature","properties":{"id":"89481324","nom":"Calle 22A Sur","tipo":"residential"},"geometry":{"type":"LineString","coordinates":[[-74.10153,4.57988],[-74.1022,4.58043],[-74.10279,4.58092],[-74.10283,4.58096]]}},{"type":"Feature","properties":{"id":"89481377","nom":"Calle 17A Sur","tipo":"residential"},"geometry":{"type":"LineString","coordinates":[[-74.09899,4.58308],[-74.09895,4.58305],[-74.09856,4.58273]]}},{"type":"Feature","properties":{"id":"89481396","nom":"Carrera 13A","tipo":"residential"},"geometry":{"type":"LineString","coordinates":[[-74.10855,4.57792],[-74.10876,4.57767],[-74.10902,4.57733],[-74.10927,4.57699]]}},{"type":"Feature","properties":{"id":"89481408","nom":"Calle 19 Sur","tipo":"tertiary"},"geometry":{"type":"LineString","coordinates":[[-74.09883,4.58075],[-74.09886,4.58078],[-74.09907,4.58096],[-74.09923,4.58111],[-74.09964,4.58148],[-74.0999,4.58171],[-74.09995,4.58176],[-74.10001,4.58182],[-74.10011,4.58193],[-74.10015,4.58199],[-74.1002,4.58204],[-74.10025,4.58212],[-74.10027,4.58214],[-74.1003,4.58218],[-74.10032,4.58223],[-74.10033,4.58227],[-74.10034,4.5823],[-74.10034,4.58233]]}},{"type":"Feature","properties":{"id":"89481453","nom":"Calle 27 Sur","tipo":"secondary"},"geometry":{"type":"LineString","coordinates":[[-74.09635,4.57082],[-74.09639,4.57084],[-74.09677,4.57114],[-74.09719,4.57147],[-74.09729,4.57154],[-74.09782,4.57195],[-74.09785,4.57198],[-74.09789,4.57202]]}},{"type":"Feature","properties":{"id":"89481461","nom":"Calle 14 Sur","tipo":"residential"},"geometry":{"type":"LineString","coordinates":[[-74.09607,4.58205],[-74.09601,4.58223],[-74.09599,4.58236],[-74.09597,4.58252],[-74.09598,4.58265],[-74.09599,4.58279],[-74.09603,4.58297],[-74.09615,4.58336],[-74.09617,4.58342],[-74.09624,4.58358],[-74.09627,4.58364],[-74.09629,4.58368],[-74.09646,4.58418],[-74.09656,4.58447],[-74.09658,4.58452]]}},{"type":"Feature","properties":{"id":"89481462","nom":"Calle 13A Sur","tipo":"tertiary"},"geometry":{"type":"LineString","coordinates":[[-74.09574,4.58392],[-74.09571,4.58404],[-74.0957,4.58406],[-74.09571,4.5841],[-74.09572,4.58415],[-74.09588,4.58463],[-74.09589,4.58468],[-74.0959,4.58471],[-74.0959,4.58474],[-74.09589,4.58477],[-74.09588,4.5848],[-74.09587,4.58482]]}},{"type":"Feature","properties":{"id":"89481470","nom":"Calle 23 Sur","tipo":"residential"},"geometry":{"type":"LineString","coordinates":[[-74.09284,4.57123],[-74.09286,4.57124],[-74.09343,4.57178],[-74.09406,4.57237],[-74.09444,4.57273],[-74.09448,4.57276],[-74.09452,4.5728],[-74.09484,4.5731],[-74.09516,4.5734],[-74.09525,4.57349],[-74.09562,4.57384],[-74.0959,4.57409],[-74.09594,4.57414]]}},{"type":"Feature","properties":{"id":"89481484","nom":"Avenida Calle 22 Sur","tipo":"primary"},"geometry":{"type":"LineString","coordinates":[[-74.09649,4.57731],[-74.09693,4.57761],[-74.09738,4.57792],[-74.09769,4.57813],[-74.09784,4.57822],[-74.09803,4.57836],[-74.09811,4.57841],[-74.09875,4.57884],[-74.09947,4.57933],[-74.09962,4.57944],[-74.09967,4.57947]]}},{"type":"Feature","properties":{"id":"89481487","nom":"Avenida Carrera 10","tipo":"secondary"},"geometry":{"type":"LineString","coordinates":[[-74.09472,4.5758],[-74.0948,4.57569],[-74.09577,4.57463],[-74.09644,4.57391],[-74.09709,4.57321],[-74.09755,4.57275],[-74.09773,4.57256],[-74.09796,4.57231],[-74.09799,4.57229],[-74.09806,4.57221]]}},{"type":"Feature","properties":{"id":"89481588","nom":"Avenida Carrera 8","tipo":"secondary"},"geometry":{"type":"LineString","coordinates":[[-74.09363,4.57366],[-74.09388,4.57339],[-74.09448,4.57276],[-74.09494,4.57229],[-74.09537,4.57184],[-74.0954,4.57181],[-74.09587,4.57132],[-74.09632,4.57085],[-74.09635,4.57082]]}},{"type":"Feature","properties":{"id":"89481604","nom":"Carrera 12D","tipo":"tertiary"},"geometry":{"type":"LineString","coordinates":[[-74.09714,4.58233],[-74.09711,4.58236],[-74.09697,4.58252],[-74.09617,4.58342],[-74.09611,4.58348],[-74.09576,4.58389],[-74.09574,4.58392]]}},{"type":"Feature","properties":{"id":"89481609","nom":"Calle 27 Sur","tipo":"secondary"},"geometry":{"type":"LineString","coordinates":[[-74.10686,4.57901],[-74.10682,4.57897],[-74.10677,4.57893],[-74.10661,4.57881],[-74.10651,4.57872],[-74.10593,4.57825],[-74.10561,4.57799],[-74.10501,4.57754],[-74.10485,4.57741],[-74.10469,4.57728],[-74.10412,4.57683],[-74.1038,4.57656],[-74.10317,4.5761],[-74.10292,4.57589],[-74.10287,4.57585]]}},{"type":"Feature","properties":{"id":"89481631","nom":"Calle 17 Sur","tipo":"tertiary"},"geometry":{"type":"LineString","coordinates":[[-74.09719,4.58227],[-74.09714,4.58223],[-74.09677,4.58189],[-74.09643,4.58157],[-74.09638,4.58153],[-74.09597,4.58116],[-74.09593,4.58113],[-74.09561,4.58084],[-74.09556,4.58079],[-74.09553,4.58077],[-74.09521,4.58049],[-74.09515,4.58043],[-74.0948,4.58012],[-74.09476,4.58009],[-74.09439,4.57976],[-74.09436,4.57973],[-74.0943,4.57968]]}},{"type":"Feature","properties":{"id":"89481636","nom":"Carrera 12","tipo":"residential"},"geometry":{"type":"LineString","coordinates":[[-74.09898,4.57708],[-74.09929,4.57668],[-74.09959,4.57629],[-74.0999,4.57589],[-74.10017,4.57556],[-74.10044,4.57521],[-74.10071,4.57487],[-74.10097,4.57453],[-74.10099,4.57451]]}},{"type":"Feature","properties":{"id":"89481648","nom":"Calle 19 Sur","tipo":"tertiary"},"geometry":{"type":"LineString","coordinates":[[-74.09417,4.57652],[-74.09421,4.57656],[-74.09443,4.57675],[-74.09465,4.57695],[-74.09504,4.5773],[-74.09541,4.57763]]}},{"type":"Feature","properties":{"id":"89481653","nom":"Carrera 11","tipo":"residential"},"geometry":{"type":"LineString","coordinates":[[-74.1007,4.57313],[-74.10154,4.57192]]}},{"type":"Feature","properties":{"id":"89481660","nom":"Carrera 12I","tipo":"residential"},"geometry":{"type":"LineString","coordinates":[[-74.10372,4.57967],[-74.10408,4.57921],[-74.10437,4.57885],[-74.10463,4.57851],[-74.10491,4.57816],[-74.10516,4.57784],[-74.10517,4.57782]]}},{"type":"Feature","properties":{"id":"89481702","nom":"Carrera 12H Bis B","tipo":"residential"},"geometry":{"type":"LineString","coordinates":[[-74.10692,4.57513],[-74.10664,4.57547],[-74.10617,4.57604]]}},{"type":"Feature","properties":{"id":"89481703","nom":"Carrera 13","tipo":"residential"},"geometry":{"type":"LineString","coordinates":[[-74.10086,4.58105],[-74.09997,4.58166],[-74.0999,4.58171]]}},{"type":"Feature","properties":{"id":"89481704","nom":"Avenida Carrera 14","tipo":"primary"},"geometry":{"type":"LineString","coordinates":[[-74.09595,4.58504],[-74.09607,4.58498],[-74.09633,4.58486],[-74.09661,4.58472],[-74.09694,4.58457],[-74.09723,4.58442],[-74.0975,4.58428],[-74.09757,4.58425],[-74.09767,4.58419],[-74.09773,4.58415],[-74.09783,4.58409],[-74.09796,4.584]]}},{"type":"Feature","properties":{"id":"89481738","nom":"Avenida Carrera 14","tipo":"primary"},"geometry":{"type":"LineString","coordinates":[[-74.09463,4.58576],[-74.09471,4.58569],[-74.09477,4.58564],[-74.09487,4.58558],[-74.09506,4.58546],[-74.09532,4.58532],[-74.09558,4.58521],[-74.09572,4.58515]]}},{"type":"Feature","properties":{"id":"89481740","nom":"Calle 25 Sur","tipo":"residential"},"geometry":{"type":"LineString","coordinates":[[-74.10217,4.57764],[-74.10316,4.57842],[-74.10408,4.57921],[-74.10425,4.57936],[-74.10488,4.57992],[-74.10493,4.57997]]}},{"type":"Feature","properties":{"id":"89481753","nom":"Avenida Carrera 14","tipo":"primary"},"geometry":{"type":"LineString","coordinates":[[-74.1023,4.58125],[-74.10216,4.58132],[-74.10208,4.58137],[-74.10171,4.58156],[-74.10135,4.58176],[-74.10063,4.58216],[-74.10055,4.58221],[-74.10052,4.58223],[-74.10044,4.58227],[-74.10034,4.58233],[-74.10033,4.58234],[-74.10024,4.58239],[-74.10003,4.58251],[-74.09991,4.58257],[-74.09948,4.5828],[-74.09911,4.58301],[-74.09899,4.58308],[-74.09871,4.58326],[-74.09865,4.5833],[-74.09862,4.58332],[-74.0985,4.5834]]}},{"type":"Feature","properties":{"id":"89481764","nom":"Carrera 7","tipo":"residential"},"geometry":{"type":"LineString","coordinates":[[-74.0927,4.57254],[-74.09343,4.57178],[-74.09389,4.57129],[-74.09437,4.5708],[-74.09483,4.57031],[-74.09526,4.56986],[-74.09529,4.56983]]}},{"type":"Feature","properties":{"id":"89481806","nom":"Carrera 13","tipo":"tertiary"},"geometry":{"type":"LineString","coordinates":[[-74.11014,4.57409],[-74.10977,4.57457],[-74.10933,4.57513],[-74.10904,4.57549],[-74.10893,4.57563],[-74.1084,4.57631],[-74.10815,4.57664],[-74.10805,4.57676],[-74.10796,4.57688],[-74.10768,4.57724],[-74.1076,4.57734],[-74.10742,4.57757],[-74.10714,4.57793],[-74.10706,4.57803],[-74.10692,4.5782],[-74.10682,4.57833],[-74.10664,4.57856],[-74.10654,4.57869],[-74.10651,4.57872]]}},{"type":"Feature","properties":{"id":"89481829","nom":"Avenida Carrera 14","tipo":"primary"},"geometry":{"type":"LineString","coordinates":[[-74.10245,4.58117],[-74.1023,4.58125]]}},{"type":"Feature","properties":{"id":"89481832","nom":"Calle 34 Sur","tipo":"residential"},"geometry":{"type":"LineString","coordinates":[[-74.10516,4.56933],[-74.10481,4.56897]]}},{"type":"Feature","properties":{"id":"89486764","nom":"Calle 34 Sur","tipo":"residential"},"geometry":{"type":"LineString","coordinates":[[-74.1044,4.56867],[-74.1043,4.56857],[-74.10405,4.56831],[-74.10386,4.56814],[-74.10382,4.56811],[-74.10376,4.56807],[-74.10367,4.56803]]}},{"type":"Feature","properties":{"id":"89486772","nom":"Calle 31 Sur","tipo":"residential"},"geometry":{"type":"LineString","coordinates":[[-74.09296,4.56243],[-74.09354,4.56298],[-74.09413,4.56355],[-74.09472,4.56412],[-74.09517,4.56455],[-74.09519,4.56457]]}},{"type":"Feature","properties":{"id":"89486787","nom":"Calle 30B Sur","tipo":"residential"},"geometry":{"type":"LineString","coordinates":[[-74.09687,4.56754],[-74.09739,4.56813],[-74.09815,4.56903]]}},{"type":"Feature","properties":{"id":"89486802","nom":"Calle 30D Sur","tipo":"residential"},"geometry":{"type":"LineString","coordinates":[[-74.09927,4.56874],[-74.09892,4.56836],[-74.09816,4.56745],[-74.09781,4.56706],[-74.09763,4.56687],[-74.09752,4.56674],[-74.09722,4.56639],[-74.09718,4.56635]]}},{"type":"Feature","properties":{"id":"89486829","nom":"Calle 30A Sur","tipo":"tertiary"},"geometry":{"type":"LineString","coordinates":[[-74.09811,4.56977],[-74.09777,4.56937],[-74.09747,4.56903],[-74.09718,4.56868],[-74.09701,4.56847],[-74.0968,4.56823],[-74.09649,4.56787],[-74.09608,4.56741],[-74.09606,4.56737]]}},{"type":"Feature","properties":{"id":"89486850","nom":"Carrera 10B","tipo":"residential"},"geometry":{"type":"LineString","coordinates":[[-74.09938,4.57163],[-74.10018,4.57049],[-74.10094,4.56939]]}},{"type":"Feature","properties":{"id":"89486916","nom":"Carrera 8","tipo":"residential"},"geometry":{"type":"LineString","coordinates":[[-74.09981,4.56762],[-74.09977,4.56766],[-74.09974,4.56768],[-74.09935,4.56799],[-74.09892,4.56836],[-74.09854,4.5687],[-74.09815,4.56903],[-74.09777,4.56937],[-74.09711,4.57001],[-74.09708,4.57004],[-74.09688,4.57024],[-74.09671,4.57041]]}},{"type":"Feature","properties":{"id":"89486958","nom":"Calle 31 Sur","tipo":"residential"},"geometry":{"type":"LineString","coordinates":[[-74.10097,4.56883],[-74.10104,4.56888],[-74.10111,4.56893],[-74.10201,4.56955]]}},{"type":"Feature","properties":{"id":"89486969","nom":"Calle 31D Sur","tipo":"residential"},"geometry":{"type":"LineString","coordinates":[[-74.09298,4.56002],[-74.09358,4.5606],[-74.09417,4.56118],[-74.09475,4.56173],[-74.09537,4.56226]]}},{"type":"Feature","properties":{"id":"89486970","nom":"Carrera 6","tipo":"residential"},"geometry":{"type":"LineString","coordinates":[[-74.09649,4.56787],[-74.09687,4.56754],[-74.09724,4.56721]]}},{"type":"Feature","properties":{"id":"89486996","nom":"Carrera 1A","tipo":"residential"},"geometry":{"type":"LineString","coordinates":[[-74.09502,4.56145],[-74.09475,4.56173],[-74.09439,4.56209],[-74.09408,4.56243]]}},{"type":"Feature","properties":{"id":"89487000","nom":"Calle 32 Sur","tipo":"residential"},"geometry":{"type":"LineString","coordinates":[[-74.09872,4.56499],[-74.09876,4.56503],[-74.09915,4.56544],[-74.09972,4.56609],[-74.10028,4.56673],[-74.10083,4.56739]]}},{"type":"Feature","properties":{"id":"89487013","nom":"Calle 31A Sur","tipo":"residential"},"geometry":{"type":"LineString","coordinates":[[-74.09502,4.56379],[-74.09444,4.56323]]}},{"type":"Feature","properties":{"id":"89487072","nom":"Calle 31 Sur","tipo":"residential"},"geometry":{"type":"LineString","coordinates":[[-74.10399,4.57096],[-74.1037,4.57075],[-74.10322,4.57041],[-74.10281,4.57012],[-74.10242,4.56985],[-74.10201,4.56955]]}},{"type":"Feature","properties":{"id":"89487112","nom":"Calle 30C Sur","tipo":"residential"},"geometry":{"type":"LineString","coordinates":[[-74.09679,4.56669],[-74.09683,4.56673],[-74.09724,4.56721],[-74.09777,4.56779]]}},{"type":"Feature","properties":{"id":"89487116","nom":"Avenida Carrera 10","tipo":"secondary"},"geometry":{"type":"LineString","coordinates":[[-74.10082,4.56869],[-74.10074,4.56877],[-74.10069,4.56883]]}},{"type":"Feature","properties":{"id":"89615157","nom":"Carrera 16","tipo":"residential"},"geometry":{"type":"LineString","coordinates":[[-74.09479,4.58985],[-74.09507,4.58951]]}},{"type":"Feature","properties":{"id":"89615255","nom":"Calle 9 Sur","tipo":"residential"},"geometry":{"type":"LineString","coordinates":[[-74.09851,4.59099],[-74.09847,4.59097],[-74.09811,4.5907],[-74.09767,4.59038],[-74.09733,4.59013],[-74.09698,4.58987],[-74.09661,4.5896],[-74.09611,4.58923]]}},{"type":"Feature","properties":{"id":"89615281","nom":"Calle 8 Sur","tipo":"residential"},"geometry":{"type":"LineString","coordinates":[[-74.09829,4.59126],[-74.09825,4.59124],[-74.09747,4.59067],[-74.09678,4.59016],[-74.09589,4.5895]]}},{"type":"Feature","properties":{"id":"89615298","nom":"Carrera 16","tipo":"residential"},"geometry":{"type":"LineString","coordinates":[[-74.09586,4.58836],[-74.09622,4.58798],[-74.09648,4.58764],[-74.09678,4.58725],[-74.09684,4.58718]]}},{"type":"Feature","properties":{"id":"89615316","nom":"Calle 10 Sur","tipo":"residential"},"geometry":{"type":"LineString","coordinates":[[-74.09379,4.58662],[-74.09386,4.58668],[-74.09456,4.58728],[-74.09521,4.58781],[-74.0956,4.58813],[-74.09586,4.58836],[-74.09595,4.58843],[-74.09644,4.58881],[-74.09652,4.58888],[-74.09674,4.58907],[-74.09689,4.58918],[-74.097,4.58924],[-74.09711,4.58931],[-74.09727,4.58943],[-74.09764,4.5897],[-74.09797,4.58995],[-74.09839,4.5903],[-74.09878,4.59059],[-74.09882,4.59062]]}},{"type":"Feature","properties":{"id":"89615320","nom":"Calle 10B Sur","tipo":"secondary"},"geometry":{"type":"LineString","coordinates":[[-74.09722,4.58827],[-74.09726,4.58849],[-74.09729,4.58857],[-74.09732,4.58865],[-74.09736,4.58874],[-74.09742,4.58883],[-74.09748,4.58891],[-74.09753,4.58896],[-74.09754,4.58898],[-74.09759,4.58902]]}},{"type":"Feature","properties":{"id":"89615422","nom":"Calle 7 Sur","tipo":"residential"},"geometry":{"type":"LineString","coordinates":[[-74.09787,4.59175],[-74.09784,4.59173],[-74.09714,4.59114],[-74.09647,4.59059],[-74.09559,4.58986]]}},{"type":"Feature","properties":{"id":"89615447","nom":"Carrera 18","tipo":"residential"},"geometry":{"type":"LineString","coordinates":[[-74.09684,4.58849],[-74.09652,4.58888]]}},{"type":"Feature","properties":{"id":"89617647","nom":"Calle 14 Sur","tipo":"residential"},"geometry":{"type":"LineString","coordinates":[[-74.09778,4.58598],[-74.09751,4.5857],[-74.09695,4.5851],[-74.09666,4.58479],[-74.09661,4.58472]]}},{"type":"Feature","properties":{"id":"89617648","nom":"Carrera 24D Bis","tipo":"residential"},"geometry":{"type":"LineString","coordinates":[[-74.10311,4.58893],[-74.10312,4.58947],[-74.10312,4.58949],[-74.10312,4.58959],[-74.10312,4.58962],[-74.10312,4.58975],[-74.10312,4.58979],[-74.10312,4.58981]]}},{"type":"Feature","properties":{"id":"89617720","nom":"Diagonal 17C Sur","tipo":"residential"},"geometry":{"type":"LineString","coordinates":[[-74.10487,4.58955],[-74.10553,4.58952],[-74.10568,4.58952],[-74.10655,4.58951],[-74.10709,4.5895],[-74.1076,4.58949],[-74.10769,4.58949],[-74.10772,4.58949],[-74.10776,4.5895],[-74.10781,4.58951]]}},{"type":"Feature","properties":{"id":"89617730","nom":"Calle 17 Sur","tipo":"tertiary"},"geometry":{"type":"LineString","coordinates":[[-74.1028,4.58776],[-74.10309,4.58807]]}},{"type":"Feature","properties":{"id":"89617736","nom":"Calle 19 Sur","tipo":"secondary"},"geometry":{"type":"LineString","coordinates":[[-74.10098,4.58307],[-74.10081,4.58288],[-74.10073,4.5828],[-74.10069,4.58274],[-74.10065,4.58268],[-74.10061,4.58262],[-74.10058,4.58257],[-74.10057,4.58255],[-74.10056,4.58254],[-74.10052,4.58247]]}},{"type":"Feature","properties":{"id":"89617758","nom":"Carrera 18","tipo":"secondary"},"geometry":{"type":"LineString","coordinates":[[-74.10239,4.58381],[-74.10207,4.58411],[-74.10202,4.58416]]}},{"type":"Feature","properties":{"id":"89617790","nom":"Carrera 24G","tipo":"residential"},"geometry":{"type":"LineString","coordinates":[[-74.10232,4.59162],[-74.10314,4.59077],[-74.10362,4.59033],[-74.10418,4.5898]]}},{"type":"Feature","properties":{"id":"89617796","nom":"Transversal 18 Bis","tipo":"secondary"},"geometry":{"type":"LineString","coordinates":[[-74.09943,4.58662],[-74.09968,4.58662]]}},{"type":"Feature","properties":{"id":"89617803","nom":"Calle 13 Sur","tipo":"tertiary"},"geometry":{"type":"LineString","coordinates":[[-74.09855,4.58731],[-74.09855,4.58752],[-74.09856,4.58766],[-74.09857,4.58772],[-74.09858,4.58777],[-74.0986,4.58782],[-74.09862,4.58786],[-74.09866,4.58791],[-74.09889,4.58815],[-74.09893,4.5882],[-74.09938,4.58867]]}},{"type":"Feature","properties":{"id":"89617864","nom":"Calle 17 Sur","tipo":"tertiary"},"geometry":{"type":"LineString","coordinates":[[-74.10467,4.58974],[-74.10519,4.59029]]}},{"type":"Feature","properties":{"id":"89617909","nom":"Calle 14 Sur","tipo":"residential"},"geometry":{"type":"LineString","coordinates":[[-74.09778,4.58598],[-74.09828,4.5865],[-74.09832,4.58654],[-74.09841,4.58664]]}},{"type":"Feature","properties":{"id":"89617930","nom":"Calle 13 Sur","tipo":"residential"},"geometry":{"type":"LineString","coordinates":[[-74.10047,4.58961],[-74.10059,4.58971],[-74.10073,4.58983],[-74.10084,4.5899],[-74.10092,4.58995],[-74.10107,4.59002],[-74.10124,4.5901],[-74.10142,4.59017],[-74.10162,4.59026],[-74.10174,4.59032],[-74.10179,4.59035],[-74.10184,4.59039],[-74.10193,4.59048],[-74.10199,4.59054],[-74.10203,4.5906],[-74.10208,4.59069],[-74.10212,4.5908],[-74.10216,4.59093],[-74.10223,4.59115],[-74.10227,4.59132],[-74.10227,4.59135],[-74.10232,4.59162],[-74.10235,4.59171],[-74.10242,4.59207],[-74.10245,4.59221]]}},{"type":"Feature","properties":{"id":"89617958","nom":"Calle 13A Sur","tipo":"residential"},"geometry":{"type":"LineString","coordinates":[[-74.09916,4.58793],[-74.09855,4.58731]]}},{"type":"Feature","properties":{"id":"89617966","nom":"Calle 13A Sur","tipo":"residential"},"geometry":{"type":"LineString","coordinates":[[-74.09963,4.58844],[-74.09916,4.58793]]}},{"type":"Feature","properties":{"id":"89617972","nom":"Avenida Calle 11 Sur","tipo":"secondary"},"geometry":{"type":"LineString","coordinates":[[-74.09697,4.58667],[-74.09648,4.58667],[-74.09626,4.58668],[-74.09618,4.58668]]}},{"type":"Feature","properties":{"id":"89617984","nom":"Calle 16 Sur","tipo":"residential"},"geometry":{"type":"LineString","coordinates":[[-74.10312,4.58981],[-74.10314,4.58983],[-74.10316,4.58986],[-74.10362,4.59033],[-74.10392,4.59065],[-74.10395,4.59067],[-74.10398,4.59068],[-74.10401,4.59069],[-74.10425,4.59072]]}},{"type":"Feature","properties":{"id":"89618062","nom":"Calle 18 Sur","tipo":"residential"},"geometry":{"type":"LineString","coordinates":[[-74.10553,4.58927],[-74.1052,4.58891],[-74.10519,4.58889],[-74.10517,4.58888],[-74.10514,4.58885],[-74.10467,4.58835],[-74.1046,4.58828],[-74.10419,4.58784],[-74.10378,4.58741],[-74.10331,4.58692],[-74.10285,4.58643],[-74.10282,4.5864]]}},{"type":"Feature","properties":{"id":"89618069","nom":"Carrera 18","tipo":"secondary"},"geometry":{"type":"LineString","coordinates":[[-74.10317,4.58307],[-74.10285,4.58337],[-74.10282,4.5834],[-74.10243,4.58377],[-74.10239,4.58381]]}},{"type":"Feature","properties":{"id":"89618112","nom":"Diagonal 16A Sur","tipo":"residential"},"geometry":{"type":"LineString","coordinates":[[-74.10311,4.58893],[-74.10305,4.58893],[-74.10305,4.58893],[-74.10277,4.58894],[-74.10263,4.58895],[-74.10241,4.58872]]}},{"type":"Feature","properties":{"id":"89618151","nom":"Carrera 24B","tipo":"residential"},"geometry":{"type":"LineString","coordinates":[[-74.10089,4.58929],[-74.1009,4.58926],[-74.10091,4.58922],[-74.10094,4.58917],[-74.10097,4.58913],[-74.10155,4.58857],[-74.10193,4.58821],[-74.10205,4.5881],[-74.10218,4.58798],[-74.1023,4.58787]]}},{"type":"Feature","properties":{"id":"89618155","nom":"Carrera 24C","tipo":"residential"},"geometry":{"type":"LineString","coordinates":[[-74.10524,4.5863],[-74.10481,4.58663],[-74.10465,4.58674],[-74.1045,4.58681],[-74.10438,4.58689],[-74.1043,4.58694],[-74.10423,4.587],[-74.10378,4.58741]]}},{"type":"Feature","properties":{"id":"89619472","nom":"Calle 20 Sur","tipo":"residential"},"geometry":{"type":"LineString","coordinates":[[-74.10797,4.58917],[-74.10746,4.58864],[-74.10699,4.58814],[-74.10686,4.588],[-74.10671,4.58785],[-74.1065,4.58762],[-74.10599,4.58709],[-74.10591,4.58701],[-74.10551,4.58659],[-74.10524,4.5863],[-74.1051,4.58616],[-74.10501,4.58606],[-74.10472,4.58576],[-74.1047,4.58573],[-74.10468,4.5857],[-74.10468,4.58566],[-74.10468,4.58564],[-74.10469,4.58561],[-74.10471,4.58559]]}},{"type":"Feature","properties":{"id":"89619495","nom":"Carrera 24D","tipo":"residential"},"geometry":{"type":"LineString","coordinates":[[-74.10622,4.58592],[-74.10618,4.58596],[-74.10551,4.58659],[-74.10486,4.5872],[-74.10419,4.58784]]}},{"type":"Feature","properties":{"id":"89619570","nom":"Avenida Calle 22 Sur","tipo":"primary"},"geometry":{"type":"LineString","coordinates":[[-74.10799,4.58814],[-74.10845,4.58872],[-74.10882,4.58918],[-74.10884,4.58921],[-74.10891,4.5893]]}},{"type":"Feature","properties":{"id":"89619595","nom":"Calle 26 Sur","tipo":"residential"},"geometry":{"type":"LineString","coordinates":[[-74.11059,4.58883],[-74.11059,4.58888],[-74.11059,4.58894],[-74.11061,4.589],[-74.11067,4.58919],[-74.11115,4.59057],[-74.11137,4.59122],[-74.11142,4.59134],[-74.11142,4.59136],[-74.11168,4.59211]]}},{"type":"Feature","properties":{"id":"89619604","nom":"Calle 29 Sur","tipo":"residential"},"geometry":{"type":"LineString","coordinates":[[-74.11441,4.59288],[-74.11417,4.59209],[-74.11391,4.59127],[-74.11378,4.59087],[-74.11371,4.59067],[-74.11368,4.59063],[-74.11366,4.59059],[-74.11362,4.59055],[-74.11359,4.59051],[-74.11357,4.59048],[-74.11348,4.59018],[-74.11342,4.58998],[-74.11338,4.58986],[-74.11306,4.58884],[-74.11305,4.58881],[-74.11303,4.58875]]}},{"type":"Feature","properties":{"id":"89619607","nom":"Calle 30 Sur","tipo":"residential"},"geometry":{"type":"LineString","coordinates":[[-74.1145,4.59057],[-74.11446,4.59044],[-74.11443,4.59034],[-74.11438,4.5902],[-74.11419,4.5896],[-74.11393,4.58881],[-74.1139,4.58873],[-74.11388,4.58867]]}},{"type":"Feature","properties":{"id":"89619642","nom":"Avenida Calle 22 Sur","tipo":"primary"},"geometry":{"type":"LineString","coordinates":[[-74.10409,4.58325],[-74.10418,4.58336],[-74.10448,4.58374],[-74.10465,4.58395],[-74.10495,4.58433],[-74.10503,4.58443],[-74.10508,4.58449]]}},{"type":"Feature","properties":{"id":"89619644","nom":"Avenida Carrera 27","tipo":"secondary"},"geometry":{"type":"LineString","coordinates":[[-74.10891,4.5893],[-74.10883,4.58938],[-74.1088,4.5894],[-74.10863,4.58957],[-74.10845,4.58975],[-74.1084,4.58979],[-74.10823,4.58995],[-74.10822,4.58996],[-74.1079,4.59026],[-74.1078,4.59035],[-74.10714,4.591]]}},{"type":"Feature","properties":{"id":"89619661","nom":"Avenida Carrera 27","tipo":"secondary"},"geometry":{"type":"LineString","coordinates":[[-74.10909,4.58928],[-74.10918,4.5892],[-74.10925,4.58912],[-74.10934,4.58905],[-74.1094,4.58899],[-74.10945,4.58896],[-74.1095,4.58893],[-74.10962,4.58888],[-74.10975,4.58884],[-74.1099,4.58881],[-74.11002,4.5888],[-74.11017,4.58881],[-74.11045,4.58882]]}},{"type":"Feature","properties":{"id":"89619680","nom":"Carrera 29","tipo":"residential"},"geometry":{"type":"LineString","coordinates":[[-74.11115,4.59057],[-74.11194,4.59032],[-74.11269,4.59008],[-74.11314,4.58994],[-74.11338,4.58986],[-74.1136,4.58979],[-74.11381,4.58972],[-74.11419,4.5896],[-74.11518,4.58928],[-74.11525,4.58926]]}},{"type":"Feature","properties":{"id":"89619816","nom":"Avenida Carrera 27","tipo":"secondary"},"geometry":{"type":"LineString","coordinates":[[-74.10898,4.5894],[-74.10909,4.58928]]}},{"type":"Feature","properties":{"id":"89619855","nom":"Avenida Calle 22 Sur","tipo":"primary"},"geometry":{"type":"LineString","coordinates":[[-74.10665,4.58647],[-74.1067,4.58653],[-74.1068,4.58665],[-74.10705,4.58696],[-74.1071,4.58702],[-74.10726,4.58723],[-74.10756,4.58759],[-74.10799,4.58814]]}},{"type":"Feature","properties":{"id":"89619877","nom":"Carrera 24F","tipo":"residential"},"geometry":{"type":"LineString","coordinates":[[-74.10398,4.58901],[-74.10467,4.58835],[-74.10511,4.58793],[-74.10534,4.58771],[-74.10599,4.58709],[-74.10653,4.58658]]}},{"type":"Feature","properties":{"id":"89619917","nom":"Calle 28 Sur","tipo":"residential"},"geometry":{"type":"LineString","coordinates":[[-74.11229,4.58882],[-74.1123,4.58886],[-74.11269,4.59008],[-74.11293,4.59083],[-74.11309,4.59133],[-74.11315,4.59152],[-74.11341,4.59233],[-74.11366,4.59312]]}},{"type":"Feature","properties":{"id":"89619928","nom":"Avenida Calle 22 Sur","tipo":"primary"},"geometry":{"type":"LineString","coordinates":[[-74.10891,4.5893],[-74.10898,4.5894]]}},{"type":"Feature","properties":{"id":"89619943","nom":"Carrera 22","tipo":"residential"},"geometry":{"type":"LineString","coordinates":[[-74.10095,4.58717],[-74.10093,4.58719],[-74.10055,4.58755],[-74.10017,4.58792],[-74.09987,4.58821],[-74.09963,4.58844],[-74.09938,4.58867]]}},{"type":"Feature","properties":{"id":"89625349","nom":"Calle 29 Sur","tipo":"residential"},"geometry":{"type":"LineString","coordinates":[[-74.11173,4.58309],[-74.11157,4.5828],[-74.11156,4.58277],[-74.11126,4.58221]]}},{"type":"Feature","properties":{"id":"89625392","nom":"Carrera 21A","tipo":"residential"},"geometry":{"type":"LineString","coordinates":[[-74.11082,4.5813],[-74.11051,4.58147],[-74.1102,4.58164],[-74.11008,4.58171],[-74.1097,4.58192],[-74.10966,4.58194]]}},{"type":"Feature","properties":{"id":"89625410","nom":"Calle 28 Sur","tipo":"tertiary"},"geometry":{"type":"LineString","coordinates":[[-74.11173,4.58701],[-74.11174,4.58704],[-74.11182,4.58784],[-74.1119,4.58864],[-74.1119,4.5887]]}},{"type":"Feature","properties":{"id":"89625440","nom":"Carrera 24C","tipo":"residential"},"geometry":{"type":"LineString","coordinates":[[-74.10732,4.58493],[-74.10793,4.58491]]}},{"type":"Feature","properties":{"id":"89625480","nom":"Calle 31 Sur","tipo":"residential"},"geometry":{"type":"LineString","coordinates":[[-74.11315,4.58356],[-74.11317,4.5836],[-74.11358,4.58452],[-74.11363,4.58462],[-74.11365,4.58466],[-74.11368,4.58472],[-74.11373,4.58479],[-74.11378,4.58486],[-74.11382,4.58492],[-74.11384,4.58495],[-74.11386,4.58499],[-74.11389,4.58507],[-74.11421,4.58573],[-74.11458,4.58655],[-74.11464,4.58668],[-74.11469,4.58679]]}},{"type":"Feature","properties":{"id":"89625526","nom":"Calle 28 Sur","tipo":"tertiary"},"geometry":{"type":"LineString","coordinates":[[-74.11158,4.58534],[-74.11155,4.58528],[-74.11134,4.58496],[-74.11104,4.58448],[-74.11098,4.58437],[-74.11096,4.58435],[-74.11095,4.58432],[-74.11093,4.58428]]}},{"type":"Feature","properties":{"id":"89625554","nom":"Carrera 24D Bis","tipo":"residential"},"geometry":{"type":"LineString","coordinates":[[-74.10796,4.58495],[-74.10748,4.58532],[-74.10696,4.58573]]}},{"type":"Feature","properties":{"id":"89625578","nom":"Carrera 19C","tipo":"tertiary"},"geometry":{"type":"LineString","coordinates":[[-74.10421,4.58314],[-74.10427,4.58308],[-74.10433,4.58304],[-74.10546,4.5824],[-74.10667,4.58172],[-74.10724,4.58139],[-74.10784,4.58105],[-74.10788,4.58103]]}},{"type":"Feature","properties":{"id":"89625586","nom":"Calle 28 Sur","tipo":"tertiary"},"geometry":{"type":"LineString","coordinates":[[-74.11042,4.58335],[-74.11013,4.58282],[-74.11011,4.58278],[-74.10995,4.58248],[-74.10987,4.58233],[-74.10966,4.58194],[-74.10961,4.58184],[-74.10949,4.58163],[-74.10941,4.58148],[-74.10938,4.58141],[-74.1092,4.58108]]}},{"type":"Feature","properties":{"id":"89625593","nom":"Calle 30 Sur","tipo":"residential"},"geometry":{"type":"LineString","coordinates":[[-74.11171,4.58161],[-74.11173,4.58196],[-74.11174,4.58202],[-74.11176,4.58206],[-74.11188,4.58229],[-74.1119,4.58233],[-74.11201,4.58253],[-74.11205,4.58262],[-74.11218,4.58285]]}},{"type":"Feature","properties":{"id":"89625594","nom":"Calle 26 Sur","tipo":"residential"},"geometry":{"type":"LineString","coordinates":[[-74.10553,4.57991],[-74.10556,4.57996],[-74.10594,4.58055],[-74.1062,4.58097],[-74.10627,4.58109],[-74.10667,4.58172],[-74.107,4.58225],[-74.10731,4.58274],[-74.10732,4.58277]]}},{"type":"Feature","properties":{"id":"89625595","nom":"Carrera 25","tipo":"residential"},"geometry":{"type":"LineString","coordinates":[[-74.11062,4.58574],[-74.11057,4.58578],[-74.10971,4.58656],[-74.10896,4.58725]]}},{"type":"Feature","properties":{"id":"89625617","nom":"Calle 27A Sur","tipo":"residential"},"geometry":{"type":"LineString","coordinates":[[-74.10965,4.58311],[-74.10939,4.58263]]}},{"type":"Feature","properties":{"id":"89625620","nom":"Carrera 22","tipo":"residential"},"geometry":{"type":"LineString","coordinates":[[-74.10995,4.58248],[-74.10999,4.58246],[-74.11038,4.58225],[-74.1105,4.58219],[-74.11081,4.58203]]}},{"type":"Feature","properties":{"id":"89625623","nom":"Carrera 26","tipo":"residential"},"geometry":{"type":"LineString","coordinates":[[-74.11257,4.58574],[-74.11225,4.58577],[-74.112,4.58579]]}},{"type":"Feature","properties":{"id":"89625628","nom":"Calle 26 Sur","tipo":"residential"},"geometry":{"type":"LineString","coordinates":[[-74.11062,4.58869],[-74.11063,4.58865],[-74.11063,4.58861],[-74.11057,4.58806],[-74.11056,4.58797],[-74.11054,4.58791],[-74.11052,4.58782],[-74.11039,4.58762],[-74.11006,4.5871]]}},{"type":"Feature","properties":{"id":"89625629","nom":"Carrera 26","tipo":"tertiary"},"geometry":{"type":"LineString","coordinates":[[-74.11006,4.5871],[-74.11034,4.58683],[-74.111,4.58617],[-74.11135,4.58581],[-74.11158,4.58558],[-74.1116,4.58556]]}},{"type":"Feature","properties":{"id":"89625630","nom":"Calle 24 Sur","tipo":"residential"},"geometry":{"type":"LineString","coordinates":[[-74.10732,4.5851],[-74.1074,4.58521],[-74.10748,4.58532],[-74.1077,4.58561],[-74.10814,4.58616],[-74.10822,4.58626],[-74.10859,4.58673],[-74.10896,4.58725],[-74.10921,4.5876],[-74.10936,4.58781],[-74.10975,4.58836],[-74.10993,4.58861],[-74.10995,4.58864]]}},{"type":"Feature","properties":{"id":"89625632","nom":"Calle 25 Sur","tipo":"residential"},"geometry":{"type":"LineString","coordinates":[[-74.10793,4.58491],[-74.10796,4.58495],[-74.10818,4.58523],[-74.10862,4.58578],[-74.10907,4.58634]]}},{"type":"Feature","properties":{"id":"89625633","nom":"Calle 29A Sur","tipo":"residential"},"geometry":{"type":"LineString","coordinates":[[-74.11297,4.58476],[-74.11304,4.58511],[-74.11307,4.58517],[-74.11345,4.58603],[-74.11364,4.58644]]}},{"type":"Feature","properties":{"id":"89625635","nom":"Carrera 18","tipo":"secondary"},"geometry":{"type":"LineString","coordinates":[[-74.10373,4.58254],[-74.10359,4.58262]]}},{"type":"Feature","properties":{"id":"89625642","nom":"Carrera 24C","tipo":"residential"},"geometry":{"type":"LineString","coordinates":[[-74.1065,4.58496],[-74.10715,4.58493],[-74.10732,4.58493]]}},{"type":"Feature","properties":{"id":"89625646","nom":"Calle 29 Sur","tipo":"residential"},"geometry":{"type":"LineString","coordinates":[[-74.11317,4.58774],[-74.11309,4.58698],[-74.11307,4.58694],[-74.11306,4.5869],[-74.11303,4.58686]]}},{"type":"Feature","properties":{"id":"89625650","nom":"Carrera 24F","tipo":"residential"},"geometry":{"type":"LineString","coordinates":[[-74.10697,4.58619],[-74.10719,4.58601],[-74.10744,4.58582],[-74.1077,4.58561],[-74.10797,4.5854],[-74.10818,4.58523],[-74.10844,4.58503],[-74.10862,4.58488],[-74.10871,4.58487]]}},{"type":"Feature","properties":{"id":"89625664","nom":"Carrera 22A","tipo":"residential"},"geometry":{"type":"LineString","coordinates":[[-74.11013,4.58282],[-74.11008,4.58285],[-74.10984,4.583],[-74.10972,4.58307],[-74.10965,4.58311],[-74.10923,4.58336],[-74.10916,4.5834]]}},{"type":"Feature","properties":{"id":"89625665","nom":"Carrera 26C","tipo":"residential"},"geometry":{"type":"LineString","coordinates":[[-74.11317,4.58774],[-74.11307,4.58775],[-74.11193,4.58783],[-74.11185,4.58784],[-74.11182,4.58784],[-74.11178,4.58784],[-74.11169,4.58784],[-74.11078,4.58782],[-74.11052,4.58782]]}},{"type":"Feature","properties":{"id":"89625670","nom":"Carrera 25","tipo":"residential"},"geometry":{"type":"LineString","coordinates":[[-74.11158,4.58534],[-74.11161,4.58534],[-74.11221,4.58529],[-74.11285,4.58525],[-74.11307,4.58517],[-74.11346,4.58501],[-74.11378,4.58486]]}},{"type":"Feature","properties":{"id":"89625674","nom":"Calle 29 Sur","tipo":"residential"},"geometry":{"type":"LineString","coordinates":[[-74.11303,4.58686],[-74.11299,4.58679],[-74.11297,4.58671],[-74.11294,4.58651],[-74.1129,4.58608],[-74.11285,4.58525]]}},{"type":"Feature","properties":{"id":"89625676","nom":"Avenida Calle 22 Sur","tipo":"primary"},"geometry":{"type":"LineString","coordinates":[[-74.10373,4.58254],[-74.1037,4.5825],[-74.10356,4.58232],[-74.10338,4.5821],[-74.10319,4.58187],[-74.10303,4.58169],[-74.10287,4.58152]]}},{"type":"Feature","properties":{"id":"89625680","nom":"Diagonal 28A Sur","tipo":"residential"},"geometry":{"type":"LineString","coordinates":[[-74.11084,4.58278],[-74.11108,4.58294],[-74.11141,4.58302],[-74.11173,4.58309]]}},{"type":"Feature","properties":{"id":"89625709","nom":"Carrera 24H","tipo":"residential"},"geometry":{"type":"LineString","coordinates":[[-74.10767,4.58748],[-74.10772,4.58745],[-74.10809,4.58714],[-74.10833,4.58694],[-74.10859,4.58673],[-74.10885,4.58652],[-74.10907,4.58634],[-74.10931,4.58614],[-74.1094,4.58607],[-74.10956,4.58594],[-74.10982,4.58573],[-74.11005,4.58554],[-74.11025,4.58538],[-74.11028,4.58535]]}},{"type":"Feature","properties":{"id":"89625717","nom":"Calle 30 Sur","tipo":"secondary"},"geometry":{"type":"LineString","coordinates":[[-74.11171,4.58161],[-74.11166,4.58151],[-74.11157,4.58135],[-74.11155,4.5813],[-74.11139,4.58101],[-74.11123,4.5807],[-74.11111,4.58048],[-74.11093,4.58016],[-74.11062,4.57958],[-74.11049,4.57934],[-74.11035,4.57908],[-74.11008,4.57857],[-74.11006,4.57854],[-74.10994,4.5783],[-74.10992,4.57828],[-74.10989,4.57822]]}},{"type":"Feature","properties":{"id":"89627372","nom":"Carrera 20","tipo":"residential"},"geometry":{"type":"LineString","coordinates":[[-74.1092,4.58108],[-74.10924,4.58106],[-74.10951,4.58091],[-74.10981,4.58076],[-74.11005,4.58063],[-74.11019,4.58055],[-74.11051,4.58038],[-74.11093,4.58016],[-74.11139,4.57991],[-74.11149,4.57986]]}},{"type":"Feature","properties":{"id":"89627375","nom":"Avenida Carrera 14","tipo":"primary"},"geometry":{"type":"LineString","coordinates":[[-74.10263,4.58131],[-74.10285,4.5812],[-74.10309,4.58107],[-74.10342,4.58092],[-74.10406,4.58062],[-74.10409,4.58061],[-74.10414,4.58058],[-74.10553,4.57991],[-74.10613,4.57961],[-74.10674,4.57932],[-74.10678,4.5793],[-74.10694,4.57923]]}},{"type":"Feature","properties":{"id":"89627381","nom":"Carrera 17","tipo":"residential"},"geometry":{"type":"LineString","coordinates":[[-74.10834,4.57953],[-74.10837,4.5795],[-74.10839,4.57948],[-74.10842,4.57947],[-74.10866,4.57933],[-74.10896,4.57917],[-74.10945,4.57891],[-74.10973,4.57876],[-74.11008,4.57857]]}},{"type":"Feature","properties":{"id":"89627385","nom":"Diagonal 29A Bis Sur","tipo":"tertiary"},"geometry":{"type":"LineString","coordinates":[[-74.11473,4.5903],[-74.11476,4.5902],[-74.11484,4.59005],[-74.11502,4.58982],[-74.1154,4.58941],[-74.11545,4.58935]]}},{"type":"Feature","properties":{"id":"89628275","nom":"Carrera 8","tipo":"residential"},"geometry":{"type":"LineString","coordinates":[[-74.10383,4.56338],[-74.10348,4.56369],[-74.10317,4.56395],[-74.10284,4.56421],[-74.10254,4.56451],[-74.10237,4.56465],[-74.10223,4.56479],[-74.10218,4.56485],[-74.10215,4.5649],[-74.10212,4.56496],[-74.1021,4.56501],[-74.10208,4.56505],[-74.10203,4.56512],[-74.10199,4.56519],[-74.10193,4.56525],[-74.10165,4.56551],[-74.10136,4.56578],[-74.10133,4.56581],[-74.10131,4.56583],[-74.10123,4.5659],[-74.10092,4.56617],[-74.10028,4.56673],[-74.09983,4.56713],[-74.0998,4.56717]]}},{"type":"Feature","properties":{"id":"89628278","nom":"Calle 39 Sur","tipo":"residential"},"geometry":{"type":"LineString","coordinates":[[-74.10279,4.56211],[-74.10247,4.56188]]}},{"type":"Feature","properties":{"id":"89628285","nom":"Avenida Carrera 10","tipo":"secondary"},"geometry":{"type":"LineString","coordinates":[[-74.10301,4.56635],[-74.10298,4.56639],[-74.10295,4.56642],[-74.10274,4.56663],[-74.10255,4.56682],[-74.10235,4.56703],[-74.10224,4.56714]]}},{"type":"Feature","properties":{"id":"89628291","nom":"Calle 33 Sur","tipo":"residential"},"geometry":{"type":"LineString","coordinates":[[-74.10198,4.5674],[-74.10192,4.56732],[-74.10148,4.56682],[-74.10092,4.56617],[-74.10036,4.56552]]}},{"type":"Feature","properties":{"id":"89628296","nom":"Calle 36B Sur","tipo":"residential"},"geometry":{"type":"LineString","coordinates":[[-74.10203,4.56233],[-74.10183,4.56229],[-74.10179,4.56228],[-74.10175,4.56225],[-74.10148,4.56204],[-74.1012,4.56181],[-74.1008,4.56152],[-74.10076,4.56149]]}},{"type":"Feature","properties":{"id":"89628304","nom":"Calle 35B Sur","tipo":"residential"},"geometry":{"type":"LineString","coordinates":[[-74.10254,4.56451],[-74.10206,4.56403]]}},{"type":"Feature","properties":{"id":"89628309","nom":"Calle 35 Sur","tipo":"residential"},"geometry":{"type":"LineString","coordinates":[[-74.10252,4.56611],[-74.10237,4.56589],[-74.10223,4.56569],[-74.10193,4.56525],[-74.10148,4.56458]]}},{"type":"Feature","properties":{"id":"89628313","nom":"Calle 36B Sur","tipo":"residential"},"geometry":{"type":"LineString","coordinates":[[-74.10203,4.56233],[-74.10228,4.56238]]}},{"type":"Feature","properties":{"id":"89628318","nom":"Calle 37 Sur","tipo":"residential"},"geometry":{"type":"LineString","coordinates":[[-74.10441,4.56456],[-74.10419,4.56432],[-74.10397,4.56412],[-74.10348,4.56369],[-74.10294,4.56313]]}},{"type":"Feature","properties":{"id":"89628327","nom":"Carrera 7 Bis","tipo":"residential"},"geometry":{"type":"LineString","coordinates":[[-74.1036,4.5618],[-74.10323,4.5622],[-74.10293,4.56252]]}},{"type":"Feature","properties":{"id":"89628332","nom":"Calle 39 Sur","tipo":"residential"},"geometry":{"type":"LineString","coordinates":[[-74.10379,4.56227],[-74.10323,4.5622],[-74.10279,4.56211]]}},{"type":"Feature","properties":{"id":"89628333","nom":"Carrera 7 Bis","tipo":"residential"},"geometry":{"type":"LineString","coordinates":[[-74.10157,4.56392],[-74.10182,4.56365],[-74.10188,4.56359],[-74.10263,4.5628],[-74.10276,4.56269],[-74.10293,4.56252]]}},{"type":"Feature","properties":{"id":"89628336","nom":"Calle 35A Sur","tipo":"residential"},"geometry":{"type":"LineString","coordinates":[[-74.10223,4.56479],[-74.10179,4.56428]]}},{"type":"Feature","properties":{"id":"89628339","nom":"Carrera 5A","tipo":"residential"},"geometry":{"type":"LineString","coordinates":[[-74.10064,4.56333],[-74.10088,4.5631],[-74.10098,4.56301],[-74.10112,4.56289],[-74.10125,4.56279],[-74.10134,4.5627],[-74.10138,4.56266],[-74.10175,4.56225]]}},{"type":"Feature","properties":{"id":"89628340","nom":"Carrera 7","tipo":"residential"},"geometry":{"type":"LineString","coordinates":[[-74.1025,4.56243],[-74.10238,4.56255],[-74.10163,4.56331],[-74.10135,4.56356],[-74.10132,4.56358],[-74.10125,4.56362],[-74.10098,4.56383],[-74.10037,4.56439],[-74.10035,4.56441],[-74.10032,4.56444],[-74.0998,4.56488],[-74.09915,4.56544],[-74.0987,4.56583],[-74.09868,4.56585]]}},{"type":"Feature","properties":{"id":"89628344","nom":"Carrera 7","tipo":"residential"},"geometry":{"type":"LineString","coordinates":[[-74.1034,4.56146],[-74.10279,4.56211],[-74.1025,4.56243]]}},{"type":"Feature","properties":{"id":"89628348","nom":"Carrera 11 Bis","tipo":"residential"},"geometry":{"type":"LineString","coordinates":[[-74.1061,4.56661],[-74.10607,4.56668],[-74.10604,4.56673],[-74.10602,4.56674],[-74.10599,4.56677],[-74.10592,4.56682],[-74.10585,4.56685],[-74.10575,4.56688],[-74.10566,4.5669],[-74.10558,4.56691]]}},{"type":"Feature","properties":{"id":"89628350","nom":"Carrera 10 Bis","tipo":"residential"},"geometry":{"type":"LineString","coordinates":[[-74.10784,4.56651],[-74.10782,4.56646],[-74.10782,4.5664],[-74.10781,4.56633],[-74.10782,4.56621],[-74.10784,4.56605],[-74.10785,4.56601],[-74.10786,4.56579],[-74.10791,4.56542],[-74.10791,4.5654],[-74.10791,4.56538],[-74.10791,4.56535],[-74.1079,4.56532],[-74.10789,4.5653],[-74.10787,4.56529]]}},{"type":"Feature","properties":{"id":"89628358","nom":"Calle 38 Sur","tipo":"residential"},"geometry":{"type":"LineString","coordinates":[[-74.10383,4.56338],[-74.10338,4.56294]]}},{"type":"Feature","properties":{"id":"89631506","nom":"Carrera 23C","tipo":"residential"},"geometry":{"type":"LineString","coordinates":[[-74.11664,4.58121],[-74.11701,4.58108],[-74.11732,4.58097],[-74.11764,4.58086],[-74.11774,4.58083]]}},{"type":"Feature","properties":{"id":"89631545","nom":"Avenida Carrera 24","tipo":"secondary"},"geometry":{"type":"LineString","coordinates":[[-74.11697,4.58219],[-74.11628,4.58242],[-74.11598,4.58253],[-74.11563,4.58265],[-74.11487,4.58291],[-74.1141,4.58318]]}},{"type":"Feature","properties":{"id":"89631551","nom":"Calle 31C Sur","tipo":"residential"},"geometry":{"type":"LineString","coordinates":[[-74.11381,4.58076],[-74.11375,4.58061]]}},{"type":"Feature","properties":{"id":"89631570","nom":"Calle 32 Sur","tipo":"residential"},"geometry":{"type":"LineString","coordinates":[[-74.11529,4.58168],[-74.11523,4.5815],[-74.11515,4.58127],[-74.11494,4.58069],[-74.11481,4.58034],[-74.11473,4.58013],[-74.11461,4.5798],[-74.11454,4.57961],[-74.11453,4.57958],[-74.11433,4.57905],[-74.11428,4.5789],[-74.11422,4.57874],[-74.11418,4.57864],[-74.1141,4.5784],[-74.114,4.57815],[-74.11397,4.57806],[-74.11391,4.57788],[-74.11381,4.5776],[-74.1137,4.5773],[-74.11365,4.57717],[-74.11363,4.57711]]}},{"type":"Feature","properties":{"id":"89631595","nom":"Carrera 21B","tipo":"residential"},"geometry":{"type":"LineString","coordinates":[[-74.11454,4.57961],[-74.11401,4.57983],[-74.11383,4.5799],[-74.1135,4.58003],[-74.11297,4.58025]]}},{"type":"Feature","properties":{"id":"89631603","nom":"Calle 31 Sur","tipo":"tertiary"},"geometry":{"type":"LineString","coordinates":[[-74.11072,4.57776],[-74.11074,4.57782],[-74.11079,4.57791],[-74.11081,4.57796]]}},{"type":"Feature","properties":{"id":"89631604","nom":"Carrera 21B","tipo":"residential"},"geometry":{"type":"LineString","coordinates":[[-74.11681,4.57874],[-74.11674,4.57877],[-74.11655,4.57883],[-74.11625,4.57895],[-74.11586,4.57909],[-74.11566,4.57916],[-74.11549,4.57922],[-74.11516,4.57934],[-74.11481,4.57948],[-74.11454,4.57961]]}},{"type":"Feature","properties":{"id":"89631615","nom":"Avenida Carrera 24","tipo":"secondary"},"geometry":{"type":"LineString","coordinates":[[-74.1133,4.58351],[-74.11334,4.5835],[-74.1135,4.58344],[-74.11401,4.58327],[-74.11409,4.58324],[-74.11452,4.58309],[-74.11565,4.58271],[-74.11586,4.58263],[-74.11687,4.58229],[-74.11798,4.58191],[-74.11861,4.58169],[-74.11873,4.58165]]}},{"type":"Feature","properties":{"id":"89631617","nom":"Carrera 19","tipo":"residential"},"geometry":{"type":"LineString","coordinates":[[-74.11137,4.57918],[-74.11188,4.57896],[-74.11199,4.57892],[-74.11233,4.57877],[-74.11288,4.57853],[-74.11318,4.5784],[-74.11397,4.57806]]}},{"type":"Feature","properties":{"id":"89631630","nom":"Calle 31 Sur","tipo":"residential"},"geometry":{"type":"LineString","coordinates":[[-74.11081,4.57796],[-74.11083,4.57801],[-74.11091,4.57818]]}},{"type":"Feature","properties":{"id":"89631639","nom":"Carrera 23C","tipo":"residential"},"geometry":{"type":"LineString","coordinates":[[-74.11296,4.58251],[-74.11333,4.58236],[-74.11371,4.58222],[-74.11377,4.58219]]}},{"type":"Feature","properties":{"id":"89631655","nom":"Carrera 23C","tipo":"residential"},"geometry":{"type":"LineString","coordinates":[[-74.11664,4.58121],[-74.11622,4.58135],[-74.11592,4.58145],[-74.11563,4.58155],[-74.11529,4.58168],[-74.1146,4.58192],[-74.11454,4.58194],[-74.11377,4.58219]]}},{"type":"Feature","properties":{"id":"89632113","nom":"Calle 41 Sur","tipo":"residential"},"geometry":{"type":"LineString","coordinates":[[-74.12239,4.57982],[-74.12219,4.57925]]}},{"type":"Feature","properties":{"id":"89632120","nom":"Calle 36 Sur","tipo":"residential"},"geometry":{"type":"LineString","coordinates":[[-74.11751,4.57546],[-74.11751,4.57554],[-74.11752,4.57611],[-74.11753,4.57615]]}},{"type":"Feature","properties":{"id":"89682852","nom":"Carrera 20A","tipo":"residential"},"geometry":{"type":"LineString","coordinates":[[-74.12157,4.57666],[-74.12058,4.57699],[-74.11997,4.5772],[-74.11939,4.57739],[-74.11937,4.5774],[-74.11892,4.57755],[-74.11832,4.57775]]}},{"type":"Feature","properties":{"id":"89682867","nom":"Carrera 22A","tipo":"residential"},"geometry":{"type":"LineString","coordinates":[[-74.12222,4.57791],[-74.12132,4.57821],[-74.12096,4.57834],[-74.12041,4.57853],[-74.11985,4.57872],[-74.11949,4.57884],[-74.11871,4.57911]]}},{"type":"Feature","properties":{"id":"89682883","nom":"Calle 41 Sur","tipo":"residential"},"geometry":{"type":"LineString","coordinates":[[-74.12277,4.58146],[-74.12299,4.58201],[-74.12316,4.58242],[-74.12333,4.58284],[-74.1235,4.58326]]}},{"type":"Feature","properties":{"id":"89682908","nom":"Carrera 26A","tipo":"residential"},"geometry":{"type":"LineString","coordinates":[[-74.1221,4.58397],[-74.12297,4.58368],[-74.12359,4.58347],[-74.12408,4.58331],[-74.12413,4.58329],[-74.12421,4.58327],[-74.12446,4.58318],[-74.12528,4.58291],[-74.12623,4.58259]]}},{"type":"Feature","properties":{"id":"89682937","nom":"Carrera 27","tipo":"tertiary"},"geometry":{"type":"LineString","coordinates":[[-74.12139,4.58462],[-74.12144,4.58462],[-74.12152,4.58461],[-74.12159,4.58462],[-74.12185,4.5846],[-74.12196,4.58459],[-74.12204,4.58457],[-74.12213,4.58455],[-74.12235,4.58449]]}},{"type":"Feature","properties":{"id":"89682942","nom":"Carrera 21","tipo":"residential"},"geometry":{"type":"LineString","coordinates":[[-74.12012,4.57766],[-74.11955,4.57785],[-74.11952,4.57786],[-74.11909,4.57801],[-74.11858,4.57818],[-74.11846,4.57822],[-74.11803,4.57837],[-74.11798,4.57839]]}},{"type":"Feature","properties":{"id":"89682949","nom":"Calle 37 Sur","tipo":"residential"},"geometry":{"type":"LineString","coordinates":[[-74.1194,4.58135],[-74.11938,4.58132],[-74.11905,4.58031],[-74.11902,4.58019],[-74.11883,4.57955],[-74.11882,4.57948],[-74.11873,4.57918],[-74.11871,4.57911],[-74.11859,4.57868],[-74.11852,4.57845],[-74.11846,4.57822],[-74.11832,4.57775],[-74.11819,4.57733],[-74.11813,4.57713],[-74.11808,4.57692],[-74.11798,4.57658],[-74.11792,4.57636],[-74.11791,4.57631]]}},{"type":"Feature","properties":{"id":"89682961","nom":"Calle 41B Sur","tipo":"residential"},"geometry":{"type":"LineString","coordinates":[[-74.12305,4.57959],[-74.12243,4.57831],[-74.12234,4.57812],[-74.12222,4.57791]]}},{"type":"Feature","properties":{"id":"89682978","nom":"Carrera 24B","tipo":"residential"},"geometry":{"type":"LineString","coordinates":[[-74.12401,4.58109],[-74.12383,4.58115],[-74.12315,4.58135],[-74.12277,4.58146],[-74.12207,4.58166],[-74.12152,4.58183],[-74.121,4.58199],[-74.12056,4.58212],[-74.11992,4.58231],[-74.11975,4.58237],[-74.11967,4.58242],[-74.1196,4.58248],[-74.11947,4.58261],[-74.11944,4.58265]]}},{"type":"Feature","properties":{"id":"89682983","nom":"Diagonal 40 Sur","tipo":"residential"},"geometry":{"type":"LineString","coordinates":[[-74.12366,4.584],[-74.12297,4.58368],[-74.122,4.58323]]}},{"type":"Feature","properties":{"id":"89682987","nom":"Calle 41A Sur","tipo":"residential"},"geometry":{"type":"LineString","coordinates":[[-74.12315,4.58135],[-74.12296,4.58076],[-74.12286,4.58051]]}},{"type":"Feature","properties":{"id":"89683312","nom":"","tipo":"tertiary"},"geometry":{"type":"LineString","coordinates":[[-74.12402,4.58419],[-74.12404,4.58416],[-74.12405,4.58412],[-74.12405,4.58408],[-74.12405,4.58404]]}},{"type":"Feature","properties":{"id":"89683327","nom":"Carrera 26B Bis","tipo":"residential"},"geometry":{"type":"LineString","coordinates":[[-74.11838,4.58546],[-74.11759,4.58554],[-74.11732,4.58559]]}},{"type":"Feature","properties":{"id":"89683328","nom":"Carrera 26F","tipo":"residential"},"geometry":{"type":"LineString","coordinates":[[-74.11859,4.58753],[-74.11798,4.58765],[-74.11765,4.58772],[-74.117,4.58785]]}},{"type":"Feature","properties":{"id":"89683330","nom":"Calle 31 Sur","tipo":"residential"},"geometry":{"type":"LineString","coordinates":[[-74.11483,4.58658],[-74.11441,4.58566],[-74.1144,4.58564],[-74.11402,4.58483],[-74.11393,4.58468],[-74.11379,4.58447],[-74.11341,4.58366],[-74.11335,4.58353],[-74.11334,4.5835]]}},{"type":"Feature","properties":{"id":"89683331","nom":"Calle 31B Bis Sur","tipo":"residential"},"geometry":{"type":"LineString","coordinates":[[-74.11654,4.58546],[-74.11652,4.58543],[-74.11585,4.58469],[-74.11572,4.58453],[-74.11527,4.584],[-74.11526,4.58398],[-74.11493,4.58359],[-74.11455,4.58313],[-74.11452,4.58309]]}},{"type":"Feature","properties":{"id":"89683345","nom":"Calle 31A Sur","tipo":"residential"},"geometry":{"type":"LineString","coordinates":[[-74.11656,4.58827],[-74.11584,4.58715],[-74.11528,4.58629],[-74.11474,4.58544],[-74.11408,4.58438],[-74.11384,4.58399],[-74.11352,4.58348],[-74.1135,4.58344]]}},{"type":"Feature","properties":{"id":"89683350","nom":"Calle 35 Sur","tipo":"tertiary"},"geometry":{"type":"LineString","coordinates":[[-74.11846,4.58626],[-74.1184,4.58576],[-74.11838,4.58546],[-74.11835,4.58516],[-74.11831,4.58488],[-74.11827,4.58451],[-74.11823,4.58416],[-74.11819,4.58382],[-74.11815,4.58346],[-74.11814,4.58337],[-74.1181,4.583],[-74.11805,4.58258],[-74.11799,4.58197],[-74.11798,4.58191]]}},{"type":"Feature","properties":{"id":"89683359","nom":"Calle 34 Sur","tipo":"residential"},"geometry":{"type":"LineString","coordinates":[[-74.11798,4.58765],[-74.11813,4.58841],[-74.11815,4.58852]]}},{"type":"Feature","properties":{"id":"89683371","nom":"Carrera 26D Bis","tipo":"residential"},"geometry":{"type":"LineString","coordinates":[[-74.11748,4.5869],[-74.11731,4.58693],[-74.11685,4.58703]]}},{"type":"Feature","properties":{"id":"89683372","nom":"Calle 32 Sur","tipo":"residential"},"geometry":{"type":"LineString","coordinates":[[-74.11714,4.58853],[-74.11712,4.58846],[-74.11711,4.58837],[-74.117,4.58785],[-74.11695,4.58758],[-74.11685,4.58703],[-74.11677,4.58655],[-74.11668,4.58618],[-74.11654,4.58546],[-74.11654,4.58542],[-74.11637,4.58457],[-74.11621,4.58374],[-74.1162,4.58371],[-74.11606,4.58323],[-74.11587,4.58268],[-74.11586,4.58263]]}},{"type":"Feature","properties":{"id":"89683389","nom":"Carrera 26D","tipo":"residential"},"geometry":{"type":"LineString","coordinates":[[-74.11677,4.58655],[-74.11635,4.58682],[-74.11584,4.58715],[-74.11558,4.58732],[-74.11526,4.58752]]}},{"type":"Feature","properties":{"id":"89683406","nom":"Carrera 26C Bis","tipo":"residential"},"geometry":{"type":"LineString","coordinates":[[-74.11668,4.58618],[-74.11714,4.58611],[-74.11761,4.58602],[-74.11769,4.58601],[-74.11781,4.58602],[-74.11792,4.58604],[-74.11846,4.58626]]}},{"type":"Feature","properties":{"id":"89683409","nom":"Carrera 31","tipo":"residential"},"geometry":{"type":"LineString","coordinates":[[-74.1178,4.58847],[-74.11813,4.58841]]}},{"type":"Feature","properties":{"id":"89683420","nom":"Carrera 25A","tipo":"residential"},"geometry":{"type":"LineString","coordinates":[[-74.12092,4.5826],[-74.12067,4.58267],[-74.12056,4.58271],[-74.12046,4.58275],[-74.12027,4.58285],[-74.12024,4.58287],[-74.12013,4.58294],[-74.12009,4.58297],[-74.12004,4.583],[-74.11998,4.58304],[-74.11995,4.58306],[-74.1199,4.58309]]}},{"type":"Feature","properties":{"id":"89683424","nom":"Calle 33 Sur","tipo":"residential"},"geometry":{"type":"LineString","coordinates":[[-74.11765,4.58772],[-74.11757,4.58732],[-74.11748,4.5869]]}},{"type":"Feature","properties":{"id":"89685059","nom":"Calle 35C Sur","tipo":"residential"},"geometry":{"type":"LineString","coordinates":[[-74.121,4.58707],[-74.12094,4.58628],[-74.12086,4.58549],[-74.12077,4.58469],[-74.12073,4.58429],[-74.12073,4.58423]]}},{"type":"Feature","properties":{"id":"89685066","nom":"Transversal 25","tipo":"residential"},"geometry":{"type":"LineString","coordinates":[[-74.12672,4.58424],[-74.12641,4.58512]]}},{"type":"Feature","properties":{"id":"89685087","nom":"Calle 35C Sur","tipo":"residential"},"geometry":{"type":"LineString","coordinates":[[-74.12127,4.58935],[-74.12126,4.58933],[-74.12119,4.58871],[-74.12112,4.58809],[-74.12112,4.58805]]}},{"type":"Feature","properties":{"id":"89685089","nom":"Avenida Calle 35D Sur","tipo":"secondary"},"geometry":{"type":"LineString","coordinates":[[-74.12293,4.58892],[-74.12269,4.58889],[-74.12256,4.58886],[-74.12247,4.58883],[-74.12239,4.58878],[-74.12237,4.58877],[-74.12231,4.58871],[-74.12226,4.58865],[-74.12199,4.5883],[-74.12194,4.58824],[-74.12187,4.58817],[-74.1218,4.58812],[-74.12172,4.58808],[-74.1216,4.58804]]}},{"type":"Feature","properties":{"id":"89685092","nom":"Diagonal 42B Sur","tipo":"residential"},"geometry":{"type":"LineString","coordinates":[[-74.12516,4.57927],[-74.12431,4.57891],[-74.1239,4.57873],[-74.12309,4.57839]]}},{"type":"Feature","properties":{"id":"89685098","nom":"Calle 35B Sur","tipo":"residential"},"geometry":{"type":"LineString","coordinates":[[-74.12029,4.58796],[-74.12028,4.58786],[-74.12024,4.58749],[-74.1202,4.58716],[-74.12011,4.58637],[-74.12006,4.58595],[-74.12002,4.58558],[-74.11997,4.58511],[-74.11993,4.58477],[-74.11984,4.58401],[-74.11981,4.58371],[-74.11977,4.58331],[-74.11976,4.58326]]}},{"type":"Feature","properties":{"id":"89685103","nom":"Transversal 34","tipo":"residential"},"geometry":{"type":"LineString","coordinates":[[-74.12418,4.58963],[-74.12423,4.58956],[-74.12425,4.58954],[-74.12444,4.58928],[-74.12458,4.58909],[-74.1246,4.58907],[-74.12462,4.58903],[-74.12465,4.589],[-74.12486,4.58872],[-74.12508,4.58841]]}},{"type":"Feature","properties":{"id":"89685105","nom":"Diagonal 39H Sur","tipo":"residential"},"geometry":{"type":"LineString","coordinates":[[-74.12776,4.58792],[-74.12778,4.58794],[-74.1278,4.58795],[-74.12812,4.5882],[-74.12813,4.58822],[-74.12822,4.58829],[-74.12826,4.58831],[-74.12829,4.58832],[-74.12832,4.58832],[-74.12834,4.58832]]}},{"type":"Feature","properties":{"id":"89685114","nom":"Carrera 26C","tipo":"residential"},"geometry":{"type":"LineString","coordinates":[[-74.1184,4.58576],[-74.11921,4.58567],[-74.12002,4.58558],[-74.12086,4.58549],[-74.12159,4.58541],[-74.12161,4.58541]]}},{"type":"Feature","properties":{"id":"89685120","nom":"Diagonal 41A Sur","tipo":"residential"},"geometry":{"type":"LineString","coordinates":[[-74.12667,4.58768],[-74.12671,4.58772],[-74.12687,4.58793],[-74.12688,4.58794],[-74.1269,4.58796]]}},{"type":"Feature","properties":{"id":"89685135","nom":"Transversal 26B Bis","tipo":"residential"},"geometry":{"type":"LineString","coordinates":[[-74.12679,4.58259],[-74.12678,4.58261],[-74.12662,4.5829],[-74.12652,4.58307]]}},{"type":"Feature","properties":{"id":"89685144","nom":"Carrera 31","tipo":"residential"},"geometry":{"type":"LineString","coordinates":[[-74.12271,4.58728],[-74.1228,4.58725],[-74.12292,4.58722],[-74.12317,4.58714],[-74.12353,4.58702],[-74.12484,4.58659],[-74.12528,4.58645],[-74.12601,4.58622],[-74.12667,4.586],[-74.12696,4.58591],[-74.12737,4.58578]]}},{"type":"Feature","properties":{"id":"89685154","nom":"Carrera 32","tipo":"residential"},"geometry":{"type":"LineString","coordinates":[[-74.127,4.58675],[-74.12826,4.58626],[-74.12832,4.58624]]}},{"type":"Feature","properties":{"id":"89685160","nom":"Calle 42 Sur","tipo":"residential"},"geometry":{"type":"LineString","coordinates":[[-74.12644,4.58548],[-74.12661,4.58586],[-74.12667,4.586],[-74.12683,4.58636],[-74.127,4.58675]]}},{"type":"Feature","properties":{"id":"89685165","nom":"Carrera 26D","tipo":"residential"},"geometry":{"type":"LineString","coordinates":[[-74.12172,4.5862],[-74.1217,4.58621],[-74.12094,4.58628],[-74.12011,4.58637],[-74.11928,4.58645],[-74.1185,4.58654],[-74.11774,4.58673]]}},{"type":"Feature","properties":{"id":"89685174","nom":"Avenida Carrera 50","tipo":"secondary"},"geometry":{"type":"LineString","coordinates":[[-74.1284,4.58718],[-74.12839,4.58734],[-74.12836,4.58814],[-74.12835,4.58816],[-74.12834,4.58832],[-74.12834,4.58837],[-74.12826,4.58992],[-74.12825,4.5901],[-74.12823,4.59029],[-74.12822,4.59036],[-74.12821,4.59044],[-74.12817,4.59057],[-74.12812,4.5907],[-74.12808,4.5908],[-74.12804,4.59086],[-74.12802,4.59089],[-74.12735,4.59172],[-74.12731,4.59177],[-74.12727,4.59181],[-74.12724,4.59185],[-74.1272,4.59187]]}},{"type":"Feature","properties":{"id":"89685181","nom":"Carrera 26F","tipo":"residential"},"geometry":{"type":"LineString","coordinates":[[-74.1202,4.58716],[-74.121,4.58707],[-74.12189,4.58698],[-74.12193,4.58698]]}},{"type":"Feature","properties":{"id":"89685183","nom":"Diagonal 40 Sur","tipo":"tertiary"},"geometry":{"type":"LineString","coordinates":[[-74.12312,4.58614],[-74.12321,4.58588],[-74.12329,4.58567],[-74.12347,4.58518],[-74.12377,4.58434],[-74.12379,4.58428]]}},{"type":"Feature","properties":{"id":"89685185","nom":"Calle 35A Sur","tipo":"tertiary"},"geometry":{"type":"LineString","coordinates":[[-74.11921,4.58567],[-74.11927,4.58625],[-74.11928,4.58645],[-74.11933,4.5869],[-74.11937,4.58725],[-74.11942,4.58775],[-74.11946,4.58806],[-74.1195,4.58848]]}},{"type":"Feature","properties":{"id":"89685211","nom":"Carrera 27","tipo":"tertiary"},"geometry":{"type":"LineString","coordinates":[[-74.12437,4.58396],[-74.12495,4.5838],[-74.12499,4.58379],[-74.12549,4.58366],[-74.12557,4.58364],[-74.12561,4.58363]]}},{"type":"Feature","properties":{"id":"89685215","nom":"Avenida Carrera 33","tipo":"secondary"},"geometry":{"type":"LineString","coordinates":[[-74.12542,4.58803],[-74.1245,4.58838],[-74.1237,4.58869],[-74.12342,4.58879],[-74.12335,4.58881],[-74.12327,4.58883],[-74.12319,4.58883]]}},{"type":"Feature","properties":{"id":"89685224","nom":"Avenida Carrera 24","tipo":"secondary"},"geometry":{"type":"LineString","coordinates":[[-74.12118,4.58081],[-74.12125,4.58079],[-74.12172,4.58063],[-74.12329,4.58008],[-74.12377,4.57991],[-74.12385,4.57988]]}},{"type":"Feature","properties":{"id":"89685265","nom":"Carrera 28A","tipo":"residential"},"geometry":{"type":"LineString","coordinates":[[-74.1257,4.58496],[-74.12436,4.58535]]}},{"type":"Feature","properties":{"id":"89685278","nom":"Transversal 34D","tipo":"residential"},"geometry":{"type":"LineString","coordinates":[[-74.12763,4.58962],[-74.12761,4.58964],[-74.1276,4.58966],[-74.12737,4.58993],[-74.12719,4.59015],[-74.12715,4.5902],[-74.12713,4.59023],[-74.12712,4.59024],[-74.12696,4.59044],[-74.12683,4.59059],[-74.12682,4.5906],[-74.12679,4.59064]]}},{"type":"Feature","properties":{"id":"89685293","nom":"Transversal 34 Bis","tipo":"residential"},"geometry":{"type":"LineString","coordinates":[[-74.12644,4.58803],[-74.12615,4.58842],[-74.12593,4.5887],[-74.12574,4.58895],[-74.12555,4.58921],[-74.12552,4.58924],[-74.12507,4.58983],[-74.12502,4.58989]]}},{"type":"Feature","properties":{"id":"89685303","nom":"Carrera 24C","tipo":"residential"},"geometry":{"type":"LineString","coordinates":[[-74.12443,4.58104],[-74.12494,4.58089],[-74.12498,4.58088],[-74.12505,4.58086],[-74.12593,4.5806],[-74.12595,4.58059],[-74.12601,4.58058]]}},{"type":"Feature","properties":{"id":"89685307","nom":"Diagonal 42C Sur","tipo":"tertiary"},"geometry":{"type":"LineString","coordinates":[[-74.12477,4.5815],[-74.1248,4.5814],[-74.12498,4.58088],[-74.12514,4.58041],[-74.12517,4.58035]]}},{"type":"Feature","properties":{"id":"89685321","nom":"Avenida Carrera 24","tipo":"secondary"},"geometry":{"type":"LineString","coordinates":[[-74.12922,4.57774],[-74.12911,4.57787],[-74.12902,4.57797],[-74.12896,4.57804],[-74.12889,4.57811],[-74.12883,4.57817],[-74.12873,4.57824],[-74.12868,4.57828],[-74.12862,4.57831],[-74.12851,4.57839],[-74.12842,4.57844],[-74.12833,4.57848],[-74.12826,4.57851],[-74.12794,4.5786],[-74.12779,4.57865],[-74.12752,4.57873]]}},{"type":"Feature","properties":{"id":"89685344","nom":"Calle 41 Sur","tipo":"residential"},"geometry":{"type":"LineString","coordinates":[[-74.12419,4.58498],[-74.12393,4.58434],[-74.12391,4.58428]]}},{"type":"Feature","properties":{"id":"89685350","nom":"Avenida Calle 36 Sur","tipo":"secondary"},"geometry":{"type":"LineString","coordinates":[[-74.11834,4.57603],[-74.11821,4.57606],[-74.1181,4.57609],[-74.11797,4.57611],[-74.11779,4.57614],[-74.11766,4.57616],[-74.11763,4.57616],[-74.11759,4.57617],[-74.11752,4.5762],[-74.11747,4.57624],[-74.11743,4.57628],[-74.1174,4.57631]]}},{"type":"Feature","properties":{"id":"89685351","nom":"Transversal 39A","tipo":"residential"},"geometry":{"type":"LineString","coordinates":[[-74.12543,4.59031],[-74.12548,4.59025],[-74.12578,4.58987],[-74.1258,4.58984],[-74.12594,4.58967],[-74.12602,4.58956],[-74.12627,4.58924],[-74.12657,4.58886],[-74.12659,4.58884],[-74.12661,4.58882]]}},{"type":"Feature","properties":{"id":"89685352","nom":"Carrera 27","tipo":"tertiary"},"geometry":{"type":"LineString","coordinates":[[-74.12114,4.58465],[-74.1212,4.58464]]}},{"type":"Feature","properties":{"id":"89690967","nom":"Calle 40C Sur","tipo":"residential"},"geometry":{"type":"LineString","coordinates":[[-74.1156,4.57166],[-74.11554,4.57143],[-74.11546,4.57108],[-74.11536,4.57049],[-74.11535,4.5704],[-74.11529,4.57026],[-74.11498,4.56985]]}},{"type":"Feature","properties":{"id":"89690970","nom":"Diagonal 45A Sur","tipo":"residential"},"geometry":{"type":"LineString","coordinates":[[-74.12204,4.57105],[-74.12136,4.57139],[-74.12098,4.57158]]}},{"type":"Feature","properties":{"id":"89690977","nom":"Diagonal 40C Sur","tipo":"tertiary"},"geometry":{"type":"LineString","coordinates":[[-74.11417,4.56799],[-74.11413,4.56812],[-74.11412,4.56818],[-74.11412,4.56825],[-74.11415,4.56839],[-74.11417,4.56851],[-74.11418,4.56861],[-74.11417,4.56872],[-74.11413,4.56889],[-74.11411,4.56898],[-74.11408,4.56906],[-74.11404,4.56914]]}},{"type":"Feature","properties":{"id":"89690991","nom":"Diagonal 45 Bis B Sur","tipo":"tertiary"},"geometry":{"type":"LineString","coordinates":[[-74.12194,4.57141],[-74.12169,4.57146],[-74.12098,4.57158],[-74.12085,4.5716],[-74.12017,4.57172],[-74.11984,4.57178],[-74.11946,4.57184],[-74.11934,4.57186],[-74.11933,4.57186],[-74.1193,4.57186],[-74.11927,4.57186]]}},{"type":"Feature","properties":{"id":"89691006","nom":"Carrera 13C","tipo":"residential"},"geometry":{"type":"LineString","coordinates":[[-74.11218,4.57537],[-74.11166,4.57605],[-74.11153,4.57621],[-74.11124,4.57659],[-74.11094,4.57697],[-74.11069,4.5773]]}},{"type":"Feature","properties":{"id":"89691007","nom":"Calle 32A Bis Sur","tipo":"residential"},"geometry":{"type":"LineString","coordinates":[[-74.1119,4.57397],[-74.1114,4.57382],[-74.11129,4.57379],[-74.11118,4.57373],[-74.11078,4.57339],[-74.11022,4.57284]]}},{"type":"Feature","properties":{"id":"89691021","nom":"Carrera 12I","tipo":"residential"},"geometry":{"type":"LineString","coordinates":[[-74.11063,4.57141],[-74.11068,4.57141],[-74.11107,4.57134],[-74.11133,4.57131],[-74.11159,4.57125]]}},{"type":"Feature","properties":{"id":"89691023","nom":"Carrera 23B","tipo":"residential"},"geometry":{"type":"LineString","coordinates":[[-74.12734,4.57806],[-74.12727,4.57808],[-74.12582,4.57848],[-74.1257,4.57851],[-74.12524,4.57864],[-74.12521,4.57865]]}},{"type":"Feature","properties":{"id":"89691030","nom":"Transversal 23B","tipo":"tertiary"},"geometry":{"type":"LineString","coordinates":[[-74.12549,4.57942],[-74.12551,4.57937]]}},{"type":"Feature","properties":{"id":"89691043","nom":"Diagonal 45A Sur","tipo":"residential"},"geometry":{"type":"LineString","coordinates":[[-74.12839,4.5862],[-74.12843,4.58607],[-74.12866,4.58536],[-74.1289,4.5846]]}},{"type":"Feature","properties":{"id":"89691050","nom":"Carrera 22A","tipo":"residential"},"geometry":{"type":"LineString","coordinates":[[-74.12446,4.57706],[-74.12444,4.57707],[-74.1244,4.57709],[-74.12423,4.57719],[-74.12408,4.57725],[-74.12395,4.5773],[-74.12359,4.57741],[-74.12332,4.57748],[-74.12319,4.57751],[-74.12304,4.57755],[-74.12281,4.57762],[-74.12271,4.57765],[-74.12261,4.57769],[-74.12257,4.5777],[-74.12253,4.57772],[-74.12247,4.57776],[-74.12233,4.57785],[-74.12226,4.57789],[-74.12222,4.57791]]}},{"type":"Feature","properties":{"id":"89691068","nom":"Carrera 13F","tipo":"residential"},"geometry":{"type":"LineString","coordinates":[[-74.11995,4.5712],[-74.11946,4.57184]]}},{"type":"Feature","properties":{"id":"89691075","nom":"Carrera 13H","tipo":"residential"},"geometry":{"type":"LineString","coordinates":[[-74.11395,4.57626],[-74.11376,4.57632],[-74.11352,4.5764],[-74.11308,4.57654],[-74.11266,4.57667],[-74.11226,4.5768],[-74.11213,4.57684],[-74.11143,4.57706],[-74.11069,4.5773],[-74.11053,4.57735]]}},{"type":"Feature","properties":{"id":"89691091","nom":"Transversal 24C","tipo":"residential"},"geometry":{"type":"LineString","coordinates":[[-74.12686,4.58256],[-74.12679,4.58259]]}},{"type":"Feature","properties":{"id":"89691123","nom":"Carrera 12L","tipo":"residential"},"geometry":{"type":"LineString","coordinates":[[-74.10897,4.57485],[-74.10941,4.57428],[-74.10978,4.57381]]}},{"type":"Feature","properties":{"id":"89691133","nom":"Diagonal 43 Sur","tipo":"residential"},"geometry":{"type":"LineString","coordinates":[[-74.12734,4.57806],[-74.12726,4.578],[-74.12663,4.57759],[-74.12622,4.57733]]}},{"type":"Feature","properties":{"id":"89691138","nom":"Avenida Carrera 14","tipo":"primary"},"geometry":{"type":"LineString","coordinates":[[-74.12372,4.57416],[-74.12378,4.57404],[-74.1238,4.574],[-74.12384,4.57389],[-74.12389,4.57375],[-74.12396,4.57353],[-74.12405,4.57328],[-74.12409,4.57313],[-74.12416,4.57292],[-74.12421,4.5728],[-74.12432,4.57245],[-74.12458,4.57172]]}},{"type":"Feature","properties":{"id":"89691157","nom":"Transversal 26A","tipo":"residential"},"geometry":{"type":"LineString","coordinates":[[-74.12769,4.5816],[-74.12832,4.58196],[-74.12889,4.58228],[-74.12945,4.58261]]}},{"type":"Feature","properties":{"id":"89691170","nom":"Calle 45 Bis B Sur","tipo":"residential"},"geometry":{"type":"LineString","coordinates":[[-74.12399,4.57273],[-74.12397,4.57268],[-74.12377,4.57231],[-74.12365,4.57208],[-74.12329,4.57155]]}},{"type":"Feature","properties":{"id":"89691186","nom":"Calle 47 Sur","tipo":"residential"},"geometry":{"type":"LineString","coordinates":[[-74.12891,4.58045],[-74.12894,4.5806],[-74.12895,4.58061],[-74.12895,4.58062],[-74.12913,4.58134],[-74.12945,4.58261],[-74.12989,4.58434],[-74.13019,4.58552]]}},{"type":"Feature","properties":{"id":"89691193","nom":"Carrera 12K","tipo":"residential"},"geometry":{"type":"LineString","coordinates":[[-74.10974,4.5734],[-74.10985,4.57327],[-74.11,4.57309],[-74.11022,4.57284]]}},{"type":"Feature","properties":{"id":"89691207","nom":"Calle 47 Sur","tipo":"tertiary"},"geometry":{"type":"LineString","coordinates":[[-74.12884,4.5801],[-74.1289,4.5804],[-74.12891,4.58045]]}},{"type":"Feature","properties":{"id":"89691211","nom":"Calle 46 Sur","tipo":"tertiary"},"geometry":{"type":"LineString","coordinates":[[-74.12734,4.57806],[-74.12723,4.57771],[-74.12692,4.57667],[-74.12676,4.57614],[-74.1267,4.57593]]}},{"type":"Feature","properties":{"id":"89691221","nom":"Calle 46 Sur","tipo":"tertiary"},"geometry":{"type":"LineString","coordinates":[[-74.12506,4.57034],[-74.12504,4.57025],[-74.12498,4.57009],[-74.12496,4.56999]]}},{"type":"Feature","properties":{"id":"89691237","nom":"Carrera 12I","tipo":"residential"},"geometry":{"type":"LineString","coordinates":[[-74.11264,4.57101],[-74.11352,4.57087],[-74.11373,4.57082],[-74.11476,4.57061],[-74.11536,4.57049]]}},{"type":"Feature","properties":{"id":"89691242","nom":"Carrera 12H","tipo":"residential"},"geometry":{"type":"LineString","coordinates":[[-74.10825,4.57338],[-74.10798,4.57374],[-74.10786,4.57389]]}},{"type":"Feature","properties":{"id":"89691267","nom":"Calle 32 Bis Sur","tipo":"residential"},"geometry":{"type":"LineString","coordinates":[[-74.11293,4.57541],[-74.11309,4.57558],[-74.11326,4.57584],[-74.11352,4.5764]]}},{"type":"Feature","properties":{"id":"89691276","nom":"Carrera 13A","tipo":"residential"},"geometry":{"type":"LineString","coordinates":[[-74.11126,4.57464],[-74.11097,4.57502],[-74.11071,4.57535],[-74.11062,4.57547],[-74.11032,4.57586],[-74.11001,4.57626]]}},{"type":"Feature","properties":{"id":"89691284","nom":"Calle 32 Sur","tipo":"tertiary"},"geometry":{"type":"LineString","coordinates":[[-74.11323,4.577],[-74.11322,4.57695],[-74.11308,4.57654],[-74.11292,4.57617],[-74.11282,4.57599],[-74.11265,4.57576],[-74.11252,4.57563],[-74.11232,4.57548],[-74.11218,4.57537],[-74.11183,4.57509],[-74.11161,4.57491],[-74.11126,4.57464],[-74.11092,4.57437],[-74.11083,4.57434],[-74.1107,4.57433],[-74.11059,4.57433],[-74.11048,4.57431],[-74.11041,4.57428],[-74.11014,4.57409]]}},{"type":"Feature","properties":{"id":"89691288","nom":"Carrera 12B","tipo":"residential"},"geometry":{"type":"LineString","coordinates":[[-74.11072,4.56903],[-74.11117,4.56899],[-74.11156,4.56897],[-74.11245,4.56893],[-74.11282,4.56893],[-74.113,4.56893],[-74.11348,4.56893],[-74.11354,4.56893]]}},{"type":"Feature","properties":{"id":"89691308","nom":"Avenida Carrera 14","tipo":"primary"},"geometry":{"type":"LineString","coordinates":[[-74.11958,4.57604],[-74.1198,4.57599],[-74.12023,4.57587],[-74.12086,4.57571],[-74.12108,4.57565],[-74.12162,4.57551],[-74.12211,4.57538],[-74.12224,4.57534],[-74.12235,4.57531],[-74.12242,4.57529],[-74.12249,4.57526],[-74.12258,4.57522],[-74.12269,4.57516],[-74.12278,4.57511],[-74.12296,4.57499]]}},{"type":"Feature","properties":{"id":"89691311","nom":"Carrera 13A Bis A","tipo":"residential"},"geometry":{"type":"LineString","coordinates":[[-74.11328,4.57321],[-74.11323,4.57331],[-74.11314,4.57341],[-74.113,4.57348],[-74.11286,4.57351],[-74.11275,4.57355],[-74.11246,4.57379],[-74.1123,4.57389],[-74.11217,4.57396],[-74.11203,4.57399],[-74.1119,4.57397]]}},{"type":"Feature","properties":{"id":"89691320","nom":"Calle 43 Sur","tipo":"tertiary"},"geometry":{"type":"LineString","coordinates":[[-74.1163,4.5684],[-74.11653,4.56859],[-74.11672,4.56874],[-74.11693,4.56891],[-74.11718,4.56911],[-74.11734,4.56923],[-74.11765,4.56947],[-74.11775,4.56955],[-74.1181,4.56982],[-74.11819,4.56989],[-74.11857,4.57016],[-74.11903,4.57049],[-74.11947,4.57084],[-74.1199,4.57117],[-74.11995,4.5712],[-74.12004,4.57126],[-74.12033,4.57138]]}},{"type":"Feature","properties":{"id":"89691323","nom":"Carrera 12D","tipo":"tertiary"},"geometry":{"type":"LineString","coordinates":[[-74.11159,4.56973],[-74.11195,4.56985],[-74.11233,4.56997],[-74.11245,4.57001],[-74.11271,4.57012],[-74.11324,4.57034]]}},{"type":"Feature","properties":{"id":"89691340","nom":"Diagonal 43 Sur","tipo":"residential"},"geometry":{"type":"LineString","coordinates":[[-74.12309,4.57839],[-74.12319,4.57751],[-74.12319,4.5775],[-74.12322,4.57723],[-74.12327,4.57664],[-74.12331,4.57611],[-74.12336,4.57578],[-74.12342,4.57506],[-74.12343,4.57498]]}},{"type":"Feature","properties":{"id":"89694989","nom":"Diagonal 32A Bis B Sur","tipo":"residential"},"geometry":{"type":"LineString","coordinates":[[-74.11037,4.56796],[-74.11037,4.56799],[-74.11031,4.56852],[-74.11029,4.56906],[-74.11026,4.56964]]}},{"type":"Feature","properties":{"id":"89694993","nom":"Carrera 12A","tipo":"residential"},"geometry":{"type":"LineString","coordinates":[[-74.11327,4.56822],[-74.11251,4.56829],[-74.11222,4.56832],[-74.11208,4.56833],[-74.11173,4.56837],[-74.11136,4.5684]]}},{"type":"Feature","properties":{"id":"89694998","nom":"Carrera 11C Bis","tipo":"residential"},"geometry":{"type":"LineString","coordinates":[[-74.11087,4.56569],[-74.1104,4.56612],[-74.11036,4.56613]]}},{"type":"Feature","properties":{"id":"89695002","nom":"Calle 37 Sur","tipo":"residential"},"geometry":{"type":"LineString","coordinates":[[-74.10882,4.56583],[-74.10881,4.56586],[-74.10881,4.56589],[-74.10883,4.56591],[-74.10885,4.56594],[-74.10914,4.56623],[-74.10945,4.56653],[-74.10947,4.56654],[-74.10949,4.56655],[-74.10959,4.56657],[-74.10963,4.56659],[-74.10965,4.56661],[-74.10966,4.56664],[-74.10968,4.56666]]}},{"type":"Feature","properties":{"id":"89695027","nom":"Carrera 11A Bis","tipo":"residential"},"geometry":{"type":"LineString","coordinates":[[-74.10927,4.56549],[-74.10922,4.56551],[-74.10916,4.56554],[-74.10893,4.5657],[-74.10888,4.56575],[-74.10882,4.56583]]}},{"type":"Feature","properties":{"id":"89695030","nom":"Calle 36D Sur","tipo":"residential"},"geometry":{"type":"LineString","coordinates":[[-74.10784,4.56651],[-74.10788,4.56656],[-74.1086,4.56737],[-74.10883,4.56761],[-74.10895,4.56772],[-74.10923,4.56793],[-74.1094,4.56807],[-74.10958,4.56831],[-74.1096,4.56836]]}},{"type":"Feature","properties":{"id":"89695046","nom":"Carrera 12J","tipo":"residential"},"geometry":{"type":"LineString","coordinates":[[-74.11045,4.57179],[-74.11051,4.57179],[-74.11062,4.57178],[-74.11115,4.57169],[-74.11142,4.57164],[-74.11169,4.57158],[-74.11194,4.57153],[-74.11219,4.57148]]}},{"type":"Feature","properties":{"id":"89695055","nom":"Calle 41 Sur","tipo":"residential"},"geometry":{"type":"LineString","coordinates":[[-74.10992,4.56498],[-74.10988,4.56497],[-74.10983,4.56496],[-74.10976,4.56495],[-74.10969,4.56495],[-74.10962,4.56493],[-74.10958,4.56491],[-74.10953,4.56488],[-74.10947,4.56482],[-74.10937,4.56474],[-74.10927,4.56465],[-74.10923,4.56461],[-74.10919,4.56457],[-74.10916,4.56454],[-74.109,4.56435],[-74.10885,4.56416],[-74.1088,4.56408],[-74.10866,4.56389],[-74.10865,4.56388],[-74.10851,4.56367]]}},{"type":"Feature","properties":{"id":"89695062","nom":"Carrera 12C","tipo":"tertiary"},"geometry":{"type":"LineString","coordinates":[[-74.11404,4.56914],[-74.11397,4.56923],[-74.11388,4.56933],[-74.11383,4.56937],[-74.11377,4.56939],[-74.11372,4.5694],[-74.1133,4.56943],[-74.11303,4.56949],[-74.11297,4.5695],[-74.11288,4.56951],[-74.11249,4.56953],[-74.1116,4.56962]]}},{"type":"Feature","properties":{"id":"89695069","nom":"Calle 37 Sur","tipo":"tertiary"},"geometry":{"type":"LineString","coordinates":[[-74.10968,4.56666],[-74.10972,4.56668],[-74.10975,4.5667],[-74.10978,4.56673],[-74.11006,4.56705],[-74.11026,4.56728],[-74.1103,4.56733],[-74.11032,4.56738]]}},{"type":"Feature","properties":{"id":"89695070","nom":"Diagonal 32C Bis A Sur","tipo":"residential"},"geometry":{"type":"LineString","coordinates":[[-74.11174,4.57175],[-74.11169,4.57158],[-74.11159,4.57125]]}},{"type":"Feature","properties":{"id":"89695071","nom":"Diagonal 32B Sur","tipo":"residential"},"geometry":{"type":"LineString","coordinates":[[-74.11069,4.56966],[-74.11072,4.56903]]}},{"type":"Feature","properties":{"id":"89695086","nom":"Diagonal 32C Bis A Sur","tipo":"residential"},"geometry":{"type":"LineString","coordinates":[[-74.11159,4.57125],[-74.11157,4.5712],[-74.11155,4.57113],[-74.11158,4.57063],[-74.11159,4.56973]]}},{"type":"Feature","properties":{"id":"89695109","nom":"Diagonal 32A Bis Sur","tipo":"residential"},"geometry":{"type":"LineString","coordinates":[[-74.11026,4.56964],[-74.11021,4.57051],[-74.1102,4.57057],[-74.11025,4.57095],[-74.11032,4.57157],[-74.11036,4.57169],[-74.11045,4.57179],[-74.11057,4.57192],[-74.11074,4.572],[-74.11088,4.57209],[-74.11096,4.57219],[-74.11099,4.57227]]}},{"type":"Feature","properties":{"id":"89695712","nom":"Carrera 11A","tipo":"residential"},"geometry":{"type":"LineString","coordinates":[[-74.1044,4.56867],[-74.10381,4.56956],[-74.10351,4.56998],[-74.10335,4.57021],[-74.10322,4.57041],[-74.10294,4.57079],[-74.10241,4.57154],[-74.10217,4.57189],[-74.10193,4.57223],[-74.10143,4.57298],[-74.10113,4.5734],[-74.10063,4.57407],[-74.10061,4.5741]]}},{"type":"Feature","properties":{"id":"89696159","nom":"Avenida Carrera 14","tipo":"primary"},"geometry":{"type":"LineString","coordinates":[[-74.10979,4.57803],[-74.10961,4.57808],[-74.10897,4.57826],[-74.10847,4.5784],[-74.10836,4.57842],[-74.10815,4.57849],[-74.10795,4.57855],[-74.10793,4.57856],[-74.10774,4.57863],[-74.10756,4.5787]]}},{"type":"Feature","properties":{"id":"89696164","nom":"Carrera 12K","tipo":"tertiary"},"geometry":{"type":"LineString","coordinates":[[-74.1097,4.57337],[-74.10964,4.57344],[-74.10961,4.57348],[-74.10952,4.57359],[-74.10914,4.57408]]}},{"type":"Feature","properties":{"id":"89697146","nom":"Calle 47B Sur","tipo":"residential"},"geometry":{"type":"LineString","coordinates":[[-74.12991,4.58001],[-74.12992,4.58005],[-74.13017,4.58109],[-74.13041,4.58208],[-74.13065,4.58305],[-74.13088,4.58402],[-74.13112,4.585],[-74.1313,4.58574],[-74.13131,4.58577]]}},{"type":"Feature","properties":{"id":"89697156","nom":"Avenida Carrera 14","tipo":"primary"},"geometry":{"type":"LineString","coordinates":[[-74.10803,4.57878],[-74.10829,4.57869],[-74.10851,4.57862],[-74.10874,4.57855],[-74.10926,4.5784],[-74.10984,4.57823],[-74.10989,4.57822]]}},{"type":"Feature","properties":{"id":"89697186","nom":"Calle 48C Sur","tipo":"tertiary"},"geometry":{"type":"LineString","coordinates":[[-74.13064,4.57671],[-74.13059,4.57657],[-74.13057,4.57653],[-74.13056,4.57647],[-74.13053,4.57639],[-74.13052,4.57635],[-74.13042,4.57601],[-74.13036,4.57579],[-74.13035,4.57574],[-74.13032,4.57562],[-74.13027,4.57545],[-74.13024,4.57534],[-74.13022,4.57526],[-74.13013,4.57495],[-74.13007,4.57475],[-74.13006,4.57469],[-74.12999,4.57446],[-74.12997,4.57441],[-74.12995,4.57434],[-74.12989,4.57413],[-74.12987,4.57405],[-74.1298,4.57378],[-74.12974,4.57358],[-74.12963,4.5732],[-74.1296,4.57308],[-74.1295,4.5727],[-74.12943,4.57244],[-74.12933,4.57209],[-74.12928,4.5719],[-74.12924,4.57179],[-74.12922,4.57171]]}},{"type":"Feature","properties":{"id":"89698498","nom":"Diagonal 51B Sur","tipo":"tertiary"},"geometry":{"type":"LineString","coordinates":[[-74.13005,4.56724],[-74.12984,4.56721],[-74.12916,4.56712],[-74.12832,4.56701],[-74.12757,4.56691],[-74.12717,4.56686],[-74.1268,4.56681],[-74.12669,4.5668]]}},{"type":"Feature","properties":{"id":"89698504","nom":"Diagonal 48 Sur","tipo":"primary"},"geometry":{"type":"LineString","coordinates":[[-74.12926,4.57048],[-74.12916,4.57049],[-74.12909,4.5705],[-74.12895,4.5705],[-74.12881,4.5705],[-74.12866,4.57048],[-74.12849,4.57045],[-74.12834,4.57042],[-74.12825,4.57039],[-74.12824,4.57038],[-74.12815,4.57035],[-74.12795,4.57025],[-74.12781,4.57018],[-74.12682,4.56966],[-74.12656,4.56953],[-74.12634,4.56941],[-74.12627,4.56937],[-74.12616,4.56932],[-74.12601,4.56924],[-74.12593,4.56919],[-74.12588,4.56915],[-74.12583,4.56909],[-74.1258,4.56904],[-74.12579,4.569],[-74.12578,4.56897],[-74.12577,4.56892],[-74.12576,4.56883]]}},{"type":"Feature","properties":{"id":"89698515","nom":"Carrera 18B","tipo":"residential"},"geometry":{"type":"LineString","coordinates":[[-74.12813,4.56828],[-74.12986,4.56734],[-74.13005,4.56724]]}},{"type":"Feature","properties":{"id":"89698563","nom":"Diagonal 47A Sur","tipo":"residential"},"geometry":{"type":"LineString","coordinates":[[-74.12737,4.57125],[-74.12732,4.5711]]}},{"type":"Feature","properties":{"id":"89698574","nom":"Transversal 19","tipo":"residential"},"geometry":{"type":"LineString","coordinates":[[-74.12658,4.57133],[-74.12683,4.57085],[-74.1272,4.57016],[-74.12723,4.5701]]}},{"type":"Feature","properties":{"id":"89698581","nom":"Calle 51 Sur","tipo":"residential"},"geometry":{"type":"LineString","coordinates":[[-74.12701,4.56702],[-74.12706,4.56708],[-74.12747,4.56754],[-74.1278,4.56791],[-74.12813,4.56828],[-74.12847,4.56866]]}},{"type":"Feature","properties":{"id":"89698594","nom":"Carrera 11B","tipo":"residential"},"geometry":{"type":"LineString","coordinates":[[-74.12498,4.55921],[-74.12438,4.55971],[-74.12397,4.56005],[-74.12394,4.56008]]}},{"type":"Feature","properties":{"id":"89698596","nom":"Carrera 7","tipo":"tertiary"},"geometry":{"type":"LineString","coordinates":[[-74.12253,4.55537],[-74.1219,4.55578]]}},{"type":"Feature","properties":{"id":"89698598","nom":"Calle 53A Sur","tipo":"residential"},"geometry":{"type":"LineString","coordinates":[[-74.12527,4.55841],[-74.12511,4.55814],[-74.12503,4.55803],[-74.12481,4.55768],[-74.1248,4.55765],[-74.12457,4.55728],[-74.12432,4.55689],[-74.12409,4.55652],[-74.12385,4.55614],[-74.12362,4.55576],[-74.12338,4.55538]]}},{"type":"Feature","properties":{"id":"89698600","nom":"Carrera 12C","tipo":"residential"},"geometry":{"type":"LineString","coordinates":[[-74.12618,4.56143],[-74.12542,4.5618],[-74.12494,4.56202],[-74.12488,4.56205]]}},{"type":"Feature","properties":{"id":"89698603","nom":"Calle 47 Sur","tipo":"residential"},"geometry":{"type":"LineString","coordinates":[[-74.12568,4.57026],[-74.12595,4.57117],[-74.12607,4.57155],[-74.12617,4.57188]]}},{"type":"Feature","properties":{"id":"89698608","nom":"Carrera 11","tipo":"residential"},"geometry":{"type":"LineString","coordinates":[[-74.12503,4.55803],[-74.12445,4.55841],[-74.12381,4.55882],[-74.12345,4.55905],[-74.1234,4.55908]]}},{"type":"Feature","properties":{"id":"89698613","nom":"Carrera 7","tipo":"residential"},"geometry":{"type":"LineString","coordinates":[[-74.12253,4.55537],[-74.12274,4.55523]]}},{"type":"Feature","properties":{"id":"89698636","nom":"Calle 53 Sur","tipo":"tertiary"},"geometry":{"type":"LineString","coordinates":[[-74.12853,4.56562],[-74.12887,4.56598],[-74.1289,4.56601],[-74.12924,4.56637],[-74.12927,4.5664],[-74.12968,4.56684],[-74.12987,4.56705],[-74.13005,4.56724]]}},{"type":"Feature","properties":{"id":"89698678","nom":"Carrera 11A","tipo":"residential"},"geometry":{"type":"LineString","coordinates":[[-74.12527,4.55841],[-74.12508,4.55853]]}},{"type":"Feature","properties":{"id":"89698696","nom":"Carrera 7A","tipo":"residential"},"geometry":{"type":"LineString","coordinates":[[-74.12171,4.55641],[-74.12177,4.55637],[-74.12209,4.55617],[-74.12213,4.55615],[-74.12277,4.55576]]}},{"type":"Feature","properties":{"id":"89699477","nom":"Avenida Calle 51 Sur","tipo":"primary"},"geometry":{"type":"LineString","coordinates":[[-74.12506,4.56344],[-74.12505,4.56339],[-74.12504,4.56329],[-74.12503,4.56317],[-74.12504,4.56287],[-74.12503,4.56271],[-74.12503,4.56268],[-74.12503,4.5626],[-74.12502,4.56252],[-74.125,4.56241],[-74.12498,4.56231],[-74.12495,4.56222],[-74.12492,4.56213],[-74.12488,4.56205],[-74.12481,4.56191],[-74.12473,4.56175],[-74.12457,4.56145],[-74.12444,4.56117],[-74.12434,4.56094],[-74.12423,4.5607],[-74.12421,4.56067],[-74.12394,4.56008],[-74.1239,4.55999],[-74.1238,4.55977],[-74.12373,4.55964],[-74.12369,4.55955],[-74.12364,4.55946],[-74.12359,4.55936],[-74.12352,4.55924],[-74.12344,4.55914],[-74.1234,4.55908],[-74.12325,4.55889],[-74.12311,4.55873],[-74.12296,4.55855],[-74.12286,4.55843],[-74.12282,4.5584]]}},{"type":"Feature","properties":{"id":"89699502","nom":"Avenida Carrera 14","tipo":"primary"},"geometry":{"type":"LineString","coordinates":[[-74.12333,4.57431],[-74.12329,4.57436],[-74.12325,4.57441],[-74.12317,4.57448],[-74.1231,4.57456],[-74.12302,4.57463],[-74.12291,4.57472],[-74.12281,4.57479],[-74.12272,4.57486],[-74.12261,4.57493],[-74.12248,4.57501],[-74.12239,4.57506],[-74.12229,4.5751],[-74.12219,4.57514],[-74.12205,4.57518],[-74.12159,4.5753],[-74.12133,4.57537],[-74.12109,4.57542],[-74.12103,4.57544],[-74.12091,4.57546],[-74.12083,4.57548],[-74.12024,4.57563],[-74.11963,4.57579],[-74.11954,4.57581],[-74.11943,4.57584],[-74.11914,4.5759],[-74.119,4.57593]]}},{"type":"Feature","properties":{"id":"89699512","nom":"Avenida Carrera 14","tipo":"primary"},"geometry":{"type":"LineString","coordinates":[[-74.12576,4.56883],[-74.12587,4.56864],[-74.12589,4.5686],[-74.12596,4.56846],[-74.12603,4.56834],[-74.12608,4.56826],[-74.12633,4.56787],[-74.12644,4.5677],[-74.12652,4.56754],[-74.12657,4.56743],[-74.1266,4.56734],[-74.12664,4.56721],[-74.12666,4.56712],[-74.12668,4.56703],[-74.12668,4.56693],[-74.12669,4.56687]]}},{"type":"Feature","properties":{"id":"89700667","nom":"Transversal 13M","tipo":"residential"},"geometry":{"type":"LineString","coordinates":[[-74.12396,4.57099],[-74.12387,4.57133],[-74.12375,4.57174],[-74.12365,4.57208]]}},{"type":"Feature","properties":{"id":"89700669","nom":"Carrera 13D","tipo":"residential"},"geometry":{"type":"LineString","coordinates":[[-74.11947,4.57084],[-74.11889,4.57159],[-74.11856,4.57201]]}},{"type":"Feature","properties":{"id":"89700679","nom":"Transversal 13F Bis A","tipo":"residential"},"geometry":{"type":"LineString","coordinates":[[-74.12134,4.5671],[-74.12128,4.56744],[-74.12115,4.56807],[-74.12108,4.56841],[-74.12091,4.5692],[-74.12076,4.57],[-74.12067,4.57041],[-74.12064,4.57054],[-74.12059,4.5708]]}},{"type":"Feature","properties":{"id":"89700680","nom":"Calle 48 Sur","tipo":"residential"},"geometry":{"type":"LineString","coordinates":[[-74.11562,4.56526],[-74.116,4.56572]]}},{"type":"Feature","properties":{"id":"89700682","nom":"Diagonal 45F Sur","tipo":"tertiary"},"geometry":{"type":"LineString","coordinates":[[-74.11633,4.56826],[-74.1168,4.56835],[-74.11733,4.56846],[-74.11771,4.56854],[-74.11783,4.56857],[-74.11834,4.56867],[-74.11886,4.56878],[-74.11937,4.56889],[-74.11988,4.56899],[-74.1204,4.5691],[-74.12091,4.5692],[-74.12144,4.56931],[-74.12163,4.56935],[-74.12179,4.56938],[-74.12185,4.5694],[-74.12192,4.56943],[-74.12239,4.56966],[-74.12286,4.56988],[-74.12335,4.5701],[-74.12363,4.57023],[-74.12384,4.57032],[-74.1243,4.57055],[-74.12462,4.57071],[-74.12466,4.57073]]}},{"type":"Feature","properties":{"id":"89700695","nom":"Transversal 12F","tipo":"residential"},"geometry":{"type":"LineString","coordinates":[[-74.11624,4.5665],[-74.11619,4.56668],[-74.11611,4.56705],[-74.11605,4.56736],[-74.1159,4.56808]]}},{"type":"Feature","properties":{"id":"89700698","nom":"Transversal 13A","tipo":"residential"},"geometry":{"type":"LineString","coordinates":[[-74.11851,4.56787],[-74.11834,4.56867],[-74.11818,4.56945],[-74.1181,4.56982]]}},{"type":"Feature","properties":{"id":"89700704","nom":"Carrera 12J","tipo":"tertiary"},"geometry":{"type":"LineString","coordinates":[[-74.11412,4.5713],[-74.11416,4.57134],[-74.11421,4.57135],[-74.11446,4.57129],[-74.11516,4.57114]]}},{"type":"Feature","properties":{"id":"89700710","nom":"Transversal 13F","tipo":"residential"},"geometry":{"type":"LineString","coordinates":[[-74.12056,4.5683],[-74.1204,4.5691],[-74.12023,4.56988],[-74.12006,4.5707],[-74.11995,4.5712]]}},{"type":"Feature","properties":{"id":"89700722","nom":"Transversal 13D","tipo":"residential"},"geometry":{"type":"LineString","coordinates":[[-74.12004,4.56819],[-74.11988,4.56899],[-74.11972,4.56978],[-74.11957,4.57049],[-74.11955,4.57059],[-74.11947,4.57084]]}},{"type":"Feature","properties":{"id":"89700723","nom":"Carrera 13B","tipo":"residential"},"geometry":{"type":"LineString","coordinates":[[-74.11857,4.57016],[-74.11799,4.57089],[-74.11769,4.57128]]}},{"type":"Feature","properties":{"id":"89700728","nom":"Calle 40 Sur","tipo":"residential"},"geometry":{"type":"LineString","coordinates":[[-74.11549,4.56991],[-74.11551,4.56995],[-74.11598,4.57034],[-74.11679,4.57098],[-74.11693,4.57113],[-74.11703,4.57126],[-74.11706,4.57137]]}},{"type":"Feature","properties":{"id":"89700744","nom":"Diagonal 47 Sur","tipo":"residential"},"geometry":{"type":"LineString","coordinates":[[-74.11486,4.56612],[-74.11519,4.5662],[-74.11537,4.56624],[-74.11552,4.56628]]}},{"type":"Feature","properties":{"id":"89700747","nom":"Transversal 13L","tipo":"residential"},"geometry":{"type":"LineString","coordinates":[[-74.12507,4.56746],[-74.12508,4.56749],[-74.12507,4.56754],[-74.12491,4.56794],[-74.12473,4.56836],[-74.1245,4.56885],[-74.12432,4.56922],[-74.12414,4.5696],[-74.12399,4.56998],[-74.12384,4.57032],[-74.12358,4.57083]]}},{"type":"Feature","properties":{"id":"89700771","nom":"Diagonal 46 Sur","tipo":"tertiary"},"geometry":{"type":"LineString","coordinates":[[-74.12496,4.56999],[-74.12491,4.56997],[-74.12463,4.56983],[-74.12414,4.5696],[-74.12406,4.56956],[-74.12395,4.56951],[-74.12368,4.56938],[-74.12346,4.56927],[-74.12343,4.56926],[-74.1232,4.56915],[-74.12274,4.56893],[-74.12226,4.5687],[-74.12207,4.56862],[-74.12194,4.56856],[-74.12187,4.56854],[-74.12161,4.56852],[-74.12125,4.56845],[-74.12108,4.56841],[-74.12087,4.56837],[-74.12056,4.5683],[-74.12049,4.56829],[-74.12013,4.56821],[-74.12004,4.56819],[-74.11976,4.56813],[-74.11964,4.56811],[-74.11954,4.56809],[-74.11938,4.56806],[-74.11902,4.56798]]}},{"type":"Feature","properties":{"id":"89700775","nom":"Calle 40I Sur","tipo":"residential"},"geometry":{"type":"LineString","coordinates":[[-74.11889,4.57286],[-74.11864,4.57262],[-74.11842,4.5724],[-74.11829,4.57224],[-74.11815,4.57213],[-74.11799,4.57204],[-74.11779,4.57194],[-74.11744,4.57169],[-74.11741,4.57166],[-74.1173,4.57162],[-74.11717,4.57162]]}},{"type":"Feature","properties":{"id":"89700782","nom":"Transversal 13C","tipo":"residential"},"geometry":{"type":"LineString","coordinates":[[-74.11954,4.56809],[-74.11937,4.56889],[-74.11921,4.56966],[-74.11903,4.57049]]}},{"type":"Feature","properties":{"id":"89700802","nom":"Carrera 13","tipo":"residential"},"geometry":{"type":"LineString","coordinates":[[-74.11903,4.57049],[-74.11844,4.57124]]}},{"type":"Feature","properties":{"id":"89700804","nom":"Carrera 12G","tipo":"residential"},"geometry":{"type":"LineString","coordinates":[[-74.11021,4.57051],[-74.11066,4.57055],[-74.11109,4.57058],[-74.11158,4.57063],[-74.11197,4.5707],[-74.11239,4.57075],[-74.11263,4.57077],[-74.11269,4.57076],[-74.11274,4.57074],[-74.1128,4.57069],[-74.11324,4.57034]]}},{"type":"Feature","properties":{"id":"89700839","nom":"Diagonal 45C Sur","tipo":"residential"},"geometry":{"type":"LineString","coordinates":[[-74.1245,4.5712],[-74.12446,4.57119],[-74.12408,4.57103],[-74.12396,4.57099],[-74.12358,4.57083],[-74.12336,4.57074],[-74.12308,4.57063],[-74.12278,4.57051],[-74.12259,4.57044],[-74.12223,4.57029],[-74.12214,4.57025],[-74.12199,4.5702],[-74.12196,4.57018],[-74.12193,4.57018],[-74.1219,4.57018],[-74.12188,4.57018],[-74.12185,4.57018],[-74.12183,4.57018],[-74.12181,4.57018],[-74.12169,4.57013],[-74.12167,4.57013],[-74.12164,4.57013],[-74.1216,4.57013],[-74.12157,4.57014],[-74.12155,4.57014],[-74.12152,4.57013],[-74.12145,4.57011],[-74.12143,4.5701],[-74.12141,4.5701],[-74.12139,4.5701],[-74.12135,4.57011],[-74.1213,4.57011],[-74.12129,4.57011],[-74.12127,4.57011],[-74.12076,4.57],[-74.12023,4.56988],[-74.12003,4.56984],[-74.11972,4.56978],[-74.11921,4.56966],[-74.11869,4.56956],[-74.11818,4.56945],[-74.11767,4.56935]]}},{"type":"Feature","properties":{"id":"89700844","nom":"Transversal 12F Bis A","tipo":"residential"},"geometry":{"type":"LineString","coordinates":[[-74.11662,4.56686],[-74.11656,4.56715],[-74.11649,4.56745],[-74.11633,4.56826]]}},{"type":"Feature","properties":{"id":"89700846","nom":"Carrera 13A Bis","tipo":"residential"},"geometry":{"type":"LineString","coordinates":[[-74.11717,4.57162],[-74.11708,4.57164],[-74.11678,4.57176],[-74.11665,4.57178]]}},{"type":"Feature","properties":{"id":"89700848","nom":"Carrera 12G Bis","tipo":"residential"},"geometry":{"type":"LineString","coordinates":[[-74.11693,4.56891],[-74.11634,4.56961]]}},{"type":"Feature","properties":{"id":"89701239","nom":"Diagonal 49A Bis A Sur","tipo":"residential"},"geometry":{"type":"LineString","coordinates":[[-74.12252,4.56685],[-74.12222,4.56685],[-74.12197,4.56678]]}},{"type":"Feature","properties":{"id":"89701246","nom":"Carrera 13 Bis","tipo":"residential"},"geometry":{"type":"LineString","coordinates":[[-74.12356,4.56453],[-74.12381,4.56441],[-74.12424,4.5642],[-74.12483,4.56388],[-74.12491,4.56384],[-74.12496,4.56381]]}},{"type":"Feature","properties":{"id":"89701248","nom":"Diagonal 49A Bis B Sur","tipo":"residential"},"geometry":{"type":"LineString","coordinates":[[-74.12507,4.56746],[-74.12507,4.56743],[-74.12504,4.5674],[-74.12494,4.56731],[-74.12481,4.56722],[-74.12468,4.56716],[-74.12462,4.56714],[-74.12405,4.56698],[-74.12384,4.56692],[-74.12359,4.56685]]}},{"type":"Feature","properties":{"id":"89701254","nom":"Transversal 13H","tipo":"residential"},"geometry":{"type":"LineString","coordinates":[[-74.12148,4.5704],[-74.1216,4.57013],[-74.12176,4.56979],[-74.12192,4.56943],[-74.12208,4.56908],[-74.12226,4.5687],[-74.12247,4.56825]]}},{"type":"Feature","properties":{"id":"89701255","nom":"Carrera 12B","tipo":"residential"},"geometry":{"type":"LineString","coordinates":[[-74.12297,4.56228],[-74.12302,4.56228],[-74.12329,4.56212],[-74.12361,4.56198],[-74.12391,4.56181],[-74.12418,4.56168],[-74.1242,4.56166],[-74.12425,4.56163]]}},{"type":"Feature","properties":{"id":"89701263","nom":"Transversal 13F","tipo":"residential"},"geometry":{"type":"LineString","coordinates":[[-74.12118,4.56658],[-74.12125,4.56651],[-74.12131,4.56644],[-74.12137,4.56638],[-74.12142,4.56633],[-74.12156,4.56622],[-74.12166,4.56618],[-74.12174,4.56615]]}},{"type":"Feature","properties":{"id":"89701264","nom":"Transversal 13M","tipo":"residential"},"geometry":{"type":"LineString","coordinates":[[-74.12408,4.57103],[-74.1243,4.57055],[-74.12445,4.57021],[-74.12455,4.57001],[-74.12463,4.56983],[-74.1248,4.56946],[-74.12498,4.56908],[-74.12521,4.56858],[-74.12528,4.56842]]}},{"type":"Feature","properties":{"id":"89701273","nom":"Carrera 13B","tipo":"residential"},"geometry":{"type":"LineString","coordinates":[[-74.12421,4.56556],[-74.12453,4.56537],[-74.1248,4.56521]]}},{"type":"Feature","properties":{"id":"89701284","nom":"Transversal 13D","tipo":"residential"},"geometry":{"type":"LineString","coordinates":[[-74.12013,4.56821],[-74.12028,4.56748]]}},{"type":"Feature","properties":{"id":"89701285","nom":"Transversal 13G","tipo":"residential"},"geometry":{"type":"LineString","coordinates":[[-74.122,4.56651],[-74.12197,4.56678],[-74.12194,4.56692],[-74.12188,4.56722],[-74.12181,4.56754],[-74.12161,4.56852],[-74.12151,4.56897],[-74.12144,4.56931],[-74.12136,4.56971],[-74.12127,4.57011],[-74.12125,4.57021],[-74.12118,4.57051],[-74.12118,4.57057],[-74.1212,4.57062],[-74.12133,4.57086],[-74.12136,4.57139]]}},{"type":"Feature","properties":{"id":"89701298","nom":"Calle 50A Sur","tipo":"residential"},"geometry":{"type":"LineString","coordinates":[[-74.12445,4.56601],[-74.12426,4.56566],[-74.12421,4.56556],[-74.12418,4.56547],[-74.12417,4.56543],[-74.12418,4.56539],[-74.12425,4.56524],[-74.12426,4.5652],[-74.12425,4.56514],[-74.12423,4.5651],[-74.12405,4.56479],[-74.12381,4.56441],[-74.12362,4.56404]]}},{"type":"Feature","properties":{"id":"89701304","nom":"Diagonal 48 Sur","tipo":"residential"},"geometry":{"type":"LineString","coordinates":[[-74.12247,4.56825],[-74.12252,4.56819],[-74.12259,4.56814],[-74.12267,4.5681],[-74.1228,4.56808],[-74.12291,4.5681],[-74.12301,4.56814],[-74.12308,4.56818],[-74.12354,4.5684],[-74.12403,4.56863],[-74.1245,4.56885],[-74.12474,4.56896],[-74.12498,4.56908],[-74.12526,4.56922],[-74.1253,4.56924]]}},{"type":"Feature","properties":{"id":"89701306","nom":"Diagonal 49A Sur","tipo":"residential"},"geometry":{"type":"LineString","coordinates":[[-74.12013,4.56678],[-74.12042,4.5668],[-74.12049,4.56681],[-74.12057,4.56683],[-74.12115,4.56705],[-74.12134,4.5671],[-74.12147,4.56713],[-74.12188,4.56722]]}},{"type":"Feature","properties":{"id":"89701307","nom":"Carrera 13A Bis","tipo":"residential"},"geometry":{"type":"LineString","coordinates":[[-74.12461,4.56486],[-74.12529,4.56449],[-74.12533,4.56446]]}},{"type":"Feature","properties":{"id":"89701308","nom":"Transversal 13F Bis B Sur","tipo":"residential"},"geometry":{"type":"LineString","coordinates":[[-74.12159,4.56642],[-74.12147,4.56713]]}},{"type":"Feature","properties":{"id":"89702084","nom":"Carrera 5Z","tipo":"tertiary"},"geometry":{"type":"LineString","coordinates":[[-74.11906,4.55569],[-74.1202,4.55514],[-74.12023,4.55512],[-74.12027,4.5551],[-74.12053,4.55498]]}},{"type":"Feature","properties":{"id":"89702098","nom":"Calle 50C Sur","tipo":"residential"},"geometry":{"type":"LineString","coordinates":[[-74.12437,4.56367],[-74.12435,4.56355],[-74.12435,4.56344],[-74.12436,4.5633],[-74.12442,4.56304],[-74.12442,4.56294],[-74.12441,4.56285],[-74.12438,4.56275],[-74.12432,4.56262],[-74.12391,4.56181],[-74.12368,4.56137]]}},{"type":"Feature","properties":{"id":"89702099","nom":"Calle 49I Sur","tipo":"residential"},"geometry":{"type":"LineString","coordinates":[[-74.12244,4.56138],[-74.12248,4.56146],[-74.1225,4.5615],[-74.12252,4.56154],[-74.12255,4.56174],[-74.12259,4.562],[-74.1226,4.56216],[-74.12259,4.56232]]}},{"type":"Feature","properties":{"id":"89702102","nom":"Carrera 5Y","tipo":"residential"},"geometry":{"type":"LineString","coordinates":[[-74.11873,4.55535],[-74.11959,4.55494],[-74.12002,4.55474],[-74.12004,4.55473]]}},{"type":"Feature","properties":{"id":"89702106","nom":"Calle 49H Sur","tipo":"residential"},"geometry":{"type":"LineString","coordinates":[[-74.12213,4.56179],[-74.12197,4.56155]]}},{"type":"Feature","properties":{"id":"89702111","nom":"Calle 49D Bis Sur","tipo":"tertiary"},"geometry":{"type":"LineString","coordinates":[[-74.11752,4.55479],[-74.11762,4.55478],[-74.11768,4.55479],[-74.11774,4.55481],[-74.11778,4.55483],[-74.11782,4.55486],[-74.11785,4.55491],[-74.11787,4.55496],[-74.11797,4.55517],[-74.11819,4.55564],[-74.11821,4.55568],[-74.11823,4.5557]]}},{"type":"Feature","properties":{"id":"89702128","nom":"Carrera 10","tipo":"tertiary"},"geometry":{"type":"LineString","coordinates":[[-74.12085,4.55909],[-74.12146,4.55892],[-74.12158,4.55888],[-74.12198,4.55877],[-74.12248,4.55861],[-74.12256,4.55858],[-74.12261,4.55857],[-74.12264,4.55855],[-74.12268,4.55852]]}},{"type":"Feature","properties":{"id":"89702134","nom":"Calle 50 Sur","tipo":"residential"},"geometry":{"type":"LineString","coordinates":[[-74.11959,4.55494],[-74.11939,4.55452],[-74.11919,4.55409]]}},{"type":"Feature","properties":{"id":"89702141","nom":"Calle 50 Sur","tipo":"tertiary"},"geometry":{"type":"LineString","coordinates":[[-74.12001,4.5558],[-74.12021,4.55621],[-74.1205,4.55682],[-74.12057,4.55695],[-74.12101,4.55786],[-74.12103,4.5579]]}},{"type":"Feature","properties":{"id":"89702150","nom":"Carrera 5Y","tipo":"tertiary"},"geometry":{"type":"LineString","coordinates":[[-74.11823,4.5557],[-74.11827,4.55571],[-74.11831,4.5557],[-74.11883,4.55546]]}},{"type":"Feature","properties":{"id":"89702158","nom":"Calle 49G Sur","tipo":"residential"},"geometry":{"type":"LineString","coordinates":[[-74.11738,4.55261],[-74.11762,4.55299],[-74.11772,4.55317],[-74.11798,4.55372]]}},{"type":"Feature","properties":{"id":"89702168","nom":"Carrera 5U","tipo":"residential"},"geometry":{"type":"LineString","coordinates":[[-74.11939,4.554],[-74.11919,4.55409],[-74.11834,4.5545]]}},{"type":"Feature","properties":{"id":"89702172","nom":"Carrera 6C","tipo":"residential"},"geometry":{"type":"LineString","coordinates":[[-74.11895,4.5573],[-74.11869,4.55741],[-74.11843,4.55753]]}},{"type":"Feature","properties":{"id":"89702186","nom":"Carrera 12A","tipo":"residential"},"geometry":{"type":"LineString","coordinates":[[-74.12406,4.56087],[-74.12403,4.56092],[-74.12395,4.56105]]}},{"type":"Feature","properties":{"id":"89702199","nom":"Calle 50A Bis Sur","tipo":"residential"},"geometry":{"type":"LineString","coordinates":[[-74.12307,4.56171],[-74.12304,4.5616],[-74.12301,4.56152],[-74.12298,4.56142],[-74.12297,4.56132],[-74.12296,4.56127],[-74.12295,4.56122],[-74.1229,4.56105],[-74.12287,4.56095],[-74.12288,4.56073],[-74.1229,4.56053]]}},{"type":"Feature","properties":{"id":"89702225","nom":"Carrera 5N","tipo":"residential"},"geometry":{"type":"LineString","coordinates":[[-74.11846,4.55259],[-74.11841,4.55261],[-74.11803,4.55279],[-74.11762,4.55299]]}},{"type":"Feature","properties":{"id":"89702240","nom":"Carrera 5R","tipo":"tertiary"},"geometry":{"type":"LineString","coordinates":[[-74.11836,4.55354],[-74.11924,4.55313],[-74.11928,4.55311]]}},{"type":"Feature","properties":{"id":"89702262","nom":"Calle 49D Sur","tipo":"residential"},"geometry":{"type":"LineString","coordinates":[[-74.11902,4.5581],[-74.119,4.55807],[-74.11881,4.55766],[-74.11869,4.55741]]}},{"type":"Feature","properties":{"id":"89702272","nom":"Carrera 5U","tipo":"tertiary"},"geometry":{"type":"LineString","coordinates":[[-74.1167,4.55542],[-74.11674,4.55537],[-74.11687,4.55526],[-74.11699,4.55515],[-74.11717,4.55498]]}},{"type":"Feature","properties":{"id":"89702284","nom":"Calle 50A Sur","tipo":"residential"},"geometry":{"type":"LineString","coordinates":[[-74.12346,4.56308],[-74.12343,4.56307],[-74.1234,4.56304],[-74.12336,4.56298],[-74.12331,4.56294],[-74.12325,4.5629],[-74.1232,4.56288],[-74.12314,4.56285],[-74.12314,4.5628],[-74.12313,4.56274],[-74.1231,4.56262],[-74.12302,4.56246],[-74.12297,4.56228],[-74.12291,4.56221],[-74.12286,4.56211],[-74.12285,4.56202],[-74.12285,4.56196]]}},{"type":"Feature","properties":{"id":"89720159","nom":"Carrera 13","tipo":"residential"},"geometry":{"type":"LineString","coordinates":[[-74.13079,4.55996],[-74.13018,4.56065],[-74.12968,4.5612],[-74.12902,4.56153],[-74.12841,4.56183],[-74.12775,4.56216]]}},{"type":"Feature","properties":{"id":"89720168","nom":"Carrera 13C","tipo":"tertiary"},"geometry":{"type":"LineString","coordinates":[[-74.12997,4.56159],[-74.12939,4.56224],[-74.12888,4.5628]]}},{"type":"Feature","properties":{"id":"89720202","nom":"Carrera 19","tipo":"residential"},"geometry":{"type":"LineString","coordinates":[[-74.12759,4.56961],[-74.12761,4.56963],[-74.12765,4.56963],[-74.12768,4.56963],[-74.12883,4.56906],[-74.13082,4.56809],[-74.13084,4.56808],[-74.13087,4.56806],[-74.13206,4.56749],[-74.13269,4.56718],[-74.13414,4.56645],[-74.13424,4.56632],[-74.13441,4.5661],[-74.13469,4.56575]]}},{"type":"Feature","properties":{"id":"89720250","nom":"Carrera 15","tipo":"residential"},"geometry":{"type":"LineString","coordinates":[[-74.13064,4.56328],[-74.1305,4.5634],[-74.12946,4.56429],[-74.12827,4.56527],[-74.12824,4.5653]]}},{"type":"Feature","properties":{"id":"89720291","nom":"Calle 57 Sur","tipo":"residential"},"geometry":{"type":"LineString","coordinates":[[-74.12968,4.5612],[-74.12931,4.56067],[-74.12891,4.56009],[-74.12854,4.55955]]}},{"type":"Feature","properties":{"id":"89720409","nom":"Calle 55 Sur","tipo":"tertiary"},"geometry":{"type":"LineString","coordinates":[[-74.13319,4.56763],[-74.13269,4.56718],[-74.1322,4.56673],[-74.13171,4.5663],[-74.13124,4.56588],[-74.13078,4.56547],[-74.13061,4.56532],[-74.13032,4.56506],[-74.12989,4.56467]]}},{"type":"Feature","properties":{"id":"89720499","nom":"Carrera 12D","tipo":"residential"},"geometry":{"type":"LineString","coordinates":[[-74.12503,4.56271],[-74.12512,4.56267],[-74.1257,4.56239],[-74.12647,4.56204],[-74.12726,4.56166]]}},{"type":"Feature","properties":{"id":"89720530","nom":"Calle 57 Sur","tipo":"residential"},"geometry":{"type":"LineString","coordinates":[[-74.12997,4.56159],[-74.12968,4.5612]]}},{"type":"Feature","properties":{"id":"89720543","nom":"Carrera 19A","tipo":"residential"},"geometry":{"type":"LineString","coordinates":[[-74.13526,4.56619],[-74.13499,4.56654],[-74.13482,4.56676],[-74.13468,4.56693],[-74.13319,4.56763],[-74.13129,4.56851],[-74.13126,4.56852],[-74.13123,4.56853],[-74.12919,4.56946]]}},{"type":"Feature","properties":{"id":"89720556","nom":"Carrera 13C","tipo":"tertiary"},"geometry":{"type":"LineString","coordinates":[[-74.12888,4.5628],[-74.12818,4.56359]]}},{"type":"Feature","properties":{"id":"89720597","nom":"Calle 57 Sur","tipo":"tertiary"},"geometry":{"type":"LineString","coordinates":[[-74.13039,4.56219],[-74.13036,4.56216],[-74.12997,4.56159]]}},{"type":"Feature","properties":{"id":"89720628","nom":"Carrera 17","tipo":"residential"},"geometry":{"type":"LineString","coordinates":[[-74.12989,4.56467],[-74.13115,4.56379],[-74.13152,4.56331]]}},{"type":"Feature","properties":{"id":"89726552","nom":"Avenida Carrera 27","tipo":"secondary"},"geometry":{"type":"LineString","coordinates":[[-74.11444,4.58862],[-74.11521,4.58855],[-74.11533,4.58854],[-74.11537,4.58853],[-74.11556,4.58852],[-74.11573,4.58851],[-74.11595,4.5885],[-74.1161,4.5885],[-74.11621,4.5885],[-74.1163,4.58851],[-74.11636,4.58852],[-74.11652,4.58853],[-74.11668,4.58855],[-74.1169,4.5886],[-74.1171,4.58864],[-74.11717,4.58866],[-74.11724,4.58867],[-74.1173,4.58869],[-74.11835,4.58895],[-74.11875,4.58905]]}},{"type":"Feature","properties":{"id":"89726574","nom":"Calle 35 Sur","tipo":"residential"},"geometry":{"type":"LineString","coordinates":[[-74.11942,4.59105],[-74.11942,4.59101],[-74.11936,4.59066],[-74.11936,4.59061],[-74.11935,4.59058],[-74.11926,4.58998],[-74.11925,4.58994],[-74.11926,4.58991]]}},{"type":"Feature","properties":{"id":"89726576","nom":"Calle 37 Bis Sur","tipo":"residential"},"geometry":{"type":"LineString","coordinates":[[-74.12126,4.59182],[-74.12124,4.59171],[-74.12116,4.59129],[-74.12116,4.59127],[-74.12115,4.59122],[-74.12098,4.59029],[-74.12089,4.58975]]}},{"type":"Feature","properties":{"id":"89726877","nom":"Calle 38A Sur","tipo":"tertiary"},"geometry":{"type":"LineString","coordinates":[[-74.12226,4.58972],[-74.1223,4.58975],[-74.12234,4.58979],[-74.12235,4.58981],[-74.12236,4.58984],[-74.1225,4.59059],[-74.12257,4.59097],[-74.12259,4.59105],[-74.12261,4.59114],[-74.12263,4.5912],[-74.12267,4.59127],[-74.12268,4.59129],[-74.1227,4.59132],[-74.12275,4.59137],[-74.1228,4.59143],[-74.12288,4.59149],[-74.12291,4.59153],[-74.12292,4.59156],[-74.12293,4.59161],[-74.12299,4.59191],[-74.123,4.59199],[-74.12304,4.5922],[-74.12304,4.59228],[-74.12304,4.59234],[-74.12302,4.59248],[-74.12301,4.59258],[-74.12301,4.59264],[-74.12301,4.59271],[-74.12302,4.59279],[-74.12313,4.59348],[-74.12314,4.59353],[-74.12313,4.59357],[-74.12313,4.59359],[-74.12312,4.59362],[-74.12311,4.59365],[-74.12309,4.59368],[-74.12303,4.59374]]}},{"type":"Feature","properties":{"id":"89726994","nom":"Avenida Carrera 27","tipo":"secondary"},"geometry":{"type":"LineString","coordinates":[[-74.10902,4.58919],[-74.10891,4.5893]]}},{"type":"Feature","properties":{"id":"89742433","nom":"Diagonal 48Q Sur","tipo":"residential"},"geometry":{"type":"LineString","coordinates":[[-74.11606,4.55666],[-74.11579,4.55656],[-74.11554,4.55646],[-74.11545,4.55642],[-74.11535,4.5564],[-74.11467,4.55636],[-74.11459,4.55633],[-74.11448,4.55631],[-74.11441,4.5563],[-74.11434,4.5563],[-74.11424,4.5563],[-74.11414,4.55629],[-74.11402,4.55628],[-74.11393,4.55624],[-74.11385,4.5562]]}},{"type":"Feature","properties":{"id":"89742440","nom":"Calle 48X Sur","tipo":"residential"},"geometry":{"type":"LineString","coordinates":[[-74.11456,4.55496],[-74.11455,4.55494],[-74.11424,4.55428],[-74.11415,4.55409],[-74.11412,4.55403],[-74.114,4.55378],[-74.11398,4.55374]]}},{"type":"Feature","properties":{"id":"89742442","nom":"Carrera 6A","tipo":"residential"},"geometry":{"type":"LineString","coordinates":[[-74.12021,4.55621],[-74.11979,4.5564],[-74.1196,4.55648],[-74.11958,4.55649],[-74.11956,4.55651]]}},{"type":"Feature","properties":{"id":"89742445","nom":"Carrera 5L","tipo":"secondary"},"geometry":{"type":"LineString","coordinates":[[-74.11611,4.55274],[-74.11608,4.55275],[-74.11554,4.55301],[-74.11535,4.55309],[-74.1153,4.55312],[-74.11502,4.55325],[-74.11498,4.55327],[-74.11483,4.55334],[-74.1148,4.55336],[-74.11428,4.5536],[-74.11402,4.55372],[-74.11398,4.55374],[-74.11393,4.55376],[-74.11364,4.5539],[-74.11335,4.55404],[-74.11329,4.55407],[-74.11323,4.55411],[-74.11307,4.55422],[-74.11304,4.55425],[-74.113,4.55429],[-74.11297,4.55432],[-74.11284,4.55449],[-74.1128,4.55454],[-74.11277,4.5546],[-74.11273,4.55466]]}},{"type":"Feature","properties":{"id":"89742464","nom":"Carrera 6B","tipo":"residential"},"geometry":{"type":"LineString","coordinates":[[-74.11955,4.5568],[-74.11954,4.55681],[-74.11952,4.55681],[-74.11935,4.55681],[-74.11867,4.55682],[-74.11825,4.55673],[-74.11804,4.55668],[-74.11787,4.55664],[-74.1178,4.55663]]}},{"type":"Feature","properties":{"id":"89742493","nom":"Transversal 5R Bis A","tipo":"residential"},"geometry":{"type":"LineString","coordinates":[[-74.11544,4.55692],[-74.11554,4.55646],[-74.1156,4.55619]]}},{"type":"Feature","properties":{"id":"89742533","nom":"Transversal 5Q","tipo":"residential"},"geometry":{"type":"LineString","coordinates":[[-74.11476,4.55553],[-74.11477,4.55563],[-74.11477,4.55573],[-74.11473,4.55596],[-74.11467,4.55636],[-74.11464,4.55656],[-74.11464,4.55659],[-74.11461,4.55667],[-74.11459,4.55673],[-74.11454,4.55681],[-74.11441,4.55702],[-74.1144,4.55704],[-74.11439,4.5571],[-74.11435,4.55722],[-74.11434,4.55728],[-74.11432,4.55742],[-74.1143,4.55749],[-74.11427,4.55768],[-74.11422,4.55805],[-74.11419,4.55821],[-74.11419,4.55837],[-74.11418,4.55849],[-74.11419,4.55864],[-74.1142,4.55888],[-74.1142,4.55906],[-74.1142,4.55914],[-74.11419,4.55921],[-74.11419,4.55933],[-74.11418,4.55944],[-74.11418,4.55949],[-74.11411,4.55993],[-74.11408,4.56012]]}},{"type":"Feature","properties":{"id":"89742569","nom":"Transversal 5Y","tipo":"tertiary"},"geometry":{"type":"LineString","coordinates":[[-74.11784,4.5571],[-74.1178,4.55711],[-74.11773,4.55714],[-74.1177,4.55716],[-74.11764,4.55721],[-74.1176,4.55727],[-74.11757,4.55732],[-74.11755,4.55739],[-74.11754,4.55746],[-74.11754,4.55753],[-74.11754,4.55757],[-74.11754,4.55774],[-74.11753,4.55786],[-74.11752,4.55801],[-74.11747,4.55831],[-74.11746,4.55839],[-74.11744,4.55844]]}},{"type":"Feature","properties":{"id":"89742596","nom":"Transversal 5U","tipo":"residential"},"geometry":{"type":"LineString","coordinates":[[-74.1155,4.55946],[-74.11544,4.55929],[-74.1154,4.55916],[-74.11533,4.55905],[-74.11529,4.55898],[-74.11528,4.55892],[-74.11525,4.55878],[-74.11524,4.55871],[-74.1152,4.55855],[-74.1152,4.55847],[-74.11522,4.55839],[-74.11523,4.55831],[-74.11527,4.55821],[-74.11531,4.55812],[-74.11537,4.558],[-74.11545,4.55784],[-74.11546,4.55782],[-74.11549,4.55776],[-74.11553,4.55769],[-74.11556,4.55764],[-74.11561,4.55757],[-74.11566,4.55749],[-74.11572,4.55742],[-74.11578,4.55735],[-74.11595,4.55715],[-74.11598,4.5571],[-74.11599,4.55705],[-74.11606,4.55666],[-74.11616,4.55615],[-74.11617,4.5561],[-74.11617,4.55606],[-74.11619,4.55602],[-74.11667,4.55544],[-74.1167,4.55542]]}},{"type":"Feature","properties":{"id":"89742602","nom":"Transversal 5X","tipo":"residential"},"geometry":{"type":"LineString","coordinates":[[-74.11616,4.55904],[-74.11613,4.55901],[-74.11607,4.55854],[-74.11607,4.55843],[-74.11613,4.55826],[-74.11619,4.55812],[-74.11634,4.55772],[-74.1165,4.55732],[-74.11662,4.55695],[-74.11664,4.55692]]}},{"type":"Feature","properties":{"id":"89742663","nom":"Diagonal 48X Sur","tipo":"residential"},"geometry":{"type":"LineString","coordinates":[[-74.11616,4.55615],[-74.11589,4.55605],[-74.11581,4.556],[-74.1157,4.55594],[-74.11559,4.55587],[-74.11556,4.55585],[-74.11553,4.55583],[-74.11534,4.55572],[-74.11518,4.55566],[-74.11508,4.55562],[-74.11481,4.55552],[-74.11476,4.55553]]}},{"type":"Feature","properties":{"id":"89742666","nom":"Transversal 6B Bis","tipo":"tertiary"},"geometry":{"type":"LineString","coordinates":[[-74.11744,4.55844],[-74.11738,4.55858],[-74.11732,4.55869],[-74.11723,4.55883],[-74.11718,4.55891],[-74.11712,4.559],[-74.11708,4.55904],[-74.11703,4.5591],[-74.11688,4.55927]]}},{"type":"Feature","properties":{"id":"89749205","nom":"Diagonal 32A Sur","tipo":"residential"},"geometry":{"type":"LineString","coordinates":[[-74.097,4.56209],[-74.09698,4.56205],[-74.09685,4.56176],[-74.09669,4.56146],[-74.09664,4.56137]]}},{"type":"Feature","properties":{"id":"89749217","nom":"Carrera 5C","tipo":"residential"},"geometry":{"type":"LineString","coordinates":[[-74.1084,4.55857],[-74.10841,4.55826],[-74.10842,4.55799],[-74.10843,4.55781],[-74.10843,4.55772],[-74.10845,4.55723],[-74.10847,4.55684]]}},{"type":"Feature","properties":{"id":"89749220","nom":"Carrera 5D","tipo":"residential"},"geometry":{"type":"LineString","coordinates":[[-74.10944,4.55643],[-74.10968,4.55592],[-74.10999,4.5553]]}},{"type":"Feature","properties":{"id":"89749236","nom":"Calle 48M Sur","tipo":"residential"},"geometry":{"type":"LineString","coordinates":[[-74.11227,4.55564],[-74.11222,4.55561],[-74.1121,4.55555],[-74.11198,4.55549],[-74.1118,4.55541],[-74.11164,4.55532],[-74.11141,4.55521],[-74.1113,4.55516],[-74.11123,4.55513],[-74.11107,4.55505],[-74.11097,4.555],[-74.1108,4.55491],[-74.11063,4.55483],[-74.1106,4.55481],[-74.11028,4.55466]]}},{"type":"Feature","properties":{"id":"89749335","nom":"Carrera 5C","tipo":"residential"},"geometry":{"type":"LineString","coordinates":[[-74.10916,4.55567],[-74.10944,4.55504]]}},{"type":"Feature","properties":{"id":"89749353","nom":"Calle 48M Sur","tipo":"residential"},"geometry":{"type":"LineString","coordinates":[[-74.10836,4.55392],[-74.10855,4.55401],[-74.10882,4.55415],[-74.109,4.55424],[-74.1091,4.55429],[-74.10964,4.55456],[-74.11002,4.55474],[-74.1102,4.55483]]}},{"type":"Feature","properties":{"id":"89749440","nom":"Calle 48L Sur","tipo":"tertiary"},"geometry":{"type":"LineString","coordinates":[[-74.11197,4.55626],[-74.11192,4.55624],[-74.11179,4.55617],[-74.11151,4.55604],[-74.11144,4.556],[-74.11124,4.55591],[-74.11117,4.55588],[-74.111,4.55579],[-74.11088,4.55573],[-74.11083,4.55571],[-74.11078,4.55569],[-74.11049,4.55555],[-74.11023,4.55542],[-74.11015,4.55538],[-74.10999,4.5553],[-74.1098,4.55521],[-74.10944,4.55504],[-74.10942,4.55503],[-74.10913,4.55489],[-74.10896,4.5548],[-74.10887,4.55476],[-74.1088,4.55473],[-74.1085,4.55458],[-74.10834,4.5545]]}},{"type":"Feature","properties":{"id":"89749443","nom":"Carrera 5C","tipo":"residential"},"geometry":{"type":"LineString","coordinates":[[-74.10942,4.55503],[-74.10951,4.55483],[-74.10956,4.55473],[-74.10964,4.55456],[-74.10979,4.55425],[-74.10987,4.55408]]}},{"type":"Feature","properties":{"id":"89749444","nom":"Carrera 5F","tipo":"residential"},"geometry":{"type":"LineString","coordinates":[[-74.11019,4.55617],[-74.11049,4.55555]]}},{"type":"Feature","properties":{"id":"89749479","nom":"Carrera 1D Este","tipo":"residential"},"geometry":{"type":"LineString","coordinates":[[-74.09773,4.54746],[-74.09759,4.548],[-74.09748,4.54839],[-74.09739,4.54873],[-74.09736,4.54897],[-74.09735,4.54904],[-74.09716,4.54988],[-74.09703,4.55033],[-74.09692,4.55077],[-74.0968,4.55121]]}},{"type":"Feature","properties":{"id":"89749501","nom":"Carrera 5B","tipo":"residential"},"geometry":{"type":"LineString","coordinates":[[-74.10887,4.55476],[-74.10901,4.55448],[-74.1091,4.55429],[-74.10919,4.55409],[-74.10932,4.55383],[-74.10952,4.55342],[-74.10961,4.55325],[-74.10962,4.55321]]}},{"type":"Feature","properties":{"id":"89749507","nom":"Carrera 2 Este","tipo":"tertiary"},"geometry":{"type":"LineString","coordinates":[[-74.09678,4.5478],[-74.09665,4.54826],[-74.09653,4.54867],[-74.09652,4.54876],[-74.09649,4.54895],[-74.09645,4.54913],[-74.09642,4.54932],[-74.09637,4.5495],[-74.09633,4.54962],[-74.09632,4.54965],[-74.0962,4.5501],[-74.09608,4.55054],[-74.09596,4.55099]]}},{"type":"Feature","properties":{"id":"89749639","nom":"Carrera 5H","tipo":"residential"},"geometry":{"type":"LineString","coordinates":[[-74.11151,4.55604],[-74.1118,4.55541],[-74.11206,4.55485]]}},{"type":"Feature","properties":{"id":"89749680","nom":"Calle 41A Sur","tipo":"residential"},"geometry":{"type":"LineString","coordinates":[[-74.09375,4.54961],[-74.09395,4.5496],[-74.09416,4.5496],[-74.09436,4.54962],[-74.09461,4.54967],[-74.09478,4.54972],[-74.09505,4.54979],[-74.09531,4.54986],[-74.09538,4.54988],[-74.09543,4.54989],[-74.0962,4.5501],[-74.09703,4.55033],[-74.09785,4.55054],[-74.09866,4.55076],[-74.09901,4.55085]]}},{"type":"Feature","properties":{"id":"89749838","nom":"Calle 48N Sur","tipo":"residential"},"geometry":{"type":"LineString","coordinates":[[-74.10875,4.55356],[-74.10894,4.55365],[-74.10922,4.55378],[-74.10932,4.55383],[-74.10987,4.55408],[-74.11004,4.55416],[-74.11042,4.55434]]}},{"type":"Feature","properties":{"id":"89749859","nom":"Carrera 3 Este","tipo":"residential"},"geometry":{"type":"LineString","coordinates":[[-74.09623,4.54655],[-74.09619,4.54674],[-74.09608,4.54715],[-74.09597,4.54759],[-74.09586,4.54805],[-74.09575,4.54846],[-74.09571,4.54865]]}},{"type":"Feature","properties":{"id":"89749865","nom":"Carrera 5D","tipo":"residential"},"geometry":{"type":"LineString","coordinates":[[-74.10999,4.5553],[-74.11007,4.55511],[-74.1102,4.55483],[-74.11028,4.55466],[-74.11042,4.55434],[-74.11044,4.5543],[-74.11052,4.55413]]}},{"type":"Feature","properties":{"id":"89749920","nom":"Transversal 5L","tipo":"secondary"},"geometry":{"type":"LineString","coordinates":[[-74.11141,4.55744],[-74.11143,4.55829],[-74.11143,4.55832],[-74.11144,4.55834],[-74.11145,4.55865],[-74.11144,4.55875],[-74.11143,4.55885]]}},{"type":"Feature","properties":{"id":"89749963","nom":"Calle 41 Bis Sur","tipo":"residential"},"geometry":{"type":"LineString","coordinates":[[-74.0987,4.55125],[-74.09865,4.55123],[-74.09773,4.55099],[-74.09692,4.55077],[-74.09608,4.55054],[-74.09527,4.55031],[-74.09492,4.55022],[-74.09465,4.55014]]}},{"type":"Feature","properties":{"id":"89750025","nom":"Carrera 1F Este","tipo":"residential"},"geometry":{"type":"LineString","coordinates":[[-74.09696,4.54879],[-74.09721,4.54791],[-74.09733,4.54733],[-74.09737,4.54717]]}},{"type":"Feature","properties":{"id":"89750047","nom":"Calle 48J Bis C Sur","tipo":"residential"},"geometry":{"type":"LineString","coordinates":[[-74.10807,4.55576],[-74.10841,4.55592],[-74.1087,4.55606],[-74.10885,4.55614],[-74.109,4.55621],[-74.10913,4.55628],[-74.10927,4.55634],[-74.10944,4.55643],[-74.1096,4.55651],[-74.10983,4.55662]]}},{"type":"Feature","properties":{"id":"89750072","nom":"Calle 43B Sur","tipo":"tertiary"},"geometry":{"type":"LineString","coordinates":[[-74.10085,4.5489],[-74.10081,4.54885],[-74.10078,4.54883],[-74.10075,4.54882],[-74.10072,4.54881],[-74.10067,4.54879],[-74.10006,4.54864],[-74.09967,4.54854],[-74.09926,4.54843],[-74.09882,4.54832],[-74.09841,4.54821],[-74.09826,4.54818],[-74.0981,4.54813],[-74.09759,4.548],[-74.09721,4.54791],[-74.09678,4.5478],[-74.09597,4.54759],[-74.09508,4.54736],[-74.09433,4.54717]]}},{"type":"Feature","properties":{"id":"89752368","nom":"Carrera 12J","tipo":"residential"},"geometry":{"type":"LineString","coordinates":[[-74.10561,4.57799],[-74.10564,4.57796],[-74.1059,4.57763],[-74.10614,4.57732],[-74.10631,4.5771],[-74.1065,4.57685],[-74.10667,4.57664],[-74.10677,4.57652]]}},{"type":"Feature","properties":{"id":"89752369","nom":"Carrera 12G","tipo":"residential"},"geometry":{"type":"LineString","coordinates":[[-74.10496,4.57509],[-74.10468,4.57543],[-74.10448,4.57568],[-74.10434,4.57586],[-74.10409,4.57619],[-74.10383,4.57652],[-74.1038,4.57656]]}},{"type":"Feature","properties":{"id":"89752878","nom":"Calle 19 Sur","tipo":"tertiary"},"geometry":{"type":"LineString","coordinates":[[-74.10044,4.58227],[-74.10042,4.58222],[-74.10041,4.5822],[-74.10037,4.58213],[-74.1003,4.58203],[-74.10023,4.58195],[-74.10014,4.58184],[-74.10004,4.58173],[-74.09997,4.58166],[-74.09969,4.58141],[-74.09929,4.58104]]}},{"type":"Feature","properties":{"id":"90059029","nom":"Calle 37 Bis Sur","tipo":"residential"},"geometry":{"type":"LineString","coordinates":[[-74.12063,4.58943],[-74.12073,4.5895],[-74.12078,4.58954],[-74.1208,4.58956],[-74.12083,4.58961],[-74.12085,4.58965],[-74.12089,4.58975]]}},{"type":"Feature","properties":{"id":"90059054","nom":"Avenida Carrera 30","tipo":"secondary"},"geometry":{"type":"LineString","coordinates":[[-74.11558,4.59236],[-74.11561,4.59234],[-74.11634,4.5918],[-74.11715,4.59122],[-74.1175,4.59098],[-74.11865,4.59016],[-74.11902,4.58989],[-74.11931,4.58968],[-74.11941,4.58962],[-74.11949,4.58958],[-74.11962,4.58953],[-74.1198,4.58947],[-74.11992,4.58945],[-74.12002,4.58943],[-74.12016,4.58942],[-74.12026,4.58942],[-74.12042,4.58943],[-74.12063,4.58943]]}},{"type":"Feature","properties":{"id":"90059225","nom":"Avenida Carrera 30","tipo":"secondary"},"geometry":{"type":"LineString","coordinates":[[-74.11931,4.58934],[-74.11923,4.58948],[-74.11917,4.58957],[-74.11911,4.58965],[-74.11903,4.58972],[-74.11894,4.5898],[-74.11874,4.58995],[-74.11826,4.59029],[-74.11744,4.59088],[-74.11659,4.59147],[-74.11626,4.59171],[-74.11558,4.59221],[-74.11556,4.59223],[-74.11552,4.59226]]}},{"type":"Feature","properties":{"id":"91323896","nom":"Calle 49C Sur","tipo":"residential"},"geometry":{"type":"LineString","coordinates":[[-74.11476,4.54906],[-74.11467,4.54896],[-74.11448,4.54878],[-74.11428,4.54859],[-74.11402,4.54833]]}},{"type":"Feature","properties":{"id":"91324025","nom":"Calle 49D Sur","tipo":"tertiary"},"geometry":{"type":"LineString","coordinates":[[-74.11042,4.54409],[-74.11049,4.54413],[-74.11057,4.54417],[-74.11064,4.54419],[-74.11069,4.54421],[-74.1108,4.54423],[-74.11089,4.54426],[-74.11092,4.54426],[-74.11096,4.54427],[-74.11103,4.5443],[-74.11105,4.54431],[-74.1111,4.54434],[-74.11116,4.54439],[-74.11135,4.54453],[-74.11152,4.54468],[-74.11168,4.54486],[-74.11186,4.54508],[-74.11215,4.54543],[-74.11224,4.54554],[-74.11234,4.54562],[-74.11245,4.54572],[-74.11257,4.54581],[-74.11301,4.5462],[-74.11311,4.5463],[-74.11316,4.54633],[-74.11323,4.54636],[-74.1133,4.54638],[-74.11336,4.5464],[-74.11343,4.54644],[-74.11348,4.54647],[-74.11351,4.54649],[-74.11354,4.54652],[-74.11355,4.54655],[-74.11357,4.54659],[-74.11358,4.54663]]}},{"type":"Feature","properties":{"id":"91326588","nom":"Carrera 3","tipo":"tertiary"},"geometry":{"type":"LineString","coordinates":[[-74.10812,4.54728],[-74.10826,4.54708],[-74.10862,4.54657],[-74.10888,4.54619]]}},{"type":"Feature","properties":{"id":"91328151","nom":"Carrera 1 Bis","tipo":"residential"},"geometry":{"type":"LineString","coordinates":[[-74.10236,4.54664],[-74.10218,4.54686],[-74.10202,4.54708],[-74.10187,4.54727],[-74.1017,4.54749],[-74.10152,4.54772]]}},{"type":"Feature","properties":{"id":"91328194","nom":"Calle 45 Sur","tipo":"residential"},"geometry":{"type":"LineString","coordinates":[[-74.09944,4.54764],[-74.09916,4.54752],[-74.09904,4.54746],[-74.09897,4.54743],[-74.09892,4.54741],[-74.09882,4.5474],[-74.09874,4.54739],[-74.09867,4.5474],[-74.09862,4.54742],[-74.09857,4.54744],[-74.09846,4.54745],[-74.09835,4.54744],[-74.09825,4.54742]]}},{"type":"Feature","properties":{"id":"91328228","nom":"Calle 48Z Sur","tipo":"residential"},"geometry":{"type":"LineString","coordinates":[[-74.11121,4.54846],[-74.11181,4.54926],[-74.11248,4.55014],[-74.1126,4.5503],[-74.11266,4.55039]]}},{"type":"Feature","properties":{"id":"91328290","nom":"Carrera 1B","tipo":"residential"},"geometry":{"type":"LineString","coordinates":[[-74.10201,4.54868],[-74.10184,4.5489],[-74.1016,4.54914],[-74.10063,4.55006],[-74.09983,4.55082],[-74.09949,4.55115],[-74.09867,4.55194],[-74.09811,4.55247]]}},{"type":"Feature","properties":{"id":"91328296","nom":"Diagonal 41 Sur","tipo":"residential"},"geometry":{"type":"LineString","coordinates":[[-74.10115,4.55455],[-74.10099,4.55439],[-74.10071,4.55409]]}},{"type":"Feature","properties":{"id":"91328307","nom":"Calle 48P Bis C Sur","tipo":"residential"},"geometry":{"type":"LineString","coordinates":[[-74.10821,4.55135],[-74.10816,4.55133],[-74.10772,4.55115],[-74.10768,4.55114],[-74.10742,4.55103],[-74.10734,4.55099],[-74.1072,4.55092],[-74.10711,4.55086],[-74.10694,4.55077],[-74.10691,4.55075],[-74.10682,4.55069],[-74.10659,4.55053],[-74.10654,4.55049],[-74.10627,4.55028],[-74.10621,4.55023],[-74.10597,4.55],[-74.10591,4.54994],[-74.1058,4.54983],[-74.10559,4.54959],[-74.10557,4.54956],[-74.10557,4.54955],[-74.10557,4.54954],[-74.10562,4.54949],[-74.10562,4.54948],[-74.10562,4.54947],[-74.10546,4.54925]]}},{"type":"Feature","properties":{"id":"91328331","nom":"Calle 48Z Sur","tipo":"tertiary"},"geometry":{"type":"LineString","coordinates":[[-74.11121,4.54846],[-74.11095,4.54824],[-74.11075,4.54808],[-74.11054,4.5479],[-74.11047,4.54785],[-74.11028,4.5477],[-74.11026,4.54768],[-74.1102,4.54764]]}},{"type":"Feature","properties":{"id":"91328470","nom":"Calle 48R Sur","tipo":"residential"},"geometry":{"type":"LineString","coordinates":[[-74.10877,4.54963],[-74.10882,4.54967],[-74.10904,4.54983],[-74.10925,4.54999],[-74.10948,4.55016],[-74.1097,4.55032],[-74.10993,4.55048],[-74.11014,4.55064],[-74.11031,4.55077]]}},{"type":"Feature","properties":{"id":"91328477","nom":"Carrera 1C","tipo":"residential"},"geometry":{"type":"LineString","coordinates":[[-74.10213,4.54922],[-74.10188,4.54946],[-74.10158,4.54975],[-74.10126,4.55005],[-74.10093,4.55037],[-74.10013,4.55113]]}},{"type":"Feature","properties":{"id":"91328492","nom":"Carrera 5B Bis","tipo":"residential"},"geometry":{"type":"LineString","coordinates":[[-74.10958,4.55103],[-74.10979,4.55101],[-74.10983,4.551],[-74.10989,4.55098],[-74.10992,4.55096],[-74.10998,4.55087]]}},{"type":"Feature","properties":{"id":"91328511","nom":"Carrera 1C","tipo":"residential"},"geometry":{"type":"LineString","coordinates":[[-74.0998,4.55148],[-74.09898,4.55227],[-74.09844,4.55275]]}},{"type":"Feature","properties":{"id":"91328574","nom":"Diagonal 40A Sur","tipo":"residential"},"geometry":{"type":"LineString","coordinates":[[-74.09933,4.55369],[-74.09946,4.55382],[-74.09958,4.55394],[-74.09961,4.55397],[-74.09986,4.55423],[-74.09998,4.55435],[-74.10005,4.55442],[-74.10019,4.55457],[-74.10026,4.55463],[-74.10045,4.55483],[-74.10049,4.55487],[-74.10063,4.55501]]}},{"type":"Feature","properties":{"id":"91328594","nom":"Calle 48T Bis Sur","tipo":"residential"},"geometry":{"type":"LineString","coordinates":[[-74.1079,4.54813],[-74.10764,4.54796],[-74.10739,4.5478],[-74.10717,4.54765],[-74.10693,4.54747],[-74.10673,4.54733],[-74.10586,4.54669],[-74.10562,4.54654],[-74.10539,4.54636]]}},{"type":"Feature","properties":{"id":"91328595","nom":"Carrera 2A","tipo":"residential"},"geometry":{"type":"LineString","coordinates":[[-74.10023,4.55392],[-74.10042,4.55378],[-74.10054,4.5537],[-74.10075,4.55352],[-74.10101,4.55324],[-74.10125,4.55301]]}},{"type":"Feature","properties":{"id":"91328602","nom":"Calle 47 Sur","tipo":"residential"},"geometry":{"type":"LineString","coordinates":[[-74.10116,4.5486],[-74.10113,4.54855],[-74.10102,4.54841],[-74.10056,4.54777],[-74.10023,4.54732],[-74.09989,4.54687]]}},{"type":"Feature","properties":{"id":"91328605","nom":"Carrera 1F","tipo":"residential"},"geometry":{"type":"LineString","coordinates":[[-74.10216,4.55037],[-74.10186,4.55065],[-74.10151,4.55098],[-74.10071,4.55173]]}},{"type":"Feature","properties":{"id":"91328608","nom":"Diagonal 41 Sur","tipo":"residential"},"geometry":{"type":"LineString","coordinates":[[-74.09954,4.55286],[-74.09926,4.55257],[-74.09898,4.55227],[-74.09867,4.55194],[-74.09843,4.5517],[-74.0984,4.55166],[-74.09835,4.55161]]}},{"type":"Feature","properties":{"id":"91328621","nom":"Carrera 2F","tipo":"residential"},"geometry":{"type":"LineString","coordinates":[[-74.10865,4.54603],[-74.10854,4.54618],[-74.10838,4.54641],[-74.10788,4.54711],[-74.10739,4.5478],[-74.10655,4.54896]]}},{"type":"Feature","properties":{"id":"91328640","nom":"Carrera 1","tipo":"residential"},"geometry":{"type":"LineString","coordinates":[[-74.10177,4.54626],[-74.10156,4.54641],[-74.10144,4.5465],[-74.10134,4.54657],[-74.1012,4.54666],[-74.10114,4.5467],[-74.10091,4.54686]]}},{"type":"Feature","properties":{"id":"91328641","nom":"Calle 48Q Bis B Sur","tipo":"residential"},"geometry":{"type":"LineString","coordinates":[[-74.11014,4.55097],[-74.10998,4.55087],[-74.10872,4.54995],[-74.10867,4.54991]]}},{"type":"Feature","properties":{"id":"91328648","nom":"Calle 49 Sur","tipo":"residential"},"geometry":{"type":"LineString","coordinates":[[-74.11311,4.54988],[-74.113,4.54973],[-74.11234,4.54886],[-74.11173,4.54805],[-74.11154,4.5478]]}},{"type":"Feature","properties":{"id":"91328658","nom":"Calle 48Z Bis S","tipo":"residential"},"geometry":{"type":"LineString","coordinates":[[-74.10987,4.54701],[-74.11004,4.54723],[-74.11019,4.54742],[-74.11021,4.54746]]}},{"type":"Feature","properties":{"id":"91946166","nom":"Avenida Carrera 19C","tipo":"primary"},"geometry":{"type":"LineString","coordinates":[[-74.12898,4.57081],[-74.12913,4.57082],[-74.12925,4.57082],[-74.12937,4.57081],[-74.1295,4.5708],[-74.12964,4.57078],[-74.12977,4.57075],[-74.12986,4.57072],[-74.13002,4.57067],[-74.13019,4.57061],[-74.13077,4.57039],[-74.13094,4.57033],[-74.1311,4.57026],[-74.13141,4.57014],[-74.13196,4.56991],[-74.13248,4.56971],[-74.13275,4.56961],[-74.13338,4.56936],[-74.13409,4.56908],[-74.13441,4.56895]]}},{"type":"Feature","properties":{"id":"103414065","nom":"Diagonal 45 Sur","tipo":"residential"},"geometry":{"type":"LineString","coordinates":[[-74.12582,4.57956],[-74.12667,4.57992],[-74.12734,4.58021],[-74.12802,4.58049]]}},{"type":"Feature","properties":{"id":"117825543","nom":"Calle 37B Sur","tipo":"tertiary"},"geometry":{"type":"LineString","coordinates":[[-74.0964,4.55357],[-74.09653,4.55379],[-74.09675,4.55415],[-74.09698,4.55455],[-74.09701,4.55459],[-74.09709,4.55472],[-74.09711,4.55475],[-74.09723,4.55496],[-74.09725,4.55499],[-74.09746,4.55535],[-74.09751,4.55543]]}},{"type":"Feature","properties":{"id":"117825566","nom":"Carrera 1A","tipo":"residential"},"geometry":{"type":"LineString","coordinates":[[-74.09532,4.56024],[-74.09531,4.56021],[-74.09531,4.56016],[-74.09533,4.5601],[-74.09537,4.55999],[-74.09538,4.55995],[-74.09539,4.55992],[-74.09549,4.55957],[-74.0955,4.5595],[-74.09551,4.55946],[-74.09559,4.55912],[-74.09562,4.55901],[-74.09566,4.55879],[-74.09569,4.55858],[-74.09576,4.55814]]}},{"type":"Feature","properties":{"id":"117825684","nom":"","tipo":"residential"},"geometry":{"type":"LineString","coordinates":[[-74.10191,4.55848],[-74.10172,4.55858],[-74.10153,4.55869],[-74.10135,4.55879]]}},{"type":"Feature","properties":{"id":"117825716","nom":"Calle 36D Sur","tipo":"residential"},"geometry":{"type":"LineString","coordinates":[[-74.09569,4.55858],[-74.09613,4.55866],[-74.09644,4.55873]]}},{"type":"Feature","properties":{"id":"117825719","nom":"Calle 42A Sur","tipo":"residential"},"geometry":{"type":"LineString","coordinates":[[-74.09306,4.54857],[-74.09389,4.54869],[-74.09475,4.54881],[-74.0955,4.54892],[-74.09577,4.54896],[-74.09588,4.549],[-74.09597,4.54903]]}},{"type":"Feature","properties":{"id":"117825797","nom":"Calle 36 Bis Sur","tipo":"residential"},"geometry":{"type":"LineString","coordinates":[[-74.09925,4.56126],[-74.09888,4.56061]]}},{"type":"Feature","properties":{"id":"117825877","nom":"Calle 46B Sur","tipo":"residential"},"geometry":{"type":"LineString","coordinates":[[-74.09857,4.54696],[-74.09824,4.54659],[-74.09796,4.54629],[-74.09767,4.54597],[-74.09745,4.54573],[-74.09721,4.54546]]}},{"type":"Feature","properties":{"id":"117825970","nom":"Calle 39A Sur","tipo":"residential"},"geometry":{"type":"LineString","coordinates":[[-74.10145,4.559],[-74.10135,4.55879],[-74.10108,4.55828]]}},{"type":"Feature","properties":{"id":"117826075","nom":"Calle 37 Bis B Sur","tipo":"tertiary"},"geometry":{"type":"LineString","coordinates":[[-74.09381,4.55356],[-74.09421,4.55392],[-74.09518,4.55482]]}},{"type":"Feature","properties":{"id":"117826386","nom":"Carrera 2 Este","tipo":"residential"},"geometry":{"type":"LineString","coordinates":[[-74.09678,4.5478],[-74.09688,4.54736],[-74.09697,4.54694],[-74.097,4.54681],[-74.09702,4.54676]]}},{"type":"Feature","properties":{"id":"117826396","nom":"Carrera 1 Este","tipo":"residential"},"geometry":{"type":"LineString","coordinates":[[-74.09585,4.55578],[-74.09562,4.55605]]}},{"type":"Feature","properties":{"id":"117826406","nom":"Carrera 3","tipo":"residential"},"geometry":{"type":"LineString","coordinates":[[-74.0972,4.5605],[-74.0972,4.56053],[-74.0972,4.56055],[-74.09715,4.56074],[-74.09713,4.56083],[-74.09709,4.56099],[-74.09707,4.56105],[-74.09706,4.56109],[-74.09703,4.56113],[-74.097,4.56117],[-74.09697,4.5612],[-74.09693,4.56122],[-74.09693,4.56123],[-74.09689,4.56124],[-74.09668,4.56135],[-74.09664,4.56137]]}},{"type":"Feature","properties":{"id":"117826619","nom":"","tipo":"residential"},"geometry":{"type":"LineString","coordinates":[[-74.09668,4.55216],[-74.09652,4.55192],[-74.0965,4.55188]]}},{"type":"Feature","properties":{"id":"117826675","nom":"Carrera 2","tipo":"residential"},"geometry":{"type":"LineString","coordinates":[[-74.09678,4.55979],[-74.09679,4.55977],[-74.0969,4.55953]]}},{"type":"Feature","properties":{"id":"117826770","nom":"Carrera 4","tipo":"residential"},"geometry":{"type":"LineString","coordinates":[[-74.10032,4.55993],[-74.10039,4.55993],[-74.10065,4.55993],[-74.10081,4.55993],[-74.1009,4.55994],[-74.10095,4.55994],[-74.101,4.55996],[-74.10107,4.55999]]}},{"type":"Feature","properties":{"id":"117826775","nom":"Transversal 1C Bis","tipo":"residential"},"geometry":{"type":"LineString","coordinates":[[-74.09685,4.55847],[-74.09692,4.55841],[-74.097,4.55836],[-74.09716,4.55828],[-74.09732,4.55819],[-74.0975,4.5581]]}},{"type":"Feature","properties":{"id":"117826935","nom":"Carrera 1","tipo":"residential"},"geometry":{"type":"LineString","coordinates":[[-74.09778,4.55217],[-74.09773,4.55221],[-74.09759,4.55235],[-74.09736,4.55259],[-74.0973,4.55265],[-74.09701,4.55294],[-74.09695,4.55301],[-74.09687,4.55309],[-74.09677,4.55319],[-74.09663,4.55333],[-74.0964,4.55357]]}},{"type":"Feature","properties":{"id":"117827027","nom":"Calle 36H Sur","tipo":"residential"},"geometry":{"type":"LineString","coordinates":[[-74.09286,4.55687],[-74.09315,4.5568],[-74.09325,4.55677],[-74.09333,4.55676],[-74.09339,4.55677],[-74.0939,4.55687],[-74.09469,4.55702],[-74.09505,4.55709],[-74.09548,4.55717]]}},{"type":"Feature","properties":{"id":"117827140","nom":"Calle 43 Sur","tipo":"residential"},"geometry":{"type":"LineString","coordinates":[[-74.09653,4.54867],[-74.09575,4.54846],[-74.09484,4.54823],[-74.0944,4.54812],[-74.09384,4.54797],[-74.09333,4.54776]]}},{"type":"Feature","properties":{"id":"117827181","nom":"Carrera 2A Este","tipo":"residential"},"geometry":{"type":"LineString","coordinates":[[-74.09791,4.54529],[-74.09745,4.54573]]}},{"type":"Feature","properties":{"id":"117827398","nom":"Calle 36 Sur","tipo":"residential"},"geometry":{"type":"LineString","coordinates":[[-74.09551,4.55946],[-74.09555,4.55948],[-74.09582,4.55965]]}},{"type":"Feature","properties":{"id":"117827504","nom":"Carrera 1 Bis","tipo":"residential"},"geometry":{"type":"LineString","coordinates":[[-74.09576,4.55814],[-74.09596,4.55794],[-74.09601,4.55788],[-74.09605,4.55783],[-74.09609,4.55777],[-74.09615,4.55768],[-74.09624,4.55753],[-74.09647,4.55721],[-74.09649,4.55719]]}},{"type":"Feature","properties":{"id":"117827506","nom":"Carrera 2I","tipo":"residential"},"geometry":{"type":"LineString","coordinates":[[-74.09979,4.55612],[-74.09981,4.55611],[-74.09983,4.55611],[-74.09985,4.55613],[-74.0999,4.55619],[-74.09992,4.5562],[-74.09994,4.55619],[-74.09995,4.55618],[-74.09996,4.55617],[-74.10004,4.55604],[-74.10015,4.55583]]}},{"type":"Feature","properties":{"id":"117827574","nom":"Calle 36B Sur","tipo":"residential"},"geometry":{"type":"LineString","coordinates":[[-74.09517,4.55895],[-74.09562,4.55901],[-74.09581,4.55905],[-74.09599,4.55909],[-74.09607,4.5591],[-74.09609,4.55911],[-74.09611,4.55911],[-74.09613,4.55913],[-74.09621,4.55917],[-74.09646,4.5593],[-74.09651,4.55933],[-74.0969,4.55953]]}},{"type":"Feature","properties":{"id":"117827662","nom":"","tipo":"residential"},"geometry":{"type":"LineString","coordinates":[[-74.10015,4.55583],[-74.10035,4.55582],[-74.10061,4.55582]]}},{"type":"Feature","properties":{"id":"117827779","nom":"Carrera 1C Bis A Este","tipo":"residential"},"geometry":{"type":"LineString","coordinates":[[-74.09643,4.5526],[-74.09658,4.55234],[-74.09658,4.55233],[-74.09668,4.55216]]}},{"type":"Feature","properties":{"id":"117827805","nom":"Carrera 3A","tipo":"residential"},"geometry":{"type":"LineString","coordinates":[[-74.09889,4.55908],[-74.0992,4.55907],[-74.09931,4.55907],[-74.09952,4.55907],[-74.09977,4.55906],[-74.10001,4.55906],[-74.10018,4.55905],[-74.10022,4.55905],[-74.10063,4.55905],[-74.10092,4.55902],[-74.10104,4.559],[-74.10114,4.55896],[-74.10135,4.55879]]}},{"type":"Feature","properties":{"id":"117827861","nom":"Calle 47 Sur","tipo":"residential"},"geometry":{"type":"LineString","coordinates":[[-74.09854,4.54574],[-74.0982,4.54549],[-74.09791,4.54529],[-74.09766,4.54512]]}},{"type":"Feature","properties":{"id":"117828090","nom":"Diagonal 38D Sur","tipo":"residential"},"geometry":{"type":"LineString","coordinates":[[-74.09635,4.5526],[-74.09643,4.5526],[-74.09665,4.5526],[-74.09686,4.5526],[-74.09708,4.55259],[-74.09736,4.55259],[-74.09749,4.55259],[-74.09771,4.55259]]}},{"type":"Feature","properties":{"id":"117828234","nom":"Calle 38 Bis Sur","tipo":"residential"},"geometry":{"type":"LineString","coordinates":[[-74.10107,4.55999],[-74.10111,4.55991],[-74.10117,4.55975],[-74.10125,4.55953],[-74.10126,4.55935],[-74.10126,4.55915]]}},{"type":"Feature","properties":{"id":"117828304","nom":"Carrera 1B","tipo":"residential"},"geometry":{"type":"LineString","coordinates":[[-74.09771,4.55259],[-74.09779,4.55246],[-74.0979,4.55228]]}},{"type":"Feature","properties":{"id":"117828391","nom":"Carrera 3B Este","tipo":"residential"},"geometry":{"type":"LineString","coordinates":[[-74.09507,4.54575],[-74.09505,4.54577],[-74.09503,4.5458],[-74.09502,4.54583],[-74.095,4.54586]]}},{"type":"Feature","properties":{"id":"117828676","nom":"Calle 46C Sur","tipo":"residential"},"geometry":{"type":"LineString","coordinates":[[-74.09793,4.54687],[-74.09808,4.54704],[-74.09815,4.54715]]}},{"type":"Feature","properties":{"id":"117828721","nom":"Calle 37B Sur","tipo":"secondary"},"geometry":{"type":"LineString","coordinates":[[-74.09799,4.5563],[-74.09798,4.55627],[-74.09798,4.55624],[-74.09797,4.55621],[-74.09795,4.55618],[-74.09769,4.55574],[-74.09764,4.55564],[-74.09751,4.55543]]}},{"type":"Feature","properties":{"id":"117828785","nom":"Carrera 1A Este","tipo":"residential"},"geometry":{"type":"LineString","coordinates":[[-74.0955,4.55545],[-74.09526,4.55574]]}},{"type":"Feature","properties":{"id":"117828819","nom":"Calle 39C Sur","tipo":"residential"},"geometry":{"type":"LineString","coordinates":[[-74.09964,4.55581],[-74.09975,4.55565],[-74.09983,4.55549],[-74.09985,4.55545],[-74.09987,4.55534],[-74.09987,4.55529],[-74.09986,4.55525],[-74.09984,4.55521],[-74.09974,4.55504],[-74.09968,4.55494],[-74.09951,4.55465],[-74.09948,4.5546],[-74.09944,4.55453],[-74.09941,4.55448],[-74.09936,4.5544],[-74.09933,4.55434],[-74.09925,4.55421],[-74.09922,4.55416],[-74.09921,4.55413],[-74.09919,4.5541],[-74.09918,4.55407],[-74.09917,4.55404],[-74.09916,4.55399],[-74.09918,4.55393],[-74.09919,4.5539],[-74.09928,4.55377],[-74.09933,4.55369]]}},{"type":"Feature","properties":{"id":"117828883","nom":"Calle 37 Bis A Sur","tipo":"residential"},"geometry":{"type":"LineString","coordinates":[[-74.09507,4.55504],[-74.0955,4.55545],[-74.09585,4.55578],[-74.09653,4.55642],[-74.09712,4.55696],[-74.09717,4.55699]]}},{"type":"Feature","properties":{"id":"117828960","nom":"Calle 38D Sur","tipo":"residential"},"geometry":{"type":"LineString","coordinates":[[-74.09793,4.55303],[-74.09791,4.553],[-74.09781,4.55279],[-74.09779,4.55275],[-74.09771,4.55259]]}},{"type":"Feature","properties":{"id":"117829027","nom":"Calle 35 Sur","tipo":"residential"},"geometry":{"type":"LineString","coordinates":[[-74.09357,4.55901],[-74.09366,4.55903],[-74.09428,4.55922],[-74.09442,4.55925],[-74.09511,4.5594]]}},{"type":"Feature","properties":{"id":"117829126","nom":"Calle 36B Sur","tipo":"residential"},"geometry":{"type":"LineString","coordinates":[[-74.09985,4.56091],[-74.0996,4.56047]]}},{"type":"Feature","properties":{"id":"117829143","nom":"Carrera 1F Este","tipo":"residential"},"geometry":{"type":"LineString","coordinates":[[-74.09854,4.54574],[-74.09796,4.54629],[-74.09747,4.54675]]}},{"type":"Feature","properties":{"id":"117829161","nom":"Calle 37 Bis A Sur","tipo":"residential"},"geometry":{"type":"LineString","coordinates":[[-74.09509,4.55494],[-74.09471,4.55486],[-74.09445,4.5548],[-74.09436,4.55473]]}},{"type":"Feature","properties":{"id":"117829199","nom":"Calle 36F Sur","tipo":"residential"},"geometry":{"type":"LineString","coordinates":[[-74.09576,4.55814],[-74.09569,4.55812],[-74.09533,4.55806],[-74.0945,4.55791],[-74.09369,4.55775]]}},{"type":"Feature","properties":{"id":"117829206","nom":"Carrera 3A Este","tipo":"residential"},"geometry":{"type":"LineString","coordinates":[[-74.097,4.54501],[-74.09735,4.54473],[-74.09771,4.54446],[-74.09801,4.54423]]}},{"type":"Feature","properties":{"id":"117829250","nom":"Calle 47A Sur","tipo":"residential"},"geometry":{"type":"LineString","coordinates":[[-74.09842,4.54529],[-74.09801,4.54485],[-74.09771,4.54446],[-74.09728,4.54385],[-74.09681,4.54323],[-74.09668,4.54307],[-74.09618,4.54242]]}},{"type":"Feature","properties":{"id":"117829265","nom":"Calle 43D Sur","tipo":"residential"},"geometry":{"type":"LineString","coordinates":[[-74.09495,4.54642],[-74.09529,4.54652]]}},{"type":"Feature","properties":{"id":"117829297","nom":"Calle 39 Sur","tipo":"residential"},"geometry":{"type":"LineString","coordinates":[[-74.09964,4.55581],[-74.09974,4.55603],[-74.09979,4.55612],[-74.09989,4.55628],[-74.10005,4.55654],[-74.10005,4.55656],[-74.10006,4.55658],[-74.10006,4.55659]]}},{"type":"Feature","properties":{"id":"117829406","nom":"Calle 47B Sur","tipo":"residential"},"geometry":{"type":"LineString","coordinates":[[-74.0987,4.54502],[-74.09833,4.5446],[-74.09801,4.54423],[-74.09789,4.5441],[-74.09752,4.54368],[-74.09713,4.54318],[-74.09704,4.54306],[-74.0969,4.54288],[-74.09669,4.54261],[-74.09656,4.54244],[-74.09638,4.54221]]}},{"type":"Feature","properties":{"id":"117829536","nom":"Carrera 2A Este","tipo":"residential"},"geometry":{"type":"LineString","coordinates":[[-74.09712,4.54598],[-74.09666,4.54639]]}},{"type":"Feature","properties":{"id":"117829604","nom":"Carrera 3 Este","tipo":"residential"},"geometry":{"type":"LineString","coordinates":[[-74.09609,4.54612],[-74.09626,4.54608],[-74.09633,4.54607],[-74.09639,4.54605],[-74.09645,4.54603],[-74.09651,4.546],[-74.09657,4.54596],[-74.09659,4.54594],[-74.09688,4.54572]]}},{"type":"Feature","properties":{"id":"117829661","nom":"Calle 36I Sur","tipo":"residential"},"geometry":{"type":"LineString","coordinates":[[-74.09706,4.55807],[-74.0975,4.5581],[-74.09766,4.55811],[-74.09773,4.55812],[-74.09781,4.55813],[-74.09787,4.55814],[-74.09796,4.55816],[-74.09825,4.55824],[-74.09839,4.55828],[-74.09853,4.55831],[-74.09856,4.55831]]}},{"type":"Feature","properties":{"id":"117829757","nom":"Diagonal 37 Bis Sur","tipo":"residential"},"geometry":{"type":"LineString","coordinates":[[-74.09708,4.55719],[-74.09668,4.5571],[-74.09662,4.55709]]}},{"type":"Feature","properties":{"id":"117829793","nom":"Calle 39F Sur","tipo":"residential"},"geometry":{"type":"LineString","coordinates":[[-74.10273,4.55954],[-74.1027,4.55944],[-74.10264,4.5593],[-74.10252,4.55911]]}},{"type":"Feature","properties":{"id":"117829795","nom":"","tipo":"residential"},"geometry":{"type":"LineString","coordinates":[[-74.10102,4.55819],[-74.10082,4.55818],[-74.10071,4.55818],[-74.1006,4.55818]]}},{"type":"Feature","properties":{"id":"117829920","nom":"Carrera 1B","tipo":"residential"},"geometry":{"type":"LineString","coordinates":[[-74.09696,4.55765],[-74.09664,4.55833]]}},{"type":"Feature","properties":{"id":"117829956","nom":"","tipo":"secondary_link"},"geometry":{"type":"LineString","coordinates":[[-74.09803,4.55779],[-74.09806,4.55777],[-74.0981,4.55775],[-74.09812,4.55773],[-74.09815,4.55769],[-74.09817,4.55765],[-74.09819,4.55762],[-74.0982,4.55758],[-74.09821,4.55756]]}},{"type":"Feature","properties":{"id":"117829995","nom":"Calle 36 Sur","tipo":"residential"},"geometry":{"type":"LineString","coordinates":[[-74.10022,4.56227],[-74.10021,4.56225],[-74.10019,4.56223],[-74.09992,4.56209],[-74.09939,4.5618],[-74.09914,4.56167],[-74.09901,4.56154],[-74.09894,4.56143],[-74.09865,4.5609],[-74.09864,4.56088],[-74.09861,4.56083]]}},{"type":"Feature","properties":{"id":"117829997","nom":"Carrera 2M","tipo":"residential"},"geometry":{"type":"LineString","coordinates":[[-74.10038,4.55776],[-74.10015,4.5578],[-74.10009,4.5578],[-74.10004,4.55779],[-74.09998,4.55777],[-74.09993,4.55773]]}},{"type":"Feature","properties":{"id":"117830362","nom":"Calle 36G Sur","tipo":"residential"},"geometry":{"type":"LineString","coordinates":[[-74.09272,4.55712],[-74.09381,4.55731],[-74.0946,4.55746],[-74.0954,4.55761]]}},{"type":"Feature","properties":{"id":"117830395","nom":"Carrera 1 Bis","tipo":"residential"},"geometry":{"type":"LineString","coordinates":[[-74.09569,4.55812],[-74.0959,4.55703]]}},{"type":"Feature","properties":{"id":"117830482","nom":"Carrera 3A Este","tipo":"residential"},"geometry":{"type":"LineString","coordinates":[[-74.09484,4.54823],[-74.09496,4.54781],[-74.09508,4.54736],[-74.0952,4.54692],[-74.09529,4.54652],[-74.09539,4.54614]]}},{"type":"Feature","properties":{"id":"117830597","nom":"Transversal 2I","tipo":"residential"},"geometry":{"type":"LineString","coordinates":[[-74.10061,4.55582],[-74.1007,4.55564],[-74.10075,4.55556],[-74.10082,4.55542]]}},{"type":"Feature","properties":{"id":"117830628","nom":"Calle 37A Sur","tipo":"secondary"},"geometry":{"type":"LineString","coordinates":[[-74.09821,4.55756],[-74.09819,4.55753],[-74.09816,4.55747],[-74.09813,4.55742],[-74.09788,4.55698],[-74.09786,4.55694],[-74.0978,4.55684],[-74.09778,4.5568],[-74.09777,4.55675]]}},{"type":"Feature","properties":{"id":"117830632","nom":"","tipo":"residential"},"geometry":{"type":"LineString","coordinates":[[-74.10175,4.55781],[-74.10151,4.5578]]}},{"type":"Feature","properties":{"id":"117830635","nom":"Calle 36D Sur","tipo":"residential"},"geometry":{"type":"LineString","coordinates":[[-74.09678,4.55535],[-74.09669,4.55498],[-74.09661,4.55455],[-74.09655,4.55426],[-74.09643,4.55373],[-74.0964,4.55357]]}},{"type":"Feature","properties":{"id":"117830667","nom":"Carrera 4B","tipo":"residential"},"geometry":{"type":"LineString","coordinates":[[-74.1004,4.56121],[-74.10037,4.56126],[-74.10026,4.56146],[-74.10009,4.56178],[-74.09992,4.56209]]}},{"type":"Feature","properties":{"id":"117830704","nom":"Calle 29 Sur","tipo":"residential"},"geometry":{"type":"LineString","coordinates":[[-74.09512,4.56719],[-74.09471,4.56673],[-74.0941,4.56604],[-74.09407,4.56601]]}},{"type":"Feature","properties":{"id":"117830898","nom":"Calle 36G Sur","tipo":"residential"},"geometry":{"type":"LineString","coordinates":[[-74.09609,4.55777],[-74.09627,4.55794],[-74.09641,4.55809],[-74.09664,4.55833]]}},{"type":"Feature","properties":{"id":"117830935","nom":"Carrera 2B","tipo":"residential"},"geometry":{"type":"LineString","coordinates":[[-74.09717,4.55699],[-74.09718,4.557],[-74.0972,4.557],[-74.09721,4.557],[-74.09722,4.557],[-74.09724,4.557],[-74.09725,4.55699],[-74.09726,4.55698],[-74.09727,4.55697],[-74.09728,4.55696],[-74.09729,4.55694],[-74.0973,4.55688],[-74.09735,4.55667],[-74.09741,4.55643],[-74.09746,4.55627],[-74.09749,4.55621],[-74.09757,4.55602],[-74.09759,4.55596],[-74.09768,4.55577],[-74.09769,4.55574]]}},{"type":"Feature","properties":{"id":"117831001","nom":"Diagonal 36 Sur","tipo":"residential"},"geometry":{"type":"LineString","coordinates":[[-74.09678,4.55979],[-74.09679,4.55981],[-74.0968,4.55983],[-74.09692,4.56003],[-74.097,4.56015],[-74.09708,4.56028],[-74.09719,4.56045],[-74.0972,4.56048],[-74.0972,4.5605]]}},{"type":"Feature","properties":{"id":"117831073","nom":"Calle 36B Sur","tipo":"residential"},"geometry":{"type":"LineString","coordinates":[[-74.09996,4.56097],[-74.10017,4.56108],[-74.1004,4.56121]]}},{"type":"Feature","properties":{"id":"117831110","nom":"Calle 38G Sur","tipo":"residential"},"geometry":{"type":"LineString","coordinates":[[-74.09736,4.55259],[-74.09731,4.5525],[-74.09727,4.55242],[-74.09713,4.55216]]}},{"type":"Feature","properties":{"id":"117831149","nom":"Calle 47 Sur","tipo":"residential"},"geometry":{"type":"LineString","coordinates":[[-74.09766,4.54512],[-74.09735,4.54473],[-74.09715,4.54449],[-74.09709,4.54443],[-74.09707,4.54441],[-74.09684,4.54419],[-74.09658,4.5439],[-74.09657,4.54388],[-74.09651,4.5438],[-74.09636,4.5436],[-74.09591,4.54306],[-74.09573,4.54289]]}},{"type":"Feature","properties":{"id":"117831214","nom":"Transversal 1 Este","tipo":"residential"},"geometry":{"type":"LineString","coordinates":[[-74.09566,4.5563],[-74.09591,4.55642],[-74.09596,4.55644],[-74.09602,4.55645],[-74.09653,4.55642]]}},{"type":"Feature","properties":{"id":"117831248","nom":"Carrera 2B Bis C","tipo":"residential"},"geometry":{"type":"LineString","coordinates":[[-74.09964,4.55581],[-74.09959,4.5558],[-74.09942,4.55577],[-74.09919,4.55573],[-74.09898,4.55568],[-74.09891,4.55566],[-74.0987,4.55565],[-74.09826,4.55565],[-74.0979,4.55564]]}},{"type":"Feature","properties":{"id":"117831315","nom":"Calle 31C Sur","tipo":"residential"},"geometry":{"type":"LineString","coordinates":[[-74.09555,4.56321],[-74.09498,4.56266]]}},{"type":"Feature","properties":{"id":"117831376","nom":"Carrera 1A Bis","tipo":"residential"},"geometry":{"type":"LineString","coordinates":[[-74.09613,4.55866],[-74.09614,4.55859],[-74.09616,4.55852],[-74.09618,4.55845],[-74.0962,4.55838],[-74.09623,4.55832],[-74.09627,4.55825],[-74.09631,4.55819],[-74.09636,4.55814],[-74.09641,4.55809]]}},{"type":"Feature","properties":{"id":"117831571","nom":"Carrera 1D Este","tipo":"residential"},"geometry":{"type":"LineString","coordinates":[[-74.09958,4.54538],[-74.0989,4.54599],[-74.09824,4.54659],[-74.09793,4.54687],[-74.09765,4.54713]]}},{"type":"Feature","properties":{"id":"117831584","nom":"Carrera 2 Este","tipo":"tertiary"},"geometry":{"type":"LineString","coordinates":[[-74.09518,4.55482],[-74.09513,4.55489],[-74.09509,4.55494],[-74.09507,4.55504],[-74.09497,4.55536]]}},{"type":"Feature","properties":{"id":"117887122","nom":"Carrera 3B Este","tipo":"residential"},"geometry":{"type":"LineString","coordinates":[[-74.09623,4.54487],[-74.09602,4.54503],[-74.09595,4.54509],[-74.09545,4.54545],[-74.09541,4.54548],[-74.09525,4.5456]]}},{"type":"Feature","properties":{"id":"117889255","nom":"","tipo":"residential"},"geometry":{"type":"LineString","coordinates":[[-74.10126,4.55915],[-74.10145,4.559]]}},{"type":"Feature","properties":{"id":"118046241","nom":"Calle 36 Sur","tipo":"residential"},"geometry":{"type":"LineString","coordinates":[[-74.09861,4.56083],[-74.09856,4.56082],[-74.09816,4.56072],[-74.09809,4.56071],[-74.09785,4.56065],[-74.0974,4.56054],[-74.0972,4.5605]]}},{"type":"Feature","properties":{"id":"118046247","nom":"Carrera 3B","tipo":"secondary"},"geometry":{"type":"LineString","coordinates":[[-74.0968,4.56204],[-74.097,4.56209],[-74.09705,4.5621],[-74.09712,4.56211],[-74.0972,4.56212],[-74.09727,4.56213],[-74.09733,4.56212],[-74.09741,4.56211],[-74.09747,4.56209],[-74.09757,4.56205],[-74.09763,4.56203],[-74.09767,4.562],[-74.09772,4.56195],[-74.09781,4.56186]]}},{"type":"Feature","properties":{"id":"118046249","nom":"Carrera 3C","tipo":"secondary"},"geometry":{"type":"LineString","coordinates":[[-74.10017,4.56021],[-74.10006,4.56024],[-74.1,4.56027],[-74.09993,4.56028],[-74.09987,4.56029],[-74.09949,4.56027],[-74.09934,4.56027],[-74.09927,4.56028],[-74.09919,4.56029],[-74.09912,4.56032],[-74.09905,4.56036],[-74.09899,4.56039],[-74.09892,4.56044],[-74.09883,4.56052]]}},{"type":"Feature","properties":{"id":"118050258","nom":"Calle 45 Sur","tipo":"residential"},"geometry":{"type":"LineString","coordinates":[[-74.09589,4.54614],[-74.09587,4.54614],[-74.09586,4.54613],[-74.09507,4.54575]]}},{"type":"Feature","properties":{"id":"118106923","nom":"Calle 33B Sur","tipo":"residential"},"geometry":{"type":"LineString","coordinates":[[-74.09808,4.56293],[-74.09843,4.56311],[-74.09851,4.56316],[-74.09877,4.56329],[-74.09879,4.56331],[-74.09895,4.56339]]}},{"type":"Feature","properties":{"id":"118108808","nom":"Carrera 4C","tipo":"secondary"},"geometry":{"type":"LineString","coordinates":[[-74.10015,4.5627],[-74.10018,4.56264],[-74.10039,4.56221],[-74.10076,4.56149]]}},{"type":"Feature","properties":{"id":"118110490","nom":"Calle 34 Sur","tipo":"secondary"},"geometry":{"type":"LineString","coordinates":[[-74.09999,4.5639],[-74.09991,4.56377],[-74.09986,4.56367],[-74.09982,4.56355],[-74.09982,4.56342],[-74.09983,4.56335],[-74.09985,4.56328]]}},{"type":"Feature","properties":{"id":"118810246","nom":"Calle 31 Sur","tipo":"tertiary"},"geometry":{"type":"LineString","coordinates":[[-74.1002,4.56795],[-74.10015,4.56786],[-74.09989,4.56731],[-74.09985,4.56724],[-74.0998,4.56717],[-74.09965,4.56698],[-74.09931,4.56658],[-74.09928,4.56655],[-74.09924,4.56651]]}},{"type":"Feature","properties":{"id":"119480249","nom":"Carrera 1A Este","tipo":"residential"},"geometry":{"type":"LineString","coordinates":[[-74.1038,4.54576],[-74.10413,4.5457],[-74.10441,4.54564]]}},{"type":"Feature","properties":{"id":"119481459","nom":"Calle 48Q Bis Sur","tipo":"residential"},"geometry":{"type":"LineString","coordinates":[[-74.10413,4.5457],[-74.10392,4.54462],[-74.10385,4.54437],[-74.10379,4.54413]]}},{"type":"Feature","properties":{"id":"119482205","nom":"Calle 48Q Bis Sur","tipo":"residential"},"geometry":{"type":"LineString","coordinates":[[-74.10445,4.54754],[-74.10445,4.54745],[-74.10426,4.54622]]}},{"type":"Feature","properties":{"id":"119483074","nom":"Calle 48Q Sur","tipo":"residential"},"geometry":{"type":"LineString","coordinates":[[-74.10389,4.54636],[-74.10382,4.54602],[-74.1038,4.54576],[-74.10373,4.5453],[-74.10363,4.54467],[-74.1036,4.54441],[-74.10355,4.54417],[-74.10348,4.54391],[-74.10339,4.54365],[-74.10331,4.54341],[-74.10321,4.54317],[-74.1031,4.54291],[-74.10299,4.54267]]}},{"type":"Feature","properties":{"id":"119484339","nom":"Carrera 1","tipo":"residential"},"geometry":{"type":"LineString","coordinates":[[-74.10389,4.54636],[-74.10404,4.54631],[-74.10412,4.54628],[-74.10418,4.54626],[-74.10426,4.54622],[-74.1044,4.54607],[-74.10446,4.54601],[-74.10448,4.54598],[-74.10451,4.54597]]}},{"type":"Feature","properties":{"id":"149977643","nom":"Calle 30 Sur","tipo":"tertiary"},"geometry":{"type":"LineString","coordinates":[[-74.11427,4.58673],[-74.11431,4.58684],[-74.11441,4.58817],[-74.11442,4.58834],[-74.11442,4.58839],[-74.11443,4.58842],[-74.11443,4.58849]]}},{"type":"Feature","properties":{"id":"149977844","nom":"Calle 31 Sur","tipo":"residential"},"geometry":{"type":"LineString","coordinates":[[-74.11139,4.57991],[-74.11155,4.58022],[-74.11184,4.58077],[-74.11217,4.58139],[-74.11224,4.58152],[-74.11233,4.5817],[-74.11248,4.58198],[-74.11262,4.58227],[-74.11264,4.58231],[-74.11302,4.58322],[-74.11312,4.58347],[-74.11314,4.5835]]}},{"type":"Feature","properties":{"id":"167030330","nom":"Avenida Calle 22 Sur","tipo":"primary"},"geometry":{"type":"LineString","coordinates":[[-74.10248,4.58139],[-74.10255,4.58145],[-74.1026,4.58148],[-74.1027,4.58157],[-74.1028,4.58167],[-74.10292,4.5818],[-74.10304,4.58193],[-74.10317,4.5821],[-74.10336,4.58233],[-74.10356,4.58259],[-74.10359,4.58262]]}},{"type":"Feature","properties":{"id":"170605710","nom":"Carrera 9L","tipo":"residential"},"geometry":{"type":"LineString","coordinates":[[-74.10906,4.56152],[-74.10887,4.56241]]}},{"type":"Feature","properties":{"id":"170605712","nom":"Carrera 1F Este","tipo":"residential"},"geometry":{"type":"LineString","coordinates":[[-74.09638,4.5519],[-74.09645,4.5516],[-74.09657,4.55115]]}},{"type":"Feature","properties":{"id":"170605714","nom":"Carrera 5C Bis","tipo":"residential"},"geometry":{"type":"LineString","coordinates":[[-74.10869,4.5577],[-74.10873,4.55681]]}},{"type":"Feature","properties":{"id":"170605716","nom":"Carrera 1C Este","tipo":"residential"},"geometry":{"type":"LineString","coordinates":[[-74.09695,4.5518],[-74.09708,4.55128]]}},{"type":"Feature","properties":{"id":"170605718","nom":"Carrera 5G","tipo":"residential"},"geometry":{"type":"LineString","coordinates":[[-74.11063,4.56058],[-74.1106,4.56056],[-74.11054,4.56051],[-74.11046,4.56039],[-74.11041,4.56022],[-74.11039,4.56016],[-74.11042,4.55978],[-74.11042,4.55967],[-74.11041,4.55959],[-74.11039,4.55948]]}},{"type":"Feature","properties":{"id":"172237623","nom":"","tipo":"primary_link"},"geometry":{"type":"LineString","coordinates":[[-74.12664,4.56721],[-74.12669,4.56715],[-74.12676,4.56706],[-74.12678,4.56704],[-74.12681,4.56702],[-74.12684,4.567],[-74.12687,4.56699],[-74.12689,4.56699],[-74.12692,4.56699],[-74.12694,4.56699],[-74.12701,4.56702]]}},{"type":"Feature","properties":{"id":"172239514","nom":"Calle 48A Sur","tipo":"residential"},"geometry":{"type":"LineString","coordinates":[[-74.11758,4.56682],[-74.11783,4.56724],[-74.11807,4.56768]]}},{"type":"Feature","properties":{"id":"172239516","nom":"Transversal 12H","tipo":"residential"},"geometry":{"type":"LineString","coordinates":[[-74.11718,4.56911],[-74.11733,4.56846],[-74.1175,4.56766]]}},{"type":"Feature","properties":{"id":"172241871","nom":"Carrera 12","tipo":"residential"},"geometry":{"type":"LineString","coordinates":[[-74.11239,4.56788],[-74.11205,4.56792],[-74.1117,4.56795],[-74.11129,4.56798]]}},{"type":"Feature","properties":{"id":"172241968","nom":"Carrera 11J Bis","tipo":"residential"},"geometry":{"type":"LineString","coordinates":[[-74.1137,4.56587],[-74.11332,4.5664]]}},{"type":"Feature","properties":{"id":"172241969","nom":"Carrera 11K","tipo":"residential"},"geometry":{"type":"LineString","coordinates":[[-74.11393,4.56602],[-74.11381,4.56618],[-74.11355,4.56651],[-74.11341,4.5667]]}},{"type":"Feature","properties":{"id":"172241970","nom":"Carrera 11J","tipo":"residential"},"geometry":{"type":"LineString","coordinates":[[-74.11346,4.56571],[-74.11309,4.5663]]}},{"type":"Feature","properties":{"id":"172241995","nom":"Carrera 11I","tipo":"residential"},"geometry":{"type":"LineString","coordinates":[[-74.11323,4.56555],[-74.11288,4.5661]]}},{"type":"Feature","properties":{"id":"172241996","nom":"Calle 43 Bis A Sur","tipo":"residential"},"geometry":{"type":"LineString","coordinates":[[-74.11213,4.5652],[-74.11217,4.56529],[-74.11222,4.5654],[-74.11229,4.56553],[-74.11237,4.56563],[-74.11267,4.5659],[-74.11288,4.5661],[-74.11309,4.5663]]}},{"type":"Feature","properties":{"id":"172242362","nom":"Diagonal 32D Bis Sur","tipo":"residential"},"geometry":{"type":"LineString","coordinates":[[-74.11173,4.56837],[-74.1117,4.56795],[-74.11167,4.56754],[-74.11168,4.56741],[-74.11172,4.56717]]}},{"type":"Feature","properties":{"id":"172242364","nom":"Diagonal 32F Sur","tipo":"residential"},"geometry":{"type":"LineString","coordinates":[[-74.11222,4.56832],[-74.11234,4.56865],[-74.11245,4.56893],[-74.11247,4.56904],[-74.11249,4.56953],[-74.11245,4.57001]]}},{"type":"Feature","properties":{"id":"172242439","nom":"Diagonal 32C Bis A Sur","tipo":"tertiary"},"geometry":{"type":"LineString","coordinates":[[-74.11159,4.56973],[-74.1116,4.56962],[-74.1116,4.5695],[-74.1116,4.56915],[-74.11158,4.56906],[-74.11156,4.56897],[-74.11136,4.5684],[-74.11126,4.56813],[-74.11122,4.56807],[-74.1112,4.56803],[-74.11116,4.568]]}},{"type":"Feature","properties":{"id":"172242440","nom":"Diagonal 32C Bis A Sur","tipo":"residential"},"geometry":{"type":"LineString","coordinates":[[-74.11136,4.5684],[-74.11136,4.56827],[-74.11136,4.56822],[-74.11135,4.56817],[-74.11129,4.56798],[-74.11126,4.56774],[-74.1113,4.56694]]}},{"type":"Feature","properties":{"id":"172242636","nom":"Calle 32D Sur","tipo":"residential"},"geometry":{"type":"LineString","coordinates":[[-74.11463,4.57494],[-74.11444,4.57491],[-74.11428,4.57486],[-74.11414,4.57478],[-74.11404,4.57469],[-74.11395,4.57456],[-74.11391,4.57439],[-74.11393,4.57426],[-74.11402,4.57406],[-74.11412,4.5739],[-74.11421,4.57382],[-74.11435,4.57376]]}},{"type":"Feature","properties":{"id":"172242638","nom":"Carrera 13F Bis","tipo":"residential"},"geometry":{"type":"LineString","coordinates":[[-74.11679,4.57376],[-74.11689,4.57375],[-74.11729,4.57367]]}},{"type":"Feature","properties":{"id":"172242639","nom":"Calle 35A Sur","tipo":"residential"},"geometry":{"type":"LineString","coordinates":[[-74.1165,4.57356],[-74.11669,4.57453]]}},{"type":"Feature","properties":{"id":"172242679","nom":"Carrera 13D Bis","tipo":"residential"},"geometry":{"type":"LineString","coordinates":[[-74.11744,4.57316],[-74.11783,4.57299]]}},{"type":"Feature","properties":{"id":"172242799","nom":"Calle 40G Sur","tipo":"residential"},"geometry":{"type":"LineString","coordinates":[[-74.11757,4.57246],[-74.11765,4.57261],[-74.11783,4.57299]]}},{"type":"Feature","properties":{"id":"172242800","nom":"Calle 34A Sur","tipo":"residential"},"geometry":{"type":"LineString","coordinates":[[-74.11572,4.57265],[-74.11603,4.57361]]}},{"type":"Feature","properties":{"id":"172242801","nom":"Calle 32F Sur","tipo":"residential"},"geometry":{"type":"LineString","coordinates":[[-74.11456,4.5746],[-74.11442,4.5746],[-74.11433,4.57458],[-74.11423,4.57453],[-74.11419,4.57446],[-74.11418,4.57439],[-74.1142,4.57433],[-74.11424,4.57426],[-74.1143,4.57421],[-74.11447,4.57417]]}},{"type":"Feature","properties":{"id":"172242802","nom":"Calle 35 Bis Sur","tipo":"residential"},"geometry":{"type":"LineString","coordinates":[[-74.11605,4.57252],[-74.11623,4.57301],[-74.11638,4.57357]]}},{"type":"Feature","properties":{"id":"172242929","nom":"Calle 33A Sur","tipo":"residential"},"geometry":{"type":"LineString","coordinates":[[-74.11481,4.57246],[-74.11495,4.57303],[-74.11497,4.57337],[-74.11498,4.57351],[-74.11499,4.57371]]}},{"type":"Feature","properties":{"id":"172242930","nom":"Carrera 13D","tipo":"residential"},"geometry":{"type":"LineString","coordinates":[[-74.11551,4.57328],[-74.11497,4.57337]]}},{"type":"Feature","properties":{"id":"172242947","nom":"Calle 34 Sur","tipo":"residential"},"geometry":{"type":"LineString","coordinates":[[-74.11595,4.57486],[-74.11595,4.57432],[-74.11579,4.57364]]}},{"type":"Feature","properties":{"id":"172279192","nom":"Calle 31C Sur","tipo":"residential"},"geometry":{"type":"LineString","coordinates":[[-74.11339,4.57889],[-74.11318,4.5784]]}},{"type":"Feature","properties":{"id":"172279195","nom":"Carrera 13G Bis","tipo":"residential"},"geometry":{"type":"LineString","coordinates":[[-74.11549,4.57446],[-74.11456,4.5746]]}},{"type":"Feature","properties":{"id":"172279196","nom":"Diagonal 32B Sur","tipo":"tertiary"},"geometry":{"type":"LineString","coordinates":[[-74.11261,4.57418],[-74.11282,4.57441],[-74.11304,4.57467],[-74.11336,4.57504],[-74.11367,4.57538],[-74.1137,4.57542],[-74.11404,4.57576],[-74.11419,4.57586],[-74.11428,4.57591],[-74.1144,4.57597],[-74.11489,4.57614]]}},{"type":"Feature","properties":{"id":"172279197","nom":"Carrera 13J","tipo":"residential"},"geometry":{"type":"LineString","coordinates":[[-74.11659,4.57534],[-74.11626,4.57536],[-74.116,4.57538],[-74.11546,4.57541]]}},{"type":"Feature","properties":{"id":"172279885","nom":"Carrera 18","tipo":"residential"},"geometry":{"type":"LineString","coordinates":[[-74.11205,4.57809],[-74.11171,4.57824],[-74.11106,4.57852]]}},{"type":"Feature","properties":{"id":"172279886","nom":"Calle 28B Bis Sur","tipo":"residential"},"geometry":{"type":"LineString","coordinates":[[-74.11035,4.58118],[-74.11022,4.58094],[-74.11005,4.58063]]}},{"type":"Feature","properties":{"id":"172310576","nom":"Diagonal 45A Sur","tipo":"tertiary"},"geometry":{"type":"LineString","coordinates":[[-74.12425,4.57195],[-74.12421,4.57193],[-74.12375,4.57174],[-74.12329,4.57155],[-74.12324,4.57154],[-74.12314,4.5715],[-74.12284,4.57137]]}},{"type":"Feature","properties":{"id":"172310577","nom":"Transversal 13J Bis","tipo":"residential"},"geometry":{"type":"LineString","coordinates":[[-74.12248,4.57179],[-74.12245,4.57198],[-74.12242,4.57222]]}},{"type":"Feature","properties":{"id":"172310580","nom":"Diagonal 45 Sur","tipo":"residential"},"geometry":{"type":"LineString","coordinates":[[-74.12288,4.57275],[-74.12346,4.57301],[-74.12379,4.57319],[-74.12383,4.57321]]}},{"type":"Feature","properties":{"id":"172310581","nom":"Calle 45 Bis A Sur","tipo":"residential"},"geometry":{"type":"LineString","coordinates":[[-74.12248,4.57179],[-74.1225,4.57175],[-74.12253,4.57172],[-74.12259,4.57172],[-74.12265,4.57174],[-74.12289,4.57196],[-74.12312,4.57217]]}},{"type":"Feature","properties":{"id":"172310582","nom":"Transversal 13H Bis","tipo":"residential"},"geometry":{"type":"LineString","coordinates":[[-74.12205,4.57061],[-74.12185,4.57018]]}},{"type":"Feature","properties":{"id":"172310583","nom":"Diagonal 45B Bis A Sur","tipo":"residential"},"geometry":{"type":"LineString","coordinates":[[-74.12067,4.57041],[-74.12118,4.57051]]}},{"type":"Feature","properties":{"id":"172310585","nom":"Transversal 13L","tipo":"residential"},"geometry":{"type":"LineString","coordinates":[[-74.12312,4.57217],[-74.12301,4.57246],[-74.12288,4.57275]]}},{"type":"Feature","properties":{"id":"172310586","nom":"Transversal 13N","tipo":"residential"},"geometry":{"type":"LineString","coordinates":[[-74.12377,4.57231],[-74.12357,4.57273]]}},{"type":"Feature","properties":{"id":"172310587","nom":"Diagonal 45 Bis Sur","tipo":"residential"},"geometry":{"type":"LineString","coordinates":[[-74.12245,4.57198],[-74.12197,4.57193],[-74.12176,4.57198]]}},{"type":"Feature","properties":{"id":"172310588","nom":"Transversal 13D Bis B","tipo":"residential"},"geometry":{"type":"LineString","coordinates":[[-74.11928,4.57307],[-74.11929,4.5728],[-74.1193,4.57258],[-74.11933,4.57186]]}},{"type":"Feature","properties":{"id":"172310589","nom":"Carrera 13C","tipo":"residential"},"geometry":{"type":"LineString","coordinates":[[-74.11762,4.57229],[-74.11799,4.57204]]}},{"type":"Feature","properties":{"id":"172310590","nom":"Diagonal 45 Bis Sur","tipo":"residential"},"geometry":{"type":"LineString","coordinates":[[-74.12357,4.57273],[-74.12301,4.57246]]}},{"type":"Feature","properties":{"id":"172311524","nom":"Calle 33B Sur","tipo":"residential"},"geometry":{"type":"LineString","coordinates":[[-74.11493,4.57182],[-74.11506,4.5724]]}},{"type":"Feature","properties":{"id":"172311527","nom":"Calle 36 Sur","tipo":"residential"},"geometry":{"type":"LineString","coordinates":[[-74.11439,4.56997],[-74.11476,4.57061],[-74.11516,4.57114]]}},{"type":"Feature","properties":{"id":"172311530","nom":"Calle 33A Sur","tipo":"residential"},"geometry":{"type":"LineString","coordinates":[[-74.11446,4.57129],[-74.11458,4.5719]]}},{"type":"Feature","properties":{"id":"172312003","nom":"Carrera 13F Bis","tipo":"residential"},"geometry":{"type":"LineString","coordinates":[[-74.11447,4.57417],[-74.11552,4.57406]]}},{"type":"Feature","properties":{"id":"172312004","nom":"Calle 33 Bis Sur","tipo":"residential"},"geometry":{"type":"LineString","coordinates":[[-74.1142,4.57196],[-74.11408,4.57134],[-74.11412,4.5713]]}},{"type":"Feature","properties":{"id":"172312006","nom":"Calle 40D Sur","tipo":"residential"},"geometry":{"type":"LineString","coordinates":[[-74.11612,4.57155],[-74.11612,4.57153],[-74.11599,4.57097],[-74.11596,4.57084],[-74.11591,4.57048]]}},{"type":"Feature","properties":{"id":"172312007","nom":"Calle 32C Sur","tipo":"residential"},"geometry":{"type":"LineString","coordinates":[[-74.11329,4.57367],[-74.11335,4.57376],[-74.11339,4.57386],[-74.11341,4.57399],[-74.11342,4.57415],[-74.11344,4.57427],[-74.11348,4.57439],[-74.11355,4.57456],[-74.11365,4.57476],[-74.11378,4.57491],[-74.11395,4.57506],[-74.11408,4.57515],[-74.11421,4.57521],[-74.11436,4.57526],[-74.1147,4.5753]]}},{"type":"Feature","properties":{"id":"172312009","nom":"Diagonal 32H Sur","tipo":"residential"},"geometry":{"type":"LineString","coordinates":[[-74.11404,4.57348],[-74.11395,4.57342],[-74.11389,4.57338],[-74.11357,4.57316]]}},{"type":"Feature","properties":{"id":"172312011","nom":"Carrera 13B","tipo":"residential"},"geometry":{"type":"LineString","coordinates":[[-74.11348,4.57439],[-74.11355,4.57433],[-74.11359,4.57425],[-74.11364,4.57403],[-74.11368,4.57394],[-74.11377,4.57373],[-74.11395,4.57342]]}},{"type":"Feature","properties":{"id":"172312163","nom":"Calle 32A Sur","tipo":"residential"},"geometry":{"type":"LineString","coordinates":[[-74.1129,4.57481],[-74.11293,4.57482],[-74.1132,4.57506],[-74.11337,4.57523],[-74.11357,4.57547],[-74.11366,4.5756],[-74.11384,4.57596],[-74.11395,4.57626]]}},{"type":"Feature","properties":{"id":"172312165","nom":"Carrera 13C","tipo":"residential"},"geometry":{"type":"LineString","coordinates":[[-74.11232,4.57548],[-74.11236,4.57543],[-74.11287,4.57482],[-74.1129,4.57481]]}},{"type":"Feature","properties":{"id":"172312855","nom":"Transversal 13H","tipo":"residential"},"geometry":{"type":"LineString","coordinates":[[-74.11014,4.57741],[-74.11005,4.57744],[-74.10994,4.57747],[-74.10947,4.57762],[-74.10888,4.57777]]}},{"type":"Feature","properties":{"id":"172312857","nom":"Calle 28C Bis Sur","tipo":"residential"},"geometry":{"type":"LineString","coordinates":[[-74.10888,4.57777],[-74.10876,4.57767]]}},{"type":"Feature","properties":{"id":"172873853","nom":"Calle 50B Sur","tipo":"residential"},"geometry":{"type":"LineString","coordinates":[[-74.11447,4.54762],[-74.11417,4.54698]]}},{"type":"Feature","properties":{"id":"172873855","nom":"Calle 50D Sur","tipo":"residential"},"geometry":{"type":"LineString","coordinates":[[-74.11432,4.54609],[-74.11418,4.54568],[-74.11412,4.54549],[-74.11411,4.54544],[-74.11411,4.5454]]}},{"type":"Feature","properties":{"id":"172873856","nom":"Calle 51B Sur","tipo":"residential"},"geometry":{"type":"LineString","coordinates":[[-74.11584,4.54522],[-74.11603,4.54568],[-74.11615,4.54593]]}},{"type":"Feature","properties":{"id":"172873858","nom":"Calle 50C Sur","tipo":"residential"},"geometry":{"type":"LineString","coordinates":[[-74.11487,4.54748],[-74.1143,4.54692],[-74.1139,4.54649]]}},{"type":"Feature","properties":{"id":"172873859","nom":"Carrera 5A","tipo":"residential"},"geometry":{"type":"LineString","coordinates":[[-74.11418,4.54568],[-74.11395,4.54577]]}},{"type":"Feature","properties":{"id":"172873860","nom":"Calle 50D Sur","tipo":"residential"},"geometry":{"type":"LineString","coordinates":[[-74.11513,4.54726],[-74.11472,4.54682]]}},{"type":"Feature","properties":{"id":"172873861","nom":"Carrera 5B","tipo":"residential"},"geometry":{"type":"LineString","coordinates":[[-74.11668,4.54482],[-74.11667,4.54482],[-74.11666,4.54483],[-74.11607,4.54511],[-74.11584,4.54522],[-74.11574,4.54526],[-74.11568,4.54532],[-74.11564,4.54537],[-74.11555,4.54554],[-74.11552,4.5456],[-74.11546,4.54564],[-74.11536,4.54567],[-74.11523,4.54567]]}},{"type":"Feature","properties":{"id":"172873862","nom":"Calle 51 Sur","tipo":"residential"},"geometry":{"type":"LineString","coordinates":[[-74.11558,4.54701],[-74.11536,4.54658],[-74.11526,4.54637]]}},{"type":"Feature","properties":{"id":"172873863","nom":"Carrera 5","tipo":"residential"},"geometry":{"type":"LineString","coordinates":[[-74.11257,4.54581],[-74.11298,4.54565],[-74.11319,4.54557],[-74.11327,4.54555],[-74.11344,4.54549],[-74.11384,4.54535],[-74.11387,4.54532]]}},{"type":"Feature","properties":{"id":"172874008","nom":"Calle 49B Bis Sur","tipo":"residential"},"geometry":{"type":"LineString","coordinates":[[-74.11344,4.54842],[-74.11372,4.54852],[-74.11375,4.54853],[-74.11378,4.54855],[-74.11441,4.54916]]}},{"type":"Feature","properties":{"id":"172874010","nom":"Calle 48Y Sur","tipo":"residential"},"geometry":{"type":"LineString","coordinates":[[-74.10712,4.54585],[-74.10733,4.54598],[-74.10757,4.54617],[-74.10778,4.54631],[-74.108,4.54647]]}},{"type":"Feature","properties":{"id":"172874011","nom":"Calle 48U Sur","tipo":"residential"},"geometry":{"type":"LineString","coordinates":[[-74.1053,4.5459],[-74.106,4.54648],[-74.10622,4.54663],[-74.10644,4.54679],[-74.10688,4.5471],[-74.10708,4.54724],[-74.10733,4.54742]]}},{"type":"Feature","properties":{"id":"172874012","nom":"Calle 48X Bis Sur","tipo":"residential"},"geometry":{"type":"LineString","coordinates":[[-74.10696,4.54609],[-74.10782,4.54672]]}},{"type":"Feature","properties":{"id":"174921692","nom":"Calle 31C Sur","tipo":"residential"},"geometry":{"type":"LineString","coordinates":[[-74.11622,4.5894],[-74.1163,4.58851]]}},{"type":"Feature","properties":{"id":"174921700","nom":"Carrera 29A","tipo":"residential"},"geometry":{"type":"LineString","coordinates":[[-74.11641,4.58995],[-74.11711,4.58999]]}},{"type":"Feature","properties":{"id":"174926774","nom":"Calle 48J Sur","tipo":"tertiary"},"geometry":{"type":"LineString","coordinates":[[-74.11002,4.55678],[-74.11016,4.55685],[-74.11041,4.55697],[-74.11062,4.55707],[-74.1107,4.55711],[-74.11075,4.55713],[-74.11088,4.55719],[-74.11104,4.55727],[-74.11112,4.55731],[-74.11136,4.55742],[-74.11141,4.55744]]}},{"type":"Feature","properties":{"id":"174926783","nom":"Carrera 5","tipo":"tertiary"},"geometry":{"type":"LineString","coordinates":[[-74.10856,4.55286],[-74.10856,4.55289],[-74.10855,4.55291],[-74.10848,4.55327],[-74.10836,4.55392],[-74.10832,4.55415],[-74.10827,4.55438]]}},{"type":"Feature","properties":{"id":"174926789","nom":"Calle 48J Bis A Sur","tipo":"residential"},"geometry":{"type":"LineString","coordinates":[[-74.10864,4.55658],[-74.10797,4.55623]]}},{"type":"Feature","properties":{"id":"174926791","nom":"Calle 48N Sur","tipo":"residential"},"geometry":{"type":"LineString","coordinates":[[-74.11076,4.55446],[-74.11044,4.5543]]}},{"type":"Feature","properties":{"id":"174926793","nom":"Calle 48J Bis Sur","tipo":"residential"},"geometry":{"type":"LineString","coordinates":[[-74.10895,4.55641],[-74.10905,4.55645],[-74.10927,4.55655]]}},{"type":"Feature","properties":{"id":"174926952","nom":"Carrera 3","tipo":"residential"},"geometry":{"type":"LineString","coordinates":[[-74.1065,4.55516],[-74.10687,4.55677],[-74.10689,4.55688]]}},{"type":"Feature","properties":{"id":"175364935","nom":"Calle 26 Sur","tipo":"residential"},"geometry":{"type":"LineString","coordinates":[[-74.10534,4.57962],[-74.10437,4.57885],[-74.10341,4.57809],[-74.10304,4.5778],[-74.10243,4.57731]]}},{"type":"Feature","properties":{"id":"175364939","nom":"Calle 29 Sur","tipo":"residential"},"geometry":{"type":"LineString","coordinates":[[-74.10992,4.57912],[-74.10973,4.57876]]}},{"type":"Feature","properties":{"id":"175365015","nom":"Carrera 12A","tipo":"residential"},"geometry":{"type":"LineString","coordinates":[[-74.09873,4.57864],[-74.09876,4.5786],[-74.09925,4.57797]]}},{"type":"Feature","properties":{"id":"175365016","nom":"Carrera 12A Bis","tipo":"residential"},"geometry":{"type":"LineString","coordinates":[[-74.09904,4.57885],[-74.09908,4.57881],[-74.09954,4.5782]]}},{"type":"Feature","properties":{"id":"175365084","nom":"Calle 34 Sur","tipo":"residential"},"geometry":{"type":"LineString","coordinates":[[-74.11581,4.57642],[-74.1158,4.57639],[-74.11578,4.57608]]}},{"type":"Feature","properties":{"id":"175365085","nom":"Calle 35A Sur","tipo":"residential"},"geometry":{"type":"LineString","coordinates":[[-74.11694,4.57554],[-74.11701,4.5762],[-74.11701,4.57623]]}},{"type":"Feature","properties":{"id":"175365087","nom":"Calle 35B Sur","tipo":"residential"},"geometry":{"type":"LineString","coordinates":[[-74.11689,4.57375],[-74.11704,4.57454]]}},{"type":"Feature","properties":{"id":"175365089","nom":"Calle 35 Sur","tipo":"residential"},"geometry":{"type":"LineString","coordinates":[[-74.11626,4.57536],[-74.1163,4.5757],[-74.1163,4.57578]]}},{"type":"Feature","properties":{"id":"175365091","nom":"Calle 35 Sur","tipo":"residential"},"geometry":{"type":"LineString","coordinates":[[-74.1164,4.57571],[-74.11648,4.57628],[-74.11648,4.57632]]}},{"type":"Feature","properties":{"id":"175365122","nom":"Calle 33B Sur","tipo":"residential"},"geometry":{"type":"LineString","coordinates":[[-74.11539,4.57293],[-74.11551,4.57328],[-74.11564,4.57365]]}},{"type":"Feature","properties":{"id":"175365124","nom":"Calle 35 Sur","tipo":"residential"},"geometry":{"type":"LineString","coordinates":[[-74.11631,4.57444],[-74.11639,4.57485]]}},{"type":"Feature","properties":{"id":"175365132","nom":"Carrera 13F","tipo":"residential"},"geometry":{"type":"LineString","coordinates":[[-74.1132,4.57506],[-74.11293,4.57541],[-74.11265,4.57576]]}},{"type":"Feature","properties":{"id":"175365133","nom":"Carrera 13G","tipo":"residential"},"geometry":{"type":"LineString","coordinates":[[-74.11326,4.57584],[-74.11366,4.5756]]}},{"type":"Feature","properties":{"id":"175365321","nom":"Calle 34B Sur","tipo":"tertiary"},"geometry":{"type":"LineString","coordinates":[[-74.10454,4.56691],[-74.10459,4.56697],[-74.10479,4.56718],[-74.10493,4.56733],[-74.10502,4.56742],[-74.10522,4.56763],[-74.10524,4.56765],[-74.10547,4.56789],[-74.10569,4.56813],[-74.10595,4.56839]]}},{"type":"Feature","properties":{"id":"175365322","nom":"Calle 32B Sur","tipo":"residential"},"geometry":{"type":"LineString","coordinates":[[-74.10334,4.5685],[-74.10295,4.56823]]}},{"type":"Feature","properties":{"id":"175365323","nom":"Calle 30B Sur","tipo":"residential"},"geometry":{"type":"LineString","coordinates":[[-74.10113,4.57166],[-74.10108,4.57163],[-74.10073,4.5714]]}},{"type":"Feature","properties":{"id":"175365324","nom":"Calle 34A Sur","tipo":"residential"},"geometry":{"type":"LineString","coordinates":[[-74.10498,4.56817],[-74.10507,4.56827],[-74.10529,4.56851],[-74.10558,4.56882]]}},{"type":"Feature","properties":{"id":"175365325","nom":"Carrera 12 Bis","tipo":"residential"},"geometry":{"type":"LineString","coordinates":[[-74.10595,4.56839],[-74.106,4.56835],[-74.10605,4.56831],[-74.10611,4.56827],[-74.10619,4.56819],[-74.10629,4.56809],[-74.10641,4.56798],[-74.10651,4.56789],[-74.10665,4.56777],[-74.10684,4.5676],[-74.10686,4.56757],[-74.10689,4.56753],[-74.10689,4.5675],[-74.10687,4.56748]]}},{"type":"Feature","properties":{"id":"175365326","nom":"Carrera 12 Bis","tipo":"tertiary"},"geometry":{"type":"LineString","coordinates":[[-74.10595,4.56839],[-74.10567,4.56871],[-74.10558,4.56882],[-74.10555,4.56884],[-74.10534,4.56911],[-74.10516,4.56933]]}},{"type":"Feature","properties":{"id":"175365329","nom":"Calle 28 Sur","tipo":"residential"},"geometry":{"type":"LineString","coordinates":[[-74.09996,4.57204],[-74.09977,4.5719],[-74.09938,4.57163],[-74.09894,4.57133],[-74.09889,4.5713]]}},{"type":"Feature","properties":{"id":"175365495","nom":"Calle 27 Bis Sur","tipo":"residential"},"geometry":{"type":"LineString","coordinates":[[-74.10624,4.57787],[-74.10682,4.57833]]}},{"type":"Feature","properties":{"id":"175365496","nom":"Calle 27A Sur","tipo":"residential"},"geometry":{"type":"LineString","coordinates":[[-74.10557,4.57685],[-74.1058,4.57703],[-74.10614,4.57732]]}},{"type":"Feature","properties":{"id":"175365497","nom":"Carrera 12K","tipo":"residential"},"geometry":{"type":"LineString","coordinates":[[-74.10684,4.57713],[-74.10664,4.57738],[-74.1065,4.57755],[-74.10624,4.57787],[-74.10597,4.5782],[-74.10595,4.57822],[-74.10593,4.57825]]}},{"type":"Feature","properties":{"id":"175369205","nom":"Carrera 26A","tipo":"residential"},"geometry":{"type":"LineString","coordinates":[[-74.11684,4.58447],[-74.11637,4.58457]]}},{"type":"Feature","properties":{"id":"175369207","nom":"Calle 33 Sur","tipo":"residential"},"geometry":{"type":"LineString","coordinates":[[-74.11687,4.58229],[-74.11689,4.58234],[-74.11707,4.5829],[-74.11721,4.58333]]}},{"type":"Feature","properties":{"id":"176522726","nom":"Calle 41B Sur","tipo":"residential"},"geometry":{"type":"LineString","coordinates":[[-74.12514,4.58423],[-74.125,4.58383],[-74.12499,4.58379]]}},{"type":"Feature","properties":{"id":"176522728","nom":"Carrera 27A","tipo":"residential"},"geometry":{"type":"LineString","coordinates":[[-74.12449,4.58441],[-74.12494,4.58429],[-74.12514,4.58423]]}},{"type":"Feature","properties":{"id":"176565482","nom":"Diagonal 45B Sur","tipo":"tertiary"},"geometry":{"type":"LineString","coordinates":[[-74.12458,4.57172],[-74.12463,4.57173],[-74.12547,4.5719],[-74.1255,4.5719]]}},{"type":"Feature","properties":{"id":"176565483","nom":"Calle 42A Sur","tipo":"residential"},"geometry":{"type":"LineString","coordinates":[[-74.12431,4.57891],[-74.12457,4.57952],[-74.12459,4.57956]]}},{"type":"Feature","properties":{"id":"176565484","nom":"Diagonal 48A Sur","tipo":"residential"},"geometry":{"type":"LineString","coordinates":[[-74.12473,4.56836],[-74.12521,4.56858]]}},{"type":"Feature","properties":{"id":"176565485","nom":"Carrera 24A","tipo":"residential"},"geometry":{"type":"LineString","coordinates":[[-74.1219,4.58113],[-74.12296,4.58076]]}},{"type":"Feature","properties":{"id":"176565487","nom":"Carrera 23 Bis","tipo":"residential"},"geometry":{"type":"LineString","coordinates":[[-74.12452,4.57858],[-74.1239,4.57873]]}},{"type":"Feature","properties":{"id":"176565488","nom":"Carrera 22B","tipo":"residential"},"geometry":{"type":"LineString","coordinates":[[-74.12513,4.57731],[-74.12559,4.57692]]}},{"type":"Feature","properties":{"id":"176565735","nom":"Diagonal 49B Sur","tipo":"residential"},"geometry":{"type":"LineString","coordinates":[[-74.12449,4.56668],[-74.12433,4.56663],[-74.12394,4.56653],[-74.12353,4.56642]]}},{"type":"Feature","properties":{"id":"176565736","nom":"Diagonal 49C Sur","tipo":"residential"},"geometry":{"type":"LineString","coordinates":[[-74.12467,4.56641],[-74.12441,4.56636],[-74.12428,4.56632],[-74.12397,4.56626]]}},{"type":"Feature","properties":{"id":"176565737","nom":"Transversal 13J","tipo":"residential"},"geometry":{"type":"LineString","coordinates":[[-74.12424,4.56604],[-74.12428,4.56632]]}},{"type":"Feature","properties":{"id":"176566645","nom":"Carrera 13B","tipo":"residential"},"geometry":{"type":"LineString","coordinates":[[-74.12353,4.56586],[-74.12367,4.56583],[-74.12379,4.5658]]}},{"type":"Feature","properties":{"id":"176567822","nom":"Calle 49H Bis Sur","tipo":"residential"},"geometry":{"type":"LineString","coordinates":[[-74.1221,4.56119],[-74.12169,4.56041]]}},{"type":"Feature","properties":{"id":"176567823","nom":"Calle 49H Sur","tipo":"residential"},"geometry":{"type":"LineString","coordinates":[[-74.12168,4.56093],[-74.12146,4.56052],[-74.12138,4.56037]]}},{"type":"Feature","properties":{"id":"176567824","nom":"Calle 50B Sur","tipo":"residential"},"geometry":{"type":"LineString","coordinates":[[-74.12517,4.56586],[-74.12504,4.56564],[-74.1248,4.56521],[-74.12477,4.56515],[-74.12461,4.56486],[-74.12442,4.56453],[-74.12424,4.5642],[-74.12403,4.56384],[-74.12401,4.56374],[-74.12401,4.56365],[-74.12401,4.56356],[-74.12402,4.5635],[-74.1241,4.56327],[-74.12411,4.5632],[-74.12411,4.56312],[-74.1241,4.56303],[-74.12406,4.56288],[-74.12405,4.56283],[-74.12402,4.56278],[-74.12361,4.56198],[-74.12338,4.56151],[-74.12336,4.56146],[-74.1233,4.56135],[-74.12322,4.56122],[-74.12318,4.56116],[-74.12311,4.56109],[-74.12304,4.56104],[-74.12299,4.56098],[-74.12297,4.56095],[-74.12295,4.56088],[-74.12296,4.5608],[-74.12297,4.56074],[-74.12298,4.56069],[-74.12301,4.5606],[-74.12302,4.56052],[-74.12301,4.56038],[-74.123,4.56033],[-74.12297,4.56028],[-74.12276,4.55987]]}},{"type":"Feature","properties":{"id":"176567826","nom":"Calle 50 Sur","tipo":"residential"},"geometry":{"type":"LineString","coordinates":[[-74.1222,4.56015],[-74.12257,4.56088],[-74.1226,4.56094],[-74.12261,4.56102],[-74.12262,4.56107],[-74.12262,4.5611],[-74.12262,4.56112]]}},{"type":"Feature","properties":{"id":"176567827","nom":"Calle 49I Sur","tipo":"residential"},"geometry":{"type":"LineString","coordinates":[[-74.12239,4.56113],[-74.12237,4.5611],[-74.12193,4.56029]]}},{"type":"Feature","properties":{"id":"176569207","nom":"Calle 49F Bis Sur","tipo":"residential"},"geometry":{"type":"LineString","coordinates":[[-74.12157,4.56266],[-74.1216,4.56201],[-74.12162,4.56148]]}},{"type":"Feature","properties":{"id":"176569209","nom":"Carrera 12 Bis","tipo":"residential"},"geometry":{"type":"LineString","coordinates":[[-74.12189,4.56203],[-74.1216,4.56201],[-74.1213,4.56198]]}},{"type":"Feature","properties":{"id":"176569960","nom":"Calle 49B Sur","tipo":"residential"},"geometry":{"type":"LineString","coordinates":[[-74.11951,4.56144],[-74.11963,4.56167],[-74.11976,4.56199],[-74.11985,4.56217],[-74.12001,4.56265],[-74.12002,4.56273],[-74.12003,4.56288],[-74.12003,4.56304],[-74.12004,4.5631],[-74.12006,4.56314],[-74.1201,4.56319],[-74.12016,4.56324]]}},{"type":"Feature","properties":{"id":"176569962","nom":"Carrera 11B","tipo":"residential"},"geometry":{"type":"LineString","coordinates":[[-74.11925,4.5624],[-74.1193,4.56231],[-74.1194,4.56215],[-74.11945,4.56209],[-74.11956,4.56202],[-74.11965,4.56199],[-74.11976,4.56199]]}},{"type":"Feature","properties":{"id":"176569967","nom":"Calle 48K Sur","tipo":"residential"},"geometry":{"type":"LineString","coordinates":[[-74.11855,4.56301],[-74.11849,4.56273],[-74.11849,4.5627],[-74.11846,4.56239],[-74.11844,4.56222],[-74.11838,4.56208]]}},{"type":"Feature","properties":{"id":"176569968","nom":"Calle 49A Sur","tipo":"residential"},"geometry":{"type":"LineString","coordinates":[[-74.11927,4.5631],[-74.11933,4.56303],[-74.11935,4.56299],[-74.11934,4.56295],[-74.11931,4.56285],[-74.11928,4.56273],[-74.11925,4.56262],[-74.11924,4.56251],[-74.11925,4.5624]]}},{"type":"Feature","properties":{"id":"176570039","nom":"Carrera 11B","tipo":"residential"},"geometry":{"type":"LineString","coordinates":[[-74.11846,4.56239],[-74.1181,4.56256]]}},{"type":"Feature","properties":{"id":"176570776","nom":"Calle 48J Sur","tipo":"residential"},"geometry":{"type":"LineString","coordinates":[[-74.11785,4.56212],[-74.11795,4.56227],[-74.1181,4.56256],[-74.11823,4.56285],[-74.11827,4.56293]]}},{"type":"Feature","properties":{"id":"176570778","nom":"Carrera 11A","tipo":"residential"},"geometry":{"type":"LineString","coordinates":[[-74.11795,4.56227],[-74.11819,4.56217],[-74.11838,4.56208]]}},{"type":"Feature","properties":{"id":"176571559","nom":"Calle 49G Bis Sur","tipo":"residential"},"geometry":{"type":"LineString","coordinates":[[-74.12005,4.5576],[-74.11985,4.55718]]}},{"type":"Feature","properties":{"id":"176571561","nom":"Calle 49G Sur","tipo":"residential"},"geometry":{"type":"LineString","coordinates":[[-74.11959,4.5573],[-74.11979,4.55773],[-74.11989,4.55795],[-74.11991,4.558]]}},{"type":"Feature","properties":{"id":"176571564","nom":"Calle 49F Bis Sur","tipo":"residential"},"geometry":{"type":"LineString","coordinates":[[-74.11934,4.55742],[-74.11958,4.55797],[-74.1196,4.55803]]}},{"type":"Feature","properties":{"id":"176571567","nom":"Calle 49F Sur","tipo":"residential"},"geometry":{"type":"LineString","coordinates":[[-74.11895,4.5573],[-74.11906,4.55755],[-74.11929,4.55802],[-74.11931,4.55806]]}},{"type":"Feature","properties":{"id":"176571956","nom":"Carrera 7 Bis","tipo":"residential"},"geometry":{"type":"LineString","coordinates":[[-74.12015,4.55715],[-74.12057,4.55695]]}},{"type":"Feature","properties":{"id":"176575638","nom":"Diagonal 45 Bis Sur","tipo":"residential"},"geometry":{"type":"LineString","coordinates":[[-74.11212,4.56143],[-74.11263,4.56158]]}},{"type":"Feature","properties":{"id":"176575639","nom":"Diagonal 44B Bis Sur","tipo":"residential"},"geometry":{"type":"LineString","coordinates":[[-74.11253,4.56208],[-74.11225,4.56198]]}},{"type":"Feature","properties":{"id":"176575640","nom":"Diagonal 44B Sur","tipo":"residential"},"geometry":{"type":"LineString","coordinates":[[-74.11242,4.56229],[-74.11217,4.56217],[-74.1119,4.56204]]}},{"type":"Feature","properties":{"id":"176575641","nom":"Diagonal 45 Sur","tipo":"residential"},"geometry":{"type":"LineString","coordinates":[[-74.11255,4.56185],[-74.11233,4.56177],[-74.11204,4.56167]]}},{"type":"Feature","properties":{"id":"176577311","nom":"Carrera 5B","tipo":"residential"},"geometry":{"type":"LineString","coordinates":[[-74.10896,4.5548],[-74.10866,4.55542],[-74.10841,4.55592]]}},{"type":"Feature","properties":{"id":"176579248","nom":"Diagonal 48L Sur","tipo":"residential"},"geometry":{"type":"LineString","coordinates":[[-74.11489,4.55729],[-74.11439,4.5571]]}},{"type":"Feature","properties":{"id":"176579249","nom":"Diagonal 48K Sur","tipo":"residential"},"geometry":{"type":"LineString","coordinates":[[-74.1138,4.55738],[-74.11432,4.55742]]}},{"type":"Feature","properties":{"id":"176579251","nom":"Calle 48K Sur","tipo":"residential"},"geometry":{"type":"LineString","coordinates":[[-74.1134,4.55715],[-74.11368,4.55721]]}},{"type":"Feature","properties":{"id":"176579252","nom":"Diagonal 48J Bis A Sur","tipo":"residential"},"geometry":{"type":"LineString","coordinates":[[-74.11377,4.55764],[-74.11427,4.55768]]}},{"type":"Feature","properties":{"id":"176579253","nom":"Diagonal 48L Bis Sur","tipo":"residential"},"geometry":{"type":"LineString","coordinates":[[-74.11392,4.557],[-74.1144,4.55704]]}},{"type":"Feature","properties":{"id":"176579254","nom":"Diagonal 48P Sur","tipo":"residential"},"geometry":{"type":"LineString","coordinates":[[-74.11395,4.55649],[-74.11464,4.55659]]}},{"type":"Feature","properties":{"id":"176579482","nom":"Diagonal 48K Bis Sur","tipo":"residential"},"geometry":{"type":"LineString","coordinates":[[-74.11389,4.55718],[-74.11435,4.55722]]}},{"type":"Feature","properties":{"id":"176579483","nom":"Transversal 5T","tipo":"residential"},"geometry":{"type":"LineString","coordinates":[[-74.11565,4.55713],[-74.11569,4.557],[-74.11579,4.55656],[-74.11589,4.55605]]}},{"type":"Feature","properties":{"id":"176579484","nom":"Diagonal 48M Sur","tipo":"residential"},"geometry":{"type":"LineString","coordinates":[[-74.11525,4.55713],[-74.11578,4.55735]]}},{"type":"Feature","properties":{"id":"176579485","nom":"Diagonal 48W Sur","tipo":"residential"},"geometry":{"type":"LineString","coordinates":[[-74.11543,4.55615],[-74.11505,4.55602],[-74.11473,4.55596]]}},{"type":"Feature","properties":{"id":"176580424","nom":"Diagonal 48L Bis A Sur","tipo":"residential"},"geometry":{"type":"LineString","coordinates":[[-74.11609,4.55765],[-74.11566,4.55749]]}},{"type":"Feature","properties":{"id":"176580427","nom":"Diagonal 48L Sur","tipo":"residential"},"geometry":{"type":"LineString","coordinates":[[-74.11595,4.55801],[-74.11545,4.55784]]}},{"type":"Feature","properties":{"id":"176580576","nom":"Transversal 5W","tipo":"residential"},"geometry":{"type":"LineString","coordinates":[[-74.11586,4.55824],[-74.11595,4.55801],[-74.11609,4.55765],[-74.11644,4.55676]]}},{"type":"Feature","properties":{"id":"176591530","nom":"Carrera 4D","tipo":"residential"},"geometry":{"type":"LineString","coordinates":[[-74.11437,4.54504],[-74.11446,4.54465],[-74.11451,4.54444],[-74.11478,4.54322]]}},{"type":"Feature","properties":{"id":"176591555","nom":"Calle 52A Sur","tipo":"residential"},"geometry":{"type":"LineString","coordinates":[[-74.11752,4.5456],[-74.11742,4.54538]]}},{"type":"Feature","properties":{"id":"176721893","nom":"Avenida Carrera 27","tipo":"secondary"},"geometry":{"type":"LineString","coordinates":[[-74.12131,4.58943],[-74.12138,4.58942],[-74.12144,4.5894],[-74.12151,4.58937],[-74.12159,4.58934],[-74.12181,4.58922],[-74.12199,4.58914],[-74.12207,4.5891],[-74.12218,4.58906],[-74.12227,4.58904],[-74.12237,4.58903],[-74.12247,4.58902],[-74.12255,4.58902],[-74.12266,4.58903],[-74.12275,4.58904],[-74.12286,4.58907],[-74.12296,4.5891],[-74.12305,4.58914],[-74.12314,4.58918],[-74.12322,4.58924],[-74.12327,4.58928],[-74.12333,4.58934],[-74.12337,4.58939],[-74.1234,4.58943],[-74.12343,4.58948],[-74.12351,4.5896],[-74.12362,4.58975],[-74.12367,4.58981],[-74.12373,4.58988],[-74.1238,4.58992],[-74.12389,4.58998]]}},{"type":"Feature","properties":{"id":"176727889","nom":"Carrera 12F","tipo":"residential"},"geometry":{"type":"LineString","coordinates":[[-74.11668,4.56606],[-74.11647,4.56627],[-74.11628,4.56645],[-74.11624,4.5665]]}},{"type":"Feature","properties":{"id":"176727890","nom":"Calle 48A Sur","tipo":"residential"},"geometry":{"type":"LineString","coordinates":[[-74.11687,4.5656],[-74.11668,4.56562],[-74.11648,4.56558],[-74.11629,4.56545],[-74.11623,4.56546],[-74.11618,4.5655],[-74.11618,4.56556],[-74.11668,4.56606]]}},{"type":"Feature","properties":{"id":"176727891","nom":"Carrera 12G Bis","tipo":"residential"},"geometry":{"type":"LineString","coordinates":[[-74.11758,4.56682],[-74.1172,4.56708],[-74.11707,4.56718]]}},{"type":"Feature","properties":{"id":"176797439","nom":"Carrera 20","tipo":"residential"},"geometry":{"type":"LineString","coordinates":[[-74.09829,4.58953],[-74.09826,4.58957],[-74.09797,4.58995],[-74.09773,4.5903],[-74.09767,4.59038],[-74.09747,4.59067],[-74.09714,4.59114]]}},{"type":"Feature","properties":{"id":"176801628","nom":"Calle 47 Sur","tipo":"residential"},"geometry":{"type":"LineString","coordinates":[[-74.1016,4.54914],[-74.10188,4.54946]]}},{"type":"Feature","properties":{"id":"176801629","nom":"Carrera 1D","tipo":"residential"},"geometry":{"type":"LineString","coordinates":[[-74.09873,4.55306],[-74.09926,4.55257],[-74.10006,4.55179],[-74.10043,4.55144]]}},{"type":"Feature","properties":{"id":"176801630","nom":"Carrera 2D","tipo":"residential"},"geometry":{"type":"LineString","coordinates":[[-74.10132,4.5544],[-74.10115,4.55455],[-74.10068,4.55496],[-74.10063,4.55501]]}},{"type":"Feature","properties":{"id":"176801631","nom":"Carrera 1F","tipo":"residential"},"geometry":{"type":"LineString","coordinates":[[-74.10036,4.55208],[-74.09954,4.55286],[-74.09901,4.55335]]}},{"type":"Feature","properties":{"id":"176802159","nom":"Calle 43A Sur","tipo":"residential"},"geometry":{"type":"LineString","coordinates":[[-74.09805,4.54854],[-74.09748,4.54839]]}},{"type":"Feature","properties":{"id":"176802161","nom":"Carrera 1B Este","tipo":"residential"},"geometry":{"type":"LineString","coordinates":[[-74.09858,4.54757],[-74.09841,4.54821]]}},{"type":"Feature","properties":{"id":"176802162","nom":"Carrera 1 Bis","tipo":"residential"},"geometry":{"type":"LineString","coordinates":[[-74.10025,4.54785],[-74.10016,4.54821],[-74.10006,4.54864],[-74.09996,4.54904],[-74.09992,4.54933]]}},{"type":"Feature","properties":{"id":"176910678","nom":"Carrera 3D","tipo":"residential"},"geometry":{"type":"LineString","coordinates":[[-74.10995,4.54653],[-74.11061,4.54553]]}},{"type":"Feature","properties":{"id":"176910680","nom":"Carrera 4","tipo":"residential"},"geometry":{"type":"LineString","coordinates":[[-74.11091,4.54554],[-74.11033,4.54648]]}},{"type":"Feature","properties":{"id":"176910683","nom":"Carrera 4A","tipo":"residential"},"geometry":{"type":"LineString","coordinates":[[-74.11065,4.54674],[-74.11004,4.54723]]}},{"type":"Feature","properties":{"id":"176910684","nom":"Carrera 5","tipo":"residential"},"geometry":{"type":"LineString","coordinates":[[-74.11145,4.54665],[-74.11125,4.54694],[-74.1112,4.54699],[-74.11118,4.54701],[-74.11116,4.54701],[-74.11111,4.54701],[-74.11105,4.54699],[-74.11099,4.54697]]}},{"type":"Feature","properties":{"id":"176910685","nom":"Carrera 5A","tipo":"tertiary"},"geometry":{"type":"LineString","coordinates":[[-74.11196,4.54711],[-74.11182,4.54721]]}},{"type":"Feature","properties":{"id":"176910686","nom":"Carrera 5A Bis","tipo":"residential"},"geometry":{"type":"LineString","coordinates":[[-74.11095,4.54824],[-74.11154,4.5478],[-74.11185,4.54758]]}},{"type":"Feature","properties":{"id":"176910687","nom":"Carrera 3B","tipo":"residential"},"geometry":{"type":"LineString","coordinates":[[-74.10938,4.54649],[-74.10932,4.54663],[-74.10909,4.54693],[-74.10875,4.54738],[-74.10858,4.54762],[-74.10842,4.54785],[-74.10826,4.54806],[-74.10814,4.54824],[-74.10744,4.54922]]}},{"type":"Feature","properties":{"id":"176910716","nom":"Carrera 4B","tipo":"residential"},"geometry":{"type":"LineString","coordinates":[[-74.11126,4.54646],[-74.11122,4.54651],[-74.11097,4.54692]]}},{"type":"Feature","properties":{"id":"176910720","nom":"Carrera 2D","tipo":"residential"},"geometry":{"type":"LineString","coordinates":[[-74.10919,4.54474],[-74.10844,4.54589]]}},{"type":"Feature","properties":{"id":"176910721","nom":"Carrera 4 Bis","tipo":"residential"},"geometry":{"type":"LineString","coordinates":[[-74.11097,4.54592],[-74.11088,4.54606],[-74.11063,4.54647]]}},{"type":"Feature","properties":{"id":"176910722","nom":"Carrera 4A","tipo":"residential"},"geometry":{"type":"LineString","coordinates":[[-74.11107,4.54624],[-74.11103,4.5463],[-74.11086,4.54656]]}},{"type":"Feature","properties":{"id":"176910816","nom":"Carrera 2","tipo":"residential"},"geometry":{"type":"LineString","coordinates":[[-74.10802,4.54464],[-74.10766,4.54517],[-74.10748,4.54545]]}},{"type":"Feature","properties":{"id":"176910869","nom":"Calle 48U Bis Sur","tipo":"residential"},"geometry":{"type":"LineString","coordinates":[[-74.10532,4.54566],[-74.10616,4.54624]]}},{"type":"Feature","properties":{"id":"176910870","nom":"Carrera 1G","tipo":"residential"},"geometry":{"type":"LineString","coordinates":[[-74.10709,4.54543],[-74.10657,4.54618],[-74.10622,4.54663]]}},{"type":"Feature","properties":{"id":"176910871","nom":"Calle 48U Bis Sur","tipo":"residential"},"geometry":{"type":"LineString","coordinates":[[-74.10661,4.54656],[-74.10748,4.5472]]}},{"type":"Feature","properties":{"id":"176910872","nom":"Carrera 2B","tipo":"residential"},"geometry":{"type":"LineString","coordinates":[[-74.108,4.54557],[-74.10868,4.54457]]}},{"type":"Feature","properties":{"id":"176910873","nom":"Carrera 2","tipo":"residential"},"geometry":{"type":"LineString","coordinates":[[-74.10741,4.54545],[-74.10712,4.54585],[-74.10696,4.54609],[-74.10678,4.54633],[-74.10661,4.54656],[-74.10644,4.54679]]}},{"type":"Feature","properties":{"id":"176910874","nom":"Carrera 2A","tipo":"residential"},"geometry":{"type":"LineString","coordinates":[[-74.10772,4.54547],[-74.10733,4.54598]]}},{"type":"Feature","properties":{"id":"176910983","nom":"Calle 48U Sur","tipo":"residential"},"geometry":{"type":"LineString","coordinates":[[-74.10826,4.54806],[-74.10848,4.54821],[-74.1087,4.54836],[-74.10892,4.54853],[-74.1093,4.54882],[-74.10933,4.54884],[-74.10938,4.54888],[-74.1096,4.54906],[-74.10981,4.5492],[-74.11004,4.54937],[-74.11024,4.54951],[-74.11048,4.54968],[-74.11069,4.54984]]}},{"type":"Feature","properties":{"id":"176911056","nom":"Calle 48T Sur","tipo":"residential"},"geometry":{"type":"LineString","coordinates":[[-74.1086,4.54898],[-74.10899,4.54926],[-74.10902,4.54928]]}},{"type":"Feature","properties":{"id":"176911058","nom":"Carrera 4A","tipo":"residential"},"geometry":{"type":"LineString","coordinates":[[-74.10994,4.54749],[-74.10992,4.5475],[-74.10957,4.54797],[-74.10939,4.5482]]}},{"type":"Feature","properties":{"id":"176911059","nom":"Calle 48U Bis Sur","tipo":"residential"},"geometry":{"type":"LineString","coordinates":[[-74.10842,4.54785],[-74.10854,4.54794],[-74.10902,4.5483]]}},{"type":"Feature","properties":{"id":"176911060","nom":"Carrera 3D","tipo":"residential"},"geometry":{"type":"LineString","coordinates":[[-74.1087,4.54836],[-74.10798,4.54936]]}},{"type":"Feature","properties":{"id":"176911061","nom":"Calle 48T Bis Sur","tipo":"residential"},"geometry":{"type":"LineString","coordinates":[[-74.10814,4.54824],[-74.10792,4.54809]]}},{"type":"Feature","properties":{"id":"176911152","nom":"Calle 48X Bis Sur","tipo":"residential"},"geometry":{"type":"LineString","coordinates":[[-74.11097,4.54896],[-74.10988,4.54819],[-74.10983,4.54815]]}},{"type":"Feature","properties":{"id":"176911153","nom":"Calle 48Y Sur","tipo":"residential"},"geometry":{"type":"LineString","coordinates":[[-74.10999,4.54793],[-74.11004,4.54797],[-74.11108,4.54872]]}},{"type":"Feature","properties":{"id":"176911170","nom":"Carrera 5A","tipo":"residential"},"geometry":{"type":"LineString","coordinates":[[-74.11004,4.54937],[-74.10948,4.55016]]}},{"type":"Feature","properties":{"id":"176911171","nom":"Carrera 5 Bis A","tipo":"residential"},"geometry":{"type":"LineString","coordinates":[[-74.10981,4.5492],[-74.10925,4.54999]]}},{"type":"Feature","properties":{"id":"176911305","nom":"Carrera 4","tipo":"residential"},"geometry":{"type":"LineString","coordinates":[[-74.10827,4.54943],[-74.10845,4.54919],[-74.1086,4.54898],[-74.10875,4.54878],[-74.10892,4.54853]]}},{"type":"Feature","properties":{"id":"176911489","nom":"Calle 49 Sur","tipo":"residential"},"geometry":{"type":"LineString","coordinates":[[-74.11556,4.55495],[-74.11554,4.55491],[-74.11551,4.55486],[-74.11548,4.5548],[-74.11522,4.55425],[-74.11505,4.55388],[-74.11498,4.55374],[-74.11493,4.55363],[-74.11488,4.55354],[-74.11481,4.55339],[-74.1148,4.55336]]}},{"type":"Feature","properties":{"id":"177004722","nom":"Calle 48A Bis Sur","tipo":"residential"},"geometry":{"type":"LineString","coordinates":[[-74.10134,4.54657],[-74.10187,4.54727]]}},{"type":"Feature","properties":{"id":"177004723","nom":"Calle 47A Sur","tipo":"residential"},"geometry":{"type":"LineString","coordinates":[[-74.1001,4.54653],[-74.10054,4.54711],[-74.10087,4.54755],[-74.10127,4.54809],[-74.10139,4.54825],[-74.10142,4.54829]]}},{"type":"Feature","properties":{"id":"177004725","nom":"Carrera 1 Este","tipo":"residential"},"geometry":{"type":"LineString","coordinates":[[-74.10058,4.54576],[-74.10037,4.54609],[-74.10032,4.54617],[-74.1001,4.54653],[-74.09989,4.54687],[-74.09951,4.54747],[-74.09947,4.54756]]}},{"type":"Feature","properties":{"id":"177004726","nom":"Calle 48A Sur","tipo":"residential"},"geometry":{"type":"LineString","coordinates":[[-74.10114,4.5467],[-74.1017,4.54749]]}},{"type":"Feature","properties":{"id":"177004727","nom":"Calle 48 Sur","tipo":"residential"},"geometry":{"type":"LineString","coordinates":[[-74.1017,4.54798],[-74.10162,4.54785],[-74.10152,4.54772],[-74.10091,4.54686]]}},{"type":"Feature","properties":{"id":"177004728","nom":"Calle 48B Sur","tipo":"residential"},"geometry":{"type":"LineString","coordinates":[[-74.10156,4.54641],[-74.10202,4.54708]]}},{"type":"Feature","properties":{"id":"177015049","nom":"Carrera 1 Este","tipo":"residential"},"geometry":{"type":"LineString","coordinates":[[-74.10529,4.54507],[-74.10535,4.54503],[-74.10579,4.54475],[-74.10584,4.54472],[-74.10587,4.5447],[-74.10592,4.54468],[-74.10606,4.54459]]}},{"type":"Feature","properties":{"id":"177059586","nom":"Carrera 5 Bis A","tipo":"residential"},"geometry":{"type":"LineString","coordinates":[[-74.11629,4.54557],[-74.11603,4.54568],[-74.11598,4.54567],[-74.11593,4.54568],[-74.11564,4.54576],[-74.11544,4.54581],[-74.11525,4.54587]]}},{"type":"Feature","properties":{"id":"177059588","nom":"Carrera 5B","tipo":"residential"},"geometry":{"type":"LineString","coordinates":[[-74.1148,4.54588],[-74.11432,4.54609],[-74.11422,4.54613],[-74.11416,4.54615],[-74.11396,4.54622],[-74.11383,4.54627],[-74.11372,4.54634],[-74.11364,4.5464],[-74.11358,4.54646],[-74.11354,4.54652]]}},{"type":"Feature","properties":{"id":"177059593","nom":"Calle 51B Sur","tipo":"residential"},"geometry":{"type":"LineString","coordinates":[[-74.11637,4.54628],[-74.11626,4.54617],[-74.11606,4.54598]]}},{"type":"Feature","properties":{"id":"177059594","nom":"Calle 50C Bis Sur","tipo":"residential"},"geometry":{"type":"LineString","coordinates":[[-74.11442,4.54686],[-74.11424,4.54665],[-74.11407,4.54641],[-74.11396,4.54622]]}},{"type":"Feature","properties":{"id":"177059595","nom":"Calle 50C Sur","tipo":"residential"},"geometry":{"type":"LineString","coordinates":[[-74.11344,4.54549],[-74.11354,4.54572]]}},{"type":"Feature","properties":{"id":"177060226","nom":"Carrera 4B","tipo":"residential"},"geometry":{"type":"LineString","coordinates":[[-74.11178,4.54583],[-74.1116,4.54599],[-74.11145,4.54612]]}},{"type":"Feature","properties":{"id":"177060227","nom":"Calle 50F Sur","tipo":"residential"},"geometry":{"type":"LineString","coordinates":[[-74.11507,4.54656],[-74.11487,4.54635],[-74.11483,4.5463],[-74.11483,4.54628],[-74.11483,4.54626]]}},{"type":"Feature","properties":{"id":"177060228","nom":"Carrera 5B Bis B","tipo":"residential"},"geometry":{"type":"LineString","coordinates":[[-74.11465,4.54649],[-74.11483,4.54635],[-74.11484,4.54635],[-74.11485,4.54635],[-74.11487,4.54635]]}},{"type":"Feature","properties":{"id":"177060229","nom":"Diagonal 49C Bis A Sur","tipo":"residential"},"geometry":{"type":"LineString","coordinates":[[-74.11203,4.54574],[-74.11218,4.54588],[-74.11238,4.54605],[-74.11268,4.54622],[-74.11282,4.5463],[-74.11291,4.54635],[-74.11306,4.5464],[-74.11336,4.54648],[-74.11345,4.5465],[-74.11351,4.54651],[-74.11354,4.54652]]}},{"type":"Feature","properties":{"id":"177074924","nom":"Transversal 5G Bis","tipo":"residential"},"geometry":{"type":"LineString","coordinates":[[-74.11041,4.55697],[-74.11046,4.55829],[-74.11047,4.55839],[-74.11047,4.55866],[-74.11046,4.55875],[-74.11036,4.55918],[-74.11035,4.55921]]}},{"type":"Feature","properties":{"id":"177074925","nom":"Carrera 5D Bis","tipo":"residential"},"geometry":{"type":"LineString","coordinates":[[-74.1093,4.55676],[-74.10924,4.55803],[-74.10923,4.55827],[-74.10922,4.5586]]}},{"type":"Feature","properties":{"id":"177074927","nom":"Diagonal 48F Sur","tipo":"residential"},"geometry":{"type":"LineString","coordinates":[[-74.10953,4.55804],[-74.10924,4.55803],[-74.10842,4.55799]]}},{"type":"Feature","properties":{"id":"177176788","nom":"Calle 48L Sur","tipo":"residential"},"geometry":{"type":"LineString","coordinates":[[-74.10612,4.55319],[-74.10626,4.55322],[-74.10637,4.55328],[-74.10652,4.55345],[-74.10671,4.55363],[-74.10692,4.55384],[-74.10697,4.55384],[-74.10735,4.55379],[-74.1074,4.55379],[-74.10747,4.5538],[-74.10752,4.55382],[-74.10756,4.55384],[-74.10759,4.55388],[-74.10805,4.5545],[-74.10811,4.55458],[-74.10814,4.5546],[-74.10817,4.55461],[-74.10822,4.55462],[-74.10831,4.55465]]}},{"type":"Feature","properties":{"id":"177176802","nom":"Carrera 5A Bis","tipo":"residential"},"geometry":{"type":"LineString","coordinates":[[-74.10855,4.55401],[-74.10875,4.55356],[-74.10886,4.55343],[-74.10912,4.55309],[-74.10914,4.55306]]}},{"type":"Feature","properties":{"id":"177258430","nom":"Diagonal 39 Sur","tipo":"tertiary"},"geometry":{"type":"LineString","coordinates":[[-74.096,4.55197],[-74.09561,4.55203],[-74.09521,4.55209],[-74.09499,4.55211],[-74.09479,4.55212],[-74.09455,4.55214],[-74.09435,4.55216],[-74.09416,4.55218],[-74.09399,4.55219]]}},{"type":"Feature","properties":{"id":"177258680","nom":"Calle 44 Sur","tipo":"residential"},"geometry":{"type":"LineString","coordinates":[[-74.10126,4.55005],[-74.10175,4.55054]]}},{"type":"Feature","properties":{"id":"177258681","nom":"Calle 48P Bis A Sur","tipo":"residential"},"geometry":{"type":"LineString","coordinates":[[-74.10884,4.55207],[-74.1081,4.55182],[-74.10806,4.55181]]}},{"type":"Feature","properties":{"id":"177258683","nom":"Calle 48P Bis B Sur","tipo":"residential"},"geometry":{"type":"LineString","coordinates":[[-74.10896,4.55181],[-74.1082,4.55156],[-74.10814,4.55154]]}},{"type":"Feature","properties":{"id":"177258685","nom":"Carrera 1","tipo":"residential"},"geometry":{"type":"LineString","coordinates":[[-74.09985,4.54774],[-74.09967,4.54854],[-74.09949,4.54921],[-74.09951,4.54931],[-74.09932,4.55013]]}},{"type":"Feature","properties":{"id":"177258686","nom":"Carrera 1A","tipo":"secondary"},"geometry":{"type":"LineString","coordinates":[[-74.0978,4.55219],[-74.09798,4.552],[-74.09835,4.55161],[-74.09846,4.5515],[-74.09858,4.55137],[-74.0987,4.55125],[-74.09945,4.55049],[-74.09948,4.55046],[-74.09961,4.55033],[-74.09971,4.55022],[-74.09974,4.55018],[-74.09992,4.54997]]}},{"type":"Feature","properties":{"id":"177258688","nom":"Calle 43 Sur","tipo":"residential"},"geometry":{"type":"LineString","coordinates":[[-74.09951,4.54931],[-74.09992,4.54933],[-74.0999,4.5496]]}},{"type":"Feature","properties":{"id":"177574163","nom":"Calle 43 Sur","tipo":"residential"},"geometry":{"type":"LineString","coordinates":[[-74.12788,4.58725],[-74.12789,4.5873],[-74.12791,4.58732],[-74.12799,4.58752],[-74.128,4.58757],[-74.128,4.5876]]}},{"type":"Feature","properties":{"id":"177991764","nom":"Carrera 20 Bis","tipo":"residential"},"geometry":{"type":"LineString","coordinates":[[-74.10412,4.58405],[-74.10435,4.58404],[-74.10444,4.58403],[-74.10451,4.58401],[-74.1046,4.58397]]}},{"type":"Feature","properties":{"id":"178065614","nom":"Calle 48Q Sur","tipo":"residential"},"geometry":{"type":"LineString","coordinates":[[-74.10837,4.55082],[-74.10843,4.55084],[-74.1085,4.55086],[-74.10856,4.55088],[-74.10862,4.55089],[-74.10871,4.55091],[-74.10877,4.55092],[-74.10897,4.55096],[-74.1093,4.55102],[-74.10958,4.55103]]}},{"type":"Feature","properties":{"id":"178065615","nom":"Calle 48Q Sur","tipo":"secondary"},"geometry":{"type":"LineString","coordinates":[[-74.10792,4.55053],[-74.10787,4.55051],[-74.10761,4.5504],[-74.10752,4.55036],[-74.10729,4.55023],[-74.10726,4.55021],[-74.10708,4.5501],[-74.10693,4.54999],[-74.10676,4.54985],[-74.1067,4.54981],[-74.10657,4.54969],[-74.10641,4.54952],[-74.10631,4.54942],[-74.10602,4.54908],[-74.10582,4.54885],[-74.10565,4.54864],[-74.10551,4.54849]]}},{"type":"Feature","properties":{"id":"178065618","nom":"Carrera 3","tipo":"residential"},"geometry":{"type":"LineString","coordinates":[[-74.10585,4.5509],[-74.10582,4.55074],[-74.10577,4.55039],[-74.1057,4.54998],[-74.1057,4.54996],[-74.10571,4.54994],[-74.1058,4.54983]]}},{"type":"Feature","properties":{"id":"178065619","nom":"Calle 48P Sur","tipo":"secondary"},"geometry":{"type":"LineString","coordinates":[[-74.10842,4.55281],[-74.10827,4.55274]]}},{"type":"Feature","properties":{"id":"178065620","nom":"Calle 48P Sur","tipo":"secondary"},"geometry":{"type":"LineString","coordinates":[[-74.10827,4.55274],[-74.10821,4.55269],[-74.10817,4.55265],[-74.10816,4.55265],[-74.10811,4.55259],[-74.10806,4.55252]]}},{"type":"Feature","properties":{"id":"178065624","nom":"Calle 48Q Sur","tipo":"secondary"},"geometry":{"type":"LineString","coordinates":[[-74.10527,4.54836],[-74.10555,4.54871],[-74.10565,4.54882],[-74.10579,4.54898],[-74.10601,4.54924],[-74.10623,4.5495],[-74.1063,4.54957],[-74.1063,4.54958],[-74.10636,4.54964],[-74.1065,4.54977],[-74.10657,4.54984],[-74.10668,4.54993],[-74.10687,4.55009],[-74.10689,4.55011],[-74.10707,4.55023],[-74.1072,4.5503],[-74.10735,4.55039],[-74.10756,4.55049],[-74.10759,4.5505],[-74.10784,4.55062],[-74.10789,4.55064]]}},{"type":"Feature","properties":{"id":"178067484","nom":"Calle 48P Sur","tipo":"residential"},"geometry":{"type":"LineString","coordinates":[[-74.10585,4.5509],[-74.10587,4.55096],[-74.1059,4.55098],[-74.10617,4.55119],[-74.10626,4.55127],[-74.10632,4.55134],[-74.10649,4.55155],[-74.10672,4.55182],[-74.10682,4.55195],[-74.10702,4.55219],[-74.10709,4.55228],[-74.10714,4.55232],[-74.1072,4.55235],[-74.10724,4.55236]]}},{"type":"Feature","properties":{"id":"178068540","nom":"Carrera 1G","tipo":"residential"},"geometry":{"type":"LineString","coordinates":[[-74.10507,4.54825],[-74.10516,4.54812],[-74.10564,4.54741]]}},{"type":"Feature","properties":{"id":"178068541","nom":"Carrera 1F","tipo":"residential"},"geometry":{"type":"LineString","coordinates":[[-74.10505,4.54778],[-74.10544,4.54726]]}},{"type":"Feature","properties":{"id":"178068542","nom":"Carrera 2A","tipo":"residential"},"geometry":{"type":"LineString","coordinates":[[-74.10558,4.54852],[-74.10611,4.54771]]}},{"type":"Feature","properties":{"id":"178068543","nom":"Carrera 1D","tipo":"residential"},"geometry":{"type":"LineString","coordinates":[[-74.10562,4.54654],[-74.10549,4.54672]]}},{"type":"Feature","properties":{"id":"178068544","nom":"Carrera 1C","tipo":"residential"},"geometry":{"type":"LineString","coordinates":[[-74.1049,4.54707],[-74.10528,4.54656]]}},{"type":"Feature","properties":{"id":"178068546","nom":"Calle 48R Sur","tipo":"residential"},"geometry":{"type":"LineString","coordinates":[[-74.10458,4.546],[-74.10462,4.54612],[-74.10474,4.54645],[-74.10483,4.54668],[-74.1049,4.54707],[-74.10498,4.5474],[-74.10505,4.54778],[-74.1051,4.54795],[-74.10516,4.54812]]}},{"type":"Feature","properties":{"id":"179223159","nom":"Calle 36 Sur","tipo":"residential"},"geometry":{"type":"LineString","coordinates":[[-74.10144,4.56296],[-74.10125,4.56279]]}},{"type":"Feature","properties":{"id":"179223160","nom":"Carrera 4C","tipo":"residential"},"geometry":{"type":"LineString","coordinates":[[-74.10273,4.55954],[-74.10265,4.55978],[-74.10251,4.55996],[-74.10241,4.56015],[-74.10236,4.56023],[-74.10229,4.56037]]}},{"type":"Feature","properties":{"id":"179223162","nom":"Calle 35A Sur","tipo":"residential"},"geometry":{"type":"LineString","coordinates":[[-74.10088,4.5631],[-74.10105,4.56334],[-74.10125,4.56362]]}},{"type":"Feature","properties":{"id":"179223164","nom":"Calle 39 Sur","tipo":"residential"},"geometry":{"type":"LineString","coordinates":[[-74.10259,4.56142],[-74.10252,4.56136],[-74.10227,4.56117],[-74.10215,4.56107],[-74.10199,4.56094]]}},{"type":"Feature","properties":{"id":"179223166","nom":"Calle 35A Sur","tipo":"residential"},"geometry":{"type":"LineString","coordinates":[[-74.10182,4.56425],[-74.10157,4.56392],[-74.10132,4.56358]]}},{"type":"Feature","properties":{"id":"179223170","nom":"Calle 36 Bis Sur","tipo":"residential"},"geometry":{"type":"LineString","coordinates":[[-74.10155,4.56002],[-74.10107,4.55999],[-74.10102,4.56001],[-74.10094,4.56004],[-74.10087,4.56006],[-74.10034,4.56003],[-74.10026,4.56003]]}},{"type":"Feature","properties":{"id":"179223180","nom":"Carrera 5","tipo":"residential"},"geometry":{"type":"LineString","coordinates":[[-74.10171,4.56126],[-74.1012,4.56181],[-74.10081,4.56221],[-74.10064,4.5624],[-74.10028,4.56285]]}},{"type":"Feature","properties":{"id":"179223181","nom":"Carrera 5A","tipo":"residential"},"geometry":{"type":"LineString","coordinates":[[-74.10267,4.56115],[-74.10301,4.56073]]}},{"type":"Feature","properties":{"id":"179223183","nom":"Calle 36 Bis Sur","tipo":"residential"},"geometry":{"type":"LineString","coordinates":[[-74.10182,4.56036],[-74.10155,4.56002]]}},{"type":"Feature","properties":{"id":"179223184","nom":"Calle 36A Bis Sur","tipo":"residential"},"geometry":{"type":"LineString","coordinates":[[-74.10112,4.56289],[-74.10064,4.5624]]}},{"type":"Feature","properties":{"id":"179223185","nom":"Carrera 4C","tipo":"residential"},"geometry":{"type":"LineString","coordinates":[[-74.10229,4.56037],[-74.10205,4.56037],[-74.10182,4.56036]]}},{"type":"Feature","properties":{"id":"179223203","nom":"Calle 35B Sur","tipo":"residential"},"geometry":{"type":"LineString","coordinates":[[-74.10163,4.56331],[-74.10188,4.56359]]}},{"type":"Feature","properties":{"id":"179462310","nom":"Diagonal 48B Sur","tipo":"residential"},"geometry":{"type":"LineString","coordinates":[[-74.11335,4.55967],[-74.11309,4.55963],[-74.11269,4.55956]]}},{"type":"Feature","properties":{"id":"179462311","nom":"Diagonal 48A Sur","tipo":"residential"},"geometry":{"type":"LineString","coordinates":[[-74.11285,4.56041],[-74.11244,4.56039]]}},{"type":"Feature","properties":{"id":"179462313","nom":"Diagonal 45 Bis Sur","tipo":"residential"},"geometry":{"type":"LineString","coordinates":[[-74.11152,4.56161],[-74.11207,4.56158]]}},{"type":"Feature","properties":{"id":"179462315","nom":"Diagonal 48B Sur","tipo":"residential"},"geometry":{"type":"LineString","coordinates":[[-74.1127,4.55947],[-74.11195,4.55952],[-74.11191,4.55951]]}},{"type":"Feature","properties":{"id":"179462316","nom":"Transversal 5M Bis","tipo":"residential"},"geometry":{"type":"LineString","coordinates":[[-74.11217,4.56217],[-74.11225,4.56198],[-74.11233,4.56177]]}},{"type":"Feature","properties":{"id":"179462321","nom":"Diagonal 48 Sur","tipo":"residential"},"geometry":{"type":"LineString","coordinates":[[-74.1127,4.56068],[-74.11234,4.56066]]}},{"type":"Feature","properties":{"id":"179462324","nom":"Diagonal 47 Sur","tipo":"residential"},"geometry":{"type":"LineString","coordinates":[[-74.11265,4.56094],[-74.11227,4.56093]]}},{"type":"Feature","properties":{"id":"179462328","nom":"Diagonal 48A Bis Sur","tipo":"residential"},"geometry":{"type":"LineString","coordinates":[[-74.11294,4.56015],[-74.11265,4.56008]]}},{"type":"Feature","properties":{"id":"179462332","nom":"Diagonal 44 Bis C Sur","tipo":"residential"},"geometry":{"type":"LineString","coordinates":[[-74.11223,4.56251],[-74.11217,4.56248],[-74.11181,4.5623]]}},{"type":"Feature","properties":{"id":"179462333","nom":"Diagonal 46 Sur","tipo":"residential"},"geometry":{"type":"LineString","coordinates":[[-74.11269,4.56122],[-74.11219,4.5612]]}},{"type":"Feature","properties":{"id":"179462335","nom":"Diagonal 44B Bis Sur","tipo":"residential"},"geometry":{"type":"LineString","coordinates":[[-74.11153,4.56186],[-74.11197,4.56186]]}},{"type":"Feature","properties":{"id":"179462337","nom":"Diagonal 44B Sur","tipo":"residential"},"geometry":{"type":"LineString","coordinates":[[-74.11154,4.56213],[-74.11178,4.56212],[-74.11187,4.56212]]}},{"type":"Feature","properties":{"id":"180761676","nom":"Carrera 19","tipo":"residential"},"geometry":{"type":"LineString","coordinates":[[-74.11434,4.57803],[-74.114,4.57815]]}},{"type":"Feature","properties":{"id":"180761683","nom":"Carrera 18B","tipo":"residential"},"geometry":{"type":"LineString","coordinates":[[-74.11461,4.57764],[-74.11525,4.57742]]}},{"type":"Feature","properties":{"id":"180761776","nom":"Calle 34 Sur","tipo":"residential"},"geometry":{"type":"LineString","coordinates":[[-74.1158,4.57675],[-74.11587,4.57694],[-74.11598,4.57725],[-74.11607,4.57752],[-74.11619,4.57789],[-74.1163,4.5782],[-74.11645,4.5786],[-74.11655,4.57883]]}},{"type":"Feature","properties":{"id":"181210540","nom":"Carrera 27 Bis","tipo":"residential"},"geometry":{"type":"LineString","coordinates":[[-74.11914,4.58519],[-74.11997,4.58511]]}},{"type":"Feature","properties":{"id":"181210542","nom":"Calle 23A Sur","tipo":"residential"},"geometry":{"type":"LineString","coordinates":[[-74.10744,4.58582],[-74.10788,4.58637],[-74.10833,4.58694],[-74.10874,4.58745]]}},{"type":"Feature","properties":{"id":"181210600","nom":"Carrera 33","tipo":"residential"},"geometry":{"type":"LineString","coordinates":[[-74.12421,4.58881],[-74.12371,4.58898]]}},{"type":"Feature","properties":{"id":"182399638","nom":"Calle 39C Sur","tipo":"residential"},"geometry":{"type":"LineString","coordinates":[[-74.10632,4.56319],[-74.10593,4.56282]]}},{"type":"Feature","properties":{"id":"182399639","nom":"Calle 39 Bis Sur","tipo":"residential"},"geometry":{"type":"LineString","coordinates":[[-74.10503,4.56323],[-74.10462,4.5629],[-74.10447,4.56278],[-74.10426,4.56262],[-74.1041,4.56251],[-74.10397,4.56242]]}},{"type":"Feature","properties":{"id":"182399640","nom":"Calle 39D Sur","tipo":"residential"},"geometry":{"type":"LineString","coordinates":[[-74.10609,4.56258],[-74.10646,4.56293]]}},{"type":"Feature","properties":{"id":"182399641","nom":"Calle 39F Sur","tipo":"residential"},"geometry":{"type":"LineString","coordinates":[[-74.10625,4.5624],[-74.10656,4.56268],[-74.10661,4.56274],[-74.10664,4.56281]]}},{"type":"Feature","properties":{"id":"182399643","nom":"Calle 36A Bis Sur","tipo":"residential"},"geometry":{"type":"LineString","coordinates":[[-74.10558,4.56691],[-74.1054,4.56673],[-74.10516,4.56649],[-74.10503,4.56637],[-74.10495,4.56628]]}},{"type":"Feature","properties":{"id":"182399644","nom":"Calle 34C Sur","tipo":"residential"},"geometry":{"type":"LineString","coordinates":[[-74.10566,4.56722],[-74.10594,4.56747],[-74.10614,4.5677],[-74.10641,4.56798]]}},{"type":"Feature","properties":{"id":"182399646","nom":"Carrera 9C","tipo":"residential"},"geometry":{"type":"LineString","coordinates":[[-74.10668,4.5629],[-74.10693,4.56284],[-74.10725,4.56276]]}},{"type":"Feature","properties":{"id":"182399648","nom":"Carrera 11B","tipo":"residential"},"geometry":{"type":"LineString","coordinates":[[-74.10653,4.5671],[-74.1065,4.56711],[-74.10647,4.5671],[-74.10645,4.56709],[-74.1064,4.56706],[-74.10638,4.56705],[-74.10636,4.56705],[-74.10634,4.56706],[-74.10594,4.56747],[-74.10547,4.56789]]}},{"type":"Feature","properties":{"id":"182399649","nom":"Calle 39G Sur","tipo":"residential"},"geometry":{"type":"LineString","coordinates":[[-74.10688,4.5626],[-74.10687,4.56258],[-74.10669,4.56244],[-74.10646,4.56219],[-74.10624,4.562],[-74.10606,4.56183],[-74.10589,4.56167],[-74.10573,4.5615],[-74.10552,4.56136]]}},{"type":"Feature","properties":{"id":"182399650","nom":"Carrera 11A","tipo":"residential"},"geometry":{"type":"LineString","coordinates":[[-74.10608,4.56682],[-74.10566,4.56722],[-74.10522,4.56763]]}},{"type":"Feature","properties":{"id":"182399651","nom":"Diagonal 39D Sur","tipo":"residential"},"geometry":{"type":"LineString","coordinates":[[-74.10659,4.56384],[-74.10641,4.56302]]}},{"type":"Feature","properties":{"id":"182399653","nom":"Diagonal 39G Sur","tipo":"residential"},"geometry":{"type":"LineString","coordinates":[[-74.10711,4.56368],[-74.10693,4.56284],[-74.10688,4.5626]]}},{"type":"Feature","properties":{"id":"182399654","nom":"Diagonal 39D Sur","tipo":"residential"},"geometry":{"type":"LineString","coordinates":[[-74.10613,4.56446],[-74.10665,4.56385]]}},{"type":"Feature","properties":{"id":"182399656","nom":"Calle 39B Sur","tipo":"residential"},"geometry":{"type":"LineString","coordinates":[[-74.10577,4.56308],[-74.10594,4.56329],[-74.10602,4.5634],[-74.10606,4.56342],[-74.10612,4.5634],[-74.10618,4.56337],[-74.10623,4.56333]]}},{"type":"Feature","properties":{"id":"182399657","nom":"Diagonal 39F Sur","tipo":"residential"},"geometry":{"type":"LineString","coordinates":[[-74.10686,4.56375],[-74.10668,4.5629],[-74.10664,4.56281]]}},{"type":"Feature","properties":{"id":"182399658","nom":"Carrera 9A","tipo":"residential"},"geometry":{"type":"LineString","coordinates":[[-74.10561,4.56501],[-74.10555,4.56499],[-74.10553,4.56497],[-74.10551,4.56493],[-74.10552,4.56487],[-74.10552,4.5647],[-74.10553,4.56466],[-74.10555,4.56462],[-74.10557,4.5646]]}},{"type":"Feature","properties":{"id":"182399880","nom":"Carrera 10B","tipo":"residential"},"geometry":{"type":"LineString","coordinates":[[-74.10438,4.56601],[-74.10432,4.56607],[-74.10367,4.56667]]}},{"type":"Feature","properties":{"id":"182400017","nom":"Calle 34A Sur","tipo":"residential"},"geometry":{"type":"LineString","coordinates":[[-74.10126,4.56496],[-74.10165,4.56551]]}},{"type":"Feature","properties":{"id":"182450753","nom":"Carrera 9A Bis","tipo":"residential"},"geometry":{"type":"LineString","coordinates":[[-74.10765,4.56223],[-74.10749,4.56231],[-74.10715,4.56248]]}},{"type":"Feature","properties":{"id":"182450754","nom":"Carrera 9C","tipo":"residential"},"geometry":{"type":"LineString","coordinates":[[-74.10797,4.56259],[-74.10728,4.56288]]}},{"type":"Feature","properties":{"id":"182450755","nom":"Carrera 9D","tipo":"residential"},"geometry":{"type":"LineString","coordinates":[[-74.10802,4.56286],[-74.10733,4.56314]]}},{"type":"Feature","properties":{"id":"182450756","nom":"Carrera 9B Bis","tipo":"residential"},"geometry":{"type":"LineString","coordinates":[[-74.10729,4.56202],[-74.10698,4.56231]]}},{"type":"Feature","properties":{"id":"182450758","nom":"Carrera 9A","tipo":"residential"},"geometry":{"type":"LineString","coordinates":[[-74.10501,4.56402],[-74.10478,4.56426],[-74.10441,4.56456],[-74.10408,4.56478],[-74.1037,4.56504],[-74.10339,4.56531]]}},{"type":"Feature","properties":{"id":"182450759","nom":"Calle 41 Sur","tipo":"residential"},"geometry":{"type":"LineString","coordinates":[[-74.10679,4.56127],[-74.10686,4.56138],[-74.10706,4.56175],[-74.10729,4.56202],[-74.10749,4.56231]]}},{"type":"Feature","properties":{"id":"182450760","nom":"Carrera 9B Bis","tipo":"residential"},"geometry":{"type":"LineString","coordinates":[[-74.10776,4.56238],[-74.10723,4.56263]]}},{"type":"Feature","properties":{"id":"182450761","nom":"Carrera 9 Bis","tipo":"residential"},"geometry":{"type":"LineString","coordinates":[[-74.10706,4.56175],[-74.10677,4.56211]]}},{"type":"Feature","properties":{"id":"182451059","nom":"Calle 35A Sur","tipo":"residential"},"geometry":{"type":"LineString","coordinates":[[-74.10321,4.5662],[-74.10315,4.56615],[-74.10284,4.56583],[-74.10267,4.56565],[-74.10242,4.5654],[-74.10215,4.56512]]}},{"type":"Feature","properties":{"id":"182451060","nom":"Carrera 8A","tipo":"residential"},"geometry":{"type":"LineString","coordinates":[[-74.10242,4.5654],[-74.10266,4.56518],[-74.10298,4.56492],[-74.10312,4.56481],[-74.10331,4.56464],[-74.10365,4.56438],[-74.10397,4.56412],[-74.10432,4.56385],[-74.10461,4.56361]]}},{"type":"Feature","properties":{"id":"182451296","nom":"Carrera 10","tipo":"residential"},"geometry":{"type":"LineString","coordinates":[[-74.10315,4.56615],[-74.10339,4.5659],[-74.10357,4.56567],[-74.10366,4.56558]]}},{"type":"Feature","properties":{"id":"182850845","nom":"Carrera 11C","tipo":"residential"},"geometry":{"type":"LineString","coordinates":[[-74.11179,4.56485],[-74.11151,4.56495]]}},{"type":"Feature","properties":{"id":"182850846","nom":"Calle 40 Sur","tipo":"residential"},"geometry":{"type":"LineString","coordinates":[[-74.11036,4.56613],[-74.1103,4.56612],[-74.11009,4.56594],[-74.10991,4.56578]]}},{"type":"Feature","properties":{"id":"182850847","nom":"Calle 40 Sur","tipo":"residential"},"geometry":{"type":"LineString","coordinates":[[-74.11078,4.56654],[-74.1104,4.56612]]}},{"type":"Feature","properties":{"id":"182850848","nom":"Carrera 11D Bis","tipo":"residential"},"geometry":{"type":"LineString","coordinates":[[-74.11217,4.56529],[-74.1117,4.56544]]}},{"type":"Feature","properties":{"id":"182850851","nom":"Calle 41A Sur","tipo":"residential"},"geometry":{"type":"LineString","coordinates":[[-74.11587,4.56939],[-74.11584,4.5694],[-74.1158,4.56939],[-74.11552,4.56932],[-74.1152,4.56924]]}},{"type":"Feature","properties":{"id":"182850852","nom":"Carrera 12A Bis","tipo":"residential"},"geometry":{"type":"LineString","coordinates":[[-74.11234,4.56865],[-74.11297,4.56856],[-74.11338,4.56851]]}},{"type":"Feature","properties":{"id":"182850853","nom":"Carrera 11F","tipo":"residential"},"geometry":{"type":"LineString","coordinates":[[-74.11229,4.56553],[-74.11179,4.56571]]}},{"type":"Feature","properties":{"id":"182850857","nom":"Calle 40 Sur","tipo":"residential"},"geometry":{"type":"LineString","coordinates":[[-74.11282,4.56893],[-74.11285,4.56919],[-74.11288,4.56951]]}},{"type":"Feature","properties":{"id":"182850859","nom":"Calle 42B Sur","tipo":"residential"},"geometry":{"type":"LineString","coordinates":[[-74.11109,4.56464],[-74.11131,4.56526],[-74.11152,4.56585],[-74.11152,4.56586],[-74.11156,4.56598],[-74.11159,4.56603],[-74.11165,4.56608],[-74.11175,4.56612]]}},{"type":"Feature","properties":{"id":"182850860","nom":"Carrera 12B Bis","tipo":"residential"},"geometry":{"type":"LineString","coordinates":[[-74.11285,4.56919],[-74.11362,4.56913]]}},{"type":"Feature","properties":{"id":"182850862","nom":"Carrera 11I","tipo":"residential"},"geometry":{"type":"LineString","coordinates":[[-74.11266,4.56645],[-74.11234,4.56703]]}},{"type":"Feature","properties":{"id":"182917233","nom":"Calle 40 Sur","tipo":"residential"},"geometry":{"type":"LineString","coordinates":[[-74.10822,4.56354],[-74.10822,4.56364],[-74.10822,4.56366],[-74.10823,4.56374],[-74.10825,4.56382],[-74.10829,4.5639]]}},{"type":"Feature","properties":{"id":"182917234","nom":"Calle 39 Sur","tipo":"residential"},"geometry":{"type":"LineString","coordinates":[[-74.10557,4.5646],[-74.10573,4.56456],[-74.10585,4.56454],[-74.10587,4.56453],[-74.10613,4.56446]]}},{"type":"Feature","properties":{"id":"182917237","nom":"Carrera 12 Bis","tipo":"residential"},"geometry":{"type":"LineString","coordinates":[[-74.11012,4.56454],[-74.10967,4.5649],[-74.10962,4.56493]]}},{"type":"Feature","properties":{"id":"182917242","nom":"Carrera 11A","tipo":"residential"},"geometry":{"type":"LineString","coordinates":[[-74.10485,4.56803],[-74.10524,4.56765]]}},{"type":"Feature","properties":{"id":"182917247","nom":"Carrera 9G","tipo":"residential"},"geometry":{"type":"LineString","coordinates":[[-74.10721,4.56519],[-74.1072,4.56517],[-74.10719,4.56515],[-74.10726,4.56461],[-74.10729,4.5644],[-74.10734,4.56399]]}},{"type":"Feature","properties":{"id":"182917249","nom":"Calle 36A Sur","tipo":"residential"},"geometry":{"type":"LineString","coordinates":[[-74.10455,4.56619],[-74.10438,4.56601]]}},{"type":"Feature","properties":{"id":"182917344","nom":"Calle 32A Bis B Sur","tipo":"residential"},"geometry":{"type":"LineString","coordinates":[[-74.11099,4.57227],[-74.11098,4.57241],[-74.11098,4.57247],[-74.11099,4.57255],[-74.11103,4.57264],[-74.11121,4.57291],[-74.11138,4.57313],[-74.11145,4.5732],[-74.11157,4.57329],[-74.11167,4.57337],[-74.11176,4.57346],[-74.1118,4.57348]]}},{"type":"Feature","properties":{"id":"182917345","nom":"Carrera 13","tipo":"residential"},"geometry":{"type":"LineString","coordinates":[[-74.1128,4.57209],[-74.11287,4.57209],[-74.11313,4.57211],[-74.11339,4.57213]]}},{"type":"Feature","properties":{"id":"182917346","nom":"Diagonal 32F Bis Sur","tipo":"residential"},"geometry":{"type":"LineString","coordinates":[[-74.11301,4.57311],[-74.11289,4.57264]]}},{"type":"Feature","properties":{"id":"182917347","nom":"Carrera 13A","tipo":"residential"},"geometry":{"type":"LineString","coordinates":[[-74.1118,4.57348],[-74.11184,4.57347],[-74.11211,4.5733],[-74.11224,4.57324],[-74.11234,4.57318],[-74.11245,4.57311],[-74.11251,4.57304],[-74.11259,4.57287],[-74.11263,4.57282],[-74.11273,4.57273],[-74.11289,4.57264],[-74.11295,4.57262],[-74.1132,4.57252],[-74.11347,4.57242]]}},{"type":"Feature","properties":{"id":"182917348","nom":"Diagonal 32G Sur","tipo":"residential"},"geometry":{"type":"LineString","coordinates":[[-74.1132,4.57126],[-74.11322,4.57144],[-74.11321,4.57159],[-74.11318,4.57183],[-74.11315,4.57199],[-74.11313,4.57211],[-74.11312,4.57217],[-74.1132,4.57252],[-74.1133,4.57294],[-74.1133,4.57308],[-74.11328,4.57321]]}},{"type":"Feature","properties":{"id":"182918988","nom":"Carrera 12K","tipo":"residential"},"geometry":{"type":"LineString","coordinates":[[-74.10865,4.5746],[-74.10881,4.57439],[-74.10909,4.57403]]}},{"type":"Feature","properties":{"id":"182918990","nom":"Calle 31C Sur","tipo":"residential"},"geometry":{"type":"LineString","coordinates":[[-74.10881,4.57439],[-74.10834,4.57403],[-74.10798,4.57374]]}},{"type":"Feature","properties":{"id":"182918997","nom":"Calle 32A Sur","tipo":"residential"},"geometry":{"type":"LineString","coordinates":[[-74.11,4.57309],[-74.11058,4.57361],[-74.11099,4.57395],[-74.1111,4.574],[-74.11127,4.57406]]}},{"type":"Feature","properties":{"id":"182919335","nom":"Calle 31D Sur","tipo":"residential"},"geometry":{"type":"LineString","coordinates":[[-74.11096,4.57576],[-74.11117,4.57593],[-74.11153,4.57621]]}},{"type":"Feature","properties":{"id":"182919336","nom":"Carrera 13A Bis","tipo":"residential"},"geometry":{"type":"LineString","coordinates":[[-74.11132,4.57528],[-74.11106,4.57563],[-74.11096,4.57576],[-74.11066,4.57613],[-74.11036,4.57652]]}},{"type":"Feature","properties":{"id":"182944481","nom":"Diagonal 32D Sur","tipo":"residential"},"geometry":{"type":"LineString","coordinates":[[-74.11201,4.57175],[-74.11194,4.57153],[-74.11183,4.5712]]}},{"type":"Feature","properties":{"id":"182944482","nom":"Diagonal 48C Sur","tipo":"residential"},"geometry":{"type":"LineString","coordinates":[[-74.11791,4.56689],[-74.11823,4.56694]]}},{"type":"Feature","properties":{"id":"182944483","nom":"Calle 42 Sur","tipo":"residential"},"geometry":{"type":"LineString","coordinates":[[-74.11111,4.56584],[-74.11106,4.56583],[-74.11096,4.56575],[-74.11087,4.56569],[-74.11059,4.56549],[-74.11051,4.56543],[-74.1102,4.5652],[-74.10992,4.56498]]}},{"type":"Feature","properties":{"id":"182944484","nom":"Carrera 12 Bis","tipo":"residential"},"geometry":{"type":"LineString","coordinates":[[-74.11399,4.56712],[-74.11428,4.56683]]}},{"type":"Feature","properties":{"id":"182944485","nom":"Calle 49 Sur","tipo":"residential"},"geometry":{"type":"LineString","coordinates":[[-74.11782,4.56596],[-74.11792,4.56609],[-74.11804,4.56624],[-74.11831,4.56661],[-74.11837,4.56669]]}},{"type":"Feature","properties":{"id":"182944488","nom":"Carrera 12","tipo":"residential"},"geometry":{"type":"LineString","coordinates":[[-74.11391,4.56668],[-74.1135,4.56707]]}},{"type":"Feature","properties":{"id":"182944490","nom":"Transversal 13 Bis","tipo":"residential"},"geometry":{"type":"LineString","coordinates":[[-74.11851,4.56724],[-74.11837,4.56784]]}},{"type":"Feature","properties":{"id":"182944491","nom":"Diagonal 32D Bis Sur","tipo":"residential"},"geometry":{"type":"LineString","coordinates":[[-74.11228,4.57179],[-74.11222,4.57161],[-74.11219,4.57148],[-74.11217,4.57141],[-74.1121,4.57114]]}},{"type":"Feature","properties":{"id":"182944492","nom":"Calle 49B Sur","tipo":"residential"},"geometry":{"type":"LineString","coordinates":[[-74.11985,4.56608],[-74.11994,4.56623],[-74.12008,4.56647],[-74.12022,4.56672]]}},{"type":"Feature","properties":{"id":"182944493","nom":"Diagonal 32C Bis Sur","tipo":"residential"},"geometry":{"type":"LineString","coordinates":[[-74.11146,4.5718],[-74.11142,4.57164],[-74.11133,4.57131]]}},{"type":"Feature","properties":{"id":"182944494","nom":"Diagonal 32F Sur","tipo":"residential"},"geometry":{"type":"LineString","coordinates":[[-74.11263,4.57077],[-74.11263,4.57095],[-74.11264,4.57101],[-74.11271,4.57122],[-74.11274,4.57132],[-74.11274,4.57135],[-74.11273,4.57147],[-74.11271,4.57156],[-74.11266,4.57183],[-74.11265,4.57197],[-74.11264,4.57207],[-74.1126,4.57217]]}},{"type":"Feature","properties":{"id":"182944495","nom":"Carrera 12H","tipo":"residential"},"geometry":{"type":"LineString","coordinates":[[-74.1175,4.56746],[-74.11783,4.56724]]}},{"type":"Feature","properties":{"id":"182944496","nom":"Transversal 12B","tipo":"residential"},"geometry":{"type":"LineString","coordinates":[[-74.11536,4.56722],[-74.11547,4.56655],[-74.11552,4.56628]]}},{"type":"Feature","properties":{"id":"182944497","nom":"Diagonal 48B Sur","tipo":"residential"},"geometry":{"type":"LineString","coordinates":[[-74.11878,4.56729],[-74.11851,4.56724]]}},{"type":"Feature","properties":{"id":"182999185","nom":"Calle 50D Sur","tipo":"residential"},"geometry":{"type":"LineString","coordinates":[[-74.1242,4.56166],[-74.12406,4.56136]]}},{"type":"Feature","properties":{"id":"182999187","nom":"Calle 49 Bis A Sur","tipo":"residential"},"geometry":{"type":"LineString","coordinates":[[-74.11917,4.56158],[-74.11902,4.56133],[-74.11901,4.56132],[-74.11899,4.56132],[-74.11895,4.56132],[-74.11893,4.56132],[-74.11892,4.5613],[-74.11882,4.5611],[-74.11873,4.56093]]}},{"type":"Feature","properties":{"id":"182999191","nom":"Carrera 11A Bis A","tipo":"residential"},"geometry":{"type":"LineString","coordinates":[[-74.11882,4.56193],[-74.11915,4.56181]]}},{"type":"Feature","properties":{"id":"182999193","nom":"Calle 50A Bis Sur","tipo":"residential"},"geometry":{"type":"LineString","coordinates":[[-74.12324,4.56267],[-74.12302,4.56228]]}},{"type":"Feature","properties":{"id":"182999194","nom":"Carrera 11C","tipo":"residential"},"geometry":{"type":"LineString","coordinates":[[-74.11947,4.56257],[-74.11962,4.56235],[-74.11985,4.56217]]}},{"type":"Feature","properties":{"id":"182999196","nom":"Carrera 11A Bis A","tipo":"residential"},"geometry":{"type":"LineString","coordinates":[[-74.11922,4.56188],[-74.11963,4.56167]]}},{"type":"Feature","properties":{"id":"182999198","nom":"Carrera 11D","tipo":"residential"},"geometry":{"type":"LineString","coordinates":[[-74.12392,4.56057],[-74.12387,4.56059],[-74.12355,4.56073],[-74.12323,4.56087]]}},{"type":"Feature","properties":{"id":"182999201","nom":"Transversal 12","tipo":"residential"},"geometry":{"type":"LineString","coordinates":[[-74.1195,4.56303],[-74.11986,4.56306],[-74.11989,4.56307],[-74.12004,4.5631]]}},{"type":"Feature","properties":{"id":"182999203","nom":"Calle 50D Sur","tipo":"residential"},"geometry":{"type":"LineString","coordinates":[[-74.12462,4.56353],[-74.12461,4.56348],[-74.12461,4.56341],[-74.12462,4.56327],[-74.12464,4.56295],[-74.12464,4.56284],[-74.12464,4.56271],[-74.12462,4.56261],[-74.12458,4.56249],[-74.12418,4.56168]]}},{"type":"Feature","properties":{"id":"182999208","nom":"Carrera 11A","tipo":"residential"},"geometry":{"type":"LineString","coordinates":[[-74.11976,4.56133],[-74.11951,4.56144],[-74.11917,4.56158]]}},{"type":"Feature","properties":{"id":"182999409","nom":"Transversal 13D","tipo":"residential"},"geometry":{"type":"LineString","coordinates":[[-74.12575,4.5663],[-74.12613,4.56582],[-74.12616,4.56579]]}},{"type":"Feature","properties":{"id":"182999410","nom":"Transversal 13I Bis","tipo":"residential"},"geometry":{"type":"LineString","coordinates":[[-74.12394,4.56653],[-74.12384,4.56692]]}},{"type":"Feature","properties":{"id":"182999412","nom":"Diagonal 50C Sur","tipo":"residential"},"geometry":{"type":"LineString","coordinates":[[-74.12612,4.56652],[-74.12575,4.5663]]}},{"type":"Feature","properties":{"id":"182999531","nom":"Carrera 7","tipo":"residential"},"geometry":{"type":"LineString","coordinates":[[-74.11881,4.55766],[-74.11906,4.55755],[-74.11934,4.55742],[-74.11959,4.5573],[-74.11985,4.55718],[-74.1201,4.55706]]}},{"type":"Feature","properties":{"id":"182999532","nom":"Calle 49B Sur","tipo":"residential"},"geometry":{"type":"LineString","coordinates":[[-74.11837,4.55813],[-74.11827,4.55819],[-74.11823,4.55824],[-74.11823,4.55828],[-74.11824,4.55832],[-74.11828,4.55839],[-74.11829,4.55841],[-74.11862,4.55904],[-74.11871,4.5592],[-74.11874,4.55925],[-74.11895,4.55966]]}},{"type":"Feature","properties":{"id":"182999534","nom":"Carrera 6B Bis","tipo":"residential"},"geometry":{"type":"LineString","coordinates":[[-74.11839,4.55745],[-74.11831,4.55748],[-74.11809,4.55759]]}},{"type":"Feature","properties":{"id":"182999572","nom":"Carrera 7A","tipo":"residential"},"geometry":{"type":"LineString","coordinates":[[-74.11979,4.55773],[-74.12005,4.5576],[-74.1203,4.55748]]}},{"type":"Feature","properties":{"id":"183563335","nom":"Calle 52D Sur","tipo":"residential"},"geometry":{"type":"LineString","coordinates":[[-74.11834,4.54534],[-74.11811,4.54502]]}},{"type":"Feature","properties":{"id":"183563339","nom":"Calle 52G Sur","tipo":"residential"},"geometry":{"type":"LineString","coordinates":[[-74.11886,4.54514],[-74.1186,4.54473]]}},{"type":"Feature","properties":{"id":"183563691","nom":"Calle 50F Sur","tipo":"residential"},"geometry":{"type":"LineString","coordinates":[[-74.11476,4.54552],[-74.1148,4.54588],[-74.11483,4.54626]]}},{"type":"Feature","properties":{"id":"183563694","nom":"Calle 53 Sur","tipo":"residential"},"geometry":{"type":"LineString","coordinates":[[-74.11913,4.54508],[-74.119,4.54485],[-74.11874,4.54452],[-74.11873,4.54447],[-74.11873,4.54444]]}},{"type":"Feature","properties":{"id":"183563696","nom":"Calle 52F Sur","tipo":"residential"},"geometry":{"type":"LineString","coordinates":[[-74.11858,4.54521],[-74.11839,4.54491],[-74.11836,4.54487]]}},{"type":"Feature","properties":{"id":"183564480","nom":"Diagonal 48D Sur","tipo":"residential"},"geometry":{"type":"LineString","coordinates":[[-74.11188,4.5588],[-74.11266,4.55875]]}},{"type":"Feature","properties":{"id":"183564486","nom":"Diagonal 48C Sur","tipo":"residential"},"geometry":{"type":"LineString","coordinates":[[-74.11189,4.55914],[-74.11268,4.55911]]}},{"type":"Feature","properties":{"id":"183564488","nom":"Diagonal 48F Sur","tipo":"residential"},"geometry":{"type":"LineString","coordinates":[[-74.11055,4.55838],[-74.11082,4.55837],[-74.1111,4.55836],[-74.1114,4.55834],[-74.11144,4.55834]]}},{"type":"Feature","properties":{"id":"183565457","nom":"Calle 33A Sur","tipo":"residential"},"geometry":{"type":"LineString","coordinates":[[-74.1154,4.57671],[-74.11541,4.57676],[-74.11544,4.57685],[-74.11563,4.57739]]}},{"type":"Feature","properties":{"id":"183565461","nom":"Calle 32 Bis Sur","tipo":"residential"},"geometry":{"type":"LineString","coordinates":[[-74.11467,4.57905],[-74.11468,4.5791],[-74.1147,4.57915],[-74.11481,4.57948]]}},{"type":"Feature","properties":{"id":"183565462","nom":"Carrera 22A","tipo":"residential"},"geometry":{"type":"LineString","coordinates":[[-74.11763,4.57927],[-74.11806,4.57911],[-74.11808,4.5791]]}},{"type":"Feature","properties":{"id":"183565465","nom":"Carrera 19","tipo":"residential"},"geometry":{"type":"LineString","coordinates":[[-74.11688,4.57727],[-74.11737,4.57708],[-74.11751,4.57703],[-74.11754,4.57702]]}},{"type":"Feature","properties":{"id":"183775806","nom":"Calle 28A Sur","tipo":"residential"},"geometry":{"type":"LineString","coordinates":[[-74.10981,4.58146],[-74.10968,4.58123],[-74.10951,4.58091]]}},{"type":"Feature","properties":{"id":"183776190","nom":"Carrera 21","tipo":"residential"},"geometry":{"type":"LineString","coordinates":[[-74.10949,4.58163],[-74.10953,4.58161],[-74.10981,4.58146],[-74.11004,4.58134]]}},{"type":"Feature","properties":{"id":"183776193","nom":"Carrera 21B","tipo":"residential"},"geometry":{"type":"LineString","coordinates":[[-74.11099,4.5816],[-74.11155,4.5813]]}},{"type":"Feature","properties":{"id":"183776194","nom":"Carrera 20A","tipo":"residential"},"geometry":{"type":"LineString","coordinates":[[-74.10968,4.58123],[-74.10991,4.58111],[-74.11022,4.58094]]}},{"type":"Feature","properties":{"id":"183776384","nom":"Carrera 23A","tipo":"residential"},"geometry":{"type":"LineString","coordinates":[[-74.11264,4.58231],[-74.11205,4.58262]]}},{"type":"Feature","properties":{"id":"183776385","nom":"Carrera 23A","tipo":"residential"},"geometry":{"type":"LineString","coordinates":[[-74.11136,4.58291],[-74.11157,4.5828]]}},{"type":"Feature","properties":{"id":"183777326","nom":"Calle 31G Sur","tipo":"residential"},"geometry":{"type":"LineString","coordinates":[[-74.11226,4.57597],[-74.11242,4.57618],[-74.11255,4.57642],[-74.11266,4.57667]]}},{"type":"Feature","properties":{"id":"183777327","nom":"Carrera 13D","tipo":"residential"},"geometry":{"type":"LineString","coordinates":[[-74.11199,4.57632],[-74.11226,4.57597],[-74.11252,4.57563]]}},{"type":"Feature","properties":{"id":"183777328","nom":"Carrera 13B","tipo":"residential"},"geometry":{"type":"LineString","coordinates":[[-74.11117,4.57593],[-74.11154,4.57545],[-74.11183,4.57509]]}},{"type":"Feature","properties":{"id":"183777329","nom":"Calle 31D Sur","tipo":"residential"},"geometry":{"type":"LineString","coordinates":[[-74.11005,4.57502],[-74.11027,4.57519],[-74.11062,4.57547]]}},{"type":"Feature","properties":{"id":"183777330","nom":"Calle 32A Bis Sur","tipo":"residential"},"geometry":{"type":"LineString","coordinates":[[-74.11443,4.57611],[-74.11457,4.5766],[-74.11459,4.57664]]}},{"type":"Feature","properties":{"id":"183777331","nom":"Carrera 13 Bis","tipo":"residential"},"geometry":{"type":"LineString","coordinates":[[-74.10945,4.57581],[-74.10975,4.57542],[-74.11005,4.57502],[-74.11016,4.57488],[-74.11041,4.57456]]}},{"type":"Feature","properties":{"id":"183777333","nom":"Calle 32 Bis A Sur","tipo":"residential"},"geometry":{"type":"LineString","coordinates":[[-74.11376,4.57632],[-74.11391,4.57677],[-74.11392,4.57681]]}},{"type":"Feature","properties":{"id":"183777335","nom":"Calle 31B Sur","tipo":"residential"},"geometry":{"type":"LineString","coordinates":[[-74.11124,4.57659],[-74.11066,4.57613]]}},{"type":"Feature","properties":{"id":"183777625","nom":"Diagonal 32D Bis A Sur","tipo":"residential"},"geometry":{"type":"LineString","coordinates":[[-74.1124,4.57109],[-74.11239,4.57075],[-74.11233,4.56997]]}},{"type":"Feature","properties":{"id":"183777629","nom":"Carrera 12J Bis","tipo":"residential"},"geometry":{"type":"LineString","coordinates":[[-74.1135,4.57121],[-74.1132,4.57126]]}},{"type":"Feature","properties":{"id":"185561858","nom":"Calle 49C Sur","tipo":"residential"},"geometry":{"type":"LineString","coordinates":[[-74.11255,4.54642],[-74.11295,4.5469],[-74.11301,4.54697]]}},{"type":"Feature","properties":{"id":"185561859","nom":"Transversal 5D Bis A","tipo":"residential"},"geometry":{"type":"LineString","coordinates":[[-74.11444,4.54826],[-74.11437,4.5483],[-74.11428,4.54833],[-74.11416,4.54834],[-74.11402,4.54833]]}},{"type":"Feature","properties":{"id":"185561860","nom":"Calle 50D Sur","tipo":"residential"},"geometry":{"type":"LineString","coordinates":[[-74.11442,4.54652],[-74.11453,4.54663],[-74.11469,4.54678],[-74.1147,4.5468],[-74.11471,4.54681],[-74.11472,4.54682]]}},{"type":"Feature","properties":{"id":"185562372","nom":"Carrera 2C","tipo":"residential"},"geometry":{"type":"LineString","coordinates":[[-74.10892,4.54467],[-74.10874,4.54495],[-74.10822,4.54573],[-74.10811,4.54588],[-74.10794,4.5461],[-74.10778,4.54631]]}},{"type":"Feature","properties":{"id":"185562375","nom":"Carrera 5B","tipo":"residential"},"geometry":{"type":"LineString","coordinates":[[-74.11048,4.54968],[-74.10993,4.55048]]}},{"type":"Feature","properties":{"id":"185562381","nom":"Carrera 3C","tipo":"residential"},"geometry":{"type":"LineString","coordinates":[[-74.10848,4.54821],[-74.10772,4.54929]]}},{"type":"Feature","properties":{"id":"185562384","nom":"Calle 48X Bis Sur","tipo":"residential"},"geometry":{"type":"LineString","coordinates":[[-74.10957,4.54797],[-74.10919,4.54769],[-74.10875,4.54738]]}},{"type":"Feature","properties":{"id":"186841693","nom":"Calle 19B Sur","tipo":"residential"},"geometry":{"type":"LineString","coordinates":[[-74.10437,4.58541],[-74.10435,4.58538],[-74.10422,4.58521]]}},{"type":"Feature","properties":{"id":"189876517","nom":"Carrera 19","tipo":"residential"},"geometry":{"type":"LineString","coordinates":[[-74.11884,4.57667],[-74.11808,4.57692]]}},{"type":"Feature","properties":{"id":"196861580","nom":"Carrera 2A","tipo":"secondary"},"geometry":{"type":"LineString","coordinates":[[-74.09751,4.55543],[-74.0976,4.55526],[-74.09769,4.55509],[-74.09776,4.55495],[-74.09778,4.5549],[-74.09787,4.55472],[-74.09792,4.55462],[-74.09793,4.5546],[-74.09794,4.55456]]}},{"type":"Feature","properties":{"id":"196861584","nom":"Calle 43A Sur","tipo":"residential"},"geometry":{"type":"LineString","coordinates":[[-74.09996,4.54904],[-74.10046,4.5492],[-74.10052,4.54922]]}},{"type":"Feature","properties":{"id":"197385311","nom":"Carrera 9J","tipo":"residential"},"geometry":{"type":"LineString","coordinates":[[-74.1084,4.5623],[-74.10817,4.56321],[-74.10811,4.56339],[-74.10797,4.56377]]}},{"type":"Feature","properties":{"id":"197385313","nom":"Carrera 9","tipo":"residential"},"geometry":{"type":"LineString","coordinates":[[-74.10609,4.56258],[-74.10611,4.56256],[-74.10625,4.5624],[-74.1063,4.56235],[-74.10646,4.56219],[-74.10663,4.56197]]}},{"type":"Feature","properties":{"id":"197385315","nom":"Carrera 9K","tipo":"residential"},"geometry":{"type":"LineString","coordinates":[[-74.10851,4.56314],[-74.10852,4.56312],[-74.10869,4.56237]]}},{"type":"Feature","properties":{"id":"197385317","nom":"Calle 44A Sur","tipo":"residential"},"geometry":{"type":"LineString","coordinates":[[-74.1094,4.56256],[-74.10903,4.56244],[-74.10887,4.56241],[-74.10869,4.56237],[-74.10855,4.56233],[-74.1084,4.5623]]}},{"type":"Feature","properties":{"id":"197385320","nom":"Carrera 9K","tipo":"residential"},"geometry":{"type":"LineString","coordinates":[[-74.10878,4.56145],[-74.10855,4.56233]]}},{"type":"Feature","properties":{"id":"197385324","nom":"Carrera 9","tipo":"residential"},"geometry":{"type":"LineString","coordinates":[[-74.10481,4.56382],[-74.10456,4.56404],[-74.10419,4.56432],[-74.10388,4.56459]]}},{"type":"Feature","properties":{"id":"197385325","nom":"Carrera 9L","tipo":"residential"},"geometry":{"type":"LineString","coordinates":[[-74.10885,4.56301],[-74.10892,4.56274],[-74.10903,4.56244]]}},{"type":"Feature","properties":{"id":"197385563","nom":"Carrera 10A","tipo":"residential"},"geometry":{"type":"LineString","coordinates":[[-74.10468,4.56514],[-74.10428,4.56549],[-74.10425,4.56554],[-74.10424,4.5656],[-74.10423,4.56564],[-74.10423,4.56566],[-74.10424,4.56572],[-74.10431,4.56601],[-74.10432,4.56607]]}},{"type":"Feature","properties":{"id":"200944260","nom":"Carrera 12B","tipo":"residential"},"geometry":{"type":"LineString","coordinates":[[-74.12425,4.56163],[-74.12429,4.56162],[-74.12432,4.56163],[-74.12435,4.56164],[-74.12438,4.56166],[-74.1244,4.56168],[-74.12452,4.56179]]}},{"type":"Feature","properties":{"id":"201055287","nom":"Calle 14A Sur","tipo":"residential"},"geometry":{"type":"LineString","coordinates":[[-74.0997,4.58741],[-74.0996,4.5873],[-74.09904,4.58669],[-74.09898,4.58663]]}},{"type":"Feature","properties":{"id":"201055288","nom":"","tipo":"secondary_link"},"geometry":{"type":"LineString","coordinates":[[-74.09967,4.58898],[-74.09967,4.58902],[-74.09967,4.58907],[-74.09966,4.58912],[-74.09963,4.58917],[-74.09959,4.58922],[-74.09953,4.58925]]}},{"type":"Feature","properties":{"id":"201309107","nom":"Calle 41B Bis Sur","tipo":"residential"},"geometry":{"type":"LineString","coordinates":[[-74.09509,4.5494],[-74.09554,4.54936]]}},{"type":"Feature","properties":{"id":"201309109","nom":"Carrera 3 Este","tipo":"residential"},"geometry":{"type":"LineString","coordinates":[[-74.09515,4.55076],[-74.09527,4.55031],[-74.09527,4.55028],[-74.09538,4.54988],[-74.09544,4.54966]]}},{"type":"Feature","properties":{"id":"202885668","nom":"Carrera 5","tipo":"residential"},"geometry":{"type":"LineString","coordinates":[[-74.10751,4.5573],[-74.10751,4.55705]]}},{"type":"Feature","properties":{"id":"202885669","nom":"Diagonal 48I Bis Sur","tipo":"residential"},"geometry":{"type":"LineString","coordinates":[[-74.1079,4.557],[-74.10751,4.55705],[-74.10713,4.55721]]}},{"type":"Feature","properties":{"id":"212608428","nom":"Calle 24 Sur","tipo":"residential"},"geometry":{"type":"LineString","coordinates":[[-74.10732,4.5851],[-74.10732,4.58493],[-74.10732,4.58451],[-74.10732,4.58446],[-74.10732,4.58441]]}},{"type":"Feature","properties":{"id":"212608430","nom":"Calle 26B Sur","tipo":"residential"},"geometry":{"type":"LineString","coordinates":[[-74.1096,4.58499],[-74.10926,4.58456],[-74.10923,4.5845],[-74.10922,4.58444],[-74.10922,4.5844],[-74.10922,4.58434]]}},{"type":"Feature","properties":{"id":"212608432","nom":"Calle 26 Bis Sur","tipo":"residential"},"geometry":{"type":"LineString","coordinates":[[-74.10861,4.58436],[-74.10861,4.58442],[-74.10862,4.58488]]}},{"type":"Feature","properties":{"id":"212608434","nom":"Calle 26A Sur","tipo":"residential"},"geometry":{"type":"LineString","coordinates":[[-74.10982,4.58573],[-74.10937,4.58518],[-74.10902,4.58472],[-74.10898,4.58465],[-74.10897,4.58459],[-74.10896,4.5844],[-74.10896,4.58435]]}},{"type":"Feature","properties":{"id":"212608436","nom":"Calle 26 Bis Sur","tipo":"residential"},"geometry":{"type":"LineString","coordinates":[[-74.10871,4.58487],[-74.1087,4.58441],[-74.1087,4.58436]]}},{"type":"Feature","properties":{"id":"220534110","nom":"Diagonal 20 Sur","tipo":"residential"},"geometry":{"type":"LineString","coordinates":[[-74.10341,4.58455],[-74.10341,4.5846],[-74.10344,4.58486]]}},{"type":"Feature","properties":{"id":"222825088","nom":"Diagonal 13 Bis Sur","tipo":"tertiary"},"geometry":{"type":"LineString","coordinates":[[-74.10399,4.58947],[-74.10316,4.58949],[-74.10312,4.58949],[-74.10308,4.58949],[-74.10298,4.58949],[-74.10288,4.58949],[-74.10257,4.5895],[-74.10215,4.58951],[-74.10202,4.5895],[-74.10194,4.5895],[-74.10185,4.58948],[-74.10143,4.5894],[-74.10118,4.58935],[-74.10098,4.5893],[-74.1009,4.58929],[-74.10089,4.58929],[-74.10081,4.58928],[-74.1007,4.58926],[-74.10065,4.58925],[-74.10058,4.58925],[-74.10046,4.58924],[-74.10034,4.58924],[-74.10014,4.58925],[-74.1,4.58926],[-74.09983,4.58926]]}},{"type":"Feature","properties":{"id":"223008616","nom":"Carrera 11B","tipo":"residential"},"geometry":{"type":"LineString","coordinates":[[-74.12546,4.55895],[-74.12505,4.55931]]}},{"type":"Feature","properties":{"id":"224495430","nom":"Calle 31B Sur","tipo":"residential"},"geometry":{"type":"LineString","coordinates":[[-74.11205,4.57809],[-74.11214,4.57831],[-74.11224,4.57854],[-74.11233,4.57877],[-74.11259,4.57936],[-74.11261,4.57941],[-74.11268,4.57958],[-74.11277,4.57978],[-74.11282,4.57991],[-74.11291,4.58013],[-74.11297,4.58025],[-74.11306,4.58048],[-74.11318,4.58076],[-74.11325,4.58091],[-74.11327,4.58095],[-74.11335,4.58114],[-74.11343,4.58128],[-74.11349,4.58147],[-74.1136,4.5817],[-74.11365,4.58187],[-74.11377,4.58219]]}},{"type":"Feature","properties":{"id":"225136967","nom":"Calle 48C Sur","tipo":"residential"},"geometry":{"type":"LineString","coordinates":[[-74.10177,4.54626],[-74.10191,4.54648],[-74.10218,4.54686]]}},{"type":"Feature","properties":{"id":"225136969","nom":"Carrera 1 Bis","tipo":"residential"},"geometry":{"type":"LineString","coordinates":[[-74.0999,4.5496],[-74.09979,4.55003]]}},{"type":"Feature","properties":{"id":"230240240","nom":"Carrera 11","tipo":"residential"},"geometry":{"type":"LineString","coordinates":[[-74.10044,4.5732],[-74.10048,4.57321],[-74.10056,4.57319],[-74.1007,4.57313]]}},{"type":"Feature","properties":{"id":"230240241","nom":"Carrera 11","tipo":"residential"},"geometry":{"type":"LineString","coordinates":[[-74.10007,4.57378],[-74.10005,4.5738],[-74.09979,4.57413],[-74.09952,4.57449],[-74.09947,4.57454],[-74.09926,4.57482],[-74.09905,4.57508],[-74.09898,4.57517],[-74.09868,4.57557],[-74.09847,4.57584],[-74.09837,4.57596],[-74.09806,4.57636],[-74.09717,4.57751],[-74.09713,4.57755]]}},{"type":"Feature","properties":{"id":"230240242","nom":"Carrera 12","tipo":"residential"},"geometry":{"type":"LineString","coordinates":[[-74.10087,4.57441],[-74.10092,4.57434]]}},{"type":"Feature","properties":{"id":"230240244","nom":"Calle 30D Sur","tipo":"residential"},"geometry":{"type":"LineString","coordinates":[[-74.10241,4.57154],[-74.10216,4.57138],[-74.10199,4.57127]]}},{"type":"Feature","properties":{"id":"230271832","nom":"Avenida Carrera 24","tipo":"secondary"},"geometry":{"type":"LineString","coordinates":[[-74.12541,4.57932],[-74.12534,4.57935],[-74.12459,4.57956]]}},{"type":"Feature","properties":{"id":"230280755","nom":"Avenida Calle 44 Sur","tipo":"secondary"},"geometry":{"type":"LineString","coordinates":[[-74.12853,4.5867],[-74.12844,4.58689]]}},{"type":"Feature","properties":{"id":"230283488","nom":"Calle 47A Sur","tipo":"residential"},"geometry":{"type":"LineString","coordinates":[[-74.13003,4.58246],[-74.12996,4.58218]]}},{"type":"Feature","properties":{"id":"230283489","nom":"Calle 47A Sur","tipo":"residential"},"geometry":{"type":"LineString","coordinates":[[-74.12996,4.58218],[-74.12974,4.58118],[-74.12945,4.58006]]}},{"type":"Feature","properties":{"id":"230389838","nom":"Calle 35C Sur","tipo":"residential"},"geometry":{"type":"LineString","coordinates":[[-74.12112,4.58796],[-74.12111,4.58789],[-74.12111,4.58787],[-74.121,4.58707]]}},{"type":"Feature","properties":{"id":"230389839","nom":"Avenida Carrera 26G","tipo":"secondary"},"geometry":{"type":"LineString","coordinates":[[-74.12031,4.58807],[-74.12024,4.58808],[-74.1201,4.58812],[-74.12003,4.58815],[-74.1199,4.58822],[-74.11982,4.58828],[-74.11977,4.58833],[-74.11972,4.58839],[-74.11968,4.58846],[-74.11965,4.58854]]}},{"type":"Feature","properties":{"id":"230503598","nom":"Carrera 23C","tipo":"residential"},"geometry":{"type":"LineString","coordinates":[[-74.12219,4.57925],[-74.12162,4.57945],[-74.12082,4.57973]]}},{"type":"Feature","properties":{"id":"230503599","nom":"Carrera 23C","tipo":"residential"},"geometry":{"type":"LineString","coordinates":[[-74.11905,4.58031],[-74.11856,4.58048],[-74.11853,4.58049],[-74.11845,4.58052]]}},{"type":"Feature","properties":{"id":"232696433","nom":"Calle 28A Sur","tipo":"residential"},"geometry":{"type":"LineString","coordinates":[[-74.11066,4.58248],[-74.1105,4.58219]]}},{"type":"Feature","properties":{"id":"233575907","nom":"Carrera 17B","tipo":"residential"},"geometry":{"type":"LineString","coordinates":[[-74.12001,4.57452],[-74.12041,4.57444],[-74.12081,4.57436]]}},{"type":"Feature","properties":{"id":"233575908","nom":"Carrera 13F Bis","tipo":"residential"},"geometry":{"type":"LineString","coordinates":[[-74.12073,4.57405],[-74.1207,4.57398],[-74.12066,4.57397],[-74.12038,4.57392],[-74.1203,4.5739],[-74.12024,4.57389],[-74.12004,4.5738],[-74.11989,4.57373],[-74.11976,4.57365]]}},{"type":"Feature","properties":{"id":"233575910","nom":"Calle 40A Sur","tipo":"residential"},"geometry":{"type":"LineString","coordinates":[[-74.11967,4.57527],[-74.11982,4.57519],[-74.11989,4.57516],[-74.11994,4.57512],[-74.11997,4.57506],[-74.11998,4.575],[-74.11999,4.57495],[-74.11998,4.57489],[-74.11996,4.57484],[-74.11994,4.57479],[-74.11992,4.57475],[-74.11988,4.57466],[-74.11984,4.5745],[-74.11982,4.57427],[-74.11981,4.5741],[-74.11979,4.57373],[-74.11976,4.57365]]}},{"type":"Feature","properties":{"id":"233909327","nom":"Transversal 12A","tipo":"residential"},"geometry":{"type":"LineString","coordinates":[[-74.09548,4.58317],[-74.09486,4.58333]]}},{"type":"Feature","properties":{"id":"238150897","nom":"Transversal 22A","tipo":"tertiary"},"geometry":{"type":"LineString","coordinates":[[-74.1269,4.57385],[-74.12691,4.57385],[-74.12693,4.57385],[-74.12697,4.57386],[-74.12729,4.57405],[-74.12816,4.57454]]}},{"type":"Feature","properties":{"id":"246397818","nom":"Calle 29 Sur","tipo":"residential"},"geometry":{"type":"LineString","coordinates":[[-74.10961,4.57808],[-74.1096,4.57803],[-74.10947,4.57762]]}},{"type":"Feature","properties":{"id":"246397819","nom":"Calle 31B Sur","tipo":"residential"},"geometry":{"type":"LineString","coordinates":[[-74.11156,4.57751],[-74.11154,4.57746],[-74.11143,4.57706]]}},{"type":"Feature","properties":{"id":"246653821","nom":"Carrera 3 Bis","tipo":"residential"},"geometry":{"type":"LineString","coordinates":[[-74.10145,4.559],[-74.10171,4.559],[-74.10196,4.559]]}},{"type":"Feature","properties":{"id":"246653822","nom":"Diagonal 41 Sur","tipo":"residential"},"geometry":{"type":"LineString","coordinates":[[-74.10042,4.55378],[-74.10011,4.55345],[-74.09984,4.55318],[-74.09954,4.55286]]}},{"type":"Feature","properties":{"id":"246653823","nom":"Carrera 1B","tipo":"secondary"},"geometry":{"type":"LineString","coordinates":[[-74.09754,4.55378],[-74.09755,4.55376],[-74.09756,4.55373],[-74.09758,4.55369],[-74.09767,4.55352],[-74.0977,4.55347],[-74.09776,4.55336],[-74.09786,4.55317],[-74.09793,4.55303],[-74.09795,4.55299]]}},{"type":"Feature","properties":{"id":"246734300","nom":"Carrera 48A Sur","tipo":"residential"},"geometry":{"type":"LineString","coordinates":[[-74.10058,4.54576],[-74.09997,4.54538]]}},{"type":"Feature","properties":{"id":"246734301","nom":"Carrera 1C Este","tipo":"residential"},"geometry":{"type":"LineString","coordinates":[[-74.09997,4.54538],[-74.09978,4.5456],[-74.09923,4.54622],[-74.09857,4.54696],[-74.09827,4.54729]]}},{"type":"Feature","properties":{"id":"246734302","nom":"Transversal 1B Este","tipo":"residential"},"geometry":{"type":"LineString","coordinates":[[-74.09825,4.54742],[-74.09825,4.54782],[-74.09826,4.54818],[-74.09829,4.54846],[-74.09828,4.54859],[-74.09826,4.54868],[-74.09821,4.54877],[-74.09815,4.54884],[-74.09813,4.5489],[-74.09813,4.54899],[-74.09815,4.54904],[-74.09816,4.54908],[-74.09824,4.54915],[-74.09827,4.54922],[-74.09829,4.54931],[-74.09831,4.5494]]}},{"type":"Feature","properties":{"id":"246734303","nom":"Calle 43D Sur","tipo":"residential"},"geometry":{"type":"LineString","coordinates":[[-74.09697,4.54694],[-74.09619,4.54674]]}},{"type":"Feature","properties":{"id":"246749353","nom":"Diagonal 42A Sur","tipo":"residential"},"geometry":{"type":"LineString","coordinates":[[-74.09554,4.54936],[-74.0956,4.54929],[-74.09567,4.54922],[-74.09577,4.54915],[-74.09586,4.54909],[-74.09597,4.54903]]}},{"type":"Feature","properties":{"id":"246749355","nom":"Calle 48P Sur","tipo":"residential"},"geometry":{"type":"LineString","coordinates":[[-74.10337,4.54651],[-74.10333,4.54643],[-74.10307,4.54585]]}},{"type":"Feature","properties":{"id":"246749359","nom":"Calle 48X Sur","tipo":"tertiary"},"geometry":{"type":"LineString","coordinates":[[-74.11136,4.54961],[-74.11108,4.54941],[-74.11095,4.54932],[-74.1109,4.54928],[-74.11078,4.54919]]}},{"type":"Feature","properties":{"id":"246749360","nom":"Calle 48X Bis Sur","tipo":"residential"},"geometry":{"type":"LineString","coordinates":[[-74.10621,4.54572],[-74.10609,4.54562],[-74.10599,4.54555],[-74.10587,4.54545],[-74.10573,4.54535],[-74.10559,4.54525]]}},{"type":"Feature","properties":{"id":"246812230","nom":"Calle 41 Sur","tipo":"residential"},"geometry":{"type":"LineString","coordinates":[[-74.12055,4.57503],[-74.12041,4.57444],[-74.12024,4.57389]]}},{"type":"Feature","properties":{"id":"246812231","nom":"Calle 40B Sur","tipo":"residential"},"geometry":{"type":"LineString","coordinates":[[-74.11997,4.57506],[-74.11998,4.57501],[-74.12005,4.57493],[-74.12006,4.5749],[-74.12007,4.57486],[-74.12006,4.57482],[-74.12003,4.57473],[-74.11999,4.57462],[-74.11998,4.57458],[-74.11999,4.57455],[-74.12001,4.57452]]}},{"type":"Feature","properties":{"id":"246812233","nom":"Transversal 13K Bis","tipo":"residential"},"geometry":{"type":"LineString","coordinates":[[-74.12314,4.5715],[-74.12326,4.5711],[-74.12336,4.57074]]}},{"type":"Feature","properties":{"id":"246837002","nom":"Transversal 13F Bis","tipo":"residential"},"geometry":{"type":"LineString","coordinates":[[-74.12087,4.56837],[-74.12105,4.56736]]}},{"type":"Feature","properties":{"id":"246837013","nom":"Diagonal 49C Bis Sur","tipo":"residential"},"geometry":{"type":"LineString","coordinates":[[-74.12032,4.5631],[-74.12036,4.56303],[-74.12041,4.56292],[-74.12046,4.56273],[-74.12047,4.56264],[-74.12047,4.5625],[-74.12049,4.56227],[-74.1205,4.56217]]}},{"type":"Feature","properties":{"id":"246837015","nom":"Diagonal 49C Sur","tipo":"residential"},"geometry":{"type":"LineString","coordinates":[[-74.12032,4.5631],[-74.12025,4.56292],[-74.12022,4.56275],[-74.1202,4.56266],[-74.1202,4.56253],[-74.12022,4.56238],[-74.12024,4.56223],[-74.12024,4.56212],[-74.12026,4.56202],[-74.12028,4.56181],[-74.12031,4.56165],[-74.12036,4.5615],[-74.12045,4.56132]]}},{"type":"Feature","properties":{"id":"246837020","nom":"Carrera 9A","tipo":"residential"},"geometry":{"type":"LineString","coordinates":[[-74.12075,4.55876],[-74.1208,4.55875],[-74.12097,4.55869],[-74.121,4.55868],[-74.12113,4.55863]]}},{"type":"Feature","properties":{"id":"246837023","nom":"Carrera 5M","tipo":"residential"},"geometry":{"type":"LineString","coordinates":[[-74.11826,4.55219],[-74.11823,4.55221],[-74.11738,4.55261]]}},{"type":"Feature","properties":{"id":"246837027","nom":"Calle 48P Sur","tipo":"secondary"},"geometry":{"type":"LineString","coordinates":[[-74.11224,4.55495],[-74.11206,4.55485],[-74.11189,4.55476],[-74.11183,4.55473],[-74.11158,4.5546],[-74.1115,4.55456],[-74.11144,4.55453],[-74.11126,4.55443],[-74.11125,4.55443],[-74.11108,4.55433],[-74.11103,4.55429],[-74.11097,4.55426],[-74.11088,4.55421],[-74.11076,4.55411],[-74.11074,4.55409],[-74.11059,4.55397],[-74.11037,4.55373],[-74.11014,4.55352],[-74.10998,4.55339],[-74.10992,4.55334],[-74.10984,4.5533],[-74.10962,4.55321],[-74.10946,4.55316],[-74.10914,4.55306],[-74.10863,4.55289],[-74.1086,4.55288],[-74.10856,4.55286]]}},{"type":"Feature","properties":{"id":"246837029","nom":"Calle 48P Sur","tipo":"residential"},"geometry":{"type":"LineString","coordinates":[[-74.11282,4.55539],[-74.11286,4.55541],[-74.11301,4.55553],[-74.11325,4.55575],[-74.11333,4.55581],[-74.11344,4.55588],[-74.11359,4.55598],[-74.11368,4.55604],[-74.11375,4.55611],[-74.1138,4.55615],[-74.11385,4.5562]]}},{"type":"Feature","properties":{"id":"246837035","nom":"Diagonal 48X Bis Sur","tipo":"residential"},"geometry":{"type":"LineString","coordinates":[[-74.11616,4.55615],[-74.1167,4.55595]]}},{"type":"Feature","properties":{"id":"246843392","nom":"Diagonal 48P Sur","tipo":"residential"},"geometry":{"type":"LineString","coordinates":[[-74.11664,4.55692],[-74.11667,4.55691],[-74.11761,4.5572],[-74.11764,4.55721]]}},{"type":"Feature","properties":{"id":"246843394","nom":"Carrera 9A","tipo":"tertiary"},"geometry":{"type":"LineString","coordinates":[[-74.11634,4.56],[-74.11632,4.56001],[-74.1163,4.56003],[-74.11625,4.56006],[-74.11618,4.56011],[-74.11609,4.56015],[-74.11585,4.56024],[-74.1158,4.56027],[-74.11575,4.5603],[-74.1157,4.56035],[-74.11564,4.56043],[-74.11555,4.56052],[-74.11551,4.56057],[-74.11546,4.56062],[-74.11543,4.56064],[-74.11538,4.56067],[-74.11518,4.5608],[-74.11494,4.56094],[-74.11475,4.56106],[-74.1147,4.56108]]}},{"type":"Feature","properties":{"id":"246843395","nom":"Carrera 9","tipo":"residential"},"geometry":{"type":"LineString","coordinates":[[-74.1134,4.56048],[-74.11335,4.56051],[-74.11315,4.56061],[-74.11303,4.56067]]}},{"type":"Feature","properties":{"id":"246903378","nom":"Transversal 5L","tipo":"residential"},"geometry":{"type":"LineString","coordinates":[[-74.11152,4.5613],[-74.11152,4.56161],[-74.11152,4.56169]]}},{"type":"Feature","properties":{"id":"246903385","nom":"Diagonal 49C Bis Sur","tipo":"residential"},"geometry":{"type":"LineString","coordinates":[[-74.11178,4.54583],[-74.11168,4.54559],[-74.1115,4.54517],[-74.11149,4.54514],[-74.11132,4.54474]]}},{"type":"Feature","properties":{"id":"249088074","nom":"Carrera 24D","tipo":"residential"},"geometry":{"type":"LineString","coordinates":[[-74.10716,4.58511],[-74.10674,4.58545],[-74.10636,4.58575],[-74.10632,4.58578]]}},{"type":"Feature","properties":{"id":"249131587","nom":"Diagonal 32A Bis Sur","tipo":"residential"},"geometry":{"type":"LineString","coordinates":[[-74.10995,4.57016],[-74.10985,4.5699],[-74.10983,4.56978],[-74.10982,4.56962],[-74.10985,4.56908],[-74.1099,4.56806]]}},{"type":"Feature","properties":{"id":"249131588","nom":"Calle 36H Sur","tipo":"tertiary"},"geometry":{"type":"LineString","coordinates":[[-74.10846,4.56591],[-74.10847,4.56594],[-74.1085,4.56596],[-74.10898,4.56646],[-74.10905,4.56654],[-74.10908,4.56656],[-74.10912,4.56658]]}},{"type":"Feature","properties":{"id":"249131591","nom":"Calle 43 Sur","tipo":"tertiary"},"geometry":{"type":"LineString","coordinates":[[-74.10822,4.56354],[-74.10828,4.56358],[-74.10832,4.56361],[-74.10838,4.56363],[-74.10844,4.56366],[-74.10851,4.56367],[-74.10859,4.56369],[-74.10882,4.56373],[-74.10905,4.56376],[-74.10913,4.56377],[-74.10922,4.56376],[-74.10931,4.56375],[-74.10938,4.56373],[-74.10946,4.56371],[-74.10952,4.56368],[-74.10961,4.56364],[-74.10977,4.56355],[-74.10984,4.56352],[-74.1099,4.56351],[-74.10997,4.56351],[-74.11004,4.56352],[-74.11011,4.56354],[-74.11026,4.56364]]}},{"type":"Feature","properties":{"id":"303169227","nom":"Calle 10B Sur","tipo":"secondary"},"geometry":{"type":"LineString","coordinates":[[-74.09926,4.58933],[-74.09913,4.58941]]}},{"type":"Feature","properties":{"id":"303169228","nom":"Calle 10B Sur","tipo":"secondary"},"geometry":{"type":"LineString","coordinates":[[-74.09913,4.58941],[-74.09908,4.58944],[-74.09904,4.58946]]}},{"type":"Feature","properties":{"id":"320809208","nom":"Carrera 2","tipo":"residential"},"geometry":{"type":"LineString","coordinates":[[-74.09575,4.56115],[-74.09573,4.56118],[-74.0956,4.56143],[-74.09529,4.56203]]}},{"type":"Feature","properties":{"id":"324801273","nom":"Carrera 5 Bis","tipo":"residential"},"geometry":{"type":"LineString","coordinates":[[-74.09517,4.5677],[-74.09477,4.56812],[-74.09475,4.56816],[-74.09474,4.5682],[-74.09473,4.56825],[-74.09473,4.56837]]}},{"type":"Feature","properties":{"id":"324811319","nom":"Carrera 14A","tipo":"residential"},"geometry":{"type":"LineString","coordinates":[[-74.09567,4.58591],[-74.09555,4.58606],[-74.09547,4.58615],[-74.09543,4.5862],[-74.09541,4.58624],[-74.09536,4.58629],[-74.09534,4.58632],[-74.09489,4.58689],[-74.09456,4.58728],[-74.09423,4.58771]]}},{"type":"Feature","properties":{"id":"324811343","nom":"Carrera 14B","tipo":"residential"},"geometry":{"type":"LineString","coordinates":[[-74.09523,4.58717],[-74.09572,4.58655],[-74.09575,4.58651]]}},{"type":"Feature","properties":{"id":"324811398","nom":"Carrera 15A","tipo":"residential"},"geometry":{"type":"LineString","coordinates":[[-74.0959,4.58772],[-74.09645,4.58699],[-74.09648,4.58695]]}},{"type":"Feature","properties":{"id":"324811497","nom":"Calle 10A Bis Sur","tipo":"residential"},"geometry":{"type":"LineString","coordinates":[[-74.09722,4.58827],[-74.09714,4.5882],[-74.09648,4.58764]]}},{"type":"Feature","properties":{"id":"324811498","nom":"Carrera 18","tipo":"residential"},"geometry":{"type":"LineString","coordinates":[[-74.09722,4.58827],[-74.09727,4.58827],[-74.09751,4.58823],[-74.09753,4.58822],[-74.09754,4.5882]]}},{"type":"Feature","properties":{"id":"324849282","nom":"Calle 30B Sur","tipo":"tertiary"},"geometry":{"type":"LineString","coordinates":[[-74.09475,4.56511],[-74.09474,4.56516],[-74.09473,4.56521],[-74.09474,4.56523],[-74.09475,4.56526],[-74.09476,4.5653],[-74.09479,4.56533],[-74.09492,4.56548],[-74.09521,4.5658]]}},{"type":"Feature","properties":{"id":"324849284","nom":"Carrera 3B","tipo":"tertiary"},"geometry":{"type":"LineString","coordinates":[[-74.09521,4.5658],[-74.09482,4.56618]]}},{"type":"Feature","properties":{"id":"324849286","nom":"Carrera 4","tipo":"residential"},"geometry":{"type":"LineString","coordinates":[[-74.09425,4.56718],[-74.09471,4.56673],[-74.09504,4.56642]]}},{"type":"Feature","properties":{"id":"324852107","nom":"Calle 18A Sur","tipo":"residential"},"geometry":{"type":"LineString","coordinates":[[-74.09546,4.57848],[-74.09539,4.57842]]}},{"type":"Feature","properties":{"id":"324852594","nom":"Carrera 16A","tipo":"residential"},"geometry":{"type":"LineString","coordinates":[[-74.10035,4.58376],[-74.10002,4.58408],[-74.1,4.58409]]}},{"type":"Feature","properties":{"id":"324852595","nom":"Calle 17A Sur","tipo":"residential"},"geometry":{"type":"LineString","coordinates":[[-74.0992,4.58323],[-74.09924,4.58327],[-74.09982,4.5839],[-74.09999,4.58409],[-74.1,4.58409]]}},{"type":"Feature","properties":{"id":"334911901","nom":"","tipo":"secondary_link"},"geometry":{"type":"LineString","coordinates":[[-74.09856,4.55831],[-74.09857,4.55785]]}},{"type":"Feature","properties":{"id":"334911902","nom":"Calle 37A Sur","tipo":"residential"},"geometry":{"type":"LineString","coordinates":[[-74.09857,4.55785],[-74.09853,4.55778],[-74.09842,4.55757],[-74.09837,4.55748],[-74.09834,4.55743],[-74.09817,4.55713]]}},{"type":"Feature","properties":{"id":"335064447","nom":"Carrera 12F","tipo":"residential"},"geometry":{"type":"LineString","coordinates":[[-74.10317,4.5761],[-74.10321,4.57605],[-74.10348,4.57571],[-74.10373,4.57542],[-74.10391,4.57521],[-74.10409,4.57496]]}},{"type":"Feature","properties":{"id":"335064448","nom":"Calle 27 Bis Sur","tipo":"residential"},"geometry":{"type":"LineString","coordinates":[[-74.10409,4.57619],[-74.10348,4.57571]]}},{"type":"Feature","properties":{"id":"335064449","nom":"Calle 28B Sur","tipo":"residential"},"geometry":{"type":"LineString","coordinates":[[-74.10433,4.57514],[-74.10409,4.57496]]}},{"type":"Feature","properties":{"id":"335064451","nom":"Calle 28B Sur","tipo":"residential"},"geometry":{"type":"LineString","coordinates":[[-74.10707,4.57731],[-74.10684,4.57713]]}},{"type":"Feature","properties":{"id":"361181350","nom":"Carrera 24H","tipo":"residential"},"geometry":{"type":"LineString","coordinates":[[-74.1068,4.58833],[-74.10699,4.58814],[-74.10752,4.58763],[-74.10756,4.58759]]}},{"type":"Feature","properties":{"id":"361181352","nom":"Calle 19A Sur","tipo":"residential"},"geometry":{"type":"LineString","coordinates":[[-74.10667,4.58818],[-74.1068,4.58833]]}},{"type":"Feature","properties":{"id":"364389656","nom":"Carrera 13F Bis A","tipo":"residential"},"geometry":{"type":"LineString","coordinates":[[-74.11945,4.57396],[-74.11981,4.5741]]}},{"type":"Feature","properties":{"id":"364389657","nom":"Diagonal 40 Sur","tipo":"residential"},"geometry":{"type":"LineString","coordinates":[[-74.11976,4.57365],[-74.11945,4.57396],[-74.11935,4.57407]]}},{"type":"Feature","properties":{"id":"365101718","nom":"Diagonal 48I Sur","tipo":"residential"},"geometry":{"type":"LineString","coordinates":[[-74.10751,4.5573],[-74.10758,4.5573],[-74.10789,4.55727],[-74.10818,4.55725],[-74.10845,4.55723]]}},{"type":"Feature","properties":{"id":"365101719","nom":"Diagonal 48I Sur","tipo":"residential"},"geometry":{"type":"LineString","coordinates":[[-74.10717,4.55744],[-74.10758,4.55741]]}},{"type":"Feature","properties":{"id":"368470882","nom":"Diagonal 21A Sur","tipo":"secondary"},"geometry":{"type":"LineString","coordinates":[[-74.10414,4.58452],[-74.10413,4.58446],[-74.10412,4.58405],[-74.1041,4.5834],[-74.10409,4.58325]]}},{"type":"Feature","properties":{"id":"368483447","nom":"Carrera 24","tipo":"residential"},"geometry":{"type":"LineString","coordinates":[[-74.10422,4.58521],[-74.10475,4.58478]]}},{"type":"Feature","properties":{"id":"375277072","nom":"Avenida Calle 22 Sur","tipo":"primary"},"geometry":{"type":"LineString","coordinates":[[-74.1023,4.58125],[-74.10235,4.58129],[-74.10244,4.58136],[-74.10248,4.58139]]}},{"type":"Feature","properties":{"id":"375277137","nom":"Avenida Carrera 24","tipo":"secondary"},"geometry":{"type":"LineString","coordinates":[[-74.12554,4.57929],[-74.12548,4.5793]]}},{"type":"Feature","properties":{"id":"375277486","nom":"Avenida Carrera 24","tipo":"secondary"},"geometry":{"type":"LineString","coordinates":[[-74.11873,4.58165],[-74.11882,4.58162]]}},{"type":"Feature","properties":{"id":"375277488","nom":"Calle 46 Sur","tipo":"tertiary"},"geometry":{"type":"LineString","coordinates":[[-74.12803,4.58056],[-74.12803,4.58053],[-74.12802,4.58049],[-74.12777,4.57961],[-74.12763,4.57909],[-74.12756,4.57887],[-74.12755,4.57884]]}},{"type":"Feature","properties":{"id":"375277489","nom":"Calle 46 Sur","tipo":"tertiary"},"geometry":{"type":"LineString","coordinates":[[-74.12556,4.57209],[-74.1255,4.5719]]}},{"type":"Feature","properties":{"id":"375277500","nom":"Avenida Carrera 24","tipo":"secondary"},"geometry":{"type":"LineString","coordinates":[[-74.12755,4.57884],[-74.12783,4.57875],[-74.12787,4.57874],[-74.12821,4.57864],[-74.12837,4.57858],[-74.1285,4.57853],[-74.12862,4.57846],[-74.12874,4.57839],[-74.12886,4.57829],[-74.12894,4.57822],[-74.12907,4.57808]]}},{"type":"Feature","properties":{"id":"391665865","nom":"Carrera 24F","tipo":"residential"},"geometry":{"type":"LineString","coordinates":[[-74.10678,4.58635],[-74.10682,4.58632],[-74.10697,4.58619]]}},{"type":"Feature","properties":{"id":"402767486","nom":"Calle 49B Bis Sur","tipo":"tertiary"},"geometry":{"type":"LineString","coordinates":[[-74.11837,4.55813],[-74.11832,4.55808],[-74.11829,4.55804],[-74.11824,4.55796],[-74.11818,4.55787],[-74.11815,4.55781],[-74.11812,4.55772],[-74.11809,4.55759],[-74.11802,4.55729],[-74.118,4.55722],[-74.11796,4.55716],[-74.11793,4.55712],[-74.11789,4.55711],[-74.11784,4.5571]]}},{"type":"Feature","properties":{"id":"402989313","nom":"Calle 24 Sur","tipo":"residential"},"geometry":{"type":"LineString","coordinates":[[-74.10716,4.58511],[-74.10732,4.5851]]}},{"type":"Feature","properties":{"id":"402989318","nom":"Carrera 18A","tipo":"residential"},"geometry":{"type":"LineString","coordinates":[[-74.09732,4.58865],[-74.0973,4.58868],[-74.09689,4.58918],[-74.09661,4.5896]]}},{"type":"Feature","properties":{"id":"402989322","nom":"Carrera 19A","tipo":"residential"},"geometry":{"type":"LineString","coordinates":[[-74.09795,4.58929],[-74.09793,4.58933],[-74.09764,4.5897],[-74.09733,4.59013]]}},{"type":"Feature","properties":{"id":"402989323","nom":"Calle 24 Sur","tipo":"residential"},"geometry":{"type":"LineString","coordinates":[[-74.10714,4.58442],[-74.10714,4.58447],[-74.10715,4.58493],[-74.10716,4.58511]]}},{"type":"Feature","properties":{"id":"402989326","nom":"Transversal 13J","tipo":"residential"},"geometry":{"type":"LineString","coordinates":[[-74.12441,4.56636],[-74.12433,4.56663],[-74.12405,4.56698]]}},{"type":"Feature","properties":{"id":"403702680","nom":"Calle 48L Bis Sur","tipo":"residential"},"geometry":{"type":"LineString","coordinates":[[-74.11248,4.55612],[-74.11245,4.5561],[-74.11216,4.55597],[-74.11212,4.55595]]}},{"type":"Feature","properties":{"id":"403707456","nom":"Carrera 3","tipo":"tertiary"},"geometry":{"type":"LineString","coordinates":[[-74.09646,4.56165],[-74.09645,4.5617],[-74.09644,4.56174],[-74.09644,4.56177],[-74.09642,4.5618],[-74.09634,4.56193],[-74.0963,4.56198]]}},{"type":"Feature","properties":{"id":"404949814","nom":"Carrera 12J","tipo":"residential"},"geometry":{"type":"LineString","coordinates":[[-74.11598,4.57034],[-74.11622,4.57028]]}},{"type":"Feature","properties":{"id":"424394502","nom":"Diagonal 45B Sur","tipo":"tertiary"},"geometry":{"type":"LineString","coordinates":[[-74.12438,4.57157],[-74.12443,4.57162],[-74.12452,4.5717],[-74.12455,4.57171],[-74.12458,4.57172]]}},{"type":"Feature","properties":{"id":"449883922","nom":"Avenida Carrera 24","tipo":"secondary"},"geometry":{"type":"LineString","coordinates":[[-74.09943,4.5899],[-74.09958,4.58967]]}},{"type":"Feature","properties":{"id":"449883925","nom":"Transversal 24B Bis","tipo":"tertiary"},"geometry":{"type":"LineString","coordinates":[[-74.1028,4.58776],[-74.10282,4.58772],[-74.10283,4.58769],[-74.10284,4.58764],[-74.10284,4.58758],[-74.10281,4.58737]]}},{"type":"Feature","properties":{"id":"449883926","nom":"Calle 16C Sur","tipo":"tertiary"},"geometry":{"type":"LineString","coordinates":[[-74.10227,4.58744],[-74.10224,4.58747],[-74.10223,4.5875],[-74.10224,4.58752],[-74.10225,4.58754],[-74.10237,4.58766],[-74.10244,4.58772]]}},{"type":"Feature","properties":{"id":"449883927","nom":"Carrera 24A","tipo":"tertiary"},"geometry":{"type":"LineString","coordinates":[[-74.10253,4.58718],[-74.10239,4.58732]]}},{"type":"Feature","properties":{"id":"474431081","nom":"Carrera 4","tipo":"residential"},"geometry":{"type":"LineString","coordinates":[[-74.09894,4.56143],[-74.09917,4.5613],[-74.09925,4.56126],[-74.09954,4.56109],[-74.09985,4.56091]]}},{"type":"Feature","properties":{"id":"474431082","nom":"Calle 36 Bis Sur","tipo":"residential"},"geometry":{"type":"LineString","coordinates":[[-74.10009,4.56178],[-74.09938,4.56141]]}},{"type":"Feature","properties":{"id":"474469557","nom":"Carrera 2 Bis","tipo":"residential"},"geometry":{"type":"LineString","coordinates":[[-74.10132,4.55236],[-74.10175,4.55192]]}},{"type":"Feature","properties":{"id":"474469832","nom":"Calle 37A Bis Sur","tipo":"residential"},"geometry":{"type":"LineString","coordinates":[[-74.09759,4.55596],[-74.09752,4.55589],[-74.09748,4.55584],[-74.09744,4.55577],[-74.09734,4.55559],[-74.09712,4.55535]]}},{"type":"Feature","properties":{"id":"474627233","nom":"Diagonal 39 Sur","tipo":"residential"},"geometry":{"type":"LineString","coordinates":[[-74.10665,4.56385],[-74.10659,4.56384],[-74.10646,4.56382],[-74.10639,4.56381],[-74.10625,4.5638],[-74.10614,4.5638],[-74.10603,4.56381],[-74.10589,4.5638],[-74.10578,4.56379],[-74.1057,4.56376],[-74.10565,4.56374],[-74.10553,4.5637],[-74.10547,4.56369]]}},{"type":"Feature","properties":{"id":"474627239","nom":"Carrera 9G","tipo":"residential"},"geometry":{"type":"LineString","coordinates":[[-74.10646,4.56382],[-74.10634,4.56387],[-74.10614,4.56395],[-74.10589,4.56403],[-74.10569,4.56409],[-74.10553,4.56414],[-74.10541,4.56417],[-74.10536,4.56417],[-74.1053,4.56415],[-74.10524,4.56414],[-74.10515,4.56411]]}},{"type":"Feature","properties":{"id":"475331129","nom":"Calle 48P Bis Sur","tipo":"residential"},"geometry":{"type":"LineString","coordinates":[[-74.10364,4.54638],[-74.10331,4.54569]]}},{"type":"Feature","properties":{"id":"475331130","nom":"Calle 48N Sur","tipo":"residential"},"geometry":{"type":"LineString","coordinates":[[-74.1031,4.54651],[-74.10307,4.54645],[-74.10281,4.54595]]}},{"type":"Feature","properties":{"id":"509700082","nom":"Calle 32 Sur","tipo":"tertiary"},"geometry":{"type":"LineString","coordinates":[[-74.09657,4.56235],[-74.09653,4.56222],[-74.09652,4.56216],[-74.09649,4.5621],[-74.09645,4.56206],[-74.09641,4.56203],[-74.09635,4.56202],[-74.0963,4.56201],[-74.09623,4.56202]]}},{"type":"Feature","properties":{"id":"523773109","nom":"Calle 21 Sur","tipo":"residential"},"geometry":{"type":"LineString","coordinates":[[-74.10863,4.58957],[-74.1086,4.58954],[-74.10812,4.58903]]}},{"type":"Feature","properties":{"id":"523773110","nom":"Calle 26 Sur","tipo":"residential"},"geometry":{"type":"LineString","coordinates":[[-74.11077,4.5887],[-74.11073,4.5887],[-74.11071,4.58871],[-74.11068,4.58872],[-74.11066,4.58873],[-74.11063,4.58875],[-74.11062,4.58878],[-74.1106,4.5888],[-74.11059,4.58883]]}},{"type":"Feature","properties":{"id":"523773111","nom":"Calle 29 Sur","tipo":"residential"},"geometry":{"type":"LineString","coordinates":[[-74.11303,4.58686],[-74.11301,4.5869],[-74.11301,4.58694],[-74.113,4.58699],[-74.11307,4.58775]]}},{"type":"Feature","properties":{"id":"523774184","nom":"Transversal 24H Bis","tipo":"residential"},"geometry":{"type":"LineString","coordinates":[[-74.10555,4.58995],[-74.10553,4.58952],[-74.10553,4.58945]]}},{"type":"Feature","properties":{"id":"523806157","nom":"Carrera 16","tipo":"secondary"},"geometry":{"type":"LineString","coordinates":[[-74.097,4.58735],[-74.09698,4.58732],[-74.09697,4.58729],[-74.09696,4.58725],[-74.09695,4.5872],[-74.09694,4.58716],[-74.09694,4.58712],[-74.09694,4.58703]]}},{"type":"Feature","properties":{"id":"523806159","nom":"Carrera 16","tipo":"secondary"},"geometry":{"type":"LineString","coordinates":[[-74.09694,4.58703],[-74.09712,4.5868],[-74.09718,4.58673],[-74.09724,4.58666]]}},{"type":"Feature","properties":{"id":"523819986","nom":"Calle 27 Sur","tipo":"secondary"},"geometry":{"type":"LineString","coordinates":[[-74.10725,4.57982],[-74.10739,4.58009],[-74.10753,4.58037],[-74.10766,4.58061],[-74.10771,4.58071],[-74.10786,4.581],[-74.10788,4.58103]]}},{"type":"Feature","properties":{"id":"523833013","nom":"Calle 21 Sur","tipo":"residential"},"geometry":{"type":"LineString","coordinates":[[-74.10202,4.58165],[-74.10207,4.5817],[-74.10254,4.5822],[-74.10317,4.58286],[-74.10327,4.58296],[-74.1033,4.58299],[-74.10377,4.58349],[-74.10381,4.58353]]}},{"type":"Feature","properties":{"id":"523839186","nom":"Calle 31A Sur","tipo":"tertiary"},"geometry":{"type":"LineString","coordinates":[[-74.10728,4.5741],[-74.10754,4.5743],[-74.10761,4.57436],[-74.1079,4.57459],[-74.10814,4.57478],[-74.10904,4.57549]]}},{"type":"Feature","properties":{"id":"523839190","nom":"Calle 20 Sur","tipo":"residential"},"geometry":{"type":"LineString","coordinates":[[-74.10338,4.58394],[-74.10335,4.58389],[-74.10288,4.5834],[-74.10285,4.58337],[-74.10283,4.58334],[-74.10267,4.58318],[-74.10202,4.58249],[-74.10155,4.58199],[-74.1015,4.58193]]}},{"type":"Feature","properties":{"id":"523853422","nom":"Calle 36B Sur","tipo":"residential"},"geometry":{"type":"LineString","coordinates":[[-74.10541,4.56589],[-74.10537,4.56586],[-74.10514,4.56562],[-74.10493,4.5654],[-74.10468,4.56514]]}},{"type":"Feature","properties":{"id":"523853424","nom":"Carrera 8","tipo":"tertiary"},"geometry":{"type":"LineString","coordinates":[[-74.09635,4.57082],[-74.09638,4.57079],[-74.09648,4.57067]]}},{"type":"Feature","properties":{"id":"523853425","nom":"Carrera 12 Bis","tipo":"residential"},"geometry":{"type":"LineString","coordinates":[[-74.09775,4.57882],[-74.09808,4.57846],[-74.09811,4.57841]]}},{"type":"Feature","properties":{"id":"523853426","nom":"Carrera 12 Bis","tipo":"residential"},"geometry":{"type":"LineString","coordinates":[[-74.09803,4.57836],[-74.098,4.5784],[-74.09767,4.57876]]}},{"type":"Feature","properties":{"id":"523858436","nom":"Transversal 18 Bis","tipo":"secondary"},"geometry":{"type":"LineString","coordinates":[[-74.09724,4.58666],[-74.09735,4.58666],[-74.09739,4.58666],[-74.09793,4.58665]]}},{"type":"Feature","properties":{"id":"523858438","nom":"Carrera 22","tipo":"residential"},"geometry":{"type":"LineString","coordinates":[[-74.11109,4.58178],[-74.11077,4.58196]]}},{"type":"Feature","properties":{"id":"523858439","nom":"Calle 28A Sur","tipo":"residential"},"geometry":{"type":"LineString","coordinates":[[-74.11054,4.58254],[-74.11074,4.58291]]}},{"type":"Feature","properties":{"id":"523858441","nom":"Carrera 23","tipo":"residential"},"geometry":{"type":"LineString","coordinates":[[-74.11108,4.58294],[-74.11125,4.58269]]}},{"type":"Feature","properties":{"id":"523859070","nom":"Carrera 7","tipo":"residential"},"geometry":{"type":"LineString","coordinates":[[-74.09858,4.5664],[-74.09781,4.56706]]}},{"type":"Feature","properties":{"id":"523860702","nom":"Transversal 22B","tipo":"secondary"},"geometry":{"type":"LineString","coordinates":[[-74.11042,4.58335],[-74.11045,4.5833],[-74.11065,4.58304],[-74.11074,4.58291],[-74.11084,4.58278],[-74.11108,4.58246],[-74.11112,4.58241],[-74.11126,4.58221]]}},{"type":"Feature","properties":{"id":"523861810","nom":"Calle 27A Sur","tipo":"residential"},"geometry":{"type":"LineString","coordinates":[[-74.11135,4.58581],[-74.11105,4.58551],[-74.11103,4.58549]]}},{"type":"Feature","properties":{"id":"523864913","nom":"Calle 40 Sur","tipo":"residential"},"geometry":{"type":"LineString","coordinates":[[-74.11251,4.56829],[-74.11246,4.56805],[-74.11243,4.56795],[-74.11239,4.56788],[-74.11218,4.56763],[-74.11205,4.5675],[-74.11201,4.56746],[-74.11189,4.56734],[-74.11172,4.56717],[-74.11168,4.56713],[-74.11148,4.567],[-74.1113,4.56694]]}},{"type":"Feature","properties":{"id":"523870208","nom":"Calle 39 Sur","tipo":"tertiary"},"geometry":{"type":"LineString","coordinates":[[-74.10825,4.56477],[-74.10818,4.56475],[-74.10814,4.56472],[-74.10809,4.56467],[-74.10806,4.56463],[-74.10805,4.56461],[-74.10801,4.56453]]}},{"type":"Feature","properties":{"id":"523870209","nom":"Calle 39 Sur","tipo":"tertiary"},"geometry":{"type":"LineString","coordinates":[[-74.10796,4.56495],[-74.108,4.56491],[-74.10803,4.56488],[-74.10805,4.56486],[-74.10811,4.56482],[-74.10818,4.56479],[-74.10825,4.56477]]}},{"type":"Feature","properties":{"id":"524250463","nom":"Calle 38A Sur","tipo":"residential"},"geometry":{"type":"LineString","coordinates":[[-74.12319,4.58883],[-74.12315,4.58881],[-74.12312,4.58879],[-74.12309,4.58876],[-74.12306,4.58873],[-74.12304,4.58868],[-74.12301,4.58858],[-74.12295,4.58827],[-74.12291,4.5881],[-74.12284,4.58788],[-74.12283,4.58782],[-74.12279,4.58771],[-74.12274,4.58754],[-74.12271,4.58744],[-74.12269,4.58734]]}},{"type":"Feature","properties":{"id":"524493574","nom":"Calle 26 Bis Sur","tipo":"residential"},"geometry":{"type":"LineString","coordinates":[[-74.10911,4.58538],[-74.10871,4.58487]]}},{"type":"Feature","properties":{"id":"524494452","nom":"Carrera 12H Bis B","tipo":"residential"},"geometry":{"type":"LineString","coordinates":[[-74.10501,4.57754],[-74.10505,4.5775],[-74.10533,4.57715],[-74.10557,4.57685],[-74.10573,4.57665],[-74.10592,4.57641]]}},{"type":"Feature","properties":{"id":"524503579","nom":"Calle 43 Sur","tipo":"residential"},"geometry":{"type":"LineString","coordinates":[[-74.12033,4.57138],[-74.12085,4.5716]]}},{"type":"Feature","properties":{"id":"524508546","nom":"","tipo":"primary_link"},"geometry":{"type":"LineString","coordinates":[[-74.12296,4.57499],[-74.12306,4.57496],[-74.12314,4.57495],[-74.12315,4.57494],[-74.12319,4.57494],[-74.12324,4.57494],[-74.12332,4.57495]]}},{"type":"Feature","properties":{"id":"524508547","nom":"","tipo":"primary_link"},"geometry":{"type":"LineString","coordinates":[[-74.12371,4.57447],[-74.12371,4.57437],[-74.12371,4.57435],[-74.12371,4.57431],[-74.12371,4.57424],[-74.12372,4.57416]]}},{"type":"Feature","properties":{"id":"524510212","nom":"","tipo":"tertiary_link"},"geometry":{"type":"LineString","coordinates":[[-74.12652,4.58307],[-74.12654,4.58313],[-74.12656,4.58317],[-74.12659,4.58322],[-74.12663,4.58326],[-74.12667,4.58328],[-74.12671,4.5833],[-74.12676,4.58332]]}},{"type":"Feature","properties":{"id":"524510213","nom":"Calle 42 Sur","tipo":"residential"},"geometry":{"type":"LineString","coordinates":[[-74.12233,4.57691],[-74.12271,4.57765],[-74.12309,4.57839],[-74.12348,4.57915],[-74.12379,4.57975],[-74.12381,4.57979]]}},{"type":"Feature","properties":{"id":"524515250","nom":"Carrera 26B","tipo":"tertiary"},"geometry":{"type":"LineString","coordinates":[[-74.1148,4.58661],[-74.1147,4.58665]]}},{"type":"Feature","properties":{"id":"524515252","nom":"","tipo":"secondary_link"},"geometry":{"type":"LineString","coordinates":[[-74.12815,4.58703],[-74.12821,4.58704],[-74.12827,4.58705],[-74.12832,4.58708],[-74.12834,4.58709],[-74.12838,4.58713],[-74.1284,4.58718]]}},{"type":"Feature","properties":{"id":"524664968","nom":"Calle 45A Sur","tipo":"residential"},"geometry":{"type":"LineString","coordinates":[[-74.12683,4.57987],[-74.12661,4.57914],[-74.1266,4.57911]]}},{"type":"Feature","properties":{"id":"524671660","nom":"Carrera 27","tipo":"tertiary"},"geometry":{"type":"LineString","coordinates":[[-74.12133,4.58463],[-74.12139,4.58462]]}},{"type":"Feature","properties":{"id":"524671662","nom":"Carrera 27","tipo":"tertiary"},"geometry":{"type":"LineString","coordinates":[[-74.1212,4.58464],[-74.12133,4.58463]]}},{"type":"Feature","properties":{"id":"527246025","nom":"Carrera 23","tipo":"residential"},"geometry":{"type":"LineString","coordinates":[[-74.12072,4.57889],[-74.12055,4.57895],[-74.12026,4.57906],[-74.11999,4.57915],[-74.1196,4.57928],[-74.11883,4.57955],[-74.11836,4.57971],[-74.11833,4.57972],[-74.11826,4.57975]]}},{"type":"Feature","properties":{"id":"527616648","nom":"Carrera 1 Este","tipo":"residential"},"geometry":{"type":"LineString","coordinates":[[-74.0989,4.55005],[-74.09881,4.55032]]}},{"type":"Feature","properties":{"id":"527617089","nom":"Diagonal 35 Sur","tipo":"residential"},"geometry":{"type":"LineString","coordinates":[[-74.10273,4.56654],[-74.10269,4.5662]]}},{"type":"Feature","properties":{"id":"529109871","nom":"Diagonal 46 Sur","tipo":"residential"},"geometry":{"type":"LineString","coordinates":[[-74.11061,4.56176],[-74.1107,4.56173],[-74.1108,4.5617]]}},{"type":"Feature","properties":{"id":"529109872","nom":"Diagonal 46 Sur","tipo":"residential"},"geometry":{"type":"LineString","coordinates":[[-74.1108,4.5617],[-74.11071,4.56166],[-74.11064,4.56162]]}},{"type":"Feature","properties":{"id":"529109877","nom":"Transversal 5L","tipo":"residential"},"geometry":{"type":"LineString","coordinates":[[-74.1115,4.56066],[-74.11149,4.56052],[-74.11149,4.56042],[-74.11149,4.56037],[-74.11148,4.55983],[-74.11148,4.55959],[-74.11147,4.5594],[-74.11146,4.55896],[-74.11145,4.55891],[-74.11145,4.55888],[-74.11143,4.55885]]}},{"type":"Feature","properties":{"id":"529301227","nom":"Diagonal 35 Sur","tipo":"tertiary"},"geometry":{"type":"LineString","coordinates":[[-74.10454,4.56691],[-74.10448,4.56691],[-74.1044,4.56691],[-74.1043,4.56691],[-74.1042,4.5669],[-74.10416,4.56689],[-74.10413,4.56687],[-74.10408,4.56685],[-74.10402,4.56683],[-74.10392,4.56679],[-74.10385,4.56675],[-74.10367,4.56667],[-74.10325,4.56647],[-74.10318,4.56644]]}},{"type":"Feature","properties":{"id":"529301228","nom":"Transversal 10D","tipo":"residential"},"geometry":{"type":"LineString","coordinates":[[-74.10541,4.56589],[-74.10539,4.56581],[-74.10539,4.56575],[-74.1054,4.56568],[-74.10542,4.56561],[-74.10546,4.56554],[-74.1055,4.56549],[-74.10551,4.56548],[-74.10556,4.56541]]}},{"type":"Feature","properties":{"id":"529304054","nom":"Calle 32A Sur","tipo":"residential"},"geometry":{"type":"LineString","coordinates":[[-74.10301,4.56899],[-74.1026,4.56872]]}},{"type":"Feature","properties":{"id":"529313201","nom":"Calle 36H Sur","tipo":"residential"},"geometry":{"type":"LineString","coordinates":[[-74.0959,4.55703],[-74.09605,4.55703],[-74.09612,4.55703],[-74.09619,4.55705],[-74.09624,4.55707],[-74.09647,4.55721]]}},{"type":"Feature","properties":{"id":"529887246","nom":"Calle 29 Sur","tipo":"residential"},"geometry":{"type":"LineString","coordinates":[[-74.10902,4.57733],[-74.10867,4.57705],[-74.10836,4.57679],[-74.10825,4.57671]]}},{"type":"Feature","properties":{"id":"529887247","nom":"Carrera 13 Bis","tipo":"residential"},"geometry":{"type":"LineString","coordinates":[[-74.1082,4.57765],[-74.1085,4.57725],[-74.10867,4.57705]]}},{"type":"Feature","properties":{"id":"529887253","nom":"Calle 31F Sur","tipo":"residential"},"geometry":{"type":"LineString","coordinates":[[-74.11226,4.5768],[-74.11214,4.57653],[-74.11207,4.57643],[-74.11199,4.57632],[-74.11166,4.57605]]}},{"type":"Feature","properties":{"id":"529891986","nom":"Diagonal 21 Sur","tipo":"residential"},"geometry":{"type":"LineString","coordinates":[[-74.10379,4.58453],[-74.10379,4.58459],[-74.10381,4.585]]}},{"type":"Feature","properties":{"id":"529896052","nom":"Carrera 16","tipo":"residential"},"geometry":{"type":"LineString","coordinates":[[-74.09561,4.58884],[-74.09595,4.58843]]}},{"type":"Feature","properties":{"id":"537042676","nom":"","tipo":"tertiary_link"},"geometry":{"type":"LineString","coordinates":[[-74.10142,4.5895],[-74.10143,4.5894]]}},{"type":"Feature","properties":{"id":"537816143","nom":"Carrera 14","tipo":"residential"},"geometry":{"type":"LineString","coordinates":[[-74.09548,4.58501],[-74.09534,4.58499],[-74.09523,4.58497],[-74.0952,4.58497],[-74.09517,4.58498],[-74.0949,4.58514],[-74.09488,4.58515],[-74.09486,4.58514]]}},{"type":"Feature","properties":{"id":"538086335","nom":"Carrera 9","tipo":"residential"},"geometry":{"type":"LineString","coordinates":[[-74.09665,4.57204],[-74.09621,4.5725],[-74.09573,4.573],[-74.09525,4.57349]]}},{"type":"Feature","properties":{"id":"538809467","nom":"Calle 48P Sur","tipo":"residential"},"geometry":{"type":"LineString","coordinates":[[-74.11282,4.55539],[-74.1128,4.55537],[-74.11253,4.55522],[-74.11249,4.55519]]}},{"type":"Feature","properties":{"id":"538809468","nom":"Calle 48K Sur","tipo":"residential"},"geometry":{"type":"LineString","coordinates":[[-74.11214,4.55682],[-74.11211,4.55681],[-74.11182,4.55667],[-74.11178,4.55665]]}},{"type":"Feature","properties":{"id":"538809469","nom":"Diagonal 48L Bis A Sur","tipo":"residential"},"geometry":{"type":"LineString","coordinates":[[-74.1124,4.55629],[-74.11245,4.55625],[-74.11271,4.55609],[-74.11325,4.55575]]}},{"type":"Feature","properties":{"id":"538809480","nom":"Calle 48J Bis A Sur","tipo":"residential"},"geometry":{"type":"LineString","coordinates":[[-74.11199,4.55713],[-74.11202,4.55715],[-74.11258,4.55741]]}},{"type":"Feature","properties":{"id":"538809483","nom":"Transversal 5M","tipo":"residential"},"geometry":{"type":"LineString","coordinates":[[-74.11161,4.56259],[-74.11167,4.56255],[-74.1117,4.56251],[-74.11173,4.56245],[-74.11181,4.5623],[-74.11187,4.56212],[-74.1119,4.56204],[-74.11197,4.56186],[-74.11204,4.56167],[-74.11207,4.56158],[-74.11212,4.56143],[-74.11217,4.56127],[-74.11219,4.5612],[-74.11227,4.56093],[-74.11233,4.56072],[-74.11234,4.56066],[-74.11244,4.56039],[-74.11247,4.56033],[-74.11252,4.56027],[-74.11257,4.56019],[-74.11265,4.56008],[-74.11266,4.56006],[-74.11268,4.55999],[-74.11269,4.55992],[-74.11269,4.55989],[-74.1127,4.55986],[-74.11269,4.55956],[-74.1127,4.55947],[-74.1127,4.55936],[-74.11268,4.55916],[-74.11268,4.55911],[-74.11267,4.55899],[-74.11266,4.55882],[-74.11266,4.55875],[-74.11265,4.55873],[-74.11263,4.5587],[-74.11261,4.55867],[-74.11259,4.55865],[-74.11256,4.55861],[-74.1125,4.55854],[-74.11247,4.55849],[-74.11245,4.55846],[-74.11244,4.55841],[-74.11244,4.55836],[-74.11246,4.55823],[-74.11254,4.55799],[-74.11263,4.55768],[-74.11266,4.55753],[-74.11266,4.55745],[-74.11264,4.55734],[-74.11261,4.55723],[-74.11257,4.55704],[-74.11252,4.55683],[-74.11245,4.55651],[-74.11241,4.55634],[-74.1124,4.55629]]}},{"type":"Feature","properties":{"id":"538816751","nom":"Calle 48Q Sur","tipo":"residential"},"geometry":{"type":"LineString","coordinates":[[-74.11272,4.55428],[-74.11272,4.55443],[-74.11273,4.55454],[-74.11273,4.55466]]}},{"type":"Feature","properties":{"id":"538816752","nom":"Calle 48Q Sur","tipo":"residential"},"geometry":{"type":"LineString","coordinates":[[-74.11297,4.55432],[-74.11293,4.55433],[-74.1129,4.55433],[-74.11282,4.55432],[-74.11276,4.55431],[-74.11272,4.55428]]}},{"type":"Feature","properties":{"id":"538816765","nom":"Calle 49C Sur","tipo":"residential"},"geometry":{"type":"LineString","coordinates":[[-74.11608,4.55275],[-74.11605,4.55269],[-74.11593,4.55241]]}},{"type":"Feature","properties":{"id":"538816766","nom":"Calle 49D Sur","tipo":"residential"},"geometry":{"type":"LineString","coordinates":[[-74.11662,4.55249],[-74.11659,4.55244],[-74.11646,4.5522],[-74.1164,4.55211],[-74.11627,4.55193],[-74.11624,4.55188],[-74.11609,4.55167],[-74.11604,4.55161],[-74.1159,4.55142],[-74.11587,4.55138],[-74.11571,4.55118],[-74.11568,4.55115],[-74.11553,4.55095],[-74.1155,4.55092],[-74.11535,4.55071],[-74.11532,4.55066],[-74.11516,4.55045],[-74.11467,4.54982]]}},{"type":"Feature","properties":{"id":"538816767","nom":"Diagonal 48D Sur","tipo":"residential"},"geometry":{"type":"LineString","coordinates":[[-74.11409,4.55246],[-74.11432,4.55245],[-74.11444,4.55245],[-74.11493,4.55245],[-74.11544,4.55242],[-74.11593,4.55241],[-74.11599,4.55241],[-74.11622,4.55233],[-74.11646,4.5522]]}},{"type":"Feature","properties":{"id":"538818710","nom":"Carrera 5R","tipo":"secondary"},"geometry":{"type":"LineString","coordinates":[[-74.11928,4.55311],[-74.1193,4.55313],[-74.11932,4.55313],[-74.11936,4.55314],[-74.1194,4.55315],[-74.11944,4.55314],[-74.11951,4.55313],[-74.11958,4.55313],[-74.11963,4.55313],[-74.11971,4.55315],[-74.11979,4.55319],[-74.11985,4.55323],[-74.1199,4.55327],[-74.11994,4.55332],[-74.11997,4.55337]]}},{"type":"Feature","properties":{"id":"538831373","nom":"Carrera 9","tipo":"tertiary"},"geometry":{"type":"LineString","coordinates":[[-74.12214,4.5578],[-74.1221,4.55784],[-74.12208,4.55787],[-74.12205,4.55788],[-74.12202,4.5579],[-74.12198,4.5579],[-74.12185,4.55791],[-74.12176,4.55791],[-74.12154,4.55791]]}},{"type":"Feature","properties":{"id":"538831374","nom":"Avenida Calle 51 Sur","tipo":"primary"},"geometry":{"type":"LineString","coordinates":[[-74.12268,4.55852],[-74.12292,4.55881],[-74.12307,4.55899],[-74.12318,4.55913],[-74.12325,4.55923],[-74.12327,4.55926],[-74.1233,4.55931],[-74.12335,4.5594],[-74.12339,4.55948],[-74.12354,4.55978],[-74.12365,4.56001],[-74.12392,4.56057],[-74.12405,4.56083],[-74.12406,4.56087],[-74.12418,4.56111],[-74.12424,4.56123],[-74.12452,4.56179],[-74.12458,4.56191],[-74.12469,4.56212],[-74.12471,4.56218],[-74.12475,4.56227],[-74.12478,4.56236],[-74.1248,4.56248],[-74.12482,4.5626],[-74.12483,4.56276],[-74.12482,4.56315],[-74.12482,4.56318],[-74.12482,4.56327],[-74.12484,4.56343],[-74.12486,4.56354],[-74.12489,4.56363],[-74.12492,4.56372],[-74.12496,4.56381]]}},{"type":"Feature","properties":{"id":"538837047","nom":"Carrera 12A","tipo":"residential"},"geometry":{"type":"LineString","coordinates":[[-74.12395,4.56105],[-74.12401,4.56106],[-74.12407,4.56107],[-74.12413,4.56109],[-74.12418,4.56111]]}},{"type":"Feature","properties":{"id":"538837048","nom":"Carrera 12B","tipo":"residential"},"geometry":{"type":"LineString","coordinates":[[-74.12424,4.56123],[-74.12425,4.56128],[-74.12428,4.56138],[-74.12428,4.5614],[-74.12429,4.56145],[-74.12429,4.5615],[-74.12429,4.56155],[-74.12427,4.56159],[-74.12425,4.56163]]}},{"type":"Feature","properties":{"id":"539027445","nom":"Diagonal 45 Sur","tipo":"residential"},"geometry":{"type":"LineString","coordinates":[[-74.1108,4.5617],[-74.1112,4.5617],[-74.11152,4.56169]]}},{"type":"Feature","properties":{"id":"539041324","nom":"Calle 35B Sur","tipo":"residential"},"geometry":{"type":"LineString","coordinates":[[-74.10366,4.56558],[-74.10376,4.56569]]}},{"type":"Feature","properties":{"id":"539041329","nom":"Calle 37 Sur","tipo":"residential"},"geometry":{"type":"LineString","coordinates":[[-74.10561,4.56501],[-74.1058,4.56507],[-74.10587,4.5651],[-74.1059,4.56512],[-74.10593,4.56513],[-74.10596,4.56515],[-74.106,4.56519],[-74.10603,4.56522],[-74.10605,4.56524],[-74.10608,4.56527],[-74.10613,4.56529],[-74.10634,4.56537],[-74.1065,4.56542],[-74.10659,4.56544],[-74.10665,4.56546],[-74.10669,4.56546],[-74.10674,4.56546],[-74.10688,4.56544],[-74.10717,4.56541],[-74.10758,4.5653],[-74.10775,4.56526]]}},{"type":"Feature","properties":{"id":"539041330","nom":"Calle 37 Bis Sur","tipo":"residential"},"geometry":{"type":"LineString","coordinates":[[-74.1067,4.5652],[-74.10672,4.56521],[-74.10675,4.56522],[-74.10677,4.56524],[-74.10681,4.56526],[-74.10686,4.56527],[-74.10694,4.56529],[-74.10703,4.56533],[-74.1071,4.56535],[-74.10714,4.56539],[-74.10717,4.56541]]}},{"type":"Feature","properties":{"id":"539103746","nom":"Calle 42A Sur","tipo":"residential"},"geometry":{"type":"LineString","coordinates":[[-74.12249,4.57526],[-74.1225,4.57528],[-74.1226,4.57562],[-74.12257,4.57567]]}},{"type":"Feature","properties":{"id":"539286415","nom":"Carrera 22A Bis","tipo":"residential"},"geometry":{"type":"LineString","coordinates":[[-74.10943,4.5839],[-74.10951,4.58386],[-74.10986,4.58366],[-74.1099,4.58374]]}},{"type":"Feature","properties":{"id":"539468784","nom":"Avenida Calle 44 Sur","tipo":"secondary"},"geometry":{"type":"LineString","coordinates":[[-74.12852,4.58685],[-74.12859,4.58667]]}},{"type":"Feature","properties":{"id":"539479096","nom":"Calle 25A Sur","tipo":"residential"},"geometry":{"type":"LineString","coordinates":[[-74.10931,4.58614],[-74.10887,4.58558],[-74.10844,4.58503],[-74.10829,4.5848],[-74.10828,4.58467]]}},{"type":"Feature","properties":{"id":"539518424","nom":"Diagonal 13 Bis Sur","tipo":"tertiary"},"geometry":{"type":"LineString","coordinates":[[-74.09974,4.58941],[-74.09981,4.58938],[-74.09985,4.58937],[-74.1,4.58936],[-74.10002,4.58935],[-74.10018,4.58934],[-74.10032,4.58933],[-74.10045,4.58933],[-74.10059,4.58934],[-74.10064,4.58935],[-74.10072,4.58936],[-74.10084,4.58938],[-74.10142,4.5895],[-74.10185,4.58959],[-74.10194,4.5896],[-74.10201,4.58961],[-74.10215,4.5896],[-74.10258,4.5896],[-74.10307,4.58959],[-74.10312,4.58959],[-74.10316,4.58959],[-74.10354,4.58958],[-74.10399,4.58958]]}},{"type":"Feature","properties":{"id":"539744931","nom":"Carrera 2A Este","tipo":"residential"},"geometry":{"type":"LineString","coordinates":[[-74.09587,4.54964],[-74.09599,4.5492],[-74.096,4.54911],[-74.09599,4.54908],[-74.09597,4.54903]]}},{"type":"Feature","properties":{"id":"540442083","nom":"Calle 10A Sur","tipo":"residential"},"geometry":{"type":"LineString","coordinates":[[-74.09704,4.58865],[-74.09684,4.58849],[-74.09622,4.58798],[-74.0959,4.58772],[-74.09553,4.58741],[-74.09523,4.58717],[-74.09489,4.58689],[-74.09446,4.58653]]}},{"type":"Feature","properties":{"id":"540449241","nom":"Calle 17A Sur","tipo":"tertiary"},"geometry":{"type":"LineString","coordinates":[[-74.10477,4.58926],[-74.10473,4.58922],[-74.10455,4.58903],[-74.10454,4.58902],[-74.10452,4.58902],[-74.10451,4.58902]]}},{"type":"Feature","properties":{"id":"540458834","nom":"Calle 16A Sur","tipo":"tertiary"},"geometry":{"type":"LineString","coordinates":[[-74.10399,4.58958],[-74.10415,4.58977],[-74.10418,4.5898],[-74.10434,4.58997],[-74.10436,4.58998],[-74.10439,4.58998],[-74.10441,4.58998],[-74.10444,4.58997]]}},{"type":"Feature","properties":{"id":"540458839","nom":"Carrera 24F Bis","tipo":"tertiary"},"geometry":{"type":"LineString","coordinates":[[-74.10399,4.58947],[-74.10398,4.58951],[-74.10397,4.58954],[-74.10398,4.58956],[-74.10399,4.58958]]}},{"type":"Feature","properties":{"id":"540484775","nom":"Carrera 8A","tipo":"tertiary"},"geometry":{"type":"LineString","coordinates":[[-74.09648,4.57067],[-74.09664,4.57061],[-74.09683,4.57056],[-74.09697,4.57052],[-74.0973,4.57042],[-74.09734,4.57041],[-74.09741,4.57037],[-74.09747,4.57033],[-74.09811,4.56977]]}},{"type":"Feature","properties":{"id":"540520806","nom":"Calle 36A Sur","tipo":"residential"},"geometry":{"type":"LineString","coordinates":[[-74.10426,4.56497],[-74.10408,4.56478],[-74.10388,4.56459],[-74.10385,4.56456],[-74.10365,4.56438],[-74.10317,4.56395],[-74.10274,4.56356]]}},{"type":"Feature","properties":{"id":"540520807","nom":"Carrera 10","tipo":"residential"},"geometry":{"type":"LineString","coordinates":[[-74.10366,4.56558],[-74.10393,4.56529],[-74.10395,4.56526],[-74.10426,4.56497]]}},{"type":"Feature","properties":{"id":"540739060","nom":"Calle 42A Bis Sur","tipo":"residential"},"geometry":{"type":"LineString","coordinates":[[-74.09581,4.54873],[-74.09569,4.5487],[-74.09478,4.54851]]}},{"type":"Feature","properties":{"id":"540765244","nom":"Calle 18 Sur","tipo":"residential"},"geometry":{"type":"LineString","coordinates":[[-74.10553,4.58945],[-74.10553,4.58927]]}},{"type":"Feature","properties":{"id":"540803586","nom":"Carrera 9","tipo":"tertiary"},"geometry":{"type":"LineString","coordinates":[[-74.10252,4.56611],[-74.10246,4.56609],[-74.10241,4.56608],[-74.10236,4.56608],[-74.10232,4.56609],[-74.10228,4.56611],[-74.10199,4.56637],[-74.10185,4.5665],[-74.10183,4.56652]]}},{"type":"Feature","properties":{"id":"541088619","nom":"Carrera 12D","tipo":"residential"},"geometry":{"type":"LineString","coordinates":[[-74.12989,4.56036],[-74.13021,4.55998],[-74.13046,4.55966]]}},{"type":"Feature","properties":{"id":"541435736","nom":"Calle 48 Sur","tipo":"tertiary"},"geometry":{"type":"LineString","coordinates":[[-74.12997,4.57904],[-74.13032,4.57986],[-74.13034,4.57993],[-74.13036,4.57997],[-74.13037,4.58],[-74.13061,4.58098]]}},{"type":"Feature","properties":{"id":"548020096","nom":"Calle 48Z Sur","tipo":"residential"},"geometry":{"type":"LineString","coordinates":[[-74.10994,4.54749],[-74.10997,4.5475],[-74.11017,4.54762],[-74.1102,4.54764]]}},{"type":"Feature","properties":{"id":"548026062","nom":"Carrera 12D","tipo":"tertiary"},"geometry":{"type":"LineString","coordinates":[[-74.10407,4.57411],[-74.10422,4.57391],[-74.10436,4.57379],[-74.1049,4.57338],[-74.10524,4.57314],[-74.10562,4.57289],[-74.10562,4.57288],[-74.10568,4.57284]]}},{"type":"Feature","properties":{"id":"548026063","nom":"Diagonal 35 Sur","tipo":"residential"},"geometry":{"type":"LineString","coordinates":[[-74.10558,4.56691],[-74.10551,4.56692],[-74.10542,4.56692],[-74.10525,4.56692],[-74.1049,4.56691],[-74.10454,4.56691]]}},{"type":"Feature","properties":{"id":"562364000","nom":"Avenida Carrera 14","tipo":"primary"},"geometry":{"type":"LineString","coordinates":[[-74.09572,4.58515],[-74.0959,4.58507]]}},{"type":"Feature","properties":{"id":"562364017","nom":"Avenida Carrera 14","tipo":"primary"},"geometry":{"type":"LineString","coordinates":[[-74.09574,4.58488],[-74.09556,4.58497]]}},{"type":"Feature","properties":{"id":"562364022","nom":"Avenida Carrera 14","tipo":"primary"},"geometry":{"type":"LineString","coordinates":[[-74.09556,4.58497],[-74.09548,4.58501],[-74.09537,4.58506],[-74.09522,4.58514],[-74.09499,4.58528],[-74.09477,4.58542],[-74.09469,4.58547],[-74.09457,4.58554],[-74.0945,4.5856]]}},{"type":"Feature","properties":{"id":"563889483","nom":"Calle 33 Sur","tipo":"residential"},"geometry":{"type":"LineString","coordinates":[[-74.11478,4.57569],[-74.11489,4.57614]]}},{"type":"Feature","properties":{"id":"563889498","nom":"Calle 46 Sur","tipo":"tertiary"},"geometry":{"type":"LineString","coordinates":[[-74.1255,4.5719],[-74.1252,4.57085],[-74.12509,4.57046],[-74.12506,4.57034]]}},{"type":"Feature","properties":{"id":"563889499","nom":"Diagonal 45A Sur","tipo":"residential"},"geometry":{"type":"LineString","coordinates":[[-74.12553,4.5721],[-74.12548,4.57212],[-74.12485,4.57237],[-74.12458,4.57247],[-74.1245,4.57248],[-74.12438,4.57247],[-74.12432,4.57245]]}},{"type":"Feature","properties":{"id":"563889500","nom":"Carrera 20","tipo":"residential"},"geometry":{"type":"LineString","coordinates":[[-74.12434,4.57499],[-74.12422,4.57514],[-74.12414,4.57524],[-74.124,4.57538],[-74.12392,4.57545],[-74.12389,4.57547],[-74.12387,4.57549],[-74.12384,4.57552],[-74.12381,4.57554],[-74.12379,4.57556],[-74.12374,4.57559],[-74.12362,4.57566],[-74.12348,4.57573],[-74.12336,4.57578],[-74.12194,4.57614]]}},{"type":"Feature","properties":{"id":"563892725","nom":"Carrera 11A","tipo":"residential"},"geometry":{"type":"LineString","coordinates":[[-74.12364,4.55946],[-74.1237,4.55942],[-74.12405,4.5592],[-74.12469,4.55879]]}},{"type":"Feature","properties":{"id":"563892726","nom":"Carrera 11A","tipo":"tertiary"},"geometry":{"type":"LineString","coordinates":[[-74.12508,4.55853],[-74.12469,4.55879]]}},{"type":"Feature","properties":{"id":"563892727","nom":"Carrera 9","tipo":"tertiary"},"geometry":{"type":"LineString","coordinates":[[-74.12285,4.5573],[-74.12261,4.55745],[-74.12239,4.55759],[-74.12236,4.55761],[-74.12231,4.55765]]}},{"type":"Feature","properties":{"id":"563900485","nom":"Calle 52 Sur","tipo":"residential"},"geometry":{"type":"LineString","coordinates":[[-74.1219,4.55578],[-74.1221,4.5561],[-74.12213,4.55615],[-74.12236,4.55654],[-74.1226,4.55691]]}},{"type":"Feature","properties":{"id":"563900491","nom":"Avenida Calle 51 Sur","tipo":"primary"},"geometry":{"type":"LineString","coordinates":[[-74.12149,4.55533],[-74.12148,4.55506]]}},{"type":"Feature","properties":{"id":"563911758","nom":"Calle 51 Sur","tipo":"residential"},"geometry":{"type":"LineString","coordinates":[[-74.12968,4.57001],[-74.12977,4.5703],[-74.12978,4.57034]]}},{"type":"Feature","properties":{"id":"567212798","nom":"Carrera 5 Bis","tipo":"residential"},"geometry":{"type":"LineString","coordinates":[[-74.10904,4.54983],[-74.1096,4.54906]]}},{"type":"Feature","properties":{"id":"567212802","nom":"Carrera 5A Bis","tipo":"residential"},"geometry":{"type":"LineString","coordinates":[[-74.1097,4.55032],[-74.11024,4.54951]]}},{"type":"Feature","properties":{"id":"567215366","nom":"Carrera 1C","tipo":"residential"},"geometry":{"type":"LineString","coordinates":[[-74.10626,4.54529],[-74.10656,4.54483],[-74.10676,4.54452]]}},{"type":"Feature","properties":{"id":"567215368","nom":"Carrera 1D","tipo":"residential"},"geometry":{"type":"LineString","coordinates":[[-74.10735,4.54415],[-74.1073,4.54422],[-74.10696,4.54475],[-74.10662,4.54527],[-74.10657,4.54535]]}},{"type":"Feature","properties":{"id":"576544227","nom":"Carrera 9","tipo":"tertiary"},"geometry":{"type":"LineString","coordinates":[[-74.12052,4.55794],[-74.11991,4.558],[-74.11963,4.55802],[-74.1196,4.55803],[-74.11931,4.55806],[-74.11914,4.55808],[-74.11902,4.5581],[-74.11894,4.55812],[-74.11887,4.55813],[-74.11878,4.55814],[-74.11871,4.55815],[-74.11848,4.55816],[-74.11843,4.55815],[-74.11837,4.55813]]}},{"type":"Feature","properties":{"id":"576544228","nom":"Carrera 5U","tipo":"tertiary"},"geometry":{"type":"LineString","coordinates":[[-74.11829,4.55441],[-74.11752,4.55479]]}},{"type":"Feature","properties":{"id":"576544229","nom":"Carrera 6","tipo":"tertiary"},"geometry":{"type":"LineString","coordinates":[[-74.11945,4.55605],[-74.11948,4.55605],[-74.12001,4.5558]]}},{"type":"Feature","properties":{"id":"585213753","nom":"Carrera 14B","tipo":"residential"},"geometry":{"type":"LineString","coordinates":[[-74.09588,4.58651],[-74.09591,4.58647],[-74.09594,4.58642],[-74.09609,4.58618]]}},{"type":"Feature","properties":{"id":"585219462","nom":"Calle 31B Sur","tipo":"residential"},"geometry":{"type":"LineString","coordinates":[[-74.11409,4.58324],[-74.1141,4.58328],[-74.1141,4.58328],[-74.11411,4.5833],[-74.11441,4.58377],[-74.11467,4.58417],[-74.11525,4.5851],[-74.1158,4.58595],[-74.11619,4.58657],[-74.11635,4.58682],[-74.11686,4.58763],[-74.117,4.58785]]}},{"type":"Feature","properties":{"id":"585492468","nom":"Carrera 12F Bis","tipo":"residential"},"geometry":{"type":"LineString","coordinates":[[-74.10397,4.57559],[-74.10433,4.57514],[-74.1046,4.57481]]}},{"type":"Feature","properties":{"id":"585492469","nom":"Calle 43A Sur","tipo":"residential"},"geometry":{"type":"LineString","coordinates":[[-74.11447,4.56637],[-74.11393,4.56602],[-74.1137,4.56587],[-74.11346,4.56571],[-74.11323,4.56555],[-74.11308,4.56545],[-74.113,4.5654],[-74.1126,4.56515],[-74.11248,4.56509],[-74.11237,4.56502],[-74.11234,4.565],[-74.11232,4.565],[-74.11227,4.56497],[-74.11125,4.56435]]}},{"type":"Feature","properties":{"id":"585493905","nom":"Carrera 13B","tipo":"residential"},"geometry":{"type":"LineString","coordinates":[[-74.12477,4.56515],[-74.12505,4.56499],[-74.12531,4.56484],[-74.12546,4.56476],[-74.12549,4.56474]]}},{"type":"Feature","properties":{"id":"585496501","nom":"Carrera 9A","tipo":"residential"},"geometry":{"type":"LineString","coordinates":[[-74.12512,4.55639],[-74.12509,4.55641]]}},{"type":"Feature","properties":{"id":"585499141","nom":"Calle 48K Bis Sur","tipo":"residential"},"geometry":{"type":"LineString","coordinates":[[-74.10818,4.55481],[-74.10779,4.55476],[-74.10744,4.55472],[-74.10717,4.55469],[-74.10656,4.55462],[-74.10651,4.55461],[-74.10638,4.55459],[-74.10601,4.55455],[-74.10568,4.55451],[-74.10531,4.55447]]}},{"type":"Feature","properties":{"id":"585501726","nom":"Calle 32 Bis Sur","tipo":"tertiary"},"geometry":{"type":"LineString","coordinates":[[-74.09667,4.56201],[-74.09665,4.56198],[-74.09646,4.56165]]}},{"type":"Feature","properties":{"id":"585501727","nom":"Calle 32 Sur","tipo":"tertiary"},"geometry":{"type":"LineString","coordinates":[[-74.09754,4.56372],[-74.09737,4.56343],[-74.09732,4.56335],[-74.09726,4.56327],[-74.09723,4.56325],[-74.09713,4.56311],[-74.09701,4.56297],[-74.09689,4.56284],[-74.09681,4.56274],[-74.09675,4.56267],[-74.09674,4.56266],[-74.0967,4.56261],[-74.09667,4.56256],[-74.09663,4.56249],[-74.09659,4.56242],[-74.09657,4.56235]]}},{"type":"Feature","properties":{"id":"585509171","nom":"Carrera 3B","tipo":"residential"},"geometry":{"type":"LineString","coordinates":[[-74.11014,4.54525],[-74.10956,4.54616],[-74.10938,4.54649]]}},{"type":"Feature","properties":{"id":"585510806","nom":"Carrera 1 Este","tipo":"residential"},"geometry":{"type":"LineString","coordinates":[[-74.10449,4.5459],[-74.10382,4.54602]]}},{"type":"Feature","properties":{"id":"585510808","nom":"Carrera 1","tipo":"tertiary"},"geometry":{"type":"LineString","coordinates":[[-74.1076,4.54396],[-74.10742,4.5441],[-74.10735,4.54415],[-74.10676,4.54452],[-74.10668,4.54457],[-74.10644,4.54472],[-74.1062,4.54487],[-74.10591,4.54505],[-74.10559,4.54525],[-74.10553,4.54529],[-74.10543,4.54535]]}},{"type":"Feature","properties":{"id":"620333994","nom":"Carrera 4C","tipo":"residential"},"geometry":{"type":"LineString","coordinates":[[-74.11452,4.54317],[-74.11434,4.54389],[-74.11421,4.54438],[-74.11419,4.54447],[-74.11406,4.54491],[-74.11405,4.54498],[-74.11405,4.54506]]}},{"type":"Feature","properties":{"id":"627037480","nom":"Calle 41 Sur","tipo":"residential"},"geometry":{"type":"LineString","coordinates":[[-74.11904,4.57235],[-74.11856,4.57201],[-74.11842,4.5719]]}},{"type":"Feature","properties":{"id":"627037481","nom":"Calle 40F Sur","tipo":"residential"},"geometry":{"type":"LineString","coordinates":[[-74.11665,4.57178],[-74.11676,4.57159],[-74.11676,4.57151],[-74.11671,4.57137],[-74.11659,4.57117],[-74.11647,4.57106]]}},{"type":"Feature","properties":{"id":"628684857","nom":"Carrera 5A","tipo":"secondary"},"geometry":{"type":"LineString","coordinates":[[-74.09606,4.56737],[-74.09611,4.56731],[-74.09613,4.56727],[-74.09617,4.56724],[-74.09679,4.56669],[-74.09699,4.56652],[-74.09718,4.56635],[-74.09769,4.56591],[-74.09802,4.56562],[-74.09805,4.56559],[-74.09812,4.56553]]}},{"type":"Feature","properties":{"id":"628684862","nom":"Carrera 5","tipo":"secondary"},"geometry":{"type":"LineString","coordinates":[[-74.10806,4.55252],[-74.10802,4.55244],[-74.108,4.55236],[-74.10798,4.55226],[-74.10798,4.55217],[-74.10798,4.55206],[-74.10799,4.55201],[-74.10801,4.55195],[-74.10806,4.55181],[-74.10806,4.55179],[-74.10809,4.55172],[-74.10814,4.55154],[-74.10821,4.55135],[-74.10824,4.55125],[-74.10836,4.55087],[-74.10837,4.55082]]}},{"type":"Feature","properties":{"id":"628690801","nom":"Carrera 8A","tipo":"residential"},"geometry":{"type":"LineString","coordinates":[[-74.1221,4.55721],[-74.12216,4.55718],[-74.1226,4.55691]]}},{"type":"Feature","properties":{"id":"628690805","nom":"Calle 53 Sur","tipo":"residential"},"geometry":{"type":"LineString","coordinates":[[-74.12618,4.56143],[-74.1259,4.56081],[-74.12565,4.56029],[-74.12537,4.55976]]}},{"type":"Feature","properties":{"id":"628921580","nom":"Calle 52C Sur","tipo":"residential"},"geometry":{"type":"LineString","coordinates":[[-74.11742,4.54425],[-74.1176,4.54465],[-74.11764,4.54475],[-74.11788,4.54517],[-74.11807,4.54545]]}},{"type":"Feature","properties":{"id":"628921581","nom":"Carrera 5B Bis","tipo":"residential"},"geometry":{"type":"LineString","coordinates":[[-74.11619,4.54537],[-74.11683,4.54507],[-74.1171,4.54497],[-74.11739,4.54486],[-74.11764,4.54475],[-74.11776,4.54469]]}},{"type":"Feature","properties":{"id":"628921583","nom":"Carrera 4D Bis","tipo":"residential"},"geometry":{"type":"LineString","coordinates":[[-74.11468,4.54502],[-74.11476,4.5445],[-74.11505,4.54327]]}},{"type":"Feature","properties":{"id":"628923032","nom":"Diagonal 50F Bis S","tipo":"residential"},"geometry":{"type":"LineString","coordinates":[[-74.11476,4.54624],[-74.11483,4.54626],[-74.1149,4.54628],[-74.11522,4.54636],[-74.11526,4.54637]]}},{"type":"Feature","properties":{"id":"639476908","nom":"Avenida Calle 51 Sur","tipo":"primary"},"geometry":{"type":"LineString","coordinates":[[-74.12515,4.56415],[-74.12519,4.56422],[-74.12533,4.56446],[-74.12549,4.56474],[-74.12576,4.56517],[-74.12591,4.56541],[-74.12606,4.56564],[-74.12613,4.56575],[-74.12616,4.56579],[-74.12622,4.56588],[-74.12627,4.56598],[-74.12633,4.56608],[-74.12637,4.56619],[-74.1264,4.56628],[-74.12642,4.56637],[-74.12644,4.56645],[-74.12646,4.56653],[-74.12647,4.5666],[-74.12648,4.56669],[-74.12648,4.56677],[-74.12648,4.56683]]}},{"type":"Feature","properties":{"id":"639477495","nom":"Diagonal 51B Sur","tipo":"tertiary"},"geometry":{"type":"LineString","coordinates":[[-74.12669,4.5668],[-74.12663,4.5668],[-74.12654,4.56681],[-74.12651,4.56682],[-74.12648,4.56683]]}},{"type":"Feature","properties":{"id":"640099824","nom":"Calle 27 Sur","tipo":"secondary"},"geometry":{"type":"LineString","coordinates":[[-74.09805,4.57213],[-74.09796,4.57207]]}},{"type":"Feature","properties":{"id":"640099825","nom":"Calle 27 Sur","tipo":"secondary"},"geometry":{"type":"LineString","coordinates":[[-74.10087,4.57441],[-74.10099,4.57451],[-74.10116,4.57464]]}},{"type":"Feature","properties":{"id":"641331706","nom":"Carrera 19 Bis","tipo":"residential"},"geometry":{"type":"LineString","coordinates":[[-74.12732,4.5711],[-74.12768,4.57042],[-74.12771,4.57036]]}},{"type":"Feature","properties":{"id":"642708393","nom":"Calle 31 Bis Sur","tipo":"residential"},"geometry":{"type":"LineString","coordinates":[[-74.1125,4.58097],[-74.11243,4.58082],[-74.11242,4.5808],[-74.11239,4.58078],[-74.11235,4.58077],[-74.11232,4.58078],[-74.11228,4.58079],[-74.11226,4.5808],[-74.11223,4.58084],[-74.11221,4.58087],[-74.11219,4.58091]]}},{"type":"Feature","properties":{"id":"642708425","nom":"Calle 31D Sur","tipo":"residential"},"geometry":{"type":"LineString","coordinates":[[-74.1146,4.58192],[-74.11454,4.58176],[-74.11434,4.58121],[-74.11432,4.58117],[-74.1142,4.58111],[-74.11403,4.58067],[-74.11397,4.58053],[-74.1139,4.58035]]}},{"type":"Feature","properties":{"id":"642708442","nom":"Carrera 18","tipo":"residential"},"geometry":{"type":"LineString","coordinates":[[-74.1137,4.5773],[-74.11287,4.57766]]}},{"type":"Feature","properties":{"id":"645006497","nom":"Calle 48R Sur","tipo":"secondary"},"geometry":{"type":"LineString","coordinates":[[-74.10551,4.54849],[-74.10533,4.5484],[-74.10527,4.54836]]}},{"type":"Feature","properties":{"id":"645451409","nom":"Calle 25 Sur","tipo":"residential"},"geometry":{"type":"LineString","coordinates":[[-74.09621,4.5725],[-74.0966,4.57284]]}},{"type":"Feature","properties":{"id":"645451410","nom":"Calle 25 Sur","tipo":"residential"},"geometry":{"type":"LineString","coordinates":[[-74.0966,4.57284],[-74.09679,4.57307],[-74.0968,4.57308],[-74.09681,4.57311],[-74.09683,4.57319]]}},{"type":"Feature","properties":{"id":"649265078","nom":"Calle 49A Sur","tipo":"tertiary"},"geometry":{"type":"LineString","coordinates":[[-74.11154,4.54631],[-74.11179,4.54683],[-74.11183,4.54691],[-74.11187,4.54699],[-74.11193,4.54706],[-74.11196,4.54711]]}},{"type":"Feature","properties":{"id":"655270829","nom":"Carrera 26B Bis","tipo":"residential"},"geometry":{"type":"LineString","coordinates":[[-74.11431,4.58684],[-74.11469,4.58679]]}},{"type":"Feature","properties":{"id":"657074860","nom":"Carrera 20","tipo":"residential"},"geometry":{"type":"LineString","coordinates":[[-74.11422,4.57874],[-74.11365,4.57897]]}},{"type":"Feature","properties":{"id":"657074873","nom":"Transversal 13F Bis","tipo":"residential"},"geometry":{"type":"LineString","coordinates":[[-74.11984,4.57178],[-74.11992,4.5722]]}},{"type":"Feature","properties":{"id":"683611593","nom":"Carrera 26C Bis","tipo":"residential"},"geometry":{"type":"LineString","coordinates":[[-74.11619,4.58657],[-74.11638,4.58645]]}},{"type":"Feature","properties":{"id":"683611631","nom":"Carrera 20A","tipo":"residential"},"geometry":{"type":"LineString","coordinates":[[-74.11471,4.57874],[-74.11428,4.5789]]}},{"type":"Feature","properties":{"id":"683611637","nom":"Calle 39 Sur","tipo":"residential"},"geometry":{"type":"LineString","coordinates":[[-74.12077,4.58129],[-74.121,4.58199]]}},{"type":"Feature","properties":{"id":"683611649","nom":"Carrera 23A","tipo":"residential"},"geometry":{"type":"LineString","coordinates":[[-74.11294,4.58202],[-74.11275,4.58211]]}},{"type":"Feature","properties":{"id":"683613657","nom":"Diagonal 48J Sur","tipo":"residential"},"geometry":{"type":"LineString","coordinates":[[-74.10548,4.55696],[-74.10587,4.55694],[-74.106,4.55693],[-74.1062,4.55692],[-74.10654,4.55691],[-74.10679,4.55689],[-74.10689,4.55688]]}},{"type":"Feature","properties":{"id":"683613669","nom":"Diagonal 48D Sur","tipo":"residential"},"geometry":{"type":"LineString","coordinates":[[-74.10841,4.55826],[-74.10923,4.55827],[-74.10947,4.55828]]}},{"type":"Feature","properties":{"id":"686498354","nom":"Calle 28B Sur","tipo":"residential"},"geometry":{"type":"LineString","coordinates":[[-74.10836,4.57842],[-74.10831,4.57839],[-74.10799,4.57814]]}},{"type":"Feature","properties":{"id":"691825101","nom":"","tipo":"secondary_link"},"geometry":{"type":"LineString","coordinates":[[-74.12363,4.58925],[-74.12361,4.58921],[-74.1236,4.58916],[-74.12359,4.58913],[-74.12359,4.58909],[-74.12359,4.58904],[-74.12361,4.58898],[-74.12364,4.58893],[-74.1237,4.58889],[-74.12375,4.58886],[-74.12403,4.58876],[-74.12436,4.58864],[-74.1245,4.58858],[-74.12461,4.58853],[-74.12492,4.58837]]}},{"type":"Feature","properties":{"id":"691825103","nom":"Avenida Carrera 34","tipo":"secondary"},"geometry":{"type":"LineString","coordinates":[[-74.12226,4.58972],[-74.12259,4.58977],[-74.12278,4.5898],[-74.12282,4.58981],[-74.12293,4.58982],[-74.12356,4.58993],[-74.12389,4.58998],[-74.12426,4.59003]]}},{"type":"Feature","properties":{"id":"691825115","nom":"Avenida Carrera 50","tipo":"secondary"},"geometry":{"type":"LineString","coordinates":[[-74.12736,4.59204],[-74.12737,4.59194],[-74.12739,4.59188],[-74.12741,4.59182],[-74.12744,4.59177],[-74.12798,4.59109],[-74.12807,4.59097],[-74.12809,4.59095],[-74.12813,4.59088],[-74.12819,4.59078],[-74.12823,4.59067],[-74.12827,4.59055],[-74.12829,4.59046],[-74.12831,4.59036],[-74.12832,4.59025],[-74.12836,4.58964],[-74.12843,4.58819],[-74.12843,4.58816],[-74.12849,4.58731],[-74.1285,4.58701],[-74.1285,4.58697],[-74.12852,4.58685]]}},{"type":"Feature","properties":{"id":"691835672","nom":"","tipo":"secondary_link"},"geometry":{"type":"LineString","coordinates":[[-74.12439,4.58976],[-74.12428,4.58974],[-74.12422,4.58974],[-74.12417,4.58974],[-74.12414,4.58976],[-74.12412,4.58979],[-74.1241,4.58983],[-74.1241,4.58985],[-74.1241,4.58989],[-74.12411,4.58992],[-74.12413,4.58995],[-74.12415,4.58997],[-74.12417,4.58999],[-74.12426,4.59003]]}},{"type":"Feature","properties":{"id":"691835674","nom":"","tipo":"secondary_link"},"geometry":{"type":"LineString","coordinates":[[-74.12327,4.58928],[-74.12341,4.58938],[-74.12348,4.58945],[-74.12357,4.58953],[-74.12367,4.58966],[-74.12376,4.58976],[-74.12381,4.58982],[-74.12384,4.58984],[-74.12387,4.58985],[-74.12392,4.58986],[-74.12396,4.58985],[-74.124,4.58982],[-74.12403,4.58979],[-74.12405,4.58974],[-74.12405,4.5897],[-74.12404,4.58965],[-74.12401,4.58959],[-74.12398,4.58954],[-74.12393,4.58946]]}},{"type":"Feature","properties":{"id":"691835685","nom":"Avenida Calle 35D Sur","tipo":"secondary"},"geometry":{"type":"LineString","coordinates":[[-74.12232,4.58861],[-74.12226,4.58854],[-74.12206,4.58826],[-74.12199,4.58818],[-74.12191,4.58811],[-74.12189,4.5881],[-74.12179,4.58804],[-74.12168,4.58799],[-74.12158,4.58796],[-74.12145,4.58793]]}},{"type":"Feature","properties":{"id":"691835687","nom":"","tipo":"secondary_link"},"geometry":{"type":"LineString","coordinates":[[-74.12232,4.58861],[-74.1223,4.58849],[-74.1223,4.58844],[-74.12231,4.5884],[-74.12233,4.58833],[-74.12237,4.58823],[-74.12241,4.5881],[-74.12243,4.58805],[-74.12245,4.588],[-74.12246,4.58794],[-74.12247,4.58781],[-74.12246,4.58772],[-74.12244,4.58761]]}},{"type":"Feature","properties":{"id":"691835689","nom":"Diagonal 38A Sur","tipo":"tertiary"},"geometry":{"type":"LineString","coordinates":[[-74.12269,4.58734],[-74.1227,4.58731],[-74.12271,4.58728],[-74.12305,4.5863],[-74.12312,4.58614]]}},{"type":"Feature","properties":{"id":"691835692","nom":"Carrera 26G","tipo":"residential"},"geometry":{"type":"LineString","coordinates":[[-74.12214,4.58775],[-74.12111,4.58787],[-74.12029,4.58796],[-74.11946,4.58806]]}},{"type":"Feature","properties":{"id":"691835697","nom":"Carrera 32","tipo":"tertiary"},"geometry":{"type":"LineString","coordinates":[[-74.11977,4.58818],[-74.11971,4.58823],[-74.11967,4.58827],[-74.11962,4.58832],[-74.1195,4.58848],[-74.11937,4.58867],[-74.11935,4.58869],[-74.11932,4.58871],[-74.11928,4.58871],[-74.11923,4.5887],[-74.11898,4.58866],[-74.11876,4.58863],[-74.11873,4.58862],[-74.11871,4.58859]]}},{"type":"Feature","properties":{"id":"691835699","nom":"Avenida Carrera 26G","tipo":"secondary"},"geometry":{"type":"LineString","coordinates":[[-74.1216,4.58804],[-74.1215,4.58802],[-74.12141,4.58802],[-74.12131,4.58802],[-74.12112,4.58805],[-74.12032,4.58815],[-74.1203,4.58815],[-74.12011,4.5882],[-74.12007,4.58821],[-74.12001,4.58825],[-74.11986,4.58834],[-74.11981,4.58838],[-74.11979,4.58839],[-74.11973,4.58844],[-74.11965,4.58854]]}},{"type":"Feature","properties":{"id":"691835701","nom":"Calle 35B Sur","tipo":"residential"},"geometry":{"type":"LineString","coordinates":[[-74.12033,4.58826],[-74.12034,4.58839],[-74.12038,4.58881],[-74.12041,4.58909],[-74.12042,4.5892],[-74.12042,4.58923]]}},{"type":"Feature","properties":{"id":"691835702","nom":"Carrera 26H","tipo":"residential"},"geometry":{"type":"LineString","coordinates":[[-74.11999,4.58883],[-74.11992,4.58893],[-74.11983,4.58902],[-74.11978,4.58904],[-74.11972,4.58905],[-74.11951,4.58902],[-74.11937,4.58899],[-74.11934,4.58897],[-74.11933,4.58892],[-74.11932,4.58871]]}},{"type":"Feature","properties":{"id":"691835704","nom":"Carrera 26G Bis","tipo":"residential"},"geometry":{"type":"LineString","coordinates":[[-74.11982,4.58843],[-74.12034,4.58839]]}},{"type":"Feature","properties":{"id":"691839124","nom":"Carrera 30","tipo":"residential"},"geometry":{"type":"LineString","coordinates":[[-74.11926,4.58991],[-74.11929,4.58987],[-74.11942,4.58979],[-74.11961,4.5897],[-74.11979,4.58963],[-74.11996,4.5896],[-74.12016,4.58958],[-74.12035,4.58958],[-74.12055,4.5896],[-74.12063,4.58962]]}},{"type":"Feature","properties":{"id":"691842309","nom":"Carrera 33","tipo":"residential"},"geometry":{"type":"LineString","coordinates":[[-74.12826,4.58725],[-74.12815,4.58716],[-74.12812,4.58716],[-74.12808,4.58716],[-74.12788,4.58725],[-74.1274,4.58747]]}},{"type":"Feature","properties":{"id":"691842316","nom":"Diagonal 41A Sur","tipo":"residential"},"geometry":{"type":"LineString","coordinates":[[-74.12701,4.58805],[-74.12722,4.58822],[-74.12737,4.58834],[-74.12739,4.58835],[-74.12748,4.58843],[-74.12772,4.58861],[-74.12773,4.58863],[-74.12776,4.58865]]}},{"type":"Feature","properties":{"id":"692618132","nom":"Calle 31 Sur","tipo":"tertiary"},"geometry":{"type":"LineString","coordinates":[[-74.11533,4.58854],[-74.11533,4.58866],[-74.11532,4.58908],[-74.1153,4.58916],[-74.11525,4.58926]]}},{"type":"Feature","properties":{"id":"692618133","nom":"Calle 31C Sur","tipo":"residential"},"geometry":{"type":"LineString","coordinates":[[-74.11621,4.5885],[-74.11612,4.58939]]}},{"type":"Feature","properties":{"id":"692619350","nom":"Diagonal 29A Bis Sur","tipo":"tertiary"},"geometry":{"type":"LineString","coordinates":[[-74.11525,4.58926],[-74.11474,4.58982],[-74.11458,4.59011],[-74.11453,4.59031],[-74.1145,4.59057]]}},{"type":"Feature","properties":{"id":"692619946","nom":"Calle 31 Sur","tipo":"tertiary"},"geometry":{"type":"LineString","coordinates":[[-74.11545,4.58935],[-74.11548,4.5893],[-74.1155,4.58923],[-74.11552,4.58915],[-74.11555,4.58868],[-74.11556,4.58852]]}},{"type":"Feature","properties":{"id":"692622164","nom":"Calle 32 Sur","tipo":"residential"},"geometry":{"type":"LineString","coordinates":[[-74.11649,4.59133],[-74.11653,4.59128],[-74.11661,4.59116],[-74.11684,4.59078],[-74.11701,4.59036],[-74.11711,4.58999],[-74.11721,4.58946],[-74.11727,4.58896],[-74.1173,4.58876],[-74.1173,4.58874],[-74.1173,4.58869]]}},{"type":"Feature","properties":{"id":"697660754","nom":"Avenida Calle 22 Sur","tipo":"primary"},"geometry":{"type":"LineString","coordinates":[[-74.10563,4.58518],[-74.1058,4.58539],[-74.10586,4.58548],[-74.10622,4.58592],[-74.10643,4.58618],[-74.10665,4.58647]]}},{"type":"Feature","properties":{"id":"697660757","nom":"Avenida Calle 22 Sur","tipo":"primary"},"geometry":{"type":"LineString","coordinates":[[-74.10505,4.58419],[-74.10462,4.58365],[-74.10439,4.58336]]}},{"type":"Feature","properties":{"id":"697662428","nom":"Carrera 24G","tipo":"residential"},"geometry":{"type":"LineString","coordinates":[[-74.10992,4.58475],[-74.10987,4.58478],[-74.1096,4.58499],[-74.10937,4.58518],[-74.10911,4.58538],[-74.10887,4.58558],[-74.10862,4.58578],[-74.10851,4.58587],[-74.1084,4.58595],[-74.10814,4.58616],[-74.10788,4.58637],[-74.10763,4.58656],[-74.1073,4.58683],[-74.10725,4.58687],[-74.10721,4.58691]]}},{"type":"Feature","properties":{"id":"697662938","nom":"","tipo":"secondary_link"},"geometry":{"type":"LineString","coordinates":[[-74.10553,4.58479],[-74.1055,4.58472],[-74.1055,4.58467],[-74.1055,4.58462],[-74.10551,4.58458],[-74.10552,4.58457],[-74.10555,4.58453],[-74.10558,4.58451],[-74.10563,4.58447]]}},{"type":"Feature","properties":{"id":"697672117","nom":"Avenida Carrera 24","tipo":"secondary"},"geometry":{"type":"LineString","coordinates":[[-74.11093,4.58428],[-74.11098,4.58427],[-74.11195,4.58395],[-74.11315,4.58356],[-74.11323,4.58354]]}},{"type":"Feature","properties":{"id":"697672120","nom":"Avenida Carrera 24","tipo":"secondary"},"geometry":{"type":"LineString","coordinates":[[-74.1132,4.58348],[-74.11314,4.5835],[-74.111,4.5842],[-74.11095,4.58421],[-74.1109,4.58423]]}},{"type":"Feature","properties":{"id":"697672121","nom":"Avenida Carrera 24","tipo":"secondary"},"geometry":{"type":"LineString","coordinates":[[-74.11328,4.58346],[-74.1132,4.58348]]}},{"type":"Feature","properties":{"id":"697672123","nom":"Avenida Carrera 24","tipo":"secondary"},"geometry":{"type":"LineString","coordinates":[[-74.11323,4.58354],[-74.1133,4.58351]]}},{"type":"Feature","properties":{"id":"697672124","nom":"Carrera 26B","tipo":"tertiary"},"geometry":{"type":"LineString","coordinates":[[-74.11173,4.58701],[-74.11177,4.58701],[-74.11279,4.58692],[-74.11291,4.58689],[-74.11303,4.58686]]}},{"type":"Feature","properties":{"id":"697672127","nom":"Carrera 26B Bis","tipo":"residential"},"geometry":{"type":"LineString","coordinates":[[-74.1139,4.58688],[-74.11351,4.58692]]}},{"type":"Feature","properties":{"id":"697672132","nom":"Calle 31 Sur","tipo":"residential"},"geometry":{"type":"LineString","coordinates":[[-74.11561,4.58839],[-74.11559,4.58831],[-74.11559,4.58827],[-74.11556,4.58817],[-74.11555,4.58812],[-74.11553,4.58807],[-74.11526,4.58752],[-74.11483,4.58658]]}},{"type":"Feature","properties":{"id":"699146120","nom":"Carrera 26","tipo":"residential"},"geometry":{"type":"LineString","coordinates":[[-74.11984,4.58401],[-74.11901,4.58409],[-74.11837,4.58417],[-74.11823,4.58416],[-74.11808,4.58416],[-74.11681,4.5843]]}},{"type":"Feature","properties":{"id":"699146121","nom":"Carrera 26F Bis","tipo":"residential"},"geometry":{"type":"LineString","coordinates":[[-74.11979,4.58772],[-74.11942,4.58775]]}},{"type":"Feature","properties":{"id":"699146122","nom":"Carrera 26F Bis","tipo":"residential"},"geometry":{"type":"LineString","coordinates":[[-74.12057,4.58746],[-74.12024,4.58749]]}},{"type":"Feature","properties":{"id":"699146123","nom":"Carrera 26D Bis","tipo":"residential"},"geometry":{"type":"LineString","coordinates":[[-74.11969,4.58687],[-74.11933,4.5869]]}},{"type":"Feature","properties":{"id":"699146126","nom":"Carrera 24B","tipo":"residential"},"geometry":{"type":"LineString","coordinates":[[-74.11919,4.58275],[-74.11887,4.58282],[-74.1181,4.583],[-74.11721,4.58333],[-74.11684,4.58347],[-74.11667,4.58353],[-74.1162,4.58371],[-74.11618,4.58371],[-74.11528,4.58397],[-74.11526,4.58398],[-74.11467,4.58417],[-74.11408,4.58438],[-74.11379,4.58447]]}},{"type":"Feature","properties":{"id":"699146127","nom":"Calle 35A Sur","tipo":"tertiary"},"geometry":{"type":"LineString","coordinates":[[-74.11873,4.58165],[-74.11874,4.58176],[-74.11881,4.58233],[-74.11882,4.5824],[-74.11887,4.58282],[-74.11893,4.58327],[-74.11901,4.58409],[-74.11904,4.58428],[-74.1191,4.58485],[-74.11914,4.58519],[-74.11921,4.58567]]}},{"type":"Feature","properties":{"id":"699146501","nom":"Carrera 26A","tipo":"residential"},"geometry":{"type":"LineString","coordinates":[[-74.12102,4.58414],[-74.12148,4.58407]]}},{"type":"Feature","properties":{"id":"699149516","nom":"Carrera 29","tipo":"residential"},"geometry":{"type":"LineString","coordinates":[[-74.12207,4.58643],[-74.12312,4.58614],[-74.12337,4.58608],[-74.12452,4.58576],[-74.12614,4.58534]]}},{"type":"Feature","properties":{"id":"699149520","nom":"Carrera 28","tipo":"residential"},"geometry":{"type":"LineString","coordinates":[[-74.12213,4.58556],[-74.12276,4.58538],[-74.12347,4.58518],[-74.12419,4.58498],[-74.12513,4.58471],[-74.12597,4.58446]]}},{"type":"Feature","properties":{"id":"699149533","nom":"Calle 42 Sur","tipo":"residential"},"geometry":{"type":"LineString","coordinates":[[-74.12471,4.58164],[-74.12479,4.58182],[-74.12503,4.58235],[-74.12528,4.58291],[-74.12545,4.58327],[-74.12559,4.5836],[-74.12561,4.58363]]}},{"type":"Feature","properties":{"id":"699149538","nom":"","tipo":"secondary_link"},"geometry":{"type":"LineString","coordinates":[[-74.12575,4.57923],[-74.1257,4.57922],[-74.12568,4.5792],[-74.12566,4.57919],[-74.12564,4.57915],[-74.12562,4.57911],[-74.12562,4.57907]]}},{"type":"Feature","properties":{"id":"699149932","nom":"Avenida Calle 44 Sur","tipo":"secondary"},"geometry":{"type":"LineString","coordinates":[[-74.12783,4.58489],[-74.1278,4.58482],[-74.12738,4.58382],[-74.12725,4.58352],[-74.12717,4.58331],[-74.12716,4.58328],[-74.12713,4.58322],[-74.127,4.58289],[-74.12686,4.58256]]}},{"type":"Feature","properties":{"id":"699149935","nom":"Carrera 24B","tipo":"residential"},"geometry":{"type":"LineString","coordinates":[[-74.12517,4.58035],[-74.12524,4.58033],[-74.12575,4.58018],[-74.12577,4.58018],[-74.12584,4.58016],[-74.12589,4.58014],[-74.12667,4.57992],[-74.12683,4.57987]]}},{"type":"Feature","properties":{"id":"699149936","nom":"Carrera 25A","tipo":"residential"},"geometry":{"type":"LineString","coordinates":[[-74.12092,4.5826],[-74.12223,4.58222],[-74.12299,4.58201],[-74.12463,4.58154],[-74.12466,4.58153],[-74.12477,4.5815],[-74.12487,4.58147],[-74.12558,4.58126],[-74.12614,4.5811],[-74.12616,4.5811],[-74.12623,4.58108]]}},{"type":"Feature","properties":{"id":"699150674","nom":"Carrera 27","tipo":"tertiary"},"geometry":{"type":"LineString","coordinates":[[-74.12786,4.58302],[-74.12805,4.58297],[-74.12848,4.58286],[-74.12945,4.58261],[-74.13003,4.58246]]}},{"type":"Feature","properties":{"id":"699150677","nom":"Transversal 26A Bis","tipo":"residential"},"geometry":{"type":"LineString","coordinates":[[-74.12754,4.58281],[-74.1273,4.5827],[-74.12705,4.58257],[-74.127,4.58256],[-74.12697,4.58255],[-74.12692,4.58255],[-74.12688,4.58256],[-74.12686,4.58256]]}},{"type":"Feature","properties":{"id":"699150678","nom":"","tipo":"tertiary_link"},"geometry":{"type":"LineString","coordinates":[[-74.12753,4.58311],[-74.12756,4.58304],[-74.12758,4.58299],[-74.12758,4.58295],[-74.12758,4.5829],[-74.12756,4.58286],[-74.12754,4.58281]]}},{"type":"Feature","properties":{"id":"699150679","nom":"Transversal 27 Bis","tipo":"residential"},"geometry":{"type":"LineString","coordinates":[[-74.12632,4.58344],[-74.12662,4.58359],[-74.1269,4.58373]]}},{"type":"Feature","properties":{"id":"699150681","nom":"Transversal 27 Bis","tipo":"residential"},"geometry":{"type":"LineString","coordinates":[[-74.12751,4.58356],[-74.1278,4.5831],[-74.12786,4.58302]]}},{"type":"Feature","properties":{"id":"699151397","nom":"Diagonal 43A Sur","tipo":"residential"},"geometry":{"type":"LineString","coordinates":[[-74.12832,4.58624],[-74.12819,4.58617],[-74.12785,4.586],[-74.12737,4.58578],[-74.12652,4.58539]]}},{"type":"Feature","properties":{"id":"699151400","nom":"Diagonal 41A Sur","tipo":"residential"},"geometry":{"type":"LineString","coordinates":[[-74.12628,4.5855],[-74.12618,4.58575],[-74.12601,4.58622]]}},{"type":"Feature","properties":{"id":"699151401","nom":"Calle 41 Bis A Sur","tipo":"residential"},"geometry":{"type":"LineString","coordinates":[[-74.12494,4.58429],[-74.12505,4.58467]]}},{"type":"Feature","properties":{"id":"699906762","nom":"Diagonal 46B Sur","tipo":"residential"},"geometry":{"type":"LineString","coordinates":[[-74.1289,4.5846],[-74.12955,4.58507],[-74.13019,4.58552]]}},{"type":"Feature","properties":{"id":"699906763","nom":"Calle 46 Sur","tipo":"residential"},"geometry":{"type":"LineString","coordinates":[[-74.12879,4.58452],[-74.12867,4.58374],[-74.12848,4.58286],[-74.12832,4.58196],[-74.12803,4.58056]]}},{"type":"Feature","properties":{"id":"699908675","nom":"Diagonal 45A Sur","tipo":"residential"},"geometry":{"type":"LineString","coordinates":[[-74.12803,4.58056],[-74.12788,4.58109],[-74.12769,4.5816],[-74.1273,4.5827]]}},{"type":"Feature","properties":{"id":"699908677","nom":"Carrera 24C","tipo":"residential"},"geometry":{"type":"LineString","coordinates":[[-74.12671,4.58039],[-74.12734,4.58021]]}},{"type":"Feature","properties":{"id":"699912778","nom":"Carrera 26","tipo":"residential"},"geometry":{"type":"LineString","coordinates":[[-74.12913,4.58134],[-74.12974,4.58118],[-74.13017,4.58109],[-74.13061,4.58098]]}},{"type":"Feature","properties":{"id":"699917540","nom":"","tipo":"secondary_link"},"geometry":{"type":"LineString","coordinates":[[-74.12907,4.57808],[-74.12912,4.57806],[-74.12917,4.57805],[-74.12921,4.57805],[-74.12923,4.57806],[-74.12925,4.57807],[-74.12928,4.5781],[-74.12931,4.57813],[-74.12934,4.57818]]}},{"type":"Feature","properties":{"id":"699917541","nom":"Transversal 24B","tipo":"tertiary"},"geometry":{"type":"LineString","coordinates":[[-74.12955,4.57887],[-74.12957,4.57888],[-74.1296,4.5789],[-74.1298,4.57898],[-74.12992,4.57903],[-74.12997,4.57904]]}},{"type":"Feature","properties":{"id":"699929486","nom":"Carrera 25","tipo":"tertiary"},"geometry":{"type":"LineString","coordinates":[[-74.13179,4.57967],[-74.13172,4.57969],[-74.13128,4.57982],[-74.13102,4.5799],[-74.13089,4.57994],[-74.13084,4.57995],[-74.13079,4.57995],[-74.13036,4.57997],[-74.12995,4.58001],[-74.12991,4.58001],[-74.12951,4.58005],[-74.12945,4.58006],[-74.12884,4.5801]]}},{"type":"Feature","properties":{"id":"700694828","nom":"Calle 51 Sur","tipo":"residential"},"geometry":{"type":"LineString","coordinates":[[-74.12995,4.57027],[-74.12991,4.57024],[-74.12968,4.57001]]}},{"type":"Feature","properties":{"id":"700694829","nom":"","tipo":"tertiary_link"},"geometry":{"type":"LineString","coordinates":[[-74.12856,4.57073],[-74.12865,4.57077],[-74.12874,4.57082],[-74.12882,4.57087],[-74.1289,4.57094],[-74.12894,4.57099],[-74.12897,4.57101],[-74.12906,4.57112]]}},{"type":"Feature","properties":{"id":"706257487","nom":"Calle 11 Sur","tipo":"tertiary"},"geometry":{"type":"LineString","coordinates":[[-74.09904,4.58946],[-74.09907,4.5895],[-74.09937,4.58992],[-74.0994,4.58996]]}},{"type":"Feature","properties":{"id":"706413994","nom":"Carrera 24H","tipo":"tertiary"},"geometry":{"type":"LineString","coordinates":[[-74.10467,4.58974],[-74.10487,4.58955],[-74.10492,4.5895],[-74.10493,4.58948],[-74.10494,4.58946]]}},{"type":"Feature","properties":{"id":"706437489","nom":"Diagonal 17C Sur","tipo":"residential"},"geometry":{"type":"LineString","coordinates":[[-74.10781,4.58951],[-74.10776,4.58946],[-74.10773,4.58943],[-74.10771,4.58942],[-74.10769,4.58941],[-74.10765,4.5894],[-74.10761,4.5894],[-74.10655,4.58942],[-74.10553,4.58945],[-74.10494,4.58946]]}},{"type":"Feature","properties":{"id":"706437492","nom":"Carrera 26","tipo":"residential"},"geometry":{"type":"LineString","coordinates":[[-74.10769,4.58949],[-74.10769,4.58947],[-74.1077,4.58944],[-74.10771,4.58942],[-74.10773,4.5894],[-74.10776,4.58937],[-74.10797,4.58917],[-74.10812,4.58903],[-74.10842,4.58875],[-74.10845,4.58872]]}},{"type":"Feature","properties":{"id":"706437497","nom":"Calle 19 Sur","tipo":"residential"},"geometry":{"type":"LineString","coordinates":[[-74.10822,4.58996],[-74.10819,4.58993],[-74.10781,4.58951]]}},{"type":"Feature","properties":{"id":"706441040","nom":"Carrera 5B Bis B","tipo":"residential"},"geometry":{"type":"LineString","coordinates":[[-74.11483,4.54626],[-74.11493,4.54626],[-74.11509,4.54624],[-74.11517,4.54623]]}},{"type":"Feature","properties":{"id":"707118334","nom":"Carrera 18","tipo":"residential"},"geometry":{"type":"LineString","coordinates":[[-74.09644,4.58881],[-74.09611,4.58923],[-74.09589,4.5895],[-74.09583,4.58957],[-74.09559,4.58986],[-74.09527,4.59025],[-74.09463,4.59103],[-74.09403,4.59176]]}},{"type":"Feature","properties":{"id":"707118336","nom":"Carrera 15A","tipo":"residential"},"geometry":{"type":"LineString","coordinates":[[-74.09318,4.59106],[-74.09378,4.59032],[-74.09442,4.58954],[-74.09469,4.58921],[-74.09497,4.58887],[-74.0956,4.58813]]}},{"type":"Feature","properties":{"id":"707126657","nom":"Carrera 20A","tipo":"residential"},"geometry":{"type":"LineString","coordinates":[[-74.09843,4.58958],[-74.09844,4.58964],[-74.09845,4.58972],[-74.09848,4.58989],[-74.09848,4.59001],[-74.09844,4.59017],[-74.09841,4.59026],[-74.09839,4.5903],[-74.09832,4.5904],[-74.09811,4.5907]]}},{"type":"Feature","properties":{"id":"707126661","nom":"Carrera 16","tipo":"secondary"},"geometry":{"type":"LineString","coordinates":[[-74.09665,4.58706],[-74.09676,4.5871],[-74.0968,4.58711],[-74.09683,4.58711],[-74.09685,4.58711],[-74.09687,4.5871],[-74.0969,4.58708],[-74.09694,4.58703]]}},{"type":"Feature","properties":{"id":"707126662","nom":"Transversal 18 Bis","tipo":"secondary"},"geometry":{"type":"LineString","coordinates":[[-74.09841,4.58664],[-74.09858,4.58663],[-74.09898,4.58663],[-74.09917,4.58663],[-74.09943,4.58662]]}},{"type":"Feature","properties":{"id":"707126663","nom":"Calle 10B Sur","tipo":"secondary"},"geometry":{"type":"LineString","coordinates":[[-74.09665,4.58706],[-74.09678,4.58714],[-74.09681,4.58716],[-74.09684,4.58718],[-74.09688,4.58721],[-74.09692,4.58724],[-74.09696,4.58729],[-74.097,4.58735]]}},{"type":"Feature","properties":{"id":"707126664","nom":"Avenida Calle 11 Sur","tipo":"secondary"},"geometry":{"type":"LineString","coordinates":[[-74.09618,4.58668],[-74.0961,4.58663],[-74.09604,4.5866],[-74.09588,4.58651],[-74.09541,4.58624],[-74.09483,4.58593],[-74.09476,4.5859],[-74.09473,4.58587],[-74.0947,4.58585],[-74.09467,4.58581],[-74.09463,4.58576]]}},{"type":"Feature","properties":{"id":"707126665","nom":"Calle 12A Sur","tipo":"residential"},"geometry":{"type":"LineString","coordinates":[[-74.09609,4.58618],[-74.09567,4.58591]]}},{"type":"Feature","properties":{"id":"707127236","nom":"","tipo":"secondary_link"},"geometry":{"type":"LineString","coordinates":[[-74.09813,4.58664],[-74.0981,4.58667],[-74.09809,4.58669],[-74.09808,4.58671],[-74.09807,4.58673],[-74.09807,4.58675],[-74.09807,4.58678],[-74.09808,4.58681]]}},{"type":"Feature","properties":{"id":"707127237","nom":"Transversal 18 Bis","tipo":"secondary"},"geometry":{"type":"LineString","coordinates":[[-74.09793,4.58665],[-74.09813,4.58664],[-74.09821,4.58664],[-74.09841,4.58664]]}},{"type":"Feature","properties":{"id":"707127241","nom":"","tipo":"secondary_link"},"geometry":{"type":"LineString","coordinates":[[-74.09828,4.5865],[-74.09827,4.58654],[-74.09826,4.58657],[-74.09825,4.58659],[-74.09824,4.5866],[-74.09821,4.58664]]}},{"type":"Feature","properties":{"id":"707127242","nom":"Calle 14 Sur","tipo":"residential"},"geometry":{"type":"LineString","coordinates":[[-74.09841,4.58664],[-74.09847,4.5867],[-74.09939,4.5877],[-74.09958,4.5879],[-74.09987,4.58821],[-74.10032,4.5887],[-74.10035,4.58873]]}},{"type":"Feature","properties":{"id":"707245392","nom":"Carrera 17","tipo":"residential"},"geometry":{"type":"LineString","coordinates":[[-74.09969,4.58541],[-74.09948,4.58561],[-74.09909,4.58599],[-74.0987,4.58635],[-74.09853,4.58652],[-74.09841,4.58664]]}},{"type":"Feature","properties":{"id":"707245396","nom":"Calle 16 Sur","tipo":"secondary"},"geometry":{"type":"LineString","coordinates":[[-74.09996,4.58611],[-74.09999,4.58615],[-74.10034,4.58652],[-74.10048,4.58667],[-74.10053,4.58673],[-74.1009,4.58711],[-74.10093,4.58715],[-74.10095,4.58717]]}},{"type":"Feature","properties":{"id":"707245397","nom":"Carrera 17","tipo":"residential"},"geometry":{"type":"LineString","coordinates":[[-74.10016,4.58496],[-74.10015,4.58497],[-74.09993,4.58518],[-74.09969,4.58541]]}},{"type":"Feature","properties":{"id":"707245398","nom":"Calle 17 Sur","tipo":"tertiary"},"geometry":{"type":"LineString","coordinates":[[-74.09875,4.5835],[-74.09877,4.58351],[-74.0988,4.58353],[-74.09882,4.58354],[-74.09889,4.58361],[-74.09943,4.58418],[-74.09946,4.58421]]}},{"type":"Feature","properties":{"id":"707245399","nom":"Calle 18 Sur","tipo":"residential"},"geometry":{"type":"LineString","coordinates":[[-74.10145,4.58494],[-74.10136,4.58484],[-74.10133,4.5848],[-74.1013,4.58478],[-74.10087,4.58432],[-74.10049,4.58391]]}},{"type":"Feature","properties":{"id":"707245400","nom":"Calle 18 Sur","tipo":"residential"},"geometry":{"type":"LineString","coordinates":[[-74.10049,4.58391],[-74.10035,4.58376],[-74.10019,4.5836],[-74.09966,4.58303],[-74.09962,4.58299]]}},{"type":"Feature","properties":{"id":"707245401","nom":"Carrera 16","tipo":"residential"},"geometry":{"type":"LineString","coordinates":[[-74.09946,4.58421],[-74.09948,4.58419],[-74.09955,4.58412],[-74.09982,4.5839],[-74.10001,4.58374],[-74.10019,4.5836],[-74.10041,4.58341],[-74.10051,4.58334],[-74.10061,4.58327],[-74.10072,4.58321],[-74.10085,4.58313],[-74.10098,4.58307],[-74.10149,4.58278],[-74.10202,4.58249],[-74.10254,4.5822],[-74.10298,4.58196],[-74.10304,4.58193]]}},{"type":"Feature","properties":{"id":"707251331","nom":"Carrera 17","tipo":"residential"},"geometry":{"type":"LineString","coordinates":[[-74.10178,4.58374],[-74.10168,4.5838],[-74.10157,4.58387],[-74.1014,4.58397],[-74.10099,4.58424],[-74.10087,4.58432],[-74.1005,4.58464]]}},{"type":"Feature","properties":{"id":"707251337","nom":"Avenida Calle 22 Sur","tipo":"primary"},"geometry":{"type":"LineString","coordinates":[[-74.10421,4.58314],[-74.1038,4.58262],[-74.10377,4.58259],[-74.10373,4.58254]]}},{"type":"Feature","properties":{"id":"707251338","nom":"Carrera 19","tipo":"tertiary"},"geometry":{"type":"LineString","coordinates":[[-74.10272,4.58457],[-74.1028,4.5845],[-74.10292,4.58438],[-74.10297,4.58433],[-74.10338,4.58394],[-74.10349,4.58384],[-74.10381,4.58353],[-74.10402,4.58332],[-74.10409,4.58325]]}},{"type":"Feature","properties":{"id":"707251339","nom":"Calle 20B Sur","tipo":"residential"},"geometry":{"type":"LineString","coordinates":[[-74.10369,4.58405],[-74.10353,4.58388],[-74.10349,4.58384]]}},{"type":"Feature","properties":{"id":"707253598","nom":"Avenida Carrera 24","tipo":"secondary"},"geometry":{"type":"LineString","coordinates":[[-74.09958,4.58967],[-74.09959,4.58964],[-74.09972,4.58943],[-74.09974,4.58941],[-74.09983,4.58926],[-74.09988,4.58919],[-74.09996,4.5891],[-74.10015,4.58892],[-74.10035,4.58873],[-74.10061,4.58849],[-74.10103,4.5881],[-74.10106,4.58807]]}},{"type":"Feature","properties":{"id":"707253599","nom":"Calle 17 Sur","tipo":"tertiary"},"geometry":{"type":"LineString","coordinates":[[-74.10213,4.58705],[-74.10216,4.58708],[-74.10239,4.58732]]}},{"type":"Feature","properties":{"id":"707360368","nom":"Carrera 24G","tipo":"residential"},"geometry":{"type":"LineString","coordinates":[[-74.1065,4.58762],[-74.10613,4.58797],[-74.10584,4.58824],[-74.1052,4.58885],[-74.10519,4.58886],[-74.10517,4.58888]]}},{"type":"Feature","properties":{"id":"707360369","nom":"Carrera 24F","tipo":"residential"},"geometry":{"type":"LineString","coordinates":[[-74.10653,4.58658],[-74.10661,4.5865],[-74.10665,4.58647]]}},{"type":"Feature","properties":{"id":"707360375","nom":"Calle 17A Sur","tipo":"tertiary"},"geometry":{"type":"LineString","coordinates":[[-74.10281,4.58737],[-74.10266,4.58719],[-74.10263,4.58717],[-74.10259,4.58716],[-74.10256,4.58717],[-74.10253,4.58718]]}},{"type":"Feature","properties":{"id":"707360376","nom":"Carrera 24B","tipo":"tertiary"},"geometry":{"type":"LineString","coordinates":[[-74.10244,4.58772],[-74.10247,4.58771],[-74.1025,4.5877],[-74.10252,4.5877],[-74.10255,4.58771],[-74.10261,4.58773],[-74.10267,4.58776],[-74.10272,4.58777],[-74.10275,4.58777],[-74.10278,4.58776],[-74.1028,4.58776]]}},{"type":"Feature","properties":{"id":"712331233","nom":"Carrera 18C","tipo":"residential"},"geometry":{"type":"LineString","coordinates":[[-74.10319,4.58187],[-74.10325,4.58184],[-74.10459,4.5812],[-74.10594,4.58055]]}},{"type":"Feature","properties":{"id":"712331236","nom":"Avenida Carrera 14","tipo":"primary"},"geometry":{"type":"LineString","coordinates":[[-74.10694,4.57923],[-74.10702,4.57919],[-74.10711,4.57915],[-74.10715,4.57913],[-74.10742,4.57902],[-74.10775,4.57888],[-74.10803,4.57878]]}},{"type":"Feature","properties":{"id":"712331241","nom":"Carrera 13 Bis","tipo":"residential"},"geometry":{"type":"LineString","coordinates":[[-74.10799,4.57814],[-74.10775,4.57845],[-74.10763,4.57862],[-74.10756,4.5787]]}},{"type":"Feature","properties":{"id":"712337531","nom":"Calle 28C Sur","tipo":"residential"},"geometry":{"type":"LineString","coordinates":[[-74.10993,4.57994],[-74.10982,4.57973],[-74.10967,4.57946]]}},{"type":"Feature","properties":{"id":"712337532","nom":"Carrera 20","tipo":"residential"},"geometry":{"type":"LineString","coordinates":[[-74.1116,4.5798],[-74.11165,4.57978],[-74.11169,4.57976],[-74.11172,4.57975],[-74.11185,4.57968],[-74.11202,4.57961],[-74.11213,4.57956],[-74.11259,4.57936]]}},{"type":"Feature","properties":{"id":"712337533","nom":"Carrera 20","tipo":"residential"},"geometry":{"type":"LineString","coordinates":[[-74.11149,4.57986],[-74.1116,4.5798]]}},{"type":"Feature","properties":{"id":"712337541","nom":"Calle 31 Sur","tipo":"residential"},"geometry":{"type":"LineString","coordinates":[[-74.11091,4.57818],[-74.11091,4.57812],[-74.11091,4.57806],[-74.11092,4.57802],[-74.11093,4.57798],[-74.11095,4.57794],[-74.11098,4.57791]]}},{"type":"Feature","properties":{"id":"712337542","nom":"Calle 31 Sur","tipo":"residential"},"geometry":{"type":"LineString","coordinates":[[-74.11091,4.57818],[-74.11106,4.57852]]}},{"type":"Feature","properties":{"id":"712337545","nom":"Calle 31 Sur","tipo":"residential"},"geometry":{"type":"LineString","coordinates":[[-74.11169,4.57976],[-74.11186,4.58016],[-74.11213,4.58077],[-74.11219,4.58091],[-74.11236,4.5813],[-74.11259,4.58183],[-74.11267,4.58202],[-74.1127,4.58206],[-74.11272,4.58208],[-74.11275,4.58211],[-74.11278,4.58215],[-74.11281,4.58219],[-74.11283,4.58222],[-74.11286,4.58227],[-74.11288,4.58232],[-74.11296,4.58251],[-74.11307,4.58281],[-74.11318,4.58309],[-74.11328,4.58337]]}},{"type":"Feature","properties":{"id":"712337546","nom":"Carrera 20","tipo":"residential"},"geometry":{"type":"LineString","coordinates":[[-74.11261,4.57941],[-74.11298,4.57926]]}},{"type":"Feature","properties":{"id":"712344317","nom":"Carrera 18A","tipo":"residential"},"geometry":{"type":"LineString","coordinates":[[-74.11162,4.57868],[-74.11122,4.57885]]}},{"type":"Feature","properties":{"id":"712344318","nom":"Calle 28B Sur","tipo":"residential"},"geometry":{"type":"LineString","coordinates":[[-74.11108,4.58246],[-74.11103,4.58239],[-74.111,4.58233],[-74.11081,4.58203],[-74.11077,4.58196],[-74.11051,4.58147]]}},{"type":"Feature","properties":{"id":"712344320","nom":"Carrera 22","tipo":"residential"},"geometry":{"type":"LineString","coordinates":[[-74.11231,4.58132],[-74.11236,4.5813],[-74.11291,4.58106],[-74.11325,4.58091]]}},{"type":"Feature","properties":{"id":"712344321","nom":"Carrera 22","tipo":"residential"},"geometry":{"type":"LineString","coordinates":[[-74.11223,4.58135],[-74.11231,4.58132]]}},{"type":"Feature","properties":{"id":"712344322","nom":"Carrera 22","tipo":"residential"},"geometry":{"type":"LineString","coordinates":[[-74.11171,4.58161],[-74.11217,4.58139],[-74.11223,4.58135]]}},{"type":"Feature","properties":{"id":"712344327","nom":"Calle 30 Sur","tipo":"residential"},"geometry":{"type":"LineString","coordinates":[[-74.11188,4.58193],[-74.11171,4.58161]]}},{"type":"Feature","properties":{"id":"712344328","nom":"Carrera 22A","tipo":"residential"},"geometry":{"type":"LineString","coordinates":[[-74.1113,4.58216],[-74.11163,4.58199],[-74.11167,4.58198],[-74.11173,4.58196],[-74.1118,4.58195],[-74.11184,4.58194],[-74.11188,4.58193]]}},{"type":"Feature","properties":{"id":"712344329","nom":"Transversal 22 Bis","tipo":"secondary"},"geometry":{"type":"LineString","coordinates":[[-74.11126,4.58221],[-74.1113,4.58216],[-74.11171,4.58161]]}},{"type":"Feature","properties":{"id":"712344330","nom":"Carrera 22A","tipo":"residential"},"geometry":{"type":"LineString","coordinates":[[-74.11188,4.58193],[-74.11233,4.5817]]}},{"type":"Feature","properties":{"id":"712344331","nom":"Carrera 23","tipo":"residential"},"geometry":{"type":"LineString","coordinates":[[-74.1116,4.58249],[-74.1119,4.58233]]}},{"type":"Feature","properties":{"id":"712344332","nom":"Carrera 23A","tipo":"residential"},"geometry":{"type":"LineString","coordinates":[[-74.11156,4.58277],[-74.11201,4.58253]]}},{"type":"Feature","properties":{"id":"712426733","nom":"Calle 31A Sur","tipo":"residential"},"geometry":{"type":"LineString","coordinates":[[-74.11319,4.58202],[-74.11333,4.58236]]}},{"type":"Feature","properties":{"id":"712426734","nom":"Carrera 23B","tipo":"residential"},"geometry":{"type":"LineString","coordinates":[[-74.11319,4.58202],[-74.11358,4.58189],[-74.11365,4.58187]]}},{"type":"Feature","properties":{"id":"712426736","nom":"Avenida Calle 36 Sur","tipo":"secondary"},"geometry":{"type":"LineString","coordinates":[[-74.11873,4.58165],[-74.11874,4.58171],[-74.11876,4.58175],[-74.11877,4.58179],[-74.11881,4.58194],[-74.11884,4.58202],[-74.11888,4.58212],[-74.11892,4.58222],[-74.11899,4.58232],[-74.11902,4.58236],[-74.11904,4.58239],[-74.11909,4.58244],[-74.1192,4.58254],[-74.11925,4.58259],[-74.1193,4.58265],[-74.11934,4.58271],[-74.11936,4.58274],[-74.11946,4.58288],[-74.11953,4.58299],[-74.11958,4.58306],[-74.11965,4.58314],[-74.11967,4.58316],[-74.1197,4.58319],[-74.11974,4.58323],[-74.11976,4.58326],[-74.12005,4.58355],[-74.12033,4.58384],[-74.12043,4.58394],[-74.12073,4.58423],[-74.12111,4.58462],[-74.12114,4.58465]]}},{"type":"Feature","properties":{"id":"712426741","nom":"Carrera 23","tipo":"residential"},"geometry":{"type":"LineString","coordinates":[[-74.11571,4.5804],[-74.11587,4.58034],[-74.11626,4.58019],[-74.11696,4.57993],[-74.11724,4.57983],[-74.1175,4.57973],[-74.11755,4.57972],[-74.11815,4.57949],[-74.11819,4.57948]]}},{"type":"Feature","properties":{"id":"712426752","nom":"Carrera 22","tipo":"residential"},"geometry":{"type":"LineString","coordinates":[[-74.11771,4.579],[-74.11735,4.57913]]}},{"type":"Feature","properties":{"id":"712426753","nom":"Calle 45A Sur","tipo":"residential"},"geometry":{"type":"LineString","coordinates":[[-74.1172,4.57868],[-74.11724,4.57881],[-74.11735,4.57913],[-74.11755,4.57972]]}},{"type":"Feature","properties":{"id":"712426755","nom":"Avenida Calle 36 Sur","tipo":"secondary"},"geometry":{"type":"LineString","coordinates":[[-74.12266,4.58805],[-74.1225,4.58773],[-74.12244,4.58761],[-74.12238,4.58747],[-74.12235,4.58742],[-74.12233,4.58736],[-74.12227,4.58724],[-74.12204,4.58664],[-74.12202,4.58655],[-74.12199,4.58644],[-74.12196,4.58631],[-74.12194,4.58617],[-74.12192,4.58603],[-74.12187,4.58564],[-74.12186,4.5856],[-74.12183,4.58535],[-74.12181,4.58526],[-74.12179,4.5852],[-74.12175,4.58507],[-74.12171,4.58499],[-74.12167,4.58492],[-74.12161,4.58484],[-74.12155,4.58478],[-74.12139,4.58462]]}},{"type":"Feature","properties":{"id":"712426756","nom":"Carrera 20","tipo":"residential"},"geometry":{"type":"LineString","coordinates":[[-74.11767,4.57751],[-74.11774,4.57749],[-74.11779,4.57747],[-74.11819,4.57733],[-74.11898,4.57706],[-74.11924,4.57697],[-74.11983,4.57677],[-74.12043,4.57657],[-74.12066,4.57649],[-74.12136,4.57625]]}},{"type":"Feature","properties":{"id":"712426757","nom":"Avenida Calle 36 Sur","tipo":"secondary"},"geometry":{"type":"LineString","coordinates":[[-74.11737,4.5764],[-74.11739,4.57645],[-74.11745,4.5767],[-74.11754,4.57702],[-74.11756,4.57711],[-74.11763,4.57737],[-74.11767,4.57751],[-74.11774,4.5778],[-74.11783,4.57812],[-74.11786,4.57822],[-74.1179,4.57841]]}},{"type":"Feature","properties":{"id":"712426759","nom":"Carrera 20","tipo":"residential"},"geometry":{"type":"LineString","coordinates":[[-74.11653,4.57776],[-74.11636,4.57783],[-74.11619,4.57789],[-74.11551,4.57815],[-74.11526,4.57824],[-74.11518,4.57827],[-74.11475,4.57843],[-74.11418,4.57864]]}},{"type":"Feature","properties":{"id":"712428247","nom":"Avenida Calle 36 Sur","tipo":"secondary"},"geometry":{"type":"LineString","coordinates":[[-74.1174,4.57631],[-74.11739,4.5763],[-74.11736,4.57628],[-74.11733,4.57626],[-74.11729,4.57623],[-74.11722,4.57619]]}},{"type":"Feature","properties":{"id":"712429080","nom":"Carrera 19A","tipo":"residential"},"geometry":{"type":"LineString","coordinates":[[-74.1141,4.5784],[-74.11356,4.57863],[-74.11351,4.57865]]}},{"type":"Feature","properties":{"id":"712429081","nom":"Carrera 21","tipo":"residential"},"geometry":{"type":"LineString","coordinates":[[-74.11494,4.57896],[-74.11467,4.57905]]}},{"type":"Feature","properties":{"id":"712430629","nom":"Calle 31C Sur","tipo":"residential"},"geometry":{"type":"LineString","coordinates":[[-74.1128,4.57833],[-74.11269,4.57808]]}},{"type":"Feature","properties":{"id":"712430634","nom":"Carrera 21","tipo":"residential"},"geometry":{"type":"LineString","coordinates":[[-74.11394,4.57921],[-74.11433,4.57905]]}},{"type":"Feature","properties":{"id":"712430637","nom":"Calle 31 Bis Sur","tipo":"residential"},"geometry":{"type":"LineString","coordinates":[[-74.11213,4.57986],[-74.11202,4.57961]]}},{"type":"Feature","properties":{"id":"712430638","nom":"Carrera 21B","tipo":"residential"},"geometry":{"type":"LineString","coordinates":[[-74.11248,4.58057],[-74.1125,4.58058],[-74.11252,4.58058],[-74.11255,4.58058],[-74.11259,4.58057],[-74.11261,4.58055],[-74.11263,4.58052],[-74.11264,4.58049],[-74.11264,4.58045],[-74.11262,4.58042],[-74.1126,4.58039],[-74.11255,4.58037]]}},{"type":"Feature","properties":{"id":"712430644","nom":"Carrera 22","tipo":"residential"},"geometry":{"type":"LineString","coordinates":[[-74.11355,4.58086],[-74.11381,4.58076],[-74.11403,4.58067]]}},{"type":"Feature","properties":{"id":"712430646","nom":"Carrera 21D","tipo":"residential"},"geometry":{"type":"LineString","coordinates":[[-74.11375,4.58061],[-74.11397,4.58053]]}},{"type":"Feature","properties":{"id":"712432507","nom":"Transversal 23A","tipo":"tertiary"},"geometry":{"type":"LineString","coordinates":[[-74.12754,4.57567],[-74.12793,4.57589],[-74.12794,4.5759],[-74.12845,4.57619],[-74.12885,4.57641]]}},{"type":"Feature","properties":{"id":"712432532","nom":"Transversal 22A","tipo":"tertiary"},"geometry":{"type":"LineString","coordinates":[[-74.12827,4.57437],[-74.12827,4.57443],[-74.12826,4.57448],[-74.12825,4.5745],[-74.12822,4.57452],[-74.12816,4.57454]]}},{"type":"Feature","properties":{"id":"712432533","nom":"Transversal 22A","tipo":"tertiary"},"geometry":{"type":"LineString","coordinates":[[-74.12816,4.57454],[-74.12844,4.5747]]}},{"type":"Feature","properties":{"id":"712432540","nom":"Calle 47B Sur","tipo":"tertiary"},"geometry":{"type":"LineString","coordinates":[[-74.12827,4.57437],[-74.12832,4.5745],[-74.12834,4.57456],[-74.12836,4.57461],[-74.12839,4.57465],[-74.12841,4.57467],[-74.12844,4.5747],[-74.12858,4.57478],[-74.12864,4.57481],[-74.12868,4.57485],[-74.12871,4.57489],[-74.12873,4.57497],[-74.12874,4.57499],[-74.129,4.57594],[-74.12902,4.576],[-74.12902,4.57604],[-74.12902,4.57607],[-74.12902,4.57609],[-74.12901,4.57612],[-74.12885,4.57641]]}},{"type":"Feature","properties":{"id":"712531591","nom":"Calle 41B Sur","tipo":"residential"},"geometry":{"type":"LineString","coordinates":[[-74.12136,4.57625],[-74.12123,4.57599],[-74.12123,4.57598],[-74.1212,4.57593],[-74.12119,4.57591],[-74.12118,4.5759],[-74.12116,4.5759],[-74.12114,4.57589]]}},{"type":"Feature","properties":{"id":"712531593","nom":"Carrera 19","tipo":"residential"},"geometry":{"type":"LineString","coordinates":[[-74.12114,4.57589],[-74.1211,4.57589],[-74.12106,4.57589],[-74.12102,4.57589],[-74.12099,4.5759],[-74.12091,4.57592],[-74.12032,4.57605],[-74.12031,4.57605],[-74.12017,4.57608],[-74.12015,4.57608],[-74.12007,4.5761],[-74.11999,4.57612],[-74.11963,4.5762]]}},{"type":"Feature","properties":{"id":"712531594","nom":"Carrera 22","tipo":"residential"},"geometry":{"type":"LineString","coordinates":[[-74.12202,4.57751],[-74.12118,4.5778],[-74.12089,4.57789],[-74.12027,4.5781],[-74.11971,4.5783],[-74.11935,4.57842],[-74.11859,4.57868]]}},{"type":"Feature","properties":{"id":"712531596","nom":"Carrera 23","tipo":"residential"},"geometry":{"type":"LineString","coordinates":[[-74.12243,4.57831],[-74.12111,4.57877],[-74.12072,4.57889]]}},{"type":"Feature","properties":{"id":"712531604","nom":"Carrera 19","tipo":"secondary"},"geometry":{"type":"LineString","coordinates":[[-74.12363,4.57493],[-74.12369,4.57489],[-74.12373,4.57483],[-74.12376,4.57476]]}},{"type":"Feature","properties":{"id":"712531605","nom":"Avenida Carrera 14","tipo":"secondary"},"geometry":{"type":"LineString","coordinates":[[-74.12364,4.57375],[-74.12361,4.57389],[-74.12359,4.57394],[-74.12358,4.574],[-74.12355,4.57406],[-74.12351,4.57414],[-74.12346,4.57421],[-74.12342,4.57427],[-74.12338,4.57432],[-74.12332,4.5744],[-74.12328,4.57444],[-74.12322,4.57451],[-74.12315,4.57457],[-74.12314,4.57459],[-74.12312,4.57461],[-74.12312,4.57464],[-74.12311,4.57467],[-74.12312,4.57471],[-74.12313,4.57475],[-74.12314,4.57478],[-74.12317,4.57483]]}},{"type":"Feature","properties":{"id":"712531606","nom":"Calle 44C Sur","tipo":"secondary"},"geometry":{"type":"LineString","coordinates":[[-74.12359,4.57438],[-74.12353,4.57436],[-74.12351,4.57435],[-74.12345,4.57433],[-74.12343,4.57433],[-74.12338,4.57432],[-74.12333,4.57431]]}},{"type":"Feature","properties":{"id":"712531607","nom":"Avenida Carrera 14","tipo":"primary"},"geometry":{"type":"LineString","coordinates":[[-74.12359,4.57438],[-74.12362,4.57433],[-74.12366,4.57428],[-74.12372,4.57416]]}},{"type":"Feature","properties":{"id":"712531609","nom":"Calle 44C Sur","tipo":"secondary"},"geometry":{"type":"LineString","coordinates":[[-74.12371,4.57447],[-74.12369,4.57444],[-74.12364,4.5744],[-74.12362,4.57439],[-74.12359,4.57438]]}},{"type":"Feature","properties":{"id":"712531610","nom":"Avenida Carrera 14","tipo":"primary"},"geometry":{"type":"LineString","coordinates":[[-74.12317,4.57483],[-74.12327,4.57474],[-74.12335,4.57465],[-74.12347,4.57453],[-74.12359,4.57438]]}},{"type":"Feature","properties":{"id":"712531611","nom":"Avenida Carrera 14","tipo":"primary"},"geometry":{"type":"LineString","coordinates":[[-74.12296,4.57499],[-74.12308,4.57491],[-74.12317,4.57483]]}},{"type":"Feature","properties":{"id":"712531612","nom":"Calle 43 Sur","tipo":"secondary"},"geometry":{"type":"LineString","coordinates":[[-74.12317,4.57483],[-74.12321,4.57487],[-74.12326,4.57491],[-74.12332,4.57495]]}},{"type":"Feature","properties":{"id":"712531614","nom":"Avenida Calle 44 Sur","tipo":"secondary"},"geometry":{"type":"LineString","coordinates":[[-74.12356,4.57497],[-74.12359,4.57504],[-74.12381,4.57554],[-74.12381,4.57555],[-74.12407,4.57615],[-74.12414,4.57631],[-74.12445,4.57705],[-74.12446,4.57706]]}},{"type":"Feature","properties":{"id":"712539582","nom":"Calle 44B Sur","tipo":"residential"},"geometry":{"type":"LineString","coordinates":[[-74.12535,4.57801],[-74.1257,4.57851]]}},{"type":"Feature","properties":{"id":"712539583","nom":"Avenida Calle 44 Sur","tipo":"secondary"},"geometry":{"type":"LineString","coordinates":[[-74.12521,4.57865],[-74.12519,4.57862],[-74.12503,4.57824],[-74.12486,4.57783],[-74.12485,4.57781],[-74.12461,4.57724],[-74.12452,4.57702],[-74.12452,4.57702],[-74.12421,4.57628],[-74.12413,4.5761],[-74.12388,4.57551],[-74.12387,4.57549],[-74.12366,4.57501],[-74.12363,4.57493]]}},{"type":"Feature","properties":{"id":"712539584","nom":"Avenida Calle 44 Sur","tipo":"secondary"},"geometry":{"type":"LineString","coordinates":[[-74.12577,4.58018],[-74.12595,4.58059],[-74.12616,4.5811],[-74.12622,4.58124],[-74.1265,4.5819],[-74.12651,4.58193]]}},{"type":"Feature","properties":{"id":"712539585","nom":"Transversal 23B","tipo":"tertiary"},"geometry":{"type":"LineString","coordinates":[[-74.12554,4.57929],[-74.12555,4.57924],[-74.12562,4.57907],[-74.12566,4.57893],[-74.12582,4.57848]]}},{"type":"Feature","properties":{"id":"712539586","nom":"Transversal 23 Bis","tipo":"tertiary"},"geometry":{"type":"LineString","coordinates":[[-74.12582,4.57848],[-74.12622,4.57733],[-74.12658,4.57629],[-74.12664,4.5761],[-74.1267,4.57593]]}},{"type":"Feature","properties":{"id":"712539587","nom":"Carrera 23","tipo":"residential"},"geometry":{"type":"LineString","coordinates":[[-74.1267,4.57593],[-74.12659,4.57607],[-74.12648,4.57621],[-74.12634,4.5764],[-74.12621,4.57658],[-74.12606,4.57677],[-74.12595,4.57689],[-74.1258,4.57706],[-74.12558,4.57727],[-74.12546,4.57739],[-74.12532,4.57751],[-74.12515,4.57763],[-74.12501,4.57772],[-74.12489,4.57779],[-74.12488,4.57779],[-74.12485,4.57781],[-74.12478,4.57784],[-74.12477,4.57785],[-74.12475,4.57786],[-74.12458,4.57794],[-74.12441,4.57801],[-74.1242,4.57809],[-74.12399,4.57815],[-74.12358,4.57826],[-74.12309,4.57839]]}},{"type":"Feature","properties":{"id":"712539588","nom":"Transversal 20 Bis","tipo":"residential"},"geometry":{"type":"LineString","coordinates":[[-74.12486,4.57373],[-74.12581,4.57309],[-74.12586,4.57305]]}},{"type":"Feature","properties":{"id":"712539589","nom":"Diagonal 48 Sur","tipo":"primary"},"geometry":{"type":"LineString","coordinates":[[-74.12566,4.56857],[-74.12562,4.56867],[-74.12556,4.56881],[-74.1255,4.56892],[-74.12547,4.56899],[-74.12545,4.56903],[-74.12545,4.56908],[-74.12545,4.56911],[-74.12546,4.56914],[-74.12548,4.56916],[-74.1255,4.56919],[-74.12552,4.5692],[-74.12554,4.56921],[-74.12557,4.56923]]}},{"type":"Feature","properties":{"id":"712539593","nom":"","tipo":"primary_link"},"geometry":{"type":"LineString","coordinates":[[-74.12549,4.56939],[-74.12553,4.56937],[-74.12558,4.56935],[-74.12564,4.56933],[-74.1257,4.56932],[-74.12576,4.56933]]}},{"type":"Feature","properties":{"id":"712539598","nom":"Diagonal 47A Sur","tipo":"residential"},"geometry":{"type":"LineString","coordinates":[[-74.12732,4.5711],[-74.12723,4.57105],[-74.12683,4.57085],[-74.12628,4.57057],[-74.12571,4.57028],[-74.12568,4.57026]]}},{"type":"Feature","properties":{"id":"715895354","nom":"Carrera 19B","tipo":"residential"},"geometry":{"type":"LineString","coordinates":[[-74.12956,4.56988],[-74.13163,4.56897],[-74.13166,4.56895],[-74.13169,4.56894],[-74.13371,4.5681],[-74.13522,4.56742],[-74.13544,4.56714],[-74.13584,4.56663]]}},{"type":"Feature","properties":{"id":"715895357","nom":"Diagonal 50A Sur","tipo":"residential"},"geometry":{"type":"LineString","coordinates":[[-74.12843,4.56985],[-74.12863,4.56994],[-74.12903,4.57008],[-74.12906,4.57008],[-74.1291,4.57007]]}},{"type":"Feature","properties":{"id":"715895363","nom":"Diagonal 50A Sur","tipo":"residential"},"geometry":{"type":"LineString","coordinates":[[-74.12739,4.56921],[-74.12759,4.56961]]}},{"type":"Feature","properties":{"id":"715895364","nom":"Carrera 18C","tipo":"residential"},"geometry":{"type":"LineString","coordinates":[[-74.13415,4.56533],[-74.13361,4.56599],[-74.1322,4.56673],[-74.13101,4.56735],[-74.13047,4.56763],[-74.13044,4.56765],[-74.13042,4.56766],[-74.12847,4.56866]]}},{"type":"Feature","properties":{"id":"715895365","nom":"Carrera 18C","tipo":"residential"},"geometry":{"type":"LineString","coordinates":[[-74.12847,4.56866],[-74.12739,4.56921]]}},{"type":"Feature","properties":{"id":"715895370","nom":"Carrera 18B","tipo":"residential"},"geometry":{"type":"LineString","coordinates":[[-74.12721,4.56881],[-74.12723,4.56877],[-74.12813,4.56828]]}},{"type":"Feature","properties":{"id":"715895372","nom":"Carrera 18A","tipo":"residential"},"geometry":{"type":"LineString","coordinates":[[-74.12703,4.56926],[-74.12684,4.56962],[-74.12682,4.56966]]}},{"type":"Feature","properties":{"id":"715895373","nom":"Carrera 18A","tipo":"residential"},"geometry":{"type":"LineString","coordinates":[[-74.12682,4.56863],[-74.12637,4.56937],[-74.12634,4.56941]]}},{"type":"Feature","properties":{"id":"715895375","nom":"Carrera 18A","tipo":"residential"},"geometry":{"type":"LineString","coordinates":[[-74.12691,4.56842],[-74.12695,4.56841],[-74.1278,4.56791],[-74.12916,4.56712]]}},{"type":"Feature","properties":{"id":"715895376","nom":"Diagonal 50A Sur","tipo":"residential"},"geometry":{"type":"LineString","coordinates":[[-74.12691,4.56842],[-74.12687,4.5684],[-74.12669,4.56809],[-74.12668,4.56805]]}},{"type":"Feature","properties":{"id":"715895378","nom":"Carrera 17A","tipo":"residential"},"geometry":{"type":"LineString","coordinates":[[-74.13204,4.5637],[-74.13158,4.56423],[-74.13032,4.56506],[-74.12892,4.566],[-74.1289,4.56601],[-74.12889,4.56602],[-74.12757,4.56691]]}},{"type":"Feature","properties":{"id":"715895380","nom":"Carrera 17","tipo":"residential"},"geometry":{"type":"LineString","coordinates":[[-74.12853,4.56562],[-74.12852,4.56563],[-74.12712,4.5666],[-74.12696,4.56671],[-74.12689,4.56676],[-74.12688,4.56676],[-74.12685,4.56678],[-74.12683,4.5668],[-74.1268,4.56681]]}},{"type":"Feature","properties":{"id":"715902801","nom":"Carrera 18","tipo":"residential"},"geometry":{"type":"LineString","coordinates":[[-74.12668,4.56805],[-74.12671,4.56801],[-74.12747,4.56754],[-74.12832,4.56701],[-74.12925,4.56642],[-74.12927,4.5664],[-74.1293,4.56639],[-74.13078,4.56547],[-74.13212,4.56462],[-74.13252,4.56408]]}},{"type":"Feature","properties":{"id":"715902805","nom":"Calle 51 Sur","tipo":"residential"},"geometry":{"type":"LineString","coordinates":[[-74.12669,4.56687],[-74.12662,4.56687],[-74.12654,4.56688],[-74.12651,4.56689],[-74.12648,4.5669]]}},{"type":"Feature","properties":{"id":"715902806","nom":"Avenida Carrera 14","tipo":"primary"},"geometry":{"type":"LineString","coordinates":[[-74.12669,4.56687],[-74.12669,4.5668]]}},{"type":"Feature","properties":{"id":"715902807","nom":"Avenida Carrera 14","tipo":"primary"},"geometry":{"type":"LineString","coordinates":[[-74.12648,4.56683],[-74.12648,4.5669],[-74.12646,4.567],[-74.12644,4.56712],[-74.12642,4.56722],[-74.1264,4.5673],[-74.12637,4.56738],[-74.12633,4.56745],[-74.12629,4.56752],[-74.12626,4.56758],[-74.12623,4.56763],[-74.12608,4.56783],[-74.12597,4.56802],[-74.12596,4.56804],[-74.12581,4.56829],[-74.12572,4.56844],[-74.12566,4.56857]]}},{"type":"Feature","properties":{"id":"715902809","nom":"Carrera 13F","tipo":"tertiary"},"geometry":{"type":"LineString","coordinates":[[-74.12658,4.56618],[-74.12667,4.56611],[-74.12727,4.56565]]}},{"type":"Feature","properties":{"id":"718039030","nom":"Calle 56 Sur","tipo":"residential"},"geometry":{"type":"LineString","coordinates":[[-74.12996,4.56273],[-74.12999,4.56276],[-74.13026,4.56298],[-74.13064,4.56328]]}},{"type":"Feature","properties":{"id":"726901224","nom":"Carrera 12","tipo":"residential"},"geometry":{"type":"LineString","coordinates":[[-74.12423,4.5607],[-74.12428,4.56066],[-74.1247,4.56031],[-74.12537,4.55976],[-74.12573,4.55947],[-74.1259,4.55933]]}},{"type":"Feature","properties":{"id":"726901226","nom":"Calle 52 Sur","tipo":"tertiary"},"geometry":{"type":"LineString","coordinates":[[-74.12367,4.55861],[-74.12381,4.55882],[-74.12405,4.5592],[-74.12438,4.55971],[-74.12452,4.55997],[-74.12459,4.56009],[-74.1247,4.56031],[-74.12488,4.56067],[-74.12512,4.56119],[-74.12542,4.5618],[-74.1257,4.56239],[-74.126,4.563],[-74.12629,4.56361],[-74.12655,4.56415],[-74.12677,4.56462]]}},{"type":"Feature","properties":{"id":"726901231","nom":"Carrera 6A","tipo":"residential"},"geometry":{"type":"LineString","coordinates":[[-74.12186,4.55527],[-74.12166,4.5554]]}},{"type":"Feature","properties":{"id":"726915549","nom":"Carrera 7A","tipo":"residential"},"geometry":{"type":"LineString","coordinates":[[-74.12338,4.55538],[-74.12365,4.55521]]}},{"type":"Feature","properties":{"id":"726915550","nom":"Carrera 8","tipo":"residential"},"geometry":{"type":"LineString","coordinates":[[-74.12362,4.55576],[-74.12301,4.55614],[-74.12236,4.55654],[-74.12197,4.55678],[-74.12191,4.55682]]}},{"type":"Feature","properties":{"id":"726915551","nom":"Carrera 8A","tipo":"residential"},"geometry":{"type":"LineString","coordinates":[[-74.12385,4.55614],[-74.12428,4.55587]]}},{"type":"Feature","properties":{"id":"726915552","nom":"Carrera 9","tipo":"residential"},"geometry":{"type":"LineString","coordinates":[[-74.12409,4.55652],[-74.12349,4.5569]]}},{"type":"Feature","properties":{"id":"726915553","nom":"Carrera 9A","tipo":"residential"},"geometry":{"type":"LineString","coordinates":[[-74.12309,4.55768],[-74.12372,4.55727],[-74.12432,4.55689]]}},{"type":"Feature","properties":{"id":"726915554","nom":"Calle 52 Sur","tipo":"tertiary"},"geometry":{"type":"LineString","coordinates":[[-74.12333,4.55807],[-74.12345,4.55825],[-74.12357,4.55844],[-74.12367,4.55861]]}},{"type":"Feature","properties":{"id":"726915555","nom":"Carrera 9A","tipo":"residential"},"geometry":{"type":"LineString","coordinates":[[-74.1226,4.55798],[-74.12309,4.55768]]}},{"type":"Feature","properties":{"id":"726915556","nom":"Carrera 9A","tipo":"residential"},"geometry":{"type":"LineString","coordinates":[[-74.12432,4.55689],[-74.12487,4.55655],[-74.12494,4.5565]]}},{"type":"Feature","properties":{"id":"726915557","nom":"Carrera 10","tipo":"residential"},"geometry":{"type":"LineString","coordinates":[[-74.12457,4.55728],[-74.12503,4.55698]]}},{"type":"Feature","properties":{"id":"726915558","nom":"Calle 53 Bis A Sur","tipo":"tertiary"},"geometry":{"type":"LineString","coordinates":[[-74.12574,4.55914],[-74.12569,4.55916],[-74.12567,4.55916],[-74.12566,4.55915],[-74.12565,4.55914],[-74.12546,4.55895],[-74.12508,4.55853]]}},{"type":"Feature","properties":{"id":"726915559","nom":"Carrera 12","tipo":"residential"},"geometry":{"type":"LineString","coordinates":[[-74.12622,4.55919],[-74.12626,4.55919],[-74.1263,4.55919],[-74.12656,4.55908]]}},{"type":"Feature","properties":{"id":"726915561","nom":"Carrera 12A","tipo":"residential"},"geometry":{"type":"LineString","coordinates":[[-74.12854,4.55883],[-74.12768,4.55928]]}},{"type":"Feature","properties":{"id":"726915563","nom":"Carrera 12A","tipo":"residential"},"geometry":{"type":"LineString","coordinates":[[-74.12729,4.55947],[-74.12721,4.55951],[-74.12687,4.55968],[-74.12642,4.55991],[-74.12604,4.56009],[-74.12565,4.56029],[-74.12488,4.56067],[-74.12441,4.56091],[-74.12434,4.56094]]}},{"type":"Feature","properties":{"id":"726915564","nom":"Calle 54 Sur","tipo":"tertiary"},"geometry":{"type":"LineString","coordinates":[[-74.12697,4.56105],[-74.12668,4.56044],[-74.12642,4.55991],[-74.12613,4.5593]]}},{"type":"Feature","properties":{"id":"726917388","nom":"Calle 53 Sur","tipo":"tertiary"},"geometry":{"type":"LineString","coordinates":[[-74.12469,4.55879],[-74.12445,4.55841],[-74.12421,4.55803],[-74.12397,4.55766],[-74.12372,4.55727],[-74.12349,4.5569]]}},{"type":"Feature","properties":{"id":"726917390","nom":"Calle 58 Sur","tipo":"residential"},"geometry":{"type":"LineString","coordinates":[[-74.12929,4.55919],[-74.12913,4.55888]]}},{"type":"Feature","properties":{"id":"726917391","nom":"Calle 58 Sur","tipo":"residential"},"geometry":{"type":"LineString","coordinates":[[-74.12929,4.55919],[-74.12959,4.55976],[-74.12989,4.56036]]}},{"type":"Feature","properties":{"id":"726917393","nom":"Calle 54 Sur","tipo":"tertiary"},"geometry":{"type":"LineString","coordinates":[[-74.12818,4.56359],[-74.12783,4.56286],[-74.12765,4.56247]]}},{"type":"Feature","properties":{"id":"726979502","nom":"Carrera 12F","tipo":"residential"},"geometry":{"type":"LineString","coordinates":[[-74.12765,4.56197],[-74.12745,4.56206]]}},{"type":"Feature","properties":{"id":"726979503","nom":"Calle 53 Bis Sur","tipo":"residential"},"geometry":{"type":"LineString","coordinates":[[-74.12725,4.56216],[-74.12734,4.56236],[-74.12744,4.56257]]}},{"type":"Feature","properties":{"id":"726979504","nom":"Calle 54 Bis Sur","tipo":"residential"},"geometry":{"type":"LineString","coordinates":[[-74.12785,4.56238],[-74.12775,4.56216],[-74.12765,4.56197]]}},{"type":"Feature","properties":{"id":"726979506","nom":"Calle 55A Sur","tipo":"residential"},"geometry":{"type":"LineString","coordinates":[[-74.12947,4.56336],[-74.12942,4.56332],[-74.12888,4.5628]]}},{"type":"Feature","properties":{"id":"726979942","nom":"Calle 56 Sur","tipo":"residential"},"geometry":{"type":"LineString","coordinates":[[-74.12747,4.55885],[-74.12768,4.55928]]}},{"type":"Feature","properties":{"id":"727174358","nom":"Calle 55 Bis Sur","tipo":"residential"},"geometry":{"type":"LineString","coordinates":[[-74.11977,4.54458],[-74.12079,4.54552],[-74.12086,4.54559]]}},{"type":"Feature","properties":{"id":"734350804","nom":"Transversal 12A Bis","tipo":"residential"},"geometry":{"type":"LineString","coordinates":[[-74.09553,4.5819],[-74.09522,4.58185],[-74.09514,4.58184],[-74.09507,4.58184],[-74.09502,4.58184],[-74.09492,4.58186],[-74.09483,4.58188],[-74.09472,4.58191],[-74.09465,4.58192],[-74.09456,4.58193],[-74.09448,4.58193],[-74.09441,4.58193]]}},{"type":"Feature","properties":{"id":"734350805","nom":"Carrera 12","tipo":"residential"},"geometry":{"type":"LineString","coordinates":[[-74.09551,4.58085],[-74.09548,4.58088],[-74.09545,4.58092],[-74.09538,4.58099],[-74.09522,4.58111],[-74.09506,4.58122],[-74.09489,4.5813]]}},{"type":"Feature","properties":{"id":"734350806","nom":"Carrera 11A","tipo":"residential"},"geometry":{"type":"LineString","coordinates":[[-74.09521,4.57958],[-74.0955,4.57925],[-74.09622,4.57842]]}},{"type":"Feature","properties":{"id":"734352843","nom":"Calle 17 Sur","tipo":"tertiary"},"geometry":{"type":"LineString","coordinates":[[-74.09818,4.58315],[-74.09786,4.58286],[-74.09739,4.58245],[-74.09735,4.58241]]}},{"type":"Feature","properties":{"id":"734521938","nom":"Calle 18 Sur","tipo":"residential"},"geometry":{"type":"LineString","coordinates":[[-74.09948,4.5828],[-74.09944,4.58277],[-74.09892,4.58231],[-74.09814,4.58161],[-74.0981,4.58157],[-74.09806,4.58153],[-74.09794,4.58143],[-74.0979,4.58139],[-74.09782,4.58132],[-74.09751,4.58104],[-74.09711,4.58069],[-74.09671,4.58033],[-74.0963,4.57996],[-74.09624,4.57991],[-74.09589,4.5796],[-74.0955,4.57925],[-74.0951,4.57889]]}},{"type":"Feature","properties":{"id":"734525200","nom":"Avenida Calle 22 Sur","tipo":"primary"},"geometry":{"type":"LineString","coordinates":[[-74.09976,4.57934],[-74.09971,4.57931],[-74.09957,4.57921],[-74.09936,4.57907],[-74.09904,4.57885],[-74.09873,4.57864],[-74.09843,4.57843],[-74.09825,4.57831],[-74.09815,4.57824],[-74.09776,4.57798],[-74.09713,4.57755]]}},{"type":"Feature","properties":{"id":"734531205","nom":"Carrera 10A","tipo":"residential"},"geometry":{"type":"LineString","coordinates":[[-74.09549,4.57679],[-74.09504,4.5773],[-74.09466,4.57775],[-74.0943,4.57817],[-74.09394,4.57859],[-74.0936,4.57898],[-74.09357,4.57902]]}},{"type":"Feature","properties":{"id":"734551223","nom":"Calle 24 Sur","tipo":"residential"},"geometry":{"type":"LineString","coordinates":[[-74.10238,4.57852],[-74.10219,4.57837],[-74.10183,4.57806],[-74.10146,4.57776],[-74.10143,4.57774],[-74.10122,4.57757],[-74.10118,4.57754],[-74.10109,4.57747],[-74.10081,4.57724],[-74.0999,4.57654],[-74.09959,4.57629],[-74.09868,4.57557]]}},{"type":"Feature","properties":{"id":"734551232","nom":"Carrera 12D","tipo":"tertiary"},"geometry":{"type":"LineString","coordinates":[[-74.09773,4.58199],[-74.09802,4.58167],[-74.09805,4.58163],[-74.0981,4.58157],[-74.09847,4.58116]]}},{"type":"Feature","properties":{"id":"734665442","nom":"Calle 27A Sur","tipo":"residential"},"geometry":{"type":"LineString","coordinates":[[-74.1007,4.57313],[-74.10029,4.57286],[-74.09988,4.57258],[-74.09857,4.57171],[-74.09854,4.57169]]}},{"type":"Feature","properties":{"id":"734665448","nom":"Calle 30F Sur","tipo":"residential"},"geometry":{"type":"LineString","coordinates":[[-74.10316,4.57095],[-74.10336,4.57109],[-74.10351,4.5712]]}},{"type":"Feature","properties":{"id":"734665450","nom":"Calle 28 Sur","tipo":"residential"},"geometry":{"type":"LineString","coordinates":[[-74.10163,4.57312],[-74.10181,4.57325],[-74.10198,4.57336]]}},{"type":"Feature","properties":{"id":"734665454","nom":"Calle 28C Sur","tipo":"residential"},"geometry":{"type":"LineString","coordinates":[[-74.1051,4.57487],[-74.10505,4.57486],[-74.105,4.57484],[-74.10495,4.57481],[-74.10417,4.57418]]}},{"type":"Feature","properties":{"id":"734665457","nom":"Calle 28C Sur","tipo":"tertiary"},"geometry":{"type":"LineString","coordinates":[[-74.10417,4.57418],[-74.10407,4.57411]]}},{"type":"Feature","properties":{"id":"734665458","nom":"Calle 28C Sur","tipo":"residential"},"geometry":{"type":"LineString","coordinates":[[-74.10395,4.57403],[-74.10392,4.574],[-74.10359,4.57374],[-74.10352,4.57373]]}},{"type":"Feature","properties":{"id":"734665459","nom":"Calle 34 Sur","tipo":"tertiary"},"geometry":{"type":"LineString","coordinates":[[-74.10624,4.57023],[-74.10608,4.5701],[-74.10541,4.56955],[-74.10516,4.56933]]}},{"type":"Feature","properties":{"id":"737158099","nom":"Carrera 12F","tipo":"residential"},"geometry":{"type":"LineString","coordinates":[[-74.10554,4.57388],[-74.1056,4.57387],[-74.10575,4.57377],[-74.10605,4.57357],[-74.10634,4.57338]]}},{"type":"Feature","properties":{"id":"737158100","nom":"Carrera 12F","tipo":"tertiary"},"geometry":{"type":"LineString","coordinates":[[-74.10634,4.57338],[-74.10677,4.57323],[-74.10686,4.5732],[-74.10728,4.57305],[-74.10766,4.57292]]}},{"type":"Feature","properties":{"id":"737158117","nom":"Calle 30 Sur","tipo":"residential"},"geometry":{"type":"LineString","coordinates":[[-74.10692,4.57513],[-74.1073,4.57543],[-74.10751,4.5756],[-74.10773,4.57578],[-74.10804,4.57603],[-74.1084,4.57631],[-74.10854,4.57642],[-74.10894,4.57673],[-74.10927,4.57699]]}},{"type":"Feature","properties":{"id":"737158124","nom":"Calle 28B Sur","tipo":"residential"},"geometry":{"type":"LineString","coordinates":[[-74.10615,4.57658],[-74.10592,4.57641]]}},{"type":"Feature","properties":{"id":"737158131","nom":"Calle 28B Sur","tipo":"residential"},"geometry":{"type":"LineString","coordinates":[[-74.10523,4.57586],[-74.10501,4.57569]]}},{"type":"Feature","properties":{"id":"737158137","nom":"Calle 27B Sur","tipo":"residential"},"geometry":{"type":"LineString","coordinates":[[-74.10391,4.57521],[-74.10372,4.57504]]}},{"type":"Feature","properties":{"id":"737158140","nom":"Calle 28B Sur","tipo":"residential"},"geometry":{"type":"LineString","coordinates":[[-74.10409,4.57496],[-74.1039,4.57478]]}},{"type":"Feature","properties":{"id":"737159345","nom":"Calle 31A Sur","tipo":"residential"},"geometry":{"type":"LineString","coordinates":[[-74.11019,4.57639],[-74.11036,4.57652],[-74.11094,4.57697]]}},{"type":"Feature","properties":{"id":"737405983","nom":"Carrera 21B","tipo":"residential"},"geometry":{"type":"LineString","coordinates":[[-74.11255,4.58037],[-74.1126,4.58029],[-74.11263,4.58027],[-74.11283,4.58017],[-74.11291,4.58013]]}},{"type":"Feature","properties":{"id":"737677021","nom":"Calle 34 Bis Sur","tipo":"residential"},"geometry":{"type":"LineString","coordinates":[[-74.10421,4.56816],[-74.10399,4.56795]]}},{"type":"Feature","properties":{"id":"737677022","nom":"Carrera 10F","tipo":"residential"},"geometry":{"type":"LineString","coordinates":[[-74.10453,4.56743],[-74.10402,4.56792],[-74.10399,4.56795],[-74.10391,4.56799],[-74.10387,4.56799],[-74.10378,4.56798],[-74.10375,4.56798],[-74.10373,4.56798],[-74.1037,4.56799],[-74.10367,4.56803]]}},{"type":"Feature","properties":{"id":"737677023","nom":"Carrera 10D","tipo":"residential"},"geometry":{"type":"LineString","coordinates":[[-74.10436,4.56718],[-74.10402,4.56749],[-74.10397,4.56753]]}},{"type":"Feature","properties":{"id":"738573120","nom":"Calle 35 Sur","tipo":"tertiary"},"geometry":{"type":"LineString","coordinates":[[-74.10301,4.56635],[-74.10296,4.56633],[-74.10269,4.5662],[-74.10252,4.56611]]}},{"type":"Feature","properties":{"id":"738573125","nom":"Avenida Carrera 10","tipo":"secondary"},"geometry":{"type":"LineString","coordinates":[[-74.10806,4.56385],[-74.10803,4.56391],[-74.10802,4.56393],[-74.10802,4.56397],[-74.10801,4.56405],[-74.10791,4.56479],[-74.1079,4.56485],[-74.10786,4.56516],[-74.10785,4.56521],[-74.10784,4.56524],[-74.10783,4.56526],[-74.10783,4.56527],[-74.10781,4.56529],[-74.10778,4.56531]]}},{"type":"Feature","properties":{"id":"738573127","nom":"Avenida Carrera 10","tipo":"secondary"},"geometry":{"type":"LineString","coordinates":[[-74.10787,4.56529],[-74.10789,4.56527],[-74.10791,4.56524],[-74.10793,4.56522],[-74.10794,4.56519],[-74.10796,4.56495]]}},{"type":"Feature","properties":{"id":"738573129","nom":"Calle 37 Bis Sur","tipo":"residential"},"geometry":{"type":"LineString","coordinates":[[-74.10787,4.56529],[-74.10786,4.56528],[-74.10785,4.56527],[-74.10783,4.56526],[-74.10781,4.56526],[-74.10775,4.56526],[-74.10764,4.56525],[-74.10752,4.56524],[-74.10724,4.56521],[-74.10723,4.5652],[-74.10721,4.56519]]}},{"type":"Feature","properties":{"id":"738586174","nom":"Carrera 11B","tipo":"residential"},"geometry":{"type":"LineString","coordinates":[[-74.10547,4.56789],[-74.10507,4.56827]]}},{"type":"Feature","properties":{"id":"738586175","nom":"Carrera 12","tipo":"residential"},"geometry":{"type":"LineString","coordinates":[[-74.10657,4.5673],[-74.10614,4.5677],[-74.10569,4.56813],[-74.10529,4.56851],[-74.10481,4.56897]]}},{"type":"Feature","properties":{"id":"738586187","nom":"Carrera 11","tipo":"residential"},"geometry":{"type":"LineString","coordinates":[[-74.10411,4.56825],[-74.10421,4.56816],[-74.10423,4.56814]]}},{"type":"Feature","properties":{"id":"738586189","nom":"Calle 34 Bis A Sur","tipo":"residential"},"geometry":{"type":"LineString","coordinates":[[-74.10397,4.56753],[-74.10395,4.56756],[-74.10394,4.56759],[-74.10394,4.56761],[-74.10394,4.56763],[-74.10395,4.56766],[-74.10397,4.56769],[-74.10401,4.56774],[-74.10403,4.5678],[-74.10403,4.56786],[-74.10402,4.56792]]}},{"type":"Feature","properties":{"id":"738588718","nom":"Carrera 12D","tipo":"tertiary"},"geometry":{"type":"LineString","coordinates":[[-74.10568,4.57284],[-74.10577,4.57281],[-74.10695,4.57236],[-74.10793,4.572],[-74.10831,4.57185],[-74.10845,4.5718],[-74.10875,4.57169],[-74.10878,4.57168],[-74.1088,4.57168]]}},{"type":"Feature","properties":{"id":"738677101","nom":"Calle 32A Sur","tipo":"tertiary"},"geometry":{"type":"LineString","coordinates":[[-74.1088,4.57168],[-74.10882,4.57169],[-74.10884,4.57171],[-74.10885,4.57172],[-74.10926,4.57231]]}},{"type":"Feature","properties":{"id":"738677111","nom":"Carrera 12J","tipo":"residential"},"geometry":{"type":"LineString","coordinates":[[-74.10818,4.57423],[-74.10834,4.57403]]}},{"type":"Feature","properties":{"id":"738677115","nom":"Calle 32 Bis Sur","tipo":"tertiary"},"geometry":{"type":"LineString","coordinates":[[-74.1097,4.57337],[-74.10974,4.5734],[-74.11003,4.57363],[-74.11034,4.57387],[-74.111,4.57427],[-74.11112,4.57434],[-74.11152,4.5745],[-74.11165,4.57453],[-74.11177,4.57454],[-74.11203,4.57451]]}},{"type":"Feature","properties":{"id":"738678245","nom":"Carrera 15 Bis A","tipo":"residential"},"geometry":{"type":"LineString","coordinates":[[-74.11092,4.57437],[-74.11063,4.57473],[-74.11059,4.57479],[-74.11027,4.57519]]}},{"type":"Feature","properties":{"id":"739105708","nom":"Carrera 10B","tipo":"tertiary"},"geometry":{"type":"LineString","coordinates":[[-74.10857,4.56485],[-74.10858,4.56487],[-74.10858,4.56489],[-74.10858,4.56491],[-74.10856,4.56502],[-74.10845,4.56583],[-74.10845,4.56587],[-74.10846,4.56591]]}},{"type":"Feature","properties":{"id":"739105710","nom":"Carrera 11C","tipo":"tertiary"},"geometry":{"type":"LineString","coordinates":[[-74.10912,4.56658],[-74.10916,4.5666],[-74.10919,4.5666],[-74.10927,4.56661],[-74.10943,4.56663],[-74.10968,4.56666]]}},{"type":"Feature","properties":{"id":"739105713","nom":"Diagonal 32A Sur","tipo":"residential"},"geometry":{"type":"LineString","coordinates":[[-74.1096,4.56836],[-74.1096,4.5684],[-74.10957,4.56898],[-74.10959,4.56904]]}},{"type":"Feature","properties":{"id":"739105716","nom":"Carrera 12","tipo":"tertiary"},"geometry":{"type":"LineString","coordinates":[[-74.11116,4.568],[-74.11112,4.56796],[-74.11106,4.56794],[-74.11099,4.56793],[-74.11094,4.56793],[-74.1108,4.56794],[-74.11059,4.56797],[-74.11053,4.56798],[-74.11049,4.56798],[-74.11045,4.56798],[-74.11041,4.56797],[-74.11037,4.56796]]}},{"type":"Feature","properties":{"id":"739105717","nom":"Diagonal 32A Bis A Sur","tipo":"residential"},"geometry":{"type":"LineString","coordinates":[[-74.11012,4.56766],[-74.11029,4.56791],[-74.11031,4.56793],[-74.11034,4.56794],[-74.11037,4.56796]]}},{"type":"Feature","properties":{"id":"739105718","nom":"Diagonal 32A Bis B Sur","tipo":"tertiary"},"geometry":{"type":"LineString","coordinates":[[-74.11032,4.56738],[-74.11034,4.56743],[-74.11035,4.56748],[-74.11036,4.56753],[-74.11037,4.56758],[-74.11036,4.56786],[-74.11037,4.56791],[-74.11037,4.56796]]}},{"type":"Feature","properties":{"id":"739105722","nom":"Carrera 12B","tipo":"residential"},"geometry":{"type":"LineString","coordinates":[[-74.11062,4.56738],[-74.11071,4.5673],[-74.11086,4.56718],[-74.11093,4.56713],[-74.11112,4.56701],[-74.11119,4.56697],[-74.1113,4.56694]]}},{"type":"Feature","properties":{"id":"739105726","nom":"Diagonal 32D Bis Sur","tipo":"residential"},"geometry":{"type":"LineString","coordinates":[[-74.1126,4.57217],[-74.11253,4.57229],[-74.11249,4.57241],[-74.11248,4.5725],[-74.11248,4.57262],[-74.11259,4.57287]]}},{"type":"Feature","properties":{"id":"739105731","nom":"Diagonal 32D Bis Sur","tipo":"residential"},"geometry":{"type":"LineString","coordinates":[[-74.11197,4.57099],[-74.11197,4.5707],[-74.11195,4.56985]]}},{"type":"Feature","properties":{"id":"739109365","nom":"Carrera 12J","tipo":"residential"},"geometry":{"type":"LineString","coordinates":[[-74.11347,4.57146],[-74.11388,4.57138]]}},{"type":"Feature","properties":{"id":"739109366","nom":"Diagonal 32F Bis Sur","tipo":"residential"},"geometry":{"type":"LineString","coordinates":[[-74.1128,4.57209],[-74.11284,4.57177]]}},{"type":"Feature","properties":{"id":"739109370","nom":"Diagonal 32H Sur","tipo":"tertiary"},"geometry":{"type":"LineString","coordinates":[[-74.11357,4.57316],[-74.11359,4.57302],[-74.11358,4.5729],[-74.11357,4.57282],[-74.11356,4.57278],[-74.11353,4.57269],[-74.11352,4.57266],[-74.11347,4.57242],[-74.11339,4.57213],[-74.11339,4.57205],[-74.11341,4.57189],[-74.11345,4.57166],[-74.11347,4.57146],[-74.1135,4.57121],[-74.11351,4.57092],[-74.11352,4.57087],[-74.11353,4.57082],[-74.11354,4.57078],[-74.11356,4.57074],[-74.1136,4.5707]]}},{"type":"Feature","properties":{"id":"739109373","nom":"Transversal 13A Bis B","tipo":"tertiary"},"geometry":{"type":"LineString","coordinates":[[-74.11261,4.57418],[-74.11269,4.57412],[-74.11292,4.57396],[-74.11315,4.57379],[-74.11329,4.57367],[-74.11338,4.57358],[-74.11346,4.57345],[-74.11354,4.57327],[-74.11357,4.57316]]}},{"type":"Feature","properties":{"id":"739117920","nom":"Calle 33B Sur","tipo":"residential"},"geometry":{"type":"LineString","coordinates":[[-74.11546,4.57541],[-74.11545,4.57563],[-74.11539,4.57645],[-74.11539,4.57649]]}},{"type":"Feature","properties":{"id":"739117923","nom":"Calle 34 Sur","tipo":"residential"},"geometry":{"type":"LineString","coordinates":[[-74.116,4.57538],[-74.11603,4.57529],[-74.11604,4.57523],[-74.11601,4.57518],[-74.11592,4.57513]]}},{"type":"Feature","properties":{"id":"739117924","nom":"Carrera 13I","tipo":"residential"},"geometry":{"type":"LineString","coordinates":[[-74.11592,4.57513],[-74.11579,4.57517],[-74.1157,4.5752],[-74.11547,4.57521],[-74.11507,4.5753],[-74.11486,4.57531],[-74.1147,4.5753]]}},{"type":"Feature","properties":{"id":"739117926","nom":"Carrera 13K","tipo":"residential"},"geometry":{"type":"LineString","coordinates":[[-74.11578,4.57608],[-74.1163,4.57578],[-74.1164,4.57571],[-74.11694,4.57554],[-74.11715,4.57547],[-74.1174,4.57539],[-74.1175,4.57536]]}},{"type":"Feature","properties":{"id":"739117929","nom":"Carrera 13H","tipo":"residential"},"geometry":{"type":"LineString","coordinates":[[-74.11697,4.57467],[-74.11685,4.57475],[-74.11674,4.5748],[-74.11659,4.57485],[-74.11639,4.57485],[-74.11595,4.57486],[-74.11567,4.57488],[-74.1155,4.57487],[-74.11463,4.57494]]}},{"type":"Feature","properties":{"id":"739117933","nom":"Calle 37A Sur","tipo":"residential"},"geometry":{"type":"LineString","coordinates":[[-74.1182,4.57528],[-74.11824,4.57552],[-74.11833,4.57599],[-74.11834,4.57603]]}},{"type":"Feature","properties":{"id":"739117934","nom":"Carrera 13L Bis","tipo":"residential"},"geometry":{"type":"LineString","coordinates":[[-74.11799,4.57556],[-74.11824,4.57552]]}},{"type":"Feature","properties":{"id":"739117935","nom":"Calle 37 Sur","tipo":"residential"},"geometry":{"type":"LineString","coordinates":[[-74.11799,4.57556],[-74.11794,4.57538],[-74.1179,4.57524]]}},{"type":"Feature","properties":{"id":"739117938","nom":"Diagonal 38 Bis Sur","tipo":"tertiary"},"geometry":{"type":"LineString","coordinates":[[-74.11967,4.57527],[-74.11964,4.5753],[-74.11958,4.57533],[-74.11946,4.5754],[-74.11937,4.57546],[-74.11932,4.57551],[-74.11926,4.57557],[-74.11921,4.57563],[-74.11904,4.57588],[-74.119,4.57593]]}},{"type":"Feature","properties":{"id":"739117941","nom":"Carrera 13C","tipo":"residential"},"geometry":{"type":"LineString","coordinates":[[-74.11304,4.57467],[-74.11335,4.57444]]}},{"type":"Feature","properties":{"id":"739460827","nom":"Diagonal 45 Bis Sur","tipo":"residential"},"geometry":{"type":"LineString","coordinates":[[-74.12177,4.57203],[-74.12073,4.57202]]}},{"type":"Feature","properties":{"id":"739460830","nom":"Transversal 13I","tipo":"residential"},"geometry":{"type":"LineString","coordinates":[[-74.12204,4.57105],[-74.12194,4.57141]]}},{"type":"Feature","properties":{"id":"739460834","nom":"Carrera 13D Bis","tipo":"residential"},"geometry":{"type":"LineString","coordinates":[[-74.11812,4.57285],[-74.11864,4.57262]]}},{"type":"Feature","properties":{"id":"739460836","nom":"Calle 40F Sur","tipo":"residential"},"geometry":{"type":"LineString","coordinates":[[-74.11708,4.57217],[-74.1173,4.5728],[-74.11744,4.57316],[-74.11752,4.5734]]}},{"type":"Feature","properties":{"id":"739460844","nom":"Carrera 13G","tipo":"tertiary"},"geometry":{"type":"LineString","coordinates":[[-74.11742,4.57448],[-74.11744,4.57452],[-74.11746,4.57454],[-74.11749,4.57456],[-74.11776,4.57468],[-74.11798,4.57477],[-74.11808,4.5748],[-74.11819,4.57484],[-74.11852,4.57492],[-74.11914,4.57509],[-74.11919,4.5751],[-74.11924,4.57509],[-74.11949,4.57505],[-74.11956,4.57505],[-74.11961,4.57505],[-74.11964,4.57507],[-74.11967,4.57509],[-74.11969,4.57513],[-74.1197,4.57516],[-74.1197,4.57521],[-74.11967,4.57527]]}},{"type":"Feature","properties":{"id":"739460845","nom":"Calle 36 Sur","tipo":"tertiary"},"geometry":{"type":"LineString","coordinates":[[-74.11516,4.57114],[-74.11537,4.5714],[-74.11542,4.57146],[-74.1156,4.57166],[-74.11561,4.57167],[-74.11591,4.57202],[-74.11605,4.57217],[-74.11632,4.57236],[-74.11658,4.57253],[-74.11666,4.57258],[-74.11674,4.57265],[-74.11684,4.57276],[-74.11695,4.57289],[-74.11702,4.57301],[-74.11708,4.57314],[-74.11713,4.57327],[-74.11721,4.57345],[-74.11729,4.57367],[-74.11743,4.57401],[-74.11746,4.57409],[-74.11747,4.57412],[-74.11747,4.57414],[-74.11742,4.57437],[-74.11742,4.57443],[-74.11742,4.57448]]}},{"type":"Feature","properties":{"id":"739460846","nom":"Carrera 13A","tipo":"residential"},"geometry":{"type":"LineString","coordinates":[[-74.11665,4.57178],[-74.1163,4.5719],[-74.11591,4.57202],[-74.11531,4.57231],[-74.11506,4.5724],[-74.11481,4.57246],[-74.11434,4.57257]]}},{"type":"Feature","properties":{"id":"739462144","nom":"Carrera 13A","tipo":"residential"},"geometry":{"type":"LineString","coordinates":[[-74.11706,4.57137],[-74.11678,4.57176]]}},{"type":"Feature","properties":{"id":"739462145","nom":"Carrera 12J","tipo":"residential"},"geometry":{"type":"LineString","coordinates":[[-74.11641,4.57024],[-74.11699,4.57011]]}},{"type":"Feature","properties":{"id":"739462148","nom":"Transversal 12G","tipo":"residential"},"geometry":{"type":"LineString","coordinates":[[-74.11587,4.56939],[-74.11596,4.56932]]}},{"type":"Feature","properties":{"id":"739462154","nom":"Carrera 12J","tipo":"residential"},"geometry":{"type":"LineString","coordinates":[[-74.11516,4.57114],[-74.11546,4.57108],[-74.11599,4.57097]]}},{"type":"Feature","properties":{"id":"739462155","nom":"Calle 40B Sur","tipo":"residential"},"geometry":{"type":"LineString","coordinates":[[-74.11404,4.56914],[-74.11432,4.56923],[-74.1144,4.56925],[-74.11445,4.56928],[-74.11452,4.56933],[-74.1146,4.56941],[-74.11468,4.5695],[-74.11471,4.56954],[-74.11474,4.56959],[-74.11476,4.56964],[-74.11476,4.56972],[-74.11476,4.56992]]}},{"type":"Feature","properties":{"id":"739470267","nom":"Transversal 12B","tipo":"residential"},"geometry":{"type":"LineString","coordinates":[[-74.1151,4.56761],[-74.11442,4.56814]]}},{"type":"Feature","properties":{"id":"739470269","nom":"Carrera 12A","tipo":"residential"},"geometry":{"type":"LineString","coordinates":[[-74.11325,4.56817],[-74.11354,4.56805],[-74.11373,4.568],[-74.11395,4.56796],[-74.11416,4.56793]]}},{"type":"Feature","properties":{"id":"739470271","nom":"Calle 43 Sur","tipo":"tertiary"},"geometry":{"type":"LineString","coordinates":[[-74.11487,4.5675],[-74.11489,4.56753],[-74.11491,4.56755],[-74.11495,4.56756],[-74.1151,4.56761],[-74.11527,4.56767],[-74.11544,4.56775],[-74.11549,4.56777],[-74.11553,4.5678],[-74.11569,4.56792],[-74.1159,4.56808],[-74.11612,4.56826],[-74.1163,4.5684]]}},{"type":"Feature","properties":{"id":"739470272","nom":"Carrera 12","tipo":"residential"},"geometry":{"type":"LineString","coordinates":[[-74.11282,4.56754],[-74.11298,4.56745],[-74.11355,4.56713]]}},{"type":"Feature","properties":{"id":"739470273","nom":"Carrera 12 Bis","tipo":"residential"},"geometry":{"type":"LineString","coordinates":[[-74.11257,4.56801],[-74.11312,4.56783]]}},{"type":"Feature","properties":{"id":"739470274","nom":"Diagonal 32D Bis A Sur","tipo":"residential"},"geometry":{"type":"LineString","coordinates":[[-74.11201,4.56746],[-74.11205,4.56792],[-74.11208,4.56833]]}},{"type":"Feature","properties":{"id":"739470276","nom":"Carrera 11K","tipo":"residential"},"geometry":{"type":"LineString","coordinates":[[-74.11318,4.5668],[-74.11301,4.56698]]}},{"type":"Feature","properties":{"id":"739470278","nom":"Calle 42 Bis Sur","tipo":"residential"},"geometry":{"type":"LineString","coordinates":[[-74.1123,4.56616],[-74.11238,4.56624],[-74.1125,4.56634],[-74.11261,4.56642],[-74.11266,4.56645],[-74.11318,4.5668],[-74.1135,4.56707],[-74.1135,4.56707],[-74.11355,4.56713],[-74.11364,4.56721],[-74.11368,4.56723],[-74.11373,4.56725],[-74.11386,4.56728],[-74.11393,4.56729],[-74.11398,4.56732],[-74.11404,4.56737],[-74.11412,4.56746]]}},{"type":"Feature","properties":{"id":"739470279","nom":"Calle 41 Sur","tipo":"residential"},"geometry":{"type":"LineString","coordinates":[[-74.11106,4.5664],[-74.11122,4.56647],[-74.1114,4.5665],[-74.11175,4.5665],[-74.11204,4.56648],[-74.11224,4.56644],[-74.11242,4.56638],[-74.1125,4.56634]]}},{"type":"Feature","properties":{"id":"739470280","nom":"Calle 40 Bis Sur","tipo":"residential"},"geometry":{"type":"LineString","coordinates":[[-74.11297,4.56856],[-74.113,4.56893]]}},{"type":"Feature","properties":{"id":"739470285","nom":"Carrera 11B Bis","tipo":"residential"},"geometry":{"type":"LineString","coordinates":[[-74.11109,4.56464],[-74.11134,4.5645]]}},{"type":"Feature","properties":{"id":"739470289","nom":"Carrera 11","tipo":"residential"},"geometry":{"type":"LineString","coordinates":[[-74.11023,4.56409],[-74.11027,4.56406],[-74.1106,4.56386]]}},{"type":"Feature","properties":{"id":"739470291","nom":"Carrera 11A Bis","tipo":"residential"},"geometry":{"type":"LineString","coordinates":[[-74.11086,4.56405],[-74.11067,4.5643]]}},{"type":"Feature","properties":{"id":"739470292","nom":"Carrera 11B","tipo":"residential"},"geometry":{"type":"LineString","coordinates":[[-74.1111,4.56423],[-74.11088,4.56448]]}},{"type":"Feature","properties":{"id":"739470299","nom":"Carrera 11A","tipo":"residential"},"geometry":{"type":"LineString","coordinates":[[-74.10949,4.56525],[-74.10951,4.56503],[-74.10947,4.56482]]}},{"type":"Feature","properties":{"id":"739470300","nom":"Calle 39 Sur","tipo":"residential"},"geometry":{"type":"LineString","coordinates":[[-74.11034,4.56644],[-74.11016,4.56623],[-74.10997,4.56606],[-74.10978,4.56597],[-74.1097,4.56593],[-74.10965,4.56589],[-74.1096,4.56583],[-74.10937,4.56551],[-74.10933,4.56549],[-74.10927,4.56549]]}},{"type":"Feature","properties":{"id":"740855374","nom":"Transversal 13K","tipo":"residential"},"geometry":{"type":"LineString","coordinates":[[-74.12308,4.57063],[-74.12335,4.5701],[-74.12368,4.56938],[-74.12387,4.56897],[-74.12403,4.56863],[-74.12443,4.56774]]}},{"type":"Feature","properties":{"id":"740855376","nom":"Transversal 13I","tipo":"residential"},"geometry":{"type":"LineString","coordinates":[[-74.12214,4.57025],[-74.12239,4.56966],[-74.12274,4.56893],[-74.12308,4.56818],[-74.12323,4.56784],[-74.12324,4.56782],[-74.12335,4.56757],[-74.12347,4.56731]]}},{"type":"Feature","properties":{"id":"740855381","nom":"Diagonal 45B Bis A Sur","tipo":"residential"},"geometry":{"type":"LineString","coordinates":[[-74.12042,4.57049],[-74.12064,4.57054]]}},{"type":"Feature","properties":{"id":"741023261","nom":"Calle 43 Bis Sur","tipo":"residential"},"geometry":{"type":"LineString","coordinates":[[-74.11437,4.56647],[-74.11381,4.56618]]}},{"type":"Feature","properties":{"id":"741023264","nom":"Carrera 11H Bis","tipo":"residential"},"geometry":{"type":"LineString","coordinates":[[-74.11267,4.5659],[-74.113,4.5654]]}},{"type":"Feature","properties":{"id":"741028857","nom":"Diagonal 46B Sur","tipo":"residential"},"geometry":{"type":"LineString","coordinates":[[-74.11619,4.56668],[-74.11584,4.56661],[-74.11547,4.56655]]}},{"type":"Feature","properties":{"id":"741028860","nom":"Calle 48B Sur","tipo":"residential"},"geometry":{"type":"LineString","coordinates":[[-74.11659,4.56515],[-74.11672,4.56523],[-74.11685,4.5655],[-74.11687,4.5656],[-74.11697,4.56581],[-74.11708,4.5659],[-74.1172,4.56606],[-74.11731,4.56611]]}},{"type":"Feature","properties":{"id":"741028861","nom":"Carrera 12A","tipo":"residential"},"geometry":{"type":"LineString","coordinates":[[-74.11617,4.56514],[-74.11606,4.56516],[-74.11598,4.56518],[-74.11588,4.56518],[-74.11578,4.56519],[-74.11568,4.56522],[-74.11562,4.56526]]}},{"type":"Feature","properties":{"id":"741028863","nom":"Carrera 12G","tipo":"residential"},"geometry":{"type":"LineString","coordinates":[[-74.11731,4.56611],[-74.11741,4.56612],[-74.1175,4.56609],[-74.11765,4.56598],[-74.11773,4.56594],[-74.11776,4.56593],[-74.11779,4.56593],[-74.11782,4.56596]]}},{"type":"Feature","properties":{"id":"741028864","nom":"Carrera 12F","tipo":"residential"},"geometry":{"type":"LineString","coordinates":[[-74.11708,4.5659],[-74.11722,4.56584],[-74.11736,4.56575],[-74.11754,4.5656],[-74.1176,4.56556],[-74.11775,4.56538],[-74.11791,4.56528],[-74.11806,4.56528],[-74.1185,4.56544],[-74.11874,4.5655],[-74.11891,4.56549],[-74.1191,4.56546],[-74.11916,4.56544],[-74.11919,4.5654],[-74.11925,4.56526]]}},{"type":"Feature","properties":{"id":"741028865","nom":"Calle 49C Sur","tipo":"residential"},"geometry":{"type":"LineString","coordinates":[[-74.11925,4.56526],[-74.11939,4.56529],[-74.11954,4.56532],[-74.11962,4.56535],[-74.1197,4.56539],[-74.11976,4.56543],[-74.11988,4.56553],[-74.12008,4.56572],[-74.12024,4.56582],[-74.12039,4.56594],[-74.12056,4.56608],[-74.12061,4.56613],[-74.12073,4.56637],[-74.12078,4.56645],[-74.1208,4.56649],[-74.12082,4.56652],[-74.12085,4.56654],[-74.1209,4.56657],[-74.12102,4.5666],[-74.12109,4.56661],[-74.12115,4.56661],[-74.12118,4.56658]]}},{"type":"Feature","properties":{"id":"741028866","nom":"Calle 48 Sur","tipo":"residential"},"geometry":{"type":"LineString","coordinates":[[-74.11615,4.56591],[-74.11647,4.56627],[-74.11691,4.56676],[-74.1172,4.56708],[-74.1175,4.56746],[-74.1177,4.5677]]}},{"type":"Feature","properties":{"id":"741028867","nom":"Transversal 12G Bis","tipo":"residential"},"geometry":{"type":"LineString","coordinates":[[-74.11707,4.56718],[-74.11705,4.56725],[-74.11698,4.56755],[-74.1168,4.56835],[-74.11672,4.56874]]}},{"type":"Feature","properties":{"id":"741028868","nom":"Transversal 12H","tipo":"residential"},"geometry":{"type":"LineString","coordinates":[[-74.11783,4.56724],[-74.11782,4.56655],[-74.11782,4.56596]]}},{"type":"Feature","properties":{"id":"741028869","nom":"Transversal 12H Bis","tipo":"residential"},"geometry":{"type":"LineString","coordinates":[[-74.11791,4.56689],[-74.11783,4.56724]]}},{"type":"Feature","properties":{"id":"741028871","nom":"Transversal 13","tipo":"residential"},"geometry":{"type":"LineString","coordinates":[[-74.11827,4.56669],[-74.11823,4.56694],[-74.11821,4.56709],[-74.11807,4.56768],[-74.11806,4.56778]]}},{"type":"Feature","properties":{"id":"741028872","nom":"Calle 48D Sur","tipo":"residential"},"geometry":{"type":"LineString","coordinates":[[-74.11837,4.56669],[-74.11878,4.56729]]}},{"type":"Feature","properties":{"id":"741028873","nom":"Diagonal 49 Sur","tipo":"residential"},"geometry":{"type":"LineString","coordinates":[[-74.11837,4.56669],[-74.1189,4.56681],[-74.11926,4.56687],[-74.11962,4.56695],[-74.11998,4.56703],[-74.12009,4.56707],[-74.12034,4.56716]]}},{"type":"Feature","properties":{"id":"741028875","nom":"Diagonal 48B Sur","tipo":"residential"},"geometry":{"type":"LineString","coordinates":[[-74.11843,4.5672],[-74.11821,4.56709]]}},{"type":"Feature","properties":{"id":"741040456","nom":"Transversal 13C Bis","tipo":"residential"},"geometry":{"type":"LineString","coordinates":[[-74.11992,4.56734],[-74.11976,4.56813]]}},{"type":"Feature","properties":{"id":"741040457","nom":"Transversal 13F","tipo":"residential"},"geometry":{"type":"LineString","coordinates":[[-74.12068,4.56737],[-74.12049,4.56829]]}},{"type":"Feature","properties":{"id":"741040458","nom":"Transversal 13D","tipo":"residential"},"geometry":{"type":"LineString","coordinates":[[-74.12034,4.56716],[-74.12042,4.5668]]}},{"type":"Feature","properties":{"id":"741040463","nom":"Diagonal 49F Bis","tipo":"residential"},"geometry":{"type":"LineString","coordinates":[[-74.12181,4.56754],[-74.12128,4.56744]]}},{"type":"Feature","properties":{"id":"741040464","nom":"Carrera 13C","tipo":"residential"},"geometry":{"type":"LineString","coordinates":[[-74.12036,4.56662],[-74.12022,4.56672],[-74.12013,4.56678]]}},{"type":"Feature","properties":{"id":"741040476","nom":"Transversal 13H Bis A","tipo":"residential"},"geometry":{"type":"LineString","coordinates":[[-74.12278,4.56787],[-74.1228,4.56808]]}},{"type":"Feature","properties":{"id":"741040478","nom":"Transversal 13I","tipo":"residential"},"geometry":{"type":"LineString","coordinates":[[-74.12359,4.56685],[-74.12353,4.56642]]}},{"type":"Feature","properties":{"id":"741040490","nom":"Transversal 13H Bis A","tipo":"residential"},"geometry":{"type":"LineString","coordinates":[[-74.12307,4.56616],[-74.12305,4.56592]]}},{"type":"Feature","properties":{"id":"741040492","nom":"Calle 49F Sur","tipo":"residential"},"geometry":{"type":"LineString","coordinates":[[-74.12307,4.56536],[-74.12294,4.56505],[-74.12291,4.56499],[-74.12287,4.56494],[-74.12284,4.56491],[-74.1228,4.56487],[-74.12276,4.56479],[-74.12266,4.56458],[-74.12265,4.56452],[-74.12262,4.56441],[-74.12262,4.56435],[-74.12262,4.56427],[-74.12263,4.56422],[-74.12265,4.56417],[-74.12267,4.56404],[-74.12269,4.56395],[-74.12274,4.56381],[-74.12289,4.56353],[-74.12298,4.56337],[-74.1231,4.56327],[-74.12315,4.56321],[-74.12317,4.56315],[-74.12315,4.563],[-74.12314,4.56285]]}},{"type":"Feature","properties":{"id":"741040493","nom":"Transversal 13G Bis","tipo":"residential"},"geometry":{"type":"LineString","coordinates":[[-74.12235,4.56587],[-74.12232,4.56617]]}},{"type":"Feature","properties":{"id":"741040494","nom":"Transversal 13G Bis","tipo":"residential"},"geometry":{"type":"LineString","coordinates":[[-74.12226,4.56655],[-74.12229,4.56629]]}},{"type":"Feature","properties":{"id":"741040495","nom":"Diagonal 49D Bis Sur","tipo":"residential"},"geometry":{"type":"LineString","coordinates":[[-74.12278,4.56593],[-74.12235,4.56587]]}},{"type":"Feature","properties":{"id":"741040496","nom":"Transversal 13H","tipo":"residential"},"geometry":{"type":"LineString","coordinates":[[-74.12294,4.56505],[-74.12282,4.56572],[-74.12278,4.56593]]}},{"type":"Feature","properties":{"id":"741106674","nom":"Diagonal 49 Sur","tipo":"residential"},"geometry":{"type":"LineString","coordinates":[[-74.12528,4.56842],[-74.12561,4.56855],[-74.12566,4.56857]]}},{"type":"Feature","properties":{"id":"741106680","nom":"Carrera 13A","tipo":"residential"},"geometry":{"type":"LineString","coordinates":[[-74.12412,4.56469],[-74.12442,4.56453],[-74.12511,4.56418],[-74.12515,4.56415]]}},{"type":"Feature","properties":{"id":"741106683","nom":"Diagonal 49D Sur","tipo":"residential"},"geometry":{"type":"LineString","coordinates":[[-74.12493,4.56593],[-74.12517,4.56586],[-74.12539,4.56578]]}},{"type":"Feature","properties":{"id":"741106684","nom":"Calle 50A Sur","tipo":"residential"},"geometry":{"type":"LineString","coordinates":[[-74.12477,4.56587],[-74.12453,4.56537]]}},{"type":"Feature","properties":{"id":"741106685","nom":"Carrera 13C","tipo":"residential"},"geometry":{"type":"LineString","coordinates":[[-74.12525,4.56553],[-74.12504,4.56564]]}},{"type":"Feature","properties":{"id":"741106690","nom":"Carrera 13","tipo":"residential"},"geometry":{"type":"LineString","coordinates":[[-74.12266,4.56458],[-74.12257,4.56466],[-74.12248,4.5647],[-74.12241,4.56473]]}},{"type":"Feature","properties":{"id":"741106691","nom":"Calle 49D Bis B Sur","tipo":"residential"},"geometry":{"type":"LineString","coordinates":[[-74.12241,4.56473],[-74.12258,4.56506]]}},{"type":"Feature","properties":{"id":"741106692","nom":"Calle 49D Bis A Sur","tipo":"residential"},"geometry":{"type":"LineString","coordinates":[[-74.12202,4.56491],[-74.12203,4.56483],[-74.12206,4.56471],[-74.12209,4.56459],[-74.12214,4.56438],[-74.12217,4.5643],[-74.12223,4.56423],[-74.12229,4.56418],[-74.12251,4.56406],[-74.1226,4.56402],[-74.12269,4.56395]]}},{"type":"Feature","properties":{"id":"741106693","nom":"Carrera 13A","tipo":"residential"},"geometry":{"type":"LineString","coordinates":[[-74.12208,4.56552],[-74.12202,4.56556],[-74.12195,4.56557],[-74.12184,4.56557],[-74.12179,4.56558],[-74.12173,4.56559],[-74.1216,4.5656],[-74.12154,4.56565],[-74.12135,4.56576]]}},{"type":"Feature","properties":{"id":"741106694","nom":"Calle 49C Bis Sur","tipo":"residential"},"geometry":{"type":"LineString","coordinates":[[-74.12135,4.56576],[-74.12125,4.56576],[-74.12117,4.56575],[-74.12114,4.56575],[-74.12105,4.56572],[-74.12097,4.56571],[-74.12087,4.56566]]}},{"type":"Feature","properties":{"id":"741106696","nom":"Calle 49C Bis A Sur","tipo":"residential"},"geometry":{"type":"LineString","coordinates":[[-74.12154,4.56565],[-74.12128,4.56525],[-74.12125,4.56522],[-74.1212,4.56518],[-74.12112,4.56513],[-74.12102,4.56509],[-74.12097,4.56504],[-74.12094,4.56497],[-74.12092,4.56491],[-74.12092,4.56489],[-74.12092,4.56483],[-74.12093,4.56476],[-74.12096,4.56469],[-74.12099,4.56465],[-74.12102,4.5646],[-74.12104,4.56453],[-74.12105,4.56446],[-74.12107,4.56441],[-74.1211,4.56439],[-74.12117,4.56434],[-74.12124,4.56428],[-74.12126,4.56426],[-74.12125,4.56421],[-74.12123,4.56416],[-74.12118,4.56409]]}},{"type":"Feature","properties":{"id":"741106697","nom":"Calle 49D Sur","tipo":"residential"},"geometry":{"type":"LineString","coordinates":[[-74.12173,4.56559],[-74.12146,4.56516]]}},{"type":"Feature","properties":{"id":"741106698","nom":"Calle 49D Bis Sur","tipo":"residential"},"geometry":{"type":"LineString","coordinates":[[-74.12173,4.56501],[-74.12186,4.56529],[-74.12179,4.56558]]}},{"type":"Feature","properties":{"id":"741106699","nom":"Carrera 13","tipo":"residential"},"geometry":{"type":"LineString","coordinates":[[-74.12114,4.56575],[-74.1211,4.56557],[-74.12108,4.56551],[-74.12109,4.56542],[-74.12111,4.56537],[-74.12118,4.5653],[-74.12128,4.56525],[-74.12146,4.56516],[-74.12173,4.56501],[-74.12178,4.56498],[-74.12183,4.56497],[-74.12191,4.56496],[-74.12195,4.56496],[-74.12199,4.56499],[-74.12203,4.565],[-74.12207,4.565]]}},{"type":"Feature","properties":{"id":"741106700","nom":"","tipo":"residential"},"geometry":{"type":"LineString","coordinates":[[-74.12202,4.56491],[-74.12197,4.56482],[-74.12194,4.56474],[-74.12194,4.56463],[-74.12194,4.56453],[-74.12194,4.56448],[-74.12193,4.56443],[-74.12189,4.56433],[-74.12186,4.56426],[-74.12182,4.5642],[-74.12177,4.56416],[-74.12172,4.56413],[-74.12163,4.56411],[-74.12151,4.56413],[-74.12139,4.56413],[-74.12126,4.5641],[-74.12118,4.56409],[-74.12107,4.56409],[-74.12096,4.56411],[-74.12089,4.56414],[-74.12084,4.56418],[-74.12081,4.56424],[-74.12079,4.56429],[-74.12074,4.56431],[-74.1207,4.56432],[-74.12063,4.56433],[-74.1206,4.56434],[-74.12049,4.56434],[-74.12038,4.56433],[-74.12035,4.5644],[-74.12034,4.56443],[-74.12032,4.56452],[-74.1203,4.56457],[-74.12027,4.56458],[-74.12024,4.56459],[-74.1202,4.56457],[-74.12016,4.56452],[-74.12015,4.5645],[-74.12013,4.56444],[-74.12012,4.56438],[-74.12013,4.56411],[-74.12012,4.56407],[-74.12011,4.56401],[-74.12009,4.56396],[-74.12005,4.56393],[-74.12,4.5639],[-74.11992,4.56388],[-74.11981,4.56388],[-74.11978,4.56387],[-74.11976,4.56385],[-74.11975,4.5638],[-74.11979,4.56356]]}},{"type":"Feature","properties":{"id":"741106701","nom":"Carrera 13","tipo":"residential"},"geometry":{"type":"LineString","coordinates":[[-74.12303,4.56432],[-74.12336,4.56416],[-74.12362,4.56404],[-74.12391,4.5639],[-74.12403,4.56384],[-74.12437,4.56367],[-74.12456,4.56356],[-74.12462,4.56353],[-74.12465,4.56351]]}},{"type":"Feature","properties":{"id":"741106702","nom":"Carrera 13","tipo":"residential"},"geometry":{"type":"LineString","coordinates":[[-74.12465,4.56351],[-74.12471,4.56347],[-74.12473,4.56346],[-74.12475,4.56345],[-74.12478,4.56345],[-74.1248,4.56346],[-74.12482,4.56348],[-74.12486,4.56354]]}},{"type":"Feature","properties":{"id":"741106703","nom":"Carrera 13","tipo":"residential"},"geometry":{"type":"LineString","coordinates":[[-74.12482,4.56318],[-74.12477,4.56329],[-74.12465,4.56351]]}},{"type":"Feature","properties":{"id":"741106705","nom":"Carrera 12C","tipo":"residential"},"geometry":{"type":"LineString","coordinates":[[-74.12437,4.56258],[-74.12458,4.56249]]}},{"type":"Feature","properties":{"id":"741106706","nom":"Carrera 12C","tipo":"residential"},"geometry":{"type":"LineString","coordinates":[[-74.12374,4.56292],[-74.12369,4.56296],[-74.12357,4.56303],[-74.1235,4.56308],[-74.12346,4.56308]]}},{"type":"Feature","properties":{"id":"741106712","nom":"Carrera 12A","tipo":"residential"},"geometry":{"type":"LineString","coordinates":[[-74.12395,4.56105],[-74.12392,4.56111],[-74.12387,4.5612],[-74.12385,4.56124],[-74.12381,4.56127],[-74.12377,4.56131],[-74.12368,4.56137],[-74.12338,4.56151]]}},{"type":"Feature","properties":{"id":"741106713","nom":"Carrera 12","tipo":"residential"},"geometry":{"type":"LineString","coordinates":[[-74.12405,4.56083],[-74.124,4.56085],[-74.12352,4.56108]]}},{"type":"Feature","properties":{"id":"741117825","nom":"Carrera 11B","tipo":"residential"},"geometry":{"type":"LineString","coordinates":[[-74.12329,4.56018],[-74.12361,4.56003],[-74.12365,4.56001]]}},{"type":"Feature","properties":{"id":"741117826","nom":"Calle 50C Sur","tipo":"residential"},"geometry":{"type":"LineString","coordinates":[[-74.12355,4.56073],[-74.12342,4.56046],[-74.12329,4.56018]]}},{"type":"Feature","properties":{"id":"741117830","nom":"Carrera 11A","tipo":"residential"},"geometry":{"type":"LineString","coordinates":[[-74.12312,4.55969],[-74.12276,4.55987],[-74.12248,4.56001],[-74.1222,4.56015],[-74.12193,4.56029],[-74.12169,4.56041],[-74.12146,4.56052],[-74.1208,4.56082],[-74.12073,4.56086],[-74.12067,4.56091],[-74.12062,4.56096],[-74.12058,4.56104],[-74.12045,4.56132]]}},{"type":"Feature","properties":{"id":"741117835","nom":"Carrera 12A","tipo":"residential"},"geometry":{"type":"LineString","coordinates":[[-74.12231,4.562],[-74.12259,4.562]]}},{"type":"Feature","properties":{"id":"741117837","nom":"Calle 49G Sur","tipo":"residential"},"geometry":{"type":"LineString","coordinates":[[-74.12186,4.5625],[-74.12189,4.56203],[-74.1219,4.56189]]}},{"type":"Feature","properties":{"id":"741117840","nom":"Transversal 11D","tipo":"residential"},"geometry":{"type":"LineString","coordinates":[[-74.1205,4.56217],[-74.12067,4.56189],[-74.12089,4.56157],[-74.12098,4.56149]]}},{"type":"Feature","properties":{"id":"741117841","nom":"Diagonal 49C Bis A Sur","tipo":"residential"},"geometry":{"type":"LineString","coordinates":[[-74.12076,4.56241],[-74.12074,4.56269]]}},{"type":"Feature","properties":{"id":"741117853","nom":"Carrera 12 Bis","tipo":"residential"},"geometry":{"type":"LineString","coordinates":[[-74.11989,4.56307],[-74.11956,4.56341]]}},{"type":"Feature","properties":{"id":"741117854","nom":"Calle 48I Bis B Sur","tipo":"residential"},"geometry":{"type":"LineString","coordinates":[[-74.11836,4.56353],[-74.11841,4.56364],[-74.11891,4.56454],[-74.11911,4.5649],[-74.11925,4.56526]]}},{"type":"Feature","properties":{"id":"741117855","nom":"Carrera 11C","tipo":"residential"},"geometry":{"type":"LineString","coordinates":[[-74.11823,4.56285],[-74.11849,4.56273]]}},{"type":"Feature","properties":{"id":"741117856","nom":"Calle 48J Bis Sur","tipo":"residential"},"geometry":{"type":"LineString","coordinates":[[-74.11819,4.56217],[-74.11811,4.56198]]}},{"type":"Feature","properties":{"id":"741117857","nom":"Calle 48I Bis A Sur","tipo":"residential"},"geometry":{"type":"LineString","coordinates":[[-74.11712,4.56141],[-74.11684,4.56089],[-74.11636,4.56003],[-74.11634,4.56]]}},{"type":"Feature","properties":{"id":"741117860","nom":"Carrera 10D","tipo":"residential"},"geometry":{"type":"LineString","coordinates":[[-74.11873,4.56093],[-74.11915,4.56074],[-74.11919,4.56071],[-74.11922,4.56067]]}},{"type":"Feature","properties":{"id":"741117864","nom":"","tipo":"residential"},"geometry":{"type":"LineString","coordinates":[[-74.11971,4.56036],[-74.11938,4.56042],[-74.11926,4.56044]]}},{"type":"Feature","properties":{"id":"741117866","nom":"Calle 49H Sur","tipo":"residential"},"geometry":{"type":"LineString","coordinates":[[-74.12103,4.55975],[-74.121,4.55964],[-74.12093,4.55938],[-74.12088,4.5592],[-74.12085,4.55912],[-74.12085,4.55909]]}},{"type":"Feature","properties":{"id":"741117868","nom":"Calle 50A Sur","tipo":"residential"},"geometry":{"type":"LineString","coordinates":[[-74.12248,4.56001],[-74.12271,4.56045]]}},{"type":"Feature","properties":{"id":"741131326","nom":"Calle 44 Bis Sur","tipo":"residential"},"geometry":{"type":"LineString","coordinates":[[-74.11191,4.56276],[-74.11195,4.56308]]}},{"type":"Feature","properties":{"id":"741131328","nom":"Carrera 10B","tipo":"residential"},"geometry":{"type":"LineString","coordinates":[[-74.11434,4.56287],[-74.11378,4.56287]]}},{"type":"Feature","properties":{"id":"741131329","nom":"Carrera 10B Bis","tipo":"residential"},"geometry":{"type":"LineString","coordinates":[[-74.1142,4.56307],[-74.11383,4.56307]]}},{"type":"Feature","properties":{"id":"741131330","nom":"Calle 48D Sur","tipo":"residential"},"geometry":{"type":"LineString","coordinates":[[-74.11556,4.56391],[-74.1155,4.56383],[-74.11541,4.56374],[-74.11516,4.56354],[-74.11487,4.56338],[-74.11474,4.56333],[-74.11465,4.56333],[-74.11457,4.56335],[-74.11446,4.56337],[-74.11437,4.56338]]}},{"type":"Feature","properties":{"id":"741131331","nom":"Carrera 11A","tipo":"residential"},"geometry":{"type":"LineString","coordinates":[[-74.1154,4.56406],[-74.11545,4.56408],[-74.1155,4.56408],[-74.11553,4.56406],[-74.11555,4.56404],[-74.11557,4.564],[-74.11556,4.56391]]}},{"type":"Feature","properties":{"id":"741131332","nom":"Calle 48C Sur","tipo":"residential"},"geometry":{"type":"LineString","coordinates":[[-74.11437,4.56338],[-74.11428,4.56338],[-74.11416,4.56335],[-74.11403,4.56333],[-74.11396,4.56329],[-74.11388,4.56323],[-74.11386,4.56318],[-74.11383,4.56307],[-74.11378,4.56287],[-74.1137,4.56249]]}},{"type":"Feature","properties":{"id":"741131333","nom":"Carrera 10","tipo":"residential"},"geometry":{"type":"LineString","coordinates":[[-74.11593,4.56314],[-74.11559,4.56295],[-74.11542,4.56291],[-74.11509,4.56286],[-74.11493,4.56284],[-74.11482,4.56285],[-74.11474,4.56291],[-74.11472,4.56295],[-74.1147,4.56301],[-74.11466,4.56308],[-74.11462,4.56312],[-74.11454,4.56319],[-74.11446,4.56327],[-74.11441,4.56332],[-74.11437,4.56338]]}},{"type":"Feature","properties":{"id":"741131335","nom":"Diagonal 48B Sur","tipo":"residential"},"geometry":{"type":"LineString","coordinates":[[-74.11527,4.56424],[-74.11507,4.56375]]}},{"type":"Feature","properties":{"id":"741131336","nom":"Calle 48C Sur","tipo":"residential"},"geometry":{"type":"LineString","coordinates":[[-74.11507,4.56375],[-74.11518,4.56383],[-74.1154,4.56406]]}},{"type":"Feature","properties":{"id":"741131337","nom":"Carrera 11A","tipo":"residential"},"geometry":{"type":"LineString","coordinates":[[-74.11509,4.56446],[-74.11527,4.56424]]}},{"type":"Feature","properties":{"id":"741131338","nom":"Calle 48B Sur","tipo":"residential"},"geometry":{"type":"LineString","coordinates":[[-74.1147,4.56365],[-74.11474,4.56363],[-74.11478,4.56362],[-74.11483,4.56362],[-74.11488,4.56363],[-74.11493,4.56365],[-74.11501,4.56372],[-74.11507,4.56375]]}},{"type":"Feature","properties":{"id":"741131339","nom":"Calle 48A Sur","tipo":"residential"},"geometry":{"type":"LineString","coordinates":[[-74.1147,4.56365],[-74.11478,4.56374],[-74.11489,4.56388],[-74.11495,4.56399],[-74.11499,4.56409],[-74.11502,4.56422],[-74.11505,4.56435],[-74.11509,4.56446],[-74.11513,4.56455],[-74.11519,4.56466],[-74.1152,4.5647],[-74.11526,4.56486]]}},{"type":"Feature","properties":{"id":"741131341","nom":"Carrera 11D","tipo":"residential"},"geometry":{"type":"LineString","coordinates":[[-74.1156,4.56489],[-74.11547,4.56508]]}},{"type":"Feature","properties":{"id":"741131342","nom":"Carrera 11C","tipo":"residential"},"geometry":{"type":"LineString","coordinates":[[-74.11551,4.56461],[-74.11526,4.56486]]}},{"type":"Feature","properties":{"id":"741131343","nom":"Carrera 11B","tipo":"residential"},"geometry":{"type":"LineString","coordinates":[[-74.1154,4.56446],[-74.11519,4.56466]]}},{"type":"Feature","properties":{"id":"741131344","nom":"Calle 48D Sur","tipo":"residential"},"geometry":{"type":"LineString","coordinates":[[-74.11469,4.56203],[-74.11457,4.56162]]}},{"type":"Feature","properties":{"id":"741131356","nom":"Transversal 9 Bis","tipo":"tertiary"},"geometry":{"type":"LineString","coordinates":[[-74.11688,4.55927],[-74.11675,4.55943],[-74.11661,4.55958],[-74.1165,4.55974],[-74.11645,4.55981],[-74.11641,4.55987],[-74.11637,4.55995],[-74.11634,4.56]]}},{"type":"Feature","properties":{"id":"741132842","nom":"Calle 50A Sur","tipo":"residential"},"geometry":{"type":"LineString","coordinates":[[-74.12176,4.55791],[-74.12176,4.55794],[-74.12176,4.55818],[-74.12181,4.55823],[-74.12196,4.55841],[-74.12202,4.55849]]}},{"type":"Feature","properties":{"id":"741705589","nom":"Transversal 5J","tipo":"secondary"},"geometry":{"type":"LineString","coordinates":[[-74.11143,4.55885],[-74.1114,4.55893],[-74.11136,4.55902],[-74.1113,4.55912],[-74.11116,4.55936],[-74.11113,4.5594],[-74.11095,4.55971],[-74.1107,4.56011],[-74.11066,4.5602],[-74.11063,4.56032],[-74.11063,4.56041],[-74.11063,4.56058],[-74.11063,4.56069],[-74.11063,4.56101],[-74.11064,4.56134],[-74.11064,4.56162],[-74.11061,4.56176],[-74.11058,4.56187],[-74.11055,4.56195],[-74.11051,4.56204],[-74.11047,4.56212],[-74.11042,4.56218],[-74.11038,4.56223]]}},{"type":"Feature","properties":{"id":"741705593","nom":"Transversal 5L","tipo":"residential"},"geometry":{"type":"LineString","coordinates":[[-74.11152,4.56169],[-74.11153,4.56186],[-74.11154,4.56213],[-74.11156,4.56248],[-74.11159,4.56256],[-74.11161,4.56259],[-74.11163,4.56262],[-74.11168,4.56268],[-74.11176,4.56278]]}},{"type":"Feature","properties":{"id":"741705598","nom":"Diagonal 48F Sur","tipo":"residential"},"geometry":{"type":"LineString","coordinates":[[-74.11143,4.55829],[-74.11149,4.55829],[-74.11185,4.55828]]}},{"type":"Feature","properties":{"id":"741705606","nom":"Calle 48J Bis Sur","tipo":"residential"},"geometry":{"type":"LineString","coordinates":[[-74.11263,4.55768],[-74.11193,4.55735],[-74.1119,4.55733]]}},{"type":"Feature","properties":{"id":"741705618","nom":"Transversal 5N","tipo":"residential"},"geometry":{"type":"LineString","coordinates":[[-74.11311,4.55953],[-74.11309,4.55963],[-74.11301,4.55995],[-74.113,4.55998],[-74.113,4.56009]]}},{"type":"Feature","properties":{"id":"741705627","nom":"Diagonal 48A Bis A Sur","tipo":"residential"},"geometry":{"type":"LineString","coordinates":[[-74.11301,4.55995],[-74.11269,4.55989]]}},{"type":"Feature","properties":{"id":"741705628","nom":"Transversal 5Q","tipo":"residential"},"geometry":{"type":"LineString","coordinates":[[-74.11408,4.56012],[-74.11402,4.56013],[-74.11375,4.56024]]}},{"type":"Feature","properties":{"id":"741705629","nom":"Transversal 5Q","tipo":"residential"},"geometry":{"type":"LineString","coordinates":[[-74.11406,4.56028],[-74.11408,4.56012]]}},{"type":"Feature","properties":{"id":"741705641","nom":"Diagonal 48M Sur","tipo":"residential"},"geometry":{"type":"LineString","coordinates":[[-74.11398,4.55675],[-74.11454,4.55681]]}},{"type":"Feature","properties":{"id":"741718802","nom":"Transversal 5N Bis","tipo":"tertiary"},"geometry":{"type":"LineString","coordinates":[[-74.11491,4.55492],[-74.11475,4.55494],[-74.11456,4.55496],[-74.11451,4.55497],[-74.11426,4.55501],[-74.11423,4.55502],[-74.11411,4.55504],[-74.11399,4.55505],[-74.1137,4.5551],[-74.11343,4.55514],[-74.1132,4.55517],[-74.11314,4.55517],[-74.11304,4.55518],[-74.11292,4.55518]]}},{"type":"Feature","properties":{"id":"741718813","nom":"Diagonal 48Y Sur","tipo":"tertiary"},"geometry":{"type":"LineString","coordinates":[[-74.1167,4.55542],[-74.11663,4.55537],[-74.11662,4.55536],[-74.11645,4.55524],[-74.11633,4.55516],[-74.11621,4.55511],[-74.11614,4.55509],[-74.11605,4.55505],[-74.11593,4.55501],[-74.11586,4.555],[-74.11573,4.55498],[-74.11563,4.55496],[-74.11556,4.55495],[-74.11546,4.55494],[-74.11531,4.55493],[-74.11518,4.55492],[-74.11507,4.55491],[-74.11497,4.55491],[-74.11491,4.55492]]}},{"type":"Feature","properties":{"id":"741718821","nom":"Diagonal 48N Sur","tipo":"residential"},"geometry":{"type":"LineString","coordinates":[[-74.11531,4.55687],[-74.11544,4.55692],[-74.11569,4.557]]}},{"type":"Feature","properties":{"id":"741718825","nom":"Diagonal 48J Sur","tipo":"residential"},"geometry":{"type":"LineString","coordinates":[[-74.11661,4.55958],[-74.11658,4.55957],[-74.11626,4.55948],[-74.11621,4.55946]]}},{"type":"Feature","properties":{"id":"741718826","nom":"Carrera 8","tipo":"residential"},"geometry":{"type":"LineString","coordinates":[[-74.11621,4.55946],[-74.11615,4.55948],[-74.11573,4.55965]]}},{"type":"Feature","properties":{"id":"741718833","nom":"Diagonal 48I Sur","tipo":"residential"},"geometry":{"type":"LineString","coordinates":[[-74.11458,4.55881],[-74.1142,4.55888]]}},{"type":"Feature","properties":{"id":"741718841","nom":"Calle 49B Bis Sur","tipo":"tertiary"},"geometry":{"type":"LineString","coordinates":[[-74.11784,4.5571],[-74.11784,4.55688],[-74.11784,4.55679],[-74.11782,4.5567],[-74.1178,4.55663],[-74.11776,4.55652],[-74.11761,4.55615],[-74.11759,4.55611],[-74.11758,4.55609],[-74.11752,4.55602],[-74.11749,4.55598],[-74.11743,4.55593],[-74.11736,4.55588],[-74.11719,4.55576],[-74.1167,4.55542]]}},{"type":"Feature","properties":{"id":"741718842","nom":"Diagonal 48X Bis Sur","tipo":"residential"},"geometry":{"type":"LineString","coordinates":[[-74.11685,4.55604],[-74.11693,4.55602],[-74.11755,4.55609],[-74.11758,4.55609]]}},{"type":"Feature","properties":{"id":"741718845","nom":"Diagonal 48R Sur","tipo":"residential"},"geometry":{"type":"LineString","coordinates":[[-74.11661,4.55655],[-74.11772,4.55652],[-74.11776,4.55652]]}},{"type":"Feature","properties":{"id":"741813974","nom":"Calle 27 Sur","tipo":"secondary"},"geometry":{"type":"LineString","coordinates":[[-74.09635,4.57082],[-74.09591,4.57042],[-74.09534,4.56988],[-74.09529,4.56983],[-74.09504,4.5696],[-74.09474,4.56931],[-74.09471,4.56928],[-74.09447,4.56904]]}},{"type":"Feature","properties":{"id":"741926170","nom":"Carrera 10","tipo":"tertiary"},"geometry":{"type":"LineString","coordinates":[[-74.12282,4.5584],[-74.12287,4.55837],[-74.12298,4.5583],[-74.12333,4.55807]]}},{"type":"Feature","properties":{"id":"741926171","nom":"Calle 48J Sur","tipo":"secondary"},"geometry":{"type":"LineString","coordinates":[[-74.11141,4.55744],[-74.11147,4.55745],[-74.11184,4.55745]]}},{"type":"Feature","properties":{"id":"741926173","nom":"Diagonal 50 Sur","tipo":"secondary"},"geometry":{"type":"LineString","coordinates":[[-74.118,4.55182],[-74.1181,4.55191],[-74.11814,4.55195],[-74.11816,4.55198],[-74.11819,4.55203],[-74.11826,4.55219],[-74.11842,4.55252],[-74.11843,4.55254],[-74.11844,4.55256],[-74.11846,4.55259],[-74.11848,4.55261],[-74.11852,4.55263],[-74.11857,4.55265],[-74.11864,4.55267],[-74.11881,4.55271],[-74.11887,4.55273],[-74.11891,4.55275],[-74.11896,4.55277],[-74.11902,4.55282],[-74.11907,4.55286],[-74.11911,4.55289],[-74.11915,4.55293],[-74.1192,4.55299],[-74.11922,4.55302],[-74.11925,4.55305],[-74.11928,4.55311]]}},{"type":"Feature","properties":{"id":"741940634","nom":"Calle 50B Sur","tipo":"secondary"},"geometry":{"type":"LineString","coordinates":[[-74.11997,4.55337],[-74.12032,4.5541],[-74.12048,4.55445],[-74.12069,4.5549],[-74.12073,4.55496],[-74.12077,4.55501],[-74.12081,4.55507],[-74.12086,4.55511],[-74.12089,4.55514],[-74.1211,4.55529],[-74.12113,4.55531],[-74.12116,4.55535],[-74.12118,4.55537],[-74.12119,4.55539],[-74.12121,4.5555],[-74.12129,4.5559]]}},{"type":"Feature","properties":{"id":"741940637","nom":"Calle 49B Sur","tipo":"tertiary"},"geometry":{"type":"LineString","coordinates":[[-74.11467,4.54982],[-74.11452,4.54967],[-74.11434,4.54949]]}},{"type":"Feature","properties":{"id":"741940638","nom":"Calle 49B Sur","tipo":"tertiary"},"geometry":{"type":"LineString","coordinates":[[-74.11434,4.54949],[-74.11423,4.54936]]}},{"type":"Feature","properties":{"id":"741940640","nom":"Diagonal 50 Sur","tipo":"tertiary"},"geometry":{"type":"LineString","coordinates":[[-74.11568,4.54998],[-74.11579,4.55003],[-74.11593,4.55012],[-74.11616,4.55028],[-74.11634,4.55041],[-74.11639,4.55046],[-74.11661,4.55064],[-74.11676,4.55076],[-74.11686,4.55085],[-74.11707,4.55103],[-74.11729,4.55124],[-74.1175,4.55141],[-74.118,4.55182]]}},{"type":"Feature","properties":{"id":"741940641","nom":"Calle 49 Bis Sur","tipo":"tertiary"},"geometry":{"type":"LineString","coordinates":[[-74.11352,4.54978],[-74.11355,4.54982],[-74.11359,4.54986],[-74.11364,4.54989],[-74.11368,4.5499]]}},{"type":"Feature","properties":{"id":"741940643","nom":"Transversal 5I Bis","tipo":"tertiary"},"geometry":{"type":"LineString","coordinates":[[-74.11368,4.5499],[-74.11373,4.5499],[-74.11379,4.5499],[-74.1142,4.54986],[-74.11467,4.54982]]}},{"type":"Feature","properties":{"id":"741940644","nom":"Calle 48X Sur","tipo":"residential"},"geometry":{"type":"LineString","coordinates":[[-74.11255,4.55046],[-74.11247,4.5504],[-74.1123,4.55028],[-74.11209,4.55013],[-74.11136,4.54961]]}},{"type":"Feature","properties":{"id":"741940655","nom":"Calle 48X Sur","tipo":"residential"},"geometry":{"type":"LineString","coordinates":[[-74.11402,4.55372],[-74.11401,4.55368],[-74.11352,4.55256]]}},{"type":"Feature","properties":{"id":"741940659","nom":"Calle 49G Sur","tipo":"tertiary"},"geometry":{"type":"LineString","coordinates":[[-74.11829,4.55441],[-74.11834,4.5545],[-74.11853,4.55491],[-74.11873,4.55535]]}},{"type":"Feature","properties":{"id":"741940660","nom":"Calle 49G Sur","tipo":"tertiary"},"geometry":{"type":"LineString","coordinates":[[-74.11873,4.55535],[-74.11877,4.55539],[-74.11883,4.55546]]}},{"type":"Feature","properties":{"id":"741940662","nom":"Carrera 5X","tipo":"residential"},"geometry":{"type":"LineString","coordinates":[[-74.11985,4.55432],[-74.11989,4.5543],[-74.12028,4.55411],[-74.12032,4.5541]]}},{"type":"Feature","properties":{"id":"741940664","nom":"Carrera 5X","tipo":"residential"},"geometry":{"type":"LineString","coordinates":[[-74.11853,4.55491],[-74.11939,4.55452]]}},{"type":"Feature","properties":{"id":"741940665","nom":"Carrera 7","tipo":"secondary"},"geometry":{"type":"LineString","coordinates":[[-74.12146,4.55637],[-74.1214,4.5564],[-74.12137,4.55641],[-74.12131,4.55644],[-74.12097,4.5566],[-74.12093,4.55662]]}},{"type":"Feature","properties":{"id":"741940666","nom":"Calle 49H Sur","tipo":"residential"},"geometry":{"type":"LineString","coordinates":[[-74.11995,4.55674],[-74.1201,4.55706],[-74.12015,4.55715],[-74.1203,4.55748],[-74.1205,4.5579],[-74.12052,4.55794]]}},{"type":"Feature","properties":{"id":"741940668","nom":"Calle 49G Sur","tipo":"residential"},"geometry":{"type":"LineString","coordinates":[[-74.11956,4.55651],[-74.11956,4.55654],[-74.11956,4.55656],[-74.11956,4.55677],[-74.11956,4.55678],[-74.11955,4.5568]]}},{"type":"Feature","properties":{"id":"742977413","nom":"Calle 49A Sur","tipo":"residential"},"geometry":{"type":"LineString","coordinates":[[-74.11294,4.54839],[-74.1136,4.54926]]}},{"type":"Feature","properties":{"id":"742977414","nom":"Calle 49B Sur","tipo":"tertiary"},"geometry":{"type":"LineString","coordinates":[[-74.11268,4.54735],[-74.11251,4.5471],[-74.11239,4.54693],[-74.11228,4.54678],[-74.11225,4.54674],[-74.11217,4.54664],[-74.1121,4.54656],[-74.11208,4.54654],[-74.11206,4.54652],[-74.11204,4.54651],[-74.11201,4.5465],[-74.11187,4.54645],[-74.11174,4.54641],[-74.11164,4.54636],[-74.11154,4.54631]]}},{"type":"Feature","properties":{"id":"742981753","nom":"Carrera 5F","tipo":"residential"},"geometry":{"type":"LineString","coordinates":[[-74.11049,4.55555],[-74.1108,4.55491],[-74.11105,4.5544],[-74.11108,4.55433]]}},{"type":"Feature","properties":{"id":"743185170","nom":"Calle 48Q Sur","tipo":"residential"},"geometry":{"type":"LineString","coordinates":[[-74.10958,4.55103],[-74.10982,4.55109],[-74.11006,4.55115],[-74.1103,4.55116],[-74.11121,4.55111],[-74.11132,4.55109],[-74.11134,4.55108]]}},{"type":"Feature","properties":{"id":"743376992","nom":"Calle 39A Sur","tipo":"residential"},"geometry":{"type":"LineString","coordinates":[[-74.10613,4.56446],[-74.10622,4.56444],[-74.10627,4.56443],[-74.10631,4.56441],[-74.10652,4.56432],[-74.10665,4.56426],[-74.10704,4.56408],[-74.10707,4.56407],[-74.10723,4.56402],[-74.10729,4.564],[-74.10734,4.56399],[-74.10767,4.56402]]}},{"type":"Feature","properties":{"id":"743376995","nom":"Carrera 9F","tipo":"residential"},"geometry":{"type":"LineString","coordinates":[[-74.10658,4.56481],[-74.10666,4.56493],[-74.1067,4.56499],[-74.10671,4.56507],[-74.1067,4.5652]]}},{"type":"Feature","properties":{"id":"743377005","nom":"Carrera 9F","tipo":"residential"},"geometry":{"type":"LineString","coordinates":[[-74.10741,4.56356],[-74.10748,4.56354],[-74.10755,4.56353],[-74.10765,4.56354],[-74.10772,4.56356],[-74.10779,4.56359],[-74.10783,4.56362],[-74.10787,4.56365],[-74.10797,4.56377],[-74.10799,4.56379],[-74.10802,4.56383],[-74.10806,4.56385]]}},{"type":"Feature","properties":{"id":"743402523","nom":"Diagonal 40 Sur","tipo":"residential"},"geometry":{"type":"LineString","coordinates":[[-74.10721,4.56255],[-74.10723,4.56259],[-74.10723,4.56263],[-74.10725,4.56276],[-74.10728,4.56288],[-74.10733,4.56314],[-74.10741,4.56356]]}},{"type":"Feature","properties":{"id":"743402524","nom":"Diagonal 41 Bis Sur","tipo":"residential"},"geometry":{"type":"LineString","coordinates":[[-74.10811,4.56339],[-74.10802,4.56286],[-74.10797,4.56259]]}},{"type":"Feature","properties":{"id":"743402526","nom":"Calle 39D Sur","tipo":"residential"},"geometry":{"type":"LineString","coordinates":[[-74.10603,4.56261],[-74.10586,4.56241],[-74.1057,4.56223]]}},{"type":"Feature","properties":{"id":"743402527","nom":"Carrera 8A","tipo":"residential"},"geometry":{"type":"LineString","coordinates":[[-74.10586,4.56241],[-74.10609,4.56215],[-74.10624,4.562]]}},{"type":"Feature","properties":{"id":"743402529","nom":"Carrera 8 Bis A","tipo":"residential"},"geometry":{"type":"LineString","coordinates":[[-74.1057,4.56223],[-74.10578,4.56213],[-74.10606,4.56183]]}},{"type":"Feature","properties":{"id":"743402530","nom":"Calle 39D Bis Sur","tipo":"residential"},"geometry":{"type":"LineString","coordinates":[[-74.10578,4.56213],[-74.1056,4.56195]]}},{"type":"Feature","properties":{"id":"743402531","nom":"Carrera 8 Bis","tipo":"residential"},"geometry":{"type":"LineString","coordinates":[[-74.10611,4.56147],[-74.10589,4.56167],[-74.10571,4.56185],[-74.10567,4.56189],[-74.1056,4.56195]]}},{"type":"Feature","properties":{"id":"743402532","nom":"Carrera 8","tipo":"residential"},"geometry":{"type":"LineString","coordinates":[[-74.1058,4.56122],[-74.10577,4.56124],[-74.10574,4.56127],[-74.10573,4.5615],[-74.10552,4.56171]]}},{"type":"Feature","properties":{"id":"743402533","nom":"Carrera 7B","tipo":"residential"},"geometry":{"type":"LineString","coordinates":[[-74.10552,4.56136],[-74.10534,4.56153]]}},{"type":"Feature","properties":{"id":"743402534","nom":"Transversal 9B","tipo":"residential"},"geometry":{"type":"LineString","coordinates":[[-74.10623,4.56333],[-74.10632,4.56319],[-74.10641,4.56302],[-74.10646,4.56293],[-74.10656,4.56268],[-74.10669,4.56244],[-74.10686,4.5622]]}},{"type":"Feature","properties":{"id":"743402539","nom":"Calle 44 Sur","tipo":"residential"},"geometry":{"type":"LineString","coordinates":[[-74.10851,4.56314],[-74.10848,4.56315],[-74.10817,4.56321]]}},{"type":"Feature","properties":{"id":"743402540","nom":"Calle 44 Bis Sur","tipo":"residential"},"geometry":{"type":"LineString","coordinates":[[-74.10892,4.56274],[-74.10916,4.56281]]}},{"type":"Feature","properties":{"id":"743402542","nom":"Calle 44B Sur","tipo":"residential"},"geometry":{"type":"LineString","coordinates":[[-74.10878,4.56145],[-74.10906,4.56152]]}},{"type":"Feature","properties":{"id":"743402545","nom":"Calle 48B Sur","tipo":"residential"},"geometry":{"type":"LineString","coordinates":[[-74.11116,4.55936],[-74.11112,4.55935]]}},{"type":"Feature","properties":{"id":"743402546","nom":"Calle 48A Sur","tipo":"residential"},"geometry":{"type":"LineString","coordinates":[[-74.10907,4.55984],[-74.1092,4.55987],[-74.1095,4.55995],[-74.11011,4.56011],[-74.11026,4.56015],[-74.11039,4.56016]]}},{"type":"Feature","properties":{"id":"743402547","nom":"Calle 48B Sur","tipo":"residential"},"geometry":{"type":"LineString","coordinates":[[-74.11039,4.55948],[-74.11033,4.5594],[-74.11025,4.55933],[-74.11015,4.55925],[-74.1099,4.55912],[-74.10967,4.55907],[-74.10941,4.55899],[-74.10932,4.55898]]}},{"type":"Feature","properties":{"id":"743402562","nom":"Diagonal 48J Sur","tipo":"tertiary"},"geometry":{"type":"LineString","coordinates":[[-74.10791,4.55686],[-74.10793,4.55687],[-74.10795,4.55688],[-74.10799,4.55689],[-74.1082,4.55687],[-74.10833,4.55685],[-74.10847,4.55684],[-74.10853,4.55683],[-74.10873,4.55681],[-74.10878,4.55681],[-74.10901,4.55679],[-74.10921,4.55677],[-74.1093,4.55676],[-74.10956,4.55673],[-74.10964,4.55672],[-74.10973,4.55672],[-74.10981,4.55672],[-74.1099,4.55674],[-74.10998,4.55677],[-74.11002,4.55678]]}},{"type":"Feature","properties":{"id":"743402563","nom":"Carrera 5D Bis A","tipo":"residential"},"geometry":{"type":"LineString","coordinates":[[-74.10954,4.5578],[-74.10956,4.55673]]}},{"type":"Feature","properties":{"id":"743402565","nom":"Diagonal 48H Bis Sur","tipo":"residential"},"geometry":{"type":"LineString","coordinates":[[-74.10843,4.55772],[-74.10869,4.5577],[-74.10897,4.55768]]}},{"type":"Feature","properties":{"id":"743402566","nom":"Carrera 5","tipo":"residential"},"geometry":{"type":"LineString","coordinates":[[-74.10756,4.55803],[-74.10758,4.55741],[-74.10758,4.5573]]}},{"type":"Feature","properties":{"id":"743402567","nom":"Carrera 5A","tipo":"residential"},"geometry":{"type":"LineString","coordinates":[[-74.10791,4.55686],[-74.1079,4.557],[-74.10789,4.55727],[-74.10786,4.55803]]}},{"type":"Feature","properties":{"id":"743402568","nom":"Carrera 3","tipo":"residential"},"geometry":{"type":"LineString","coordinates":[[-74.10702,4.55686],[-74.10651,4.55461]]}},{"type":"Feature","properties":{"id":"743402569","nom":"Carrera 3","tipo":"residential"},"geometry":{"type":"LineString","coordinates":[[-74.10702,4.55686],[-74.10707,4.5571]]}},{"type":"Feature","properties":{"id":"743402570","nom":"Carrera 3","tipo":"residential"},"geometry":{"type":"LineString","coordinates":[[-74.10689,4.55688],[-74.1069,4.55693],[-74.10692,4.55701],[-74.10709,4.55782],[-74.10718,4.5582]]}},{"type":"Feature","properties":{"id":"743402571","nom":"Carrera 3","tipo":"residential"},"geometry":{"type":"LineString","coordinates":[[-74.10713,4.55721],[-74.10717,4.55744],[-74.10722,4.55771],[-74.1073,4.55814]]}},{"type":"Feature","properties":{"id":"743402572","nom":"Diagonal 48H Sur","tipo":"residential"},"geometry":{"type":"LineString","coordinates":[[-74.10722,4.55771],[-74.10709,4.55782]]}},{"type":"Feature","properties":{"id":"743402579","nom":"Carrera 5A","tipo":"tertiary"},"geometry":{"type":"LineString","coordinates":[[-74.10825,4.55446],[-74.10822,4.55462],[-74.10818,4.55481],[-74.10815,4.55495],[-74.10776,4.5568]]}},{"type":"Feature","properties":{"id":"743402580","nom":"Carrera 5A","tipo":"tertiary"},"geometry":{"type":"LineString","coordinates":[[-74.10786,4.55679],[-74.10793,4.55642],[-74.10797,4.55623],[-74.10803,4.55595],[-74.10807,4.55576],[-74.10812,4.55554],[-74.10819,4.55519],[-74.10831,4.55465],[-74.10834,4.5545]]}},{"type":"Feature","properties":{"id":"743411845","nom":"Carrera 5C Bis A","tipo":"residential"},"geometry":{"type":"LineString","coordinates":[[-74.10905,4.55645],[-74.10913,4.55628]]}},{"type":"Feature","properties":{"id":"743411846","nom":"Carrera 5C Bis","tipo":"residential"},"geometry":{"type":"LineString","coordinates":[[-74.10895,4.55641],[-74.10887,4.55658],[-74.10884,4.55665]]}},{"type":"Feature","properties":{"id":"743411854","nom":"Calle 48K Sur","tipo":"residential"},"geometry":{"type":"LineString","coordinates":[[-74.10905,4.55561],[-74.10894,4.55556],[-74.10885,4.55551],[-74.10866,4.55542],[-74.10849,4.55534],[-74.10839,4.55529],[-74.10819,4.55519]]}},{"type":"Feature","properties":{"id":"743411855","nom":"Calle 48J Bis Sur","tipo":"residential"},"geometry":{"type":"LineString","coordinates":[[-74.10856,4.55676],[-74.10793,4.55642]]}},{"type":"Feature","properties":{"id":"743411861","nom":"Carrera 5C","tipo":"residential"},"geometry":{"type":"LineString","coordinates":[[-74.10885,4.55614],[-74.10872,4.55641],[-74.10864,4.55658]]}},{"type":"Feature","properties":{"id":"743453947","nom":"Carrera 5B","tipo":"residential"},"geometry":{"type":"LineString","coordinates":[[-74.109,4.55424],[-74.10918,4.55387]]}},{"type":"Feature","properties":{"id":"743453958","nom":"Carrera 5D Bis","tipo":"residential"},"geometry":{"type":"LineString","coordinates":[[-74.11088,4.55421],[-74.11087,4.55424],[-74.11076,4.55446]]}},{"type":"Feature","properties":{"id":"743527752","nom":"Carrera 5I Bis C","tipo":"residential"},"geometry":{"type":"LineString","coordinates":[[-74.11544,4.55242],[-74.11624,4.55188]]}},{"type":"Feature","properties":{"id":"743527753","nom":"Carrera 5I Bis B","tipo":"residential"},"geometry":{"type":"LineString","coordinates":[[-74.11493,4.55245],[-74.11548,4.55203],[-74.11604,4.55161]]}},{"type":"Feature","properties":{"id":"743527754","nom":"Calle 49A Sur","tipo":"residential"},"geometry":{"type":"LineString","coordinates":[[-74.11548,4.55203],[-74.11528,4.55178],[-74.11511,4.55157],[-74.11502,4.55147],[-74.11491,4.55134],[-74.11477,4.55118],[-74.11476,4.55114]]}},{"type":"Feature","properties":{"id":"743527755","nom":"Carrera 5I Bis","tipo":"residential"},"geometry":{"type":"LineString","coordinates":[[-74.11407,4.55239],[-74.11418,4.55228],[-74.11463,4.55194],[-74.11487,4.55176],[-74.11511,4.55157],[-74.11568,4.55115]]}},{"type":"Feature","properties":{"id":"743527756","nom":"Carrera 5I Bis A","tipo":"residential"},"geometry":{"type":"LineString","coordinates":[[-74.11444,4.55245],[-74.11528,4.55178],[-74.11587,4.55138]]}},{"type":"Feature","properties":{"id":"743527757","nom":"Diagonal 48D Sur","tipo":"residential"},"geometry":{"type":"LineString","coordinates":[[-74.11409,4.55246],[-74.11406,4.55243],[-74.11407,4.55239]]}},{"type":"Feature","properties":{"id":"743527758","nom":"","tipo":"residential"},"geometry":{"type":"LineString","coordinates":[[-74.11373,4.55245],[-74.1141,4.55218],[-74.11455,4.55184],[-74.11479,4.55166],[-74.11502,4.55147]]}},{"type":"Feature","properties":{"id":"743527759","nom":"","tipo":"residential"},"geometry":{"type":"LineString","coordinates":[[-74.11418,4.55228],[-74.1141,4.55218]]}},{"type":"Feature","properties":{"id":"743527760","nom":"Carrera 5I","tipo":"residential"},"geometry":{"type":"LineString","coordinates":[[-74.11491,4.55134],[-74.1155,4.55092]]}},{"type":"Feature","properties":{"id":"743527761","nom":"Carrera 5H","tipo":"residential"},"geometry":{"type":"LineString","coordinates":[[-74.11476,4.55114],[-74.11477,4.55111],[-74.11532,4.55066]]}},{"type":"Feature","properties":{"id":"743527762","nom":"Carrera 5I Bis D","tipo":"residential"},"geometry":{"type":"LineString","coordinates":[[-74.1164,4.55211],[-74.11692,4.55161],[-74.11729,4.55124]]}},{"type":"Feature","properties":{"id":"743527763","nom":"Carrera 5I Bis C","tipo":"residential"},"geometry":{"type":"LineString","coordinates":[[-74.11624,4.55188],[-74.11707,4.55103]]}},{"type":"Feature","properties":{"id":"743527765","nom":"Carrera 5I Bis B","tipo":"residential"},"geometry":{"type":"LineString","coordinates":[[-74.11604,4.55161],[-74.11678,4.55092]]}},{"type":"Feature","properties":{"id":"743527767","nom":"Carrera 5I Bis A","tipo":"residential"},"geometry":{"type":"LineString","coordinates":[[-74.11587,4.55138],[-74.11653,4.55072]]}},{"type":"Feature","properties":{"id":"743527769","nom":"Carrera 5I Bis","tipo":"residential"},"geometry":{"type":"LineString","coordinates":[[-74.11568,4.55115],[-74.11628,4.55056]]}},{"type":"Feature","properties":{"id":"743527771","nom":"Carrera 5I","tipo":"residential"},"geometry":{"type":"LineString","coordinates":[[-74.1155,4.55092],[-74.11616,4.55028]]}},{"type":"Feature","properties":{"id":"743527773","nom":"Carrera 5H","tipo":"residential"},"geometry":{"type":"LineString","coordinates":[[-74.11532,4.55066],[-74.11593,4.55012]]}},{"type":"Feature","properties":{"id":"743527775","nom":"","tipo":"residential"},"geometry":{"type":"LineString","coordinates":[[-74.11516,4.55045],[-74.11555,4.55009]]}},{"type":"Feature","properties":{"id":"743531014","nom":"Carrera 3F","tipo":"residential"},"geometry":{"type":"LineString","coordinates":[[-74.10692,4.55384],[-74.10671,4.55406]]}},{"type":"Feature","properties":{"id":"743531015","nom":"Carrera 3D","tipo":"residential"},"geometry":{"type":"LineString","coordinates":[[-74.10652,4.55383],[-74.10671,4.55363],[-74.10706,4.5533],[-74.10706,4.55316]]}},{"type":"Feature","properties":{"id":"743531016","nom":"Carrera 3C","tipo":"residential"},"geometry":{"type":"LineString","coordinates":[[-74.10638,4.5536],[-74.10652,4.55345],[-74.10687,4.55311]]}},{"type":"Feature","properties":{"id":"743531017","nom":"Carrera 3B","tipo":"residential"},"geometry":{"type":"LineString","coordinates":[[-74.10637,4.55328],[-74.1066,4.55308]]}},{"type":"Feature","properties":{"id":"743531018","nom":"Calle 48N Sur","tipo":"residential"},"geometry":{"type":"LineString","coordinates":[[-74.10687,4.55311],[-74.10706,4.55316],[-74.1073,4.55318],[-74.10754,4.5532],[-74.10786,4.55321],[-74.10789,4.55321],[-74.10792,4.55322]]}},{"type":"Feature","properties":{"id":"743531019","nom":"Transversal 3","tipo":"residential"},"geometry":{"type":"LineString","coordinates":[[-74.10609,4.55357],[-74.10607,4.55322],[-74.10607,4.55321],[-74.10609,4.5532],[-74.1061,4.55319],[-74.10612,4.55319]]}},{"type":"Feature","properties":{"id":"743531027","nom":"Carrera 4","tipo":"residential"},"geometry":{"type":"LineString","coordinates":[[-74.10724,4.55236],[-74.10727,4.55235],[-74.10731,4.55232],[-74.10735,4.55227],[-74.10759,4.55144],[-74.10768,4.55114]]}},{"type":"Feature","properties":{"id":"743531715","nom":"Calle 48Q Sur","tipo":"residential"},"geometry":{"type":"LineString","coordinates":[[-74.10958,4.55103],[-74.10934,4.55092],[-74.10902,4.55085],[-74.10877,4.5508],[-74.10857,4.55076],[-74.10846,4.55073],[-74.10841,4.55071]]}},{"type":"Feature","properties":{"id":"743531753","nom":"Diagonal 48Q Bis Sur","tipo":"secondary"},"geometry":{"type":"LineString","coordinates":[[-74.10445,4.54754],[-74.1046,4.54768],[-74.10463,4.54771],[-74.10469,4.54777],[-74.10476,4.54783],[-74.10478,4.54786],[-74.10481,4.5479],[-74.10492,4.54807],[-74.10495,4.54812],[-74.10498,4.54817],[-74.10503,4.54822],[-74.10507,4.54825]]}},{"type":"Feature","properties":{"id":"743533585","nom":"Calle 48P Bis A Sur","tipo":"residential"},"geometry":{"type":"LineString","coordinates":[[-74.10486,4.54946],[-74.10483,4.54923],[-74.1048,4.54904],[-74.10479,4.54902],[-74.10475,4.54886],[-74.10467,4.54866],[-74.10456,4.54837],[-74.10448,4.54815],[-74.10443,4.54804]]}},{"type":"Feature","properties":{"id":"743533586","nom":"Transversal 1A","tipo":"secondary"},"geometry":{"type":"LineString","coordinates":[[-74.10339,4.54652],[-74.10347,4.54653],[-74.10352,4.54655],[-74.10356,4.54656],[-74.10363,4.5466],[-74.10372,4.54666],[-74.10379,4.54672],[-74.10386,4.54679],[-74.10392,4.54686],[-74.10397,4.54693],[-74.104,4.547],[-74.10401,4.54702],[-74.10403,4.54707]]}},{"type":"Feature","properties":{"id":"743533588","nom":"Carrera 1","tipo":"secondary"},"geometry":{"type":"LineString","coordinates":[[-74.10277,4.54658],[-74.10282,4.54656],[-74.10289,4.54653],[-74.103,4.54651],[-74.1031,4.54651],[-74.1032,4.54651],[-74.10329,4.54651],[-74.10337,4.54651]]}},{"type":"Feature","properties":{"id":"743533589","nom":"Carrera 1","tipo":"secondary"},"geometry":{"type":"LineString","coordinates":[[-74.10272,4.54662],[-74.10277,4.54658]]}},{"type":"Feature","properties":{"id":"743533591","nom":"Carrera 1D","tipo":"residential"},"geometry":{"type":"LineString","coordinates":[[-74.10425,4.54789],[-74.10436,4.54783]]}},{"type":"Feature","properties":{"id":"743533593","nom":"Calle 48P Bis Sur","tipo":"residential"},"geometry":{"type":"LineString","coordinates":[[-74.10425,4.54789],[-74.10422,4.54784],[-74.10419,4.54779],[-74.10413,4.54771],[-74.10409,4.54765],[-74.10403,4.54754],[-74.10391,4.54733],[-74.10381,4.54716],[-74.10374,4.54704],[-74.10365,4.5469],[-74.10358,4.54684],[-74.1035,4.54679],[-74.10346,4.54677],[-74.10342,4.54676],[-74.10335,4.54673]]}},{"type":"Feature","properties":{"id":"743533601","nom":"Calle 48P Bis Sur","tipo":"residential"},"geometry":{"type":"LineString","coordinates":[[-74.10425,4.54789],[-74.10426,4.54791],[-74.10426,4.54792],[-74.10426,4.54795],[-74.10426,4.5481],[-74.10427,4.54823],[-74.1043,4.54831]]}},{"type":"Feature","properties":{"id":"743533615","nom":"Carrera 1A","tipo":"secondary"},"geometry":{"type":"LineString","coordinates":[[-74.1017,4.54798],[-74.10197,4.54776],[-74.10212,4.54764],[-74.10219,4.54756],[-74.10225,4.54748],[-74.1023,4.54741],[-74.10234,4.54733],[-74.10237,4.54727],[-74.10248,4.547],[-74.10257,4.5468],[-74.10259,4.54675],[-74.10263,4.5467],[-74.10268,4.54665],[-74.10272,4.54662]]}},{"type":"Feature","properties":{"id":"743533616","nom":"Carrera 1A","tipo":"secondary"},"geometry":{"type":"LineString","coordinates":[[-74.10097,4.54879],[-74.10108,4.54868]]}},{"type":"Feature","properties":{"id":"744422025","nom":"Transversal 5I Bis","tipo":"tertiary"},"geometry":{"type":"LineString","coordinates":[[-74.11467,4.54982],[-74.11476,4.54982],[-74.11515,4.54985],[-74.11529,4.54987],[-74.11541,4.5499],[-74.11568,4.54998]]}},{"type":"Feature","properties":{"id":"744422027","nom":"Calle 48Y Sur","tipo":"residential"},"geometry":{"type":"LineString","coordinates":[[-74.11108,4.54878],[-74.11137,4.54918],[-74.11158,4.54945],[-74.11209,4.55013]]}},{"type":"Feature","properties":{"id":"744422028","nom":"Calle 49 Bis Sur","tipo":"residential"},"geometry":{"type":"LineString","coordinates":[[-74.11204,4.54783],[-74.11185,4.54758]]}},{"type":"Feature","properties":{"id":"744433494","nom":"Calle 48Q Bis Sur","tipo":"residential"},"geometry":{"type":"LineString","coordinates":[[-74.10855,4.55046],[-74.10895,4.55073],[-74.10948,4.55085]]}},{"type":"Feature","properties":{"id":"744455122","nom":"Calle 48P Bis C Sur","tipo":"residential"},"geometry":{"type":"LineString","coordinates":[[-74.10906,4.55155],[-74.10882,4.55145],[-74.10855,4.55136],[-74.1083,4.55127],[-74.10824,4.55125]]}},{"type":"Feature","properties":{"id":"744455124","nom":"Calle 48P Bis D Sur","tipo":"residential"},"geometry":{"type":"LineString","coordinates":[[-74.10945,4.55134],[-74.10942,4.55135],[-74.10914,4.55129],[-74.10888,4.55123]]}},{"type":"Feature","properties":{"id":"744455125","nom":"Carrera 5A","tipo":"residential"},"geometry":{"type":"LineString","coordinates":[[-74.10882,4.55145],[-74.10888,4.55123],[-74.10897,4.55096]]}},{"type":"Feature","properties":{"id":"744455126","nom":"Carrera 5 Bis","tipo":"residential"},"geometry":{"type":"LineString","coordinates":[[-74.10855,4.55136],[-74.10871,4.55091]]}},{"type":"Feature","properties":{"id":"744455127","nom":"Carrera 5A Bis A","tipo":"residential"},"geometry":{"type":"LineString","coordinates":[[-74.10945,4.55134],[-74.10948,4.55132],[-74.10958,4.55103]]}},{"type":"Feature","properties":{"id":"744455128","nom":"Carrera 5B","tipo":"residential"},"geometry":{"type":"LineString","coordinates":[[-74.10972,4.55148],[-74.10982,4.55109]]}},{"type":"Feature","properties":{"id":"744455130","nom":"Carrera 5C","tipo":"residential"},"geometry":{"type":"LineString","coordinates":[[-74.11024,4.55152],[-74.1103,4.55116]]}},{"type":"Feature","properties":{"id":"744455132","nom":"Calle 48U Bis Sur","tipo":"residential"},"geometry":{"type":"LineString","coordinates":[[-74.10902,4.5483],[-74.10945,4.54861],[-74.10948,4.54863],[-74.10953,4.54867],[-74.11038,4.54928],[-74.11042,4.5493],[-74.11081,4.54958]]}},{"type":"Feature","properties":{"id":"744455133","nom":"Carrera 5C","tipo":"residential"},"geometry":{"type":"LineString","coordinates":[[-74.11108,4.54941],[-74.11137,4.54918]]}},{"type":"Feature","properties":{"id":"744455135","nom":"Carrera 5B","tipo":"tertiary"},"geometry":{"type":"LineString","coordinates":[[-74.11121,4.54846],[-74.11132,4.54838],[-74.11143,4.54829],[-74.11157,4.54818],[-74.11173,4.54805],[-74.11183,4.54798],[-74.11204,4.54783]]}},{"type":"Feature","properties":{"id":"744510104","nom":"Calle 48Y Bis Sur","tipo":"residential"},"geometry":{"type":"LineString","coordinates":[[-74.10794,4.5461],[-74.10815,4.54625],[-74.10838,4.54641],[-74.10862,4.54657]]}},{"type":"Feature","properties":{"id":"744510105","nom":"Carrera 3A","tipo":"residential"},"geometry":{"type":"LineString","coordinates":[[-74.10718,4.54915],[-74.1079,4.54813],[-74.10792,4.54809],[-74.1082,4.54768],[-74.10825,4.54761],[-74.10833,4.5475],[-74.10836,4.54746],[-74.10886,4.54675],[-74.10913,4.54637],[-74.10933,4.54606],[-74.1095,4.54578],[-74.10992,4.54513]]}},{"type":"Feature","properties":{"id":"744510107","nom":"Calle 48X Sur","tipo":"tertiary"},"geometry":{"type":"LineString","coordinates":[[-74.10812,4.54728],[-74.10788,4.54711],[-74.10766,4.54696],[-74.10678,4.54633],[-74.10657,4.54618],[-74.10632,4.546]]}},{"type":"Feature","properties":{"id":"744513919","nom":"Carrera 2","tipo":"residential"},"geometry":{"type":"LineString","coordinates":[[-74.10533,4.5484],[-74.10597,4.54745],[-74.10614,4.54723]]}},{"type":"Feature","properties":{"id":"744513920","nom":"Carrera 1B","tipo":"residential"},"geometry":{"type":"LineString","coordinates":[[-74.10483,4.54668],[-74.10499,4.54646]]}},{"type":"Feature","properties":{"id":"744513923","nom":"Calle 48R Sur","tipo":"residential"},"geometry":{"type":"LineString","coordinates":[[-74.10451,4.54597],[-74.10449,4.5459],[-74.10441,4.54564],[-74.10427,4.54498],[-74.10423,4.5448],[-74.10419,4.54457],[-74.10413,4.54432],[-74.10407,4.54411],[-74.10407,4.54408]]}},{"type":"Feature","properties":{"id":"745407890","nom":"Calle 49 Bis Sur","tipo":"tertiary"},"geometry":{"type":"LineString","coordinates":[[-74.11182,4.54721],[-74.11171,4.54722],[-74.11162,4.54722],[-74.11153,4.54722],[-74.11146,4.54721],[-74.1114,4.5472],[-74.1113,4.54718],[-74.11121,4.54714],[-74.11113,4.54711]]}},{"type":"Feature","properties":{"id":"745407892","nom":"Carrera 5","tipo":"residential"},"geometry":{"type":"LineString","coordinates":[[-74.11098,4.54721],[-74.11028,4.5477]]}},{"type":"Feature","properties":{"id":"745407893","nom":"Carrera 5 Bis","tipo":"residential"},"geometry":{"type":"LineString","coordinates":[[-74.11125,4.54733],[-74.11054,4.5479]]}},{"type":"Feature","properties":{"id":"745407894","nom":"Carrera 4 Bis","tipo":"residential"},"geometry":{"type":"LineString","coordinates":[[-74.10987,4.54701],[-74.11029,4.54668]]}},{"type":"Feature","properties":{"id":"745407901","nom":"Carrera 3C","tipo":"residential"},"geometry":{"type":"LineString","coordinates":[[-74.11034,4.5455],[-74.11022,4.54569],[-74.11016,4.54577],[-74.11003,4.54595],[-74.10964,4.54651]]}},{"type":"Feature","properties":{"id":"745438523","nom":"Carrera 4B","tipo":"residential"},"geometry":{"type":"LineString","coordinates":[[-74.11203,4.54574],[-74.11234,4.54562]]}},{"type":"Feature","properties":{"id":"745438524","nom":"Calle 49B Bis Sur","tipo":"residential"},"geometry":{"type":"LineString","coordinates":[[-74.1119,4.54617],[-74.11206,4.54652]]}},{"type":"Feature","properties":{"id":"745438526","nom":"Calle 49C Sur","tipo":"tertiary"},"geometry":{"type":"LineString","coordinates":[[-74.11344,4.54801],[-74.11336,4.54788],[-74.1132,4.54759],[-74.11307,4.54735],[-74.11304,4.54728],[-74.11302,4.54722],[-74.11301,4.54715],[-74.113,4.54708],[-74.11301,4.54703],[-74.11301,4.54697]]}},{"type":"Feature","properties":{"id":"745438527","nom":"Carrera 5H","tipo":"residential"},"geometry":{"type":"LineString","coordinates":[[-74.11467,4.54896],[-74.11491,4.54873]]}},{"type":"Feature","properties":{"id":"745438528","nom":"Carrera 5G","tipo":"residential"},"geometry":{"type":"LineString","coordinates":[[-74.11448,4.54878],[-74.11471,4.54854]]}},{"type":"Feature","properties":{"id":"745438529","nom":"Carrera 5F","tipo":"residential"},"geometry":{"type":"LineString","coordinates":[[-74.11428,4.54859],[-74.11451,4.54835]]}},{"type":"Feature","properties":{"id":"745438530","nom":"Carrera 5D Bis","tipo":"residential"},"geometry":{"type":"LineString","coordinates":[[-74.11383,4.54831],[-74.11422,4.54803]]}},{"type":"Feature","properties":{"id":"745438534","nom":"Carrera 5D","tipo":"residential"},"geometry":{"type":"LineString","coordinates":[[-74.11406,4.54767],[-74.11447,4.54762],[-74.1147,4.54757],[-74.11487,4.54748],[-74.11513,4.54726],[-74.11558,4.54701],[-74.11592,4.54678],[-74.11594,4.54676]]}},{"type":"Feature","properties":{"id":"745438535","nom":"Carrera 5B Bis A","tipo":"tertiary"},"geometry":{"type":"LineString","coordinates":[[-74.11358,4.54663],[-74.11359,4.5467],[-74.11359,4.54674],[-74.11359,4.54677],[-74.11357,4.54682],[-74.11354,4.54685],[-74.11351,4.54687],[-74.11347,4.54687],[-74.11343,4.54687],[-74.1134,4.54687],[-74.11337,4.54686],[-74.11326,4.54681],[-74.11321,4.5468],[-74.11317,4.5468],[-74.11313,4.54681],[-74.11309,4.54683],[-74.11305,4.54688],[-74.11302,4.54693],[-74.11301,4.54697]]}},{"type":"Feature","properties":{"id":"745438536","nom":"Diagonal 50D Bis Sur","tipo":"residential"},"geometry":{"type":"LineString","coordinates":[[-74.11476,4.54624],[-74.11422,4.54613]]}},{"type":"Feature","properties":{"id":"745438537","nom":"Carrera 5C Bis A","tipo":"residential"},"geometry":{"type":"LineString","coordinates":[[-74.11563,4.54643],[-74.11563,4.54646],[-74.1156,4.54648],[-74.11536,4.54658]]}},{"type":"Feature","properties":{"id":"745438538","nom":"Calle 51A Sur","tipo":"residential"},"geometry":{"type":"LineString","coordinates":[[-74.11563,4.54643],[-74.11554,4.54625]]}},{"type":"Feature","properties":{"id":"745438540","nom":"Carrera 5C Bis B","tipo":"residential"},"geometry":{"type":"LineString","coordinates":[[-74.11626,4.54617],[-74.11589,4.54648],[-74.11588,4.54652]]}},{"type":"Feature","properties":{"id":"745448314","nom":"Calle 48Z Sur","tipo":"residential"},"geometry":{"type":"LineString","coordinates":[[-74.10854,4.54618],[-74.10811,4.54588]]}},{"type":"Feature","properties":{"id":"745513349","nom":"Carrera 4B Bis","tipo":"residential"},"geometry":{"type":"LineString","coordinates":[[-74.11387,4.54532],[-74.11388,4.54529],[-74.11386,4.54521],[-74.11381,4.54501],[-74.11381,4.54494],[-74.11383,4.54487],[-74.11392,4.54462],[-74.114,4.5444],[-74.1141,4.54414],[-74.11418,4.54396],[-74.11419,4.54391],[-74.1142,4.54387]]}},{"type":"Feature","properties":{"id":"745513352","nom":"Calle 50B Sur","tipo":"residential"},"geometry":{"type":"LineString","coordinates":[[-74.11292,4.54518],[-74.1132,4.54541],[-74.11322,4.54543],[-74.11323,4.54545],[-74.11327,4.54555]]}},{"type":"Feature","properties":{"id":"745513353","nom":"Carrera 5A Bis","tipo":"residential"},"geometry":{"type":"LineString","coordinates":[[-74.11328,4.54622],[-74.11364,4.54612]]}},{"type":"Feature","properties":{"id":"745513354","nom":"Calle 50C Sur","tipo":"residential"},"geometry":{"type":"LineString","coordinates":[[-74.11363,4.54603],[-74.11364,4.54612],[-74.11372,4.54634]]}},{"type":"Feature","properties":{"id":"745513356","nom":"Calle 50B Sur","tipo":"residential"},"geometry":{"type":"LineString","coordinates":[[-74.11336,4.54588],[-74.11319,4.54557]]}},{"type":"Feature","properties":{"id":"745513357","nom":"Transversal 5 Bis","tipo":"residential"},"geometry":{"type":"LineString","coordinates":[[-74.11523,4.54567],[-74.11476,4.54552],[-74.11419,4.54539],[-74.11415,4.54539],[-74.11411,4.5454]]}},{"type":"Feature","properties":{"id":"749127254","nom":"Calle 49C Sur","tipo":"residential"},"geometry":{"type":"LineString","coordinates":[[-74.10974,4.54417],[-74.11,4.54451],[-74.11027,4.54477],[-74.1105,4.54493],[-74.11082,4.54516]]}},{"type":"Feature","properties":{"id":"757070135","nom":"Calle 49A Sur","tipo":"residential"},"geometry":{"type":"LineString","coordinates":[[-74.1136,4.54926],[-74.11378,4.54949]]}},{"type":"Feature","properties":{"id":"761292870","nom":"Avenida Carrera 24","tipo":"secondary"},"geometry":{"type":"LineString","coordinates":[[-74.12326,4.58002],[-74.12134,4.58069],[-74.12126,4.58072],[-74.12123,4.58073],[-74.12116,4.58075]]}},{"type":"Feature","properties":{"id":"761292871","nom":"Calle 42 Sur","tipo":"residential"},"geometry":{"type":"LineString","coordinates":[[-74.12381,4.57979],[-74.12385,4.57988]]}},{"type":"Feature","properties":{"id":"761293289","nom":"Avenida Calle 36 Sur","tipo":"secondary"},"geometry":{"type":"LineString","coordinates":[[-74.11872,4.58158],[-74.11873,4.58165]]}},{"type":"Feature","properties":{"id":"761293290","nom":"Avenida Calle 36 Sur","tipo":"secondary"},"geometry":{"type":"LineString","coordinates":[[-74.11867,4.58137],[-74.1187,4.5815],[-74.11872,4.58158]]}},{"type":"Feature","properties":{"id":"762183517","nom":"Calle 48Y Bis Sur","tipo":"residential"},"geometry":{"type":"LineString","coordinates":[[-74.10871,4.54664],[-74.10886,4.54675],[-74.10909,4.54693]]}},{"type":"Feature","properties":{"id":"762189610","nom":"Carrera 12J Bis","tipo":"residential"},"geometry":{"type":"LineString","coordinates":[[-74.11542,4.57146],[-74.11554,4.57143]]}},{"type":"Feature","properties":{"id":"762963751","nom":"Calle 48U Bis A Sur","tipo":"residential"},"geometry":{"type":"LineString","coordinates":[[-74.11091,4.54958],[-74.11121,4.5498]]}},{"type":"Feature","properties":{"id":"762963753","nom":"Calle 49 Bis Sur","tipo":"tertiary"},"geometry":{"type":"LineString","coordinates":[[-74.11342,4.54966],[-74.11352,4.54978]]}},{"type":"Feature","properties":{"id":"762982960","nom":"Carrera 9A","tipo":"residential"},"geometry":{"type":"LineString","coordinates":[[-74.09475,4.57475],[-74.09512,4.57437],[-74.09562,4.57384]]}},{"type":"Feature","properties":{"id":"762982964","nom":"Carrera 9A","tipo":"residential"},"geometry":{"type":"LineString","coordinates":[[-74.09597,4.57352],[-74.09613,4.57336]]}},{"type":"Feature","properties":{"id":"762982966","nom":"Calle 25 Sur","tipo":"residential"},"geometry":{"type":"LineString","coordinates":[[-74.09697,4.57303],[-74.0969,4.57302],[-74.09687,4.57301],[-74.09683,4.57299],[-74.0966,4.57284]]}},{"type":"Feature","properties":{"id":"762982967","nom":"Calle 26 Sur","tipo":"residential"},"geometry":{"type":"LineString","coordinates":[[-74.0972,4.57256],[-74.09704,4.57241],[-74.09665,4.57204]]}},{"type":"Feature","properties":{"id":"762982968","nom":"Carrera 9A","tipo":"residential"},"geometry":{"type":"LineString","coordinates":[[-74.09719,4.57225],[-74.09704,4.57241]]}},{"type":"Feature","properties":{"id":"762982969","nom":"Calle 27A Sur","tipo":"residential"},"geometry":{"type":"LineString","coordinates":[[-74.09729,4.57154],[-74.09732,4.5715],[-74.09734,4.57147],[-74.09736,4.57142],[-74.09736,4.57137],[-74.09734,4.57132],[-74.09697,4.57052]]}},{"type":"Feature","properties":{"id":"762982971","nom":"Carrera 8","tipo":"residential"},"geometry":{"type":"LineString","coordinates":[[-74.09648,4.57067],[-74.09671,4.57041]]}},{"type":"Feature","properties":{"id":"763001066","nom":"Carrera 7A","tipo":"residential"},"geometry":{"type":"LineString","coordinates":[[-74.09908,4.56665],[-74.09904,4.56669],[-74.09902,4.56671],[-74.09901,4.56672],[-74.09891,4.5668],[-74.09858,4.56709],[-74.09816,4.56745],[-74.09777,4.56779]]}},{"type":"Feature","properties":{"id":"763003466","nom":"Calle 27 Sur","tipo":"tertiary"},"geometry":{"type":"LineString","coordinates":[[-74.10966,4.58431],[-74.10981,4.58456],[-74.10992,4.58475],[-74.11026,4.58531],[-74.11028,4.58535],[-74.11031,4.58538],[-74.11058,4.58569],[-74.11062,4.58574],[-74.11095,4.58611],[-74.111,4.58617],[-74.11133,4.58655],[-74.11169,4.58696],[-74.11173,4.58701]]}},{"type":"Feature","properties":{"id":"763003467","nom":"Calle 48R Sur","tipo":"tertiary"},"geometry":{"type":"LineString","coordinates":[[-74.10551,4.54849],[-74.10558,4.54852],[-74.10582,4.54863],[-74.10609,4.54872],[-74.10614,4.54874],[-74.10618,4.54877],[-74.10633,4.54885],[-74.10655,4.54896],[-74.10668,4.54901],[-74.10678,4.54904],[-74.10686,4.54907],[-74.107,4.54911],[-74.10718,4.54915],[-74.10744,4.54922],[-74.10751,4.54924],[-74.10772,4.54929],[-74.1079,4.54934],[-74.10798,4.54936],[-74.10827,4.54943],[-74.10876,4.54956],[-74.10881,4.54957]]}},{"type":"Feature","properties":{"id":"763003468","nom":"Carrera 5","tipo":"tertiary"},"geometry":{"type":"LineString","coordinates":[[-74.10877,4.54963],[-74.10881,4.54957],[-74.10883,4.54954],[-74.10886,4.5495],[-74.10902,4.54928],[-74.10917,4.54907],[-74.10931,4.54887],[-74.10933,4.54884],[-74.10948,4.54863],[-74.10963,4.54843],[-74.10964,4.54841],[-74.10966,4.54839]]}},{"type":"Feature","properties":{"id":"763007479","nom":"Diagonal 27 Bis Sur","tipo":"residential"},"geometry":{"type":"LineString","coordinates":[[-74.09387,4.56847],[-74.09393,4.56846],[-74.09473,4.56837],[-74.09507,4.56834],[-74.09514,4.56834]]}},{"type":"Feature","properties":{"id":"763007480","nom":"Carrera 5","tipo":"residential"},"geometry":{"type":"LineString","coordinates":[[-74.09512,4.56719],[-74.09517,4.56713],[-74.09544,4.56686]]}},{"type":"Feature","properties":{"id":"763007482","nom":"Calle 30A Sur","tipo":"tertiary"},"geometry":{"type":"LineString","coordinates":[[-74.09482,4.56618],[-74.09504,4.56642],[-74.09544,4.56686]]}},{"type":"Feature","properties":{"id":"763007484","nom":"Carrera 3","tipo":"secondary"},"geometry":{"type":"LineString","coordinates":[[-74.09623,4.56202],[-74.09619,4.56205],[-74.09616,4.56209],[-74.09614,4.56212],[-74.09613,4.56215],[-74.09613,4.56219],[-74.09613,4.56223],[-74.09614,4.56231],[-74.09615,4.56242],[-74.09616,4.56251],[-74.09615,4.56259],[-74.09613,4.56267],[-74.09611,4.56274],[-74.09608,4.56283],[-74.09604,4.56297]]}},{"type":"Feature","properties":{"id":"763014403","nom":"Calle 37A Sur","tipo":"secondary"},"geometry":{"type":"LineString","coordinates":[[-74.10099,4.56106],[-74.10103,4.56099],[-74.10105,4.56092],[-74.10108,4.56083],[-74.10108,4.56074],[-74.10108,4.56066],[-74.10105,4.56057],[-74.10101,4.56048],[-74.10096,4.56042],[-74.1009,4.56036],[-74.10082,4.56031],[-74.10074,4.56027],[-74.10065,4.56024],[-74.10061,4.56023],[-74.10056,4.56023],[-74.10037,4.56022],[-74.10017,4.56021]]}},{"type":"Feature","properties":{"id":"763014404","nom":"Carrera 4B Bis","tipo":"residential"},"geometry":{"type":"LineString","coordinates":[[-74.10022,4.56227],[-74.10023,4.56229],[-74.10023,4.56231],[-74.10013,4.56252],[-74.10008,4.56266],[-74.10007,4.56269],[-74.10007,4.56272],[-74.10009,4.56276],[-74.10011,4.56278]]}},{"type":"Feature","properties":{"id":"763014406","nom":"Calle 37A Sur","tipo":"secondary"},"geometry":{"type":"LineString","coordinates":[[-74.10017,4.56021],[-74.09993,4.56019],[-74.09984,4.56018],[-74.09974,4.56016],[-74.09965,4.56014],[-74.09955,4.5601],[-74.09947,4.56004],[-74.09939,4.55998],[-74.09933,4.55991],[-74.09926,4.55982],[-74.09922,4.55974],[-74.09906,4.55943],[-74.09894,4.55917],[-74.09889,4.55908],[-74.09886,4.55903],[-74.09875,4.55884]]}},{"type":"Feature","properties":{"id":"763416322","nom":"Carrera 5B Bis","tipo":"residential"},"geometry":{"type":"LineString","coordinates":[[-74.10998,4.55087],[-74.11014,4.55064],[-74.11039,4.5503],[-74.11055,4.55007],[-74.11069,4.54984],[-74.11081,4.54958],[-74.1109,4.54928]]}},{"type":"Feature","properties":{"id":"763416542","nom":"Calle 48Q Bis A Sur","tipo":"residential"},"geometry":{"type":"LineString","coordinates":[[-74.10859,4.55017],[-74.10863,4.5502],[-74.10948,4.55085],[-74.10952,4.55089],[-74.10955,4.55094],[-74.10957,4.55099],[-74.10958,4.55103]]}},{"type":"Feature","properties":{"id":"763454288","nom":"Calle 49 Sur","tipo":"tertiary"},"geometry":{"type":"LineString","coordinates":[[-74.11113,4.54711],[-74.11109,4.54709],[-74.11106,4.54706],[-74.11103,4.54704],[-74.11101,4.54701],[-74.11101,4.54701],[-74.111,4.547],[-74.111,4.54699],[-74.11099,4.54697],[-74.11098,4.54695],[-74.11097,4.54692],[-74.11096,4.5469],[-74.11093,4.54675],[-74.11092,4.54667],[-74.1109,4.54662],[-74.11088,4.54659],[-74.11087,4.54657],[-74.11086,4.54656],[-74.11084,4.54654],[-74.1108,4.54651],[-74.11077,4.54649],[-74.11073,4.54648],[-74.11063,4.54647],[-74.11057,4.54647],[-74.11048,4.54646],[-74.11039,4.54647],[-74.11033,4.54648],[-74.11008,4.54652],[-74.11,4.54653],[-74.10995,4.54653],[-74.10964,4.54651],[-74.1096,4.54651],[-74.10938,4.54649]]}},{"type":"Feature","properties":{"id":"763456322","nom":"Carrera 5F","tipo":"residential"},"geometry":{"type":"LineString","coordinates":[[-74.11238,4.55022],[-74.1123,4.55028]]}},{"type":"Feature","properties":{"id":"763456323","nom":"Carrera 5D","tipo":"residential"},"geometry":{"type":"LineString","coordinates":[[-74.11136,4.54961],[-74.11121,4.5498]]}},{"type":"Feature","properties":{"id":"764222210","nom":"Calle 51A Bis Sur","tipo":"residential"},"geometry":{"type":"LineString","coordinates":[[-74.11588,4.54652],[-74.11589,4.54655],[-74.11594,4.54674],[-74.11594,4.54676]]}},{"type":"Feature","properties":{"id":"764224603","nom":"Carrera 5C","tipo":"residential"},"geometry":{"type":"LineString","coordinates":[[-74.11873,4.54447],[-74.11872,4.54449],[-74.11867,4.54462],[-74.1186,4.54473],[-74.1186,4.54473],[-74.11855,4.54477],[-74.11854,4.54478],[-74.11846,4.54482],[-74.1184,4.54485],[-74.11836,4.54487],[-74.11829,4.54491],[-74.11827,4.54493],[-74.11811,4.54502],[-74.11788,4.54517],[-74.11766,4.54527],[-74.11764,4.54528],[-74.11761,4.5453],[-74.11742,4.54538],[-74.11738,4.5454],[-74.11718,4.54548],[-74.11715,4.54549],[-74.11712,4.5455],[-74.11697,4.54556],[-74.11696,4.54556],[-74.11679,4.54562],[-74.11649,4.54571],[-74.11643,4.54573],[-74.11639,4.54575],[-74.11633,4.5458],[-74.11615,4.54593],[-74.11606,4.54598],[-74.11579,4.54613],[-74.11554,4.54625],[-74.11543,4.54629],[-74.11533,4.54633],[-74.1153,4.54635],[-74.11526,4.54637],[-74.11524,4.54639],[-74.11522,4.54641],[-74.11518,4.54645],[-74.11507,4.54656],[-74.11495,4.54667],[-74.11479,4.54679],[-74.11474,4.54682],[-74.11472,4.54682],[-74.11465,4.54683],[-74.1146,4.54683],[-74.11442,4.54686],[-74.1143,4.54692],[-74.11417,4.54698],[-74.11397,4.54707],[-74.1138,4.54717],[-74.11301,4.54715]]}},{"type":"Feature","properties":{"id":"764266696","nom":"Calle 51 Sur","tipo":"residential"},"geometry":{"type":"LineString","coordinates":[[-74.11517,4.54623],[-74.11522,4.5462],[-74.11526,4.54614],[-74.11526,4.54603],[-74.11525,4.54587],[-74.11523,4.54567],[-74.11535,4.54531]]}},{"type":"Feature","properties":{"id":"764286113","nom":"Diagonal 48Z Sur","tipo":"residential"},"geometry":{"type":"LineString","coordinates":[[-74.11021,4.54746],[-74.1102,4.54751],[-74.1102,4.54764]]}},{"type":"Feature","properties":{"id":"769406321","nom":"Transversal 34A","tipo":"residential"},"geometry":{"type":"LineString","coordinates":[[-74.1269,4.58796],[-74.12693,4.58793],[-74.12723,4.58755],[-74.12728,4.58749],[-74.12735,4.58741]]}},{"type":"Feature","properties":{"id":"769694488","nom":"Carrera 5A","tipo":"residential"},"geometry":{"type":"LineString","coordinates":[[-74.11182,4.54721],[-74.11075,4.54808]]}},{"type":"Feature","properties":{"id":"769969458","nom":"Calle 48X Sur","tipo":"tertiary"},"geometry":{"type":"LineString","coordinates":[[-74.10529,4.54507],[-74.10529,4.5448],[-74.10528,4.54476],[-74.10527,4.54474],[-74.10525,4.54472],[-74.10512,4.54457],[-74.10489,4.54435],[-74.10482,4.54423],[-74.10479,4.54418],[-74.10477,4.54411],[-74.10477,4.54404],[-74.10477,4.54393],[-74.10475,4.54389],[-74.10471,4.54384],[-74.10468,4.54381],[-74.1045,4.54364],[-74.1043,4.54345],[-74.10423,4.54339],[-74.10421,4.54336],[-74.10419,4.54333],[-74.10418,4.54329]]}},{"type":"Feature","properties":{"id":"784339103","nom":"Diagonal 35 Sur","tipo":"tertiary"},"geometry":{"type":"LineString","coordinates":[[-74.10318,4.56644],[-74.10301,4.56635]]}},{"type":"Feature","properties":{"id":"795726162","nom":"Calle 17A Sur","tipo":"residential"},"geometry":{"type":"LineString","coordinates":[[-74.09856,4.58273],[-74.09777,4.58202],[-74.09773,4.58199]]}},{"type":"Feature","properties":{"id":"795733697","nom":"Calle 14A Sur","tipo":"residential"},"geometry":{"type":"LineString","coordinates":[[-74.0997,4.58741],[-74.09989,4.58761],[-74.09991,4.58764],[-74.10017,4.58792]]}},{"type":"Feature","properties":{"id":"813922937","nom":"Calle 50A Bis Sur","tipo":"residential"},"geometry":{"type":"LineString","coordinates":[[-74.1229,4.56053],[-74.12302,4.56052]]}},{"type":"Feature","properties":{"id":"813924176","nom":"Carrera 11C","tipo":"residential"},"geometry":{"type":"LineString","coordinates":[[-74.12342,4.56046],[-74.12317,4.56058]]}},{"type":"Feature","properties":{"id":"814017924","nom":"Calle 40 Sur","tipo":"residential"},"geometry":{"type":"LineString","coordinates":[[-74.11576,4.56971],[-74.11551,4.56986],[-74.11549,4.56991]]}},{"type":"Feature","properties":{"id":"814354032","nom":"Avenida Carrera 27","tipo":"secondary"},"geometry":{"type":"LineString","coordinates":[[-74.11062,4.58869],[-74.1105,4.58868],[-74.11027,4.58866],[-74.11011,4.58865],[-74.10995,4.58864],[-74.10985,4.58864],[-74.10976,4.58866],[-74.10967,4.58868],[-74.10958,4.58871],[-74.10949,4.58876],[-74.10938,4.58884],[-74.1092,4.58901],[-74.10912,4.58908],[-74.1091,4.58911],[-74.10902,4.58919]]}},{"type":"Feature","properties":{"id":"814625045","nom":"","tipo":"residential"},"geometry":{"type":"LineString","coordinates":[[-74.1126,4.5503],[-74.11247,4.5504]]}},{"type":"Feature","properties":{"id":"814638187","nom":"Carrera 5A Bis","tipo":"residential"},"geometry":{"type":"LineString","coordinates":[[-74.11024,4.54951],[-74.11038,4.54928]]}},{"type":"Feature","properties":{"id":"814638188","nom":"Carrera 5A Bis","tipo":"residential"},"geometry":{"type":"LineString","coordinates":[[-74.11042,4.5493],[-74.11059,4.54906]]}},{"type":"Feature","properties":{"id":"814780844","nom":"Carrera 1 Este","tipo":"residential"},"geometry":{"type":"LineString","coordinates":[[-74.0989,4.55005],[-74.09908,4.54946],[-74.09909,4.54912],[-74.09926,4.54843],[-74.09944,4.54764],[-74.09945,4.5476]]}},{"type":"Feature","properties":{"id":"814780846","nom":"Carrera 1 Bis","tipo":"residential"},"geometry":{"type":"LineString","coordinates":[[-74.10056,4.54777],[-74.10087,4.54755]]}},{"type":"Feature","properties":{"id":"814781314","nom":"Calle 48D Sur","tipo":"residential"},"geometry":{"type":"LineString","coordinates":[[-74.1021,4.5463],[-74.10212,4.54633],[-74.10236,4.54664]]}},{"type":"Feature","properties":{"id":"814783596","nom":"Calle 40A Sur","tipo":"residential"},"geometry":{"type":"LineString","coordinates":[[-74.09798,4.552],[-74.09793,4.55199],[-74.0975,4.55185],[-74.09742,4.55182]]}},{"type":"Feature","properties":{"id":"814788827","nom":"","tipo":"residential"},"geometry":{"type":"LineString","coordinates":[[-74.10036,4.54977],[-74.10064,4.54955],[-74.10066,4.54955],[-74.10069,4.54953],[-74.10071,4.54952],[-74.1009,4.54935],[-74.10106,4.54916],[-74.10109,4.54912],[-74.10113,4.5491],[-74.10131,4.54901]]}},{"type":"Feature","properties":{"id":"815118784","nom":"Carrera 7 Bis","tipo":"residential"},"geometry":{"type":"LineString","coordinates":[[-74.1025,4.56268],[-74.10276,4.56269]]}},{"type":"Feature","properties":{"id":"815118786","nom":"Carrera 4C","tipo":"residential"},"geometry":{"type":"LineString","coordinates":[[-74.10229,4.56037],[-74.10245,4.56029]]}},{"type":"Feature","properties":{"id":"815118787","nom":"Calle 39A Sur","tipo":"residential"},"geometry":{"type":"LineString","coordinates":[[-74.10301,4.56073],[-74.10276,4.56053],[-74.10251,4.56034],[-74.10245,4.56029],[-74.10236,4.56023]]}},{"type":"Feature","properties":{"id":"817598835","nom":"Carrera 1","tipo":"tertiary"},"geometry":{"type":"LineString","coordinates":[[-74.09517,4.55895],[-74.09511,4.5594],[-74.09507,4.55964],[-74.09505,4.5598],[-74.09501,4.56014],[-74.095,4.56018],[-74.095,4.56021]]}},{"type":"Feature","properties":{"id":"817598838","nom":"Calle 32A Sur","tipo":"residential"},"geometry":{"type":"LineString","coordinates":[[-74.09664,4.56137],[-74.0966,4.56134],[-74.09657,4.56132],[-74.09654,4.5613],[-74.09651,4.56128],[-74.09648,4.56126],[-74.09625,4.56112],[-74.09599,4.561],[-74.09593,4.56096],[-74.09587,4.56092],[-74.09583,4.56087],[-74.09579,4.56084],[-74.09578,4.56082],[-74.09562,4.5606],[-74.09558,4.56054],[-74.09536,4.5603],[-74.09533,4.56026],[-74.09532,4.56024]]}},{"type":"Feature","properties":{"id":"817608842","nom":"Carrera 1C","tipo":"residential"},"geometry":{"type":"LineString","coordinates":[[-74.0966,4.55901],[-74.09685,4.55847],[-74.09706,4.55807]]}},{"type":"Feature","properties":{"id":"846943391","nom":"Calle 50A Sur","tipo":"residential"},"geometry":{"type":"LineString","coordinates":[[-74.11336,4.5464],[-74.11328,4.54622],[-74.11322,4.5461],[-74.11298,4.54565],[-74.11295,4.54559],[-74.11292,4.54554],[-74.11277,4.54537]]}},{"type":"Feature","properties":{"id":"846943392","nom":"Calle 52 Sur","tipo":"residential"},"geometry":{"type":"LineString","coordinates":[[-74.11712,4.5455],[-74.11683,4.54507],[-74.11671,4.54483],[-74.1167,4.54482],[-74.11668,4.54482]]}},{"type":"Feature","properties":{"id":"846943393","nom":"Calle 52A Sur","tipo":"residential"},"geometry":{"type":"LineString","coordinates":[[-74.11738,4.5454],[-74.1171,4.54497],[-74.1169,4.54445],[-74.11684,4.54416]]}},{"type":"Feature","properties":{"id":"846943394","nom":"Calle 52B Sur","tipo":"residential"},"geometry":{"type":"LineString","coordinates":[[-74.11766,4.54527],[-74.11779,4.54554]]}},{"type":"Feature","properties":{"id":"846943395","nom":"Calle 50A Sur","tipo":"residential"},"geometry":{"type":"LineString","coordinates":[[-74.11422,4.54803],[-74.11424,4.54798],[-74.11423,4.54794],[-74.11406,4.54767],[-74.1138,4.54717]]}},{"type":"Feature","properties":{"id":"846948051","nom":"Carrera 4B","tipo":"residential"},"geometry":{"type":"LineString","coordinates":[[-74.11436,4.54312],[-74.11426,4.5433],[-74.11401,4.54371],[-74.11386,4.54395],[-74.11372,4.5442],[-74.11357,4.54439],[-74.11341,4.54458],[-74.11325,4.54477],[-74.11309,4.54497],[-74.11292,4.54518],[-74.11277,4.54537],[-74.11245,4.54572]]}},{"type":"Feature","properties":{"id":"846952538","nom":"Carrera 4B","tipo":"residential"},"geometry":{"type":"LineString","coordinates":[[-74.11079,4.54698],[-74.11021,4.54746]]}},{"type":"Feature","properties":{"id":"857926881","nom":"Calle 39F Sur","tipo":"residential"},"geometry":{"type":"LineString","coordinates":[[-74.10252,4.55911],[-74.10222,4.55859],[-74.10175,4.55781]]}},{"type":"Feature","properties":{"id":"857926882","nom":"Carrera 3D","tipo":"residential"},"geometry":{"type":"LineString","coordinates":[[-74.10108,4.55828],[-74.10105,4.55833],[-74.10059,4.55896]]}},{"type":"Feature","properties":{"id":"857926885","nom":"Calle 38 Sur","tipo":"residential"},"geometry":{"type":"LineString","coordinates":[[-74.09975,4.55714],[-74.09971,4.55722],[-74.0997,4.55723],[-74.0997,4.55725],[-74.0997,4.55727],[-74.0997,4.55728],[-74.09971,4.5573],[-74.09972,4.55732],[-74.09973,4.55735],[-74.09983,4.55753],[-74.09993,4.55773]]}},{"type":"Feature","properties":{"id":"857926887","nom":"","tipo":"secondary_link"},"geometry":{"type":"LineString","coordinates":[[-74.09837,4.55748],[-74.09821,4.55756]]}},{"type":"Feature","properties":{"id":"857926888","nom":"Diagonal 37F Sur","tipo":"residential"},"geometry":{"type":"LineString","coordinates":[[-74.09799,4.5563],[-74.09807,4.5563],[-74.09814,4.55629],[-74.09831,4.55629],[-74.09849,4.55629],[-74.09852,4.55629],[-74.09855,4.55628],[-74.09857,4.55627],[-74.09859,4.55625],[-74.09861,4.55623],[-74.09864,4.5562]]}},{"type":"Feature","properties":{"id":"857926889","nom":"Carrera 2K","tipo":"residential"},"geometry":{"type":"LineString","coordinates":[[-74.10006,4.55659],[-74.10006,4.55661],[-74.10005,4.55663],[-74.10005,4.55665],[-74.10001,4.55671],[-74.09989,4.55692],[-74.09975,4.55714]]}},{"type":"Feature","properties":{"id":"857926890","nom":"Carrera 2C Bis A","tipo":"residential"},"geometry":{"type":"LineString","coordinates":[[-74.09864,4.5562],[-74.09876,4.55598],[-74.09877,4.55596],[-74.09879,4.55594],[-74.09882,4.55592]]}},{"type":"Feature","properties":{"id":"857926891","nom":"Diagonal 39 Sur","tipo":"residential"},"geometry":{"type":"LineString","coordinates":[[-74.09882,4.55592],[-74.09884,4.55591],[-74.09887,4.5559],[-74.0989,4.5559],[-74.09893,4.5559],[-74.09922,4.5559],[-74.09929,4.5559],[-74.0995,4.5559],[-74.09955,4.55589],[-74.09959,4.55587],[-74.09964,4.55581]]}},{"type":"Feature","properties":{"id":"857927096","nom":"Calle 45 Sur","tipo":"residential"},"geometry":{"type":"LineString","coordinates":[[-74.09419,4.54507],[-74.09422,4.54513],[-74.09424,4.54516],[-74.09427,4.54519],[-74.09442,4.54526],[-74.0947,4.5454],[-74.09479,4.54546],[-74.09486,4.54555],[-74.0949,4.54562],[-74.09496,4.54576],[-74.095,4.54586]]}},{"type":"Feature","properties":{"id":"857927704","nom":"Carrera 1D","tipo":"residential"},"geometry":{"type":"LineString","coordinates":[[-74.10448,4.54775],[-74.10456,4.54771],[-74.1046,4.54768]]}},{"type":"Feature","properties":{"id":"857927705","nom":"Carrera 1D","tipo":"residential"},"geometry":{"type":"LineString","coordinates":[[-74.10436,4.54783],[-74.10448,4.54775]]}},{"type":"Feature","properties":{"id":"857931194","nom":"Calle 38 Sur","tipo":"residential"},"geometry":{"type":"LineString","coordinates":[[-74.10171,4.56126],[-74.10129,4.56119],[-74.10119,4.56116],[-74.10102,4.56108],[-74.10099,4.56106]]}},{"type":"Feature","properties":{"id":"857931195","nom":"Calle 39 Sur","tipo":"residential"},"geometry":{"type":"LineString","coordinates":[[-74.10218,4.56079],[-74.10225,4.56084],[-74.10241,4.56097],[-74.1026,4.5611],[-74.10267,4.56115],[-74.10277,4.56122]]}},{"type":"Feature","properties":{"id":"859924280","nom":"Calle 31B Sur","tipo":"residential"},"geometry":{"type":"LineString","coordinates":[[-74.09235,4.56072],[-74.09292,4.5613],[-74.09349,4.56189],[-74.09408,4.56243],[-74.09466,4.56299],[-74.09525,4.56356]]}},{"type":"Feature","properties":{"id":"860766657","nom":"Calle 36B Sur","tipo":"residential"},"geometry":{"type":"LineString","coordinates":[[-74.09356,4.5585],[-74.09367,4.55857],[-74.09377,4.55862],[-74.09386,4.55865],[-74.09397,4.55869],[-74.09409,4.55873],[-74.09435,4.55878],[-74.09517,4.55895]]}},{"type":"Feature","properties":{"id":"860766663","nom":"Calle 36I Sur","tipo":"residential"},"geometry":{"type":"LineString","coordinates":[[-74.09551,4.55696],[-74.09503,4.55648],[-74.09497,4.55642],[-74.09492,4.55638],[-74.09488,4.55636],[-74.09483,4.55633],[-74.09479,4.55632],[-74.09474,4.55631],[-74.09468,4.55629],[-74.09319,4.55614]]}},{"type":"Feature","properties":{"id":"863860244","nom":"Carrera 9","tipo":"residential"},"geometry":{"type":"LineString","coordinates":[[-74.10385,4.56456],[-74.1035,4.56483],[-74.10318,4.5651]]}},{"type":"Feature","properties":{"id":"863860247","nom":"Calle 35A Sur","tipo":"residential"},"geometry":{"type":"LineString","coordinates":[[-74.10215,4.56512],[-74.10208,4.56505]]}},{"type":"Feature","properties":{"id":"863860248","nom":"Calle 36 Sur","tipo":"residential"},"geometry":{"type":"LineString","coordinates":[[-74.10395,4.56526],[-74.1037,4.56504],[-74.1035,4.56483],[-74.10331,4.56464],[-74.10284,4.56421],[-74.10245,4.56384]]}},{"type":"Feature","properties":{"id":"863860249","nom":"Calle 38A Sur","tipo":"residential"},"geometry":{"type":"LineString","coordinates":[[-74.10228,4.56238],[-74.1025,4.56243],[-74.10293,4.56252],[-74.10344,4.56261],[-74.10349,4.56263],[-74.10357,4.56266],[-74.10365,4.56271],[-74.10371,4.56274]]}},{"type":"Feature","properties":{"id":"863860254","nom":"Calle 39 Sur","tipo":"residential"},"geometry":{"type":"LineString","coordinates":[[-74.10094,4.56004],[-74.10122,4.56039],[-74.10126,4.56045],[-74.10135,4.56057],[-74.1014,4.56061],[-74.10143,4.56063],[-74.10147,4.56064],[-74.10218,4.56079]]}},{"type":"Feature","properties":{"id":"863873606","nom":"Calle 37 Sur","tipo":"residential"},"geometry":{"type":"LineString","coordinates":[[-74.09452,4.55553],[-74.09478,4.55558],[-74.09491,4.55561],[-74.09495,4.55562],[-74.09502,4.55565],[-74.09513,4.55569],[-74.09526,4.55574],[-74.09533,4.55579],[-74.09546,4.55589],[-74.09562,4.55605],[-74.09602,4.55645],[-74.09662,4.55709]]}},{"type":"Feature","properties":{"id":"863873610","nom":"Carrera 2D","tipo":"residential"},"geometry":{"type":"LineString","coordinates":[[-74.09744,4.5575],[-74.09736,4.5575],[-74.0973,4.55748],[-74.09723,4.55746],[-74.09716,4.55743],[-74.0971,4.5574],[-74.09708,4.55739],[-74.09708,4.55738],[-74.09707,4.55737],[-74.09708,4.55719]]}},{"type":"Feature","properties":{"id":"863873613","nom":"Calle 37A Bis Sur","tipo":"secondary"},"geometry":{"type":"LineString","coordinates":[[-74.09821,4.55756],[-74.09832,4.55781],[-74.09833,4.55784]]}},{"type":"Feature","properties":{"id":"863873614","nom":"Carrera 2C","tipo":"secondary"},"geometry":{"type":"LineString","coordinates":[[-74.09777,4.55675],[-74.09777,4.55674],[-74.09777,4.55671],[-74.09777,4.55667],[-74.09778,4.55664],[-74.0978,4.55661],[-74.09787,4.5565],[-74.09797,4.55636],[-74.09798,4.55632],[-74.09799,4.5563]]}},{"type":"Feature","properties":{"id":"863873616","nom":"Calle 38 Sur","tipo":"secondary"},"geometry":{"type":"LineString","coordinates":[[-74.09794,4.55456],[-74.09793,4.55454],[-74.09793,4.55451],[-74.09791,4.55448],[-74.09786,4.55438],[-74.09781,4.5543],[-74.09777,4.55423],[-74.09776,4.55422],[-74.09773,4.55416],[-74.09768,4.55407],[-74.09757,4.55389],[-74.09755,4.55386],[-74.09754,4.55384],[-74.09754,4.55382],[-74.09753,4.55381],[-74.09754,4.55378]]}},{"type":"Feature","properties":{"id":"863904681","nom":"Carrera 2A","tipo":"residential"},"geometry":{"type":"LineString","coordinates":[[-74.10006,4.55406],[-74.09986,4.55423]]}},{"type":"Feature","properties":{"id":"863904682","nom":"Calle 41B Sur","tipo":"residential"},"geometry":{"type":"LineString","coordinates":[[-74.10132,4.55236],[-74.10103,4.55206],[-74.10071,4.55173],[-74.10043,4.55144],[-74.10013,4.55113],[-74.09983,4.55082],[-74.09959,4.55058],[-74.09955,4.55054],[-74.09951,4.55049],[-74.09948,4.55046]]}},{"type":"Feature","properties":{"id":"863917322","nom":"Carrera 3C Este","tipo":"residential"},"geometry":{"type":"LineString","coordinates":[[-74.09433,4.54717],[-74.09442,4.54703],[-74.09452,4.5469],[-74.09462,4.54677],[-74.09468,4.54671],[-74.09472,4.54667],[-74.0948,4.54658],[-74.09495,4.54642],[-74.09498,4.54639],[-74.095,4.54636],[-74.09502,4.54632],[-74.09503,4.54628],[-74.09504,4.54624],[-74.09504,4.5462],[-74.09504,4.54616],[-74.095,4.54593],[-74.095,4.5459],[-74.095,4.54586]]}},{"type":"Feature","properties":{"id":"863917326","nom":"Carrera 1 Este","tipo":"residential"},"geometry":{"type":"LineString","coordinates":[[-74.09878,4.55032],[-74.09866,4.55076]]}},{"type":"Feature","properties":{"id":"863917327","nom":"Calle 41A Bis Sur","tipo":"residential"},"geometry":{"type":"LineString","coordinates":[[-74.09632,4.54965],[-74.09674,4.54976],[-74.09716,4.54988],[-74.09753,4.54997],[-74.09797,4.5501],[-74.09878,4.55032],[-74.09881,4.55032],[-74.09924,4.55044],[-74.0993,4.55045],[-74.0994,4.55048],[-74.09945,4.55049]]}},{"type":"Feature","properties":{"id":"863917328","nom":"Carrera 1C Este","tipo":"residential"},"geometry":{"type":"LineString","coordinates":[[-74.09805,4.54854],[-74.0981,4.5485],[-74.09812,4.54843],[-74.0981,4.54813],[-74.09806,4.54775]]}},{"type":"Feature","properties":{"id":"863917329","nom":"Calle 43 Sur","tipo":"residential"},"geometry":{"type":"LineString","coordinates":[[-74.09813,4.5489],[-74.09809,4.54889],[-74.09778,4.54882],[-74.09739,4.54873]]}},{"type":"Feature","properties":{"id":"863917330","nom":"","tipo":"residential"},"geometry":{"type":"LineString","coordinates":[[-74.09812,4.54843],[-74.09829,4.54846]]}},{"type":"Feature","properties":{"id":"863917337","nom":"Carrera 2 Este","tipo":"residential"},"geometry":{"type":"LineString","coordinates":[[-74.09714,4.54646],[-74.09717,4.54644],[-74.09737,4.54626],[-74.09767,4.54597],[-74.0982,4.54549],[-74.09842,4.54529],[-74.0987,4.54502],[-74.099,4.54475]]}},{"type":"Feature","properties":{"id":"863917341","nom":"Calle 42A Sur","tipo":"residential"},"geometry":{"type":"LineString","coordinates":[[-74.09597,4.54903],[-74.09602,4.54902],[-74.09609,4.54902],[-74.0963,4.54908],[-74.09645,4.54913]]}},{"type":"Feature","properties":{"id":"863917342","nom":"Calle 41B Sur","tipo":"residential"},"geometry":{"type":"LineString","coordinates":[[-74.09257,4.54904],[-74.09382,4.54921],[-74.09468,4.54934],[-74.09509,4.5494],[-74.09519,4.54943],[-74.09522,4.54944],[-74.09542,4.54955],[-74.09545,4.54958]]}},{"type":"Feature","properties":{"id":"863917344","nom":"Calle 41A Bis Sur","tipo":"residential"},"geometry":{"type":"LineString","coordinates":[[-74.09544,4.54966],[-74.0955,4.54965],[-74.09587,4.54964],[-74.09633,4.54962]]}},{"type":"Feature","properties":{"id":"863917345","nom":"Carrera 3 Este","tipo":"residential"},"geometry":{"type":"LineString","coordinates":[[-74.09544,4.54966],[-74.09545,4.54958],[-74.09548,4.54949],[-74.09551,4.5494],[-74.09554,4.54936]]}},{"type":"Feature","properties":{"id":"865669120","nom":"Calle 44 Sur","tipo":"residential"},"geometry":{"type":"LineString","coordinates":[[-74.10016,4.54821],[-74.10061,4.54833]]}},{"type":"Feature","properties":{"id":"865669121","nom":"Calle 45 Sur","tipo":"residential"},"geometry":{"type":"LineString","coordinates":[[-74.10025,4.54785],[-74.09985,4.54774],[-74.09944,4.54764]]}},{"type":"Feature","properties":{"id":"865669122","nom":"Carrera 1 Este","tipo":"residential"},"geometry":{"type":"LineString","coordinates":[[-74.09947,4.54756],[-74.09945,4.5476]]}},{"type":"Feature","properties":{"id":"865669131","nom":"Carrera 48A Sur","tipo":"residential"},"geometry":{"type":"LineString","coordinates":[[-74.1012,4.54666],[-74.10074,4.54599]]}},{"type":"Feature","properties":{"id":"865669143","nom":"Carrera 3 Este","tipo":"residential"},"geometry":{"type":"LineString","coordinates":[[-74.09589,4.54614],[-74.09592,4.54615],[-74.09596,4.54615],[-74.096,4.54614]]}},{"type":"Feature","properties":{"id":"865669144","nom":"Carrera 3 Este","tipo":"residential"},"geometry":{"type":"LineString","coordinates":[[-74.096,4.54614],[-74.09609,4.54612]]}},{"type":"Feature","properties":{"id":"865669147","nom":"Carrera 3B Este","tipo":"residential"},"geometry":{"type":"LineString","coordinates":[[-74.09525,4.5456],[-74.09514,4.54568]]}},{"type":"Feature","properties":{"id":"883621481","nom":"Calle 16 Sur","tipo":"residential"},"geometry":{"type":"LineString","coordinates":[[-74.09796,4.584],[-74.09801,4.58406],[-74.09806,4.58411],[-74.09877,4.58486],[-74.09948,4.58561],[-74.09992,4.58608],[-74.09996,4.58611]]}},{"type":"Feature","properties":{"id":"883621482","nom":"Calle 16 Sur","tipo":"residential"},"geometry":{"type":"LineString","coordinates":[[-74.10145,4.5877],[-74.10148,4.58773],[-74.10188,4.58816],[-74.1019,4.58818],[-74.10193,4.58821]]}},{"type":"Feature","properties":{"id":"906030127","nom":"Avenida Carrera 24","tipo":"secondary"},"geometry":{"type":"LineString","coordinates":[[-74.12553,4.57941],[-74.1266,4.57911]]}},{"type":"Feature","properties":{"id":"906030128","nom":"Avenida Carrera 24","tipo":"secondary"},"geometry":{"type":"LineString","coordinates":[[-74.1266,4.57911],[-74.12718,4.57894],[-74.12747,4.57886],[-74.12755,4.57884]]}},{"type":"Feature","properties":{"id":"906030129","nom":"Avenida Calle 44 Sur","tipo":"secondary"},"geometry":{"type":"LineString","coordinates":[[-74.12548,4.5793],[-74.12547,4.57927],[-74.12543,4.57919],[-74.12521,4.57865]]}},{"type":"Feature","properties":{"id":"906030130","nom":"Avenida Calle 44 Sur","tipo":"secondary"},"geometry":{"type":"LineString","coordinates":[[-74.12553,4.57941],[-74.12551,4.57937]]}},{"type":"Feature","properties":{"id":"906030131","nom":"Avenida Calle 44 Sur","tipo":"secondary"},"geometry":{"type":"LineString","coordinates":[[-74.12584,4.58016],[-74.12579,4.58003],[-74.12559,4.57957],[-74.12553,4.57941]]}},{"type":"Feature","properties":{"id":"909569610","nom":"Calle 27 Sur","tipo":"secondary"},"geometry":{"type":"LineString","coordinates":[[-74.10694,4.57923],[-74.10695,4.57925],[-74.10697,4.57928],[-74.10705,4.57943],[-74.10725,4.57982]]}},{"type":"Feature","properties":{"id":"909569611","nom":"Calle 27 Sur","tipo":"secondary"},"geometry":{"type":"LineString","coordinates":[[-74.10676,4.57906],[-74.10681,4.57911],[-74.1069,4.57919],[-74.10692,4.57921],[-74.10694,4.57923]]}},{"type":"Feature","properties":{"id":"909569612","nom":"Calle 27 Sur","tipo":"secondary"},"geometry":{"type":"LineString","coordinates":[[-74.10617,4.57859],[-74.10623,4.57864],[-74.10637,4.57875],[-74.10662,4.57894],[-74.10667,4.57898],[-74.1067,4.57901],[-74.10672,4.57902],[-74.10676,4.57906]]}},{"type":"Feature","properties":{"id":"911099953","nom":"Calle 27 Sur","tipo":"secondary"},"geometry":{"type":"LineString","coordinates":[[-74.1028,4.57595],[-74.10284,4.57598],[-74.10321,4.57627]]}},{"type":"Feature","properties":{"id":"911099954","nom":"Calle 27 Sur","tipo":"secondary"},"geometry":{"type":"LineString","coordinates":[[-74.1026,4.57579],[-74.1028,4.57595]]}},{"type":"Feature","properties":{"id":"911099955","nom":"Carrera 12D","tipo":"tertiary"},"geometry":{"type":"LineString","coordinates":[[-74.1026,4.57579],[-74.10259,4.5758],[-74.10208,4.57648]]}},{"type":"Feature","properties":{"id":"911099956","nom":"Carrera 12D","tipo":"tertiary"},"geometry":{"type":"LineString","coordinates":[[-74.10395,4.57403],[-74.10392,4.57408],[-74.10383,4.57419],[-74.10327,4.5749],[-74.10306,4.57518],[-74.10271,4.57564],[-74.10267,4.5757]]}},{"type":"Feature","properties":{"id":"911099957","nom":"Calle 27 Sur","tipo":"secondary"},"geometry":{"type":"LineString","coordinates":[[-74.10321,4.57627],[-74.1042,4.57704],[-74.10461,4.57737],[-74.10484,4.57756],[-74.10517,4.57782],[-74.10585,4.57834],[-74.10617,4.57859]]}},{"type":"Feature","properties":{"id":"911099958","nom":"Calle 27 Sur","tipo":"secondary"},"geometry":{"type":"LineString","coordinates":[[-74.10218,4.57545],[-74.10224,4.5755],[-74.10255,4.57575],[-74.1026,4.57579]]}},{"type":"Feature","properties":{"id":"914908780","nom":"Calle 39 Bis Sur","tipo":"residential"},"geometry":{"type":"LineString","coordinates":[[-74.10397,4.56242],[-74.10379,4.56227]]}},{"type":"Feature","properties":{"id":"915744613","nom":"Carrera 2D","tipo":"residential"},"geometry":{"type":"LineString","coordinates":[[-74.09813,4.55742],[-74.09812,4.55742],[-74.09794,4.55748],[-74.09768,4.5575],[-74.09766,4.55751],[-74.09744,4.5575]]}},{"type":"Feature","properties":{"id":"915965119","nom":"Avenida Calle 22 Sur","tipo":"primary"},"geometry":{"type":"LineString","coordinates":[[-74.09997,4.57948],[-74.09976,4.57934]]}},{"type":"Feature","properties":{"id":"915965120","nom":"Avenida Calle 22 Sur","tipo":"primary"},"geometry":{"type":"LineString","coordinates":[[-74.1018,4.58072],[-74.10119,4.58031],[-74.101,4.58017],[-74.10068,4.57996],[-74.10001,4.57951],[-74.09997,4.57948]]}},{"type":"Feature","properties":{"id":"915965121","nom":"Carrera 12D","tipo":"tertiary"},"geometry":{"type":"LineString","coordinates":[[-74.09997,4.57948],[-74.1,4.57944],[-74.10005,4.57939],[-74.10055,4.57879],[-74.10077,4.57853],[-74.10128,4.57792],[-74.10143,4.57774],[-74.10168,4.57742],[-74.10229,4.57664],[-74.10279,4.57597],[-74.1028,4.57595]]}},{"type":"Feature","properties":{"id":"915965122","nom":"Carrera 12D","tipo":"tertiary"},"geometry":{"type":"LineString","coordinates":[[-74.09986,4.5796],[-74.09997,4.57948]]}},{"type":"Feature","properties":{"id":"915965123","nom":"Avenida Calle 22 Sur","tipo":"primary"},"geometry":{"type":"LineString","coordinates":[[-74.09986,4.5796],[-74.09991,4.57964],[-74.10015,4.5798],[-74.10043,4.57999],[-74.10077,4.58021],[-74.10093,4.58032],[-74.10163,4.58079],[-74.10203,4.58106],[-74.10219,4.58117],[-74.10223,4.5812],[-74.1023,4.58125]]}},{"type":"Feature","properties":{"id":"915965124","nom":"Avenida Calle 22 Sur","tipo":"primary"},"geometry":{"type":"LineString","coordinates":[[-74.09967,4.57947],[-74.09986,4.5796]]}},{"type":"Feature","properties":{"id":"916540353","nom":"Avenida Calle 44 Sur","tipo":"secondary"},"geometry":{"type":"LineString","coordinates":[[-74.12514,4.57867],[-74.12523,4.57887],[-74.12524,4.57891],[-74.12536,4.57919],[-74.1254,4.57928],[-74.12541,4.57932]]}},{"type":"Feature","properties":{"id":"916540354","nom":"Carrera 23B","tipo":"residential"},"geometry":{"type":"LineString","coordinates":[[-74.12514,4.57867],[-74.12512,4.57868],[-74.12495,4.57872],[-74.12431,4.57891],[-74.12348,4.57915]]}},{"type":"Feature","properties":{"id":"916540355","nom":"Carrera 23B","tipo":"residential"},"geometry":{"type":"LineString","coordinates":[[-74.12521,4.57865],[-74.12514,4.57867]]}},{"type":"Feature","properties":{"id":"918019160","nom":"Avenida Carrera 24","tipo":"secondary"},"geometry":{"type":"LineString","coordinates":[[-74.12548,4.5793],[-74.12541,4.57932]]}},{"type":"Feature","properties":{"id":"918019641","nom":"Avenida Calle 44 Sur","tipo":"secondary"},"geometry":{"type":"LineString","coordinates":[[-74.12541,4.57932],[-74.12546,4.57943]]}},{"type":"Feature","properties":{"id":"918020435","nom":"Calle 34 Sur","tipo":"secondary"},"geometry":{"type":"LineString","coordinates":[[-74.10183,4.56652],[-74.10137,4.56587],[-74.10133,4.56581]]}},{"type":"Feature","properties":{"id":"918020436","nom":"Calle 34 Sur","tipo":"secondary"},"geometry":{"type":"LineString","coordinates":[[-74.10224,4.56714],[-74.1022,4.56706],[-74.1021,4.56689],[-74.10187,4.56657],[-74.10183,4.56652]]}},{"type":"Feature","properties":{"id":"918020437","nom":"Carrera 9","tipo":"residential"},"geometry":{"type":"LineString","coordinates":[[-74.10148,4.56682],[-74.10181,4.56653],[-74.10183,4.56652]]}},{"type":"Feature","properties":{"id":"918020647","nom":"Calle 19 Sur","tipo":"secondary"},"geometry":{"type":"LineString","coordinates":[[-74.10202,4.58416],[-74.10199,4.58414],[-74.10168,4.5838],[-74.10151,4.58363],[-74.10098,4.58307]]}},{"type":"Feature","properties":{"id":"918026358","nom":"Carrera 24F","tipo":"residential"},"geometry":{"type":"LineString","coordinates":[[-74.10665,4.58647],[-74.10678,4.58635]]}},{"type":"Feature","properties":{"id":"918026359","nom":"Avenida Calle 22 Sur","tipo":"primary"},"geometry":{"type":"LineString","coordinates":[[-74.10678,4.58635],[-74.10632,4.58578]]}},{"type":"Feature","properties":{"id":"918026360","nom":"Avenida Calle 22 Sur","tipo":"primary"},"geometry":{"type":"LineString","coordinates":[[-74.10902,4.58919],[-74.10896,4.58911],[-74.10889,4.58901],[-74.10857,4.58861],[-74.10811,4.58803],[-74.10791,4.58778],[-74.1078,4.58765],[-74.10767,4.58748]]}},{"type":"Feature","properties":{"id":"918026995","nom":"Avenida Calle 22 Sur","tipo":"primary"},"geometry":{"type":"LineString","coordinates":[[-74.10721,4.58691],[-74.10717,4.58685],[-74.10691,4.58651],[-74.10682,4.58641],[-74.10678,4.58635]]}},{"type":"Feature","properties":{"id":"918026996","nom":"Avenida Calle 22 Sur","tipo":"primary"},"geometry":{"type":"LineString","coordinates":[[-74.10767,4.58748],[-74.10721,4.58691]]}},{"type":"Feature","properties":{"id":"918026997","nom":"Carrera 24G","tipo":"residential"},"geometry":{"type":"LineString","coordinates":[[-74.1071,4.58702],[-74.10706,4.58706],[-74.10674,4.58738],[-74.1065,4.58762]]}},{"type":"Feature","properties":{"id":"918026998","nom":"Carrera 24G","tipo":"residential"},"geometry":{"type":"LineString","coordinates":[[-74.10721,4.58691],[-74.1071,4.58702]]}},{"type":"Feature","properties":{"id":"918027755","nom":"Avenida Carrera 33","tipo":"secondary"},"geometry":{"type":"LineString","coordinates":[[-74.13131,4.58577],[-74.13086,4.58585],[-74.13066,4.58588],[-74.13044,4.58591],[-74.13027,4.58594],[-74.13013,4.58597],[-74.12994,4.58602],[-74.12978,4.58608],[-74.12964,4.58614],[-74.12945,4.58622],[-74.12917,4.58635],[-74.12907,4.58641],[-74.12899,4.58645],[-74.12887,4.58653],[-74.12878,4.58658],[-74.12865,4.58665],[-74.12859,4.58667]]}},{"type":"Feature","properties":{"id":"918842659","nom":"Avenida Carrera 10","tipo":"secondary"},"geometry":{"type":"LineString","coordinates":[[-74.09806,4.57221],[-74.0981,4.57217]]}},{"type":"Feature","properties":{"id":"918842660","nom":"Calle 27 Sur","tipo":"secondary"},"geometry":{"type":"LineString","coordinates":[[-74.09789,4.57202],[-74.09795,4.57208],[-74.09799,4.57212],[-74.09802,4.57216],[-74.09806,4.57221]]}},{"type":"Feature","properties":{"id":"918869054","nom":"Calle 33 Sur","tipo":"tertiary"},"geometry":{"type":"LineString","coordinates":[[-74.11499,4.57662],[-74.11501,4.57672],[-74.11502,4.57677]]}},{"type":"Feature","properties":{"id":"918869055","nom":"Calle 33 Sur","tipo":"tertiary"},"geometry":{"type":"LineString","coordinates":[[-74.11498,4.57655],[-74.11499,4.57662]]}},{"type":"Feature","properties":{"id":"918869056","nom":"Calle 33 Sur","tipo":"tertiary"},"geometry":{"type":"LineString","coordinates":[[-74.11489,4.57614],[-74.11496,4.57649],[-74.11497,4.57651],[-74.11498,4.57655]]}},{"type":"Feature","properties":{"id":"918869057","nom":"Avenida Carrera 14","tipo":"primary"},"geometry":{"type":"LineString","coordinates":[[-74.11722,4.57619],[-74.11701,4.57623],[-74.1168,4.57627],[-74.11648,4.57632],[-74.11581,4.57642],[-74.11539,4.57649],[-74.11516,4.57652],[-74.11503,4.57655],[-74.11498,4.57655]]}},{"type":"Feature","properties":{"id":"918869058","nom":"Avenida Carrera 14","tipo":"primary"},"geometry":{"type":"LineString","coordinates":[[-74.11498,4.57655],[-74.11489,4.57657],[-74.11475,4.5766],[-74.11459,4.57664],[-74.11392,4.57681],[-74.11354,4.57691],[-74.11323,4.577],[-74.11228,4.57729],[-74.11156,4.57751],[-74.11079,4.57774],[-74.11072,4.57776]]}},{"type":"Feature","properties":{"id":"919227783","nom":"Calle 31 Sur","tipo":"tertiary"},"geometry":{"type":"LineString","coordinates":[[-74.10085,4.56883],[-74.10097,4.56883]]}},{"type":"Feature","properties":{"id":"928479735","nom":"Diagonal 48J Sur","tipo":"residential"},"geometry":{"type":"LineString","coordinates":[[-74.1165,4.55974],[-74.11654,4.55978],[-74.11681,4.56006],[-74.11717,4.56072],[-74.11721,4.56079]]}},{"type":"Feature","properties":{"id":"934421405","nom":"Diagonal 46 Sur","tipo":"tertiary"},"geometry":{"type":"LineString","coordinates":[[-74.11605,4.56736],[-74.1157,4.56729],[-74.11564,4.56728],[-74.11536,4.56722],[-74.11504,4.56715],[-74.11469,4.56709]]}},{"type":"Feature","properties":{"id":"934421406","nom":"Diagonal 46 Sur","tipo":"tertiary"},"geometry":{"type":"LineString","coordinates":[[-74.11902,4.56798],[-74.11863,4.5679],[-74.11851,4.56787],[-74.11837,4.56784],[-74.11806,4.56778],[-74.118,4.56776],[-74.1177,4.5677],[-74.1175,4.56766],[-74.11698,4.56755],[-74.11649,4.56745],[-74.11627,4.5674],[-74.11605,4.56736]]}},{"type":"Feature","properties":{"id":"934496898","nom":"Calle 27B Sur","tipo":"residential"},"geometry":{"type":"LineString","coordinates":[[-74.09613,4.56894],[-74.09646,4.5693]]}},{"type":"Feature","properties":{"id":"936426247","nom":"Avenida Carrera 27","tipo":"secondary"},"geometry":{"type":"LineString","coordinates":[[-74.11875,4.58905],[-74.11904,4.58912],[-74.11927,4.58918],[-74.11945,4.58923],[-74.11961,4.58926],[-74.11975,4.58929],[-74.12027,4.58937],[-74.12063,4.58943]]}},{"type":"Feature","properties":{"id":"937342708","nom":"Avenida Calle 22 Sur","tipo":"primary"},"geometry":{"type":"LineString","coordinates":[[-74.10245,4.58117],[-74.10237,4.58111],[-74.10188,4.58078],[-74.1018,4.58072]]}},{"type":"Feature","properties":{"id":"938724725","nom":"Calle 43 Sur","tipo":"tertiary"},"geometry":{"type":"LineString","coordinates":[[-74.11026,4.56364],[-74.1106,4.56386],[-74.11064,4.56389],[-74.11086,4.56405],[-74.1111,4.56423],[-74.11117,4.56428],[-74.11121,4.56431],[-74.11125,4.56435],[-74.1113,4.56443],[-74.11134,4.5645],[-74.11139,4.56462],[-74.11151,4.56495],[-74.11161,4.56521],[-74.1117,4.56544],[-74.11179,4.56571],[-74.11182,4.56578],[-74.11184,4.56581],[-74.11187,4.56583],[-74.11214,4.56607],[-74.11221,4.56612],[-74.1123,4.56616],[-74.11239,4.56619],[-74.11248,4.56622],[-74.11258,4.56624],[-74.11265,4.56624],[-74.11275,4.56625],[-74.11288,4.56626],[-74.11298,4.56627],[-74.11304,4.56628],[-74.11309,4.5663],[-74.11332,4.5664],[-74.11355,4.56651],[-74.1137,4.56659],[-74.11391,4.56668],[-74.11428,4.56683],[-74.11436,4.56688],[-74.11458,4.56704]]}},{"type":"Feature","properties":{"id":"938726674","nom":"Calle 46 Sur","tipo":"tertiary"},"geometry":{"type":"LineString","coordinates":[[-74.12618,4.5741],[-74.12617,4.57408],[-74.12616,4.57405]]}},{"type":"Feature","properties":{"id":"938726675","nom":"Calle 46 Sur","tipo":"tertiary"},"geometry":{"type":"LineString","coordinates":[[-74.12611,4.57387],[-74.12597,4.57341],[-74.12596,4.57336],[-74.12592,4.57326],[-74.12586,4.57305],[-74.12557,4.57214],[-74.12556,4.57209]]}},{"type":"Feature","properties":{"id":"939121377","nom":"Avenida Calle 51 Sur","tipo":"primary"},"geometry":{"type":"LineString","coordinates":[[-74.12124,4.55031],[-74.12124,4.55019],[-74.12123,4.55003],[-74.12119,4.5493],[-74.12118,4.5492],[-74.12117,4.54915],[-74.12114,4.54898],[-74.1211,4.54874],[-74.12108,4.54859],[-74.12107,4.54851],[-74.12107,4.54844],[-74.12107,4.54843],[-74.12108,4.54824],[-74.12108,4.54789],[-74.12109,4.54764],[-74.1211,4.54753],[-74.12111,4.54741],[-74.12113,4.54728],[-74.12113,4.54714],[-74.12114,4.54705],[-74.12114,4.54695],[-74.1211,4.54562]]}},{"type":"Feature","properties":{"id":"939121384","nom":"","tipo":"primary_link"},"geometry":{"type":"LineString","coordinates":[[-74.12098,4.54935],[-74.12095,4.54946],[-74.12091,4.54963],[-74.1209,4.54969],[-74.1209,4.54975],[-74.12091,4.55],[-74.12092,4.55017],[-74.12092,4.5502],[-74.12092,4.55024],[-74.12094,4.55028],[-74.12097,4.5503],[-74.121,4.55031],[-74.12103,4.55032]]}},{"type":"Feature","properties":{"id":"939121401","nom":"Avenida Calle 51 Sur","tipo":"primary"},"geometry":{"type":"LineString","coordinates":[[-74.12086,4.54559],[-74.12086,4.54568],[-74.12089,4.547],[-74.12089,4.54705],[-74.12089,4.54719],[-74.12089,4.54729],[-74.12085,4.54763],[-74.12085,4.54773],[-74.12084,4.54783],[-74.12085,4.54811],[-74.12085,4.54833],[-74.12085,4.54846],[-74.12086,4.54848],[-74.12087,4.54864],[-74.1209,4.54877],[-74.12094,4.54897],[-74.12096,4.54916],[-74.12098,4.54935]]}},{"type":"Feature","properties":{"id":"945332745","nom":"Transversal 12F Bis A","tipo":"tertiary"},"geometry":{"type":"LineString","coordinates":[[-74.11633,4.56826],[-74.1163,4.5684]]}},{"type":"Feature","properties":{"id":"945337074","nom":"Calle 49B Sur","tipo":"tertiary"},"geometry":{"type":"LineString","coordinates":[[-74.11423,4.54936],[-74.11392,4.54901]]}},{"type":"Feature","properties":{"id":"945337075","nom":"Calle 49 Bis Sur","tipo":"tertiary"},"geometry":{"type":"LineString","coordinates":[[-74.1133,4.54949],[-74.11342,4.54966]]}},{"type":"Feature","properties":{"id":"945337076","nom":"Carrera 5F","tipo":"residential"},"geometry":{"type":"LineString","coordinates":[[-74.1133,4.54949],[-74.1136,4.54926]]}},{"type":"Feature","properties":{"id":"956982310","nom":"Avenida Carrera 24","tipo":"secondary"},"geometry":{"type":"LineString","coordinates":[[-74.1188,4.58155],[-74.11872,4.58158]]}},{"type":"Feature","properties":{"id":"956982311","nom":"Avenida Calle 36 Sur","tipo":"secondary"},"geometry":{"type":"LineString","coordinates":[[-74.11882,4.58162],[-74.1188,4.58155]]}},{"type":"Feature","properties":{"id":"956982312","nom":"Avenida Calle 36 Sur","tipo":"secondary"},"geometry":{"type":"LineString","coordinates":[[-74.11798,4.57839],[-74.11791,4.57812],[-74.11783,4.5778],[-74.11774,4.57749],[-74.11762,4.57703],[-74.11754,4.57671],[-74.11747,4.57644],[-74.11746,4.57639]]}},{"type":"Feature","properties":{"id":"957860495","nom":"Avenida Carrera 33","tipo":"secondary"},"geometry":{"type":"LineString","coordinates":[[-74.12859,4.58667],[-74.12853,4.5867]]}},{"type":"Feature","properties":{"id":"958446868","nom":"Calle 40 Sur","tipo":"residential"},"geometry":{"type":"LineString","coordinates":[[-74.12118,4.58081],[-74.12116,4.58075]]}},{"type":"Feature","properties":{"id":"958446869","nom":"Avenida Carrera 24","tipo":"secondary"},"geometry":{"type":"LineString","coordinates":[[-74.11882,4.58162],[-74.11887,4.5816],[-74.11941,4.58142],[-74.12109,4.58084],[-74.12112,4.58083],[-74.12118,4.58081]]}},{"type":"Feature","properties":{"id":"958446870","nom":"Calle 40 Sur","tipo":"residential"},"geometry":{"type":"LineString","coordinates":[[-74.12152,4.58183],[-74.12121,4.58089],[-74.1212,4.58086],[-74.12118,4.58081]]}},{"type":"Feature","properties":{"id":"958659171","nom":"Carrera 9","tipo":"tertiary"},"geometry":{"type":"LineString","coordinates":[[-74.12231,4.55765],[-74.12227,4.55769]]}},{"type":"Feature","properties":{"id":"958659173","nom":"Avenida Calle 51 Sur","tipo":"primary"},"geometry":{"type":"LineString","coordinates":[[-74.12536,4.56405],[-74.12517,4.5637],[-74.12513,4.56362],[-74.1251,4.56356],[-74.12508,4.5635],[-74.12506,4.56344]]}},{"type":"Feature","properties":{"id":"958659175","nom":"Avenida Calle 51 Sur","tipo":"primary"},"geometry":{"type":"LineString","coordinates":[[-74.12594,4.56504],[-74.12567,4.56459],[-74.12542,4.56415],[-74.12536,4.56405]]}},{"type":"Feature","properties":{"id":"958659176","nom":"Avenida Calle 51 Sur","tipo":"primary"},"geometry":{"type":"LineString","coordinates":[[-74.12669,4.5668],[-74.12668,4.56663],[-74.12666,4.56648],[-74.12664,4.5664],[-74.12662,4.56632],[-74.12658,4.56618],[-74.12655,4.5661],[-74.12651,4.56601],[-74.12647,4.56593],[-74.12643,4.56585],[-74.12633,4.56568],[-74.12629,4.56561],[-74.12625,4.56554],[-74.12594,4.56504]]}},{"type":"Feature","properties":{"id":"958659177","nom":"Carrera 13A","tipo":"residential"},"geometry":{"type":"LineString","coordinates":[[-74.12536,4.56405],[-74.1253,4.56408],[-74.1252,4.56413],[-74.12515,4.56415]]}},{"type":"Feature","properties":{"id":"958659178","nom":"Avenida Calle 51 Sur","tipo":"primary"},"geometry":{"type":"LineString","coordinates":[[-74.12496,4.56381],[-74.125,4.56389],[-74.12503,4.56394],[-74.12515,4.56415]]}},{"type":"Feature","properties":{"id":"960106032","nom":"Calle 31D Sur","tipo":"residential"},"geometry":{"type":"LineString","coordinates":[[-74.11366,4.57949],[-74.11383,4.5799]]}},{"type":"Feature","properties":{"id":"960125039","nom":"Avenida Carrera 10","tipo":"secondary"},"geometry":{"type":"LineString","coordinates":[[-74.09854,4.57169],[-74.09889,4.5713],[-74.09917,4.57098],[-74.09919,4.57095],[-74.09927,4.57084],[-74.09934,4.57074],[-74.0994,4.57066],[-74.09945,4.5706],[-74.09978,4.57021],[-74.10018,4.56974],[-74.10064,4.56921],[-74.10066,4.56919],[-74.10072,4.56912],[-74.10082,4.569],[-74.10092,4.56888],[-74.10097,4.56883]]}},{"type":"Feature","properties":{"id":"960125040","nom":"Calle 27 Sur","tipo":"secondary"},"geometry":{"type":"LineString","coordinates":[[-74.09865,4.57259],[-74.09846,4.57245],[-74.09818,4.57223],[-74.09816,4.57221],[-74.0981,4.57217]]}},{"type":"Feature","properties":{"id":"960807003","nom":"Calle 40 Sur","tipo":"residential"},"geometry":{"type":"LineString","coordinates":[[-74.12116,4.58075],[-74.12115,4.58071],[-74.12114,4.58068],[-74.12101,4.58029]]}},{"type":"Feature","properties":{"id":"960823031","nom":"Avenida Carrera 50","tipo":"secondary"},"geometry":{"type":"LineString","coordinates":[[-74.12844,4.58689],[-74.12842,4.587],[-74.1284,4.58718]]}},{"type":"Feature","properties":{"id":"960823032","nom":"Avenida Carrera 33","tipo":"secondary"},"geometry":{"type":"LineString","coordinates":[[-74.12815,4.58703],[-74.1283,4.58696],[-74.12834,4.58694],[-74.12837,4.58692],[-74.12838,4.58692],[-74.12844,4.58689]]}},{"type":"Feature","properties":{"id":"960823033","nom":"Avenida Carrera 33","tipo":"secondary"},"geometry":{"type":"LineString","coordinates":[[-74.12492,4.58837],[-74.12519,4.58827],[-74.12555,4.58813],[-74.12558,4.58811],[-74.12564,4.58809],[-74.12619,4.58787],[-74.12667,4.58768],[-74.12719,4.58747],[-74.12735,4.58741],[-74.12753,4.58734],[-74.12767,4.58727],[-74.12784,4.58719],[-74.12785,4.58718],[-74.12815,4.58703]]}},{"type":"Feature","properties":{"id":"960827466","nom":"Avenida Carrera 24","tipo":"secondary"},"geometry":{"type":"LineString","coordinates":[[-74.12459,4.57956],[-74.124,4.57974],[-74.12381,4.57979]]}},{"type":"Feature","properties":{"id":"961359488","nom":"Avenida Carrera 24","tipo":"secondary"},"geometry":{"type":"LineString","coordinates":[[-74.1109,4.58423],[-74.11085,4.58424],[-74.11081,4.58424],[-74.10982,4.58427],[-74.10976,4.58427],[-74.10972,4.58429],[-74.10966,4.58431]]}},{"type":"Feature","properties":{"id":"963221525","nom":"","tipo":"tertiary_link"},"geometry":{"type":"LineString","coordinates":[[-74.12926,4.57048],[-74.12917,4.57051],[-74.12911,4.57055],[-74.12905,4.5706],[-74.12903,4.57063],[-74.12901,4.57067],[-74.12899,4.57071],[-74.12898,4.57076],[-74.12898,4.57078],[-74.12898,4.57079],[-74.12898,4.57081]]}},{"type":"Feature","properties":{"id":"963802479","nom":"Avenida Carrera 24","tipo":"secondary"},"geometry":{"type":"LineString","coordinates":[[-74.12116,4.58075],[-74.1211,4.58077],[-74.1196,4.58128],[-74.1194,4.58135],[-74.11885,4.58154],[-74.1188,4.58155]]}},{"type":"Feature","properties":{"id":"975131109","nom":"Avenida Calle 51 Sur","tipo":"primary"},"geometry":{"type":"LineString","coordinates":[[-74.12148,4.55506],[-74.12147,4.55493],[-74.12147,4.55482]]}},{"type":"Feature","properties":{"id":"975131112","nom":"Avenida Calle 51 Sur","tipo":"primary"},"geometry":{"type":"LineString","coordinates":[[-74.12124,4.5547],[-74.12125,4.55496]]}},{"type":"Feature","properties":{"id":"975131115","nom":"Avenida Calle 51 Sur","tipo":"primary"},"geometry":{"type":"LineString","coordinates":[[-74.12146,4.55637],[-74.12149,4.55645],[-74.12159,4.55665],[-74.122,4.5575],[-74.1221,4.55771],[-74.12211,4.55775],[-74.12214,4.5578]]}},{"type":"Feature","properties":{"id":"978319944","nom":"Calle 34 Sur","tipo":"secondary"},"geometry":{"type":"LineString","coordinates":[[-74.10234,4.56731],[-74.10224,4.56714]]}},{"type":"Feature","properties":{"id":"993734101","nom":"Carrera 15","tipo":"residential"},"geometry":{"type":"LineString","coordinates":[[-74.0961,4.58671],[-74.09606,4.58676],[-74.09553,4.58741],[-74.09521,4.58781],[-74.09487,4.58822],[-74.0946,4.58856],[-74.09405,4.58924],[-74.09342,4.59001],[-74.09282,4.59076]]}},{"type":"Feature","properties":{"id":"993793409","nom":"Calle 39 Sur","tipo":"residential"},"geometry":{"type":"LineString","coordinates":[[-74.12312,4.58614],[-74.12293,4.58575]]}},{"type":"Feature","properties":{"id":"993793410","nom":"Calle 41 Sur","tipo":"residential"},"geometry":{"type":"LineString","coordinates":[[-74.12419,4.58498],[-74.12436,4.58535],[-74.12452,4.58576],[-74.12468,4.58618],[-74.12484,4.58659],[-74.12503,4.58705],[-74.12518,4.58743],[-74.1254,4.58796],[-74.12541,4.588],[-74.12542,4.58803]]}},{"type":"Feature","properties":{"id":"993793411","nom":"Calle 39 Sur","tipo":"residential"},"geometry":{"type":"LineString","coordinates":[[-74.12276,4.58538],[-74.12251,4.58484],[-74.12235,4.58449],[-74.1221,4.58397],[-74.12169,4.58308]]}},{"type":"Feature","properties":{"id":"993793413","nom":"Carrera 27","tipo":"tertiary"},"geometry":{"type":"LineString","coordinates":[[-74.12351,4.58418],[-74.12356,4.58417],[-74.12359,4.58416],[-74.12365,4.58414]]}},{"type":"Feature","properties":{"id":"993793414","nom":"Carrera 28A","tipo":"residential"},"geometry":{"type":"LineString","coordinates":[[-74.12205,4.586],[-74.12293,4.58575]]}},{"type":"Feature","properties":{"id":"995937041","nom":"Avenida Calle 51 Sur","tipo":"primary"},"geometry":{"type":"LineString","coordinates":[[-74.12103,4.55032],[-74.12105,4.55087],[-74.12107,4.55119],[-74.12112,4.55167],[-74.12115,4.55186],[-74.12116,4.55203],[-74.12117,4.55225],[-74.12117,4.55245],[-74.12116,4.55268],[-74.12117,4.55289],[-74.12117,4.55294],[-74.12118,4.55317],[-74.12118,4.55319],[-74.12119,4.55334],[-74.12122,4.55398],[-74.12122,4.55447],[-74.12124,4.5547]]}},{"type":"Feature","properties":{"id":"995937042","nom":"","tipo":"primary_link"},"geometry":{"type":"LineString","coordinates":[[-74.12103,4.55032],[-74.1211,4.55032],[-74.12118,4.55031],[-74.12124,4.55031]]}},{"type":"Feature","properties":{"id":"1002789240","nom":"Avenida Calle 22 Sur","tipo":"primary"},"geometry":{"type":"LineString","coordinates":[[-74.10909,4.58928],[-74.10902,4.58919]]}},{"type":"Feature","properties":{"id":"1002789241","nom":"Avenida Calle 22 Sur","tipo":"primary"},"geometry":{"type":"LineString","coordinates":[[-74.10898,4.5894],[-74.10904,4.58948],[-74.10908,4.58954],[-74.11032,4.59126],[-74.11063,4.59166],[-74.11103,4.59221],[-74.11111,4.59233],[-74.11114,4.59237],[-74.11116,4.5924]]}},{"type":"Feature","properties":{"id":"1005097402","nom":"Avenida Carrera 27","tipo":"secondary"},"geometry":{"type":"LineString","coordinates":[[-74.1074,4.59092],[-74.10754,4.59077],[-74.1081,4.59024],[-74.10823,4.59012],[-74.10848,4.58988],[-74.10883,4.58954],[-74.10888,4.58949],[-74.1089,4.58947],[-74.10898,4.5894]]}},{"type":"Feature","properties":{"id":"1012250099","nom":"Carrera 12D","tipo":"tertiary"},"geometry":{"type":"LineString","coordinates":[[-74.10208,4.57648],[-74.10151,4.57719],[-74.10122,4.57757],[-74.10071,4.5782],[-74.10036,4.57861],[-74.09983,4.57924],[-74.0998,4.57929],[-74.09976,4.57934]]}},{"type":"Feature","properties":{"id":"1012579411","nom":"Diagonal 37 Bis Sur","tipo":"residential"},"geometry":{"type":"LineString","coordinates":[[-74.09662,4.55709],[-74.09637,4.55705]]}},{"type":"Feature","properties":{"id":"1012585650","nom":"Carrera 1C","tipo":"residential"},"geometry":{"type":"LineString","coordinates":[[-74.09706,4.55807],[-74.09723,4.55773]]}},{"type":"Feature","properties":{"id":"1012585653","nom":"Carrera 1B","tipo":"residential"},"geometry":{"type":"LineString","coordinates":[[-74.09664,4.55833],[-74.09644,4.55873]]}},{"type":"Feature","properties":{"id":"1012587365","nom":"Avenida Calle 22 Sur","tipo":"primary"},"geometry":{"type":"LineString","coordinates":[[-74.09516,4.57618],[-74.09483,4.5759],[-74.09478,4.57586],[-74.09472,4.5758]]}},{"type":"Feature","properties":{"id":"1012587366","nom":"Avenida Calle 22 Sur","tipo":"primary"},"geometry":{"type":"LineString","coordinates":[[-74.09713,4.57755],[-74.09659,4.57719]]}},{"type":"Feature","properties":{"id":"1012587367","nom":"Avenida Calle 22 Sur","tipo":"primary"},"geometry":{"type":"LineString","coordinates":[[-74.09651,4.57713],[-74.09646,4.5771],[-74.09627,4.57697],[-74.09563,4.57653],[-74.09552,4.57645],[-74.09516,4.57618]]}},{"type":"Feature","properties":{"id":"1012592866","nom":"Calle 25 Sur","tipo":"residential"},"geometry":{"type":"LineString","coordinates":[[-74.09709,4.57321],[-74.09715,4.57327],[-74.09763,4.57373]]}},{"type":"Feature","properties":{"id":"1012593057","nom":"Carrera 10A","tipo":"residential"},"geometry":{"type":"LineString","coordinates":[[-74.09865,4.57259],[-74.09869,4.57255],[-74.09897,4.57223]]}},{"type":"Feature","properties":{"id":"1012593058","nom":"Carrera 10A","tipo":"residential"},"geometry":{"type":"LineString","coordinates":[[-74.0986,4.57264],[-74.09865,4.57259]]}},{"type":"Feature","properties":{"id":"1012593059","nom":"Calle 27 Sur","tipo":"secondary"},"geometry":{"type":"LineString","coordinates":[[-74.09806,4.57221],[-74.09812,4.57226],[-74.0986,4.57264]]}},{"type":"Feature","properties":{"id":"1012593532","nom":"Carrera 10C","tipo":"residential"},"geometry":{"type":"LineString","coordinates":[[-74.09937,4.57314],[-74.09932,4.5732]]}},{"type":"Feature","properties":{"id":"1012593533","nom":"Calle 27 Sur","tipo":"secondary"},"geometry":{"type":"LineString","coordinates":[[-74.0986,4.57264],[-74.09929,4.57318],[-74.09932,4.5732]]}},{"type":"Feature","properties":{"id":"1012593534","nom":"Calle 27 Sur","tipo":"secondary"},"geometry":{"type":"LineString","coordinates":[[-74.09937,4.57314],[-74.09934,4.57312],[-74.09865,4.57259]]}},{"type":"Feature","properties":{"id":"1012596740","nom":"Calle 27 Sur","tipo":"secondary"},"geometry":{"type":"LineString","coordinates":[[-74.09932,4.5732],[-74.09972,4.57351]]}},{"type":"Feature","properties":{"id":"1012596741","nom":"Calle 27 Sur","tipo":"secondary"},"geometry":{"type":"LineString","coordinates":[[-74.09977,4.57345],[-74.09937,4.57314]]}},{"type":"Feature","properties":{"id":"1012599428","nom":"Calle 27 Sur","tipo":"secondary"},"geometry":{"type":"LineString","coordinates":[[-74.10224,4.57537],[-74.10195,4.57515],[-74.10121,4.57457]]}},{"type":"Feature","properties":{"id":"1012599429","nom":"Calle 27 Sur","tipo":"secondary"},"geometry":{"type":"LineString","coordinates":[[-74.10121,4.57457],[-74.10092,4.57434]]}},{"type":"Feature","properties":{"id":"1012599430","nom":"Calle 27 Sur","tipo":"secondary"},"geometry":{"type":"LineString","coordinates":[[-74.10092,4.57434],[-74.10061,4.5741]]}},{"type":"Feature","properties":{"id":"1012599431","nom":"Carrera 11A","tipo":"residential"},"geometry":{"type":"LineString","coordinates":[[-74.10061,4.5741],[-74.10056,4.57417]]}},{"type":"Feature","properties":{"id":"1012599432","nom":"Calle 27 Sur","tipo":"secondary"},"geometry":{"type":"LineString","coordinates":[[-74.10061,4.5741],[-74.10023,4.5738],[-74.10012,4.57372]]}},{"type":"Feature","properties":{"id":"1012599433","nom":"Carrera 12 Bis","tipo":"residential"},"geometry":{"type":"LineString","coordinates":[[-74.10121,4.57457],[-74.10116,4.57464]]}},{"type":"Feature","properties":{"id":"1012599434","nom":"Carrera 12B","tipo":"residential"},"geometry":{"type":"LineString","coordinates":[[-74.10224,4.57537],[-74.10218,4.57545]]}},{"type":"Feature","properties":{"id":"1012599435","nom":"Calle 27 Sur","tipo":"secondary"},"geometry":{"type":"LineString","coordinates":[[-74.10116,4.57464],[-74.10131,4.57476],[-74.10218,4.57545]]}},{"type":"Feature","properties":{"id":"1012599436","nom":"Carrera 12B","tipo":"residential"},"geometry":{"type":"LineString","coordinates":[[-74.10352,4.57373],[-74.10348,4.57375],[-74.10345,4.57378],[-74.10285,4.57457],[-74.10227,4.57534],[-74.10224,4.57537]]}},{"type":"Feature","properties":{"id":"1012599437","nom":"Carrera 12","tipo":"residential"},"geometry":{"type":"LineString","coordinates":[[-74.10092,4.57434],[-74.10093,4.57432],[-74.10095,4.5743],[-74.10144,4.57361]]}},{"type":"Feature","properties":{"id":"1012599438","nom":"Calle 27 Sur","tipo":"secondary"},"geometry":{"type":"LineString","coordinates":[[-74.10056,4.57417],[-74.10087,4.57441]]}},{"type":"Feature","properties":{"id":"1012599439","nom":"Calle 27 Sur","tipo":"secondary"},"geometry":{"type":"LineString","coordinates":[[-74.09972,4.57351],[-74.10007,4.57378]]}},{"type":"Feature","properties":{"id":"1012602698","nom":"Carrera 12F","tipo":"residential"},"geometry":{"type":"LineString","coordinates":[[-74.10321,4.57627],[-74.1032,4.57629],[-74.10296,4.57663]]}},{"type":"Feature","properties":{"id":"1012602699","nom":"Carrera 12D","tipo":"tertiary"},"geometry":{"type":"LineString","coordinates":[[-74.10267,4.5757],[-74.1026,4.57579]]}},{"type":"Feature","properties":{"id":"1012602700","nom":"Calle 27 Sur","tipo":"secondary"},"geometry":{"type":"LineString","coordinates":[[-74.10267,4.5757],[-74.10262,4.57566],[-74.10224,4.57537]]}},{"type":"Feature","properties":{"id":"1012602701","nom":"Carrera 12D","tipo":"tertiary"},"geometry":{"type":"LineString","coordinates":[[-74.10347,4.57506],[-74.10359,4.57492],[-74.10377,4.57468],[-74.10402,4.57435],[-74.10407,4.57429],[-74.10417,4.57418]]}},{"type":"Feature","properties":{"id":"1012606527","nom":"Calle 27 Sur","tipo":"secondary"},"geometry":{"type":"LineString","coordinates":[[-74.10842,4.58208],[-74.10844,4.5821],[-74.10861,4.58242],[-74.10867,4.58252],[-74.1089,4.58293],[-74.10894,4.58301],[-74.10916,4.5834],[-74.10943,4.5839],[-74.1096,4.58421],[-74.10962,4.58424],[-74.10964,4.58427],[-74.10966,4.58431]]}},{"type":"Feature","properties":{"id":"1012619832","nom":"Calle 19 Sur","tipo":"residential"},"geometry":{"type":"LineString","coordinates":[[-74.10351,4.58575],[-74.10353,4.58577],[-74.10358,4.58582],[-74.10376,4.58602]]}},{"type":"Feature","properties":{"id":"1012621402","nom":"Carrera 23","tipo":"residential"},"geometry":{"type":"LineString","coordinates":[[-74.10381,4.585],[-74.10369,4.58511]]}},{"type":"Feature","properties":{"id":"1012838150","nom":"Calle 19 Sur","tipo":"tertiary"},"geometry":{"type":"LineString","coordinates":[[-74.09571,4.5779],[-74.09577,4.57797],[-74.09584,4.57805],[-74.09593,4.57815],[-74.09622,4.57842]]}},{"type":"Feature","properties":{"id":"1012838151","nom":"Calle 19 Sur","tipo":"tertiary"},"geometry":{"type":"LineString","coordinates":[[-74.09629,4.57835],[-74.09599,4.57808],[-74.09591,4.57803],[-74.09587,4.57801]]}},{"type":"Feature","properties":{"id":"1012838152","nom":"Carrera 12C","tipo":"residential"},"geometry":{"type":"LineString","coordinates":[[-74.09824,4.58022],[-74.0983,4.58015]]}},{"type":"Feature","properties":{"id":"1012838153","nom":"Carrera 12C","tipo":"residential"},"geometry":{"type":"LineString","coordinates":[[-74.0983,4.58015],[-74.0988,4.5796]]}},{"type":"Feature","properties":{"id":"1012850334","nom":"Calle 19 Sur","tipo":"tertiary"},"geometry":{"type":"LineString","coordinates":[[-74.09703,4.57914],[-74.09744,4.5795]]}},{"type":"Feature","properties":{"id":"1012850335","nom":"Carrera 12","tipo":"residential"},"geometry":{"type":"LineString","coordinates":[[-74.09709,4.57907],[-74.09703,4.57914]]}},{"type":"Feature","properties":{"id":"1012850336","nom":"Calle 19 Sur","tipo":"tertiary"},"geometry":{"type":"LineString","coordinates":[[-74.09744,4.5795],[-74.09784,4.57986]]}},{"type":"Feature","properties":{"id":"1012850337","nom":"Carrera 12A","tipo":"residential"},"geometry":{"type":"LineString","coordinates":[[-74.0975,4.57943],[-74.09744,4.5795]]}},{"type":"Feature","properties":{"id":"1012850338","nom":"Calle 19 Sur","tipo":"tertiary"},"geometry":{"type":"LineString","coordinates":[[-74.09784,4.57986],[-74.09824,4.58022]]}},{"type":"Feature","properties":{"id":"1012850339","nom":"Carrera 12B","tipo":"residential"},"geometry":{"type":"LineString","coordinates":[[-74.0979,4.57979],[-74.09784,4.57986]]}},{"type":"Feature","properties":{"id":"1012850340","nom":"Calle 19 Sur","tipo":"tertiary"},"geometry":{"type":"LineString","coordinates":[[-74.09709,4.57907],[-74.09669,4.57871]]}},{"type":"Feature","properties":{"id":"1012850341","nom":"Carrera 11B","tipo":"residential"},"geometry":{"type":"LineString","coordinates":[[-74.09738,4.57792],[-74.09734,4.57796],[-74.09707,4.57828],[-74.09679,4.5786],[-74.09669,4.57871]]}},{"type":"Feature","properties":{"id":"1012850342","nom":"Carrera 12","tipo":"residential"},"geometry":{"type":"LineString","coordinates":[[-74.0975,4.57862],[-74.09709,4.57907]]}},{"type":"Feature","properties":{"id":"1012850343","nom":"Calle 19 Sur","tipo":"tertiary"},"geometry":{"type":"LineString","coordinates":[[-74.0975,4.57943],[-74.09709,4.57907]]}},{"type":"Feature","properties":{"id":"1012850344","nom":"Calle 19 Sur","tipo":"tertiary"},"geometry":{"type":"LineString","coordinates":[[-74.0979,4.57979],[-74.0975,4.57943]]}},{"type":"Feature","properties":{"id":"1012850345","nom":"Carrera 12A","tipo":"residential"},"geometry":{"type":"LineString","coordinates":[[-74.09792,4.57896],[-74.0975,4.57943]]}},{"type":"Feature","properties":{"id":"1012850346","nom":"Carrera 12B","tipo":"residential"},"geometry":{"type":"LineString","coordinates":[[-74.09875,4.57884],[-74.09871,4.57889],[-74.09835,4.57929],[-74.09807,4.5796],[-74.0979,4.57979]]}},{"type":"Feature","properties":{"id":"1012850347","nom":"Calle 19 Sur","tipo":"tertiary"},"geometry":{"type":"LineString","coordinates":[[-74.0983,4.58015],[-74.0979,4.57979]]}},{"type":"Feature","properties":{"id":"1012853299","nom":"Carrera 11A","tipo":"residential"},"geometry":{"type":"LineString","coordinates":[[-74.09622,4.57842],[-74.09629,4.57835]]}},{"type":"Feature","properties":{"id":"1012853300","nom":"Carrera 11A","tipo":"residential"},"geometry":{"type":"LineString","coordinates":[[-74.09629,4.57835],[-74.0969,4.57765],[-74.09693,4.57761]]}},{"type":"Feature","properties":{"id":"1012853301","nom":"Calle 19 Sur","tipo":"tertiary"},"geometry":{"type":"LineString","coordinates":[[-74.09669,4.57871],[-74.09629,4.57835]]}},{"type":"Feature","properties":{"id":"1012853302","nom":"Calle 19 Sur","tipo":"tertiary"},"geometry":{"type":"LineString","coordinates":[[-74.09622,4.57842],[-74.09663,4.57878]]}},{"type":"Feature","properties":{"id":"1012853303","nom":"Calle 19 Sur","tipo":"tertiary"},"geometry":{"type":"LineString","coordinates":[[-74.09663,4.57878],[-74.09703,4.57914]]}},{"type":"Feature","properties":{"id":"1012853304","nom":"Carrera 11B","tipo":"residential"},"geometry":{"type":"LineString","coordinates":[[-74.09669,4.57871],[-74.09663,4.57878]]}},{"type":"Feature","properties":{"id":"1012892152","nom":"Avenida Calle 22 Sur","tipo":"primary"},"geometry":{"type":"LineString","coordinates":[[-74.09659,4.57719],[-74.09651,4.57713]]}},{"type":"Feature","properties":{"id":"1012892153","nom":"Carrera 11","tipo":"residential"},"geometry":{"type":"LineString","coordinates":[[-74.09436,4.57973],[-74.09439,4.5797],[-74.09474,4.5793],[-74.0951,4.57889],[-74.09546,4.57848],[-74.09584,4.57805],[-74.09587,4.57801]]}},{"type":"Feature","properties":{"id":"1012892154","nom":"Avenida Calle 22 Sur","tipo":"primary"},"geometry":{"type":"LineString","coordinates":[[-74.0964,4.57725],[-74.09649,4.57731]]}},{"type":"Feature","properties":{"id":"1012892155","nom":"Avenida Calle 22 Sur","tipo":"primary"},"geometry":{"type":"LineString","coordinates":[[-74.09461,4.57592],[-74.09468,4.57598],[-74.09486,4.57612],[-74.09513,4.57635]]}},{"type":"Feature","properties":{"id":"1013139063","nom":"Calle 17 Sur","tipo":"tertiary"},"geometry":{"type":"LineString","coordinates":[[-74.09471,4.58015],[-74.09475,4.58018],[-74.0951,4.58049]]}},{"type":"Feature","properties":{"id":"1013155617","nom":"Calle 17 Sur","tipo":"tertiary"},"geometry":{"type":"LineString","coordinates":[[-74.09735,4.58241],[-74.0973,4.58237],[-74.09719,4.58227]]}},{"type":"Feature","properties":{"id":"1013194588","nom":"","tipo":"secondary_link"},"geometry":{"type":"LineString","coordinates":[[-74.1084,4.58979],[-74.10848,4.58988]]}},{"type":"Feature","properties":{"id":"1013197954","nom":"Calle 10B Bis Sur","tipo":"residential"},"geometry":{"type":"LineString","coordinates":[[-74.09698,4.58732],[-74.09699,4.58729],[-74.097,4.58726],[-74.09701,4.58724],[-74.09703,4.58722],[-74.09705,4.58721],[-74.09707,4.5872]]}},{"type":"Feature","properties":{"id":"1013909119","nom":"Transversal 24I","tipo":"tertiary"},"geometry":{"type":"LineString","coordinates":[[-74.10434,4.59073],[-74.10436,4.5906],[-74.10444,4.58997]]}},{"type":"Feature","properties":{"id":"1013909122","nom":"Transversal 24I","tipo":"tertiary"},"geometry":{"type":"LineString","coordinates":[[-74.10434,4.58997],[-74.10425,4.59072]]}},{"type":"Feature","properties":{"id":"1014143940","nom":"Carrera 24A","tipo":"tertiary"},"geometry":{"type":"LineString","coordinates":[[-74.10239,4.58732],[-74.10227,4.58744]]}},{"type":"Feature","properties":{"id":"1014143941","nom":"Carrera 24F Bis","tipo":"tertiary"},"geometry":{"type":"LineString","coordinates":[[-74.10451,4.58902],[-74.10448,4.58902],[-74.10446,4.58904],[-74.10422,4.58927]]}},{"type":"Feature","properties":{"id":"1014143942","nom":"Carrera 24H","tipo":"tertiary"},"geometry":{"type":"LineString","coordinates":[[-74.10444,4.58997],[-74.10467,4.58974]]}},{"type":"Feature","properties":{"id":"1014166474","nom":"Avenida Carrera 33","tipo":"secondary"},"geometry":{"type":"LineString","coordinates":[[-74.12237,4.58951],[-74.12253,4.58944]]}},{"type":"Feature","properties":{"id":"1014166475","nom":"Avenida Calle 36 Sur","tipo":"secondary"},"geometry":{"type":"LineString","coordinates":[[-74.12237,4.58951],[-74.12248,4.58943]]}},{"type":"Feature","properties":{"id":"1014166476","nom":"Carrera 25","tipo":"residential"},"geometry":{"type":"LineString","coordinates":[[-74.11064,4.58571],[-74.11062,4.58574]]}},{"type":"Feature","properties":{"id":"1014166477","nom":"Carrera 25","tipo":"residential"},"geometry":{"type":"LineString","coordinates":[[-74.11145,4.58532],[-74.11103,4.58549],[-74.11081,4.58557],[-74.11064,4.58571]]}},{"type":"Feature","properties":{"id":"1014166478","nom":"Carrera 25","tipo":"residential"},"geometry":{"type":"LineString","coordinates":[[-74.11155,4.58528],[-74.11149,4.5853],[-74.11145,4.58532]]}},{"type":"Feature","properties":{"id":"1014167277","nom":"Calle 39 Sur","tipo":"residential"},"geometry":{"type":"LineString","coordinates":[[-74.12293,4.58575],[-74.12284,4.58556]]}},{"type":"Feature","properties":{"id":"1014385783","nom":"Avenida Calle 11 Sur","tipo":"secondary"},"geometry":{"type":"LineString","coordinates":[[-74.09724,4.58666],[-74.09714,4.58666],[-74.09697,4.58667]]}},{"type":"Feature","properties":{"id":"1014385784","nom":"Transversal 18 Bis","tipo":"secondary"},"geometry":{"type":"LineString","coordinates":[[-74.09968,4.58662],[-74.09979,4.58662],[-74.10026,4.58663],[-74.10031,4.58663],[-74.10032,4.58663],[-74.10036,4.58664],[-74.10041,4.58665],[-74.10048,4.58667]]}},{"type":"Feature","properties":{"id":"1014407376","nom":"Avenida Calle 22 Sur","tipo":"primary"},"geometry":{"type":"LineString","coordinates":[[-74.11129,4.5923],[-74.11127,4.59228],[-74.11114,4.59209],[-74.11078,4.5916],[-74.11055,4.59129],[-74.11001,4.59054],[-74.10969,4.59009],[-74.10953,4.58988],[-74.10922,4.58946],[-74.10918,4.5894],[-74.10916,4.58938],[-74.10909,4.58928]]}},{"type":"Feature","properties":{"id":"1014440099","nom":"Avenida Carrera 27","tipo":"secondary"},"geometry":{"type":"LineString","coordinates":[[-74.11325,4.58859],[-74.11314,4.5886],[-74.11311,4.5886],[-74.11299,4.58861]]}},{"type":"Feature","properties":{"id":"1014440100","nom":"Avenida Carrera 27","tipo":"secondary"},"geometry":{"type":"LineString","coordinates":[[-74.11386,4.58853],[-74.11364,4.58855],[-74.11325,4.58859]]}},{"type":"Feature","properties":{"id":"1014489140","nom":"Carrera 31","tipo":"residential"},"geometry":{"type":"LineString","coordinates":[[-74.12737,4.58578],[-74.12801,4.58557],[-74.12803,4.58557]]}},{"type":"Feature","properties":{"id":"1014489141","nom":"Carrera 29","tipo":"residential"},"geometry":{"type":"LineString","coordinates":[[-74.12776,4.58491],[-74.12772,4.58492],[-74.12653,4.58525]]}},{"type":"Feature","properties":{"id":"1014489142","nom":"Carrera 29","tipo":"residential"},"geometry":{"type":"LineString","coordinates":[[-74.12783,4.58489],[-74.12776,4.58491]]}},{"type":"Feature","properties":{"id":"1014489143","nom":"Avenida Calle 44 Sur","tipo":"secondary"},"geometry":{"type":"LineString","coordinates":[[-74.12859,4.58667],[-74.12858,4.58664],[-74.12839,4.5862],[-74.12831,4.58603],[-74.12811,4.58554]]}},{"type":"Feature","properties":{"id":"1014489144","nom":"Avenida Calle 44 Sur","tipo":"secondary"},"geometry":{"type":"LineString","coordinates":[[-74.12776,4.58491],[-74.12778,4.58496],[-74.12781,4.58504],[-74.12803,4.58557],[-74.1283,4.5862],[-74.12832,4.58624],[-74.12851,4.58664],[-74.12852,4.58667],[-74.12853,4.5867]]}},{"type":"Feature","properties":{"id":"1014489993","nom":"Carrera 28A","tipo":"residential"},"geometry":{"type":"LineString","coordinates":[[-74.12436,4.58535],[-74.12329,4.58567]]}},{"type":"Feature","properties":{"id":"1014489994","nom":"Calle 39 Sur","tipo":"residential"},"geometry":{"type":"LineString","coordinates":[[-74.12395,4.58789],[-74.12373,4.58743],[-74.12353,4.58702]]}},{"type":"Feature","properties":{"id":"1014489995","nom":"Diagonal 41A Sur","tipo":"residential"},"geometry":{"type":"LineString","coordinates":[[-74.12601,4.58622],[-74.12582,4.58672],[-74.12562,4.58727]]}},{"type":"Feature","properties":{"id":"1015975700","nom":"Avenida Carrera 14","tipo":"primary"},"geometry":{"type":"LineString","coordinates":[[-74.0959,4.58507],[-74.09595,4.58504]]}},{"type":"Feature","properties":{"id":"1016257488","nom":"Calle 10B Sur","tipo":"secondary"},"geometry":{"type":"LineString","coordinates":[[-74.09829,4.58953],[-74.09834,4.58955],[-74.09838,4.58956],[-74.09843,4.58958],[-74.09849,4.58959],[-74.09856,4.5896],[-74.09863,4.5896],[-74.0987,4.5896],[-74.09876,4.58959],[-74.09883,4.58957],[-74.09889,4.58955],[-74.09895,4.58953]]}},{"type":"Feature","properties":{"id":"1016257489","nom":"Calle 10B Sur","tipo":"secondary"},"geometry":{"type":"LineString","coordinates":[[-74.09641,4.58691],[-74.09648,4.58695],[-74.09665,4.58706]]}},{"type":"Feature","properties":{"id":"1016257490","nom":"Calle 10B Sur","tipo":"secondary"},"geometry":{"type":"LineString","coordinates":[[-74.0961,4.58671],[-74.09641,4.58691]]}},{"type":"Feature","properties":{"id":"1016286795","nom":"Diagonal 41A Sur","tipo":"tertiary"},"geometry":{"type":"LineString","coordinates":[[-74.12439,4.58253],[-74.12442,4.58247],[-74.12457,4.58202],[-74.12469,4.58169],[-74.12471,4.58164]]}},{"type":"Feature","properties":{"id":"1016650042","nom":"Carrera 28","tipo":"residential"},"geometry":{"type":"LineString","coordinates":[[-74.12597,4.58446],[-74.12672,4.58424]]}},{"type":"Feature","properties":{"id":"1016650043","nom":"Carrera 27","tipo":"tertiary"},"geometry":{"type":"LineString","coordinates":[[-74.12405,4.58404],[-74.1241,4.58403],[-74.12415,4.58402],[-74.12437,4.58396]]}},{"type":"Feature","properties":{"id":"1016650044","nom":"Calle 41 Sur","tipo":"residential"},"geometry":{"type":"LineString","coordinates":[[-74.1235,4.58326],[-74.12359,4.58347]]}},{"type":"Feature","properties":{"id":"1016650045","nom":"Calle 41 Sur","tipo":"residential"},"geometry":{"type":"LineString","coordinates":[[-74.12359,4.58347],[-74.12376,4.5839]]}},{"type":"Feature","properties":{"id":"1016650046","nom":"Diagonal 41A Sur","tipo":"tertiary"},"geometry":{"type":"LineString","coordinates":[[-74.12398,4.58372],[-74.12409,4.58341],[-74.12411,4.58333],[-74.12413,4.58329],[-74.12432,4.58275],[-74.12438,4.58258],[-74.12439,4.58253]]}},{"type":"Feature","properties":{"id":"1016650047","nom":"Carrera 27","tipo":"tertiary"},"geometry":{"type":"LineString","coordinates":[[-74.12235,4.58449],[-74.12348,4.58419],[-74.12351,4.58418]]}},{"type":"Feature","properties":{"id":"1016652636","nom":"Diagonal 41A Sur","tipo":"residential"},"geometry":{"type":"LineString","coordinates":[[-74.12424,4.58429],[-74.12408,4.58422],[-74.12402,4.58419]]}},{"type":"Feature","properties":{"id":"1016661790","nom":"Carrera 32","tipo":"tertiary"},"geometry":{"type":"LineString","coordinates":[[-74.12031,4.58807],[-74.1201,4.58808],[-74.11994,4.58811],[-74.11985,4.58814],[-74.11977,4.58818]]}},{"type":"Feature","properties":{"id":"1016661791","nom":"Calle 39 Sur","tipo":"residential"},"geometry":{"type":"LineString","coordinates":[[-74.12284,4.58556],[-74.12276,4.58538]]}},{"type":"Feature","properties":{"id":"1017032032","nom":"Diagonal 41 Sur","tipo":"residential"},"geometry":{"type":"LineString","coordinates":[[-74.12826,4.58992],[-74.12825,4.58995],[-74.12824,4.58997],[-74.12822,4.58998],[-74.12821,4.58999],[-74.12819,4.59],[-74.12817,4.59001],[-74.12815,4.59001],[-74.12813,4.59001]]}},{"type":"Feature","properties":{"id":"1018730502","nom":"Calle 48A Bis Sur","tipo":"residential"},"geometry":{"type":"LineString","coordinates":[[-74.10144,4.5465],[-74.10099,4.54587]]}},{"type":"Feature","properties":{"id":"1018739710","nom":"","tipo":"residential"},"geometry":{"type":"LineString","coordinates":[[-74.10636,4.56346],[-74.10632,4.56319]]}},{"type":"Feature","properties":{"id":"1018758081","nom":"Calle 48X Sur","tipo":"tertiary"},"geometry":{"type":"LineString","coordinates":[[-74.10939,4.5482],[-74.10888,4.54783],[-74.10858,4.54762]]}},{"type":"Feature","properties":{"id":"1018758082","nom":"Calle 48X Sur","tipo":"tertiary"},"geometry":{"type":"LineString","coordinates":[[-74.10858,4.54762],[-74.10836,4.54746],[-74.10812,4.54728]]}},{"type":"Feature","properties":{"id":"1018764552","nom":"Calle 49 Sur","tipo":"tertiary"},"geometry":{"type":"LineString","coordinates":[[-74.10888,4.54619],[-74.10913,4.54637],[-74.10925,4.54645],[-74.10929,4.54647],[-74.10938,4.54649]]}},{"type":"Feature","properties":{"id":"1018764553","nom":"Calle 49 Sur","tipo":"tertiary"},"geometry":{"type":"LineString","coordinates":[[-74.10675,4.54538],[-74.10686,4.5454],[-74.10709,4.54543],[-74.10717,4.54544],[-74.10726,4.54545],[-74.10741,4.54545],[-74.10748,4.54545],[-74.10762,4.54546],[-74.10772,4.54547],[-74.10777,4.54548],[-74.10783,4.54549],[-74.10788,4.54551],[-74.10797,4.54556],[-74.108,4.54557],[-74.10822,4.54573],[-74.10837,4.54584],[-74.10844,4.54589],[-74.10865,4.54603],[-74.10888,4.54619]]}},{"type":"Feature","properties":{"id":"1018764554","nom":"Calle 49 Sur","tipo":"tertiary"},"geometry":{"type":"LineString","coordinates":[[-74.10675,4.54538],[-74.10657,4.54535],[-74.10646,4.54534],[-74.10636,4.54532],[-74.10631,4.54531],[-74.10626,4.54529],[-74.10599,4.54511],[-74.10591,4.54505]]}},{"type":"Feature","properties":{"id":"1018769936","nom":"","tipo":"residential"},"geometry":{"type":"LineString","coordinates":[[-74.10443,4.54804],[-74.10426,4.54792]]}},{"type":"Feature","properties":{"id":"1018995891","nom":"","tipo":"residential"},"geometry":{"type":"LineString","coordinates":[[-74.11971,4.5663],[-74.11957,4.56611],[-74.11956,4.5661],[-74.11954,4.5661],[-74.11946,4.56613],[-74.11935,4.56618],[-74.11931,4.56618],[-74.11924,4.56618],[-74.11902,4.56612],[-74.11874,4.56609],[-74.11872,4.5661],[-74.11871,4.56611],[-74.11867,4.5662],[-74.11865,4.56622],[-74.11863,4.56623],[-74.11845,4.56618],[-74.11842,4.56616],[-74.1184,4.56614],[-74.11833,4.56606],[-74.11832,4.56605],[-74.11828,4.56604],[-74.11813,4.56605],[-74.118,4.56603],[-74.11782,4.56596]]}},{"type":"Feature","properties":{"id":"1019023648","nom":"","tipo":"residential"},"geometry":{"type":"LineString","coordinates":[[-74.10621,4.54572],[-74.1062,4.54591]]}},{"type":"Feature","properties":{"id":"1019030853","nom":"Carrera 9A","tipo":"residential"},"geometry":{"type":"LineString","coordinates":[[-74.1009,4.56818],[-74.10065,4.56839],[-74.10061,4.56843]]}},{"type":"Feature","properties":{"id":"1019033113","nom":"Carrera 5","tipo":"residential"},"geometry":{"type":"LineString","coordinates":[[-74.10199,4.56094],[-74.10171,4.56126]]}},{"type":"Feature","properties":{"id":"1019045645","nom":"","tipo":"residential"},"geometry":{"type":"LineString","coordinates":[[-74.11976,4.56247],[-74.11962,4.56235]]}},{"type":"Feature","properties":{"id":"1019045646","nom":"","tipo":"residential"},"geometry":{"type":"LineString","coordinates":[[-74.11962,4.5627],[-74.11947,4.56257]]}},{"type":"Feature","properties":{"id":"1019045647","nom":"","tipo":"residential"},"geometry":{"type":"LineString","coordinates":[[-74.11938,4.56042],[-74.11951,4.56068]]}},{"type":"Feature","properties":{"id":"1019045648","nom":"","tipo":"residential"},"geometry":{"type":"LineString","coordinates":[[-74.12003,4.56288],[-74.11954,4.56284]]}},{"type":"Feature","properties":{"id":"1019045813","nom":"","tipo":"residential"},"geometry":{"type":"LineString","coordinates":[[-74.10609,4.56215],[-74.1063,4.56235]]}},{"type":"Feature","properties":{"id":"1019902758","nom":"","tipo":"residential"},"geometry":{"type":"LineString","coordinates":[[-74.1073,4.55318],[-74.10706,4.5533]]}},{"type":"Feature","properties":{"id":"1019903608","nom":"","tipo":"residential"},"geometry":{"type":"LineString","coordinates":[[-74.12017,4.57215],[-74.11992,4.5722]]}},{"type":"Feature","properties":{"id":"1019908172","nom":"","tipo":"residential"},"geometry":{"type":"LineString","coordinates":[[-74.10845,4.55424],[-74.10832,4.55415]]}},{"type":"Feature","properties":{"id":"1019908173","nom":"","tipo":"residential"},"geometry":{"type":"LineString","coordinates":[[-74.10834,4.5545],[-74.10845,4.55424],[-74.10855,4.55401]]}},{"type":"Feature","properties":{"id":"1019912402","nom":"Carrera 23","tipo":"residential"},"geometry":{"type":"LineString","coordinates":[[-74.1272,4.57658],[-74.12697,4.57665],[-74.12692,4.57667]]}},{"type":"Feature","properties":{"id":"1019920631","nom":"Calle 29A Sur","tipo":"residential"},"geometry":{"type":"LineString","coordinates":[[-74.1139,4.58688],[-74.11389,4.58677]]}},{"type":"Feature","properties":{"id":"1019920632","nom":"Calle 31 Sur","tipo":"residential"},"geometry":{"type":"LineString","coordinates":[[-74.11469,4.58679],[-74.11485,4.58715],[-74.11527,4.58805],[-74.11529,4.58811],[-74.1153,4.58817],[-74.11532,4.58827],[-74.11533,4.58832],[-74.11533,4.58841]]}},{"type":"Feature","properties":{"id":"1019945149","nom":"Carrera 21A","tipo":"residential"},"geometry":{"type":"LineString","coordinates":[[-74.11184,4.58077],[-74.11139,4.58101]]}},{"type":"Feature","properties":{"id":"1019945150","nom":"Carrera 20A","tipo":"residential"},"geometry":{"type":"LineString","coordinates":[[-74.11111,4.58048],[-74.11155,4.58022]]}},{"type":"Feature","properties":{"id":"1019946138","nom":"","tipo":"residential"},"geometry":{"type":"LineString","coordinates":[[-74.10032,4.55993],[-74.10026,4.56003],[-74.10019,4.56017],[-74.10017,4.56021]]}},{"type":"Feature","properties":{"id":"1019965344","nom":"Calle 30B Sur","tipo":"residential"},"geometry":{"type":"LineString","coordinates":[[-74.09832,4.56959],[-74.09871,4.56992],[-74.09893,4.57011]]}},{"type":"Feature","properties":{"id":"1020187548","nom":"","tipo":"residential"},"geometry":{"type":"LineString","coordinates":[[-74.11525,4.56191],[-74.11519,4.56162]]}},{"type":"Feature","properties":{"id":"1020187549","nom":"Carrera 10A","tipo":"residential"},"geometry":{"type":"LineString","coordinates":[[-74.11549,4.56188],[-74.11525,4.56191]]}},{"type":"Feature","properties":{"id":"1020221050","nom":"","tipo":"residential"},"geometry":{"type":"LineString","coordinates":[[-74.10962,4.56493],[-74.1096,4.56497],[-74.10956,4.56501],[-74.10951,4.56503]]}},{"type":"Feature","properties":{"id":"1020247682","nom":"Diagonal 32B Sur","tipo":"residential"},"geometry":{"type":"LineString","coordinates":[[-74.11077,4.5685],[-74.1108,4.56794],[-74.11086,4.56718]]}},{"type":"Feature","properties":{"id":"1020249652","nom":"Carrera 11D","tipo":"residential"},"geometry":{"type":"LineString","coordinates":[[-74.11186,4.5651],[-74.11161,4.56521]]}},{"type":"Feature","properties":{"id":"1020446697","nom":"Carrera 11C","tipo":"residential"},"geometry":{"type":"LineString","coordinates":[[-74.12001,4.56213],[-74.12024,4.56212]]}},{"type":"Feature","properties":{"id":"1020457174","nom":"Calle 39A Sur","tipo":"residential"},"geometry":{"type":"LineString","coordinates":[[-74.10102,4.55819],[-74.10108,4.55828]]}},{"type":"Feature","properties":{"id":"1020457175","nom":"Calle 38B Sur","tipo":"residential"},"geometry":{"type":"LineString","coordinates":[[-74.10038,4.55776],[-74.10051,4.55798],[-74.1006,4.55818]]}},{"type":"Feature","properties":{"id":"1020457176","nom":"Calle 38 Sur","tipo":"residential"},"geometry":{"type":"LineString","coordinates":[[-74.10048,4.55877],[-74.10059,4.55896],[-74.10063,4.55905]]}},{"type":"Feature","properties":{"id":"1020457177","nom":"","tipo":"residential"},"geometry":{"type":"LineString","coordinates":[[-74.09943,4.55944],[-74.09931,4.55932],[-74.09928,4.55927],[-74.09925,4.55922],[-74.09923,4.55915],[-74.0992,4.55907]]}},{"type":"Feature","properties":{"id":"1020498062","nom":"","tipo":"residential"},"geometry":{"type":"LineString","coordinates":[[-74.11063,4.57141],[-74.11045,4.57145]]}},{"type":"Feature","properties":{"id":"1020834741","nom":"Carrera 13A","tipo":"residential"},"geometry":{"type":"LineString","coordinates":[[-74.12629,4.56361],[-74.12542,4.56402],[-74.12536,4.56405]]}},{"type":"Feature","properties":{"id":"1020834742","nom":"Carrera 13A","tipo":"residential"},"geometry":{"type":"LineString","coordinates":[[-74.1287,4.56243],[-74.12783,4.56286]]}},{"type":"Feature","properties":{"id":"1021937449","nom":"Diagonal 46 Bis Sur","tipo":"residential"},"geometry":{"type":"LineString","coordinates":[[-74.1248,4.56946],[-74.12508,4.5696]]}},{"type":"Feature","properties":{"id":"1022231724","nom":"Carrera 5C","tipo":"residential"},"geometry":{"type":"LineString","coordinates":[[-74.10998,4.55385],[-74.11012,4.55357],[-74.11014,4.55352]]}},{"type":"Feature","properties":{"id":"1022238194","nom":"Transversal 5I","tipo":"residential"},"geometry":{"type":"LineString","coordinates":[[-74.1111,4.55836],[-74.11112,4.55935]]}},{"type":"Feature","properties":{"id":"1022254593","nom":"","tipo":"residential"},"geometry":{"type":"LineString","coordinates":[[-74.11487,4.55176],[-74.11479,4.55166]]}},{"type":"Feature","properties":{"id":"1022477589","nom":"Calle 51C Sur","tipo":"residential"},"geometry":{"type":"LineString","coordinates":[[-74.11654,4.54599],[-74.11639,4.54575]]}},{"type":"Feature","properties":{"id":"1022483035","nom":"Calle 29A Sur","tipo":"residential"},"geometry":{"type":"LineString","coordinates":[[-74.11364,4.58644],[-74.11371,4.58659],[-74.11379,4.58677]]}},{"type":"Feature","properties":{"id":"1022483036","nom":"Calle 30 Sur","tipo":"tertiary"},"geometry":{"type":"LineString","coordinates":[[-74.11427,4.58673],[-74.11408,4.58632],[-74.11386,4.58585]]}},{"type":"Feature","properties":{"id":"1022483037","nom":"Calle 30 Sur","tipo":"residential"},"geometry":{"type":"LineString","coordinates":[[-74.11329,4.58463],[-74.11346,4.58501],[-74.11386,4.58585]]}},{"type":"Feature","properties":{"id":"1025892775","nom":"Avenida Carrera 14","tipo":"primary"},"geometry":{"type":"LineString","coordinates":[[-74.10989,4.57822],[-74.10996,4.5782],[-74.11012,4.57815],[-74.11065,4.578],[-74.11071,4.57798],[-74.11081,4.57796],[-74.11098,4.57791],[-74.11188,4.57764],[-74.1125,4.57744],[-74.11275,4.57736],[-74.11308,4.57727],[-74.11335,4.57719],[-74.11358,4.57712],[-74.11363,4.57711],[-74.11369,4.57709],[-74.11376,4.57708],[-74.11423,4.57696],[-74.1149,4.5768],[-74.11494,4.57679],[-74.11502,4.57677]]}},{"type":"Feature","properties":{"id":"1025892776","nom":"Avenida Carrera 14","tipo":"primary"},"geometry":{"type":"LineString","coordinates":[[-74.11746,4.57639],[-74.11769,4.57635],[-74.11791,4.57631],[-74.11874,4.57619],[-74.11896,4.57616],[-74.11915,4.57613],[-74.11925,4.57611],[-74.11937,4.57609],[-74.11958,4.57604]]}},{"type":"Feature","properties":{"id":"1026890658","nom":"Calle 48X Sur","tipo":"tertiary"},"geometry":{"type":"LineString","coordinates":[[-74.10966,4.54839],[-74.10962,4.54837],[-74.10939,4.5482]]}},{"type":"Feature","properties":{"id":"1027104077","nom":"Calle 50D Sur","tipo":"residential"},"geometry":{"type":"LineString","coordinates":[[-74.12406,4.56136],[-74.12392,4.56111]]}},{"type":"Feature","properties":{"id":"1027104078","nom":"Carrera 10","tipo":"tertiary"},"geometry":{"type":"LineString","coordinates":[[-74.12268,4.55852],[-74.12272,4.55848],[-74.12278,4.55843],[-74.12282,4.5584]]}},{"type":"Feature","properties":{"id":"1028078379","nom":"Calle 17 Sur","tipo":"tertiary"},"geometry":{"type":"LineString","coordinates":[[-74.0985,4.5834],[-74.09857,4.58343],[-74.09868,4.58348]]}},{"type":"Feature","properties":{"id":"1028078380","nom":"Avenida Carrera 14","tipo":"primary"},"geometry":{"type":"LineString","coordinates":[[-74.0985,4.5834],[-74.09845,4.58343],[-74.09833,4.58351],[-74.09794,4.58378],[-74.09778,4.58388],[-74.09763,4.58398],[-74.09751,4.58405],[-74.09739,4.58412],[-74.09727,4.58418],[-74.09692,4.58435],[-74.09658,4.58452],[-74.09629,4.58465],[-74.09621,4.58469],[-74.09615,4.58471],[-74.09612,4.58472],[-74.096,4.58477]]}},{"type":"Feature","properties":{"id":"1028078383","nom":"Avenida Calle 22 Sur","tipo":"primary"},"geometry":{"type":"LineString","coordinates":[[-74.10287,4.58152],[-74.10274,4.5814],[-74.10273,4.58139],[-74.1027,4.58136],[-74.10263,4.58131]]}},{"type":"Feature","properties":{"id":"1028078384","nom":"Avenida Calle 36 Sur","tipo":"secondary"},"geometry":{"type":"LineString","coordinates":[[-74.11746,4.57639],[-74.11744,4.57635],[-74.11742,4.57633],[-74.1174,4.57631]]}},{"type":"Feature","properties":{"id":"1028078385","nom":"Avenida Carrera 14","tipo":"primary"},"geometry":{"type":"LineString","coordinates":[[-74.11502,4.57677],[-74.1154,4.57671],[-74.11575,4.57665],[-74.11683,4.57649],[-74.11703,4.57645],[-74.11728,4.57641],[-74.11737,4.5764]]}},{"type":"Feature","properties":{"id":"1028078387","nom":"Diagonal 48 Sur","tipo":"primary"},"geometry":{"type":"LineString","coordinates":[[-74.12557,4.56923],[-74.12562,4.56926],[-74.12564,4.56926],[-74.12565,4.56927],[-74.12576,4.56933]]}},{"type":"Feature","properties":{"id":"1028078388","nom":"Diagonal 48 Sur","tipo":"primary"},"geometry":{"type":"LineString","coordinates":[[-74.12576,4.56933],[-74.12613,4.56952],[-74.12636,4.56964],[-74.12668,4.56981],[-74.12698,4.56997],[-74.12723,4.5701],[-74.12771,4.57036],[-74.1278,4.57041],[-74.12796,4.57049],[-74.12819,4.5706],[-74.12837,4.57067],[-74.12847,4.5707],[-74.12856,4.57073]]}},{"type":"Feature","properties":{"id":"1028078389","nom":"Avenida Carrera 14","tipo":"primary"},"geometry":{"type":"LineString","coordinates":[[-74.12506,4.57034],[-74.12514,4.57015],[-74.12535,4.5697],[-74.12544,4.56949],[-74.12549,4.56939]]}},{"type":"Feature","properties":{"id":"1028078390","nom":"Avenida Carrera 14","tipo":"primary"},"geometry":{"type":"LineString","coordinates":[[-74.12549,4.56939],[-74.12554,4.56929],[-74.12557,4.56923]]}},{"type":"Feature","properties":{"id":"1028159746","nom":"Avenida Carrera 14","tipo":"primary"},"geometry":{"type":"LineString","coordinates":[[-74.09875,4.5835],[-74.09884,4.58345],[-74.09901,4.58334],[-74.0992,4.58323],[-74.09962,4.58299],[-74.09987,4.58285],[-74.10007,4.58274],[-74.10037,4.58256],[-74.10041,4.58254],[-74.10046,4.58251],[-74.10052,4.58247]]}},{"type":"Feature","properties":{"id":"1028159748","nom":"Calle 17 Sur","tipo":"tertiary"},"geometry":{"type":"LineString","coordinates":[[-74.09868,4.58348],[-74.09875,4.5835]]}},{"type":"Feature","properties":{"id":"1029376419","nom":"Carrera 12G","tipo":"residential"},"geometry":{"type":"LineString","coordinates":[[-74.09818,4.58315],[-74.09812,4.58321]]}},{"type":"Feature","properties":{"id":"1029376420","nom":"Calle 17 Sur","tipo":"tertiary"},"geometry":{"type":"LineString","coordinates":[[-74.0973,4.58248],[-74.09734,4.58251],[-74.09766,4.5828]]}},{"type":"Feature","properties":{"id":"1038838708","nom":"Carrera 27","tipo":"tertiary"},"geometry":{"type":"LineString","coordinates":[[-74.12753,4.58311],[-74.1277,4.58307],[-74.12775,4.58305],[-74.12786,4.58302]]}},{"type":"Feature","properties":{"id":"1038838709","nom":"Carrera 27","tipo":"tertiary"},"geometry":{"type":"LineString","coordinates":[[-74.12713,4.58322],[-74.12716,4.58321],[-74.12753,4.58311]]}},{"type":"Feature","properties":{"id":"1038838710","nom":"Transversal 26A Bis","tipo":"residential"},"geometry":{"type":"LineString","coordinates":[[-74.12786,4.58302],[-74.12754,4.58281]]}},{"type":"Feature","properties":{"id":"1038838711","nom":"Transversal 27 Bis","tipo":"residential"},"geometry":{"type":"LineString","coordinates":[[-74.1269,4.58373],[-74.12728,4.58392],[-74.12733,4.58395],[-74.12736,4.58396]]}},{"type":"Feature","properties":{"id":"1038838712","nom":"Transversal 26B Bis","tipo":"residential"},"geometry":{"type":"LineString","coordinates":[[-74.12652,4.58307],[-74.12632,4.58344]]}},{"type":"Feature","properties":{"id":"1038838713","nom":"Carrera 27","tipo":"tertiary"},"geometry":{"type":"LineString","coordinates":[[-74.12706,4.58324],[-74.12713,4.58322]]}},{"type":"Feature","properties":{"id":"1038838714","nom":"Avenida Calle 44 Sur","tipo":"secondary"},"geometry":{"type":"LineString","coordinates":[[-74.12679,4.58259],[-74.12685,4.58275],[-74.12703,4.58317],[-74.12706,4.58324]]}},{"type":"Feature","properties":{"id":"1038838715","nom":"Avenida Calle 44 Sur","tipo":"secondary"},"geometry":{"type":"LineString","coordinates":[[-74.12706,4.58324],[-74.12708,4.58331],[-74.1272,4.58357],[-74.12736,4.58396]]}},{"type":"Feature","properties":{"id":"1038838716","nom":"Diagonal 42C Sur","tipo":"tertiary"},"geometry":{"type":"LineString","coordinates":[[-74.12548,4.57947],[-74.12549,4.57942]]}},{"type":"Feature","properties":{"id":"1038838717","nom":"Avenida Calle 44 Sur","tipo":"secondary"},"geometry":{"type":"LineString","coordinates":[[-74.12546,4.57943],[-74.12548,4.57947]]}},{"type":"Feature","properties":{"id":"1038838718","nom":"Avenida Carrera 24","tipo":"secondary"},"geometry":{"type":"LineString","coordinates":[[-74.12546,4.57943],[-74.12549,4.57942]]}},{"type":"Feature","properties":{"id":"1038838719","nom":"Carrera 22A","tipo":"residential"},"geometry":{"type":"LineString","coordinates":[[-74.1263,4.57454],[-74.12628,4.5746],[-74.12621,4.57478],[-74.12612,4.57501],[-74.126,4.5753],[-74.12586,4.57562],[-74.12573,4.57583],[-74.12556,4.57607],[-74.12544,4.57623],[-74.12534,4.57635],[-74.12522,4.57648],[-74.12511,4.5766],[-74.12504,4.57667],[-74.12494,4.57675],[-74.12472,4.5769],[-74.12456,4.577],[-74.12455,4.57701],[-74.12452,4.57702]]}},{"type":"Feature","properties":{"id":"1039402184","nom":"Carrera 26","tipo":"residential"},"geometry":{"type":"LineString","coordinates":[[-74.12657,4.58191],[-74.12651,4.58193]]}},{"type":"Feature","properties":{"id":"1039402185","nom":"Carrera 26","tipo":"residential"},"geometry":{"type":"LineString","coordinates":[[-74.12769,4.5816],[-74.12727,4.58171],[-74.12677,4.58185],[-74.12661,4.5819],[-74.12657,4.58191]]}},{"type":"Feature","properties":{"id":"1039402186","nom":"Avenida Calle 44 Sur","tipo":"secondary"},"geometry":{"type":"LineString","coordinates":[[-74.12686,4.58256],[-74.1266,4.58196]]}},{"type":"Feature","properties":{"id":"1039402187","nom":"Avenida Calle 44 Sur","tipo":"secondary"},"geometry":{"type":"LineString","coordinates":[[-74.12657,4.58191],[-74.12656,4.58188],[-74.1265,4.58173],[-74.12639,4.58146],[-74.12623,4.58108]]}},{"type":"Feature","properties":{"id":"1039404737","nom":"Calle 48C Sur","tipo":"tertiary"},"geometry":{"type":"LineString","coordinates":[[-74.12902,4.57095],[-74.12898,4.57081]]}},{"type":"Feature","properties":{"id":"1039404738","nom":"Diagonal 48 Sur","tipo":"primary"},"geometry":{"type":"LineString","coordinates":[[-74.12856,4.57073],[-74.12867,4.57075],[-74.12882,4.57078],[-74.12898,4.57081]]}},{"type":"Feature","properties":{"id":"1041432098","nom":"Avenida Carrera 10","tipo":"secondary"},"geometry":{"type":"LineString","coordinates":[[-74.1014,4.56804],[-74.10131,4.56815],[-74.10118,4.56829],[-74.10089,4.56861],[-74.10082,4.56869]]}},{"type":"Feature","properties":{"id":"1041432101","nom":"Avenida Carrera 10","tipo":"secondary"},"geometry":{"type":"LineString","coordinates":[[-74.10881,4.56321],[-74.10938,4.5629]]}},{"type":"Feature","properties":{"id":"1041432103","nom":"Avenida Carrera 10","tipo":"secondary"},"geometry":{"type":"LineString","coordinates":[[-74.10812,4.56371],[-74.10814,4.56366],[-74.10817,4.5636],[-74.10822,4.56354]]}},{"type":"Feature","properties":{"id":"1049255364","nom":"Carrera 24B","tipo":"residential"},"geometry":{"type":"LineString","coordinates":[[-74.12683,4.57987],[-74.12777,4.57961]]}},{"type":"Feature","properties":{"id":"1049286705","nom":"Carrera 21B","tipo":"residential"},"geometry":{"type":"LineString","coordinates":[[-74.11255,4.58037],[-74.11252,4.58037],[-74.11249,4.58037],[-74.11246,4.58039],[-74.11245,4.5804],[-74.11243,4.58044],[-74.11242,4.58046],[-74.11242,4.58049],[-74.11243,4.58052],[-74.11245,4.58055],[-74.11248,4.58057]]}},{"type":"Feature","properties":{"id":"1051246737","nom":"Carrera 2B","tipo":"residential"},"geometry":{"type":"LineString","coordinates":[[-74.108,4.54557],[-74.10757,4.54617]]}},{"type":"Feature","properties":{"id":"1051255848","nom":"Carrera 1F","tipo":"residential"},"geometry":{"type":"LineString","coordinates":[[-74.10756,4.54436],[-74.10686,4.5454]]}},{"type":"Feature","properties":{"id":"1051440739","nom":"Carrera 1G","tipo":"residential"},"geometry":{"type":"LineString","coordinates":[[-74.10765,4.54471],[-74.10717,4.54544]]}},{"type":"Feature","properties":{"id":"1051440742","nom":"Carrera 2A","tipo":"residential"},"geometry":{"type":"LineString","coordinates":[[-74.10827,4.54475],[-74.10777,4.54548]]}},{"type":"Feature","properties":{"id":"1051440743","nom":"Calle 48T Bis Sur","tipo":"residential"},"geometry":{"type":"LineString","coordinates":[[-74.10887,4.54886],[-74.10914,4.54904],[-74.10917,4.54907]]}},{"type":"Feature","properties":{"id":"1051448291","nom":"Carrera 1D","tipo":"residential"},"geometry":{"type":"LineString","coordinates":[[-74.10534,4.54691],[-74.10498,4.5474]]}},{"type":"Feature","properties":{"id":"1051498328","nom":"","tipo":"residential"},"geometry":{"type":"LineString","coordinates":[[-74.11734,4.55155],[-74.1171,4.55178],[-74.11708,4.55178]]}},{"type":"Feature","properties":{"id":"1051498329","nom":"Carrera 5B Bis","tipo":"residential"},"geometry":{"type":"LineString","coordinates":[[-74.10997,4.55158],[-74.11006,4.55115]]}},{"type":"Feature","properties":{"id":"1051730764","nom":"","tipo":"residential"},"geometry":{"type":"LineString","coordinates":[[-74.11692,4.55161],[-74.11707,4.55178],[-74.11708,4.55178]]}},{"type":"Feature","properties":{"id":"1051817793","nom":"","tipo":"residential"},"geometry":{"type":"LineString","coordinates":[[-74.11113,4.54999],[-74.11088,4.54982]]}},{"type":"Feature","properties":{"id":"1051817794","nom":"","tipo":"residential"},"geometry":{"type":"LineString","coordinates":[[-74.11121,4.5498],[-74.11122,4.54984],[-74.11122,4.54986],[-74.11121,4.54987],[-74.11113,4.54999],[-74.11104,4.55013]]}},{"type":"Feature","properties":{"id":"1052151074","nom":"Carrera 5","tipo":"tertiary"},"geometry":{"type":"LineString","coordinates":[[-74.10841,4.55071],[-74.10843,4.55063],[-74.10846,4.55056],[-74.1085,4.55044],[-74.10856,4.55026],[-74.10859,4.55017],[-74.10867,4.54991],[-74.10868,4.54989],[-74.10877,4.54963]]}},{"type":"Feature","properties":{"id":"1052217663","nom":"Carrera 9","tipo":"residential"},"geometry":{"type":"LineString","coordinates":[[-74.10593,4.56282],[-74.10604,4.56263],[-74.10603,4.56261]]}},{"type":"Feature","properties":{"id":"1052603402","nom":"Carrera 17","tipo":"residential"},"geometry":{"type":"LineString","coordinates":[[-74.12989,4.56467],[-74.12856,4.5656],[-74.12853,4.56562]]}},{"type":"Feature","properties":{"id":"1052626792","nom":"Avenida Carrera 27","tipo":"secondary"},"geometry":{"type":"LineString","coordinates":[[-74.11059,4.58883],[-74.11073,4.58883],[-74.11106,4.58885],[-74.11148,4.58886],[-74.11164,4.58886],[-74.11181,4.58885],[-74.11195,4.58884],[-74.11229,4.58882],[-74.11268,4.58879],[-74.11298,4.58876],[-74.11303,4.58875]]}},{"type":"Feature","properties":{"id":"1052626793","nom":"Avenida Carrera 27","tipo":"secondary"},"geometry":{"type":"LineString","coordinates":[[-74.11299,4.58861],[-74.11197,4.58869],[-74.1119,4.5887],[-74.11163,4.58871],[-74.11142,4.58871],[-74.1114,4.58871],[-74.11115,4.58871],[-74.111,4.58871],[-74.11083,4.5887],[-74.11077,4.5887],[-74.11073,4.58869],[-74.11062,4.58869]]}},{"type":"Feature","properties":{"id":"1052921292","nom":"Carrera 13H","tipo":"residential"},"geometry":{"type":"LineString","coordinates":[[-74.11395,4.57626],[-74.11431,4.57615],[-74.11443,4.57611]]}},{"type":"Feature","properties":{"id":"1054699924","nom":"","tipo":"residential"},"geometry":{"type":"LineString","coordinates":[[-74.11148,4.55959],[-74.11184,4.55959],[-74.11189,4.55957],[-74.11191,4.55951]]}},{"type":"Feature","properties":{"id":"1054699927","nom":"","tipo":"residential"},"geometry":{"type":"LineString","coordinates":[[-74.11463,4.55194],[-74.11455,4.55184]]}},{"type":"Feature","properties":{"id":"1054919050","nom":"Calle 47 Sur","tipo":"residential"},"geometry":{"type":"LineString","coordinates":[[-74.12544,4.56949],[-74.12549,4.56966],[-74.12568,4.57026]]}},{"type":"Feature","properties":{"id":"1054919051","nom":"Calle 43 Sur","tipo":"secondary"},"geometry":{"type":"LineString","coordinates":[[-74.12332,4.57495],[-74.12337,4.57497],[-74.12343,4.57498]]}},{"type":"Feature","properties":{"id":"1054919052","nom":"Carrera 19","tipo":"secondary"},"geometry":{"type":"LineString","coordinates":[[-74.12376,4.57476],[-74.12377,4.57471],[-74.12378,4.57465],[-74.12377,4.5746],[-74.12376,4.57454],[-74.12373,4.57449]]}},{"type":"Feature","properties":{"id":"1055098178","nom":"Carrera 9A","tipo":"residential"},"geometry":{"type":"LineString","coordinates":[[-74.12509,4.55641],[-74.12494,4.5565]]}},{"type":"Feature","properties":{"id":"1055260594","nom":"","tipo":"residential"},"geometry":{"type":"LineString","coordinates":[[-74.09492,4.55022],[-74.09498,4.55004],[-74.09505,4.54979]]}},{"type":"Feature","properties":{"id":"1055625768","nom":"","tipo":"residential"},"geometry":{"type":"LineString","coordinates":[[-74.1117,4.56251],[-74.11183,4.56262]]}},{"type":"Feature","properties":{"id":"1055637459","nom":"Calle 52B Sur","tipo":"residential"},"geometry":{"type":"LineString","coordinates":[[-74.11716,4.54429],[-74.11739,4.54486],[-74.11764,4.54528]]}},{"type":"Feature","properties":{"id":"1055658378","nom":"Calle 28C Sur","tipo":"residential"},"geometry":{"type":"LineString","coordinates":[[-74.10897,4.57826],[-74.10892,4.57822],[-74.10861,4.57797],[-74.10855,4.57792],[-74.10825,4.57769],[-74.1082,4.57765],[-74.10768,4.57724],[-74.10734,4.57697],[-74.10677,4.57652]]}},{"type":"Feature","properties":{"id":"1055697983","nom":"Carrera 13A","tipo":"residential"},"geometry":{"type":"LineString","coordinates":[[-74.11994,4.56623],[-74.12008,4.56614]]}},{"type":"Feature","properties":{"id":"1055697984","nom":"Carrera 13B","tipo":"residential"},"geometry":{"type":"LineString","coordinates":[[-74.12034,4.5663],[-74.12008,4.56647]]}},{"type":"Feature","properties":{"id":"1055699223","nom":"Carrera 13 Bis","tipo":"residential"},"geometry":{"type":"LineString","coordinates":[[-74.1232,4.5647],[-74.12356,4.56453]]}},{"type":"Feature","properties":{"id":"1055731617","nom":"Transversal 13D","tipo":"residential"},"geometry":{"type":"LineString","coordinates":[[-74.12563,4.56644],[-74.12575,4.5663]]}},{"type":"Feature","properties":{"id":"1055731618","nom":"Calle 54 Sur","tipo":"tertiary"},"geometry":{"type":"LineString","coordinates":[[-74.12755,4.56227],[-74.12745,4.56206]]}},{"type":"Feature","properties":{"id":"1055731619","nom":"Calle 54 Sur","tipo":"tertiary"},"geometry":{"type":"LineString","coordinates":[[-74.12745,4.56206],[-74.12726,4.56166]]}},{"type":"Feature","properties":{"id":"1055731620","nom":"Carrera 12F","tipo":"residential"},"geometry":{"type":"LineString","coordinates":[[-74.12745,4.56206],[-74.12725,4.56216]]}},{"type":"Feature","properties":{"id":"1055743114","nom":"Carrera 13 Bis","tipo":"residential"},"geometry":{"type":"LineString","coordinates":[[-74.12765,4.56247],[-74.12785,4.56238]]}},{"type":"Feature","properties":{"id":"1055743115","nom":"Calle 54 Sur","tipo":"tertiary"},"geometry":{"type":"LineString","coordinates":[[-74.12765,4.56247],[-74.12755,4.56227]]}},{"type":"Feature","properties":{"id":"1055880898","nom":"Calle 49 Bis A Sur","tipo":"residential"},"geometry":{"type":"LineString","coordinates":[[-74.11091,4.54554],[-74.11092,4.54552],[-74.1109,4.54549],[-74.11088,4.54548],[-74.11086,4.54546]]}},{"type":"Feature","properties":{"id":"1055956703","nom":"Calle 30G Sur","tipo":"residential"},"geometry":{"type":"LineString","coordinates":[[-74.09858,4.5664],[-74.09828,4.56608]]}},{"type":"Feature","properties":{"id":"1055956704","nom":"Carrera 7","tipo":"residential"},"geometry":{"type":"LineString","coordinates":[[-74.09613,4.56894],[-74.09594,4.56914]]}},{"type":"Feature","properties":{"id":"1055956705","nom":"Carrera 7","tipo":"residential"},"geometry":{"type":"LineString","coordinates":[[-74.0964,4.56865],[-74.09613,4.56894]]}},{"type":"Feature","properties":{"id":"1055956706","nom":"Carrera 7","tipo":"residential"},"geometry":{"type":"LineString","coordinates":[[-74.09578,4.56931],[-74.09572,4.56938],[-74.09532,4.5698],[-74.09529,4.56983]]}},{"type":"Feature","properties":{"id":"1055956707","nom":"Carrera 7","tipo":"residential"},"geometry":{"type":"LineString","coordinates":[[-74.09594,4.56914],[-74.09578,4.56931]]}},{"type":"Feature","properties":{"id":"1055956708","nom":"Carrera 7A","tipo":"residential"},"geometry":{"type":"LineString","coordinates":[[-74.09739,4.56813],[-74.09701,4.56847]]}},{"type":"Feature","properties":{"id":"1055956709","nom":"Carrera 7A","tipo":"residential"},"geometry":{"type":"LineString","coordinates":[[-74.09777,4.56779],[-74.09739,4.56813]]}},{"type":"Feature","properties":{"id":"1055956710","nom":"Calle 30C Sur","tipo":"residential"},"geometry":{"type":"LineString","coordinates":[[-74.09777,4.56779],[-74.09854,4.5687]]}},{"type":"Feature","properties":{"id":"1055970844","nom":"Carrera 2B","tipo":"residential"},"geometry":{"type":"LineString","coordinates":[[-74.09502,4.56379],[-74.09472,4.56412]]}},{"type":"Feature","properties":{"id":"1055970845","nom":"Carrera 2B","tipo":"residential"},"geometry":{"type":"LineString","coordinates":[[-74.09525,4.56356],[-74.09502,4.56379]]}},{"type":"Feature","properties":{"id":"1055970863","nom":"Calle 31A Sur","tipo":"residential"},"geometry":{"type":"LineString","coordinates":[[-74.09543,4.56419],[-74.09541,4.56417],[-74.09502,4.56379]]}},{"type":"Feature","properties":{"id":"1055970865","nom":"Carrera 2B","tipo":"residential"},"geometry":{"type":"LineString","coordinates":[[-74.09589,4.56284],[-74.09555,4.56321]]}},{"type":"Feature","properties":{"id":"1055970866","nom":"Carrera 2","tipo":"residential"},"geometry":{"type":"LineString","coordinates":[[-74.09537,4.56226],[-74.09498,4.56266]]}},{"type":"Feature","properties":{"id":"1055970870","nom":"Calle 31C Sur","tipo":"residential"},"geometry":{"type":"LineString","coordinates":[[-74.09582,4.56348],[-74.09579,4.56345],[-74.09555,4.56321]]}},{"type":"Feature","properties":{"id":"1055970871","nom":"Calle 31D Sur","tipo":"residential"},"geometry":{"type":"LineString","coordinates":[[-74.09589,4.56284],[-74.096,4.56295],[-74.09604,4.56297]]}},{"type":"Feature","properties":{"id":"1056562056","nom":"Carrera 10B","tipo":"residential"},"geometry":{"type":"LineString","coordinates":[[-74.09864,4.57328],[-74.09797,4.57405]]}},{"type":"Feature","properties":{"id":"1056565467","nom":"Calle 19 Sur","tipo":"tertiary"},"geometry":{"type":"LineString","coordinates":[[-74.09587,4.57801],[-74.09579,4.57795]]}},{"type":"Feature","properties":{"id":"1056565469","nom":"Calle 18 Sur","tipo":"residential"},"geometry":{"type":"LineString","coordinates":[[-74.09503,4.57883],[-74.09492,4.57873],[-74.0943,4.57817],[-74.094,4.5779],[-74.09392,4.57784],[-74.09352,4.57748],[-74.09348,4.57744]]}},{"type":"Feature","properties":{"id":"1056602350","nom":"Calle 18 Sur","tipo":"residential"},"geometry":{"type":"LineString","coordinates":[[-74.0951,4.57889],[-74.09503,4.57883]]}},{"type":"Feature","properties":{"id":"1056602353","nom":"Calle 18A Sur","tipo":"residential"},"geometry":{"type":"LineString","coordinates":[[-74.09539,4.57842],[-74.09466,4.57775]]}},{"type":"Feature","properties":{"id":"1056615845","nom":"Carrera 12A","tipo":"residential"},"geometry":{"type":"LineString","coordinates":[[-74.12768,4.55928],[-74.12729,4.55947]]}},{"type":"Feature","properties":{"id":"1057024295","nom":"Carrera 24F Bis","tipo":"tertiary"},"geometry":{"type":"LineString","coordinates":[[-74.10422,4.58927],[-74.10399,4.58947]]}},{"type":"Feature","properties":{"id":"1057683531","nom":"Carrera 11A","tipo":"residential"},"geometry":{"type":"LineString","coordinates":[[-74.09476,4.58009],[-74.09479,4.58006],[-74.09521,4.57958]]}},{"type":"Feature","properties":{"id":"1058771609","nom":"Calle 56 Sur","tipo":"residential"},"geometry":{"type":"LineString","coordinates":[[-74.12768,4.55928],[-74.12794,4.55984]]}},{"type":"Feature","properties":{"id":"1059441963","nom":"Carrera 13C","tipo":"residential"},"geometry":{"type":"LineString","coordinates":[[-74.13053,4.56096],[-74.12997,4.56159]]}},{"type":"Feature","properties":{"id":"1059507939","nom":"Calle 31B Sur","tipo":"residential"},"geometry":{"type":"LineString","coordinates":[[-74.09525,4.56356],[-74.09558,4.56387],[-74.09559,4.56389]]}},{"type":"Feature","properties":{"id":"1061038777","nom":"Calle 51 Sur","tipo":"residential"},"geometry":{"type":"LineString","coordinates":[[-74.12847,4.56866],[-74.12883,4.56906],[-74.12919,4.56946],[-74.12956,4.56988],[-74.12968,4.57001]]}},{"type":"Feature","properties":{"id":"1061038783","nom":"Calle 55 Sur","tipo":"tertiary"},"geometry":{"type":"LineString","coordinates":[[-74.12989,4.56467],[-74.12946,4.56429],[-74.12905,4.56392],[-74.12903,4.5639]]}},{"type":"Feature","properties":{"id":"1061156501","nom":"Avenida Calle 44 Sur","tipo":"secondary"},"geometry":{"type":"LineString","coordinates":[[-74.12759,4.58453],[-74.12773,4.58484],[-74.12776,4.58491]]}},{"type":"Feature","properties":{"id":"1061156502","nom":"Avenida Calle 44 Sur","tipo":"secondary"},"geometry":{"type":"LineString","coordinates":[[-74.12811,4.58554],[-74.12789,4.58505],[-74.12785,4.58494],[-74.12783,4.58489]]}},{"type":"Feature","properties":{"id":"1061161344","nom":"Carrera 12D","tipo":"tertiary"},"geometry":{"type":"LineString","coordinates":[[-74.09867,4.5806],[-74.09864,4.58063],[-74.09859,4.58068],[-74.0983,4.58101],[-74.09794,4.58143],[-74.09789,4.58148],[-74.09786,4.58152]]}},{"type":"Feature","properties":{"id":"1061161345","nom":"Carrera 12D","tipo":"tertiary"},"geometry":{"type":"LineString","coordinates":[[-74.09873,4.58054],[-74.09867,4.5806]]}},{"type":"Feature","properties":{"id":"1061161346","nom":"Carrera 12D","tipo":"tertiary"},"geometry":{"type":"LineString","coordinates":[[-74.09928,4.57993],[-74.09876,4.5805],[-74.09873,4.58054]]}},{"type":"Feature","properties":{"id":"1061161347","nom":"Carrera 12D","tipo":"tertiary"},"geometry":{"type":"LineString","coordinates":[[-74.09889,4.58068],[-74.09891,4.58065],[-74.09945,4.58005]]}},{"type":"Feature","properties":{"id":"1061161348","nom":"Carrera 12D","tipo":"tertiary"},"geometry":{"type":"LineString","coordinates":[[-74.09883,4.58075],[-74.09889,4.58068]]}},{"type":"Feature","properties":{"id":"1061161349","nom":"Carrera 12D","tipo":"tertiary"},"geometry":{"type":"LineString","coordinates":[[-74.09847,4.58116],[-74.09875,4.58085],[-74.0988,4.58078],[-74.09883,4.58075]]}},{"type":"Feature","properties":{"id":"1061161350","nom":"Calle 19 Sur","tipo":"tertiary"},"geometry":{"type":"LineString","coordinates":[[-74.09929,4.58104],[-74.09913,4.58089],[-74.09892,4.58071],[-74.09889,4.58068]]}},{"type":"Feature","properties":{"id":"1061161351","nom":"Calle 19 Sur","tipo":"tertiary"},"geometry":{"type":"LineString","coordinates":[[-74.09867,4.5806],[-74.09874,4.58067],[-74.09883,4.58075]]}},{"type":"Feature","properties":{"id":"1061161352","nom":"Calle 19 Sur","tipo":"tertiary"},"geometry":{"type":"LineString","coordinates":[[-74.09824,4.58022],[-74.09849,4.58044],[-74.09862,4.58056],[-74.09867,4.5806]]}},{"type":"Feature","properties":{"id":"1061161353","nom":"Calle 19 Sur","tipo":"tertiary"},"geometry":{"type":"LineString","coordinates":[[-74.09873,4.58054],[-74.09869,4.58049],[-74.09854,4.58037],[-74.0983,4.58015]]}},{"type":"Feature","properties":{"id":"1061161354","nom":"Calle 19 Sur","tipo":"tertiary"},"geometry":{"type":"LineString","coordinates":[[-74.09889,4.58068],[-74.0988,4.5806],[-74.09873,4.58054]]}},{"type":"Feature","properties":{"id":"1061859015","nom":"Calle 17 Sur","tipo":"tertiary"},"geometry":{"type":"LineString","coordinates":[[-74.0951,4.58049],[-74.09515,4.58054],[-74.09548,4.58083],[-74.09551,4.58085]]}},{"type":"Feature","properties":{"id":"1061859016","nom":"Carrera 11B","tipo":"residential"},"geometry":{"type":"LineString","coordinates":[[-74.09515,4.58043],[-74.0951,4.58049]]}},{"type":"Feature","properties":{"id":"1061859017","nom":"Carrera 11B","tipo":"residential"},"geometry":{"type":"LineString","coordinates":[[-74.0951,4.58049],[-74.09507,4.58052],[-74.09504,4.58056],[-74.09493,4.58066],[-74.09481,4.58075],[-74.0947,4.5808]]}},{"type":"Feature","properties":{"id":"1061859018","nom":"Carrera 11B","tipo":"residential"},"geometry":{"type":"LineString","coordinates":[[-74.09589,4.5796],[-74.09523,4.58035],[-74.09518,4.5804],[-74.09515,4.58043]]}},{"type":"Feature","properties":{"id":"1061859019","nom":"Carrera 11B","tipo":"residential"},"geometry":{"type":"LineString","coordinates":[[-74.09663,4.57878],[-74.09617,4.57929],[-74.09589,4.5796]]}},{"type":"Feature","properties":{"id":"1061859020","nom":"Calle 17 Sur","tipo":"tertiary"},"geometry":{"type":"LineString","coordinates":[[-74.09551,4.58085],[-74.09556,4.5809],[-74.09588,4.58118],[-74.09592,4.58121]]}},{"type":"Feature","properties":{"id":"1061859021","nom":"Carrera 12","tipo":"residential"},"geometry":{"type":"LineString","coordinates":[[-74.09556,4.58079],[-74.09551,4.58085]]}},{"type":"Feature","properties":{"id":"1061859022","nom":"Carrera 12","tipo":"residential"},"geometry":{"type":"LineString","coordinates":[[-74.09703,4.57914],[-74.0963,4.57996],[-74.09594,4.58035],[-74.09559,4.58076],[-74.09556,4.58079]]}},{"type":"Feature","properties":{"id":"1061859023","nom":"Calle 17 Sur","tipo":"tertiary"},"geometry":{"type":"LineString","coordinates":[[-74.09592,4.58121],[-74.09634,4.58158]]}},{"type":"Feature","properties":{"id":"1061859024","nom":"Carrera 12A","tipo":"residential"},"geometry":{"type":"LineString","coordinates":[[-74.09597,4.58116],[-74.09592,4.58121]]}},{"type":"Feature","properties":{"id":"1061859025","nom":"Calle 17 Sur","tipo":"tertiary"},"geometry":{"type":"LineString","coordinates":[[-74.09634,4.58158],[-74.09638,4.58162],[-74.09672,4.58195]]}},{"type":"Feature","properties":{"id":"1061859026","nom":"Carrera 12B","tipo":"residential"},"geometry":{"type":"LineString","coordinates":[[-74.09638,4.58153],[-74.09634,4.58158]]}},{"type":"Feature","properties":{"id":"1061859027","nom":"Carrera 12B","tipo":"residential"},"geometry":{"type":"LineString","coordinates":[[-74.09784,4.57986],[-74.09711,4.58069],[-74.09652,4.58136],[-74.09641,4.58149],[-74.09638,4.58153]]}},{"type":"Feature","properties":{"id":"1061859028","nom":"Carrera 12C","tipo":"residential"},"geometry":{"type":"LineString","coordinates":[[-74.09672,4.58195],[-74.09677,4.58189]]}},{"type":"Feature","properties":{"id":"1061859029","nom":"Calle 17 Sur","tipo":"tertiary"},"geometry":{"type":"LineString","coordinates":[[-74.09672,4.58195],[-74.09709,4.58229],[-74.09714,4.58233]]}},{"type":"Feature","properties":{"id":"1061859030","nom":"Carrera 12C","tipo":"residential"},"geometry":{"type":"LineString","coordinates":[[-74.09656,4.58215],[-74.0967,4.58198],[-74.09672,4.58195]]}},{"type":"Feature","properties":{"id":"1061859031","nom":"Carrera 12D","tipo":"tertiary"},"geometry":{"type":"LineString","coordinates":[[-74.09719,4.58227],[-74.09714,4.58233]]}},{"type":"Feature","properties":{"id":"1061859032","nom":"Calle 17 Sur","tipo":"tertiary"},"geometry":{"type":"LineString","coordinates":[[-74.09714,4.58233],[-74.09724,4.58243],[-74.0973,4.58248]]}},{"type":"Feature","properties":{"id":"1061859033","nom":"Carrera 12D","tipo":"tertiary"},"geometry":{"type":"LineString","coordinates":[[-74.09585,4.58411],[-74.09587,4.5841],[-74.09622,4.58369],[-74.09627,4.58364],[-74.09694,4.58288],[-74.09727,4.58251],[-74.0973,4.58248]]}},{"type":"Feature","properties":{"id":"1061859036","nom":"Calle 17 Sur","tipo":"tertiary"},"geometry":{"type":"LineString","coordinates":[[-74.09766,4.5828],[-74.09812,4.58321]]}},{"type":"Feature","properties":{"id":"1061859037","nom":"Carrera 12G","tipo":"residential"},"geometry":{"type":"LineString","coordinates":[[-74.09856,4.58273],[-74.09822,4.5831],[-74.09818,4.58315]]}},{"type":"Feature","properties":{"id":"1061859039","nom":"Carrera 16","tipo":"residential"},"geometry":{"type":"LineString","coordinates":[[-74.09877,4.58486],[-74.09914,4.58451],[-74.09943,4.58424],[-74.09946,4.58421]]}},{"type":"Feature","properties":{"id":"1061859040","nom":"Carrera 16","tipo":"residential"},"geometry":{"type":"LineString","coordinates":[[-74.09724,4.58666],[-74.09729,4.58659],[-74.09732,4.58655],[-74.09756,4.58624],[-74.09778,4.58598],[-74.09783,4.58591],[-74.09789,4.5858],[-74.09802,4.58562],[-74.0981,4.58552],[-74.09819,4.58542],[-74.09838,4.58523],[-74.09877,4.58486]]}},{"type":"Feature","properties":{"id":"1061859041","nom":"Calle 17 Sur","tipo":"tertiary"},"geometry":{"type":"LineString","coordinates":[[-74.09946,4.58421],[-74.09956,4.58432],[-74.10014,4.58494],[-74.10016,4.58496]]}},{"type":"Feature","properties":{"id":"1061859042","nom":"Calle 17 Sur","tipo":"tertiary"},"geometry":{"type":"LineString","coordinates":[[-74.10016,4.58496],[-74.10021,4.58501],[-74.10061,4.58544],[-74.10063,4.58546]]}},{"type":"Feature","properties":{"id":"1061859043","nom":"Carrera 17","tipo":"residential"},"geometry":{"type":"LineString","coordinates":[[-74.1005,4.58464],[-74.10018,4.58495],[-74.10016,4.58496]]}},{"type":"Feature","properties":{"id":"1061859044","nom":"Carrera 18","tipo":"secondary"},"geometry":{"type":"LineString","coordinates":[[-74.10133,4.5848],[-74.10108,4.58503],[-74.10087,4.58523],[-74.10067,4.58542],[-74.10063,4.58546]]}},{"type":"Feature","properties":{"id":"1061859045","nom":"Carrera 18","tipo":"secondary"},"geometry":{"type":"LineString","coordinates":[[-74.10063,4.58546],[-74.1006,4.58549],[-74.1,4.58607],[-74.09996,4.58611]]}},{"type":"Feature","properties":{"id":"1061859046","nom":"Calle 17 Sur","tipo":"tertiary"},"geometry":{"type":"LineString","coordinates":[[-74.10063,4.58546],[-74.10067,4.5855],[-74.10111,4.58597],[-74.10113,4.586],[-74.10116,4.58602]]}},{"type":"Feature","properties":{"id":"1061859047","nom":"Carrera 19","tipo":"tertiary"},"geometry":{"type":"LineString","coordinates":[[-74.10048,4.58667],[-74.10111,4.58607],[-74.10113,4.58606],[-74.10116,4.58602]]}},{"type":"Feature","properties":{"id":"1061859048","nom":"Calle 17 Sur","tipo":"tertiary"},"geometry":{"type":"LineString","coordinates":[[-74.10164,4.58653],[-74.10168,4.58656],[-74.10211,4.58702],[-74.10213,4.58705]]}},{"type":"Feature","properties":{"id":"1061859049","nom":"Calle 17 Sur","tipo":"tertiary"},"geometry":{"type":"LineString","coordinates":[[-74.10116,4.58602],[-74.10121,4.58608],[-74.10161,4.5865],[-74.10164,4.58653]]}},{"type":"Feature","properties":{"id":"1061859050","nom":"Carrera 22","tipo":"residential"},"geometry":{"type":"LineString","coordinates":[[-74.10234,4.58588],[-74.10167,4.5865],[-74.10164,4.58653]]}},{"type":"Feature","properties":{"id":"1061859051","nom":"Carrera 22","tipo":"residential"},"geometry":{"type":"LineString","coordinates":[[-74.10344,4.58486],[-74.10313,4.58512],[-74.10303,4.58522],[-74.10234,4.58588]]}},{"type":"Feature","properties":{"id":"1061859052","nom":"Avenida Carrera 24","tipo":"secondary"},"geometry":{"type":"LineString","coordinates":[[-74.10145,4.5877],[-74.1021,4.58708],[-74.10213,4.58705]]}},{"type":"Feature","properties":{"id":"1061859053","nom":"Avenida Carrera 24","tipo":"secondary"},"geometry":{"type":"LineString","coordinates":[[-74.10282,4.5864],[-74.10351,4.58575],[-74.10394,4.58534],[-74.10416,4.58513]]}},{"type":"Feature","properties":{"id":"1061859054","nom":"Carrera 24B","tipo":"residential"},"geometry":{"type":"LineString","coordinates":[[-74.10331,4.58692],[-74.10281,4.58737]]}},{"type":"Feature","properties":{"id":"1061859055","nom":"Carrera 24B","tipo":"residential"},"geometry":{"type":"LineString","coordinates":[[-74.1023,4.58787],[-74.10244,4.58772]]}},{"type":"Feature","properties":{"id":"1061859056","nom":"Calle 17 Sur","tipo":"tertiary"},"geometry":{"type":"LineString","coordinates":[[-74.10309,4.58807],[-74.1035,4.5885]]}},{"type":"Feature","properties":{"id":"1061859057","nom":"Carrera 24C","tipo":"residential"},"geometry":{"type":"LineString","coordinates":[[-74.10277,4.58837],[-74.10241,4.58872],[-74.10204,4.58907]]}},{"type":"Feature","properties":{"id":"1061859058","nom":"Carrera 24C","tipo":"residential"},"geometry":{"type":"LineString","coordinates":[[-74.10309,4.58807],[-74.10303,4.58812],[-74.10277,4.58837]]}},{"type":"Feature","properties":{"id":"1061859059","nom":"Carrera 24C","tipo":"residential"},"geometry":{"type":"LineString","coordinates":[[-74.10378,4.58741],[-74.10309,4.58807]]}},{"type":"Feature","properties":{"id":"1061859060","nom":"Carrera 24D","tipo":"residential"},"geometry":{"type":"LineString","coordinates":[[-74.10419,4.58784],[-74.10395,4.58807],[-74.1035,4.5885]]}},{"type":"Feature","properties":{"id":"1061859061","nom":"Calle 17 Sur","tipo":"tertiary"},"geometry":{"type":"LineString","coordinates":[[-74.1035,4.5885],[-74.10375,4.58876]]}},{"type":"Feature","properties":{"id":"1061859062","nom":"Calle 17 Sur","tipo":"tertiary"},"geometry":{"type":"LineString","coordinates":[[-74.10375,4.58876],[-74.10398,4.58901],[-74.10422,4.58927]]}},{"type":"Feature","properties":{"id":"1061859063","nom":"Diagonal 16A Sur","tipo":"residential"},"geometry":{"type":"LineString","coordinates":[[-74.10375,4.58876],[-74.10358,4.58892],[-74.10317,4.58893],[-74.10315,4.58893],[-74.10311,4.58893]]}},{"type":"Feature","properties":{"id":"1061859065","nom":"Carrera 24G","tipo":"residential"},"geometry":{"type":"LineString","coordinates":[[-74.10517,4.58888],[-74.10515,4.58889],[-74.10514,4.58891],[-74.10477,4.58926]]}},{"type":"Feature","properties":{"id":"1061859066","nom":"Calle 17A Sur","tipo":"tertiary"},"geometry":{"type":"LineString","coordinates":[[-74.10494,4.58946],[-74.10493,4.58944],[-74.10493,4.58943],[-74.10492,4.58942],[-74.10477,4.58926]]}},{"type":"Feature","properties":{"id":"1061859067","nom":"Carrera 24I Bis","tipo":"residential"},"geometry":{"type":"LineString","coordinates":[[-74.10519,4.59029],[-74.10555,4.58995]]}},{"type":"Feature","properties":{"id":"1063398231","nom":"Calle 27 Sur","tipo":"secondary"},"geometry":{"type":"LineString","coordinates":[[-74.10007,4.57378],[-74.10056,4.57417]]}},{"type":"Feature","properties":{"id":"1063398232","nom":"Calle 27 Sur","tipo":"secondary"},"geometry":{"type":"LineString","coordinates":[[-74.10012,4.57372],[-74.09977,4.57345]]}},{"type":"Feature","properties":{"id":"1065571284","nom":"Calle 31 Sur","tipo":"residential"},"geometry":{"type":"LineString","coordinates":[[-74.11137,4.57918],[-74.11165,4.57978]]}},{"type":"Feature","properties":{"id":"1067433583","nom":"Avenida Carrera 14","tipo":"primary"},"geometry":{"type":"LineString","coordinates":[[-74.10756,4.5787],[-74.10747,4.57873],[-74.1074,4.57876],[-74.10716,4.57887],[-74.10696,4.57897],[-74.10691,4.57899],[-74.10686,4.57901]]}},{"type":"Feature","properties":{"id":"1067433584","nom":"Carrera 12D","tipo":"tertiary"},"geometry":{"type":"LineString","coordinates":[[-74.1028,4.57595],[-74.10287,4.57585]]}},{"type":"Feature","properties":{"id":"1067433585","nom":"Calle 27 Sur","tipo":"secondary"},"geometry":{"type":"LineString","coordinates":[[-74.10287,4.57585],[-74.10271,4.57573],[-74.10267,4.5757]]}},{"type":"Feature","properties":{"id":"1068266353","nom":"Avenida Calle 44 Sur","tipo":"secondary"},"geometry":{"type":"LineString","coordinates":[[-74.12548,4.57947],[-74.12553,4.57959],[-74.12577,4.58018]]}},{"type":"Feature","properties":{"id":"1068266354","nom":"Diagonal 42C Sur","tipo":"tertiary"},"geometry":{"type":"LineString","coordinates":[[-74.12517,4.58035],[-74.12533,4.57989],[-74.12544,4.57957],[-74.12548,4.57947]]}},{"type":"Feature","properties":{"id":"1068266355","nom":"Calle 46 Sur","tipo":"tertiary"},"geometry":{"type":"LineString","coordinates":[[-74.12755,4.57884],[-74.12752,4.57873]]}},{"type":"Feature","properties":{"id":"1075197364","nom":"Avenida Calle 36 Sur","tipo":"secondary"},"geometry":{"type":"LineString","coordinates":[[-74.1174,4.57631],[-74.11738,4.57634],[-74.11737,4.57637],[-74.11737,4.5764]]}},{"type":"Feature","properties":{"id":"1076355212","nom":"Calle 30 Sur","tipo":"tertiary"},"geometry":{"type":"LineString","coordinates":[[-74.11443,4.58849],[-74.11444,4.58862]]}},{"type":"Feature","properties":{"id":"1076355213","nom":"Avenida Carrera 27","tipo":"secondary"},"geometry":{"type":"LineString","coordinates":[[-74.11443,4.58849],[-74.11433,4.58849],[-74.11404,4.58852],[-74.11386,4.58853]]}},{"type":"Feature","properties":{"id":"1076355214","nom":"Avenida Carrera 27","tipo":"secondary"},"geometry":{"type":"LineString","coordinates":[[-74.11453,4.58848],[-74.11448,4.58848],[-74.11443,4.58849]]}},{"type":"Feature","properties":{"id":"1078325901","nom":"Calle 10B Bis Sur","tipo":"residential"},"geometry":{"type":"LineString","coordinates":[[-74.09707,4.5872],[-74.09704,4.58719],[-74.09701,4.58718],[-74.09699,4.58717],[-74.09697,4.58716],[-74.09695,4.58714],[-74.09694,4.58712]]}},{"type":"Feature","properties":{"id":"1081975196","nom":"Calle 37B Sur","tipo":"tertiary"},"geometry":{"type":"LineString","coordinates":[[-74.096,4.55197],[-74.09601,4.55201],[-74.09614,4.55256],[-74.09615,4.5526],[-74.09624,4.55293],[-74.09635,4.55338],[-74.0964,4.55357]]}},{"type":"Feature","properties":{"id":"1081975197","nom":"Carrera 1A","tipo":"secondary"},"geometry":{"type":"LineString","coordinates":[[-74.10052,4.54922],[-74.10058,4.54915],[-74.1006,4.54914],[-74.10074,4.549],[-74.10085,4.5489]]}},{"type":"Feature","properties":{"id":"1082267412","nom":"Carrera 12","tipo":"residential"},"geometry":{"type":"LineString","coordinates":[[-74.11836,4.56353],[-74.11865,4.56339]]}},{"type":"Feature","properties":{"id":"1082267413","nom":"","tipo":"residential"},"geometry":{"type":"LineString","coordinates":[[-74.11855,4.56301],[-74.11818,4.5632]]}},{"type":"Feature","properties":{"id":"1084732318","nom":"Calle 47B Sur","tipo":"tertiary"},"geometry":{"type":"LineString","coordinates":[[-74.12928,4.57795],[-74.12934,4.57818]]}},{"type":"Feature","properties":{"id":"1084732319","nom":"Calle 47B Sur","tipo":"tertiary"},"geometry":{"type":"LineString","coordinates":[[-74.12925,4.57787],[-74.12928,4.57795]]}},{"type":"Feature","properties":{"id":"1084732320","nom":"Avenida Carrera 24","tipo":"secondary"},"geometry":{"type":"LineString","coordinates":[[-74.12925,4.57787],[-74.12971,4.57737],[-74.12977,4.57731],[-74.12983,4.57725],[-74.12992,4.57717],[-74.12997,4.57714],[-74.13002,4.57711],[-74.13007,4.57708],[-74.13015,4.57704],[-74.13028,4.57698],[-74.13043,4.57691],[-74.13061,4.57684],[-74.13068,4.57681]]}},{"type":"Feature","properties":{"id":"1084732321","nom":"Avenida Carrera 24","tipo":"secondary"},"geometry":{"type":"LineString","coordinates":[[-74.12917,4.57796],[-74.12925,4.57787]]}},{"type":"Feature","properties":{"id":"1084747187","nom":"Calle 31B Sur","tipo":"residential"},"geometry":{"type":"LineString","coordinates":[[-74.1141,4.58318],[-74.11409,4.58324]]}},{"type":"Feature","properties":{"id":"1084747188","nom":"Calle 31B Sur","tipo":"residential"},"geometry":{"type":"LineString","coordinates":[[-74.11377,4.58219],[-74.11389,4.58253],[-74.11399,4.58281],[-74.11409,4.58312],[-74.1141,4.58313],[-74.1141,4.58314],[-74.1141,4.58318]]}},{"type":"Feature","properties":{"id":"1084747189","nom":"Avenida Carrera 24","tipo":"secondary"},"geometry":{"type":"LineString","coordinates":[[-74.1141,4.58318],[-74.11399,4.58321],[-74.11376,4.58329],[-74.11328,4.58346]]}},{"type":"Feature","properties":{"id":"1085211335","nom":"Calle 11 Sur","tipo":"tertiary"},"geometry":{"type":"LineString","coordinates":[[-74.09949,4.59009],[-74.09943,4.59],[-74.0994,4.58996]]}},{"type":"Feature","properties":{"id":"1085211336","nom":"Avenida Carrera 24","tipo":"secondary"},"geometry":{"type":"LineString","coordinates":[[-74.0994,4.58996],[-74.09943,4.5899]]}},{"type":"Feature","properties":{"id":"1085211337","nom":"Avenida Carrera 24","tipo":"secondary"},"geometry":{"type":"LineString","coordinates":[[-74.09925,4.59021],[-74.09937,4.59],[-74.0994,4.58996]]}},{"type":"Feature","properties":{"id":"1085211352","nom":"Avenida Carrera 24","tipo":"secondary"},"geometry":{"type":"LineString","coordinates":[[-74.12549,4.57942],[-74.12552,4.57941],[-74.12553,4.57941]]}},{"type":"Feature","properties":{"id":"1085211353","nom":"Transversal 23B","tipo":"tertiary"},"geometry":{"type":"LineString","coordinates":[[-74.12551,4.57937],[-74.12554,4.57929]]}},{"type":"Feature","properties":{"id":"1085211358","nom":"Avenida Carrera 24","tipo":"secondary"},"geometry":{"type":"LineString","coordinates":[[-74.10966,4.58431],[-74.10972,4.58432],[-74.10976,4.58433],[-74.1098,4.58434],[-74.10989,4.58433],[-74.1108,4.5843],[-74.11084,4.5843],[-74.11089,4.58429],[-74.11093,4.58428]]}},{"type":"Feature","properties":{"id":"1085211361","nom":"Calle 28 Sur","tipo":"secondary"},"geometry":{"type":"LineString","coordinates":[[-74.11093,4.58428],[-74.1109,4.58423]]}},{"type":"Feature","properties":{"id":"1088324284","nom":"Calle 49C Sur","tipo":"residential"},"geometry":{"type":"LineString","coordinates":[[-74.11402,4.54833],[-74.11391,4.54832],[-74.11383,4.54831],[-74.11375,4.54828],[-74.11368,4.54825],[-74.11362,4.54821],[-74.11354,4.54814],[-74.11349,4.54808],[-74.11344,4.54801]]}},{"type":"Feature","properties":{"id":"1103918479","nom":"Avenida Calle 44 Sur","tipo":"secondary"},"geometry":{"type":"LineString","coordinates":[[-74.12653,4.58198],[-74.12679,4.58259]]}},{"type":"Feature","properties":{"id":"1103918480","nom":"Avenida Calle 44 Sur","tipo":"secondary"},"geometry":{"type":"LineString","coordinates":[[-74.12651,4.58193],[-74.12653,4.58198]]}},{"type":"Feature","properties":{"id":"1103918481","nom":"Avenida Calle 44 Sur","tipo":"secondary"},"geometry":{"type":"LineString","coordinates":[[-74.1266,4.58196],[-74.12657,4.58191]]}},{"type":"Feature","properties":{"id":"1105014176","nom":"Avenida Calle 37 Sur","tipo":"secondary"},"geometry":{"type":"LineString","coordinates":[[-74.09803,4.55779],[-74.09798,4.55778],[-74.09789,4.55776],[-74.09723,4.55773],[-74.09707,4.5577],[-74.09696,4.55765],[-74.09686,4.55759],[-74.09649,4.55719],[-74.09637,4.55705],[-74.09626,4.55693],[-74.09611,4.55677],[-74.09589,4.55654],[-74.09566,4.5563],[-74.0953,4.55593],[-74.09513,4.55583],[-74.09487,4.55575],[-74.09408,4.55565],[-74.09391,4.55563],[-74.09367,4.55559],[-74.09343,4.55554],[-74.0933,4.55549],[-74.0932,4.55543],[-74.09302,4.55528],[-74.09235,4.55452],[-74.09223,4.55441],[-74.09214,4.55433],[-74.09208,4.55429],[-74.09196,4.55421]]}},{"type":"Feature","properties":{"id":"1105021762","nom":"Carrera 3B","tipo":"secondary"},"geometry":{"type":"LineString","coordinates":[[-74.09879,4.55896],[-74.09875,4.55884]]}},{"type":"Feature","properties":{"id":"1105062454","nom":"Carrera 5L","tipo":"secondary"},"geometry":{"type":"LineString","coordinates":[[-74.11273,4.55466],[-74.11268,4.55478],[-74.11256,4.55504],[-74.11254,4.55509]]}},{"type":"Feature","properties":{"id":"1105062455","nom":"Calle 48P Sur","tipo":"secondary"},"geometry":{"type":"LineString","coordinates":[[-74.11254,4.55509],[-74.11248,4.55507],[-74.11246,4.55506],[-74.1124,4.55503],[-74.11224,4.55495]]}},{"type":"Feature","properties":{"id":"1105317749","nom":"Carrera 5A","tipo":"residential"},"geometry":{"type":"LineString","coordinates":[[-74.09999,4.5639],[-74.10003,4.56387]]}},{"type":"Feature","properties":{"id":"1105317751","nom":"Calle 34 Sur","tipo":"secondary"},"geometry":{"type":"LineString","coordinates":[[-74.10081,4.56508],[-74.10035,4.56441],[-74.10002,4.56394],[-74.09999,4.5639]]}},{"type":"Feature","properties":{"id":"1105317753","nom":"Carrera 7A","tipo":"residential"},"geometry":{"type":"LineString","coordinates":[[-74.10083,4.5651],[-74.10086,4.56508]]}},{"type":"Feature","properties":{"id":"1105317754","nom":"Calle 34 Sur","tipo":"secondary"},"geometry":{"type":"LineString","coordinates":[[-74.10083,4.5651],[-74.10081,4.56508]]}},{"type":"Feature","properties":{"id":"1105317755","nom":"Carrera 7A","tipo":"residential"},"geometry":{"type":"LineString","coordinates":[[-74.10083,4.5651],[-74.10082,4.56512]]}},{"type":"Feature","properties":{"id":"1105317756","nom":"Calle 34 Sur","tipo":"secondary"},"geometry":{"type":"LineString","coordinates":[[-74.10086,4.56515],[-74.10083,4.5651]]}},{"type":"Feature","properties":{"id":"1105317757","nom":"Calle 34 Sur","tipo":"secondary"},"geometry":{"type":"LineString","coordinates":[[-74.10133,4.56581],[-74.10129,4.56575],[-74.10117,4.56558],[-74.10086,4.56515]]}},{"type":"Feature","properties":{"id":"1106580407","nom":"Avenida Carrera 10","tipo":"secondary"},"geometry":{"type":"LineString","coordinates":[[-74.10347,4.56603],[-74.10321,4.5662],[-74.10307,4.56631],[-74.10301,4.56635]]}},{"type":"Feature","properties":{"id":"1106580408","nom":"Avenida Carrera 10","tipo":"secondary"},"geometry":{"type":"LineString","coordinates":[[-74.10318,4.56644],[-74.10323,4.56637],[-74.10347,4.56603]]}},{"type":"Feature","properties":{"id":"1106580419","nom":"Calle 40 Sur","tipo":"residential"},"geometry":{"type":"LineString","coordinates":[[-74.10829,4.5639],[-74.10833,4.56397],[-74.10839,4.56405],[-74.10892,4.56473]]}},{"type":"Feature","properties":{"id":"1109992867","nom":"Carrera 10D","tipo":"residential"},"geometry":{"type":"LineString","coordinates":[[-74.09972,4.57351],[-74.09977,4.57345]]}},{"type":"Feature","properties":{"id":"1116524643","nom":"Transversal 21A","tipo":"secondary"},"geometry":{"type":"LineString","coordinates":[[-74.10272,4.58457],[-74.10263,4.58457],[-74.10241,4.58458]]}},{"type":"Feature","properties":{"id":"1116524645","nom":"Carrera 19","tipo":"tertiary"},"geometry":{"type":"LineString","coordinates":[[-74.10262,4.58466],[-74.10272,4.58457]]}},{"type":"Feature","properties":{"id":"1116524646","nom":"Carrera 19","tipo":"tertiary"},"geometry":{"type":"LineString","coordinates":[[-74.10116,4.58602],[-74.10182,4.58541],[-74.10186,4.58537],[-74.10255,4.58473],[-74.10262,4.58466]]}},{"type":"Feature","properties":{"id":"1116529375","nom":"Carrera 18","tipo":"secondary"},"geometry":{"type":"LineString","coordinates":[[-74.09956,4.5865],[-74.09943,4.58662]]}},{"type":"Feature","properties":{"id":"1118170677","nom":"Carrera 20","tipo":"residential"},"geometry":{"type":"LineString","coordinates":[[-74.12556,4.57209],[-74.12553,4.5721]]}},{"type":"Feature","properties":{"id":"1118170682","nom":"Diagonal 44 Sur","tipo":"tertiary"},"geometry":{"type":"LineString","coordinates":[[-74.1267,4.57593],[-74.12674,4.57592],[-74.12712,4.5758]]}},{"type":"Feature","properties":{"id":"1118170685","nom":"Calle 46 Sur","tipo":"tertiary"},"geometry":{"type":"LineString","coordinates":[[-74.1267,4.57593],[-74.12667,4.57583],[-74.12662,4.57567],[-74.1263,4.57454],[-74.12618,4.5741]]}},{"type":"Feature","properties":{"id":"1121247824","nom":"Calle 31 Sur","tipo":"tertiary"},"geometry":{"type":"LineString","coordinates":[[-74.10085,4.56883],[-74.10084,4.56879],[-74.10083,4.56875],[-74.10083,4.56872],[-74.10082,4.56869]]}},{"type":"Feature","properties":{"id":"1121247825","nom":"Calle 31 Sur","tipo":"tertiary"},"geometry":{"type":"LineString","coordinates":[[-74.09924,4.56651],[-74.09921,4.56647]]}},{"type":"Feature","properties":{"id":"1121247827","nom":"Calle 31 Sur","tipo":"tertiary"},"geometry":{"type":"LineString","coordinates":[[-74.09921,4.56647],[-74.09868,4.56585],[-74.09834,4.56546],[-74.09833,4.56544],[-74.09832,4.56542],[-74.09831,4.56539],[-74.0983,4.56536]]}},{"type":"Feature","properties":{"id":"1121247830","nom":"Carrera 7A","tipo":"residential"},"geometry":{"type":"LineString","coordinates":[[-74.09924,4.56651],[-74.09908,4.56665]]}},{"type":"Feature","properties":{"id":"1121247831","nom":"Carrera 7A","tipo":"residential"},"geometry":{"type":"LineString","coordinates":[[-74.10036,4.56552],[-74.09972,4.56609],[-74.09931,4.56645],[-74.09928,4.56648],[-74.09924,4.56651]]}},{"type":"Feature","properties":{"id":"1121247832","nom":"Calle 31 Sur","tipo":"tertiary"},"geometry":{"type":"LineString","coordinates":[[-74.09812,4.56553],[-74.09815,4.56556],[-74.09902,4.56658],[-74.09904,4.56661],[-74.09908,4.56665]]}},{"type":"Feature","properties":{"id":"1121387763","nom":"Carrera 12D","tipo":"tertiary"},"geometry":{"type":"LineString","coordinates":[[-74.0973,4.58248],[-74.09735,4.58241]]}},{"type":"Feature","properties":{"id":"1121459397","nom":"Calle 27A Sur","tipo":"residential"},"geometry":{"type":"LineString","coordinates":[[-74.10327,4.5749],[-74.10334,4.57495],[-74.10347,4.57506]]}},{"type":"Feature","properties":{"id":"1121509151","nom":"Calle 10B Sur","tipo":"secondary"},"geometry":{"type":"LineString","coordinates":[[-74.09759,4.58902],[-74.09765,4.58907],[-74.09795,4.58929],[-74.09824,4.5895],[-74.09829,4.58953]]}},{"type":"Feature","properties":{"id":"1123269233","nom":"Carrera 18","tipo":"secondary"},"geometry":{"type":"LineString","coordinates":[[-74.10359,4.58262],[-74.10355,4.58266],[-74.10327,4.58296],[-74.10322,4.58301],[-74.10317,4.58307]]}},{"type":"Feature","properties":{"id":"1123269244","nom":"Avenida Carrera 24","tipo":"secondary"},"geometry":{"type":"LineString","coordinates":[[-74.10563,4.58447],[-74.10548,4.58448],[-74.10542,4.58448],[-74.10528,4.58449]]}},{"type":"Feature","properties":{"id":"1124492345","nom":"Transversal 5N Bis","tipo":"secondary"},"geometry":{"type":"LineString","coordinates":[[-74.11292,4.55518],[-74.11281,4.55517],[-74.11272,4.55515],[-74.11266,4.55513],[-74.11258,4.55511],[-74.11254,4.55509]]}},{"type":"Feature","properties":{"id":"1124990966","nom":"Diagonal 42C Sur","tipo":"tertiary"},"geometry":{"type":"LineString","coordinates":[[-74.12471,4.58164],[-74.12477,4.5815]]}},{"type":"Feature","properties":{"id":"1124990967","nom":"Calle 42 Sur","tipo":"residential"},"geometry":{"type":"LineString","coordinates":[[-74.12466,4.58153],[-74.12471,4.58164]]}},{"type":"Feature","properties":{"id":"1124990968","nom":"Calle 42 Sur","tipo":"residential"},"geometry":{"type":"LineString","coordinates":[[-74.12423,4.58062],[-74.12443,4.58104],[-74.12462,4.58144],[-74.12466,4.58153]]}},{"type":"Feature","properties":{"id":"1125197504","nom":"Avenida Calle 37 Sur","tipo":"secondary"},"geometry":{"type":"LineString","coordinates":[[-74.09856,4.55831],[-74.09843,4.55805]]}},{"type":"Feature","properties":{"id":"1125197505","nom":"Avenida Calle 37 Sur","tipo":"secondary"},"geometry":{"type":"LineString","coordinates":[[-74.09843,4.55805],[-74.09825,4.55788]]}},{"type":"Feature","properties":{"id":"1125197506","nom":"Avenida Calle 37 Sur","tipo":"secondary"},"geometry":{"type":"LineString","coordinates":[[-74.09875,4.55884],[-74.0987,4.55869],[-74.0986,4.55843],[-74.09859,4.5584],[-74.09856,4.55831]]}},{"type":"Feature","properties":{"id":"1125891726","nom":"Avenida Carrera 14","tipo":"primary"},"geometry":{"type":"LineString","coordinates":[[-74.12062,4.5439],[-74.12063,4.54403],[-74.12065,4.54415],[-74.12066,4.54427],[-74.12068,4.54436],[-74.12076,4.54467],[-74.12079,4.54481],[-74.12082,4.54497],[-74.12084,4.5451],[-74.12085,4.54525],[-74.12086,4.54559]]}},{"type":"Feature","properties":{"id":"1125891727","nom":"Avenida Carrera 14","tipo":"primary"},"geometry":{"type":"LineString","coordinates":[[-74.1211,4.54562],[-74.1211,4.54544],[-74.12109,4.54518],[-74.12106,4.54487],[-74.12103,4.54474],[-74.121,4.54463],[-74.12095,4.54449],[-74.12092,4.54435],[-74.12089,4.54413],[-74.12088,4.54406],[-74.12088,4.54402],[-74.12086,4.54389]]}},{"type":"Feature","properties":{"id":"1126119059","nom":"Transversal 26H Bis","tipo":"secondary"},"geometry":{"type":"LineString","coordinates":[[-74.12293,4.58892],[-74.12256,4.58893],[-74.12233,4.58894],[-74.12222,4.58896],[-74.12212,4.58898],[-74.12204,4.58901],[-74.12182,4.58911],[-74.12172,4.58916],[-74.12143,4.5893],[-74.12136,4.58933],[-74.12127,4.58935]]}},{"type":"Feature","properties":{"id":"1126119060","nom":"Avenida Carrera 27","tipo":"secondary"},"geometry":{"type":"LineString","coordinates":[[-74.11904,4.58912],[-74.11972,4.58922],[-74.12027,4.5893],[-74.12101,4.58941],[-74.12115,4.58943],[-74.12123,4.58943],[-74.12131,4.58943]]}},{"type":"Feature","properties":{"id":"1126345730","nom":"Carrera 2F","tipo":"residential"},"geometry":{"type":"LineString","coordinates":[[-74.10945,4.5448],[-74.10865,4.54603]]}},{"type":"Feature","properties":{"id":"1126894390","nom":"Carrera 10 Bis","tipo":"residential"},"geometry":{"type":"LineString","coordinates":[[-74.09526,4.57605],[-74.09584,4.57538]]}},{"type":"Feature","properties":{"id":"1126894391","nom":"Carrera 10A","tipo":"residential"},"geometry":{"type":"LineString","coordinates":[[-74.0956,4.57635],[-74.09621,4.57567]]}},{"type":"Feature","properties":{"id":"1127602015","nom":"Carrera 1A","tipo":"secondary"},"geometry":{"type":"LineString","coordinates":[[-74.10108,4.54868],[-74.10116,4.5486]]}},{"type":"Feature","properties":{"id":"1127602016","nom":"Carrera 1A","tipo":"secondary"},"geometry":{"type":"LineString","coordinates":[[-74.10164,4.54804],[-74.10159,4.5481],[-74.10153,4.54816],[-74.10148,4.54822],[-74.10142,4.54829],[-74.10136,4.54837],[-74.10125,4.5485],[-74.10116,4.5486]]}},{"type":"Feature","properties":{"id":"1127697507","nom":"","tipo":"residential"},"geometry":{"type":"LineString","coordinates":[[-74.11926,4.56044],[-74.11919,4.56045]]}},{"type":"Feature","properties":{"id":"1130868968","nom":"Carrera 9A","tipo":"residential"},"geometry":{"type":"LineString","coordinates":[[-74.12113,4.55863],[-74.12118,4.55861]]}},{"type":"Feature","properties":{"id":"1133066459","nom":"Carrera 12D","tipo":"tertiary"},"geometry":{"type":"LineString","coordinates":[[-74.09786,4.58152],[-74.09723,4.58223],[-74.09719,4.58227]]}},{"type":"Feature","properties":{"id":"1133066462","nom":"Carrera 12D","tipo":"tertiary"},"geometry":{"type":"LineString","coordinates":[[-74.09735,4.58241],[-74.09738,4.58238],[-74.09773,4.58199]]}},{"type":"Feature","properties":{"id":"1134699694","nom":"Diagonal 40A Sur","tipo":"residential"},"geometry":{"type":"LineString","coordinates":[[-74.09816,4.55251],[-74.09844,4.55275],[-74.09861,4.55292],[-74.09873,4.55306],[-74.09901,4.55335],[-74.09905,4.55339],[-74.09921,4.55356],[-74.09933,4.55369]]}},{"type":"Feature","properties":{"id":"1134699698","nom":"Calle 37A Sur","tipo":"residential"},"geometry":{"type":"LineString","coordinates":[[-74.09925,4.55896],[-74.09913,4.55876],[-74.09903,4.5586]]}},{"type":"Feature","properties":{"id":"1134714270","nom":"Diagonal 45 Bis B Sur","tipo":"tertiary"},"geometry":{"type":"LineString","coordinates":[[-74.12284,4.57137],[-74.12253,4.57139],[-74.12194,4.57141]]}},{"type":"Feature","properties":{"id":"1134714271","nom":"Diagonal 45A Sur","tipo":"residential"},"geometry":{"type":"LineString","coordinates":[[-74.12284,4.57137],[-74.12256,4.57126],[-74.12204,4.57105]]}},{"type":"Feature","properties":{"id":"1134714272","nom":"Calle 41A Sur","tipo":"residential"},"geometry":{"type":"LineString","coordinates":[[-74.11479,4.56901],[-74.11442,4.5688]]}},{"type":"Feature","properties":{"id":"1134714273","nom":"Calle 41A Sur","tipo":"residential"},"geometry":{"type":"LineString","coordinates":[[-74.1152,4.56924],[-74.11479,4.56901]]}},{"type":"Feature","properties":{"id":"1134714274","nom":"Diagonal 40C Sur","tipo":"residential"},"geometry":{"type":"LineString","coordinates":[[-74.11412,4.56746],[-74.11413,4.56751],[-74.11414,4.56755],[-74.11416,4.56793],[-74.11417,4.56799]]}},{"type":"Feature","properties":{"id":"1134714275","nom":"Carrera 12K","tipo":"tertiary"},"geometry":{"type":"LineString","coordinates":[[-74.10983,4.57316],[-74.10982,4.57321],[-74.1097,4.57337]]}},{"type":"Feature","properties":{"id":"1151079760","nom":"Carrera 11","tipo":"residential"},"geometry":{"type":"LineString","coordinates":[[-74.09649,4.57731],[-74.09659,4.57719]]}},{"type":"Feature","properties":{"id":"1155098645","nom":"Carrera 5A","tipo":"secondary"},"geometry":{"type":"LineString","coordinates":[[-74.09447,4.56904],[-74.0945,4.56901],[-74.09514,4.56834],[-74.09547,4.56799]]}},{"type":"Feature","properties":{"id":"1155098646","nom":"Calle 30A Sur","tipo":"tertiary"},"geometry":{"type":"LineString","coordinates":[[-74.09579,4.56713],[-74.09602,4.56734],[-74.09606,4.56737]]}},{"type":"Feature","properties":{"id":"1155098652","nom":"Calle 46A Sur","tipo":"residential"},"geometry":{"type":"LineString","coordinates":[[-74.09688,4.54572],[-74.0968,4.54561],[-74.09672,4.54551],[-74.09664,4.5454],[-74.09657,4.54531],[-74.0965,4.54521],[-74.09642,4.54511],[-74.09634,4.54501],[-74.09627,4.54491],[-74.09623,4.54487]]}},{"type":"Feature","properties":{"id":"1155098653","nom":"Calle 46A Sur","tipo":"residential"},"geometry":{"type":"LineString","coordinates":[[-74.09737,4.54626],[-74.09712,4.54598],[-74.09688,4.54572]]}},{"type":"Feature","properties":{"id":"1155098654","nom":"Carrera 3 Este","tipo":"residential"},"geometry":{"type":"LineString","coordinates":[[-74.09688,4.54572],[-74.09721,4.54546],[-74.09729,4.54541],[-74.09766,4.54512]]}},{"type":"Feature","properties":{"id":"1155098655","nom":"Carrera 3B Este","tipo":"residential"},"geometry":{"type":"LineString","coordinates":[[-74.09514,4.54568],[-74.09507,4.54575]]}},{"type":"Feature","properties":{"id":"1155100574","nom":"Calle 42 Sur","tipo":"residential"},"geometry":{"type":"LineString","coordinates":[[-74.12162,4.57551],[-74.12164,4.57554],[-74.12194,4.57614],[-74.12233,4.57691]]}},{"type":"Feature","properties":{"id":"1155100575","nom":"Carrera 21","tipo":"residential"},"geometry":{"type":"LineString","coordinates":[[-74.12179,4.57709],[-74.12074,4.57745],[-74.12012,4.57766]]}},{"type":"Feature","properties":{"id":"1155100576","nom":"Calle 40 Sur","tipo":"residential"},"geometry":{"type":"LineString","coordinates":[[-74.12012,4.57766],[-74.11997,4.5772],[-74.11983,4.57677],[-74.11969,4.57635],[-74.11963,4.5762]]}},{"type":"Feature","properties":{"id":"1155100577","nom":"Calle 40 Sur","tipo":"residential"},"geometry":{"type":"LineString","coordinates":[[-74.11963,4.5762],[-74.11959,4.57607],[-74.11958,4.57604]]}},{"type":"Feature","properties":{"id":"1155100578","nom":"Calle 41B Sur","tipo":"residential"},"geometry":{"type":"LineString","coordinates":[[-74.12326,4.58002],[-74.12325,4.57999],[-74.12305,4.57959]]}},{"type":"Feature","properties":{"id":"1155100579","nom":"Avenida Carrera 24","tipo":"secondary"},"geometry":{"type":"LineString","coordinates":[[-74.12381,4.57979],[-74.12373,4.57982],[-74.12326,4.58002]]}},{"type":"Feature","properties":{"id":"1155100584","nom":"Avenida Carrera 24","tipo":"secondary"},"geometry":{"type":"LineString","coordinates":[[-74.12385,4.57988],[-74.12402,4.57984],[-74.12538,4.57945],[-74.12546,4.57943]]}},{"type":"Feature","properties":{"id":"1155102317","nom":"Carrera 5A","tipo":"tertiary"},"geometry":{"type":"LineString","coordinates":[[-74.10827,4.55438],[-74.10825,4.55446]]}},{"type":"Feature","properties":{"id":"1155102318","nom":"Carrera 5L","tipo":"secondary"},"geometry":{"type":"LineString","coordinates":[[-74.11249,4.55519],[-74.11227,4.55564],[-74.11214,4.5559],[-74.11212,4.55595],[-74.11197,4.55626]]}},{"type":"Feature","properties":{"id":"1155102319","nom":"Carrera 5U","tipo":"tertiary"},"geometry":{"type":"LineString","coordinates":[[-74.11717,4.55498],[-74.11732,4.5549],[-74.11752,4.55479]]}},{"type":"Feature","properties":{"id":"1155102320","nom":"Carrera 5L","tipo":"secondary"},"geometry":{"type":"LineString","coordinates":[[-74.118,4.55182],[-74.11796,4.55184],[-74.1173,4.55216],[-74.11706,4.55227],[-74.11684,4.55238],[-74.11662,4.55249],[-74.11611,4.55274]]}},{"type":"Feature","properties":{"id":"1155102321","nom":"Calle 50A Sur","tipo":"tertiary"},"geometry":{"type":"LineString","coordinates":[[-74.12154,4.55791],[-74.12152,4.55786],[-74.12115,4.55707],[-74.12093,4.55662]]}},{"type":"Feature","properties":{"id":"1155102322","nom":"Avenida Calle 51 Sur","tipo":"primary"},"geometry":{"type":"LineString","coordinates":[[-74.12125,4.55496],[-74.12126,4.55544],[-74.12127,4.55567],[-74.12129,4.5559]]}},{"type":"Feature","properties":{"id":"1155102323","nom":"Avenida Calle 51 Sur","tipo":"primary"},"geometry":{"type":"LineString","coordinates":[[-74.12129,4.5559],[-74.12131,4.55598],[-74.12133,4.55607],[-74.12136,4.55616],[-74.12139,4.55623],[-74.12146,4.55637]]}},{"type":"Feature","properties":{"id":"1155126036","nom":"Carrera 13F","tipo":"tertiary"},"geometry":{"type":"LineString","coordinates":[[-74.12903,4.5639],[-74.12947,4.56336]]}},{"type":"Feature","properties":{"id":"1155255490","nom":"Calle 41B Sur","tipo":"residential"},"geometry":{"type":"LineString","coordinates":[[-74.12179,4.57709],[-74.12157,4.57666],[-74.12136,4.57625]]}},{"type":"Feature","properties":{"id":"1155255491","nom":"Carrera 21","tipo":"residential"},"geometry":{"type":"LineString","coordinates":[[-74.12233,4.57691],[-74.12179,4.57709]]}},{"type":"Feature","properties":{"id":"1155255492","nom":"Carrera 21","tipo":"residential"},"geometry":{"type":"LineString","coordinates":[[-74.11798,4.57839],[-74.1179,4.57841]]}},{"type":"Feature","properties":{"id":"1155255493","nom":"Avenida Calle 36 Sur","tipo":"secondary"},"geometry":{"type":"LineString","coordinates":[[-74.1188,4.58155],[-74.11878,4.58147],[-74.11875,4.58137],[-74.11853,4.58049],[-74.11849,4.58033],[-74.11846,4.58021],[-74.11833,4.57972],[-74.1182,4.57922],[-74.11798,4.57839]]}},{"type":"Feature","properties":{"id":"1155255494","nom":"Avenida Calle 36 Sur","tipo":"secondary"},"geometry":{"type":"LineString","coordinates":[[-74.12139,4.58462],[-74.12136,4.58458],[-74.12114,4.58435],[-74.12094,4.58415],[-74.1207,4.5839],[-74.12036,4.58354],[-74.12019,4.58337],[-74.11993,4.58312],[-74.1199,4.58309]]}},{"type":"Feature","properties":{"id":"1155255495","nom":"Avenida Carrera 33","tipo":"secondary"},"geometry":{"type":"LineString","coordinates":[[-74.12723,4.58728],[-74.1272,4.58729],[-74.12689,4.58742],[-74.12623,4.5877],[-74.1258,4.58787],[-74.12556,4.58797],[-74.12553,4.58798],[-74.12542,4.58803]]}},{"type":"Feature","properties":{"id":"1155255496","nom":"Avenida Carrera 33","tipo":"secondary"},"geometry":{"type":"LineString","coordinates":[[-74.12853,4.5867],[-74.12844,4.58674],[-74.12735,4.58723],[-74.12723,4.58728]]}},{"type":"Feature","properties":{"id":"1155255497","nom":"","tipo":"residential"},"geometry":{"type":"LineString","coordinates":[[-74.12628,4.5855],[-74.12633,4.58551],[-74.12639,4.5855],[-74.12644,4.58548]]}},{"type":"Feature","properties":{"id":"1155255498","nom":"","tipo":"residential"},"geometry":{"type":"LineString","coordinates":[[-74.12617,4.58519],[-74.12615,4.58524],[-74.12614,4.58529],[-74.12614,4.58534]]}},{"type":"Feature","properties":{"id":"1155255499","nom":"","tipo":"residential"},"geometry":{"type":"LineString","coordinates":[[-74.12627,4.58512],[-74.12621,4.58515],[-74.12617,4.58519]]}},{"type":"Feature","properties":{"id":"1155255500","nom":"","tipo":"residential"},"geometry":{"type":"LineString","coordinates":[[-74.12641,4.58512],[-74.12636,4.58511],[-74.12631,4.58511],[-74.12627,4.58512]]}},{"type":"Feature","properties":{"id":"1155255501","nom":"","tipo":"residential"},"geometry":{"type":"LineString","coordinates":[[-74.12653,4.58525],[-74.1265,4.5852],[-74.12646,4.58515],[-74.12641,4.58512]]}},{"type":"Feature","properties":{"id":"1155255502","nom":"","tipo":"residential"},"geometry":{"type":"LineString","coordinates":[[-74.12652,4.58539],[-74.12654,4.58534],[-74.12654,4.5853],[-74.12653,4.58525]]}},{"type":"Feature","properties":{"id":"1155255503","nom":"","tipo":"residential"},"geometry":{"type":"LineString","coordinates":[[-74.12644,4.58548],[-74.12649,4.58544],[-74.12652,4.58539]]}},{"type":"Feature","properties":{"id":"1155255504","nom":"Carrera 27","tipo":"tertiary"},"geometry":{"type":"LineString","coordinates":[[-74.12632,4.58344],[-74.12676,4.58332],[-74.12696,4.58327],[-74.12704,4.58325],[-74.12706,4.58324]]}},{"type":"Feature","properties":{"id":"1155255505","nom":"","tipo":"tertiary"},"geometry":{"type":"LineString","coordinates":[[-74.12379,4.58428],[-74.12383,4.58429],[-74.12387,4.58429],[-74.12391,4.58428]]}},{"type":"Feature","properties":{"id":"1155255506","nom":"","tipo":"tertiary"},"geometry":{"type":"LineString","coordinates":[[-74.12365,4.58414],[-74.12368,4.5842],[-74.12373,4.58425],[-74.12379,4.58428]]}},{"type":"Feature","properties":{"id":"1155255507","nom":"","tipo":"tertiary"},"geometry":{"type":"LineString","coordinates":[[-74.12366,4.584],[-74.12365,4.58405],[-74.12364,4.5841],[-74.12365,4.58414]]}},{"type":"Feature","properties":{"id":"1155255508","nom":"","tipo":"tertiary"},"geometry":{"type":"LineString","coordinates":[[-74.12376,4.5839],[-74.12372,4.58393],[-74.12369,4.58396],[-74.12366,4.584]]}},{"type":"Feature","properties":{"id":"1155255509","nom":"","tipo":"tertiary"},"geometry":{"type":"LineString","coordinates":[[-74.12392,4.58389],[-74.12386,4.58388],[-74.12381,4.58388],[-74.12376,4.5839]]}},{"type":"Feature","properties":{"id":"1155255510","nom":"","tipo":"tertiary"},"geometry":{"type":"LineString","coordinates":[[-74.12405,4.58404],[-74.12403,4.584],[-74.124,4.58395],[-74.12396,4.58392],[-74.12392,4.58389]]}},{"type":"Feature","properties":{"id":"1155255511","nom":"","tipo":"tertiary"},"geometry":{"type":"LineString","coordinates":[[-74.12391,4.58428],[-74.12395,4.58426],[-74.12399,4.58423],[-74.12402,4.58419]]}},{"type":"Feature","properties":{"id":"1155255512","nom":"Avenida Calle 36 Sur","tipo":"secondary"},"geometry":{"type":"LineString","coordinates":[[-74.12114,4.58465],[-74.12131,4.58482],[-74.12139,4.5849],[-74.12145,4.58497],[-74.12149,4.58504],[-74.12152,4.58509],[-74.12155,4.58516],[-74.12157,4.58523],[-74.12159,4.58529],[-74.12161,4.58541],[-74.12168,4.58595],[-74.12172,4.5862],[-74.12175,4.58643],[-74.12178,4.58654],[-74.1218,4.58663],[-74.12183,4.58672],[-74.12193,4.58698],[-74.12202,4.58721],[-74.1222,4.58765],[-74.12221,4.58769],[-74.12222,4.58771],[-74.12222,4.58774]]}},{"type":"Feature","properties":{"id":"1155255513","nom":"Avenida Calle 36 Sur","tipo":"secondary"},"geometry":{"type":"LineString","coordinates":[[-74.1179,4.57841],[-74.11795,4.57858],[-74.11808,4.5791],[-74.11819,4.57948],[-74.11826,4.57975],[-74.11828,4.57984],[-74.11845,4.58052],[-74.11856,4.58094],[-74.11867,4.58137]]}},{"type":"Feature","properties":{"id":"1155257723","nom":"Avenida Carrera 14","tipo":"primary"},"geometry":{"type":"LineString","coordinates":[[-74.12458,4.57172],[-74.12461,4.57163],[-74.12467,4.57145],[-74.12473,4.57126],[-74.12482,4.57099],[-74.12488,4.57081],[-74.12496,4.57061],[-74.12504,4.57039],[-74.12506,4.57034]]}},{"type":"Feature","properties":{"id":"1155257725","nom":"Avenida Carrera 14","tipo":"primary"},"geometry":{"type":"LineString","coordinates":[[-74.119,4.57593],[-74.11891,4.57595],[-74.11874,4.57598],[-74.11862,4.576],[-74.11851,4.57601],[-74.11834,4.57603]]}},{"type":"Feature","properties":{"id":"1155257727","nom":"Carrera 12G","tipo":"residential"},"geometry":{"type":"LineString","coordinates":[[-74.11324,4.57034],[-74.11363,4.57021],[-74.11376,4.57017],[-74.1139,4.57012],[-74.11431,4.56998],[-74.11439,4.56997],[-74.11476,4.56992]]}},{"type":"Feature","properties":{"id":"1155257728","nom":"Carrera 12G","tipo":"residential"},"geometry":{"type":"LineString","coordinates":[[-74.11476,4.56992],[-74.11498,4.56985]]}},{"type":"Feature","properties":{"id":"1155257729","nom":"Calle 43 Sur","tipo":"tertiary"},"geometry":{"type":"LineString","coordinates":[[-74.11458,4.56704],[-74.11485,4.56747],[-74.11487,4.5675]]}},{"type":"Feature","properties":{"id":"1155257730","nom":"Diagonal 46 Sur","tipo":"tertiary"},"geometry":{"type":"LineString","coordinates":[[-74.11469,4.56709],[-74.11464,4.56707],[-74.11461,4.56705],[-74.11458,4.56704]]}},{"type":"Feature","properties":{"id":"1155265786","nom":"Avenida Carrera 33","tipo":"secondary"},"geometry":{"type":"LineString","coordinates":[[-74.12406,4.58867],[-74.12465,4.58846],[-74.12492,4.58837]]}},{"type":"Feature","properties":{"id":"1155265787","nom":"Diagonal 40 Sur","tipo":"secondary"},"geometry":{"type":"LineString","coordinates":[[-74.12363,4.58925],[-74.12355,4.5892],[-74.12345,4.58912],[-74.12337,4.58906],[-74.12326,4.58899],[-74.12319,4.58896],[-74.12313,4.58894],[-74.12307,4.58893],[-74.12299,4.58892],[-74.12293,4.58892]]}},{"type":"Feature","properties":{"id":"1155265807","nom":"Avenida Carrera 33","tipo":"secondary"},"geometry":{"type":"LineString","coordinates":[[-74.12844,4.58689],[-74.12852,4.58685]]}},{"type":"Feature","properties":{"id":"1155265808","nom":"Carrera 19","tipo":"secondary"},"geometry":{"type":"LineString","coordinates":[[-74.12343,4.57498],[-74.12348,4.57498],[-74.12352,4.57498],[-74.12356,4.57497]]}},{"type":"Feature","properties":{"id":"1155265809","nom":"Avenida Carrera 14","tipo":"primary"},"geometry":{"type":"LineString","coordinates":[[-74.12438,4.57157],[-74.12425,4.57195],[-74.12399,4.57273],[-74.12383,4.57321],[-74.1237,4.57355],[-74.12364,4.57375]]}},{"type":"Feature","properties":{"id":"1155265810","nom":"Carrera 9","tipo":"tertiary"},"geometry":{"type":"LineString","coordinates":[[-74.12103,4.5579],[-74.12052,4.55794]]}},{"type":"Feature","properties":{"id":"1155265811","nom":"Calle 49 Bis Sur","tipo":"tertiary"},"geometry":{"type":"LineString","coordinates":[[-74.11264,4.54863],[-74.11287,4.54893],[-74.1133,4.54949]]}},{"type":"Feature","properties":{"id":"1155265812","nom":"Carrera 5D","tipo":"tertiary"},"geometry":{"type":"LineString","coordinates":[[-74.11294,4.54839],[-74.11264,4.54863]]}},{"type":"Feature","properties":{"id":"1155265813","nom":"Carrera 5D","tipo":"tertiary"},"geometry":{"type":"LineString","coordinates":[[-74.11344,4.54801],[-74.11325,4.54816]]}},{"type":"Feature","properties":{"id":"1155265814","nom":"Calle 48X Sur","tipo":"tertiary"},"geometry":{"type":"LineString","coordinates":[[-74.10632,4.546],[-74.1062,4.54591],[-74.10611,4.54584],[-74.106,4.54576],[-74.10587,4.54567],[-74.10574,4.54557],[-74.10548,4.54538],[-74.10543,4.54535],[-74.10533,4.54532],[-74.10531,4.5453],[-74.1053,4.54528],[-74.10529,4.54507]]}},{"type":"Feature","properties":{"id":"1155265823","nom":"Avenida Calle 36 Sur","tipo":"secondary"},"geometry":{"type":"LineString","coordinates":[[-74.12268,4.58811],[-74.12266,4.58805]]}},{"type":"Feature","properties":{"id":"1155266824","nom":"Avenida Carrera 27","tipo":"secondary"},"geometry":{"type":"LineString","coordinates":[[-74.12149,4.58958],[-74.12171,4.58962],[-74.12203,4.58968],[-74.12226,4.58972]]}},{"type":"Feature","properties":{"id":"1157053247","nom":"Calle 41B Sur","tipo":"residential"},"geometry":{"type":"LineString","coordinates":[[-74.12222,4.57791],[-74.12202,4.57751],[-74.12179,4.57709]]}},{"type":"Feature","properties":{"id":"1157053248","nom":"Carrera 22A","tipo":"residential"},"geometry":{"type":"LineString","coordinates":[[-74.12452,4.57702],[-74.12446,4.57706]]}},{"type":"Feature","properties":{"id":"1157053249","nom":"Avenida Calle 44 Sur","tipo":"secondary"},"geometry":{"type":"LineString","coordinates":[[-74.12446,4.57706],[-74.12455,4.57728],[-74.12478,4.57784],[-74.12495,4.57826],[-74.12513,4.57864],[-74.12514,4.57867]]}},{"type":"Feature","properties":{"id":"1157053250","nom":"Avenida Carrera 14","tipo":"primary"},"geometry":{"type":"LineString","coordinates":[[-74.12466,4.57073],[-74.12457,4.57099],[-74.1245,4.5712],[-74.12445,4.57136],[-74.1244,4.5715],[-74.12438,4.57157]]}},{"type":"Feature","properties":{"id":"1157053251","nom":"Avenida Carrera 14","tipo":"primary"},"geometry":{"type":"LineString","coordinates":[[-74.12364,4.57375],[-74.12359,4.57389],[-74.12352,4.57404],[-74.12347,4.57413],[-74.12343,4.57419],[-74.12338,4.57425],[-74.12333,4.57431]]}},{"type":"Feature","properties":{"id":"1157054894","nom":"Avenida Calle 51 Sur","tipo":"primary"},"geometry":{"type":"LineString","coordinates":[[-74.12171,4.55641],[-74.12167,4.55632],[-74.12159,4.55608],[-74.12157,4.55602],[-74.12156,4.55597],[-74.12154,4.55587],[-74.12153,4.5558],[-74.12151,4.5557],[-74.1215,4.55558],[-74.12149,4.55533]]}},{"type":"Feature","properties":{"id":"1157054895","nom":"","tipo":"tertiary"},"geometry":{"type":"LineString","coordinates":[[-74.12613,4.5593],[-74.12617,4.55927],[-74.1262,4.55923],[-74.12622,4.55919],[-74.12624,4.55912],[-74.12624,4.55905],[-74.12621,4.55898],[-74.12617,4.55893],[-74.12612,4.55888],[-74.12605,4.55886],[-74.12598,4.55885],[-74.12591,4.55886],[-74.12585,4.55889],[-74.12579,4.55894],[-74.12576,4.559],[-74.12574,4.55907],[-74.12574,4.55914]]}},{"type":"Feature","properties":{"id":"1157054896","nom":"Calle 54 Sur","tipo":"tertiary"},"geometry":{"type":"LineString","coordinates":[[-74.12855,4.56437],[-74.12853,4.56432],[-74.12818,4.56359]]}},{"type":"Feature","properties":{"id":"1157054897","nom":"Carrera 13C","tipo":"residential"},"geometry":{"type":"LineString","coordinates":[[-74.12677,4.56462],[-74.12599,4.56502],[-74.12594,4.56504]]}},{"type":"Feature","properties":{"id":"1157054898","nom":"Calle 55A Sur","tipo":"residential"},"geometry":{"type":"LineString","coordinates":[[-74.12888,4.5628],[-74.1287,4.56243],[-74.12841,4.56183],[-74.12812,4.56124]]}},{"type":"Feature","properties":{"id":"1157054899","nom":"Carrera 13F","tipo":"tertiary"},"geometry":{"type":"LineString","coordinates":[[-74.12947,4.56336],[-74.12975,4.563],[-74.12985,4.56287],[-74.12996,4.56273],[-74.13039,4.56219]]}},{"type":"Feature","properties":{"id":"1157054901","nom":"Calle 47B Sur","tipo":"tertiary"},"geometry":{"type":"LineString","coordinates":[[-74.12934,4.57818],[-74.12951,4.57878],[-74.12951,4.57881],[-74.12953,4.57884],[-74.12955,4.57887]]}},{"type":"Feature","properties":{"id":"1157054902","nom":"Avenida Carrera 24","tipo":"secondary"},"geometry":{"type":"LineString","coordinates":[[-74.12907,4.57808],[-74.12917,4.57796]]}},{"type":"Feature","properties":{"id":"1157054903","nom":"Avenida Carrera 27","tipo":"secondary"},"geometry":{"type":"LineString","coordinates":[[-74.12063,4.58943],[-74.1211,4.58951],[-74.12114,4.58952],[-74.12149,4.58958]]}},{"type":"Feature","properties":{"id":"1157061756","nom":"Calle 49B Sur","tipo":"tertiary"},"geometry":{"type":"LineString","coordinates":[[-74.10968,4.54496],[-74.10981,4.54504],[-74.10992,4.54513],[-74.11001,4.54519],[-74.11009,4.54523],[-74.11014,4.54525],[-74.11017,4.54526],[-74.11029,4.5453],[-74.11039,4.54532],[-74.11046,4.54533],[-74.11047,4.54533],[-74.11051,4.54532],[-74.11063,4.54532],[-74.1108,4.54531],[-74.11085,4.54532],[-74.1109,4.54532],[-74.11095,4.54534],[-74.11099,4.54535],[-74.11102,4.54537],[-74.11106,4.54541],[-74.1111,4.54544],[-74.11113,4.54549],[-74.11117,4.54555],[-74.11123,4.54567],[-74.11138,4.54597],[-74.11142,4.54605],[-74.11145,4.54612],[-74.11154,4.54631]]}},{"type":"Feature","properties":{"id":"1157061757","nom":"Carrera 3","tipo":"tertiary"},"geometry":{"type":"LineString","coordinates":[[-74.10686,4.54907],[-74.10764,4.54796],[-74.10812,4.54728]]}},{"type":"Feature","properties":{"id":"1157061758","nom":"Carrera 5","tipo":"tertiary"},"geometry":{"type":"LineString","coordinates":[[-74.10966,4.54839],[-74.10983,4.54815],[-74.10999,4.54793],[-74.1102,4.54764]]}},{"type":"Feature","properties":{"id":"1157061760","nom":"Calle 19 Sur","tipo":"tertiary"},"geometry":{"type":"LineString","coordinates":[[-74.09541,4.57763],[-74.09571,4.5779]]}},{"type":"Feature","properties":{"id":"1157073979","nom":"Avenida Carrera 14","tipo":"primary"},"geometry":{"type":"LineString","coordinates":[[-74.12566,4.56857],[-74.1253,4.56924],[-74.12528,4.5693],[-74.12513,4.56963],[-74.12496,4.56999]]}},{"type":"Feature","properties":{"id":"1157073980","nom":"Avenida Carrera 26G","tipo":"secondary"},"geometry":{"type":"LineString","coordinates":[[-74.11965,4.58854],[-74.11947,4.58896]]}},{"type":"Feature","properties":{"id":"1157073981","nom":"Avenida Carrera 26G","tipo":"secondary"},"geometry":{"type":"LineString","coordinates":[[-74.12222,4.58774],[-74.12221,4.58777],[-74.12219,4.5878],[-74.12217,4.58783],[-74.12213,4.58786],[-74.12209,4.58788],[-74.12205,4.5879],[-74.122,4.58791],[-74.12192,4.58792],[-74.12158,4.58793],[-74.12145,4.58793]]}},{"type":"Feature","properties":{"id":"1157074324","nom":"Carrera 5","tipo":"secondary"},"geometry":{"type":"LineString","coordinates":[[-74.10837,4.55082],[-74.10841,4.55071]]}},{"type":"Feature","properties":{"id":"1157074325","nom":"Calle 48R Sur","tipo":"secondary"},"geometry":{"type":"LineString","coordinates":[[-74.10527,4.54836],[-74.10507,4.54825]]}},{"type":"Feature","properties":{"id":"1157074326","nom":"Transversal 1A","tipo":"secondary"},"geometry":{"type":"LineString","coordinates":[[-74.10337,4.54651],[-74.10339,4.54652]]}},{"type":"Feature","properties":{"id":"1157074327","nom":"Carrera 1","tipo":"residential"},"geometry":{"type":"LineString","coordinates":[[-74.10339,4.54652],[-74.10345,4.54647],[-74.10347,4.54646],[-74.10355,4.54642],[-74.10361,4.54639],[-74.10364,4.54638],[-74.1037,4.54638],[-74.10377,4.54637],[-74.10389,4.54636]]}},{"type":"Feature","properties":{"id":"1157074328","nom":"Calle 48Q Sur","tipo":"residential"},"geometry":{"type":"LineString","coordinates":[[-74.10403,4.54707],[-74.10399,4.54686],[-74.10389,4.54636]]}},{"type":"Feature","properties":{"id":"1157074329","nom":"Transversal 1A","tipo":"secondary"},"geometry":{"type":"LineString","coordinates":[[-74.10403,4.54707],[-74.10406,4.54712],[-74.10409,4.54718],[-74.10414,4.54724],[-74.10423,4.54732],[-74.10432,4.54742],[-74.10445,4.54754]]}},{"type":"Feature","properties":{"id":"1157221351","nom":"Avenida Carrera 10","tipo":"secondary"},"geometry":{"type":"LineString","coordinates":[[-74.10811,4.56387],[-74.10812,4.56371]]}},{"type":"Feature","properties":{"id":"1157221352","nom":"Carrera 9F","tipo":"residential"},"geometry":{"type":"LineString","coordinates":[[-74.10665,4.56385],[-74.10668,4.56382],[-74.10673,4.56379],[-74.10682,4.56376],[-74.10686,4.56375],[-74.10702,4.56371],[-74.10711,4.56368]]}},{"type":"Feature","properties":{"id":"1157221986","nom":"Diagonal 48 Sur","tipo":"primary"},"geometry":{"type":"LineString","coordinates":[[-74.12978,4.57034],[-74.12971,4.57037],[-74.12967,4.57039],[-74.12963,4.5704],[-74.12957,4.57042],[-74.12942,4.57045],[-74.12926,4.57048]]}},{"type":"Feature","properties":{"id":"1157221987","nom":"Avenida Carrera 19C","tipo":"primary"},"geometry":{"type":"LineString","coordinates":[[-74.13209,4.56942],[-74.13003,4.57024],[-74.12995,4.57027],[-74.12978,4.57034]]}},{"type":"Feature","properties":{"id":"1157221988","nom":"Carrera 13F","tipo":"tertiary"},"geometry":{"type":"LineString","coordinates":[[-74.12794,4.56498],[-74.12855,4.56437],[-74.12903,4.5639]]}},{"type":"Feature","properties":{"id":"1157221989","nom":"Carrera 13F","tipo":"tertiary"},"geometry":{"type":"LineString","coordinates":[[-74.12727,4.56565],[-74.12736,4.56556],[-74.12791,4.56501],[-74.12794,4.56498]]}},{"type":"Feature","properties":{"id":"1157221990","nom":"Calle 52 Sur","tipo":"tertiary"},"geometry":{"type":"LineString","coordinates":[[-74.12285,4.5573],[-74.12309,4.55768],[-74.12333,4.55807]]}},{"type":"Feature","properties":{"id":"1157221991","nom":"Carrera 9A","tipo":"tertiary"},"geometry":{"type":"LineString","coordinates":[[-74.1147,4.56108],[-74.1146,4.56116],[-74.11451,4.56122],[-74.11444,4.56129],[-74.11422,4.56151],[-74.11415,4.56158],[-74.11407,4.56165],[-74.11402,4.56169],[-74.11396,4.56173]]}},{"type":"Feature","properties":{"id":"1157221992","nom":"Carrera 9","tipo":"residential"},"geometry":{"type":"LineString","coordinates":[[-74.11431,4.56029],[-74.11406,4.56028],[-74.11396,4.56028],[-74.11385,4.56029],[-74.11378,4.56031]]}},{"type":"Feature","properties":{"id":"1158817334","nom":"Calle 46 Sur","tipo":"tertiary"},"geometry":{"type":"LineString","coordinates":[[-74.12752,4.57873],[-74.12751,4.57868],[-74.12744,4.57844],[-74.12734,4.57806]]}},{"type":"Feature","properties":{"id":"1158817335","nom":"Avenida Carrera 24","tipo":"secondary"},"geometry":{"type":"LineString","coordinates":[[-74.12752,4.57873],[-74.12744,4.57875],[-74.12575,4.57923],[-74.12554,4.57929]]}},{"type":"Feature","properties":{"id":"1158817336","nom":"Avenida Carrera 24","tipo":"secondary"},"geometry":{"type":"LineString","coordinates":[[-74.13064,4.57671],[-74.13057,4.57674],[-74.13037,4.57682],[-74.13035,4.57683],[-74.13019,4.5769],[-74.13011,4.57694],[-74.13002,4.57699],[-74.12994,4.57704],[-74.12986,4.57709]]}},{"type":"Feature","properties":{"id":"1158817337","nom":"Calle 47B Sur","tipo":"tertiary"},"geometry":{"type":"LineString","coordinates":[[-74.12922,4.57774],[-74.12925,4.57787]]}},{"type":"Feature","properties":{"id":"1158826737","nom":"Calle 48 Sur","tipo":"residential"},"geometry":{"type":"LineString","coordinates":[[-74.09928,4.54505],[-74.09958,4.54538],[-74.09978,4.5456]]}},{"type":"Feature","properties":{"id":"1158827616","nom":"Avenida Calle 22 Sur","tipo":"primary"},"geometry":{"type":"LineString","coordinates":[[-74.10439,4.58336],[-74.10427,4.58321],[-74.10421,4.58314]]}},{"type":"Feature","properties":{"id":"1158828286","nom":"Calle 49B Sur","tipo":"tertiary"},"geometry":{"type":"LineString","coordinates":[[-74.11392,4.54901],[-74.11379,4.54887],[-74.11369,4.54875],[-74.11364,4.54868],[-74.11344,4.54842],[-74.11325,4.54816]]}},{"type":"Feature","properties":{"id":"1158828287","nom":"Carrera 9","tipo":"tertiary"},"geometry":{"type":"LineString","coordinates":[[-74.12154,4.55791],[-74.12134,4.55791],[-74.12103,4.5579]]}},{"type":"Feature","properties":{"id":"1158828288","nom":"Carrera 9","tipo":"tertiary"},"geometry":{"type":"LineString","coordinates":[[-74.12349,4.5569],[-74.12285,4.5573]]}},{"type":"Feature","properties":{"id":"1158828289","nom":"Calle 52 Sur","tipo":"residential"},"geometry":{"type":"LineString","coordinates":[[-74.1226,4.55691],[-74.12285,4.5573]]}},{"type":"Feature","properties":{"id":"1158828290","nom":"Carrera 8A","tipo":"residential"},"geometry":{"type":"LineString","coordinates":[[-74.1226,4.55691],[-74.12324,4.55651],[-74.12385,4.55614]]}},{"type":"Feature","properties":{"id":"1158828291","nom":"Avenida Calle 51 Sur","tipo":"primary"},"geometry":{"type":"LineString","coordinates":[[-74.12231,4.55765],[-74.12229,4.5576],[-74.12226,4.55754],[-74.1221,4.55721]]}},{"type":"Feature","properties":{"id":"1158828292","nom":"Carrera 19","tipo":"secondary"},"geometry":{"type":"LineString","coordinates":[[-74.12356,4.57497],[-74.1236,4.57495],[-74.12363,4.57493]]}},{"type":"Feature","properties":{"id":"1158836119","nom":"Calle 41 Sur","tipo":"residential"},"geometry":{"type":"LineString","coordinates":[[-74.09515,4.55076],[-74.09452,4.55056],[-74.09357,4.55024],[-74.09314,4.55009],[-74.09255,4.54989]]}},{"type":"Feature","properties":{"id":"1158836120","nom":"Calle 41 Sur","tipo":"residential"},"geometry":{"type":"LineString","coordinates":[[-74.09835,4.55161],[-74.0983,4.5516],[-74.09761,4.55142],[-74.09708,4.55128],[-74.0968,4.55121],[-74.09657,4.55115],[-74.09596,4.55099]]}},{"type":"Feature","properties":{"id":"1158836121","nom":"Carrera 2 Este","tipo":"tertiary"},"geometry":{"type":"LineString","coordinates":[[-74.09596,4.55099],[-74.09584,4.55144],[-74.09572,4.55188]]}},{"type":"Feature","properties":{"id":"1158836122","nom":"Calle 40 Sur","tipo":"tertiary"},"geometry":{"type":"LineString","coordinates":[[-74.096,4.55197],[-74.09586,4.55192],[-74.09572,4.55188]]}},{"type":"Feature","properties":{"id":"1158836123","nom":"Diagonal 39 Sur","tipo":"tertiary"},"geometry":{"type":"LineString","coordinates":[[-74.09729,4.55175],[-74.09725,4.55175],[-74.09695,4.5518],[-74.0965,4.55188],[-74.09638,4.5519],[-74.096,4.55197]]}},{"type":"Feature","properties":{"id":"1161227796","nom":"Calle 40A Sur","tipo":"residential"},"geometry":{"type":"LineString","coordinates":[[-74.09438,4.551],[-74.09503,4.55122],[-74.09584,4.55144],[-74.09645,4.5516]]}},{"type":"Feature","properties":{"id":"1162628306","nom":"Carrera 9F","tipo":"residential"},"geometry":{"type":"LineString","coordinates":[[-74.10806,4.56385],[-74.10811,4.56387]]}},{"type":"Feature","properties":{"id":"1162628307","nom":"Avenida Carrera 10","tipo":"secondary"},"geometry":{"type":"LineString","coordinates":[[-74.10812,4.56371],[-74.10806,4.56385]]}},{"type":"Feature","properties":{"id":"1162628308","nom":"Avenida Carrera 14","tipo":"primary"},"geometry":{"type":"LineString","coordinates":[[-74.12496,4.56999],[-74.12493,4.57007],[-74.12489,4.57016],[-74.12477,4.57045],[-74.12466,4.57073]]}},{"type":"Feature","properties":{"id":"1162628726","nom":"Calle 48X Sur","tipo":"tertiary"},"geometry":{"type":"LineString","coordinates":[[-74.11078,4.54919],[-74.11059,4.54906],[-74.10971,4.54842],[-74.10966,4.54839]]}},{"type":"Feature","properties":{"id":"1164548762","nom":"Calle 10B Sur","tipo":"secondary"},"geometry":{"type":"LineString","coordinates":[[-74.09895,4.58953],[-74.09904,4.58946]]}},{"type":"Feature","properties":{"id":"1164548763","nom":"Calle 10B Sur","tipo":"secondary"},"geometry":{"type":"LineString","coordinates":[[-74.09953,4.58925],[-74.09946,4.58926],[-74.09939,4.58928],[-74.09932,4.5893],[-74.09926,4.58933]]}},{"type":"Feature","properties":{"id":"1164548764","nom":"Calle 13 Sur","tipo":"tertiary"},"geometry":{"type":"LineString","coordinates":[[-74.09967,4.58898],[-74.09984,4.58915],[-74.09988,4.58919]]}},{"type":"Feature","properties":{"id":"1164548765","nom":"Avenida Calle 22 Sur","tipo":"primary"},"geometry":{"type":"LineString","coordinates":[[-74.10359,4.58262],[-74.10363,4.58268],[-74.1037,4.58276],[-74.10395,4.58308],[-74.10409,4.58325]]}},{"type":"Feature","properties":{"id":"1164560570","nom":"Avenida Calle 22 Sur","tipo":"primary"},"geometry":{"type":"LineString","coordinates":[[-74.10632,4.58578],[-74.10598,4.58537],[-74.10592,4.58529],[-74.10585,4.5852],[-74.10553,4.58479]]}},{"type":"Feature","properties":{"id":"1164560571","nom":"Calle 13 Sur","tipo":"tertiary"},"geometry":{"type":"LineString","coordinates":[[-74.09938,4.58867],[-74.09953,4.58883],[-74.09967,4.58898]]}},{"type":"Feature","properties":{"id":"1164560572","nom":"Transversal 21A","tipo":"secondary"},"geometry":{"type":"LineString","coordinates":[[-74.10341,4.58455],[-74.10285,4.58456],[-74.10272,4.58457]]}},{"type":"Feature","properties":{"id":"1164690517","nom":"Calle 53 Sur","tipo":"tertiary"},"geometry":{"type":"LineString","coordinates":[[-74.12794,4.56498],[-74.128,4.56504],[-74.12824,4.5653]]}},{"type":"Feature","properties":{"id":"1164691831","nom":"Carrera 9","tipo":"residential"},"geometry":{"type":"LineString","coordinates":[[-74.11378,4.56031],[-74.11367,4.56034],[-74.1134,4.56048]]}},{"type":"Feature","properties":{"id":"1164691832","nom":"Carrera 10","tipo":"tertiary"},"geometry":{"type":"LineString","coordinates":[[-74.11396,4.56173],[-74.11349,4.56198],[-74.11345,4.56201],[-74.11319,4.56215],[-74.11292,4.5623],[-74.11281,4.56236],[-74.11269,4.56242],[-74.11256,4.56248],[-74.11247,4.56252],[-74.11238,4.56256],[-74.11227,4.56261],[-74.11222,4.56264],[-74.11195,4.56275],[-74.11191,4.56276],[-74.11187,4.56277],[-74.11176,4.56278],[-74.11172,4.56278],[-74.11168,4.5628],[-74.11165,4.56281],[-74.11164,4.56283],[-74.11164,4.56285],[-74.11161,4.56308],[-74.11161,4.5631],[-74.11159,4.56312],[-74.11157,4.56312],[-74.11154,4.56312],[-74.11149,4.5631],[-74.11124,4.56297],[-74.11121,4.56297],[-74.11118,4.56296],[-74.11113,4.56296],[-74.11102,4.56295],[-74.11095,4.56295],[-74.11091,4.56295],[-74.11086,4.56294],[-74.11078,4.56294],[-74.1107,4.56293],[-74.11063,4.56293],[-74.11055,4.56294],[-74.11041,4.56295],[-74.1103,4.56297],[-74.11017,4.563],[-74.11003,4.56303],[-74.10994,4.56306],[-74.10987,4.56307],[-74.10978,4.56306],[-74.10969,4.56303],[-74.10957,4.56299],[-74.10946,4.56294],[-74.10945,4.56293],[-74.10938,4.5629]]}},{"type":"Feature","properties":{"id":"1164691833","nom":"Calle 19 Sur","tipo":"tertiary"},"geometry":{"type":"LineString","coordinates":[[-74.09579,4.57795],[-74.09571,4.5779]]}},{"type":"Feature","properties":{"id":"1164691834","nom":"Carrera 11","tipo":"residential"},"geometry":{"type":"LineString","coordinates":[[-74.0964,4.57725],[-74.09637,4.57728],[-74.09579,4.57795]]}},{"type":"Feature","properties":{"id":"1164691835","nom":"Carrera 11","tipo":"residential"},"geometry":{"type":"LineString","coordinates":[[-74.09651,4.57713],[-74.0964,4.57725]]}},{"type":"Feature","properties":{"id":"1166162269","nom":"Avenida Carrera 10","tipo":"secondary"},"geometry":{"type":"LineString","coordinates":[[-74.09594,4.57414],[-74.09509,4.57506],[-74.0947,4.57549],[-74.09463,4.57556],[-74.09456,4.57564]]}},{"type":"Feature","properties":{"id":"1166162271","nom":"Carrera 3","tipo":"secondary"},"geometry":{"type":"LineString","coordinates":[[-74.09604,4.56297],[-74.096,4.56306],[-74.09598,4.56315],[-74.09582,4.56348],[-74.09559,4.56389],[-74.09543,4.56419],[-74.09533,4.56435],[-74.09525,4.56448],[-74.09519,4.56457],[-74.09509,4.5647],[-74.0949,4.56493],[-74.09475,4.56511]]}},{"type":"Feature","properties":{"id":"1166162272","nom":"Calle 31D Sur","tipo":"residential"},"geometry":{"type":"LineString","coordinates":[[-74.09537,4.56226],[-74.09556,4.5625],[-74.09589,4.56284]]}},{"type":"Feature","properties":{"id":"1166162273","nom":"Calle 31F Sur","tipo":"residential"},"geometry":{"type":"LineString","coordinates":[[-74.09502,4.56145],[-74.09488,4.56129],[-74.0945,4.56085]]}},{"type":"Feature","properties":{"id":"1167220533","nom":"Carrera 5B","tipo":"tertiary"},"geometry":{"type":"LineString","coordinates":[[-74.11234,4.5476],[-74.11268,4.54735]]}},{"type":"Feature","properties":{"id":"1167220534","nom":"Calle 49A Sur","tipo":"tertiary"},"geometry":{"type":"LineString","coordinates":[[-74.11234,4.5476],[-74.11294,4.54839]]}},{"type":"Feature","properties":{"id":"1167220535","nom":"Calle 49A Sur","tipo":"tertiary"},"geometry":{"type":"LineString","coordinates":[[-74.11196,4.54711],[-74.11215,4.54736],[-74.11234,4.5476]]}},{"type":"Feature","properties":{"id":"1167220536","nom":"Carrera 3","tipo":"tertiary"},"geometry":{"type":"LineString","coordinates":[[-74.10888,4.54619],[-74.10963,4.54507],[-74.10965,4.54502],[-74.10968,4.54496]]}},{"type":"Feature","properties":{"id":"1167373461","nom":"Avenida Carrera 10","tipo":"secondary"},"geometry":{"type":"LineString","coordinates":[[-74.10796,4.56495],[-74.10797,4.56485],[-74.10801,4.56453],[-74.10808,4.56406],[-74.10809,4.56398],[-74.1081,4.56393],[-74.10811,4.56387]]}},{"type":"Feature","properties":{"id":"1167373462","nom":"Carrera 3","tipo":"secondary"},"geometry":{"type":"LineString","coordinates":[[-74.0963,4.56198],[-74.09627,4.562],[-74.09623,4.56202]]}},{"type":"Feature","properties":{"id":"1167373463","nom":"Calle 32 Sur","tipo":"tertiary"},"geometry":{"type":"LineString","coordinates":[[-74.09657,4.56235],[-74.09657,4.56222],[-74.09657,4.56217],[-74.09658,4.56213],[-74.0966,4.5621],[-74.09662,4.56207],[-74.09666,4.56205],[-74.0967,4.56204],[-74.0968,4.56204]]}},{"type":"Feature","properties":{"id":"1167373467","nom":"Calle 31A Sur","tipo":"tertiary"},"geometry":{"type":"LineString","coordinates":[[-74.10568,4.57284],[-74.10571,4.57288],[-74.10575,4.57292],[-74.10634,4.57338],[-74.10712,4.57398],[-74.10728,4.5741]]}},{"type":"Feature","properties":{"id":"1167373468","nom":"Carrera 12G","tipo":"residential"},"geometry":{"type":"LineString","coordinates":[[-74.10728,4.5741],[-74.10786,4.57389]]}},{"type":"Feature","properties":{"id":"1167373469","nom":"Carrera 12H","tipo":"residential"},"geometry":{"type":"LineString","coordinates":[[-74.10786,4.57389],[-74.10754,4.5743]]}},{"type":"Feature","properties":{"id":"1167373470","nom":"Calle 31F Sur","tipo":"tertiary"},"geometry":{"type":"LineString","coordinates":[[-74.10825,4.57338],[-74.10784,4.57305],[-74.10766,4.57292]]}},{"type":"Feature","properties":{"id":"1167373471","nom":"Calle 31F Sur","tipo":"tertiary"},"geometry":{"type":"LineString","coordinates":[[-74.10977,4.57457],[-74.10941,4.57428],[-74.10914,4.57408]]}},{"type":"Feature","properties":{"id":"1167373472","nom":"Calle 33 Bis Sur","tipo":"tertiary"},"geometry":{"type":"LineString","coordinates":[[-74.11324,4.57034],[-74.11348,4.57058],[-74.1136,4.5707]]}},{"type":"Feature","properties":{"id":"1167373473","nom":"Avenida Carrera 10","tipo":"secondary"},"geometry":{"type":"LineString","coordinates":[[-74.10556,4.56541],[-74.10603,4.56564],[-74.10606,4.56566],[-74.10612,4.56568],[-74.10618,4.56569],[-74.10627,4.5657],[-74.1066,4.56573],[-74.10667,4.56572],[-74.10674,4.56571],[-74.10682,4.56569],[-74.10692,4.56566],[-74.10731,4.5655],[-74.10758,4.5654],[-74.10765,4.56537],[-74.10778,4.56531]]}},{"type":"Feature","properties":{"id":"1167373474","nom":"Calle 36B Sur","tipo":"residential"},"geometry":{"type":"LineString","coordinates":[[-74.10687,4.56748],[-74.10684,4.56745],[-74.10677,4.56738],[-74.10667,4.56727],[-74.10664,4.56724],[-74.1066,4.56719],[-74.10653,4.5671],[-74.10627,4.56673],[-74.10623,4.56669],[-74.10616,4.56664],[-74.1061,4.56661]]}},{"type":"Feature","properties":{"id":"1167373476","nom":"Avenida Carrera 10","tipo":"secondary"},"geometry":{"type":"LineString","coordinates":[[-74.10234,4.56731],[-74.10246,4.56719],[-74.10274,4.5669],[-74.10281,4.56683],[-74.1031,4.56652],[-74.10312,4.5665],[-74.10318,4.56644]]}},{"type":"Feature","properties":{"id":"1167374375","nom":"Avenida Calle 22 Sur","tipo":"primary"},"geometry":{"type":"LineString","coordinates":[[-74.09557,4.57668],[-74.096,4.57697]]}},{"type":"Feature","properties":{"id":"1167376063","nom":"Avenida Calle 44 Sur","tipo":"secondary"},"geometry":{"type":"LineString","coordinates":[[-74.12736,4.58396],[-74.12759,4.58453]]}},{"type":"Feature","properties":{"id":"1167376064","nom":"Carrera 27","tipo":"tertiary"},"geometry":{"type":"LineString","coordinates":[[-74.12561,4.58363],[-74.12632,4.58344]]}},{"type":"Feature","properties":{"id":"1167376065","nom":"Calle 42 Sur","tipo":"residential"},"geometry":{"type":"LineString","coordinates":[[-74.12561,4.58363],[-74.12562,4.58365],[-74.12587,4.58423],[-74.12597,4.58446],[-74.12627,4.58512]]}},{"type":"Feature","properties":{"id":"1167376784","nom":"Carrera 5A","tipo":"secondary"},"geometry":{"type":"LineString","coordinates":[[-74.09866,4.56504],[-74.09872,4.56499],[-74.09901,4.56474],[-74.0992,4.56457],[-74.09939,4.5644]]}},{"type":"Feature","properties":{"id":"1167377362","nom":"Calle 48P Sur","tipo":"secondary"},"geometry":{"type":"LineString","coordinates":[[-74.10856,4.55286],[-74.10853,4.55285],[-74.10851,4.55284],[-74.10842,4.55281]]}},{"type":"Feature","properties":{"id":"1167386624","nom":"Carrera 22","tipo":"residential"},"geometry":{"type":"LineString","coordinates":[[-74.10164,4.58653],[-74.10162,4.58654],[-74.1012,4.58694],[-74.10098,4.58715],[-74.10095,4.58717]]}},{"type":"Feature","properties":{"id":"1167386625","nom":"Calle 16 Sur","tipo":"secondary"},"geometry":{"type":"LineString","coordinates":[[-74.10095,4.58717],[-74.10099,4.58721],[-74.10142,4.58767],[-74.10145,4.5877]]}},{"type":"Feature","properties":{"id":"1167386626","nom":"Carrera 18","tipo":"secondary"},"geometry":{"type":"LineString","coordinates":[[-74.09996,4.58611],[-74.09961,4.58644],[-74.09956,4.5865]]}},{"type":"Feature","properties":{"id":"1168577749","nom":"Carrera 8A","tipo":"tertiary"},"geometry":{"type":"LineString","coordinates":[[-74.09811,4.56977],[-74.09832,4.56959],[-74.09927,4.56874],[-74.09961,4.56846],[-74.09964,4.56844],[-74.09997,4.56816],[-74.1,4.56813],[-74.10005,4.56809]]}},{"type":"Feature","properties":{"id":"1168577753","nom":"Avenida Calle 37 Sur","tipo":"secondary"},"geometry":{"type":"LineString","coordinates":[[-74.09825,4.55788],[-74.09818,4.55784],[-74.09803,4.55779]]}},{"type":"Feature","properties":{"id":"1169137913","nom":"Calle 47B Sur","tipo":"tertiary"},"geometry":{"type":"LineString","coordinates":[[-74.12885,4.57641],[-74.12896,4.57679],[-74.12901,4.57701],[-74.12917,4.57758],[-74.1292,4.57768],[-74.12922,4.57774]]}},{"type":"Feature","properties":{"id":"1169137914","nom":"Diagonal 44B Sur","tipo":"tertiary"},"geometry":{"type":"LineString","coordinates":[[-74.12376,4.57476],[-74.12386,4.5748],[-74.12434,4.57499]]}},{"type":"Feature","properties":{"id":"1169137915","nom":"Carrera 20","tipo":"residential"},"geometry":{"type":"LineString","coordinates":[[-74.12548,4.57212],[-74.12502,4.57333],[-74.12486,4.57373],[-74.12465,4.57428],[-74.12446,4.57476],[-74.12441,4.57486],[-74.12434,4.57499]]}},{"type":"Feature","properties":{"id":"1169160555","nom":"Avenida Calle 44 Sur","tipo":"secondary"},"geometry":{"type":"LineString","coordinates":[[-74.12551,4.57937],[-74.12548,4.5793]]}},{"type":"Feature","properties":{"id":"1169194201","nom":"Calle 48B Sur","tipo":"residential"},"geometry":{"type":"LineString","coordinates":[[-74.1134,4.56048],[-74.11372,4.56119]]}},{"type":"Feature","properties":{"id":"1169194390","nom":"Avenida Carrera 10","tipo":"secondary"},"geometry":{"type":"LineString","coordinates":[[-74.10069,4.56883],[-74.10042,4.56914],[-74.09965,4.57005],[-74.09933,4.57044],[-74.09905,4.57077],[-74.09903,4.57079],[-74.09805,4.57184],[-74.09802,4.57188],[-74.09789,4.57202]]}},{"type":"Feature","properties":{"id":"1169194391","nom":"Avenida Carrera 14","tipo":"primary"},"geometry":{"type":"LineString","coordinates":[[-74.10686,4.57901],[-74.10676,4.57906]]}},{"type":"Feature","properties":{"id":"1169194392","nom":"Carrera 25A","tipo":"residential"},"geometry":{"type":"LineString","coordinates":[[-74.12623,4.58108],[-74.12627,4.58107],[-74.12684,4.5809],[-74.12785,4.58061],[-74.12803,4.58056]]}},{"type":"Feature","properties":{"id":"1169194393","nom":"Avenida Calle 44 Sur","tipo":"secondary"},"geometry":{"type":"LineString","coordinates":[[-74.12623,4.58108],[-74.12601,4.58058],[-74.12584,4.58016]]}},{"type":"Feature","properties":{"id":"1169338494","nom":"Avenida Calle 51 Sur","tipo":"primary"},"geometry":{"type":"LineString","coordinates":[[-74.1221,4.55721],[-74.12191,4.55682],[-74.12171,4.55641]]}},{"type":"Feature","properties":{"id":"1169338495","nom":"Carrera 7A","tipo":"residential"},"geometry":{"type":"LineString","coordinates":[[-74.12277,4.55576],[-74.12338,4.55538]]}},{"type":"Feature","properties":{"id":"1169338496","nom":"Calle 53 Sur","tipo":"tertiary"},"geometry":{"type":"LineString","coordinates":[[-74.12277,4.55576],[-74.12253,4.55537]]}},{"type":"Feature","properties":{"id":"1169338497","nom":"Carrera 12C","tipo":"residential"},"geometry":{"type":"LineString","coordinates":[[-74.12784,4.56062],[-74.12697,4.56105]]}},{"type":"Feature","properties":{"id":"1169338498","nom":"Carrera 12C","tipo":"residential"},"geometry":{"type":"LineString","coordinates":[[-74.12959,4.55976],[-74.12891,4.56009],[-74.12784,4.56062]]}},{"type":"Feature","properties":{"id":"1169338499","nom":"Calle 55A Sur","tipo":"residential"},"geometry":{"type":"LineString","coordinates":[[-74.12784,4.56062],[-74.12755,4.56002],[-74.12729,4.55947]]}},{"type":"Feature","properties":{"id":"1169369336","nom":"Avenida Calle 51 Sur","tipo":"primary"},"geometry":{"type":"LineString","coordinates":[[-74.12214,4.5578],[-74.12218,4.55788],[-74.12221,4.55795],[-74.12226,4.55803],[-74.12242,4.55822],[-74.12257,4.5584],[-74.12261,4.55844],[-74.12268,4.55852]]}},{"type":"Feature","properties":{"id":"1174579024","nom":"Carrera 5B","tipo":"tertiary"},"geometry":{"type":"LineString","coordinates":[[-74.11204,4.54783],[-74.11234,4.5476]]}},{"type":"Feature","properties":{"id":"1174579198","nom":"Carrera 1A","tipo":"secondary"},"geometry":{"type":"LineString","coordinates":[[-74.09992,4.54997],[-74.10015,4.5497],[-74.10022,4.54962],[-74.10036,4.54943],[-74.10045,4.54931],[-74.10048,4.54926],[-74.10052,4.54922]]}},{"type":"Feature","properties":{"id":"1174579199","nom":"Calle 42 Sur","tipo":"residential"},"geometry":{"type":"LineString","coordinates":[[-74.09831,4.5494],[-74.09836,4.54953],[-74.09843,4.54964],[-74.09855,4.5498]]}},{"type":"Feature","properties":{"id":"1174580776","nom":"Calle 22A Sur","tipo":"residential"},"geometry":{"type":"LineString","coordinates":[[-74.09509,4.57506],[-74.09504,4.57502],[-74.09501,4.575],[-74.09475,4.57475],[-74.09416,4.5742],[-74.09367,4.57369],[-74.09363,4.57366]]}},{"type":"Feature","properties":{"id":"1174656508","nom":"Avenida Carrera 27","tipo":"secondary"},"geometry":{"type":"LineString","coordinates":[[-74.12127,4.58935],[-74.12121,4.58935],[-74.12114,4.58934],[-74.12043,4.58923],[-74.12042,4.58923],[-74.12028,4.58921],[-74.11952,4.5891],[-74.11908,4.58903],[-74.11897,4.58901],[-74.11888,4.58899],[-74.11879,4.58897]]}},{"type":"Feature","properties":{"id":"1174656509","nom":"Calle 35 Sur","tipo":"tertiary"},"geometry":{"type":"LineString","coordinates":[[-74.11871,4.58859],[-74.11869,4.58843]]}},{"type":"Feature","properties":{"id":"1174656510","nom":"Calle 35 Sur","tipo":"tertiary"},"geometry":{"type":"LineString","coordinates":[[-74.11879,4.58897],[-74.11876,4.58893],[-74.11874,4.58888],[-74.11871,4.58859]]}},{"type":"Feature","properties":{"id":"1174656511","nom":"Avenida Carrera 26G","tipo":"secondary"},"geometry":{"type":"LineString","coordinates":[[-74.12145,4.58793],[-74.12129,4.58794],[-74.12112,4.58796],[-74.12046,4.58805],[-74.12031,4.58807]]}},{"type":"Feature","properties":{"id":"1175330169","nom":"Calle 19 Sur","tipo":"tertiary"},"geometry":{"type":"LineString","coordinates":[[-74.10255,4.58473],[-74.10251,4.58468],[-74.10241,4.58458]]}},{"type":"Feature","properties":{"id":"1175330170","nom":"Avenida Calle 22 Sur","tipo":"primary"},"geometry":{"type":"LineString","coordinates":[[-74.10553,4.58479],[-74.10539,4.58461],[-74.10535,4.58457],[-74.10528,4.58449]]}},{"type":"Feature","properties":{"id":"1175330172","nom":"Calle 34 Sur","tipo":"tertiary"},"geometry":{"type":"LineString","coordinates":[[-74.11815,4.58852],[-74.1182,4.58875],[-74.11821,4.58881]]}},{"type":"Feature","properties":{"id":"1175904784","nom":"Carrera 5","tipo":"residential"},"geometry":{"type":"LineString","coordinates":[[-74.09512,4.56719],[-74.09489,4.56742]]}},{"type":"Feature","properties":{"id":"1175904785","nom":"Carrera 5A","tipo":"secondary"},"geometry":{"type":"LineString","coordinates":[[-74.09547,4.56799],[-74.09576,4.56769],[-74.09599,4.56745],[-74.09602,4.56742],[-74.09603,4.56741],[-74.09606,4.56737]]}},{"type":"Feature","properties":{"id":"1176374811","nom":"Carrera 18","tipo":"secondary"},"geometry":{"type":"LineString","coordinates":[[-74.10202,4.58416],[-74.10158,4.58457],[-74.10136,4.58477],[-74.10133,4.5848]]}},{"type":"Feature","properties":{"id":"1176374812","nom":"Calle 19 Sur","tipo":"secondary"},"geometry":{"type":"LineString","coordinates":[[-74.10241,4.58458],[-74.10205,4.58419],[-74.10202,4.58416]]}},{"type":"Feature","properties":{"id":"1176611812","nom":"Carrera 9F","tipo":"residential"},"geometry":{"type":"LineString","coordinates":[[-74.10711,4.56368],[-74.10722,4.56364],[-74.10729,4.56362],[-74.10736,4.56359],[-74.10741,4.56356]]}},{"type":"Feature","properties":{"id":"1176614921","nom":"Avenida Calle 22 Sur","tipo":"primary"},"geometry":{"type":"LineString","coordinates":[[-74.10508,4.58449],[-74.10515,4.58458],[-74.10542,4.58492],[-74.10563,4.58518]]}},{"type":"Feature","properties":{"id":"1176614922","nom":"Avenida Carrera 24","tipo":"secondary"},"geometry":{"type":"LineString","coordinates":[[-74.10528,4.58449],[-74.10508,4.58449]]}},{"type":"Feature","properties":{"id":"1176616150","nom":"Calle 48L Sur","tipo":"tertiary"},"geometry":{"type":"LineString","coordinates":[[-74.10834,4.5545],[-74.10831,4.55449],[-74.10825,4.55446]]}},{"type":"Feature","properties":{"id":"1176616152","nom":"Diagonal 48J Sur","tipo":"residential"},"geometry":{"type":"LineString","coordinates":[[-74.10702,4.55686],[-74.10776,4.5568]]}},{"type":"Feature","properties":{"id":"1176616153","nom":"Carrera 3","tipo":"residential"},"geometry":{"type":"LineString","coordinates":[[-74.10638,4.55459],[-74.1065,4.55516]]}},{"type":"Feature","properties":{"id":"1177589678","nom":"Calle 48Q Sur","tipo":"secondary"},"geometry":{"type":"LineString","coordinates":[[-74.10789,4.55064],[-74.10803,4.55069],[-74.10817,4.55075],[-74.10833,4.55081],[-74.10837,4.55082]]}},{"type":"Feature","properties":{"id":"1177589679","nom":"Carrera 1B","tipo":"secondary"},"geometry":{"type":"LineString","coordinates":[[-74.09795,4.55299],[-74.0981,4.55265],[-74.09816,4.55251]]}},{"type":"Feature","properties":{"id":"1177589682","nom":"Avenida Carrera 10","tipo":"secondary"},"geometry":{"type":"LineString","coordinates":[[-74.10097,4.56883],[-74.10126,4.56849],[-74.10176,4.56794],[-74.10216,4.5675],[-74.10234,4.56731]]}},{"type":"Feature","properties":{"id":"1178422087","nom":"Calle 37A Sur","tipo":"residential"},"geometry":{"type":"LineString","coordinates":[[-74.09903,4.5586],[-74.09857,4.55785]]}},{"type":"Feature","properties":{"id":"1178432463","nom":"Carrera 1A","tipo":"secondary"},"geometry":{"type":"LineString","coordinates":[[-74.10085,4.5489],[-74.10097,4.54879]]}},{"type":"Feature","properties":{"id":"1178432464","nom":"Carrera 5L","tipo":"secondary"},"geometry":{"type":"LineString","coordinates":[[-74.11254,4.55509],[-74.11252,4.55512],[-74.11249,4.55519]]}},{"type":"Feature","properties":{"id":"1178432465","nom":"Carrera 5L Bis","tipo":"secondary"},"geometry":{"type":"LineString","coordinates":[[-74.11282,4.55539],[-74.1129,4.55522],[-74.11292,4.55518]]}},{"type":"Feature","properties":{"id":"1178462651","nom":"Diagonal 48J Sur","tipo":"residential"},"geometry":{"type":"LineString","coordinates":[[-74.10689,4.55688],[-74.10702,4.55686]]}},{"type":"Feature","properties":{"id":"1178462652","nom":"Diagonal 48J Sur","tipo":"tertiary"},"geometry":{"type":"LineString","coordinates":[[-74.10776,4.5568],[-74.10786,4.55679]]}},{"type":"Feature","properties":{"id":"1178462654","nom":"Calle 53 Sur","tipo":"residential"},"geometry":{"type":"LineString","coordinates":[[-74.12747,4.56411],[-74.12705,4.56324],[-74.12676,4.56264],[-74.12647,4.56204],[-74.12618,4.56143]]}},{"type":"Feature","properties":{"id":"1178462655","nom":"Carrera 12C","tipo":"residential"},"geometry":{"type":"LineString","coordinates":[[-74.12697,4.56105],[-74.12618,4.56143]]}},{"type":"Feature","properties":{"id":"1178468400","nom":"Carrera 5D","tipo":"tertiary"},"geometry":{"type":"LineString","coordinates":[[-74.11325,4.54816],[-74.11294,4.54839]]}},{"type":"Feature","properties":{"id":"1178468401","nom":"Calle 49B Sur","tipo":"tertiary"},"geometry":{"type":"LineString","coordinates":[[-74.11325,4.54816],[-74.11308,4.54793],[-74.11299,4.54782],[-74.11295,4.54776],[-74.11268,4.54735]]}},{"type":"Feature","properties":{"id":"1178468402","nom":"Calle 53 Sur","tipo":"tertiary"},"geometry":{"type":"LineString","coordinates":[[-74.12349,4.5569],[-74.12324,4.55651],[-74.12301,4.55614],[-74.12277,4.55576]]}},{"type":"Feature","properties":{"id":"1180752742","nom":"Calle 27 Sur","tipo":"secondary"},"geometry":{"type":"LineString","coordinates":[[-74.10788,4.58103],[-74.10802,4.5813],[-74.10816,4.58157],[-74.10837,4.58197],[-74.1084,4.58203],[-74.10842,4.58208]]}},{"type":"Feature","properties":{"id":"1180752743","nom":"Carrera 19C","tipo":"tertiary"},"geometry":{"type":"LineString","coordinates":[[-74.10788,4.58103],[-74.10794,4.581],[-74.10883,4.5805],[-74.10887,4.58048]]}},{"type":"Feature","properties":{"id":"1180752744","nom":"Avenida Carrera 24","tipo":"secondary"},"geometry":{"type":"LineString","coordinates":[[-74.11872,4.58158],[-74.11859,4.58163],[-74.11826,4.58174],[-74.11697,4.58219]]}},{"type":"Feature","properties":{"id":"1180752745","nom":"Avenida Carrera 10","tipo":"secondary"},"geometry":{"type":"LineString","coordinates":[[-74.10778,4.56531],[-74.10785,4.56529],[-74.10787,4.56529]]}},{"type":"Feature","properties":{"id":"1180752746","nom":"Carrera 12B","tipo":"residential"},"geometry":{"type":"LineString","coordinates":[[-74.10959,4.56904],[-74.10963,4.56908],[-74.10985,4.56908],[-74.11029,4.56906],[-74.11072,4.56903]]}},{"type":"Feature","properties":{"id":"1180752747","nom":"Diagonal 32B Sur","tipo":"residential"},"geometry":{"type":"LineString","coordinates":[[-74.11072,4.56903],[-74.11075,4.56872]]}},{"type":"Feature","properties":{"id":"1180752748","nom":"Carrera 12D","tipo":"residential"},"geometry":{"type":"LineString","coordinates":[[-74.11069,4.56966],[-74.11114,4.56969],[-74.11159,4.56973]]}},{"type":"Feature","properties":{"id":"1180752749","nom":"Transversal 13A Bis B","tipo":"tertiary"},"geometry":{"type":"LineString","coordinates":[[-74.11203,4.57451],[-74.11214,4.57448],[-74.1123,4.57441],[-74.11247,4.57428],[-74.11261,4.57418]]}},{"type":"Feature","properties":{"id":"1180752750","nom":"Avenida Carrera 14","tipo":"primary"},"geometry":{"type":"LineString","coordinates":[[-74.11834,4.57603],[-74.11788,4.57609],[-74.11753,4.57615],[-74.11737,4.57617],[-74.11722,4.57619]]}},{"type":"Feature","properties":{"id":"1180775111","nom":"Calle 49G Sur","tipo":"tertiary"},"geometry":{"type":"LineString","coordinates":[[-74.11798,4.55372],[-74.11816,4.55411]]}},{"type":"Feature","properties":{"id":"1180775112","nom":"Calle 53 Sur","tipo":"residential"},"geometry":{"type":"LineString","coordinates":[[-74.12791,4.56501],[-74.12788,4.56496],[-74.12747,4.56411]]}},{"type":"Feature","properties":{"id":"1180775113","nom":"Carrera 13C","tipo":"tertiary"},"geometry":{"type":"LineString","coordinates":[[-74.12818,4.56359],[-74.12747,4.56411]]}},{"type":"Feature","properties":{"id":"1180990656","nom":"Carrera 4C","tipo":"secondary"},"geometry":{"type":"LineString","coordinates":[[-74.09985,4.56328],[-74.09998,4.56302],[-74.1001,4.5628],[-74.10011,4.56278],[-74.10015,4.5627]]}},{"type":"Feature","properties":{"id":"1180990657","nom":"Calle 35 Sur","tipo":"residential"},"geometry":{"type":"LineString","coordinates":[[-74.10148,4.56458],[-74.10098,4.56383],[-74.10064,4.56333]]}},{"type":"Feature","properties":{"id":"1180990658","nom":"Carrera 5A","tipo":"residential"},"geometry":{"type":"LineString","coordinates":[[-74.10003,4.56387],[-74.10064,4.56333]]}},{"type":"Feature","properties":{"id":"1180992297","nom":"Avenida Carrera 14","tipo":"primary"},"geometry":{"type":"LineString","coordinates":[[-74.12557,4.56923],[-74.12559,4.56918],[-74.12573,4.5689],[-74.12576,4.56883]]}},{"type":"Feature","properties":{"id":"1180995259","nom":"Calle 48Q Sur","tipo":"secondary"},"geometry":{"type":"LineString","coordinates":[[-74.10841,4.55071],[-74.10837,4.5507],[-74.1082,4.55063],[-74.10807,4.55059],[-74.10792,4.55053]]}},{"type":"Feature","properties":{"id":"1180996103","nom":"Calle 36D Sur","tipo":"residential"},"geometry":{"type":"LineString","coordinates":[[-74.09362,4.5582],[-74.09396,4.55826],[-74.09407,4.55828],[-74.09442,4.55835],[-74.09525,4.55851]]}},{"type":"Feature","properties":{"id":"1180996104","nom":"Carrera 1","tipo":"tertiary"},"geometry":{"type":"LineString","coordinates":[[-74.09525,4.55851],[-74.09517,4.55895]]}},{"type":"Feature","properties":{"id":"1180996105","nom":"Carrera 1","tipo":"tertiary"},"geometry":{"type":"LineString","coordinates":[[-74.09548,4.55717],[-74.0954,4.55761],[-74.09533,4.55806],[-74.09525,4.55851]]}},{"type":"Feature","properties":{"id":"1180996106","nom":"Carrera 3B","tipo":"secondary"},"geometry":{"type":"LineString","coordinates":[[-74.09883,4.56052],[-74.09888,4.56043],[-74.09892,4.56034],[-74.09897,4.56021],[-74.099,4.56007],[-74.09902,4.56],[-74.09902,4.55993],[-74.09903,4.55981],[-74.09902,4.55971],[-74.09901,4.55963],[-74.09899,4.55954],[-74.09897,4.55947],[-74.09893,4.55938],[-74.09887,4.55924],[-74.09885,4.5592],[-74.09881,4.55905],[-74.09879,4.55896]]}},{"type":"Feature","properties":{"id":"1182585147","nom":"Avenida Carrera 24","tipo":"secondary"},"geometry":{"type":"LineString","coordinates":[[-74.12986,4.57709],[-74.12978,4.57715],[-74.12971,4.57721],[-74.12969,4.57723],[-74.12961,4.57731],[-74.12949,4.57744],[-74.12934,4.57761],[-74.12922,4.57774]]}},{"type":"Feature","properties":{"id":"1182585705","nom":"Carrera 12D","tipo":"tertiary"},"geometry":{"type":"LineString","coordinates":[[-74.09976,4.57934],[-74.09967,4.57947]]}},{"type":"Feature","properties":{"id":"1182585962","nom":"Carrera 11","tipo":"residential"},"geometry":{"type":"LineString","coordinates":[[-74.09587,4.57801],[-74.09645,4.57734],[-74.09649,4.57731]]}},{"type":"Feature","properties":{"id":"1182595140","nom":"Calle 46 Sur","tipo":"tertiary"},"geometry":{"type":"LineString","coordinates":[[-74.12616,4.57405],[-74.12611,4.57387]]}},{"type":"Feature","properties":{"id":"1182595141","nom":"Calle 47B Sur","tipo":"tertiary"},"geometry":{"type":"LineString","coordinates":[[-74.1278,4.57258],[-74.12779,4.57261],[-74.12779,4.57263],[-74.1278,4.5727],[-74.12782,4.57275],[-74.12785,4.57288],[-74.12806,4.57362],[-74.12821,4.57416],[-74.12827,4.57437]]}},{"type":"Feature","properties":{"id":"1189740467","nom":"Carrera 19","tipo":"tertiary"},"geometry":{"type":"LineString","coordinates":[[-74.09618,4.591],[-74.09647,4.59059],[-74.09678,4.59016],[-74.09698,4.58987],[-74.09727,4.58943],[-74.09757,4.58906],[-74.09759,4.58902]]}},{"type":"Feature","properties":{"id":"1189847640","nom":"Avenida Calle 51 Sur","tipo":"primary"},"geometry":{"type":"LineString","coordinates":[[-74.12282,4.5584],[-74.12275,4.55832],[-74.1227,4.55825],[-74.1226,4.55814],[-74.12252,4.55803],[-74.12248,4.55797],[-74.12244,4.5579],[-74.12238,4.55779],[-74.12234,4.55769],[-74.12231,4.55765]]}},{"type":"Feature","properties":{"id":"1189852112","nom":"Carrera 9","tipo":"tertiary"},"geometry":{"type":"LineString","coordinates":[[-74.12219,4.55776],[-74.12214,4.5578]]}},{"type":"Feature","properties":{"id":"1189853941","nom":"Calle 54 Sur","tipo":"tertiary"},"geometry":{"type":"LineString","coordinates":[[-74.12726,4.56166],[-74.12697,4.56105]]}},{"type":"Feature","properties":{"id":"1189853942","nom":"Carrera 12D","tipo":"residential"},"geometry":{"type":"LineString","coordinates":[[-74.12726,4.56166],[-74.12812,4.56124]]}},{"type":"Feature","properties":{"id":"1189853943","nom":"Carrera 12D","tipo":"residential"},"geometry":{"type":"LineString","coordinates":[[-74.12812,4.56124],[-74.12931,4.56067],[-74.12989,4.56036]]}},{"type":"Feature","properties":{"id":"1189853944","nom":"Calle 55A Sur","tipo":"residential"},"geometry":{"type":"LineString","coordinates":[[-74.12812,4.56124],[-74.12784,4.56062]]}},{"type":"Feature","properties":{"id":"1193170403","nom":"Calle 18 Sur","tipo":"residential"},"geometry":{"type":"LineString","coordinates":[[-74.10234,4.58588],[-74.1019,4.58542],[-74.10186,4.58537],[-74.10183,4.58534],[-74.10145,4.58494]]}},{"type":"Feature","properties":{"id":"1195019560","nom":"Calle 52 Sur","tipo":"tertiary"},"geometry":{"type":"LineString","coordinates":[[-74.12677,4.56462],[-74.12703,4.56516],[-74.12723,4.56557],[-74.12727,4.56565]]}},{"type":"Feature","properties":{"id":"1195019561","nom":"Carrera 13C","tipo":"tertiary"},"geometry":{"type":"LineString","coordinates":[[-74.12747,4.56411],[-74.12677,4.56462]]}},{"type":"Feature","properties":{"id":"1195020633","nom":"Calle 28C Sur","tipo":"tertiary"},"geometry":{"type":"LineString","coordinates":[[-74.10407,4.57411],[-74.10395,4.57403]]}},{"type":"Feature","properties":{"id":"1195023609","nom":"Calle 53 Sur","tipo":"tertiary"},"geometry":{"type":"LineString","coordinates":[[-74.12824,4.5653],[-74.12853,4.56562]]}},{"type":"Feature","properties":{"id":"1195023708","nom":"Calle 19B Sur","tipo":"residential"},"geometry":{"type":"LineString","coordinates":[[-74.10422,4.58521],[-74.10418,4.58516],[-74.10416,4.58513]]}},{"type":"Feature","properties":{"id":"1197112160","nom":"Calle 37A Bis Sur","tipo":"secondary"},"geometry":{"type":"LineString","coordinates":[[-74.09833,4.55784],[-74.09843,4.55805]]}},{"type":"Feature","properties":{"id":"1197229731","nom":"Carrera 24B","tipo":"residential"},"geometry":{"type":"LineString","coordinates":[[-74.12423,4.58062],[-74.12513,4.58036],[-74.12517,4.58035]]}},{"type":"Feature","properties":{"id":"1197229732","nom":"Calle 42 Sur","tipo":"residential"},"geometry":{"type":"LineString","coordinates":[[-74.12385,4.57988],[-74.12387,4.57991],[-74.12423,4.58062]]}},{"type":"Feature","properties":{"id":"1197455858","nom":"Carrera 9","tipo":"tertiary"},"geometry":{"type":"LineString","coordinates":[[-74.12227,4.55769],[-74.12219,4.55776]]}},{"type":"Feature","properties":{"id":"1197456767","nom":"Carrera 12D","tipo":"tertiary"},"geometry":{"type":"LineString","coordinates":[[-74.09945,4.58005],[-74.09981,4.57965],[-74.09986,4.5796]]}},{"type":"Feature","properties":{"id":"1197456768","nom":"Calle 20 Sur","tipo":"residential"},"geometry":{"type":"LineString","coordinates":[[-74.09928,4.57993],[-74.09922,4.57989],[-74.0988,4.5796],[-74.09859,4.57946],[-74.09835,4.57929],[-74.09814,4.57913],[-74.09792,4.57896],[-74.09775,4.57882],[-74.09767,4.57876],[-74.0975,4.57862],[-74.09707,4.57828]]}},{"type":"Feature","properties":{"id":"1197456769","nom":"Calle 20 Sur","tipo":"residential"},"geometry":{"type":"LineString","coordinates":[[-74.09945,4.58005],[-74.09934,4.57997],[-74.09928,4.57993]]}},{"type":"Feature","properties":{"id":"1197456770","nom":"Carrera 9","tipo":"residential"},"geometry":{"type":"LineString","coordinates":[[-74.10083,4.56739],[-74.10148,4.56682]]}},{"type":"Feature","properties":{"id":"1197456771","nom":"Calle 32 Sur","tipo":"residential"},"geometry":{"type":"LineString","coordinates":[[-74.10083,4.56739],[-74.10128,4.5679],[-74.10133,4.56796],[-74.1014,4.56804]]}},{"type":"Feature","properties":{"id":"1197456772","nom":"Avenida Carrera 10","tipo":"secondary"},"geometry":{"type":"LineString","coordinates":[[-74.10224,4.56714],[-74.10198,4.5674],[-74.1014,4.56804]]}},{"type":"Feature","properties":{"id":"1197457222","nom":"Avenida Carrera 27","tipo":"secondary"},"geometry":{"type":"LineString","coordinates":[[-74.11879,4.58897],[-74.11821,4.58881]]}},{"type":"Feature","properties":{"id":"1197462424","nom":"Calle 32A Sur","tipo":"tertiary"},"geometry":{"type":"LineString","coordinates":[[-74.10926,4.57231],[-74.10935,4.57245],[-74.10982,4.57311],[-74.10983,4.57316]]}},{"type":"Feature","properties":{"id":"1197470466","nom":"Calle 49B Sur","tipo":"residential"},"geometry":{"type":"LineString","coordinates":[[-74.11895,4.55966],[-74.11901,4.55987],[-74.11904,4.55995],[-74.11912,4.56024],[-74.11919,4.56045],[-74.11919,4.56047],[-74.11922,4.56058],[-74.11923,4.56062],[-74.11922,4.56067]]}},{"type":"Feature","properties":{"id":"1197472667","nom":"Calle 49G Sur","tipo":"tertiary"},"geometry":{"type":"LineString","coordinates":[[-74.11816,4.55411],[-74.11829,4.55441]]}},{"type":"Feature","properties":{"id":"1197472668","nom":"Calle 50A Sur","tipo":"secondary"},"geometry":{"type":"LineString","coordinates":[[-74.11947,4.55351],[-74.11933,4.55322],[-74.11928,4.55311]]}},{"type":"Feature","properties":{"id":"1199595953","nom":"Carrera 19","tipo":"residential"},"geometry":{"type":"LineString","coordinates":[[-74.10007,4.58704],[-74.10039,4.58675],[-74.10048,4.58667]]}},{"type":"Feature","properties":{"id":"1199595954","nom":"Calle 15 Sur","tipo":"residential"},"geometry":{"type":"LineString","coordinates":[[-74.10106,4.58807],[-74.10103,4.58805],[-74.10089,4.5879],[-74.10082,4.58784],[-74.10055,4.58755],[-74.10031,4.58729],[-74.10007,4.58704]]}},{"type":"Feature","properties":{"id":"1199595955","nom":"Calle 15 Sur","tipo":"residential"},"geometry":{"type":"LineString","coordinates":[[-74.10204,4.58907],[-74.10155,4.58857],[-74.10126,4.58827],[-74.10109,4.58811],[-74.10106,4.58807]]}},{"type":"Feature","properties":{"id":"1199595956","nom":"Avenida Carrera 24","tipo":"secondary"},"geometry":{"type":"LineString","coordinates":[[-74.10106,4.58807],[-74.10122,4.58792],[-74.10142,4.58773],[-74.10145,4.5877]]}},{"type":"Feature","properties":{"id":"1199597172","nom":"Calle 28 Sur","tipo":"tertiary"},"geometry":{"type":"LineString","coordinates":[[-74.1085,4.57982],[-74.10834,4.57953],[-74.1082,4.57929],[-74.10805,4.57883],[-74.10803,4.57878]]}},{"type":"Feature","properties":{"id":"1199632305","nom":"Calle 48 Sur","tipo":"residential"},"geometry":{"type":"LineString","coordinates":[[-74.099,4.54475],[-74.09928,4.54505]]}},{"type":"Feature","properties":{"id":"1199632306","nom":"Carrera 1F Este","tipo":"residential"},"geometry":{"type":"LineString","coordinates":[[-74.09928,4.54505],[-74.09854,4.54574]]}},{"type":"Feature","properties":{"id":"1199632307","nom":"Calle 47 Sur","tipo":"residential"},"geometry":{"type":"LineString","coordinates":[[-74.09923,4.54622],[-74.0989,4.54599],[-74.09854,4.54574]]}},{"type":"Feature","properties":{"id":"1199632308","nom":"Carrera 3 Este","tipo":"residential"},"geometry":{"type":"LineString","coordinates":[[-74.09766,4.54512],[-74.09801,4.54485]]}},{"type":"Feature","properties":{"id":"1199632309","nom":"Carrera 3B","tipo":"secondary"},"geometry":{"type":"LineString","coordinates":[[-74.09781,4.56186],[-74.0979,4.56175],[-74.09809,4.56148],[-74.09825,4.56127],[-74.09834,4.56116],[-74.09842,4.56106],[-74.09854,4.56091],[-74.09861,4.56083]]}},{"type":"Feature","properties":{"id":"1199632310","nom":"Calle 32 Sur","tipo":"tertiary"},"geometry":{"type":"LineString","coordinates":[[-74.09866,4.56504],[-74.09863,4.56501],[-74.09845,4.56481],[-74.09826,4.56462],[-74.09805,4.56441],[-74.09779,4.56412],[-74.09768,4.56397],[-74.09754,4.56372]]}},{"type":"Feature","properties":{"id":"1199632467","nom":"Calle 15 Sur","tipo":"residential"},"geometry":{"type":"LineString","coordinates":[[-74.09968,4.58662],[-74.09956,4.5865]]}},{"type":"Feature","properties":{"id":"1199632468","nom":"Calle 15 Sur","tipo":"residential"},"geometry":{"type":"LineString","coordinates":[[-74.10007,4.58704],[-74.09979,4.58674],[-74.09973,4.58668],[-74.09968,4.58662]]}},{"type":"Feature","properties":{"id":"1202338590","nom":"Carrera 5A","tipo":"secondary"},"geometry":{"type":"LineString","coordinates":[[-74.09812,4.56553],[-74.09819,4.56547],[-74.09824,4.56542],[-74.0983,4.56536]]}},{"type":"Feature","properties":{"id":"1202338591","nom":"Carrera 5A","tipo":"secondary"},"geometry":{"type":"LineString","coordinates":[[-74.0983,4.56536],[-74.09866,4.56504]]}},{"type":"Feature","properties":{"id":"1202341424","nom":"Calle 48 Sur","tipo":"residential"},"geometry":{"type":"LineString","coordinates":[[-74.10032,4.54617],[-74.10084,4.54691]]}},{"type":"Feature","properties":{"id":"1202341425","nom":"Carrera 1","tipo":"residential"},"geometry":{"type":"LineString","coordinates":[[-74.10091,4.54686],[-74.10084,4.54691]]}},{"type":"Feature","properties":{"id":"1202341426","nom":"Carrera 1","tipo":"residential"},"geometry":{"type":"LineString","coordinates":[[-74.10084,4.54691],[-74.10054,4.54711],[-74.10023,4.54732]]}},{"type":"Feature","properties":{"id":"1202341427","nom":"Calle 48 Sur","tipo":"residential"},"geometry":{"type":"LineString","coordinates":[[-74.10091,4.54686],[-74.10037,4.54609]]}},{"type":"Feature","properties":{"id":"1202341428","nom":"Carrera 1A","tipo":"secondary"},"geometry":{"type":"LineString","coordinates":[[-74.10164,4.54804],[-74.1017,4.54798]]}},{"type":"Feature","properties":{"id":"1213094446","nom":"Calle 10B Sur","tipo":"secondary"},"geometry":{"type":"LineString","coordinates":[[-74.09983,4.58926],[-74.09953,4.58925]]}},{"type":"Feature","properties":{"id":"1217192965","nom":"Calle 49D Bis A Sur","tipo":"residential"},"geometry":{"type":"LineString","coordinates":[[-74.12208,4.56552],[-74.12212,4.56546],[-74.12216,4.56535],[-74.12216,4.56526],[-74.12214,4.56517],[-74.12211,4.56508],[-74.12207,4.565],[-74.12206,4.56497],[-74.12202,4.56491]]}},{"type":"Feature","properties":{"id":"1220389456","nom":"Calle 40 Sur","tipo":"tertiary"},"geometry":{"type":"LineString","coordinates":[[-74.09572,4.55188],[-74.09491,4.55166]]}},{"type":"Feature","properties":{"id":"1233434712","nom":"Calle 53 Sur","tipo":"residential"},"geometry":{"type":"LineString","coordinates":[[-74.12537,4.55976],[-74.12505,4.55931],[-74.12498,4.55921],[-74.12469,4.55879]]}},{"type":"Feature","properties":{"id":"1233440007","nom":"Carrera 10A","tipo":"residential"},"geometry":{"type":"LineString","coordinates":[[-74.12498,4.55754],[-74.1248,4.55765]]}},{"type":"Feature","properties":{"id":"1235079373","nom":"Transversal 13N","tipo":"residential"},"geometry":{"type":"LineString","coordinates":[[-74.12357,4.57273],[-74.12346,4.57301]]}},{"type":"Feature","properties":{"id":"1300274750","nom":"Carrera 17","tipo":"residential"},"geometry":{"type":"LineString","coordinates":[[-74.10739,4.58009],[-74.10745,4.58006],[-74.10827,4.57959],[-74.10829,4.57958],[-74.10832,4.57955],[-74.10834,4.57953]]}},{"type":"Feature","properties":{"id":"1300274754","nom":"Carrera 18C","tipo":"residential"},"geometry":{"type":"LineString","coordinates":[[-74.10594,4.58055],[-74.10652,4.58023],[-74.1072,4.57985],[-74.10725,4.57982],[-74.10731,4.57979],[-74.10818,4.5793],[-74.1082,4.57929]]}},{"type":"Feature","properties":{"id":"1300274755","nom":"Calle 28 Sur","tipo":"tertiary"},"geometry":{"type":"LineString","coordinates":[[-74.1092,4.58108],[-74.10916,4.58101],[-74.10902,4.58075],[-74.10887,4.58048],[-74.10869,4.58016],[-74.10862,4.58004],[-74.1085,4.57982]]}},{"type":"Feature","properties":{"id":"1300280998","nom":"Calle 28 Sur","tipo":"residential"},"geometry":{"type":"LineString","coordinates":[[-74.11165,4.58619],[-74.1116,4.58556]]}},{"type":"Feature","properties":{"id":"1300280999","nom":"Carrera 27","tipo":"tertiary"},"geometry":{"type":"LineString","coordinates":[[-74.11039,4.58762],[-74.10975,4.58836],[-74.10942,4.58875],[-74.1092,4.58901]]}},{"type":"Feature","properties":{"id":"1300281000","nom":"Carrera 26A","tipo":"tertiary"},"geometry":{"type":"LineString","coordinates":[[-74.11386,4.58585],[-74.11345,4.58603]]}},{"type":"Feature","properties":{"id":"1300281006","nom":"Calle 19 Sur","tipo":"secondary"},"geometry":{"type":"LineString","coordinates":[[-74.10052,4.58247],[-74.1005,4.58242],[-74.10047,4.58233],[-74.10044,4.58227]]}},{"type":"Feature","properties":{"id":"1300283773","nom":"Calle 28 Sur","tipo":"tertiary"},"geometry":{"type":"LineString","coordinates":[[-74.1116,4.58556],[-74.11158,4.58534]]}},{"type":"Feature","properties":{"id":"1300283774","nom":"Calle 28 Sur","tipo":"residential"},"geometry":{"type":"LineString","coordinates":[[-74.11165,4.58619],[-74.11173,4.58701]]}},{"type":"Feature","properties":{"id":"1300283775","nom":"Carrera 26B","tipo":"residential"},"geometry":{"type":"LineString","coordinates":[[-74.11093,4.58701],[-74.11169,4.58701],[-74.11173,4.58701]]}},{"type":"Feature","properties":{"id":"1300283776","nom":"Carrera 26B","tipo":"tertiary"},"geometry":{"type":"LineString","coordinates":[[-74.11835,4.58516],[-74.117,4.58532],[-74.11654,4.58546]]}},{"type":"Feature","properties":{"id":"1300283777","nom":"Calle 35 Sur","tipo":"tertiary"},"geometry":{"type":"LineString","coordinates":[[-74.11869,4.58843],[-74.11859,4.58753],[-74.11857,4.58731],[-74.11855,4.58714],[-74.1185,4.58654],[-74.11846,4.58626]]}},{"type":"Feature","properties":{"id":"1300288872","nom":"Calle 36 Sur","tipo":"residential"},"geometry":{"type":"LineString","coordinates":[[-74.1174,4.57539],[-74.11745,4.57541],[-74.11748,4.57543],[-74.11751,4.57546]]}},{"type":"Feature","properties":{"id":"1300291290","nom":"Calle 49 Bis A Sur","tipo":"residential"},"geometry":{"type":"LineString","coordinates":[[-74.11945,4.56209],[-74.11922,4.56188],[-74.11915,4.56181],[-74.11916,4.56163],[-74.11917,4.56158]]}},{"type":"Feature","properties":{"id":"1304958665","nom":"Diagonal 48J Sur","tipo":"tertiary"},"geometry":{"type":"LineString","coordinates":[[-74.10786,4.55679],[-74.10791,4.55686]]}},{"type":"Feature","properties":{"id":"1305450783","nom":"Avenida Carrera 14","tipo":"primary"},"geometry":{"type":"LineString","coordinates":[[-74.09796,4.584],[-74.09841,4.58372],[-74.09864,4.58357],[-74.09867,4.58355],[-74.09875,4.5835]]}},{"type":"Feature","properties":{"id":"1305450784","nom":"Avenida Carrera 14","tipo":"tertiary"},"geometry":{"type":"LineString","coordinates":[[-74.09532,4.58532],[-74.0957,4.58512]]}},{"type":"Feature","properties":{"id":"1305450785","nom":"Avenida Carrera 14","tipo":"tertiary"},"geometry":{"type":"LineString","coordinates":[[-74.0957,4.58512],[-74.09588,4.58503]]}},{"type":"Feature","properties":{"id":"1331762916","nom":"Calle 30 Sur","tipo":"secondary"},"geometry":{"type":"LineString","coordinates":[[-74.10989,4.57822],[-74.10987,4.57818],[-74.10982,4.57809],[-74.10979,4.57803]]}},{"type":"Feature","properties":{"id":"1360092545","nom":"Calle 31 Sur","tipo":"tertiary"},"geometry":{"type":"LineString","coordinates":[[-74.10082,4.56869],[-74.10078,4.56863],[-74.10073,4.56856],[-74.10061,4.56843],[-74.10029,4.56808],[-74.10024,4.56801],[-74.1002,4.56795]]}},{"type":"Feature","properties":{"id":"1373731666","nom":"Carrera 10A","tipo":"residential"},"geometry":{"type":"LineString","coordinates":[[-74.09631,4.57517],[-74.09662,4.57484],[-74.097,4.57443],[-74.09763,4.57373]]}},{"type":"Feature","properties":{"id":"1377463120","nom":"","tipo":"residential"},"geometry":{"type":"LineString","coordinates":[[-74.11227,4.56261],[-74.11235,4.56267],[-74.11238,4.56269],[-74.11242,4.56273]]}},{"type":"Feature","properties":{"id":"1377463121","nom":"","tipo":"residential"},"geometry":{"type":"LineString","coordinates":[[-74.11242,4.56273],[-74.11242,4.56268],[-74.11242,4.56264],[-74.11247,4.56252]]}},{"type":"Feature","properties":{"id":"1377463122","nom":"","tipo":"residential"},"geometry":{"type":"LineString","coordinates":[[-74.11316,4.56366],[-74.11242,4.56273]]}},{"type":"Feature","properties":{"id":"1389777857","nom":"Transversal 5L Bis","tipo":"residential"},"geometry":{"type":"LineString","coordinates":[[-74.11185,4.55828],[-74.11185,4.55823],[-74.11183,4.55756],[-74.11183,4.5575],[-74.11183,4.55748],[-74.11184,4.55745]]}},{"type":"Feature","properties":{"id":"1391287862","nom":"Carrera 22","tipo":"residential"},"geometry":{"type":"LineString","coordinates":[[-74.10922,4.58273],[-74.10896,4.58289],[-74.1089,4.58293]]}},{"type":"Feature","properties":{"id":"1391287864","nom":"Carrera 22","tipo":"residential"},"geometry":{"type":"LineString","coordinates":[[-74.10939,4.58263],[-74.10922,4.58273]]}},{"type":"Feature","properties":{"id":"1391287865","nom":"Calle 27A Sur","tipo":"residential"},"geometry":{"type":"LineString","coordinates":[[-74.10939,4.58263],[-74.10911,4.58213]]}},{"type":"Feature","properties":{"id":"1392323840","nom":"Calle 31F Bis Sur","tipo":"residential"},"geometry":{"type":"LineString","coordinates":[[-74.09488,4.56129],[-74.0953,4.56136],[-74.09542,4.56138],[-74.09553,4.56141],[-74.0956,4.56143]]}},{"type":"Feature","properties":{"id":"1392323841","nom":"Calle 31F Bis Sur","tipo":"residential"},"geometry":{"type":"LineString","coordinates":[[-74.09596,4.56177],[-74.09588,4.56167],[-74.09581,4.56159],[-74.09574,4.56152],[-74.09566,4.56146],[-74.0956,4.56143]]}},{"type":"Feature","properties":{"id":"1392648621","nom":"Carrera 5R","tipo":"tertiary"},"geometry":{"type":"LineString","coordinates":[[-74.11836,4.55354],[-74.11798,4.55372]]}},{"type":"Feature","properties":{"id":"1411213282","nom":"Carrera 18","tipo":"tertiary"},"geometry":{"type":"LineString","coordinates":[[-74.1085,4.57982],[-74.10847,4.57983],[-74.10759,4.58034],[-74.10753,4.58037]]}},{"type":"Feature","properties":{"id":"1411213283","nom":"Calle 28 Sur","tipo":"secondary"},"geometry":{"type":"LineString","coordinates":[[-74.1109,4.58423],[-74.11083,4.58411],[-74.1108,4.58405],[-74.1107,4.58388],[-74.11057,4.58363],[-74.11042,4.58335]]}},{"type":"Feature","properties":{"id":"1416650536","nom":"Calle 26B Sur","tipo":"residential"},"geometry":{"type":"LineString","coordinates":[[-74.11005,4.58554],[-74.1096,4.58499]]}},{"type":"Feature","properties":{"id":"1444275499","nom":"Carrera 5F","tipo":"residential"},"geometry":{"type":"LineString","coordinates":[[-74.1136,4.54926],[-74.11392,4.54901]]}},{"type":"Feature","properties":{"id":"1447399336","nom":"","tipo":"residential"},"geometry":{"type":"LineString","coordinates":[[-74.11945,4.56643],[-74.1194,4.56628],[-74.11931,4.56618]]}},{"type":"Feature","properties":{"id":"1451401383","nom":"Calle 44C Sur","tipo":"secondary"},"geometry":{"type":"LineString","coordinates":[[-74.12373,4.57449],[-74.12371,4.57447]]}},{"type":"Feature","properties":{"id":"1453873885","nom":"Diagonal 43 Sur","tipo":"residential"},"geometry":{"type":"LineString","coordinates":[[-74.12622,4.57733],[-74.1258,4.57706],[-74.12559,4.57692],[-74.12511,4.5766]]}},{"type":"Feature","properties":{"id":"1465183083","nom":"Transversal 13H","tipo":"residential"},"geometry":{"type":"LineString","coordinates":[[-74.12252,4.56685],[-74.12254,4.56659],[-74.12257,4.56631]]}},{"type":"Feature","properties":{"id":"1465183084","nom":"Calle 49D Bis Sur","tipo":"residential"},"geometry":{"type":"LineString","coordinates":[[-74.12214,4.56517],[-74.12186,4.56529]]}},{"type":"Feature","properties":{"id":"1465183087","nom":"Transversal 13H","tipo":"residential"},"geometry":{"type":"LineString","coordinates":[[-74.12247,4.56825],[-74.12237,4.56801],[-74.12236,4.56794],[-74.12238,4.56778],[-74.12242,4.56758],[-74.12247,4.56732],[-74.1225,4.56705],[-74.12251,4.56695],[-74.12252,4.56685]]}},{"type":"Feature","properties":{"id":"1471836780","nom":"Carrera 13K","tipo":"residential"},"geometry":{"type":"LineString","coordinates":[[-74.11545,4.57563],[-74.11493,4.57567],[-74.11478,4.57569]]}},{"type":"Feature","properties":{"id":"1474341263","nom":"Carrera 13C","tipo":"residential"},"geometry":{"type":"LineString","coordinates":[[-74.11826,4.57169],[-74.11853,4.57132]]}},{"type":"Feature","properties":{"id":"1489645944","nom":"Calle 26 Sur","tipo":"residential"},"geometry":{"type":"LineString","coordinates":[[-74.11045,4.58882],[-74.11048,4.58881],[-74.11051,4.5888],[-74.11053,4.58879],[-74.11056,4.58877],[-74.11058,4.58876],[-74.11059,4.58873],[-74.11061,4.58871],[-74.11062,4.58869]]}},{"type":"Feature","properties":{"id":"1497552517","nom":"Calle 31 Sur","tipo":"residential"},"geometry":{"type":"LineString","coordinates":[[-74.11122,4.57885],[-74.11137,4.57918]]}},{"type":"Feature","properties":{"id":"1497552518","nom":"Calle 31 Sur","tipo":"residential"},"geometry":{"type":"LineString","coordinates":[[-74.11106,4.57852],[-74.11122,4.57885]]}},{"type":"Feature","properties":{"id":"1502819988","nom":"","tipo":"residential"},"geometry":{"type":"LineString","coordinates":[[-74.11663,4.57218],[-74.1163,4.5719]]}},{"type":"Feature","properties":{"id":"1525301997","nom":"Avenida Carrera 27","tipo":"secondary"},"geometry":{"type":"LineString","coordinates":[[-74.11303,4.58875],[-74.11314,4.58875],[-74.1133,4.58873],[-74.11388,4.58867],[-74.11432,4.58863],[-74.11434,4.58863],[-74.11444,4.58862]]}},{"type":"Feature","properties":{"id":"1538909972","nom":"Calle 27 Sur","tipo":"secondary"},"geometry":{"type":"LineString","coordinates":[[-74.09796,4.57207],[-74.09789,4.57202]]}},{"type":"Feature","properties":{"id":"1538909973","nom":"Calle 27 Sur","tipo":"secondary"},"geometry":{"type":"LineString","coordinates":[[-74.0981,4.57217],[-74.09805,4.57213]]}},{"type":"Feature","properties":{"id":"1539879844","nom":"Calle 27 Sur","tipo":"secondary"},"geometry":{"type":"LineString","coordinates":[[-74.10694,4.57923],[-74.10692,4.57917],[-74.1069,4.57913],[-74.10689,4.57908],[-74.10686,4.57901]]}},{"type":"Feature","properties":{"id":"1547595978","nom":"Carrera 27","tipo":"residential"},"geometry":{"type":"LineString","coordinates":[[-74.1322,4.58163],[-74.13175,4.58173],[-74.13156,4.58178],[-74.1313,4.58185],[-74.13087,4.58197],[-74.13041,4.58208],[-74.12996,4.58218]]}},{"type":"Feature","properties":{"id":"1548477103","nom":"Avenida Carrera 27","tipo":"secondary"},"geometry":{"type":"LineString","coordinates":[[-74.11045,4.58882],[-74.11048,4.58882],[-74.11059,4.58883]]}},{"type":"Feature","properties":{"id":"1548477104","nom":"Avenida Calle 22 Sur","tipo":"primary"},"geometry":{"type":"LineString","coordinates":[[-74.10528,4.58449],[-74.10523,4.58442],[-74.10505,4.58419]]}},{"type":"Feature","properties":{"id":"1548477105","nom":"Carrera 21","tipo":"residential"},"geometry":{"type":"LineString","coordinates":[[-74.10842,4.58208],[-74.10848,4.58204],[-74.10864,4.58194],[-74.10936,4.5815],[-74.10941,4.58148]]}},{"type":"Feature","properties":{"id":"1548731661","nom":"Calle 26 Sur","tipo":"residential"},"geometry":{"type":"LineString","coordinates":[[-74.11006,4.5871],[-74.10971,4.58656],[-74.1094,4.58607]]}},{"type":"Feature","properties":{"id":"1548731662","nom":"Carrera 26","tipo":"tertiary"},"geometry":{"type":"LineString","coordinates":[[-74.10857,4.58861],[-74.1086,4.58858],[-74.10936,4.58781],[-74.11006,4.5871]]}},{"type":"Feature","properties":{"id":"1549000374","nom":"Diagonal 40 Sur","tipo":"secondary"},"geometry":{"type":"LineString","coordinates":[[-74.1251,4.59027],[-74.12493,4.59014],[-74.12492,4.59013],[-74.12486,4.59009],[-74.12471,4.58996],[-74.12465,4.58992],[-74.12457,4.58987],[-74.12443,4.58979],[-74.12439,4.58976],[-74.12424,4.58967],[-74.12418,4.58963],[-74.12394,4.58947],[-74.12393,4.58946],[-74.12378,4.58936],[-74.12363,4.58925]]}},{"type":"Feature","properties":{"id":"1549000376","nom":"Avenida Carrera 24","tipo":"secondary"},"geometry":{"type":"LineString","coordinates":[[-74.09895,4.58953],[-74.09895,4.58957],[-74.09907,4.59017],[-74.09907,4.59022],[-74.09906,4.59028],[-74.09905,4.59032]]}},{"type":"Feature","properties":{"id":"1549244966","nom":"Avenida Calle 51 Sur","tipo":"primary"},"geometry":{"type":"LineString","coordinates":[[-74.12098,4.54935],[-74.12099,4.54959],[-74.12102,4.54997],[-74.12102,4.55017],[-74.12103,4.5502],[-74.12103,4.55032]]}},{"type":"Feature","properties":{"id":"1549244967","nom":"Avenida Calle 51 Sur","tipo":"primary"},"geometry":{"type":"LineString","coordinates":[[-74.12147,4.55482],[-74.12145,4.55454],[-74.1214,4.55328],[-74.12138,4.55299],[-74.12138,4.55293],[-74.12137,4.55275],[-74.12137,4.55261],[-74.12137,4.55244],[-74.12138,4.55231],[-74.12137,4.55218],[-74.12137,4.55205],[-74.12136,4.5519],[-74.12134,4.55173],[-74.12131,4.55152],[-74.12129,4.55128],[-74.12128,4.55105],[-74.12125,4.5505],[-74.12125,4.55037],[-74.12124,4.55031]]}},{"type":"Feature","properties":{"id":"1549250970","nom":"Avenida Carrera 24","tipo":"secondary"},"geometry":{"type":"LineString","coordinates":[[-74.10213,4.58705],[-74.10282,4.5864]]}},{"type":"Feature","properties":{"id":"1549250971","nom":"Calle 18 Sur","tipo":"residential"},"geometry":{"type":"LineString","coordinates":[[-74.10282,4.5864],[-74.1028,4.58638],[-74.10256,4.58612],[-74.10234,4.58588]]}},{"type":"Feature","properties":{"id":"1549749468","nom":"Avenida Calle 22 Sur","tipo":"primary"},"geometry":{"type":"LineString","coordinates":[[-74.09513,4.57635],[-74.09533,4.5765],[-74.09546,4.57661],[-74.09557,4.57668]]}},{"type":"Feature","properties":{"id":"1549749469","nom":"Avenida Calle 22 Sur","tipo":"primary"},"geometry":{"type":"LineString","coordinates":[[-74.096,4.57697],[-74.09626,4.57715],[-74.09636,4.57722],[-74.0964,4.57725]]}},{"type":"Feature","properties":{"id":"1549750936","nom":"Avenida Carrera 14","tipo":"primary"},"geometry":{"type":"LineString","coordinates":[[-74.11072,4.57776],[-74.11063,4.57779],[-74.11054,4.57782],[-74.11051,4.57783],[-74.11043,4.57785],[-74.1099,4.578],[-74.10986,4.57801],[-74.10979,4.57803]]}},{"type":"Feature","properties":{"id":"1552943264","nom":"Carrera 11","tipo":"residential"},"geometry":{"type":"LineString","coordinates":[[-74.10044,4.5732],[-74.10044,4.57326],[-74.10043,4.57331],[-74.10013,4.5737],[-74.10012,4.57372]]}},{"type":"Feature","properties":{"id":"1552943265","nom":"Carrera 11","tipo":"residential"},"geometry":{"type":"LineString","coordinates":[[-74.10012,4.57372],[-74.10007,4.57378]]}},{"type":"Feature","properties":{"id":"1552990491","nom":"Diagonal 21A Sur","tipo":"secondary"},"geometry":{"type":"LineString","coordinates":[[-74.10416,4.58513],[-74.10414,4.58458],[-74.10414,4.58452]]}},{"type":"Feature","properties":{"id":"1552990492","nom":"Transversal 21A","tipo":"secondary"},"geometry":{"type":"LineString","coordinates":[[-74.10414,4.58452],[-74.1041,4.58452],[-74.10379,4.58453],[-74.10341,4.58455]]}},{"type":"Feature","properties":{"id":"1554618984","nom":"Carrera 3 Este","tipo":"residential"},"geometry":{"type":"LineString","coordinates":[[-74.09491,4.55166],[-74.09503,4.55122],[-74.09515,4.55076]]}},{"type":"Feature","properties":{"id":"1554618985","nom":"Calle 41 Sur","tipo":"residential"},"geometry":{"type":"LineString","coordinates":[[-74.09596,4.55099],[-74.09538,4.55082],[-74.09515,4.55076]]}},{"type":"Feature","properties":{"id":"1554670310","nom":"Carrera 12D","tipo":"tertiary"},"geometry":{"type":"LineString","coordinates":[[-74.10287,4.57585],[-74.10291,4.5758],[-74.10347,4.57506]]}},{"type":"Feature","properties":{"id":"1554670311","nom":"Avenida Carrera 10","tipo":"secondary"},"geometry":{"type":"LineString","coordinates":[[-74.0981,4.57217],[-74.09821,4.57205],[-74.09839,4.57185],[-74.09854,4.57169]]}},{"type":"Feature","properties":{"id":"1554670312","nom":"Carrera 26B","tipo":"tertiary"},"geometry":{"type":"LineString","coordinates":[[-74.1147,4.58665],[-74.11464,4.58668],[-74.1146,4.58669],[-74.11454,4.5867],[-74.11427,4.58673]]}},{"type":"Feature","properties":{"id":"1557920921","nom":"Calle 30A Sur","tipo":"tertiary"},"geometry":{"type":"LineString","coordinates":[[-74.09544,4.56686],[-74.09564,4.56701],[-74.09579,4.56713]]}},{"type":"Feature","properties":{"id":"1557933261","nom":"Avenida Carrera 14","tipo":"primary"},"geometry":{"type":"LineString","coordinates":[[-74.11737,4.5764],[-74.11746,4.57639]]}},{"type":"Feature","properties":{"id":"1557945326","nom":"Diagonal 38A Sur","tipo":"tertiary"},"geometry":{"type":"LineString","coordinates":[[-74.12266,4.58805],[-74.12264,4.58796],[-74.12263,4.58786],[-74.12263,4.58776],[-74.12264,4.5876],[-74.12266,4.58747],[-74.12269,4.58734]]}},{"type":"Feature","properties":{"id":"1557945327","nom":"Avenida Carrera 33","tipo":"secondary"},"geometry":{"type":"LineString","coordinates":[[-74.12319,4.58883],[-74.12312,4.58883],[-74.1231,4.58883],[-74.12275,4.58881],[-74.12265,4.5888],[-74.12256,4.58877],[-74.1225,4.58874],[-74.12245,4.58871],[-74.1224,4.58868],[-74.12236,4.58865],[-74.12232,4.58861]]}},{"type":"Feature","properties":{"id":"1557945328","nom":"Carrera 26","tipo":"residential"},"geometry":{"type":"LineString","coordinates":[[-74.12651,4.58193],[-74.12648,4.58193],[-74.12598,4.58208],[-74.12566,4.58217],[-74.12503,4.58235],[-74.12472,4.58244],[-74.12447,4.58251],[-74.12439,4.58253]]}},{"type":"Feature","properties":{"id":"1557945329","nom":"Diagonal 40 Sur","tipo":"residential"},"geometry":{"type":"LineString","coordinates":[[-74.122,4.58323],[-74.12169,4.58308],[-74.12137,4.58293],[-74.12114,4.58283],[-74.12103,4.58278],[-74.12099,4.58275],[-74.12096,4.5827],[-74.12092,4.5826]]}},{"type":"Feature","properties":{"id":"1557945330","nom":"Avenida Calle 36 Sur","tipo":"secondary"},"geometry":{"type":"LineString","coordinates":[[-74.1199,4.58309],[-74.11986,4.58305],[-74.11944,4.58265],[-74.11926,4.58249],[-74.11914,4.58238],[-74.11909,4.58233],[-74.11902,4.58223],[-74.11901,4.5822],[-74.11897,4.58213],[-74.11894,4.58205],[-74.11891,4.58196],[-74.11885,4.58175],[-74.11885,4.58172],[-74.11882,4.58162]]}},{"type":"Feature","properties":{"id":"1557945331","nom":"Carrera 25A","tipo":"residential"},"geometry":{"type":"LineString","coordinates":[[-74.1199,4.58309],[-74.1197,4.58319]]}},{"type":"Feature","properties":{"id":"1557969528","nom":"Carrera 5A","tipo":"secondary"},"geometry":{"type":"LineString","coordinates":[[-74.09939,4.5644],[-74.09959,4.56423],[-74.09996,4.56392],[-74.09999,4.5639]]}},{"type":"Feature","properties":{"id":"1557969529","nom":"Calle 33 Sur","tipo":"residential"},"geometry":{"type":"LineString","coordinates":[[-74.10036,4.56552],[-74.0998,4.56488],[-74.09943,4.56445],[-74.09939,4.5644]]}},{"type":"Feature","properties":{"id":"1557969530","nom":"Carrera 7A","tipo":"residential"},"geometry":{"type":"LineString","coordinates":[[-74.10082,4.56512],[-74.10036,4.56552]]}},{"type":"Feature","properties":{"id":"1557969531","nom":"Carrera 7A","tipo":"residential"},"geometry":{"type":"LineString","coordinates":[[-74.10294,4.56313],[-74.10344,4.56261],[-74.10379,4.56227],[-74.10385,4.56222]]}},{"type":"Feature","properties":{"id":"1557969532","nom":"Calle 37 Sur","tipo":"residential"},"geometry":{"type":"LineString","coordinates":[[-74.10294,4.56313],[-74.10263,4.5628],[-74.1025,4.56268],[-74.10238,4.56255],[-74.10233,4.56247],[-74.10228,4.56238]]}},{"type":"Feature","properties":{"id":"1557969533","nom":"Carrera 4C","tipo":"secondary"},"geometry":{"type":"LineString","coordinates":[[-74.10076,4.56149],[-74.10077,4.56147],[-74.10088,4.56127],[-74.10099,4.56106]]}},{"type":"Feature","properties":{"id":"1557969534","nom":"Carrera 3B","tipo":"secondary"},"geometry":{"type":"LineString","coordinates":[[-74.09861,4.56083],[-74.09872,4.56067],[-74.09879,4.56058],[-74.09883,4.56052]]}},{"type":"Feature","properties":{"id":"1558968276","nom":"Carrera 5Z","tipo":"tertiary"},"geometry":{"type":"LineString","coordinates":[[-74.12053,4.55498],[-74.12066,4.55491],[-74.12069,4.5549]]}}]}