{"type":"FeatureCollection","features":[{"type":"Feature","properties":{"id":"23430419","nom":"Calle 74","tipo":"tertiary"},"geometry":{"type":"LineString","coordinates":[[-74.06901,4.66655],[-74.06894,4.66651],[-74.06888,4.66649],[-74.0687,4.66642],[-74.0686,4.66639],[-74.06849,4.66636],[-74.06843,4.66633],[-74.06828,4.66623],[-74.06822,4.66619],[-74.06783,4.66594],[-74.06778,4.66591],[-74.06765,4.66582],[-74.06733,4.66562],[-74.06727,4.66558],[-74.06688,4.66533],[-74.06677,4.66526],[-74.06647,4.66507],[-74.06616,4.66487],[-74.06613,4.66484],[-74.06607,4.66481]]}},{"type":"Feature","properties":{"id":"23502415","nom":"Carrera 23","tipo":"residential"},"geometry":{"type":"LineString","coordinates":[[-74.0629,4.6682],[-74.06293,4.66816],[-74.06324,4.66766],[-74.06371,4.66693],[-74.06421,4.66618],[-74.06422,4.66616],[-74.06424,4.66613],[-74.06428,4.66607],[-74.06449,4.66573],[-74.06451,4.6657],[-74.06453,4.66566],[-74.06474,4.66533],[-74.06478,4.66527],[-74.06481,4.66522],[-74.06504,4.66483],[-74.06506,4.6648],[-74.06508,4.66476],[-74.06531,4.66439],[-74.06533,4.66437],[-74.06534,4.66435],[-74.06536,4.66432],[-74.06538,4.66428],[-74.06579,4.66363],[-74.0661,4.66314],[-74.06638,4.6627],[-74.0664,4.66267],[-74.06642,4.66263]]}},{"type":"Feature","properties":{"id":"23579232","nom":"Avenida Calle 63","tipo":"secondary"},"geometry":{"type":"LineString","coordinates":[[-74.0797,4.65229],[-74.07728,4.65185]]}},{"type":"Feature","properties":{"id":"23592322","nom":"Avenida Calle 63","tipo":"secondary"},"geometry":{"type":"LineString","coordinates":[[-74.08853,4.65895],[-74.08843,4.65892],[-74.08837,4.6589],[-74.08837,4.6589],[-74.0883,4.65885],[-74.08824,4.65879],[-74.08819,4.65874],[-74.08787,4.65827],[-74.08722,4.65733],[-74.08672,4.65657],[-74.08626,4.65593],[-74.08588,4.65538],[-74.08575,4.65519],[-74.0857,4.65512],[-74.08562,4.65501],[-74.08533,4.65463],[-74.08519,4.65449],[-74.08508,4.65437],[-74.08483,4.65414],[-74.08445,4.65382],[-74.08439,4.65377],[-74.08436,4.65372],[-74.08422,4.65352]]}},{"type":"Feature","properties":{"id":"23592326","nom":"Carrera 20","tipo":"tertiary"},"geometry":{"type":"LineString","coordinates":[[-74.0698,4.64796],[-74.06972,4.64833],[-74.06965,4.64867],[-74.06964,4.64873]]}},{"type":"Feature","properties":{"id":"24020162","nom":"Avenida Calle 45","tipo":"secondary"},"geometry":{"type":"LineString","coordinates":[[-74.07885,4.63453],[-74.07895,4.63456],[-74.07904,4.63457],[-74.07908,4.63458],[-74.07916,4.63459],[-74.07924,4.63459],[-74.07935,4.63457],[-74.07946,4.63453],[-74.07957,4.63446],[-74.07965,4.6344],[-74.07971,4.63433],[-74.07975,4.63428],[-74.07979,4.63421],[-74.07982,4.63413],[-74.07984,4.63404],[-74.07986,4.63394],[-74.07987,4.63382],[-74.07987,4.63364]]}},{"type":"Feature","properties":{"id":"24020163","nom":"Carrera 33","tipo":"secondary"},"geometry":{"type":"LineString","coordinates":[[-74.08009,4.632],[-74.08004,4.63204],[-74.07994,4.63211],[-74.07986,4.6322],[-74.07977,4.63229],[-74.07969,4.63236],[-74.07963,4.6324],[-74.07956,4.63243],[-74.07951,4.63244],[-74.07945,4.63244],[-74.07939,4.63242],[-74.07934,4.6324],[-74.0793,4.63238],[-74.07923,4.63233],[-74.07918,4.63228]]}},{"type":"Feature","properties":{"id":"24020164","nom":"Avenida Carrera 28","tipo":"secondary"},"geometry":{"type":"LineString","coordinates":[[-74.07957,4.6341],[-74.07958,4.63402],[-74.07959,4.63389],[-74.07968,4.6335],[-74.0797,4.63336],[-74.0797,4.63332],[-74.07969,4.63328],[-74.07967,4.63322],[-74.07949,4.63288],[-74.0793,4.63255],[-74.07927,4.63249],[-74.07923,4.63242],[-74.07918,4.63228]]}},{"type":"Feature","properties":{"id":"24021989","nom":"Avenida Carrera 50","tipo":"secondary"},"geometry":{"type":"LineString","coordinates":[[-74.09382,4.64039],[-74.09445,4.63998],[-74.09539,4.63938]]}},{"type":"Feature","properties":{"id":"24021995","nom":"Avenida Carrera 30","tipo":"trunk"},"geometry":{"type":"LineString","coordinates":[[-74.07584,4.66492],[-74.07597,4.66473],[-74.07601,4.66468],[-74.07609,4.66462]]}},{"type":"Feature","properties":{"id":"24084412","nom":"","tipo":"primary_link"},"geometry":{"type":"LineString","coordinates":[[-74.09433,4.64012],[-74.09436,4.64026],[-74.09437,4.64032],[-74.09437,4.64038],[-74.09437,4.64045],[-74.09436,4.64049],[-74.09434,4.64053],[-74.09432,4.64056],[-74.09429,4.6406],[-74.09425,4.64063],[-74.09396,4.64081],[-74.09389,4.64084],[-74.09383,4.64083],[-74.09379,4.64082],[-74.09374,4.64079],[-74.0937,4.64074],[-74.09368,4.64068],[-74.09367,4.64062],[-74.09367,4.64058],[-74.09369,4.64053],[-74.09371,4.6405],[-74.09377,4.64042]]}},{"type":"Feature","properties":{"id":"24084414","nom":"","tipo":"primary_link"},"geometry":{"type":"LineString","coordinates":[[-74.0932,4.64075],[-74.0934,4.6407],[-74.09344,4.64069],[-74.0935,4.6407],[-74.09355,4.64071],[-74.09359,4.64074],[-74.09372,4.64087],[-74.09376,4.64089],[-74.0938,4.6409],[-74.09383,4.64091],[-74.09388,4.64091],[-74.09392,4.64091],[-74.09396,4.64089],[-74.09399,4.64087],[-74.09436,4.64065],[-74.0944,4.64063],[-74.09444,4.64062],[-74.0945,4.64062],[-74.09454,4.64063],[-74.09458,4.64064],[-74.09463,4.64067],[-74.09468,4.64073],[-74.09484,4.64092]]}},{"type":"Feature","properties":{"id":"24084416","nom":"","tipo":"primary_link"},"geometry":{"type":"LineString","coordinates":[[-74.09372,4.64027],[-74.09358,4.64029],[-74.0935,4.64028],[-74.09346,4.64027],[-74.09341,4.64024],[-74.09338,4.64021],[-74.09335,4.64017],[-74.09333,4.64013],[-74.09332,4.64008],[-74.09332,4.64002],[-74.09334,4.63998],[-74.09336,4.63994],[-74.09343,4.63988],[-74.09355,4.63981],[-74.09373,4.63972],[-74.09377,4.6397],[-74.09381,4.6397],[-74.09386,4.6397],[-74.09391,4.6397],[-74.09396,4.63971],[-74.09402,4.63973],[-74.09411,4.63978]]}},{"type":"Feature","properties":{"id":"24084417","nom":"","tipo":"primary_link"},"geometry":{"type":"LineString","coordinates":[[-74.0961,4.64016],[-74.09614,4.64007],[-74.09617,4.63997],[-74.0962,4.63987],[-74.0962,4.63982],[-74.0962,4.63976],[-74.0962,4.63971],[-74.09607,4.63923],[-74.09605,4.63911],[-74.09605,4.63906],[-74.09606,4.639],[-74.09607,4.63895],[-74.09611,4.63889],[-74.09616,4.63883]]}},{"type":"Feature","properties":{"id":"24084419","nom":"","tipo":"primary_link"},"geometry":{"type":"LineString","coordinates":[[-74.09548,4.63931],[-74.09556,4.63929],[-74.09562,4.63927],[-74.09569,4.63927],[-74.09578,4.63927],[-74.09582,4.63928],[-74.09587,4.6393],[-74.09597,4.63936],[-74.09604,4.63945],[-74.09609,4.63955],[-74.09611,4.63965],[-74.09612,4.63975],[-74.09611,4.63981],[-74.09611,4.63985],[-74.09607,4.63996],[-74.09602,4.64006],[-74.09596,4.64014],[-74.09588,4.6402],[-74.09579,4.64025],[-74.09568,4.64028],[-74.0956,4.64028],[-74.09555,4.64028],[-74.0955,4.64026],[-74.09544,4.64024],[-74.09539,4.64022],[-74.09533,4.64018],[-74.09525,4.64011],[-74.09513,4.64001]]}},{"type":"Feature","properties":{"id":"24084421","nom":"","tipo":"primary_link"},"geometry":{"type":"LineString","coordinates":[[-74.09602,4.63877],[-74.0959,4.63881],[-74.09583,4.63882],[-74.09578,4.63882],[-74.0957,4.63881],[-74.09564,4.63878],[-74.09515,4.63848],[-74.09507,4.63845],[-74.09501,4.63843],[-74.09493,4.63842],[-74.09483,4.63841],[-74.09439,4.63836],[-74.09428,4.63835],[-74.09418,4.63832],[-74.09411,4.6383],[-74.0941,4.63829],[-74.09397,4.63823]]}},{"type":"Feature","properties":{"id":"24084423","nom":"","tipo":"primary_link"},"geometry":{"type":"LineString","coordinates":[[-74.0946,4.63921],[-74.09456,4.63906],[-74.09455,4.63899],[-74.09454,4.63892],[-74.09455,4.63884],[-74.09457,4.63875],[-74.09461,4.63869],[-74.09465,4.63864],[-74.09469,4.6386],[-74.09476,4.63856],[-74.09485,4.63852],[-74.09493,4.63851],[-74.09501,4.63851],[-74.09509,4.63853],[-74.09516,4.63856],[-74.09526,4.63863],[-74.09535,4.63869],[-74.09544,4.63877],[-74.09547,4.63883],[-74.0955,4.63889],[-74.0955,4.63896],[-74.09548,4.63904],[-74.09545,4.63911],[-74.0954,4.63919]]}},{"type":"Feature","properties":{"id":"24157126","nom":"","tipo":"trunk_link"},"geometry":{"type":"LineString","coordinates":[[-74.0835,4.62492],[-74.08367,4.6247],[-74.08373,4.62465],[-74.08378,4.6246],[-74.08382,4.62459],[-74.08389,4.62457],[-74.08507,4.62466],[-74.08514,4.62468],[-74.08518,4.62471],[-74.08521,4.62475],[-74.08523,4.6248],[-74.08523,4.62485],[-74.08522,4.6249],[-74.08519,4.62496],[-74.08515,4.62502]]}},{"type":"Feature","properties":{"id":"24157130","nom":"","tipo":"trunk_link"},"geometry":{"type":"LineString","coordinates":[[-74.082,4.62562],[-74.08181,4.62583],[-74.08156,4.62614],[-74.08152,4.62618],[-74.08146,4.62622],[-74.08142,4.62624],[-74.08138,4.62625],[-74.08132,4.62626],[-74.08116,4.62626],[-74.08112,4.62626],[-74.08097,4.62624],[-74.08088,4.62622],[-74.0808,4.62621],[-74.08073,4.62618],[-74.08067,4.62615],[-74.08066,4.62615],[-74.08057,4.62609],[-74.08045,4.62599]]}},{"type":"Feature","properties":{"id":"24157162","nom":"Avenida Carrera 30","tipo":"trunk"},"geometry":{"type":"LineString","coordinates":[[-74.08115,4.62682],[-74.08098,4.62707],[-74.08089,4.62722],[-74.08078,4.62743],[-74.08034,4.62824]]}},{"type":"Feature","properties":{"id":"24157164","nom":"Avenida Carrera 30","tipo":"trunk"},"geometry":{"type":"LineString","coordinates":[[-74.08034,4.62824],[-74.08033,4.62826],[-74.08026,4.62842],[-74.08007,4.62897]]}},{"type":"Feature","properties":{"id":"24157165","nom":"Avenida Carrera 30","tipo":"trunk"},"geometry":{"type":"LineString","coordinates":[[-74.08052,4.62832],[-74.08069,4.62799],[-74.08097,4.62747]]}},{"type":"Feature","properties":{"id":"24157166","nom":"","tipo":"trunk_link"},"geometry":{"type":"LineString","coordinates":[[-74.08132,4.627],[-74.08136,4.62697],[-74.08139,4.62696],[-74.08143,4.62694],[-74.08146,4.62693],[-74.08149,4.62692],[-74.08152,4.62691],[-74.08156,4.62691],[-74.08159,4.62692],[-74.08162,4.62692],[-74.08165,4.62693],[-74.08167,4.62695],[-74.08169,4.62696],[-74.08172,4.62698],[-74.08173,4.627],[-74.08175,4.62702],[-74.08177,4.62704],[-74.08178,4.62707],[-74.08179,4.6271],[-74.0818,4.62713],[-74.08181,4.62715],[-74.08181,4.62718],[-74.08181,4.62721],[-74.08181,4.62724],[-74.0818,4.62726],[-74.08179,4.62729],[-74.08178,4.62732],[-74.08176,4.62735],[-74.08175,4.62737],[-74.08173,4.62739],[-74.0817,4.62741],[-74.08168,4.62743],[-74.08165,4.62744],[-74.08163,4.62745],[-74.0816,4.62745],[-74.08158,4.62745],[-74.08156,4.62744],[-74.08154,4.62744],[-74.0815,4.62743],[-74.08147,4.62742],[-74.08145,4.62741],[-74.08143,4.6274],[-74.08141,4.62738],[-74.08138,4.62736],[-74.08135,4.62734],[-74.08128,4.62728]]}},{"type":"Feature","properties":{"id":"24157167","nom":"","tipo":"trunk_link"},"geometry":{"type":"LineString","coordinates":[[-74.08181,4.62738],[-74.08182,4.62736],[-74.08184,4.62733],[-74.08185,4.6273],[-74.08186,4.62728],[-74.08186,4.62724],[-74.08187,4.62721],[-74.08187,4.62719],[-74.08187,4.62717],[-74.08187,4.62714],[-74.08187,4.62711],[-74.08186,4.62709],[-74.08186,4.62707],[-74.08185,4.62705],[-74.08184,4.62703],[-74.08183,4.62701],[-74.08177,4.62689],[-74.08175,4.62686],[-74.08174,4.62684],[-74.08174,4.62682],[-74.08173,4.62679],[-74.08173,4.62676],[-74.08173,4.62674],[-74.08173,4.62671],[-74.08174,4.62669],[-74.08174,4.62667],[-74.08175,4.62666],[-74.08176,4.62664],[-74.08177,4.62662],[-74.08194,4.62642],[-74.08219,4.62612],[-74.08229,4.62599]]}},{"type":"Feature","properties":{"id":"24157168","nom":"","tipo":"trunk_link"},"geometry":{"type":"LineString","coordinates":[[-74.08013,4.62988],[-74.08023,4.62962],[-74.08028,4.62946],[-74.08037,4.62917],[-74.08052,4.6288],[-74.08069,4.6284],[-74.0808,4.62818],[-74.08106,4.62771],[-74.0811,4.62767],[-74.08114,4.62766],[-74.08119,4.62764],[-74.08127,4.62765]]}},{"type":"Feature","properties":{"id":"24177067","nom":"Avenida Calle 68","tipo":"secondary"},"geometry":{"type":"LineString","coordinates":[[-74.07681,4.66441],[-74.07745,4.66526],[-74.0776,4.66549],[-74.07764,4.66554],[-74.07767,4.66559],[-74.07809,4.66619],[-74.07839,4.66662],[-74.07842,4.66666]]}},{"type":"Feature","properties":{"id":"24177072","nom":"Avenida Calle 68","tipo":"secondary"},"geometry":{"type":"LineString","coordinates":[[-74.07521,4.66302],[-74.07609,4.66367],[-74.07628,4.66381],[-74.07643,4.66396],[-74.07656,4.66411],[-74.07663,4.66418],[-74.07681,4.66441]]}},{"type":"Feature","properties":{"id":"24177074","nom":"Avenida Calle 68","tipo":"secondary"},"geometry":{"type":"LineString","coordinates":[[-74.07687,4.66436],[-74.0766,4.66402],[-74.07645,4.66386],[-74.07633,4.66374],[-74.07612,4.66358],[-74.07525,4.66296]]}},{"type":"Feature","properties":{"id":"24177891","nom":"Avenida Calle 63","tipo":"secondary"},"geometry":{"type":"LineString","coordinates":[[-74.07727,4.65192],[-74.07969,4.65234]]}},{"type":"Feature","properties":{"id":"24177892","nom":"Avenida Calle 63","tipo":"secondary"},"geometry":{"type":"LineString","coordinates":[[-74.08081,4.65261],[-74.08133,4.65272],[-74.08173,4.65281],[-74.08189,4.65285],[-74.08209,4.65292],[-74.08221,4.65297],[-74.08234,4.65302],[-74.08239,4.65304],[-74.08268,4.65316],[-74.08276,4.6532],[-74.08283,4.65324],[-74.08288,4.65329],[-74.08295,4.65336],[-74.08312,4.65355],[-74.08316,4.65359]]}},{"type":"Feature","properties":{"id":"24237108","nom":"Calle 44","tipo":"tertiary"},"geometry":{"type":"LineString","coordinates":[[-74.08884,4.64008],[-74.08898,4.64032],[-74.08975,4.64152],[-74.09023,4.64228],[-74.09026,4.64232],[-74.09032,4.64241]]}},{"type":"Feature","properties":{"id":"24237126","nom":"Carrera 67A","tipo":"residential"},"geometry":{"type":"LineString","coordinates":[[-74.09992,4.6559],[-74.10052,4.65505]]}},{"type":"Feature","properties":{"id":"24249641","nom":"Transversal 59A","tipo":"residential"},"geometry":{"type":"LineString","coordinates":[[-74.09175,4.65276],[-74.09136,4.65296]]}},{"type":"Feature","properties":{"id":"24249642","nom":"Carrera 57","tipo":"residential"},"geometry":{"type":"LineString","coordinates":[[-74.09116,4.64818],[-74.09083,4.64863],[-74.09054,4.64906],[-74.09024,4.64949],[-74.09021,4.64954]]}},{"type":"Feature","properties":{"id":"24249643","nom":"Carrera 59","tipo":"residential"},"geometry":{"type":"LineString","coordinates":[[-74.09059,4.65265],[-74.0908,4.65241],[-74.09105,4.65213],[-74.09116,4.65204],[-74.0914,4.65198],[-74.09155,4.6518],[-74.09172,4.65161]]}},{"type":"Feature","properties":{"id":"24249645","nom":"Carrera 56A","tipo":"residential"},"geometry":{"type":"LineString","coordinates":[[-74.08562,4.65501],[-74.08566,4.65496],[-74.08624,4.65414],[-74.08641,4.65389],[-74.0865,4.65377],[-74.08654,4.6537]]}},{"type":"Feature","properties":{"id":"24249647","nom":"Carrera 54","tipo":"residential"},"geometry":{"type":"LineString","coordinates":[[-74.08449,4.65349],[-74.08466,4.65324],[-74.08472,4.65315],[-74.08492,4.65285],[-74.08552,4.65194]]}},{"type":"Feature","properties":{"id":"24249649","nom":"Carrera 53","tipo":"residential"},"geometry":{"type":"LineString","coordinates":[[-74.08752,4.64812],[-74.08758,4.64822],[-74.08771,4.64842],[-74.08775,4.64851],[-74.08775,4.64858],[-74.08772,4.64864],[-74.08762,4.64878]]}},{"type":"Feature","properties":{"id":"24249655","nom":"","tipo":"secondary_link"},"geometry":{"type":"LineString","coordinates":[[-74.08534,4.64662],[-74.08552,4.64687],[-74.08564,4.64701],[-74.08575,4.64716],[-74.08581,4.64725],[-74.08584,4.64731],[-74.08585,4.64734],[-74.08586,4.6474],[-74.08586,4.64746],[-74.08586,4.64763]]}},{"type":"Feature","properties":{"id":"24249657","nom":"","tipo":"secondary_link"},"geometry":{"type":"LineString","coordinates":[[-74.08595,4.64778],[-74.08602,4.64771],[-74.08605,4.64767],[-74.08606,4.64766],[-74.0861,4.64763],[-74.0862,4.64758],[-74.08626,4.64756],[-74.08633,4.64754],[-74.08639,4.64754],[-74.08651,4.64754],[-74.08659,4.64755],[-74.08661,4.64756],[-74.08665,4.64757],[-74.08676,4.64759]]}},{"type":"Feature","properties":{"id":"24249658","nom":"","tipo":"secondary_link"},"geometry":{"type":"LineString","coordinates":[[-74.08682,4.64717],[-74.0867,4.64699],[-74.08666,4.64693],[-74.08662,4.64686],[-74.08659,4.6468],[-74.08657,4.64674],[-74.08654,4.64663],[-74.08653,4.64655],[-74.08652,4.64642],[-74.08652,4.64635]]}},{"type":"Feature","properties":{"id":"24249659","nom":"","tipo":"secondary_link"},"geometry":{"type":"LineString","coordinates":[[-74.08649,4.64604],[-74.08637,4.64615],[-74.0863,4.64622],[-74.08629,4.64623],[-74.08624,4.64627],[-74.08615,4.64632],[-74.08606,4.64636],[-74.08595,4.64639],[-74.08588,4.6464],[-74.08582,4.6464],[-74.0858,4.6464],[-74.08574,4.6464],[-74.08564,4.64638]]}},{"type":"Feature","properties":{"id":"24249661","nom":"Carrera 51","tipo":"residential"},"geometry":{"type":"LineString","coordinates":[[-74.09,4.64399],[-74.08955,4.64427],[-74.08917,4.64452],[-74.08909,4.64457]]}},{"type":"Feature","properties":{"id":"24249663","nom":"Carrera 52","tipo":"residential"},"geometry":{"type":"LineString","coordinates":[[-74.09157,4.64366],[-74.09124,4.64386]]}},{"type":"Feature","properties":{"id":"24249669","nom":"Carrera 58","tipo":"residential"},"geometry":{"type":"LineString","coordinates":[[-74.09436,4.64802],[-74.09405,4.64821]]}},{"type":"Feature","properties":{"id":"24249670","nom":"Carrera 59","tipo":"residential"},"geometry":{"type":"LineString","coordinates":[[-74.09411,4.64882],[-74.09387,4.64897]]}},{"type":"Feature","properties":{"id":"24249674","nom":"Calle 46","tipo":"residential"},"geometry":{"type":"LineString","coordinates":[[-74.09345,4.65111],[-74.0932,4.65093],[-74.0924,4.65039]]}},{"type":"Feature","properties":{"id":"24249675","nom":"Calle 46","tipo":"residential"},"geometry":{"type":"LineString","coordinates":[[-74.09196,4.65006],[-74.09099,4.64938],[-74.09054,4.64906],[-74.08959,4.6484]]}},{"type":"Feature","properties":{"id":"24249676","nom":"Calle 46","tipo":"residential"},"geometry":{"type":"LineString","coordinates":[[-74.08913,4.64809],[-74.08819,4.64741],[-74.08773,4.64709],[-74.08682,4.64645]]}},{"type":"Feature","properties":{"id":"24249681","nom":"Calle 44A","tipo":"residential"},"geometry":{"type":"LineString","coordinates":[[-74.09024,4.64334],[-74.0905,4.64375],[-74.09076,4.64417]]}},{"type":"Feature","properties":{"id":"24249682","nom":"Calle 44A","tipo":"residential"},"geometry":{"type":"LineString","coordinates":[[-74.09107,4.64462],[-74.09169,4.64562],[-74.09198,4.64607]]}},{"type":"Feature","properties":{"id":"24249683","nom":"Calle 44A","tipo":"residential"},"geometry":{"type":"LineString","coordinates":[[-74.09292,4.64754],[-74.09356,4.64853]]}},{"type":"Feature","properties":{"id":"24249684","nom":"Calle 44A","tipo":"residential"},"geometry":{"type":"LineString","coordinates":[[-74.09387,4.64897],[-74.09451,4.65001]]}},{"type":"Feature","properties":{"id":"24249685","nom":"Calle 44C Bis","tipo":"residential"},"geometry":{"type":"LineString","coordinates":[[-74.08938,4.64505],[-74.08909,4.64457],[-74.08893,4.64432],[-74.08858,4.6438],[-74.08854,4.64374]]}},{"type":"Feature","properties":{"id":"24249692","nom":"Carrera 55","tipo":"residential"},"geometry":{"type":"LineString","coordinates":[[-74.09198,4.64607],[-74.09154,4.64636],[-74.09106,4.64665]]}},{"type":"Feature","properties":{"id":"24249696","nom":"Calle 45A","tipo":"residential"},"geometry":{"type":"LineString","coordinates":[[-74.09083,4.64863],[-74.08989,4.64796],[-74.08945,4.64764]]}},{"type":"Feature","properties":{"id":"24249699","nom":"Calle 45A","tipo":"residential"},"geometry":{"type":"LineString","coordinates":[[-74.08802,4.64666],[-74.08758,4.64634],[-74.0869,4.64587],[-74.08689,4.64584]]}},{"type":"Feature","properties":{"id":"24249702","nom":"Carrera 57A","tipo":"residential"},"geometry":{"type":"LineString","coordinates":[[-74.09099,4.64938],[-74.09131,4.64894],[-74.09162,4.64851]]}},{"type":"Feature","properties":{"id":"24249705","nom":"Carrera 53","tipo":"residential"},"geometry":{"type":"LineString","coordinates":[[-74.08819,4.64741],[-74.08849,4.64697],[-74.08879,4.64652]]}},{"type":"Feature","properties":{"id":"24249733","nom":"Carrera 59","tipo":"tertiary"},"geometry":{"type":"LineString","coordinates":[[-74.09817,4.64609],[-74.09811,4.64613],[-74.09765,4.64641],[-74.09737,4.64659],[-74.09707,4.64678],[-74.09639,4.64723]]}},{"type":"Feature","properties":{"id":"24249736","nom":"Carrera 57","tipo":"residential"},"geometry":{"type":"LineString","coordinates":[[-74.09723,4.64464],[-74.09718,4.64468],[-74.09715,4.6447],[-74.09614,4.64534],[-74.09585,4.64552]]}},{"type":"Feature","properties":{"id":"24249738","nom":"Carrera 54","tipo":"residential"},"geometry":{"type":"LineString","coordinates":[[-74.09622,4.64305],[-74.09616,4.64309],[-74.09559,4.64345],[-74.09465,4.64403],[-74.09392,4.64448],[-74.0935,4.64475]]}},{"type":"Feature","properties":{"id":"24249740","nom":"Carrera 52","tipo":"residential"},"geometry":{"type":"LineString","coordinates":[[-74.09224,4.6434],[-74.09272,4.64311],[-74.09272,4.64309],[-74.09271,4.64307]]}},{"type":"Feature","properties":{"id":"24251935","nom":"Avenida Carrera 40","tipo":"secondary"},"geometry":{"type":"LineString","coordinates":[[-74.09593,4.62642],[-74.09591,4.62633],[-74.09587,4.62624],[-74.09579,4.62612],[-74.09574,4.62606],[-74.09569,4.62601],[-74.09567,4.626],[-74.09564,4.62597],[-74.09554,4.62591],[-74.09543,4.62585]]}},{"type":"Feature","properties":{"id":"24265702","nom":"Diagonal 61C","tipo":"secondary"},"geometry":{"type":"LineString","coordinates":[[-74.07657,4.65032],[-74.07634,4.65009],[-74.07629,4.65004],[-74.07623,4.64997],[-74.07604,4.64974],[-74.07592,4.6496],[-74.07588,4.64955],[-74.07563,4.64926]]}},{"type":"Feature","properties":{"id":"24265703","nom":"","tipo":"trunk_link"},"geometry":{"type":"LineString","coordinates":[[-74.07818,4.65026],[-74.07806,4.65061],[-74.07806,4.65062],[-74.07805,4.65063],[-74.07805,4.65064],[-74.07805,4.65066],[-74.07804,4.65066],[-74.07804,4.65068],[-74.07803,4.65069],[-74.07802,4.6507],[-74.07801,4.65071],[-74.078,4.65072],[-74.078,4.65073],[-74.07799,4.65074],[-74.07799,4.65075],[-74.07798,4.65076],[-74.07797,4.65077],[-74.07795,4.65078],[-74.07794,4.65079],[-74.07792,4.6508],[-74.07791,4.65081],[-74.07789,4.65082],[-74.07788,4.65083],[-74.07787,4.65084],[-74.07786,4.65084],[-74.07784,4.65084],[-74.07783,4.65085],[-74.07781,4.65085],[-74.0778,4.65086],[-74.07778,4.65086],[-74.07774,4.65086],[-74.07767,4.65086],[-74.07763,4.65087],[-74.07753,4.65087],[-74.07749,4.65087],[-74.07745,4.65086],[-74.0774,4.65086],[-74.07734,4.65085],[-74.0773,4.65084],[-74.07727,4.65084],[-74.07725,4.65083],[-74.07723,4.65082],[-74.0772,4.65081],[-74.07718,4.6508],[-74.07715,4.65079],[-74.07713,4.65078],[-74.0771,4.65076],[-74.07708,4.65075],[-74.07706,4.65074],[-74.07704,4.65073],[-74.07702,4.65071],[-74.07699,4.65069],[-74.07698,4.65068],[-74.07696,4.65066],[-74.07695,4.65065],[-74.07657,4.65032]]}},{"type":"Feature","properties":{"id":"24265705","nom":"Calle 62","tipo":"residential"},"geometry":{"type":"LineString","coordinates":[[-74.08077,4.65174],[-74.08074,4.65174],[-74.0798,4.65155]]}},{"type":"Feature","properties":{"id":"24265707","nom":"Calle 61","tipo":"residential"},"geometry":{"type":"LineString","coordinates":[[-74.07987,4.65094],[-74.08082,4.65105],[-74.08084,4.65105]]}},{"type":"Feature","properties":{"id":"24265709","nom":"Calle 60","tipo":"residential"},"geometry":{"type":"LineString","coordinates":[[-74.0809,4.65051],[-74.08088,4.6505],[-74.07993,4.65041]]}},{"type":"Feature","properties":{"id":"24265710","nom":"Calle 60","tipo":"residential"},"geometry":{"type":"LineString","coordinates":[[-74.07933,4.65044],[-74.07949,4.65045],[-74.07951,4.6503],[-74.07934,4.65029],[-74.07909,4.65027],[-74.07878,4.65025],[-74.07871,4.65025]]}},{"type":"Feature","properties":{"id":"24265711","nom":"Calle 58","tipo":"residential"},"geometry":{"type":"LineString","coordinates":[[-74.08457,4.6492],[-74.08456,4.64919],[-74.08454,4.64918],[-74.08452,4.64917],[-74.084,4.64897],[-74.08381,4.64887]]}},{"type":"Feature","properties":{"id":"24265712","nom":"Calle 58","tipo":"residential"},"geometry":{"type":"LineString","coordinates":[[-74.0811,4.64875],[-74.08106,4.64874],[-74.08014,4.64861]]}},{"type":"Feature","properties":{"id":"24265713","nom":"Calle 58","tipo":"residential"},"geometry":{"type":"LineString","coordinates":[[-74.07963,4.64798],[-74.07922,4.64795],[-74.07896,4.64792],[-74.07888,4.64792]]}},{"type":"Feature","properties":{"id":"24265717","nom":"Calle 57A","tipo":"residential"},"geometry":{"type":"LineString","coordinates":[[-74.07843,4.64726],[-74.07832,4.64726],[-74.07828,4.64725],[-74.07825,4.64725],[-74.07778,4.64722],[-74.07736,4.64719],[-74.07697,4.64716]]}},{"type":"Feature","properties":{"id":"24265720","nom":"Calle 57","tipo":"residential"},"geometry":{"type":"LineString","coordinates":[[-74.07956,4.64664],[-74.07906,4.64659],[-74.07899,4.64659]]}},{"type":"Feature","properties":{"id":"24265722","nom":"Calle 55","tipo":"residential"},"geometry":{"type":"LineString","coordinates":[[-74.08308,4.64558],[-74.08306,4.64556],[-74.08302,4.64556],[-74.08236,4.64551],[-74.08201,4.64548],[-74.08199,4.64548]]}},{"type":"Feature","properties":{"id":"24265723","nom":"Calle 55","tipo":"residential"},"geometry":{"type":"LineString","coordinates":[[-74.0809,4.64542],[-74.08066,4.6454],[-74.08038,4.64538],[-74.07979,4.64534],[-74.07915,4.64529],[-74.07908,4.64529]]}},{"type":"Feature","properties":{"id":"24265731","nom":"Calle 54","tipo":"residential"},"geometry":{"type":"LineString","coordinates":[[-74.08203,4.64492],[-74.082,4.64492],[-74.08197,4.64491],[-74.0814,4.64487],[-74.08137,4.64487]]}},{"type":"Feature","properties":{"id":"24265732","nom":"Calle 54","tipo":"residential"},"geometry":{"type":"LineString","coordinates":[[-74.0807,4.64482],[-74.08064,4.64481],[-74.07988,4.64476],[-74.07983,4.64476]]}},{"type":"Feature","properties":{"id":"24265734","nom":"Calle 53A","tipo":"residential"},"geometry":{"type":"LineString","coordinates":[[-74.08078,4.64369],[-74.08034,4.64366],[-74.07991,4.64364]]}},{"type":"Feature","properties":{"id":"24265741","nom":"Avenida Calle 53","tipo":"secondary"},"geometry":{"type":"LineString","coordinates":[[-74.08047,4.64291],[-74.07769,4.6424]]}},{"type":"Feature","properties":{"id":"24265755","nom":"Carrera 35 Bis","tipo":"residential"},"geometry":{"type":"LineString","coordinates":[[-74.07953,4.64908],[-74.07963,4.64798]]}},{"type":"Feature","properties":{"id":"24265758","nom":"Carrera 35A","tipo":"residential"},"geometry":{"type":"LineString","coordinates":[[-74.08034,4.64593],[-74.08033,4.64598],[-74.0803,4.64637],[-74.08027,4.64667],[-74.08019,4.64751]]}},{"type":"Feature","properties":{"id":"24265759","nom":"Carrera 46","tipo":"residential"},"geometry":{"type":"LineString","coordinates":[[-74.08311,4.65243],[-74.08314,4.65235],[-74.08346,4.65151],[-74.08348,4.65147]]}},{"type":"Feature","properties":{"id":"24265760","nom":"Calle 58A","tipo":"residential"},"geometry":{"type":"LineString","coordinates":[[-74.07879,4.64901],[-74.07887,4.64902],[-74.07915,4.64904],[-74.07953,4.64908]]}},{"type":"Feature","properties":{"id":"24265761","nom":"Carrera 46","tipo":"residential"},"geometry":{"type":"LineString","coordinates":[[-74.0844,4.64673],[-74.08439,4.64678],[-74.08436,4.64695],[-74.08426,4.64762],[-74.08425,4.64765],[-74.08425,4.64767]]}},{"type":"Feature","properties":{"id":"24265762","nom":"Diagonal 57","tipo":"residential"},"geometry":{"type":"LineString","coordinates":[[-74.0844,4.64673],[-74.08442,4.64673],[-74.08447,4.64675],[-74.08451,4.64677],[-74.08512,4.64732],[-74.08518,4.64736],[-74.08522,4.6474],[-74.08524,4.64742]]}},{"type":"Feature","properties":{"id":"24265771","nom":"Calle 58A","tipo":"residential"},"geometry":{"type":"LineString","coordinates":[[-74.08436,4.64974],[-74.08434,4.64974],[-74.08432,4.64973],[-74.0843,4.64972],[-74.08392,4.64956],[-74.08384,4.64956],[-74.08375,4.64958]]}},{"type":"Feature","properties":{"id":"24265774","nom":"Calle 58A","tipo":"residential"},"geometry":{"type":"LineString","coordinates":[[-74.08103,4.64933],[-74.081,4.64933],[-74.08006,4.64924]]}},{"type":"Feature","properties":{"id":"24265775","nom":"Calle 57B","tipo":"residential"},"geometry":{"type":"LineString","coordinates":[[-74.08118,4.64812],[-74.08112,4.64813],[-74.08109,4.64813],[-74.08104,4.64813],[-74.08021,4.64798]]}},{"type":"Feature","properties":{"id":"24265786","nom":"Carrera 45","tipo":"tertiary"},"geometry":{"type":"LineString","coordinates":[[-74.09228,4.63691],[-74.09223,4.63695],[-74.09212,4.63708],[-74.09165,4.63758],[-74.09159,4.63764],[-74.09151,4.63772],[-74.09146,4.63777],[-74.09141,4.63782],[-74.09116,4.6381],[-74.09065,4.63864],[-74.09034,4.63895],[-74.09023,4.63904],[-74.08968,4.63941],[-74.0895,4.63953],[-74.0892,4.6397],[-74.08908,4.63977]]}},{"type":"Feature","properties":{"id":"24265789","nom":"Carrera 45","tipo":"residential"},"geometry":{"type":"LineString","coordinates":[[-74.08428,4.64508],[-74.0842,4.64514],[-74.08416,4.64516],[-74.08412,4.64517],[-74.08407,4.64517]]}},{"type":"Feature","properties":{"id":"24265940","nom":"Calle 45","tipo":"residential"},"geometry":{"type":"LineString","coordinates":[[-74.0853,4.64395],[-74.08587,4.64448],[-74.08619,4.64477],[-74.08628,4.64485],[-74.08676,4.64529],[-74.08683,4.64536]]}},{"type":"Feature","properties":{"id":"24265941","nom":"Calle 44D","tipo":"residential"},"geometry":{"type":"LineString","coordinates":[[-74.08792,4.64403],[-74.08786,4.64397],[-74.08764,4.64377],[-74.08742,4.64358],[-74.08733,4.6435],[-74.08644,4.64273]]}},{"type":"Feature","properties":{"id":"24265942","nom":"Diagonal 44C","tipo":"residential"},"geometry":{"type":"LineString","coordinates":[[-74.08885,4.64336],[-74.08881,4.64328],[-74.08837,4.6424],[-74.08824,4.64216]]}},{"type":"Feature","properties":{"id":"24294366","nom":"Carrera 33","tipo":"secondary"},"geometry":{"type":"LineString","coordinates":[[-74.08677,4.6256],[-74.08677,4.62562],[-74.08678,4.62565],[-74.08678,4.6257],[-74.08677,4.62589],[-74.08664,4.6273],[-74.08663,4.62737],[-74.08662,4.62748],[-74.0866,4.62754],[-74.08659,4.62757]]}},{"type":"Feature","properties":{"id":"24294368","nom":"Carrera 32A","tipo":"residential"},"geometry":{"type":"LineString","coordinates":[[-74.08216,4.62952],[-74.08186,4.6297],[-74.08151,4.62994],[-74.08113,4.63018],[-74.08078,4.6304],[-74.08037,4.63069],[-74.0802,4.63081]]}},{"type":"Feature","properties":{"id":"24294369","nom":"Carrera 32","tipo":"residential"},"geometry":{"type":"LineString","coordinates":[[-74.08201,4.62869],[-74.08195,4.62873],[-74.08079,4.62953],[-74.08075,4.62957],[-74.08039,4.62981]]}},{"type":"Feature","properties":{"id":"24294370","nom":"Carrera 31A","tipo":"residential"},"geometry":{"type":"LineString","coordinates":[[-74.08066,4.62885],[-74.08161,4.62823],[-74.08166,4.62819]]}},{"type":"Feature","properties":{"id":"24294375","nom":"Carrera 34A","tipo":"residential"},"geometry":{"type":"LineString","coordinates":[[-74.08388,4.63117],[-74.08392,4.63114],[-74.08428,4.63091]]}},{"type":"Feature","properties":{"id":"24294376","nom":"Carrera 37A","tipo":"residential"},"geometry":{"type":"LineString","coordinates":[[-74.0809,4.63284],[-74.08102,4.63273],[-74.0812,4.6326],[-74.08137,4.63251],[-74.08153,4.63245]]}},{"type":"Feature","properties":{"id":"24294379","nom":"Calle 27","tipo":"residential"},"geometry":{"type":"LineString","coordinates":[[-74.08186,4.6297],[-74.08234,4.63039],[-74.08235,4.63041]]}},{"type":"Feature","properties":{"id":"24294380","nom":"Calle 28","tipo":"residential"},"geometry":{"type":"LineString","coordinates":[[-74.08075,4.62957],[-74.08113,4.63018]]}},{"type":"Feature","properties":{"id":"24294383","nom":"Calle 29A Bis","tipo":"residential"},"geometry":{"type":"LineString","coordinates":[[-74.08113,4.63139],[-74.08128,4.63162],[-74.08155,4.63204]]}},{"type":"Feature","properties":{"id":"24294384","nom":"Calle 30 Bis","tipo":"residential"},"geometry":{"type":"LineString","coordinates":[[-74.08112,4.63232],[-74.08072,4.6317],[-74.08071,4.63168]]}},{"type":"Feature","properties":{"id":"24294385","nom":"Calle 31","tipo":"residential"},"geometry":{"type":"LineString","coordinates":[[-74.0809,4.63284],[-74.08075,4.63264],[-74.08071,4.6326],[-74.08065,4.63254],[-74.08029,4.63199],[-74.08028,4.63197]]}},{"type":"Feature","properties":{"id":"24294386","nom":"Carrera 32A Bis","tipo":"residential"},"geometry":{"type":"LineString","coordinates":[[-74.0806,4.63105],[-74.08016,4.63133]]}},{"type":"Feature","properties":{"id":"24294387","nom":"Calle 27A","tipo":"residential"},"geometry":{"type":"LineString","coordinates":[[-74.08249,4.63143],[-74.08208,4.63081],[-74.08205,4.63077]]}},{"type":"Feature","properties":{"id":"24294388","nom":"Transversal 37","tipo":"residential"},"geometry":{"type":"LineString","coordinates":[[-74.08218,4.63171],[-74.0822,4.63174],[-74.08222,4.63178],[-74.08221,4.63185]]}},{"type":"Feature","properties":{"id":"24306008","nom":"Avenida Carrera 24","tipo":"secondary"},"geometry":{"type":"LineString","coordinates":[[-74.0725,4.65107],[-74.07252,4.65097]]}},{"type":"Feature","properties":{"id":"24306009","nom":"Calle 54","tipo":"secondary"},"geometry":{"type":"LineString","coordinates":[[-74.07677,4.64483],[-74.07682,4.6448],[-74.07683,4.6448],[-74.07685,4.64479],[-74.07691,4.64476],[-74.07698,4.64473],[-74.07702,4.64471],[-74.07706,4.6447],[-74.07719,4.64468],[-74.07731,4.64467],[-74.07746,4.64468],[-74.07774,4.6447],[-74.07835,4.64476]]}},{"type":"Feature","properties":{"id":"24306011","nom":"Diagonal 61B","tipo":"tertiary"},"geometry":{"type":"LineString","coordinates":[[-74.07312,4.64759],[-74.07308,4.64761],[-74.07282,4.64777],[-74.07264,4.64787],[-74.07249,4.64796],[-74.07221,4.64811],[-74.07189,4.64826],[-74.07184,4.64828]]}},{"type":"Feature","properties":{"id":"24306019","nom":"Transversal 22 Bis","tipo":"residential"},"geometry":{"type":"LineString","coordinates":[[-74.07033,4.64673],[-74.07075,4.64764],[-74.07118,4.64859],[-74.07119,4.64862]]}},{"type":"Feature","properties":{"id":"24306022","nom":"Transversal 22A","tipo":"tertiary"},"geometry":{"type":"LineString","coordinates":[[-74.07101,4.64652],[-74.07102,4.64657],[-74.07104,4.64663],[-74.07136,4.64738]]}},{"type":"Feature","properties":{"id":"24306024","nom":"Transversal 22A","tipo":"tertiary"},"geometry":{"type":"LineString","coordinates":[[-74.07181,4.64841],[-74.07184,4.64847],[-74.07202,4.64887],[-74.07227,4.64944],[-74.0725,4.64994],[-74.07255,4.65008]]}},{"type":"Feature","properties":{"id":"24306027","nom":"Diagonal 61D Bis","tipo":"residential"},"geometry":{"type":"LineString","coordinates":[[-74.07311,4.64879],[-74.07318,4.64885],[-74.07386,4.64949]]}},{"type":"Feature","properties":{"id":"24306031","nom":"Diagonal 61D","tipo":"residential"},"geometry":{"type":"LineString","coordinates":[[-74.07571,4.65065],[-74.0754,4.65028],[-74.07523,4.65009],[-74.07497,4.64979]]}},{"type":"Feature","properties":{"id":"24306032","nom":"Carrera 28","tipo":"residential"},"geometry":{"type":"LineString","coordinates":[[-74.07567,4.65156],[-74.07568,4.65151],[-74.07578,4.651],[-74.07579,4.65091]]}},{"type":"Feature","properties":{"id":"24306035","nom":"Carrera 27A","tipo":"residential"},"geometry":{"type":"LineString","coordinates":[[-74.07494,4.65062],[-74.07496,4.65047],[-74.07499,4.65038],[-74.07503,4.65028],[-74.07512,4.65018],[-74.07523,4.65009]]}},{"type":"Feature","properties":{"id":"24306036","nom":"Carrera 27A Bis","tipo":"residential"},"geometry":{"type":"LineString","coordinates":[[-74.0754,4.65028],[-74.07601,4.64977],[-74.07604,4.64974]]}},{"type":"Feature","properties":{"id":"24306037","nom":"Carrera 26A","tipo":"residential"},"geometry":{"type":"LineString","coordinates":[[-74.07532,4.64887],[-74.07529,4.6489],[-74.07466,4.64942]]}},{"type":"Feature","properties":{"id":"24306038","nom":"Diagonal 61C Bis","tipo":"residential"},"geometry":{"type":"LineString","coordinates":[[-74.07469,4.64878],[-74.07383,4.64777],[-74.07378,4.64771]]}},{"type":"Feature","properties":{"id":"24306040","nom":"Carrera 21","tipo":"residential"},"geometry":{"type":"LineString","coordinates":[[-74.07066,4.64982],[-74.07056,4.65035]]}},{"type":"Feature","properties":{"id":"24306043","nom":"Avenida Calle 53","tipo":"secondary"},"geometry":{"type":"LineString","coordinates":[[-74.07768,4.64248],[-74.08046,4.64299]]}},{"type":"Feature","properties":{"id":"24306051","nom":"Carrera 19","tipo":"residential"},"geometry":{"type":"LineString","coordinates":[[-74.07079,4.64123],[-74.07078,4.64127],[-74.07058,4.64252]]}},{"type":"Feature","properties":{"id":"24306054","nom":"Carrera 19","tipo":"residential"},"geometry":{"type":"LineString","coordinates":[[-74.06947,4.64715],[-74.06933,4.64788]]}},{"type":"Feature","properties":{"id":"24306060","nom":"Transversal 26","tipo":"residential"},"geometry":{"type":"LineString","coordinates":[[-74.07416,4.64683],[-74.07413,4.64679],[-74.07404,4.64667],[-74.07393,4.6465],[-74.07385,4.64631],[-74.07379,4.64611],[-74.07376,4.64591],[-74.07375,4.64571],[-74.07375,4.64557],[-74.07376,4.64553]]}},{"type":"Feature","properties":{"id":"24306061","nom":"Transversal 27","tipo":"residential"},"geometry":{"type":"LineString","coordinates":[[-74.07413,4.64559],[-74.07412,4.64563],[-74.07412,4.64567],[-74.07411,4.64575],[-74.07413,4.64593],[-74.07418,4.64611],[-74.07425,4.64628],[-74.07435,4.64644],[-74.07443,4.64653],[-74.07447,4.64658]]}},{"type":"Feature","properties":{"id":"24313798","nom":"Avenida Carrera 24","tipo":"secondary"},"geometry":{"type":"LineString","coordinates":[[-74.07345,4.64797],[-74.07338,4.64807],[-74.07328,4.64823],[-74.07315,4.64845],[-74.07303,4.64867],[-74.07294,4.64885],[-74.07286,4.64904],[-74.0728,4.64921],[-74.07275,4.64934],[-74.07271,4.64946],[-74.07264,4.64973],[-74.07255,4.65008],[-74.07254,4.65014]]}},{"type":"Feature","properties":{"id":"24313804","nom":"Avenida Carrera 24","tipo":"secondary"},"geometry":{"type":"LineString","coordinates":[[-74.07396,4.64181],[-74.07398,4.64174]]}},{"type":"Feature","properties":{"id":"24313805","nom":"Transversal 23","tipo":"residential"},"geometry":{"type":"LineString","coordinates":[[-74.07199,4.64712],[-74.07185,4.64674],[-74.07175,4.64628]]}},{"type":"Feature","properties":{"id":"24313806","nom":"Transversal 24A","tipo":"residential"},"geometry":{"type":"LineString","coordinates":[[-74.07306,4.64668],[-74.07315,4.64686],[-74.07324,4.64702],[-74.07333,4.64717],[-74.07345,4.64732],[-74.07347,4.64736]]}},{"type":"Feature","properties":{"id":"24313807","nom":"Diagonal 60A","tipo":"residential"},"geometry":{"type":"LineString","coordinates":[[-74.07285,4.64722],[-74.07282,4.64724],[-74.07166,4.64779],[-74.07164,4.6478],[-74.07156,4.64784]]}},{"type":"Feature","properties":{"id":"24313808","nom":"Carrera 21","tipo":"tertiary"},"geometry":{"type":"LineString","coordinates":[[-74.07256,4.63792],[-74.07248,4.63837],[-74.07247,4.63844]]}},{"type":"Feature","properties":{"id":"24313810","nom":"Calle 59","tipo":"residential"},"geometry":{"type":"LineString","coordinates":[[-74.06933,4.64695],[-74.06891,4.64688],[-74.06886,4.64687],[-74.06882,4.64686],[-74.0683,4.64676],[-74.06825,4.64675],[-74.06819,4.64674],[-74.06751,4.64662],[-74.06703,4.64653],[-74.06614,4.64637],[-74.0657,4.64629],[-74.06544,4.64624]]}},{"type":"Feature","properties":{"id":"24313813","nom":"Calle 58","tipo":"residential"},"geometry":{"type":"LineString","coordinates":[[-74.06534,4.64472],[-74.06441,4.64454],[-74.06435,4.64453]]}},{"type":"Feature","properties":{"id":"24313816","nom":"Carrera 16","tipo":"residential"},"geometry":{"type":"LineString","coordinates":[[-74.06766,4.64514],[-74.06761,4.64555],[-74.06762,4.64561],[-74.06765,4.64579],[-74.06765,4.64592],[-74.06751,4.64662],[-74.06735,4.6475],[-74.06735,4.64753]]}},{"type":"Feature","properties":{"id":"24313817","nom":"Carrera 16","tipo":"residential"},"geometry":{"type":"LineString","coordinates":[[-74.06716,4.6475],[-74.06715,4.64753],[-74.06705,4.64813],[-74.067,4.64841],[-74.06699,4.64851],[-74.06693,4.64883],[-74.06687,4.64917],[-74.06675,4.64986],[-74.06674,4.6499],[-74.06673,4.64995]]}},{"type":"Feature","properties":{"id":"24313818","nom":"Carrera 15","tipo":"residential"},"geometry":{"type":"LineString","coordinates":[[-74.06925,4.62977],[-74.06924,4.6298],[-74.06916,4.63031],[-74.06915,4.63036],[-74.06903,4.63101],[-74.06902,4.63107],[-74.06901,4.63114],[-74.06899,4.63121]]}},{"type":"Feature","properties":{"id":"24313820","nom":"Carrera 14A","tipo":"residential"},"geometry":{"type":"LineString","coordinates":[[-74.0658,4.64827],[-74.06596,4.64732],[-74.06597,4.64728]]}},{"type":"Feature","properties":{"id":"24313821","nom":"Calle 61A","tipo":"residential"},"geometry":{"type":"LineString","coordinates":[[-74.06731,4.64918],[-74.06714,4.64919],[-74.06703,4.64919],[-74.06687,4.64917],[-74.06587,4.64898]]}},{"type":"Feature","properties":{"id":"24313822","nom":"Calle 62","tipo":"residential"},"geometry":{"type":"LineString","coordinates":[[-74.06499,4.64904],[-74.06583,4.64917]]}},{"type":"Feature","properties":{"id":"24313823","nom":"Calle 61A","tipo":"residential"},"geometry":{"type":"LineString","coordinates":[[-74.06568,4.64867],[-74.06506,4.64863]]}},{"type":"Feature","properties":{"id":"24313824","nom":"Carrera 15A","tipo":"residential"},"geometry":{"type":"LineString","coordinates":[[-74.06649,4.64838],[-74.06667,4.64745],[-74.06668,4.64741]]}},{"type":"Feature","properties":{"id":"24313825","nom":"Calle 58A","tipo":"residential"},"geometry":{"type":"LineString","coordinates":[[-74.06762,4.64561],[-74.06837,4.64575],[-74.06843,4.64576],[-74.06849,4.64577],[-74.069,4.64586],[-74.06904,4.64587]]}},{"type":"Feature","properties":{"id":"24313826","nom":"Calle 58A","tipo":"residential"},"geometry":{"type":"LineString","coordinates":[[-74.06631,4.6454],[-74.06729,4.64557]]}},{"type":"Feature","properties":{"id":"24313827","nom":"Calle 58A","tipo":"residential"},"geometry":{"type":"LineString","coordinates":[[-74.07041,4.64632],[-74.06965,4.64617]]}},{"type":"Feature","properties":{"id":"24313829","nom":"Calle 58B","tipo":"residential"},"geometry":{"type":"LineString","coordinates":[[-74.0667,4.64605],[-74.06621,4.64596]]}},{"type":"Feature","properties":{"id":"24313831","nom":"Carrera 15A","tipo":"residential"},"geometry":{"type":"LineString","coordinates":[[-74.06708,4.64504],[-74.06718,4.64444],[-74.06719,4.64439]]}},{"type":"Feature","properties":{"id":"24313832","nom":"Carrera 15A","tipo":"residential"},"geometry":{"type":"LineString","coordinates":[[-74.0672,4.64431],[-74.06721,4.64426],[-74.06731,4.64372],[-74.06732,4.64367],[-74.06741,4.64312],[-74.06742,4.64308]]}},{"type":"Feature","properties":{"id":"24313833","nom":"Carrera 16A","tipo":"residential"},"geometry":{"type":"LineString","coordinates":[[-74.068,4.64521],[-74.06814,4.6446],[-74.06814,4.64456]]}},{"type":"Feature","properties":{"id":"24313834","nom":"Diagonal 53C","tipo":"tertiary"},"geometry":{"type":"LineString","coordinates":[[-74.07419,4.64404],[-74.07429,4.64414],[-74.07452,4.64436],[-74.07477,4.6446],[-74.07517,4.64501],[-74.07562,4.64547],[-74.07566,4.64551]]}},{"type":"Feature","properties":{"id":"24313836","nom":"Calle 56","tipo":"residential"},"geometry":{"type":"LineString","coordinates":[[-74.06459,4.64308],[-74.06465,4.64309],[-74.06559,4.64326]]}},{"type":"Feature","properties":{"id":"24313837","nom":"Calle 56","tipo":"residential"},"geometry":{"type":"LineString","coordinates":[[-74.06597,4.64334],[-74.06693,4.64351],[-74.06697,4.64352],[-74.06702,4.64353],[-74.06707,4.64354],[-74.06714,4.64357],[-74.0672,4.6436],[-74.06725,4.64363],[-74.0673,4.64366],[-74.06732,4.64367],[-74.06734,4.64368],[-74.06742,4.64373],[-74.06751,4.64378],[-74.06758,4.64381],[-74.06768,4.64385],[-74.06771,4.64386],[-74.06774,4.64387]]}},{"type":"Feature","properties":{"id":"24313838","nom":"Calle 55 Bis","tipo":"residential"},"geometry":{"type":"LineString","coordinates":[[-74.06787,4.64315],[-74.06778,4.64314],[-74.06742,4.64308],[-74.06702,4.64301]]}},{"type":"Feature","properties":{"id":"24313839","nom":"Calle 55","tipo":"residential"},"geometry":{"type":"LineString","coordinates":[[-74.06571,4.64254],[-74.06476,4.64237],[-74.06471,4.64236]]}},{"type":"Feature","properties":{"id":"24313840","nom":"Calle 55","tipo":"residential"},"geometry":{"type":"LineString","coordinates":[[-74.06611,4.64262],[-74.06704,4.64279]]}},{"type":"Feature","properties":{"id":"24313841","nom":"Calle 54A","tipo":"residential"},"geometry":{"type":"LineString","coordinates":[[-74.06711,4.64216],[-74.06624,4.64199]]}},{"type":"Feature","properties":{"id":"24313842","nom":"Calle 54A Bis","tipo":"residential"},"geometry":{"type":"LineString","coordinates":[[-74.06898,4.64276],[-74.06892,4.64275],[-74.06798,4.64258]]}},{"type":"Feature","properties":{"id":"24313843","nom":"Calle 53B","tipo":"tertiary"},"geometry":{"type":"LineString","coordinates":[[-74.07863,4.64405],[-74.07859,4.64404],[-74.07858,4.64404],[-74.07828,4.64399],[-74.07806,4.64395],[-74.07764,4.64387],[-74.07754,4.64385],[-74.07714,4.64377],[-74.07708,4.64376]]}},{"type":"Feature","properties":{"id":"24313844","nom":"Carrera 28","tipo":"tertiary"},"geometry":{"type":"LineString","coordinates":[[-74.07677,4.64483],[-74.0768,4.64479],[-74.07682,4.64475],[-74.07684,4.64472],[-74.07686,4.64467],[-74.07689,4.64462],[-74.07691,4.64456],[-74.07693,4.64451],[-74.07697,4.6444],[-74.07699,4.6443],[-74.07702,4.64413]]}},{"type":"Feature","properties":{"id":"24313845","nom":"Carrera 28","tipo":"residential"},"geometry":{"type":"LineString","coordinates":[[-74.07775,4.63809],[-74.07783,4.63764],[-74.07786,4.63745],[-74.07792,4.63706],[-74.078,4.63663],[-74.07803,4.6364],[-74.0781,4.63603],[-74.07818,4.63555],[-74.0782,4.63538],[-74.07828,4.63494]]}},{"type":"Feature","properties":{"id":"24313847","nom":"Carrera 27A","tipo":"residential"},"geometry":{"type":"LineString","coordinates":[[-74.07634,4.6425],[-74.0763,4.64273],[-74.07616,4.64356],[-74.07615,4.64359]]}},{"type":"Feature","properties":{"id":"24313848","nom":"Carrera 27B","tipo":"residential"},"geometry":{"type":"LineString","coordinates":[[-74.07664,4.64368],[-74.07664,4.64365],[-74.07677,4.64281]]}},{"type":"Feature","properties":{"id":"24313849","nom":"Carrera 28 Bis","tipo":"residential"},"geometry":{"type":"LineString","coordinates":[[-74.07754,4.64385],[-74.07755,4.64382],[-74.07768,4.64298]]}},{"type":"Feature","properties":{"id":"24313850","nom":"Transversal 27A","tipo":"residential"},"geometry":{"type":"LineString","coordinates":[[-74.07517,4.64501],[-74.07557,4.64464],[-74.07571,4.64452],[-74.07573,4.6445],[-74.07618,4.64408],[-74.07624,4.644],[-74.07628,4.64393],[-74.0763,4.64385],[-74.07634,4.64368],[-74.07634,4.64366],[-74.07635,4.64363]]}},{"type":"Feature","properties":{"id":"24313851","nom":"Calle 53B Bis","tipo":"residential"},"geometry":{"type":"LineString","coordinates":[[-74.07517,4.64423],[-74.07456,4.64382],[-74.07444,4.64373]]}},{"type":"Feature","properties":{"id":"24313852","nom":"Diagonal 53D","tipo":"residential"},"geometry":{"type":"LineString","coordinates":[[-74.07376,4.64455],[-74.0737,4.6445],[-74.07367,4.64447],[-74.07311,4.64402],[-74.07307,4.64398]]}},{"type":"Feature","properties":{"id":"24313853","nom":"Transversal 22","tipo":"residential"},"geometry":{"type":"LineString","coordinates":[[-74.07153,4.64383],[-74.0716,4.64382],[-74.07166,4.6438],[-74.07236,4.64339]]}},{"type":"Feature","properties":{"id":"24313856","nom":"Carrera 23","tipo":"residential"},"geometry":{"type":"LineString","coordinates":[[-74.0718,4.64519],[-74.0718,4.64517],[-74.07181,4.6451],[-74.07181,4.64509]]}},{"type":"Feature","properties":{"id":"24313857","nom":"Carrera 22","tipo":"residential"},"geometry":{"type":"LineString","coordinates":[[-74.07252,4.64206],[-74.07243,4.64263]]}},{"type":"Feature","properties":{"id":"24313858","nom":"Calle 53A","tipo":"residential"},"geometry":{"type":"LineString","coordinates":[[-74.07337,4.6422],[-74.07292,4.64212],[-74.07252,4.64206]]}},{"type":"Feature","properties":{"id":"24313867","nom":"Carrera 27A","tipo":"residential"},"geometry":{"type":"LineString","coordinates":[[-74.07697,4.64716],[-74.07688,4.64783],[-74.07681,4.64832],[-74.0768,4.64839],[-74.07676,4.64872],[-74.07673,4.64881],[-74.0767,4.64888],[-74.07663,4.64898],[-74.07656,4.64905],[-74.07649,4.64911],[-74.07631,4.64923],[-74.07606,4.64941],[-74.07594,4.6495],[-74.07588,4.64955]]}},{"type":"Feature","properties":{"id":"24322984","nom":"Calle 52A","tipo":"residential"},"geometry":{"type":"LineString","coordinates":[[-74.07773,4.64192],[-74.07728,4.64184],[-74.07651,4.6417]]}},{"type":"Feature","properties":{"id":"24322985","nom":"Calle 52A","tipo":"residential"},"geometry":{"type":"LineString","coordinates":[[-74.07457,4.64134],[-74.07553,4.64151]]}},{"type":"Feature","properties":{"id":"24322986","nom":"Calle 52A","tipo":"residential"},"geometry":{"type":"LineString","coordinates":[[-74.07271,4.64102],[-74.07354,4.64116]]}},{"type":"Feature","properties":{"id":"24322987","nom":"Calle 52A","tipo":"residential"},"geometry":{"type":"LineString","coordinates":[[-74.07139,4.64077],[-74.07144,4.64078],[-74.07203,4.64089],[-74.07206,4.64089]]}},{"type":"Feature","properties":{"id":"24322996","nom":"Calle 51A","tipo":"residential"},"geometry":{"type":"LineString","coordinates":[[-74.07622,4.64056],[-74.07731,4.64074]]}},{"type":"Feature","properties":{"id":"24322998","nom":"Calle 50","tipo":"residential"},"geometry":{"type":"LineString","coordinates":[[-74.06557,4.63722],[-74.0655,4.6372],[-74.06526,4.63713],[-74.06521,4.63712],[-74.06518,4.63711],[-74.06515,4.6371],[-74.06508,4.63708],[-74.06495,4.63704],[-74.06477,4.63699],[-74.06456,4.63693],[-74.06448,4.63691],[-74.06442,4.6369]]}},{"type":"Feature","properties":{"id":"24323003","nom":"Calle 49A","tipo":"residential"},"geometry":{"type":"LineString","coordinates":[[-74.07744,4.63888],[-74.07742,4.63885],[-74.07738,4.63883],[-74.07707,4.63875],[-74.07703,4.63875],[-74.07701,4.63876]]}},{"type":"Feature","properties":{"id":"24323004","nom":"Calle 49A","tipo":"residential"},"geometry":{"type":"LineString","coordinates":[[-74.06991,4.63753],[-74.06987,4.63753],[-74.06894,4.63736]]}},{"type":"Feature","properties":{"id":"24323007","nom":"Calle 48","tipo":"residential"},"geometry":{"type":"LineString","coordinates":[[-74.07085,4.63615],[-74.07022,4.63603],[-74.07018,4.63602],[-74.07013,4.63602],[-74.06977,4.63595],[-74.06966,4.63593],[-74.0692,4.63585],[-74.06824,4.63567],[-74.0682,4.63566]]}},{"type":"Feature","properties":{"id":"24323008","nom":"Calle 47","tipo":"tertiary"},"geometry":{"type":"LineString","coordinates":[[-74.07406,4.63746],[-74.07408,4.63741],[-74.07411,4.63739],[-74.07414,4.63737],[-74.07419,4.63737],[-74.07468,4.63746],[-74.07471,4.63746]]}},{"type":"Feature","properties":{"id":"24323009","nom":"Calle 48","tipo":"residential"},"geometry":{"type":"LineString","coordinates":[[-74.07681,4.63794],[-74.07695,4.63796],[-74.07729,4.63802],[-74.07775,4.63809],[-74.07866,4.63824],[-74.07875,4.63826],[-74.0789,4.63828],[-74.07898,4.6383],[-74.07908,4.63831]]}},{"type":"Feature","properties":{"id":"24323012","nom":"Avenida Calle 42","tipo":"tertiary"},"geometry":{"type":"LineString","coordinates":[[-74.07397,4.63738],[-74.07391,4.63733],[-74.07388,4.63731],[-74.07386,4.63728],[-74.07338,4.63666]]}},{"type":"Feature","properties":{"id":"24323017","nom":"Diagonal 48","tipo":"residential"},"geometry":{"type":"LineString","coordinates":[[-74.07275,4.63737],[-74.07273,4.63736],[-74.07257,4.63726],[-74.07157,4.63662],[-74.07088,4.63617],[-74.07085,4.63615]]}},{"type":"Feature","properties":{"id":"24324733","nom":"Calle 46","tipo":"residential"},"geometry":{"type":"LineString","coordinates":[[-74.06857,4.63359],[-74.06809,4.6335]]}},{"type":"Feature","properties":{"id":"24324735","nom":"Calle 45B","tipo":"residential"},"geometry":{"type":"LineString","coordinates":[[-74.07511,4.63525],[-74.07507,4.63525],[-74.07401,4.63505],[-74.07368,4.63499]]}},{"type":"Feature","properties":{"id":"24324736","nom":"Calle 46","tipo":"residential"},"geometry":{"type":"LineString","coordinates":[[-74.07904,4.63617],[-74.07897,4.63616],[-74.0781,4.63603],[-74.07715,4.63588],[-74.07644,4.63578]]}},{"type":"Feature","properties":{"id":"24324737","nom":"Calle 45A","tipo":"residential"},"geometry":{"type":"LineString","coordinates":[[-74.07828,4.63494],[-74.07833,4.63495],[-74.07881,4.63503],[-74.07914,4.63509],[-74.07924,4.63511],[-74.07929,4.63511]]}},{"type":"Feature","properties":{"id":"24324738","nom":"Calle 45A","tipo":"residential"},"geometry":{"type":"LineString","coordinates":[[-74.07527,4.63448],[-74.07534,4.63449],[-74.07547,4.63451],[-74.07549,4.63452],[-74.07553,4.63455]]}},{"type":"Feature","properties":{"id":"24324740","nom":"Calle 45A","tipo":"residential"},"geometry":{"type":"LineString","coordinates":[[-74.06863,4.6332],[-74.06803,4.63309],[-74.06778,4.63303]]}},{"type":"Feature","properties":{"id":"24324747","nom":"Carrera 25A Bis","tipo":"residential"},"geometry":{"type":"LineString","coordinates":[[-74.07599,4.63408],[-74.07598,4.63418],[-74.07593,4.63448],[-74.07593,4.63451],[-74.07594,4.63453]]}},{"type":"Feature","properties":{"id":"24324748","nom":"Calle 43","tipo":"residential"},"geometry":{"type":"LineString","coordinates":[[-74.07584,4.63309],[-74.07593,4.6331],[-74.07738,4.63341],[-74.07801,4.63353],[-74.07869,4.63368],[-74.07931,4.63381],[-74.07939,4.63382]]}},{"type":"Feature","properties":{"id":"24324752","nom":"Calle 43","tipo":"residential"},"geometry":{"type":"LineString","coordinates":[[-74.07224,4.63172],[-74.07229,4.63173],[-74.07264,4.6318]]}},{"type":"Feature","properties":{"id":"24324753","nom":"Calle 43","tipo":"residential"},"geometry":{"type":"LineString","coordinates":[[-74.06709,4.63069],[-74.06745,4.63075],[-74.06752,4.63076]]}},{"type":"Feature","properties":{"id":"24324758","nom":"Diagonal 40A","tipo":"tertiary"},"geometry":{"type":"LineString","coordinates":[[-74.0657,4.62594],[-74.06576,4.62598],[-74.06579,4.62599]]}},{"type":"Feature","properties":{"id":"24324759","nom":"Diagonal 40A Bis","tipo":"tertiary"},"geometry":{"type":"LineString","coordinates":[[-74.06925,4.62977],[-74.0695,4.62994],[-74.06965,4.63002],[-74.06981,4.63009],[-74.06994,4.63014],[-74.07003,4.63017],[-74.07005,4.63018],[-74.07008,4.63019]]}},{"type":"Feature","properties":{"id":"24324760","nom":"Diagonal 40A Bis","tipo":"tertiary"},"geometry":{"type":"LineString","coordinates":[[-74.07151,4.63042],[-74.07135,4.63033],[-74.07128,4.63031],[-74.07119,4.63028],[-74.07102,4.63023]]}},{"type":"Feature","properties":{"id":"24324764","nom":"Transversal 18A Bis","tipo":"secondary"},"geometry":{"type":"LineString","coordinates":[[-74.07275,4.62683],[-74.07276,4.62706],[-74.0728,4.62738],[-74.0728,4.62741]]}},{"type":"Feature","properties":{"id":"24324765","nom":"Avenida Carrera 19","tipo":"secondary"},"geometry":{"type":"LineString","coordinates":[[-74.07265,4.62915],[-74.0726,4.62941],[-74.0725,4.62997],[-74.0725,4.63001]]}},{"type":"Feature","properties":{"id":"24324768","nom":"Transversal 17A Bis","tipo":"secondary"},"geometry":{"type":"LineString","coordinates":[[-74.072,4.62456],[-74.0722,4.6251],[-74.07222,4.62517]]}},{"type":"Feature","properties":{"id":"24350372","nom":"Calle 44","tipo":"residential"},"geometry":{"type":"LineString","coordinates":[[-74.07341,4.63276],[-74.0729,4.63267],[-74.0728,4.63265]]}},{"type":"Feature","properties":{"id":"24350373","nom":"Calle 44","tipo":"residential"},"geometry":{"type":"LineString","coordinates":[[-74.07146,4.63234],[-74.07076,4.63221],[-74.07065,4.63219],[-74.0702,4.63211]]}},{"type":"Feature","properties":{"id":"24350374","nom":"Calle 44","tipo":"residential"},"geometry":{"type":"LineString","coordinates":[[-74.06885,4.63197],[-74.06928,4.63205],[-74.06957,4.6321]]}},{"type":"Feature","properties":{"id":"24350376","nom":"Calle 44","tipo":"residential"},"geometry":{"type":"LineString","coordinates":[[-74.06765,4.63163],[-74.06663,4.63143],[-74.06655,4.63142],[-74.06647,4.63141],[-74.06646,4.6314],[-74.06644,4.6314],[-74.06579,4.63129],[-74.06543,4.63123],[-74.06444,4.63104],[-74.06438,4.63103]]}},{"type":"Feature","properties":{"id":"24350377","nom":"Calle 44A","tipo":"residential"},"geometry":{"type":"LineString","coordinates":[[-74.074,4.63325],[-74.07334,4.63312],[-74.07282,4.63302],[-74.07273,4.63301]]}},{"type":"Feature","properties":{"id":"24350380","nom":"Calle 42A","tipo":"residential"},"geometry":{"type":"LineString","coordinates":[[-74.06711,4.63046],[-74.06709,4.63045],[-74.06707,4.63045],[-74.0668,4.6304],[-74.06672,4.63039],[-74.06664,4.63037],[-74.06607,4.63027],[-74.06604,4.63027],[-74.06602,4.63028]]}},{"type":"Feature","properties":{"id":"24350387","nom":"Calle 41","tipo":"residential"},"geometry":{"type":"LineString","coordinates":[[-74.06528,4.62869],[-74.06587,4.62881]]}},{"type":"Feature","properties":{"id":"24350388","nom":"Calle 40A","tipo":"residential"},"geometry":{"type":"LineString","coordinates":[[-74.06789,4.6287],[-74.06793,4.62875],[-74.06812,4.62902]]}},{"type":"Feature","properties":{"id":"24350392","nom":"Calle 40B","tipo":"residential"},"geometry":{"type":"LineString","coordinates":[[-74.06715,4.62775],[-74.06709,4.62774],[-74.06708,4.62774],[-74.06611,4.62756],[-74.0655,4.62745],[-74.06544,4.62743]]}},{"type":"Feature","properties":{"id":"24350394","nom":"Calle 40","tipo":"residential"},"geometry":{"type":"LineString","coordinates":[[-74.07744,4.63038],[-74.07831,4.63026],[-74.07836,4.63025]]}},{"type":"Feature","properties":{"id":"24350396","nom":"Calle 39","tipo":"residential"},"geometry":{"type":"LineString","coordinates":[[-74.0697,4.62694],[-74.06891,4.62681]]}},{"type":"Feature","properties":{"id":"24350397","nom":"Calle 37","tipo":"residential"},"geometry":{"type":"LineString","coordinates":[[-74.07858,4.62621],[-74.07842,4.62628],[-74.07814,4.6264],[-74.07795,4.62648]]}},{"type":"Feature","properties":{"id":"24350399","nom":"Calle 37","tipo":"residential"},"geometry":{"type":"LineString","coordinates":[[-74.07461,4.62645],[-74.07478,4.62635],[-74.07482,4.62632]]}},{"type":"Feature","properties":{"id":"24350427","nom":"Carrera 16","tipo":"residential"},"geometry":{"type":"LineString","coordinates":[[-74.06963,4.63313],[-74.06967,4.63298],[-74.06968,4.63293]]}},{"type":"Feature","properties":{"id":"24350467","nom":"Carrera 18","tipo":"residential"},"geometry":{"type":"LineString","coordinates":[[-74.07263,4.62635],[-74.07262,4.6261],[-74.07262,4.62605],[-74.07262,4.62604],[-74.07263,4.62599],[-74.07275,4.62527],[-74.07278,4.62507],[-74.07279,4.62501],[-74.0729,4.62441]]}},{"type":"Feature","properties":{"id":"24350468","nom":"Carrera 18","tipo":"residential"},"geometry":{"type":"LineString","coordinates":[[-74.07149,4.62978],[-74.07166,4.62898],[-74.07177,4.62818],[-74.07191,4.6273]]}},{"type":"Feature","properties":{"id":"24350469","nom":"Carrera 18","tipo":"residential"},"geometry":{"type":"LineString","coordinates":[[-74.07134,4.63061],[-74.07133,4.63065],[-74.07132,4.63072],[-74.07119,4.63146],[-74.07118,4.63152]]}},{"type":"Feature","properties":{"id":"24350472","nom":"Carrera 20","tipo":"residential"},"geometry":{"type":"LineString","coordinates":[[-74.07299,4.63143],[-74.07297,4.63161],[-74.07297,4.63165]]}},{"type":"Feature","properties":{"id":"24350473","nom":"Carrera 20","tipo":"residential"},"geometry":{"type":"LineString","coordinates":[[-74.0728,4.63265],[-74.07273,4.63301],[-74.07267,4.63332],[-74.07266,4.63335],[-74.07265,4.63338]]}},{"type":"Feature","properties":{"id":"24350476","nom":"Carrera 21","tipo":"residential"},"geometry":{"type":"LineString","coordinates":[[-74.07341,4.63276],[-74.07346,4.63254],[-74.07347,4.63247],[-74.07348,4.63241]]}},{"type":"Feature","properties":{"id":"24350479","nom":"Carrera 15 Bis","tipo":"residential"},"geometry":{"type":"LineString","coordinates":[[-74.06987,4.62785],[-74.06985,4.62797],[-74.06984,4.62799],[-74.06981,4.62801]]}},{"type":"Feature","properties":{"id":"24350481","nom":"Carrera 15 Bis","tipo":"residential"},"geometry":{"type":"LineString","coordinates":[[-74.06983,4.62766],[-74.06993,4.62698]]}},{"type":"Feature","properties":{"id":"24350483","nom":"Carrera 17A","tipo":"residential"},"geometry":{"type":"LineString","coordinates":[[-74.07198,4.62614],[-74.07198,4.62619],[-74.07198,4.62675]]}},{"type":"Feature","properties":{"id":"24350484","nom":"Carrera 17A","tipo":"residential"},"geometry":{"type":"LineString","coordinates":[[-74.07227,4.62736],[-74.07226,4.6272],[-74.07224,4.62706],[-74.07222,4.62699],[-74.07217,4.62691],[-74.07213,4.62686],[-74.07208,4.6268],[-74.07203,4.62678],[-74.07198,4.62675]]}},{"type":"Feature","properties":{"id":"24350488","nom":"Carrera 17","tipo":"residential"},"geometry":{"type":"LineString","coordinates":[[-74.07134,4.62666],[-74.07132,4.6268],[-74.07125,4.62719],[-74.07112,4.62806],[-74.07099,4.62886],[-74.07085,4.62973],[-74.07084,4.62978]]}},{"type":"Feature","properties":{"id":"24350494","nom":"Carrera 22","tipo":"residential"},"geometry":{"type":"LineString","coordinates":[[-74.07413,4.63259],[-74.07414,4.63251],[-74.07423,4.63164]]}},{"type":"Feature","properties":{"id":"24350496","nom":"Carrera 26","tipo":"residential"},"geometry":{"type":"LineString","coordinates":[[-74.07687,4.62779],[-74.07684,4.62926],[-74.0768,4.63041],[-74.07677,4.6315],[-74.07679,4.63257]]}},{"type":"Feature","properties":{"id":"24350498","nom":"Transversal 26B","tipo":"residential"},"geometry":{"type":"LineString","coordinates":[[-74.07847,4.63055],[-74.07843,4.6306],[-74.07771,4.63144],[-74.07748,4.63173],[-74.07679,4.63257]]}},{"type":"Feature","properties":{"id":"24350501","nom":"Calle 39B","tipo":"residential"},"geometry":{"type":"LineString","coordinates":[[-74.07914,4.62981],[-74.07865,4.62977]]}},{"type":"Feature","properties":{"id":"24350502","nom":"Calle 39B","tipo":"residential"},"geometry":{"type":"LineString","coordinates":[[-74.07817,4.62968],[-74.07812,4.62969],[-74.0774,4.6298]]}},{"type":"Feature","properties":{"id":"24350825","nom":"Carrera 27A","tipo":"residential"},"geometry":{"type":"LineString","coordinates":[[-74.07859,4.63049],[-74.0786,4.63032],[-74.07861,4.63022],[-74.07865,4.62977],[-74.07872,4.62887]]}},{"type":"Feature","properties":{"id":"24350827","nom":"Carrera 28","tipo":"residential"},"geometry":{"type":"LineString","coordinates":[[-74.07855,4.63435],[-74.07856,4.6343],[-74.07869,4.63368],[-74.07883,4.63299]]}},{"type":"Feature","properties":{"id":"24350829","nom":"Carrera 26","tipo":"residential"},"geometry":{"type":"LineString","coordinates":[[-74.07665,4.63466],[-74.07647,4.63561],[-74.07644,4.63578]]}},{"type":"Feature","properties":{"id":"24350834","nom":"Carrera 27A","tipo":"residential"},"geometry":{"type":"LineString","coordinates":[[-74.07729,4.63802],[-74.07746,4.63698]]}},{"type":"Feature","properties":{"id":"24350836","nom":"Carrera 26","tipo":"residential"},"geometry":{"type":"LineString","coordinates":[[-74.07551,4.64169],[-74.07553,4.64151]]}},{"type":"Feature","properties":{"id":"24350837","nom":"Carrera 25","tipo":"residential"},"geometry":{"type":"LineString","coordinates":[[-74.07455,4.64152],[-74.07457,4.64134]]}},{"type":"Feature","properties":{"id":"24350838","nom":"Carrera 27A","tipo":"residential"},"geometry":{"type":"LineString","coordinates":[[-74.07701,4.63876],[-74.07699,4.63879],[-74.07699,4.63882],[-74.07695,4.63919],[-74.07688,4.64017],[-74.07687,4.64022]]}},{"type":"Feature","properties":{"id":"24350839","nom":"Carrera 28 Bis","tipo":"residential"},"geometry":{"type":"LineString","coordinates":[[-74.07798,4.63896],[-74.07796,4.63899],[-74.07795,4.63902],[-74.07784,4.64034],[-74.07784,4.64039]]}},{"type":"Feature","properties":{"id":"24350840","nom":"Carrera 27A","tipo":"residential"},"geometry":{"type":"LineString","coordinates":[[-74.07651,4.6417],[-74.07658,4.64122],[-74.07658,4.64118]]}},{"type":"Feature","properties":{"id":"24350841","nom":"Carrera 23","tipo":"residential"},"geometry":{"type":"LineString","coordinates":[[-74.07415,4.6368],[-74.07406,4.63729],[-74.07401,4.63738]]}},{"type":"Feature","properties":{"id":"24350842","nom":"Carrera 22","tipo":"residential"},"geometry":{"type":"LineString","coordinates":[[-74.07298,4.63953],[-74.07298,4.63951],[-74.07306,4.63904],[-74.07314,4.63855]]}},{"type":"Feature","properties":{"id":"24350843","nom":"Carrera 22","tipo":"tertiary"},"geometry":{"type":"LineString","coordinates":[[-74.07368,4.63499],[-74.07376,4.63458],[-74.07378,4.63444],[-74.07384,4.63414],[-74.07384,4.63409],[-74.0739,4.63378],[-74.0739,4.63375],[-74.07391,4.63372]]}},{"type":"Feature","properties":{"id":"24350844","nom":"Transversal 20","tipo":"residential"},"geometry":{"type":"LineString","coordinates":[[-74.07252,4.63555],[-74.07245,4.63563],[-74.07243,4.63565],[-74.07197,4.63616],[-74.07157,4.63662]]}},{"type":"Feature","properties":{"id":"24350845","nom":"Carrera 19","tipo":"residential"},"geometry":{"type":"LineString","coordinates":[[-74.07141,4.63684],[-74.07135,4.63718],[-74.07134,4.63722],[-74.07133,4.63727],[-74.07115,4.63821],[-74.07098,4.63916],[-74.07097,4.63919],[-74.07096,4.63923],[-74.0708,4.64013],[-74.07079,4.64017]]}},{"type":"Feature","properties":{"id":"24350846","nom":"Transversal 19 Bis","tipo":"tertiary"},"geometry":{"type":"LineString","coordinates":[[-74.07085,4.63615],[-74.07086,4.63611],[-74.07088,4.63608],[-74.07091,4.63602],[-74.07095,4.63595],[-74.07099,4.63589],[-74.07108,4.63577],[-74.07121,4.63559],[-74.07124,4.63556]]}},{"type":"Feature","properties":{"id":"24350848","nom":"Carrera 16A","tipo":"residential"},"geometry":{"type":"LineString","coordinates":[[-74.0695,4.6369],[-74.0695,4.63689],[-74.06966,4.63593]]}},{"type":"Feature","properties":{"id":"24350850","nom":"Transversal 15B","tipo":"residential"},"geometry":{"type":"LineString","coordinates":[[-74.06881,4.63457],[-74.06896,4.63437],[-74.0692,4.63411],[-74.06936,4.63394]]}},{"type":"Feature","properties":{"id":"24350854","nom":"Carrera 21A","tipo":"residential"},"geometry":{"type":"LineString","coordinates":[[-74.07314,4.63553],[-74.07316,4.63543],[-74.0733,4.63463],[-74.07332,4.6345]]}},{"type":"Feature","properties":{"id":"24350855","nom":"Carrera 21","tipo":"residential"},"geometry":{"type":"LineString","coordinates":[[-74.07273,4.63545],[-74.07274,4.63535],[-74.07289,4.63456],[-74.07291,4.63443]]}},{"type":"Feature","properties":{"id":"24350856","nom":"Carrera 15","tipo":"residential"},"geometry":{"type":"LineString","coordinates":[[-74.0668,4.64433],[-74.06681,4.64424]]}},{"type":"Feature","properties":{"id":"24350858","nom":"Calle 39 Bis B","tipo":"residential"},"geometry":{"type":"LineString","coordinates":[[-74.07926,4.62837],[-74.07993,4.62842],[-74.07998,4.62841]]}},{"type":"Feature","properties":{"id":"24350860","nom":"Calle 39 Bis","tipo":"residential"},"geometry":{"type":"LineString","coordinates":[[-74.08049,4.62745],[-74.07934,4.62737]]}},{"type":"Feature","properties":{"id":"24350861","nom":"Carrera 29C","tipo":"residential"},"geometry":{"type":"LineString","coordinates":[[-74.07998,4.62841],[-74.08,4.62836],[-74.08002,4.62793]]}},{"type":"Feature","properties":{"id":"24350862","nom":"Calle 39 Bis A","tipo":"residential"},"geometry":{"type":"LineString","coordinates":[[-74.08025,4.62795],[-74.08002,4.62793]]}},{"type":"Feature","properties":{"id":"24350864","nom":"Carrera 29B","tipo":"residential"},"geometry":{"type":"LineString","coordinates":[[-74.08052,4.62696],[-74.08049,4.62745]]}},{"type":"Feature","properties":{"id":"24350867","nom":"Calle 39","tipo":"residential"},"geometry":{"type":"LineString","coordinates":[[-74.07939,4.62686],[-74.08052,4.62696]]}},{"type":"Feature","properties":{"id":"24350870","nom":"Calle 39 Bis A","tipo":"residential"},"geometry":{"type":"LineString","coordinates":[[-74.07929,4.62804],[-74.07907,4.62807],[-74.07853,4.62824],[-74.07791,4.62843],[-74.07787,4.62845]]}},{"type":"Feature","properties":{"id":"24365857","nom":"Calle 41 Bis","tipo":"tertiary"},"geometry":{"type":"LineString","coordinates":[[-74.06863,4.63003],[-74.06832,4.62997],[-74.06829,4.62997],[-74.06824,4.62997]]}},{"type":"Feature","properties":{"id":"24365859","nom":"Carrera 8","tipo":"residential"},"geometry":{"type":"LineString","coordinates":[[-74.06611,4.62756],[-74.06601,4.6281],[-74.06597,4.62828],[-74.06587,4.62881],[-74.06577,4.62935],[-74.06571,4.62961]]}},{"type":"Feature","properties":{"id":"24365860","nom":"Carrera 13 Bis","tipo":"residential"},"geometry":{"type":"LineString","coordinates":[[-74.06704,4.63094],[-74.06705,4.63094],[-74.06706,4.63092],[-74.06709,4.63069],[-74.06712,4.63051],[-74.06712,4.63049],[-74.06711,4.63046]]}},{"type":"Feature","properties":{"id":"24367657","nom":"Calle 38","tipo":"residential"},"geometry":{"type":"LineString","coordinates":[[-74.06812,4.62607],[-74.06749,4.62596],[-74.06743,4.62595]]}},{"type":"Feature","properties":{"id":"24367665","nom":"Carrera 13A","tipo":"residential"},"geometry":{"type":"LineString","coordinates":[[-74.06895,4.62246],[-74.06894,4.62249],[-74.06858,4.62332],[-74.06857,4.62334],[-74.06854,4.62342],[-74.06853,4.62346],[-74.06852,4.62351],[-74.06837,4.62445],[-74.06836,4.6245],[-74.06835,4.62454],[-74.06823,4.62523],[-74.06812,4.62607],[-74.06789,4.62735],[-74.06788,4.62738]]}},{"type":"Feature","properties":{"id":"24397507","nom":"Calle 45A","tipo":"residential"},"geometry":{"type":"LineString","coordinates":[[-74.06633,4.63269],[-74.06629,4.63267],[-74.06544,4.63246]]}},{"type":"Feature","properties":{"id":"24397612","nom":"Calle 54","tipo":"residential"},"geometry":{"type":"LineString","coordinates":[[-74.06488,4.6413],[-74.06494,4.64132],[-74.06551,4.64143],[-74.0659,4.6415]]}},{"type":"Feature","properties":{"id":"24411926","nom":"Calle 52A","tipo":"residential"},"geometry":{"type":"LineString","coordinates":[[-74.06384,4.63907],[-74.0651,4.6396],[-74.06517,4.63963]]}},{"type":"Feature","properties":{"id":"24460186","nom":"Calle 52","tipo":"residential"},"geometry":{"type":"LineString","coordinates":[[-74.06524,4.63917],[-74.06531,4.63921],[-74.0656,4.63926],[-74.06626,4.63938]]}},{"type":"Feature","properties":{"id":"24460238","nom":"Carrera 14A","tipo":"residential"},"geometry":{"type":"LineString","coordinates":[[-74.06568,4.64867],[-74.06574,4.64826]]}},{"type":"Feature","properties":{"id":"24558091","nom":"Carrera 51","tipo":"residential"},"geometry":{"type":"LineString","coordinates":[[-74.07738,4.66501],[-74.07743,4.66494],[-74.07788,4.66435]]}},{"type":"Feature","properties":{"id":"24558099","nom":"Calle 64A","tipo":"residential"},"geometry":{"type":"LineString","coordinates":[[-74.07777,4.65994],[-74.07782,4.65992],[-74.07788,4.6599],[-74.07796,4.65991],[-74.07871,4.6603]]}},{"type":"Feature","properties":{"id":"24558101","nom":"Calle 65","tipo":"residential"},"geometry":{"type":"LineString","coordinates":[[-74.08285,4.66443],[-74.08231,4.66404],[-74.08222,4.66398],[-74.08115,4.66323]]}},{"type":"Feature","properties":{"id":"24558104","nom":"","tipo":"trunk_link"},"geometry":{"type":"LineString","coordinates":[[-74.07703,4.66237],[-74.07707,4.66217],[-74.07708,4.6621],[-74.07709,4.66205],[-74.07708,4.662],[-74.07708,4.66196]]}},{"type":"Feature","properties":{"id":"24558109","nom":"Calle 65A","tipo":"residential"},"geometry":{"type":"LineString","coordinates":[[-74.07908,4.6628],[-74.07955,4.66316]]}},{"type":"Feature","properties":{"id":"24559372","nom":"Carrera 36","tipo":"residential"},"geometry":{"type":"LineString","coordinates":[[-74.07991,4.65415],[-74.08002,4.65332]]}},{"type":"Feature","properties":{"id":"24559373","nom":"Calle 63J","tipo":"residential"},"geometry":{"type":"LineString","coordinates":[[-74.07806,4.65822],[-74.07809,4.65818],[-74.07812,4.65816],[-74.07814,4.65815],[-74.0782,4.65814]]}},{"type":"Feature","properties":{"id":"24559375","nom":"Calle 63B","tipo":"residential"},"geometry":{"type":"LineString","coordinates":[[-74.07845,4.65395],[-74.07854,4.65397],[-74.079,4.65403],[-74.07991,4.65415]]}},{"type":"Feature","properties":{"id":"24559376","nom":"Calle 63C","tipo":"residential"},"geometry":{"type":"LineString","coordinates":[[-74.07838,4.65483],[-74.07845,4.65484],[-74.07848,4.65484],[-74.07888,4.65491],[-74.07933,4.65498],[-74.0797,4.65503]]}},{"type":"Feature","properties":{"id":"24559377","nom":"Calle 63D","tipo":"residential"},"geometry":{"type":"LineString","coordinates":[[-74.07828,4.6557],[-74.07837,4.65571],[-74.07877,4.65576]]}},{"type":"Feature","properties":{"id":"24559378","nom":"Calle 63F","tipo":"residential"},"geometry":{"type":"LineString","coordinates":[[-74.07819,4.65665],[-74.07827,4.65666],[-74.07835,4.65667],[-74.07859,4.6567],[-74.07862,4.65669],[-74.07864,4.65668],[-74.07866,4.65664]]}},{"type":"Feature","properties":{"id":"24575268","nom":"Diagonal 61C","tipo":"secondary"},"geometry":{"type":"LineString","coordinates":[[-74.07848,4.65369],[-74.0785,4.65306],[-74.07857,4.65198],[-74.07857,4.65196]]}},{"type":"Feature","properties":{"id":"24575271","nom":"","tipo":"trunk_link"},"geometry":{"type":"LineString","coordinates":[[-74.08041,4.65241],[-74.08002,4.65228],[-74.07988,4.65224],[-74.07973,4.65221],[-74.07896,4.65206],[-74.07885,4.65204],[-74.0788,4.65201],[-74.07877,4.65198],[-74.07875,4.65196],[-74.07872,4.65194],[-74.07869,4.6519],[-74.07864,4.65178]]}},{"type":"Feature","properties":{"id":"24575272","nom":"","tipo":"trunk_link"},"geometry":{"type":"LineString","coordinates":[[-74.07885,4.65204],[-74.0788,4.65206],[-74.07877,4.65209],[-74.07876,4.65212],[-74.07876,4.65215],[-74.07877,4.65218],[-74.07879,4.65221],[-74.07882,4.65224],[-74.07888,4.65226]]}},{"type":"Feature","properties":{"id":"24575273","nom":"","tipo":"trunk_link"},"geometry":{"type":"LineString","coordinates":[[-74.07845,4.65071],[-74.07845,4.6507],[-74.07846,4.65069],[-74.07846,4.65068],[-74.07847,4.65068],[-74.07847,4.65067],[-74.07848,4.65066],[-74.07848,4.65065],[-74.07849,4.65064],[-74.0785,4.65063],[-74.07851,4.65061],[-74.07859,4.65049],[-74.0786,4.65047],[-74.07861,4.65046],[-74.07862,4.65044],[-74.07862,4.65043],[-74.07863,4.65041],[-74.07864,4.6504]]}},{"type":"Feature","properties":{"id":"24677626","nom":"Avenida Calle 68","tipo":"secondary"},"geometry":{"type":"LineString","coordinates":[[-74.07525,4.66296],[-74.07517,4.6629]]}},{"type":"Feature","properties":{"id":"24690430","nom":"Carrera 19A","tipo":"tertiary"},"geometry":{"type":"LineString","coordinates":[[-74.06931,4.65156],[-74.06931,4.65152],[-74.06935,4.65131],[-74.06947,4.65065],[-74.06947,4.65063],[-74.06947,4.6506],[-74.06946,4.65058],[-74.06945,4.65053]]}},{"type":"Feature","properties":{"id":"24797796","nom":"Calle 25A","tipo":"residential"},"geometry":{"type":"LineString","coordinates":[[-74.08382,4.62653],[-74.08436,4.62699],[-74.08504,4.62757]]}},{"type":"Feature","properties":{"id":"24797798","nom":"Calle 25 Bis","tipo":"residential"},"geometry":{"type":"LineString","coordinates":[[-74.08415,4.62621],[-74.08541,4.62725]]}},{"type":"Feature","properties":{"id":"24797799","nom":"Calle 25B","tipo":"residential"},"geometry":{"type":"LineString","coordinates":[[-74.0822,4.62664],[-74.08241,4.6269],[-74.0828,4.62735],[-74.08321,4.62785]]}},{"type":"Feature","properties":{"id":"24797806","nom":"Carrera 32","tipo":"residential"},"geometry":{"type":"LineString","coordinates":[[-74.08501,4.62625],[-74.08506,4.62618],[-74.0853,4.62582],[-74.0855,4.62552],[-74.08552,4.62547]]}},{"type":"Feature","properties":{"id":"24797808","nom":"Carrera 31","tipo":"residential"},"geometry":{"type":"LineString","coordinates":[[-74.08181,4.62738],[-74.08187,4.62733],[-74.08195,4.62727],[-74.08241,4.6269],[-74.08331,4.62612]]}},{"type":"Feature","properties":{"id":"24797811","nom":"Carrera 30A","tipo":"residential"},"geometry":{"type":"LineString","coordinates":[[-74.08196,4.62692],[-74.0822,4.62664],[-74.08285,4.62586]]}},{"type":"Feature","properties":{"id":"24797812","nom":"Calle 25","tipo":"tertiary"},"geometry":{"type":"LineString","coordinates":[[-74.09217,4.63559],[-74.09198,4.63527],[-74.09193,4.63519],[-74.09123,4.63411],[-74.09111,4.63392],[-74.09032,4.63268],[-74.0903,4.63265],[-74.09027,4.6326]]}},{"type":"Feature","properties":{"id":"24797815","nom":"Calle 24","tipo":"residential"},"geometry":{"type":"LineString","coordinates":[[-74.08613,4.62637],[-74.0853,4.62582]]}},{"type":"Feature","properties":{"id":"24797816","nom":"Carrera 33A","tipo":"residential"},"geometry":{"type":"LineString","coordinates":[[-74.08356,4.63069],[-74.0836,4.63066],[-74.08396,4.63044]]}},{"type":"Feature","properties":{"id":"24797817","nom":"Carrera 33 Bis","tipo":"residential"},"geometry":{"type":"LineString","coordinates":[[-74.08417,4.63],[-74.08464,4.62967],[-74.08545,4.62916],[-74.08625,4.62864]]}},{"type":"Feature","properties":{"id":"24797824","nom":"Carrera 37A","tipo":"residential"},"geometry":{"type":"LineString","coordinates":[[-74.08617,4.63204],[-74.08699,4.63149]]}},{"type":"Feature","properties":{"id":"24797828","nom":"Carrera 38A","tipo":"residential"},"geometry":{"type":"LineString","coordinates":[[-74.08755,4.63334],[-74.08714,4.63314],[-74.087,4.63307],[-74.08685,4.633],[-74.08681,4.63298],[-74.0868,4.63296],[-74.08679,4.63295],[-74.08677,4.63293],[-74.08676,4.63291],[-74.08676,4.63288],[-74.08678,4.63284],[-74.08681,4.63278]]}},{"type":"Feature","properties":{"id":"24797829","nom":"Carrera 39","tipo":"residential"},"geometry":{"type":"LineString","coordinates":[[-74.08954,4.63155],[-74.08944,4.63161]]}},{"type":"Feature","properties":{"id":"24797830","nom":"Carrera 39A","tipo":"residential"},"geometry":{"type":"LineString","coordinates":[[-74.08931,4.63236],[-74.08884,4.63265],[-74.0887,4.63279],[-74.08866,4.63286],[-74.08862,4.63293],[-74.08856,4.63308]]}},{"type":"Feature","properties":{"id":"24797834","nom":"Calle 25B","tipo":"residential"},"geometry":{"type":"LineString","coordinates":[[-74.08463,4.62786],[-74.08467,4.62791],[-74.08507,4.62854],[-74.0851,4.62859]]}},{"type":"Feature","properties":{"id":"24797837","nom":"Calle 25F","tipo":"residential"},"geometry":{"type":"LineString","coordinates":[[-74.08538,4.63262],[-74.08532,4.63253],[-74.08508,4.63217],[-74.08502,4.63208],[-74.0847,4.63157]]}},{"type":"Feature","properties":{"id":"24797838","nom":"","tipo":"trunk_link"},"geometry":{"type":"LineString","coordinates":[[-74.09492,4.62622],[-74.09508,4.6263],[-74.09512,4.62633],[-74.09514,4.62636],[-74.0952,4.62641],[-74.09526,4.62648],[-74.0953,4.62652],[-74.09535,4.62656]]}},{"type":"Feature","properties":{"id":"24797841","nom":"Avenida Carrera 40","tipo":"secondary"},"geometry":{"type":"LineString","coordinates":[[-74.09494,4.62937],[-74.09506,4.6293],[-74.09509,4.62928],[-74.09517,4.62922],[-74.09523,4.62918],[-74.0953,4.62912],[-74.09539,4.62901],[-74.09542,4.62896],[-74.09547,4.6289],[-74.09554,4.62881],[-74.09558,4.62875],[-74.09562,4.62867],[-74.09566,4.62861],[-74.09568,4.62856],[-74.09569,4.62851],[-74.0957,4.62847],[-74.09575,4.62831],[-74.09578,4.6282],[-74.09579,4.62808],[-74.09584,4.62759],[-74.09594,4.62674],[-74.09594,4.62668],[-74.09595,4.62662]]}},{"type":"Feature","properties":{"id":"24797843","nom":"Carrera 43A","tipo":"residential"},"geometry":{"type":"LineString","coordinates":[[-74.09111,4.63392],[-74.09099,4.63401]]}},{"type":"Feature","properties":{"id":"24797845","nom":"Carrera 43","tipo":"residential"},"geometry":{"type":"LineString","coordinates":[[-74.09037,4.63437],[-74.09039,4.63432],[-74.09056,4.63385]]}},{"type":"Feature","properties":{"id":"24797848","nom":"Carrera 42","tipo":"residential"},"geometry":{"type":"LineString","coordinates":[[-74.09268,4.63162],[-74.09188,4.63218],[-74.09142,4.63247]]}},{"type":"Feature","properties":{"id":"24797849","nom":"Carrera 43","tipo":"residential"},"geometry":{"type":"LineString","coordinates":[[-74.09171,4.63291],[-74.09217,4.6326],[-74.09298,4.63205]]}},{"type":"Feature","properties":{"id":"24797856","nom":"Carrera 44","tipo":"residential"},"geometry":{"type":"LineString","coordinates":[[-74.09578,4.63202],[-74.09556,4.63217],[-74.09477,4.63267]]}},{"type":"Feature","properties":{"id":"24797859","nom":"Carrera 44B","tipo":"residential"},"geometry":{"type":"LineString","coordinates":[[-74.09651,4.63292],[-74.09655,4.6329],[-74.09717,4.6326],[-74.09762,4.63236],[-74.09765,4.63234],[-74.09768,4.63233]]}},{"type":"Feature","properties":{"id":"24797862","nom":"Carrera 45","tipo":"residential"},"geometry":{"type":"LineString","coordinates":[[-74.09696,4.63382],[-74.09699,4.6338],[-74.09795,4.63335],[-74.09799,4.63333],[-74.09839,4.63313],[-74.09842,4.63312],[-74.09844,4.6331]]}},{"type":"Feature","properties":{"id":"24797867","nom":"Calle 24B","tipo":"residential"},"geometry":{"type":"LineString","coordinates":[[-74.09217,4.6326],[-74.09188,4.63218]]}},{"type":"Feature","properties":{"id":"24797868","nom":"Calle 24A","tipo":"residential"},"geometry":{"type":"LineString","coordinates":[[-74.09414,4.63379],[-74.09386,4.63336],[-74.09358,4.63294],[-74.09326,4.63247],[-74.09298,4.63205],[-74.09268,4.63162]]}},{"type":"Feature","properties":{"id":"24797869","nom":"Calle 24A Bis","tipo":"residential"},"geometry":{"type":"LineString","coordinates":[[-74.09341,4.63366],[-74.09312,4.63322]]}},{"type":"Feature","properties":{"id":"24797870","nom":"Calle 24B","tipo":"residential"},"geometry":{"type":"LineString","coordinates":[[-74.09399,4.63544],[-74.0933,4.63437]]}},{"type":"Feature","properties":{"id":"24797871","nom":"Calle 24A Bis","tipo":"residential"},"geometry":{"type":"LineString","coordinates":[[-74.09442,4.63514],[-74.09373,4.63407]]}},{"type":"Feature","properties":{"id":"24797872","nom":"Calle 22A Bis","tipo":"residential"},"geometry":{"type":"LineString","coordinates":[[-74.09446,4.63041],[-74.09416,4.62997]]}},{"type":"Feature","properties":{"id":"24797876","nom":"Calle 22 Bis","tipo":"residential"},"geometry":{"type":"LineString","coordinates":[[-74.09529,4.63046],[-74.095,4.63004]]}},{"type":"Feature","properties":{"id":"24797878","nom":"Calle 22A Bis","tipo":"residential"},"geometry":{"type":"LineString","coordinates":[[-74.09532,4.63171],[-74.09502,4.63127],[-74.09473,4.63085]]}},{"type":"Feature","properties":{"id":"24797881","nom":"Calle 22A Bis","tipo":"residential"},"geometry":{"type":"LineString","coordinates":[[-74.09624,4.63361],[-74.09592,4.63313],[-74.0956,4.63274]]}},{"type":"Feature","properties":{"id":"24797883","nom":"Calle 22B","tipo":"residential"},"geometry":{"type":"LineString","coordinates":[[-74.09169,4.62764],[-74.09129,4.62713]]}},{"type":"Feature","properties":{"id":"24797884","nom":"Carrera 39","tipo":"residential"},"geometry":{"type":"LineString","coordinates":[[-74.09196,4.62656],[-74.09129,4.62713]]}},{"type":"Feature","properties":{"id":"24797886","nom":"Calle 22A","tipo":"residential"},"geometry":{"type":"LineString","coordinates":[[-74.09238,4.62707],[-74.0924,4.62706],[-74.0924,4.62704],[-74.0924,4.62702],[-74.09239,4.627],[-74.09203,4.62657],[-74.09202,4.62656],[-74.092,4.62655],[-74.09198,4.62655],[-74.09196,4.62656]]}},{"type":"Feature","properties":{"id":"24798427","nom":"","tipo":"secondary_link"},"geometry":{"type":"LineString","coordinates":[[-74.09732,4.63743],[-74.09735,4.6375],[-74.09736,4.63755],[-74.09738,4.63764],[-74.09737,4.63772],[-74.09736,4.63778],[-74.09734,4.63784],[-74.09732,4.6379],[-74.09728,4.63795]]}},{"type":"Feature","properties":{"id":"24798429","nom":"","tipo":"secondary_link"},"geometry":{"type":"LineString","coordinates":[[-74.09788,4.638],[-74.09787,4.6379],[-74.09787,4.63785]]}},{"type":"Feature","properties":{"id":"24798430","nom":"","tipo":"secondary_link"},"geometry":{"type":"LineString","coordinates":[[-74.09792,4.63754],[-74.09786,4.63755],[-74.0978,4.63756],[-74.09774,4.63755],[-74.09768,4.63755],[-74.09762,4.63753],[-74.09756,4.6375],[-74.0975,4.63746]]}},{"type":"Feature","properties":{"id":"25966100","nom":"Carrera 54","tipo":"residential"},"geometry":{"type":"LineString","coordinates":[[-74.1014,4.63937],[-74.10135,4.63938],[-74.10132,4.6394],[-74.10123,4.63947],[-74.10077,4.63993],[-74.10068,4.64001],[-74.10055,4.64015],[-74.1003,4.64037],[-74.10011,4.64052],[-74.09992,4.64065],[-74.09985,4.64069],[-74.0998,4.64073]]}},{"type":"Feature","properties":{"id":"25966114","nom":"Carrera 47A","tipo":"residential"},"geometry":{"type":"LineString","coordinates":[[-74.09638,4.63589],[-74.09641,4.63588],[-74.09665,4.63576],[-74.09764,4.63528]]}},{"type":"Feature","properties":{"id":"25973462","nom":"Carrera 22","tipo":"residential"},"geometry":{"type":"LineString","coordinates":[[-74.07118,4.65073],[-74.07119,4.65067],[-74.07133,4.64993]]}},{"type":"Feature","properties":{"id":"25973463","nom":"Carrera 21","tipo":"residential"},"geometry":{"type":"LineString","coordinates":[[-74.07049,4.65072],[-74.07048,4.65077],[-74.07032,4.65175],[-74.07019,4.65252],[-74.07006,4.65321],[-74.06989,4.65417]]}},{"type":"Feature","properties":{"id":"25973481","nom":"","tipo":"secondary_link"},"geometry":{"type":"LineString","coordinates":[[-74.06791,4.65015],[-74.06791,4.65011],[-74.06794,4.64993]]}},{"type":"Feature","properties":{"id":"25973483","nom":"Calle 63D","tipo":"tertiary"},"geometry":{"type":"LineString","coordinates":[[-74.06837,4.65389],[-74.06887,4.65398]]}},{"type":"Feature","properties":{"id":"27749762","nom":"Carrera 58","tipo":"residential"},"geometry":{"type":"LineString","coordinates":[[-74.08932,4.653],[-74.08943,4.65289],[-74.08959,4.65272],[-74.08981,4.65266],[-74.08995,4.65254],[-74.09007,4.65242]]}},{"type":"Feature","properties":{"id":"28224332","nom":"Carrera 21","tipo":"residential"},"geometry":{"type":"LineString","coordinates":[[-74.06977,4.65493],[-74.06966,4.65515]]}},{"type":"Feature","properties":{"id":"28290560","nom":"Calle 66A","tipo":"residential"},"geometry":{"type":"LineString","coordinates":[[-74.0657,4.65462],[-74.06491,4.65421]]}},{"type":"Feature","properties":{"id":"28290563","nom":"Calle 66A","tipo":"residential"},"geometry":{"type":"LineString","coordinates":[[-74.06728,4.65569],[-74.06648,4.65517],[-74.06645,4.65514],[-74.06641,4.65512],[-74.06577,4.65476],[-74.06569,4.65471]]}},{"type":"Feature","properties":{"id":"28312945","nom":"Carrera 29C","tipo":"residential"},"geometry":{"type":"LineString","coordinates":[[-74.07559,4.66418],[-74.07548,4.6643],[-74.0751,4.66471],[-74.07504,4.66478],[-74.07499,4.66483]]}},{"type":"Feature","properties":{"id":"28312946","nom":"Calle 70","tipo":"residential"},"geometry":{"type":"LineString","coordinates":[[-74.07499,4.66483],[-74.07445,4.66444]]}},{"type":"Feature","properties":{"id":"28312948","nom":"Carrera 29A","tipo":"residential"},"geometry":{"type":"LineString","coordinates":[[-74.07379,4.66395],[-74.07465,4.66274],[-74.07468,4.6627]]}},{"type":"Feature","properties":{"id":"28312954","nom":"Calle 66","tipo":"residential"},"geometry":{"type":"LineString","coordinates":[[-74.07612,4.66112],[-74.0764,4.66132],[-74.07642,4.66133],[-74.07648,4.66138]]}},{"type":"Feature","properties":{"id":"28312970","nom":"Carrera 29B","tipo":"residential"},"geometry":{"type":"LineString","coordinates":[[-74.07675,4.66031],[-74.07665,4.66042],[-74.07633,4.66084],[-74.07615,4.66108],[-74.07612,4.66112]]}},{"type":"Feature","properties":{"id":"28340307","nom":"","tipo":"trunk_link"},"geometry":{"type":"LineString","coordinates":[[-74.07764,4.65828],[-74.07779,4.65784],[-74.07781,4.6578],[-74.07784,4.65776]]}},{"type":"Feature","properties":{"id":"28458210","nom":"Calle 74A","tipo":"residential"},"geometry":{"type":"LineString","coordinates":[[-74.06568,4.66521],[-74.06564,4.66518],[-74.0651,4.66483],[-74.06506,4.6648]]}},{"type":"Feature","properties":{"id":"28458561","nom":"Carrera 14A","tipo":"residential"},"geometry":{"type":"LineString","coordinates":[[-74.06809,4.6335],[-74.06787,4.63459]]}},{"type":"Feature","properties":{"id":"28458579","nom":"Calle 53A","tipo":"residential"},"geometry":{"type":"LineString","coordinates":[[-74.06822,4.64127],[-74.06851,4.64131],[-74.06873,4.64135],[-74.06877,4.64137]]}},{"type":"Feature","properties":{"id":"28458590","nom":"Calle 55","tipo":"residential"},"geometry":{"type":"LineString","coordinates":[[-74.07009,4.64372],[-74.07085,4.64381]]}},{"type":"Feature","properties":{"id":"28458875","nom":"Carrera 27","tipo":"residential"},"geometry":{"type":"LineString","coordinates":[[-74.07112,4.66013],[-74.07115,4.66008],[-74.0717,4.65927]]}},{"type":"Feature","properties":{"id":"28458920","nom":"Carrera 28A","tipo":"tertiary"},"geometry":{"type":"LineString","coordinates":[[-74.07056,4.66557],[-74.07058,4.66554],[-74.07071,4.66538],[-74.0712,4.66469],[-74.07137,4.66447],[-74.07194,4.66368]]}},{"type":"Feature","properties":{"id":"28458980","nom":"Carrera 29","tipo":"residential"},"geometry":{"type":"LineString","coordinates":[[-74.0719,4.66565],[-74.07239,4.66499],[-74.07286,4.66433],[-74.07337,4.66364],[-74.07426,4.66248],[-74.0743,4.66242]]}},{"type":"Feature","properties":{"id":"28459330","nom":"Diagonal 71A Bis","tipo":"residential"},"geometry":{"type":"LineString","coordinates":[[-74.06541,4.66179],[-74.06539,4.66171],[-74.06533,4.6615],[-74.06527,4.66135]]}},{"type":"Feature","properties":{"id":"28459366","nom":"Carrera 27","tipo":"residential"},"geometry":{"type":"LineString","coordinates":[[-74.06905,4.66314],[-74.06847,4.66395],[-74.06845,4.66398]]}},{"type":"Feature","properties":{"id":"28459367","nom":"Carrera 27A","tipo":"residential"},"geometry":{"type":"LineString","coordinates":[[-74.06947,4.66345],[-74.06895,4.66419],[-74.06889,4.66427],[-74.06887,4.6643]]}},{"type":"Feature","properties":{"id":"28459384","nom":"Calle 71A","tipo":"residential"},"geometry":{"type":"LineString","coordinates":[[-74.07193,4.66466],[-74.07239,4.66499],[-74.07292,4.66538],[-74.07342,4.66575],[-74.0739,4.6661],[-74.07413,4.66626]]}},{"type":"Feature","properties":{"id":"28459427","nom":"Carrera 27A","tipo":"residential"},"geometry":{"type":"LineString","coordinates":[[-74.06881,4.66439],[-74.0688,4.66441],[-74.06841,4.66496]]}},{"type":"Feature","properties":{"id":"28459471","nom":"Carrera 26","tipo":"residential"},"geometry":{"type":"LineString","coordinates":[[-74.06688,4.66533],[-74.06693,4.66526],[-74.06739,4.66461]]}},{"type":"Feature","properties":{"id":"28459690","nom":"Calle 73 Bis","tipo":"residential"},"geometry":{"type":"LineString","coordinates":[[-74.06656,4.66405],[-74.06662,4.66409],[-74.06697,4.66433]]}},{"type":"Feature","properties":{"id":"28468927","nom":"Calle 24A","tipo":"residential"},"geometry":{"type":"LineString","coordinates":[[-74.09852,4.64158],[-74.09857,4.64166],[-74.0995,4.64314],[-74.09954,4.6432],[-74.09956,4.64324],[-74.09959,4.64328],[-74.10044,4.6446],[-74.10046,4.64463]]}},{"type":"Feature","properties":{"id":"28468940","nom":"Calle 24A","tipo":"residential"},"geometry":{"type":"LineString","coordinates":[[-74.10166,4.64575],[-74.1016,4.64574],[-74.10154,4.64571],[-74.1015,4.64566],[-74.10136,4.64544],[-74.10073,4.64446],[-74.10027,4.64373],[-74.09997,4.64327],[-74.09993,4.64321],[-74.0998,4.64302],[-74.09954,4.64262],[-74.09943,4.64245],[-74.09929,4.64223],[-74.09878,4.64142],[-74.09872,4.64133],[-74.09824,4.64055],[-74.09781,4.63987]]}},{"type":"Feature","properties":{"id":"28531816","nom":"Carrera 27B","tipo":"residential"},"geometry":{"type":"LineString","coordinates":[[-74.07499,4.65332],[-74.07526,4.65252],[-74.07553,4.6517],[-74.07555,4.65164]]}},{"type":"Feature","properties":{"id":"28531980","nom":"Carrera 27A","tipo":"residential"},"geometry":{"type":"LineString","coordinates":[[-74.07428,4.65598],[-74.07425,4.65612],[-74.07411,4.6565],[-74.07386,4.65715],[-74.07369,4.65761],[-74.07342,4.65801],[-74.07293,4.65874],[-74.07289,4.6588],[-74.07286,4.65884],[-74.07284,4.65887],[-74.07229,4.65968],[-74.07174,4.66051],[-74.07171,4.66055]]}},{"type":"Feature","properties":{"id":"30658931","nom":"Calle 73","tipo":"residential"},"geometry":{"type":"LineString","coordinates":[[-74.06841,4.66496],[-74.06799,4.66467]]}},{"type":"Feature","properties":{"id":"30658932","nom":"Carrera 27B","tipo":"residential"},"geometry":{"type":"LineString","coordinates":[[-74.06989,4.66374],[-74.06938,4.6645],[-74.06932,4.6646],[-74.0693,4.66462]]}},{"type":"Feature","properties":{"id":"30659098","nom":"Carrera 25","tipo":"residential"},"geometry":{"type":"LineString","coordinates":[[-74.06697,4.66433],[-74.06653,4.66499],[-74.06647,4.66507]]}},{"type":"Feature","properties":{"id":"30931722","nom":"","tipo":"secondary_link"},"geometry":{"type":"LineString","coordinates":[[-74.07468,4.6627],[-74.07495,4.66295],[-74.07532,4.6632],[-74.07566,4.66345],[-74.0757,4.66348],[-74.07573,4.66353],[-74.07576,4.66364],[-74.07577,4.66368],[-74.07577,4.66372],[-74.07576,4.66375],[-74.07575,4.66379],[-74.07574,4.66382],[-74.07559,4.66418]]}},{"type":"Feature","properties":{"id":"32743365","nom":"","tipo":"primary_link"},"geometry":{"type":"LineString","coordinates":[[-74.0939,4.63851],[-74.09378,4.63823],[-74.09371,4.63795],[-74.09363,4.63777],[-74.09351,4.63753]]}},{"type":"Feature","properties":{"id":"32743401","nom":"","tipo":"primary_link"},"geometry":{"type":"LineString","coordinates":[[-74.09816,4.64509],[-74.09808,4.6449],[-74.09805,4.64479],[-74.09798,4.64459],[-74.09796,4.64453],[-74.09789,4.64436]]}},{"type":"Feature","properties":{"id":"32743407","nom":"","tipo":"primary_link"},"geometry":{"type":"LineString","coordinates":[[-74.09913,4.64626],[-74.09905,4.64584],[-74.09902,4.64569]]}},{"type":"Feature","properties":{"id":"33080696","nom":"Carrera 16A","tipo":"residential"},"geometry":{"type":"LineString","coordinates":[[-74.06877,4.64137],[-74.06878,4.64141],[-74.06866,4.64211]]}},{"type":"Feature","properties":{"id":"33085811","nom":"Calle 70B","tipo":"residential"},"geometry":{"type":"LineString","coordinates":[[-74.06429,4.65861],[-74.06432,4.65863],[-74.06503,4.65906],[-74.06508,4.65909],[-74.06512,4.65912],[-74.0658,4.65955],[-74.06584,4.65958]]}},{"type":"Feature","properties":{"id":"33086074","nom":"Carrera 16","tipo":"residential"},"geometry":{"type":"LineString","coordinates":[[-74.06517,4.65605],[-74.06513,4.65613],[-74.06466,4.65692],[-74.06463,4.65698]]}},{"type":"Feature","properties":{"id":"33086115","nom":"Calle 68A","tipo":"residential"},"geometry":{"type":"LineString","coordinates":[[-74.06621,4.65735],[-74.06624,4.65736],[-74.06695,4.65783],[-74.06698,4.65785]]}},{"type":"Feature","properties":{"id":"33167445","nom":"Carrera 27A Bis","tipo":"residential"},"geometry":{"type":"LineString","coordinates":[[-74.07595,4.65066],[-74.07636,4.6503],[-74.07638,4.65028],[-74.07639,4.65024],[-74.07638,4.6502],[-74.07637,4.65015],[-74.07634,4.65009]]}},{"type":"Feature","properties":{"id":"33167656","nom":"","tipo":"trunk_link"},"geometry":{"type":"LineString","coordinates":[[-74.07861,4.65242],[-74.07865,4.65234],[-74.07867,4.65232],[-74.07869,4.6523],[-74.07871,4.6523],[-74.07874,4.65228],[-74.07879,4.65227],[-74.07888,4.65226],[-74.07923,4.65233],[-74.07969,4.65241],[-74.08016,4.65246]]}},{"type":"Feature","properties":{"id":"34549917","nom":"Calle 43","tipo":"residential"},"geometry":{"type":"LineString","coordinates":[[-74.09271,4.64307],[-74.09213,4.64215],[-74.09183,4.64168],[-74.09181,4.64165],[-74.09179,4.64161]]}},{"type":"Feature","properties":{"id":"34551897","nom":"Carrera 50E","tipo":"residential"},"geometry":{"type":"LineString","coordinates":[[-74.08689,4.64584],[-74.0869,4.6458],[-74.08701,4.64561],[-74.08712,4.64543],[-74.08715,4.64541],[-74.08717,4.64541]]}},{"type":"Feature","properties":{"id":"35954921","nom":"Calle 40C","tipo":"residential"},"geometry":{"type":"LineString","coordinates":[[-74.06703,4.62849],[-74.06709,4.62851],[-74.06789,4.6287]]}},{"type":"Feature","properties":{"id":"38809634","nom":"Transversal 27","tipo":"residential"},"geometry":{"type":"LineString","coordinates":[[-74.07477,4.6446],[-74.07459,4.64473],[-74.07443,4.64488],[-74.07429,4.64506],[-74.07419,4.64526],[-74.07415,4.64542],[-74.07414,4.64548]]}},{"type":"Feature","properties":{"id":"38879651","nom":"Carrera 57A","tipo":"residential"},"geometry":{"type":"LineString","coordinates":[[-74.08848,4.65246],[-74.08894,4.65201],[-74.08921,4.65174],[-74.08926,4.65168]]}},{"type":"Feature","properties":{"id":"39250937","nom":"Carrera 27","tipo":"residential"},"geometry":{"type":"LineString","coordinates":[[-74.06799,4.66467],[-74.06837,4.6641],[-74.06839,4.66407]]}},{"type":"Feature","properties":{"id":"39250940","nom":"Calle 73","tipo":"residential"},"geometry":{"type":"LineString","coordinates":[[-74.06715,4.66406],[-74.06756,4.66436]]}},{"type":"Feature","properties":{"id":"40420099","nom":"Carrera 27A","tipo":"residential"},"geometry":{"type":"LineString","coordinates":[[-74.07002,4.66264],[-74.07031,4.66222],[-74.07069,4.66166],[-74.07148,4.66047],[-74.07152,4.66041]]}},{"type":"Feature","properties":{"id":"40936953","nom":"Carrera 15A","tipo":"residential"},"geometry":{"type":"LineString","coordinates":[[-74.06565,4.65307],[-74.06578,4.65234],[-74.06579,4.65229]]}},{"type":"Feature","properties":{"id":"41088769","nom":"Carrera 27B","tipo":"residential"},"geometry":{"type":"LineString","coordinates":[[-74.06924,4.66471],[-74.06922,4.66475],[-74.06869,4.66552],[-74.06827,4.66613],[-74.06822,4.66619]]}},{"type":"Feature","properties":{"id":"42219648","nom":"Carrera 42A","tipo":"residential"},"geometry":{"type":"LineString","coordinates":[[-74.09894,4.62408],[-74.09839,4.62482],[-74.09809,4.62522],[-74.09803,4.62531],[-74.09794,4.62542],[-74.09759,4.62589],[-74.09756,4.62593],[-74.09747,4.62605]]}},{"type":"Feature","properties":{"id":"42432233","nom":"Carrera 59","tipo":"residential"},"geometry":{"type":"LineString","coordinates":[[-74.09897,4.64561],[-74.099,4.64559],[-74.09908,4.64554],[-74.09955,4.64523]]}},{"type":"Feature","properties":{"id":"42733582","nom":"Avenida Calle 53","tipo":"secondary"},"geometry":{"type":"LineString","coordinates":[[-74.06508,4.64015],[-74.06501,4.64014],[-74.06491,4.64012],[-74.06479,4.6401],[-74.0647,4.64007],[-74.06461,4.64004],[-74.0638,4.6397],[-74.0637,4.63966],[-74.06362,4.63963]]}},{"type":"Feature","properties":{"id":"42739912","nom":"Carrera 18A","tipo":"residential"},"geometry":{"type":"LineString","coordinates":[[-74.07014,4.64216],[-74.07021,4.64207],[-74.0703,4.64147],[-74.07028,4.64137]]}},{"type":"Feature","properties":{"id":"42816925","nom":"Calle 41","tipo":"residential"},"geometry":{"type":"LineString","coordinates":[[-74.09614,4.64534],[-74.09657,4.64601],[-74.09678,4.64633],[-74.09707,4.64678]]}},{"type":"Feature","properties":{"id":"42820580","nom":"Carrera 44A","tipo":"tertiary"},"geometry":{"type":"LineString","coordinates":[[-74.09476,4.63349],[-74.09481,4.63345],[-74.09514,4.63315]]}},{"type":"Feature","properties":{"id":"42829536","nom":"Diagonal 61C","tipo":"secondary"},"geometry":{"type":"LineString","coordinates":[[-74.07857,4.65196],[-74.07857,4.65194],[-74.07859,4.65152],[-74.07859,4.65148],[-74.07859,4.65144],[-74.07859,4.65142],[-74.07859,4.6514],[-74.07858,4.65138],[-74.07858,4.65136],[-74.07858,4.65135],[-74.07857,4.65133],[-74.07856,4.6513],[-74.07855,4.65128],[-74.07854,4.65126],[-74.07853,4.65124],[-74.07852,4.65123],[-74.07851,4.65121],[-74.07849,4.6512],[-74.07848,4.65119],[-74.07846,4.65117],[-74.07845,4.65116],[-74.07843,4.65115],[-74.07842,4.65114],[-74.0784,4.65113],[-74.07838,4.65112],[-74.07837,4.65111],[-74.07836,4.65111],[-74.07834,4.6511],[-74.07832,4.6511],[-74.07831,4.65109],[-74.07829,4.65109],[-74.07828,4.65109],[-74.07774,4.651],[-74.07766,4.65099],[-74.07764,4.65099]]}},{"type":"Feature","properties":{"id":"45725517","nom":"Carrera 26","tipo":"residential"},"geometry":{"type":"LineString","coordinates":[[-74.07287,4.65294],[-74.07286,4.653],[-74.07274,4.65366]]}},{"type":"Feature","properties":{"id":"45725519","nom":"Calle 63D","tipo":"residential"},"geometry":{"type":"LineString","coordinates":[[-74.07775,4.65561],[-74.0777,4.6556],[-74.07766,4.65559],[-74.07728,4.65553],[-74.07702,4.6555],[-74.07693,4.65548],[-74.07649,4.65542],[-74.07547,4.65527]]}},{"type":"Feature","properties":{"id":"45725520","nom":"","tipo":"trunk_link"},"geometry":{"type":"LineString","coordinates":[[-74.07605,4.65173],[-74.07651,4.65185],[-74.07703,4.65195],[-74.0778,4.65209],[-74.07785,4.6521],[-74.07789,4.65212],[-74.07793,4.65216],[-74.07796,4.6522],[-74.07798,4.65225],[-74.07802,4.65245]]}},{"type":"Feature","properties":{"id":"45725523","nom":"Calle 63C","tipo":"residential"},"geometry":{"type":"LineString","coordinates":[[-74.07412,4.65391],[-74.0738,4.65386],[-74.07349,4.6538],[-74.07318,4.65374],[-74.07305,4.65372],[-74.07274,4.65366],[-74.07212,4.65355],[-74.07207,4.65354]]}},{"type":"Feature","properties":{"id":"45725524","nom":"Calle 63C Bis","tipo":"residential"},"geometry":{"type":"LineString","coordinates":[[-74.07405,4.65434],[-74.07455,4.65442]]}},{"type":"Feature","properties":{"id":"45725527","nom":"Carrera 25 Bis","tipo":"residential"},"geometry":{"type":"LineString","coordinates":[[-74.07279,4.65501],[-74.07268,4.6557]]}},{"type":"Feature","properties":{"id":"45725528","nom":"Calle 63C","tipo":"residential"},"geometry":{"type":"LineString","coordinates":[[-74.07459,4.65423],[-74.07508,4.6543],[-74.07566,4.65439]]}},{"type":"Feature","properties":{"id":"45725529","nom":"Carrera 27A","tipo":"residential"},"geometry":{"type":"LineString","coordinates":[[-74.07428,4.65598],[-74.0744,4.65529],[-74.07443,4.65511],[-74.07455,4.65442],[-74.07459,4.65423],[-74.07474,4.65333],[-74.07475,4.65328]]}},{"type":"Feature","properties":{"id":"47235612","nom":"Transversal 25","tipo":"tertiary"},"geometry":{"type":"LineString","coordinates":[[-74.07399,4.64727],[-74.07387,4.64711]]}},{"type":"Feature","properties":{"id":"47236971","nom":"Carrera 28A","tipo":"residential"},"geometry":{"type":"LineString","coordinates":[[-74.07806,4.64395],[-74.07806,4.64391],[-74.07812,4.64305],[-74.07815,4.64264],[-74.07816,4.64242],[-74.07819,4.642],[-74.07824,4.64138],[-74.07829,4.64052],[-74.0783,4.64047]]}},{"type":"Feature","properties":{"id":"47592181","nom":"Carrera 55","tipo":"residential"},"geometry":{"type":"LineString","coordinates":[[-74.08478,4.6539],[-74.0848,4.65394],[-74.08492,4.65404],[-74.08506,4.65415],[-74.08511,4.65416]]}},{"type":"Feature","properties":{"id":"47592226","nom":"Carrera 56","tipo":"residential"},"geometry":{"type":"LineString","coordinates":[[-74.08533,4.65463],[-74.08536,4.65458],[-74.0854,4.65452],[-74.08604,4.65363],[-74.08645,4.65306],[-74.08667,4.65275]]}},{"type":"Feature","properties":{"id":"47592335","nom":"Carrera 57","tipo":"residential"},"geometry":{"type":"LineString","coordinates":[[-74.0874,4.65326],[-74.08692,4.65398]]}},{"type":"Feature","properties":{"id":"47593125","nom":"Carrera 53","tipo":"residential"},"geometry":{"type":"LineString","coordinates":[[-74.08518,4.6517],[-74.08459,4.65254],[-74.08458,4.65259]]}},{"type":"Feature","properties":{"id":"47598236","nom":"Carrera 52","tipo":"residential"},"geometry":{"type":"LineString","coordinates":[[-74.08691,4.64835],[-74.08674,4.64852],[-74.0866,4.64868],[-74.08655,4.64874],[-74.08651,4.64878]]}},{"type":"Feature","properties":{"id":"47600498","nom":"Carrera 58","tipo":"residential"},"geometry":{"type":"LineString","coordinates":[[-74.08766,4.65454],[-74.08815,4.65378]]}},{"type":"Feature","properties":{"id":"53746139","nom":"Transversal 26","tipo":"residential"},"geometry":{"type":"LineString","coordinates":[[-74.07377,4.64542],[-74.07378,4.64536],[-74.07381,4.64522],[-74.07388,4.64504],[-74.07397,4.64487],[-74.07408,4.64472],[-74.07421,4.64458],[-74.07436,4.64446],[-74.07452,4.64436]]}},{"type":"Feature","properties":{"id":"58378111","nom":"","tipo":"trunk_link"},"geometry":{"type":"LineString","coordinates":[[-74.07804,4.65757],[-74.07808,4.65751],[-74.0781,4.65746],[-74.07813,4.65737]]}},{"type":"Feature","properties":{"id":"58378112","nom":"","tipo":"trunk_link"},"geometry":{"type":"LineString","coordinates":[[-74.07784,4.65776],[-74.07804,4.65757]]}},{"type":"Feature","properties":{"id":"61699251","nom":"Carrera 53","tipo":"residential"},"geometry":{"type":"LineString","coordinates":[[-74.09128,4.64449],[-74.09107,4.64462],[-74.09059,4.64492]]}},{"type":"Feature","properties":{"id":"65332156","nom":"Carrera 26","tipo":"residential"},"geometry":{"type":"LineString","coordinates":[[-74.07318,4.65374],[-74.07331,4.65307],[-74.07331,4.65302],[-74.07339,4.65223]]}},{"type":"Feature","properties":{"id":"65571532","nom":"Calle 73 Bis","tipo":"residential"},"geometry":{"type":"LineString","coordinates":[[-74.06739,4.66461],[-74.06782,4.66492]]}},{"type":"Feature","properties":{"id":"67408141","nom":"Calle 51","tipo":"tertiary"},"geometry":{"type":"LineString","coordinates":[[-74.07432,4.63977],[-74.07439,4.63978],[-74.07497,4.63989],[-74.07505,4.6399],[-74.07536,4.63996],[-74.07538,4.63997]]}},{"type":"Feature","properties":{"id":"68761080","nom":"Calle 64B","tipo":"residential"},"geometry":{"type":"LineString","coordinates":[[-74.06493,4.65271],[-74.06495,4.6527],[-74.06517,4.65275]]}},{"type":"Feature","properties":{"id":"68761088","nom":"Carrera 15A","tipo":"residential"},"geometry":{"type":"LineString","coordinates":[[-74.06928,4.63205],[-74.06916,4.6327],[-74.06915,4.63274]]}},{"type":"Feature","properties":{"id":"68761092","nom":"Carrera 66A","tipo":"tertiary"},"geometry":{"type":"LineString","coordinates":[[-74.10082,4.65024],[-74.10084,4.65031],[-74.10085,4.65035],[-74.10084,4.65038],[-74.10083,4.65043],[-74.10081,4.65047],[-74.10077,4.65051],[-74.10071,4.65057],[-74.10062,4.65066],[-74.10057,4.65071],[-74.10051,4.65079],[-74.10018,4.65127],[-74.09986,4.65173],[-74.09978,4.65184],[-74.09924,4.65262],[-74.09897,4.65302],[-74.09891,4.65309],[-74.09886,4.65317],[-74.09854,4.65363],[-74.09794,4.6545],[-74.09767,4.65488]]}},{"type":"Feature","properties":{"id":"68761096","nom":"Calle 64A","tipo":"residential"},"geometry":{"type":"LineString","coordinates":[[-74.06524,4.65231],[-74.06437,4.65215]]}},{"type":"Feature","properties":{"id":"68761102","nom":"Calle 65A","tipo":"residential"},"geometry":{"type":"LineString","coordinates":[[-74.06509,4.65321],[-74.06487,4.65316],[-74.06486,4.65316]]}},{"type":"Feature","properties":{"id":"69544648","nom":"Carrera 52","tipo":"residential"},"geometry":{"type":"LineString","coordinates":[[-74.09865,4.63935],[-74.09857,4.6394],[-74.09815,4.63966],[-74.09809,4.6397],[-74.09781,4.63987]]}},{"type":"Feature","properties":{"id":"74270031","nom":"Carrera 26","tipo":"residential"},"geometry":{"type":"LineString","coordinates":[[-74.07345,4.65125],[-74.07345,4.6513],[-74.07339,4.65223]]}},{"type":"Feature","properties":{"id":"74654038","nom":"Calle 62","tipo":"residential"},"geometry":{"type":"LineString","coordinates":[[-74.0718,4.65001],[-74.07224,4.65009],[-74.0725,4.65013],[-74.07254,4.65014]]}},{"type":"Feature","properties":{"id":"75366827","nom":"","tipo":"trunk_link"},"geometry":{"type":"LineString","coordinates":[[-74.07724,4.65184],[-74.07722,4.65182],[-74.0772,4.6518],[-74.07718,4.65178],[-74.07716,4.65176],[-74.07714,4.65173],[-74.07713,4.6517],[-74.07712,4.65168],[-74.07711,4.65165],[-74.0771,4.65163],[-74.07709,4.65161],[-74.07709,4.65159],[-74.07709,4.65157],[-74.07709,4.65154],[-74.07709,4.65152],[-74.07711,4.65143],[-74.07712,4.65133],[-74.07713,4.6513],[-74.07714,4.65126],[-74.07715,4.65124],[-74.07716,4.65121],[-74.07717,4.65119],[-74.07719,4.65117],[-74.07721,4.65115],[-74.07723,4.65113],[-74.07725,4.65112],[-74.07728,4.6511],[-74.07731,4.65109],[-74.07734,4.65108],[-74.07736,4.65108],[-74.07738,4.65108],[-74.07739,4.65107],[-74.07741,4.65107]]}},{"type":"Feature","properties":{"id":"75366828","nom":"","tipo":"trunk_link"},"geometry":{"type":"LineString","coordinates":[[-74.07741,4.65107],[-74.07742,4.65108],[-74.07778,4.65114],[-74.07782,4.65114],[-74.07784,4.65115],[-74.07787,4.65115],[-74.07789,4.65116],[-74.0779,4.65117],[-74.07792,4.65118],[-74.07793,4.65119],[-74.07795,4.6512],[-74.07796,4.65121],[-74.07798,4.65123],[-74.07799,4.65125],[-74.078,4.65127],[-74.07802,4.65129],[-74.07803,4.65131],[-74.07804,4.65133],[-74.07804,4.65135],[-74.07805,4.65137],[-74.07805,4.65138],[-74.07806,4.6514],[-74.07807,4.65143],[-74.07807,4.65144],[-74.07808,4.65146],[-74.07808,4.65149],[-74.07809,4.65153]]}},{"type":"Feature","properties":{"id":"75816730","nom":"","tipo":"trunk_link"},"geometry":{"type":"LineString","coordinates":[[-74.09178,4.62529],[-74.09174,4.62569]]}},{"type":"Feature","properties":{"id":"75816737","nom":"","tipo":"trunk_link"},"geometry":{"type":"LineString","coordinates":[[-74.08831,4.62543],[-74.08838,4.6254],[-74.08841,4.62537],[-74.08844,4.62535],[-74.08846,4.62533],[-74.08847,4.62531],[-74.08848,4.62528],[-74.08848,4.62524],[-74.08846,4.62521],[-74.08844,4.62518],[-74.08841,4.62516],[-74.08834,4.62511]]}},{"type":"Feature","properties":{"id":"76698963","nom":"Calle 63F","tipo":"tertiary"},"geometry":{"type":"LineString","coordinates":[[-74.07169,4.65552],[-74.07158,4.6555]]}},{"type":"Feature","properties":{"id":"76698968","nom":"Calle 74","tipo":"tertiary"},"geometry":{"type":"LineString","coordinates":[[-74.06598,4.66475],[-74.06595,4.66473],[-74.06542,4.66437],[-74.0654,4.66435],[-74.06538,4.66434],[-74.06536,4.66432]]}},{"type":"Feature","properties":{"id":"76698976","nom":"Avenida Carrera 24","tipo":"secondary"},"geometry":{"type":"LineString","coordinates":[[-74.06607,4.66481],[-74.06611,4.66475],[-74.06656,4.66405],[-74.06673,4.66377],[-74.06674,4.66376],[-74.06696,4.66338],[-74.06708,4.66319],[-74.06709,4.66317],[-74.06712,4.66312]]}},{"type":"Feature","properties":{"id":"78285515","nom":"Carrera 66A","tipo":"residential"},"geometry":{"type":"LineString","coordinates":[[-74.10043,4.65213],[-74.10041,4.65216],[-74.09984,4.65295],[-74.09981,4.65299]]}},{"type":"Feature","properties":{"id":"79378110","nom":"Carrera 37","tipo":"residential"},"geometry":{"type":"LineString","coordinates":[[-74.08124,4.65133],[-74.08123,4.65136],[-74.08123,4.65141],[-74.08121,4.65157],[-74.08118,4.65183],[-74.08118,4.65187],[-74.08118,4.65188]]}},{"type":"Feature","properties":{"id":"79378112","nom":"Diagonal 42A","tipo":"tertiary"},"geometry":{"type":"LineString","coordinates":[[-74.07235,4.63115],[-74.0723,4.6311]]}},{"type":"Feature","properties":{"id":"79378130","nom":"Carrera 15","tipo":"residential"},"geometry":{"type":"LineString","coordinates":[[-74.06873,4.63267],[-74.06874,4.63262],[-74.06885,4.63197]]}},{"type":"Feature","properties":{"id":"79378133","nom":"Calle 58A Bis","tipo":"residential"},"geometry":{"type":"LineString","coordinates":[[-74.08134,4.64961],[-74.08137,4.64957],[-74.08141,4.64955],[-74.08145,4.64955],[-74.0815,4.64956],[-74.08154,4.64958],[-74.08238,4.64983],[-74.08242,4.64982],[-74.08246,4.64983],[-74.0825,4.64987],[-74.08253,4.6499],[-74.08254,4.64995]]}},{"type":"Feature","properties":{"id":"79378213","nom":"Avenida Calle 45","tipo":"secondary"},"geometry":{"type":"LineString","coordinates":[[-74.06424,4.63147],[-74.06438,4.63151],[-74.06494,4.63172],[-74.06625,4.63222],[-74.06629,4.63224],[-74.06633,4.63225],[-74.06636,4.63228],[-74.06641,4.6323]]}},{"type":"Feature","properties":{"id":"79378226","nom":"Carrera 15","tipo":"residential"},"geometry":{"type":"LineString","coordinates":[[-74.06885,4.63197],[-74.06887,4.63189]]}},{"type":"Feature","properties":{"id":"79378244","nom":"Carrera 60","tipo":"tertiary"},"geometry":{"type":"LineString","coordinates":[[-74.1023,4.64522],[-74.10221,4.64531],[-74.10212,4.6454],[-74.10202,4.64549],[-74.10179,4.64566],[-74.10166,4.64575],[-74.10157,4.64582],[-74.10128,4.64603],[-74.10026,4.64674],[-74.10006,4.64685],[-74.09999,4.64688],[-74.09992,4.64689],[-74.09985,4.6469],[-74.09984,4.64689],[-74.09978,4.64689]]}},{"type":"Feature","properties":{"id":"81140798","nom":"Calle 22B","tipo":"residential"},"geometry":{"type":"LineString","coordinates":[[-74.0988,4.63711],[-74.09889,4.6371],[-74.09895,4.63711],[-74.099,4.63714],[-74.09903,4.63719]]}},{"type":"Feature","properties":{"id":"81140800","nom":"Carrera 37","tipo":"tertiary"},"geometry":{"type":"LineString","coordinates":[[-74.09106,4.62813],[-74.09099,4.62816]]}},{"type":"Feature","properties":{"id":"81140802","nom":"Transversal 39","tipo":"residential"},"geometry":{"type":"LineString","coordinates":[[-74.07901,4.63161],[-74.07904,4.63103]]}},{"type":"Feature","properties":{"id":"81140806","nom":"Calle 22B","tipo":"residential"},"geometry":{"type":"LineString","coordinates":[[-74.09903,4.63719],[-74.09914,4.63735]]}},{"type":"Feature","properties":{"id":"83229988","nom":"Carrera 23","tipo":"residential"},"geometry":{"type":"LineString","coordinates":[[-74.07354,4.64116],[-74.07363,4.64073],[-74.07364,4.64066]]}},{"type":"Feature","properties":{"id":"83428986","nom":"","tipo":"trunk_link"},"geometry":{"type":"LineString","coordinates":[[-74.08885,4.62544],[-74.08879,4.62583]]}},{"type":"Feature","properties":{"id":"83428996","nom":"Diagonal 54","tipo":"residential"},"geometry":{"type":"LineString","coordinates":[[-74.06721,4.64126],[-74.06812,4.6418]]}},{"type":"Feature","properties":{"id":"83429002","nom":"","tipo":"trunk_link"},"geometry":{"type":"LineString","coordinates":[[-74.0889,4.62585],[-74.08896,4.62545]]}},{"type":"Feature","properties":{"id":"84830317","nom":"Avenida Carrera 24","tipo":"secondary"},"geometry":{"type":"LineString","coordinates":[[-74.07224,4.65184],[-74.07219,4.65212],[-74.07218,4.65218],[-74.07206,4.65285],[-74.07194,4.6535],[-74.07194,4.65355],[-74.07186,4.65395],[-74.07186,4.65399],[-74.07181,4.65426],[-74.07176,4.65452],[-74.07159,4.65544],[-74.07158,4.6555]]}},{"type":"Feature","properties":{"id":"84830455","nom":"Avenida Calle 63","tipo":"secondary"},"geometry":{"type":"LineString","coordinates":[[-74.07437,4.65143],[-74.07444,4.65144],[-74.07555,4.65164],[-74.07569,4.65166],[-74.07583,4.65169]]}},{"type":"Feature","properties":{"id":"84830456","nom":"Avenida Carrera 24","tipo":"secondary"},"geometry":{"type":"LineString","coordinates":[[-74.0724,4.65095],[-74.07239,4.65105]]}},{"type":"Feature","properties":{"id":"84830457","nom":"Avenida Calle 63","tipo":"secondary"},"geometry":{"type":"LineString","coordinates":[[-74.07252,4.65097],[-74.0724,4.65095]]}},{"type":"Feature","properties":{"id":"84830458","nom":"Avenida Calle 63","tipo":"secondary"},"geometry":{"type":"LineString","coordinates":[[-74.07239,4.65105],[-74.0725,4.65107]]}},{"type":"Feature","properties":{"id":"85274152","nom":"Avenida Calle 45","tipo":"secondary"},"geometry":{"type":"LineString","coordinates":[[-74.07536,4.63399],[-74.07544,4.634]]}},{"type":"Feature","properties":{"id":"85815656","nom":"Carrera 34A","tipo":"residential"},"geometry":{"type":"LineString","coordinates":[[-74.0824,4.63265],[-74.08252,4.63251],[-74.08264,4.63236],[-74.08271,4.63223],[-74.08287,4.63192]]}},{"type":"Feature","properties":{"id":"85990611","nom":"Carrera 29B Bis","tipo":"residential"},"geometry":{"type":"LineString","coordinates":[[-74.07609,4.66235],[-74.07561,4.66302]]}},{"type":"Feature","properties":{"id":"86670516","nom":"Calle 25","tipo":"tertiary"},"geometry":{"type":"LineString","coordinates":[[-74.09027,4.6326],[-74.09015,4.63242]]}},{"type":"Feature","properties":{"id":"86670533","nom":"Calle 25","tipo":"tertiary"},"geometry":{"type":"LineString","coordinates":[[-74.08944,4.63161],[-74.0893,4.63141]]}},{"type":"Feature","properties":{"id":"86694518","nom":"","tipo":"primary_link"},"geometry":{"type":"LineString","coordinates":[[-74.09476,4.66442],[-74.09407,4.66498],[-74.09383,4.66519],[-74.0936,4.66542]]}},{"type":"Feature","properties":{"id":"87040655","nom":"Carrera 58","tipo":"residential"},"geometry":{"type":"LineString","coordinates":[[-74.09132,4.65079],[-74.09138,4.65079],[-74.09144,4.65077],[-74.09147,4.65075],[-74.09157,4.65062],[-74.09162,4.65054]]}},{"type":"Feature","properties":{"id":"87049485","nom":"Carrera 57","tipo":"residential"},"geometry":{"type":"LineString","coordinates":[[-74.08975,4.64969],[-74.08978,4.64977],[-74.0898,4.64984],[-74.08981,4.64991],[-74.08982,4.64998],[-74.08981,4.65006]]}},{"type":"Feature","properties":{"id":"87049486","nom":"Carrera 54","tipo":"residential"},"geometry":{"type":"LineString","coordinates":[[-74.0885,4.64881],[-74.08858,4.6488],[-74.08862,4.64879],[-74.08865,4.64877],[-74.08875,4.64863],[-74.08878,4.64858],[-74.0888,4.64856]]}},{"type":"Feature","properties":{"id":"87049489","nom":"Carrera 53","tipo":"residential"},"geometry":{"type":"LineString","coordinates":[[-74.08762,4.64878],[-74.08768,4.64876],[-74.08773,4.64873],[-74.08786,4.64859],[-74.08789,4.64857],[-74.08793,4.64855],[-74.08802,4.64853],[-74.0881,4.64853]]}},{"type":"Feature","properties":{"id":"87049491","nom":"Carrera 57","tipo":"residential"},"geometry":{"type":"LineString","coordinates":[[-74.09021,4.64954],[-74.09008,4.64973],[-74.08999,4.64986]]}},{"type":"Feature","properties":{"id":"87051567","nom":"Carrera 57","tipo":"residential"},"geometry":{"type":"LineString","coordinates":[[-74.08981,4.65006],[-74.08992,4.64999],[-74.08997,4.64996],[-74.09004,4.64996],[-74.09012,4.64996]]}},{"type":"Feature","properties":{"id":"89527086","nom":"Avenida Carrera 13","tipo":"secondary"},"geometry":{"type":"LineString","coordinates":[[-74.06517,4.63963],[-74.06524,4.63917],[-74.06528,4.6389],[-74.06532,4.63869],[-74.0654,4.63823],[-74.06541,4.63817],[-74.06546,4.63788],[-74.06548,4.63776],[-74.06554,4.63742],[-74.06556,4.63726],[-74.06557,4.63722],[-74.0656,4.63703],[-74.06572,4.63635],[-74.06572,4.63631],[-74.06573,4.63628],[-74.06585,4.63556],[-74.06589,4.63525],[-74.06604,4.63426],[-74.06605,4.63422],[-74.06611,4.63392],[-74.06619,4.63344],[-74.06624,4.63318],[-74.06625,4.63314]]}},{"type":"Feature","properties":{"id":"89574226","nom":"Calle 39","tipo":"residential"},"geometry":{"type":"LineString","coordinates":[[-74.07547,4.62783],[-74.07556,4.62784],[-74.0756,4.62785],[-74.07567,4.62785],[-74.07596,4.62785],[-74.07618,4.62785],[-74.07629,4.62784],[-74.07655,4.62782],[-74.07687,4.62779],[-74.0771,4.62775],[-74.07729,4.6277],[-74.0774,4.62767],[-74.07744,4.62766]]}},{"type":"Feature","properties":{"id":"89574283","nom":"","tipo":"trunk_link"},"geometry":{"type":"LineString","coordinates":[[-74.08036,4.62586],[-74.08034,4.62573],[-74.08033,4.62566],[-74.08034,4.62558],[-74.08037,4.62547],[-74.08042,4.62534],[-74.08044,4.62529],[-74.08047,4.62523],[-74.08054,4.62512],[-74.08062,4.625],[-74.08076,4.62486],[-74.08084,4.62479],[-74.08087,4.62477],[-74.08093,4.62473],[-74.08102,4.62468],[-74.08109,4.62466],[-74.08119,4.62463],[-74.08128,4.62461],[-74.08134,4.62461],[-74.08154,4.62462],[-74.08202,4.62466],[-74.08219,4.62468],[-74.08225,4.6247],[-74.08231,4.62472],[-74.08234,4.62474],[-74.08237,4.62477],[-74.0824,4.6248],[-74.08242,4.62483],[-74.08242,4.62484],[-74.08243,4.62487],[-74.08243,4.62492],[-74.08244,4.62497],[-74.08243,4.62503],[-74.0824,4.62512]]}},{"type":"Feature","properties":{"id":"89574300","nom":"Calle 37","tipo":"residential"},"geometry":{"type":"LineString","coordinates":[[-74.07716,4.62685],[-74.07711,4.62687],[-74.07708,4.62688],[-74.07704,4.62688],[-74.07688,4.62685]]}},{"type":"Feature","properties":{"id":"89574340","nom":"Calle 36","tipo":"residential"},"geometry":{"type":"LineString","coordinates":[[-74.07685,4.62599],[-74.07679,4.62598],[-74.07641,4.62592],[-74.07557,4.62578],[-74.07475,4.62564]]}},{"type":"Feature","properties":{"id":"89574341","nom":"Carrera 24","tipo":"residential"},"geometry":{"type":"LineString","coordinates":[[-74.07544,4.62659],[-74.07545,4.62654],[-74.07557,4.62578],[-74.07568,4.62491],[-74.07577,4.62417],[-74.07578,4.62414]]}},{"type":"Feature","properties":{"id":"89574363","nom":"Calle 35","tipo":"residential"},"geometry":{"type":"LineString","coordinates":[[-74.07653,4.62507],[-74.07648,4.62506],[-74.07568,4.62491],[-74.07492,4.62477],[-74.07427,4.62465],[-74.0736,4.62453],[-74.07354,4.62452]]}},{"type":"Feature","properties":{"id":"89574374","nom":"Carrera 25","tipo":"residential"},"geometry":{"type":"LineString","coordinates":[[-74.07619,4.62928],[-74.07621,4.62896],[-74.07629,4.62784]]}},{"type":"Feature","properties":{"id":"89574397","nom":"Avenida Carrera 28","tipo":"secondary"},"geometry":{"type":"LineString","coordinates":[[-74.07716,4.62685],[-74.0772,4.62697],[-74.07723,4.62704],[-74.07733,4.62732],[-74.07744,4.62766]]}},{"type":"Feature","properties":{"id":"89595220","nom":"Avenida Carrera 30","tipo":"trunk"},"geometry":{"type":"LineString","coordinates":[[-74.08263,4.6255],[-74.08328,4.62501],[-74.08332,4.62497],[-74.08335,4.62493],[-74.08338,4.62488],[-74.08347,4.62469],[-74.08355,4.6245],[-74.08358,4.62443],[-74.08362,4.62436],[-74.08368,4.62427],[-74.08387,4.62405]]}},{"type":"Feature","properties":{"id":"89631936","nom":"Avenida Calle 57","tipo":"secondary"},"geometry":{"type":"LineString","coordinates":[[-74.06555,4.64401],[-74.06551,4.644],[-74.06485,4.64388],[-74.06456,4.64383],[-74.06451,4.64382],[-74.06447,4.64381]]}},{"type":"Feature","properties":{"id":"89631967","nom":"Avenida Calle 57","tipo":"secondary"},"geometry":{"type":"LineString","coordinates":[[-74.06553,4.64409],[-74.06558,4.6441],[-74.06568,4.64412],[-74.06575,4.64413]]}},{"type":"Feature","properties":{"id":"89632001","nom":"Avenida Calle 57","tipo":"secondary"},"geometry":{"type":"LineString","coordinates":[[-74.06651,4.64427],[-74.0668,4.64433]]}},{"type":"Feature","properties":{"id":"89700398","nom":"Avenida Calle 53","tipo":"secondary"},"geometry":{"type":"LineString","coordinates":[[-74.06507,4.64024],[-74.06514,4.64025],[-74.06559,4.64033],[-74.06602,4.64041],[-74.06606,4.64041],[-74.06612,4.64042],[-74.06616,4.64042]]}},{"type":"Feature","properties":{"id":"89702293","nom":"Calle 49","tipo":"tertiary"},"geometry":{"type":"LineString","coordinates":[[-74.06463,4.63613],[-74.0647,4.63612],[-74.06473,4.63612],[-74.06476,4.63612],[-74.06479,4.63612],[-74.06516,4.63619],[-74.06561,4.63627],[-74.06565,4.63627],[-74.06573,4.63628]]}},{"type":"Feature","properties":{"id":"89702300","nom":"Calle 52","tipo":"residential"},"geometry":{"type":"LineString","coordinates":[[-74.06524,4.63917],[-74.06518,4.63914],[-74.06515,4.63912],[-74.06398,4.6386]]}},{"type":"Feature","properties":{"id":"89702373","nom":"Calle 48","tipo":"residential"},"geometry":{"type":"LineString","coordinates":[[-74.06589,4.63525],[-74.06582,4.63524],[-74.06582,4.63524],[-74.06577,4.63523],[-74.06549,4.63518],[-74.06529,4.63514],[-74.06494,4.63507],[-74.06439,4.63496]]}},{"type":"Feature","properties":{"id":"89702498","nom":"Calle 47","tipo":"residential"},"geometry":{"type":"LineString","coordinates":[[-74.06388,4.63374],[-74.06394,4.63374],[-74.06405,4.63375],[-74.06412,4.63376],[-74.06419,4.63377],[-74.06456,4.63385],[-74.06525,4.63401],[-74.06583,4.63413],[-74.06589,4.63414],[-74.06594,4.63416],[-74.066,4.63419],[-74.06605,4.63422],[-74.06612,4.63425],[-74.06614,4.63426],[-74.06621,4.63427],[-74.06652,4.63434],[-74.06711,4.63445],[-74.06715,4.63446],[-74.06719,4.63446]]}},{"type":"Feature","properties":{"id":"89704030","nom":"Avenida Calle 45","tipo":"secondary"},"geometry":{"type":"LineString","coordinates":[[-74.06758,4.63247],[-74.06752,4.63246],[-74.06716,4.63241],[-74.0669,4.63238],[-74.06678,4.63235],[-74.06671,4.63233],[-74.06665,4.6323],[-74.06659,4.63227],[-74.06652,4.63223],[-74.06647,4.63221],[-74.06643,4.63218]]}},{"type":"Feature","properties":{"id":"89704043","nom":"Calle 46","tipo":"tertiary"},"geometry":{"type":"LineString","coordinates":[[-74.06474,4.63282],[-74.0651,4.63289],[-74.06529,4.63294],[-74.06533,4.63295],[-74.06539,4.63296],[-74.06552,4.63299]]}},{"type":"Feature","properties":{"id":"89704106","nom":"Calle 46","tipo":"residential"},"geometry":{"type":"LineString","coordinates":[[-74.06625,4.63314],[-74.0663,4.63315],[-74.06639,4.63317],[-74.06655,4.6332],[-74.06663,4.63322],[-74.0668,4.63325],[-74.06692,4.63328],[-74.06698,4.63329],[-74.06706,4.6333],[-74.06733,4.63336]]}},{"type":"Feature","properties":{"id":"89716861","nom":"Avenida Carrera 7","tipo":"primary"},"geometry":{"type":"LineString","coordinates":[[-74.06579,4.62599],[-74.06583,4.62584],[-74.06586,4.62568]]}},{"type":"Feature","properties":{"id":"89716873","nom":"Calle 42","tipo":"residential"},"geometry":{"type":"LineString","coordinates":[[-74.06489,4.62945],[-74.06496,4.62947],[-74.06547,4.62957]]}},{"type":"Feature","properties":{"id":"89716892","nom":"Diagonal 40A","tipo":"tertiary"},"geometry":{"type":"LineString","coordinates":[[-74.06586,4.62568],[-74.06583,4.62568],[-74.06576,4.62566]]}},{"type":"Feature","properties":{"id":"89716907","nom":"Calle 41","tipo":"residential"},"geometry":{"type":"LineString","coordinates":[[-74.06695,4.629],[-74.06702,4.62901],[-74.06706,4.62902],[-74.06727,4.62906],[-74.06758,4.62913]]}},{"type":"Feature","properties":{"id":"89716908","nom":"Diagonal 40A","tipo":"tertiary"},"geometry":{"type":"LineString","coordinates":[[-74.0686,4.62808],[-74.06863,4.62811],[-74.06865,4.62812],[-74.06951,4.62881]]}},{"type":"Feature","properties":{"id":"89716919","nom":"Calle 37","tipo":"residential"},"geometry":{"type":"LineString","coordinates":[[-74.06671,4.62493],[-74.0675,4.62509],[-74.06754,4.6251],[-74.06759,4.62511],[-74.06766,4.62512],[-74.06823,4.62523]]}},{"type":"Feature","properties":{"id":"89716950","nom":"Calle 38","tipo":"residential"},"geometry":{"type":"LineString","coordinates":[[-74.06743,4.62595],[-74.0674,4.62594],[-74.06739,4.62594],[-74.06737,4.62594],[-74.06716,4.62591],[-74.06665,4.62584],[-74.06651,4.62582]]}},{"type":"Feature","properties":{"id":"89716977","nom":"Calle 40","tipo":"residential"},"geometry":{"type":"LineString","coordinates":[[-74.06763,4.62793],[-74.06767,4.62796],[-74.0677,4.62799],[-74.06787,4.62808],[-74.06792,4.62811],[-74.068,4.62819],[-74.06821,4.6285]]}},{"type":"Feature","properties":{"id":"89716984","nom":"Carrera 8","tipo":"residential"},"geometry":{"type":"LineString","coordinates":[[-74.06651,4.62582],[-74.06643,4.6261],[-74.06639,4.62626],[-74.06637,4.62631]]}},{"type":"Feature","properties":{"id":"89716987","nom":"Calle 43","tipo":"residential"},"geometry":{"type":"LineString","coordinates":[[-74.06558,4.63042],[-74.06471,4.63027],[-74.06465,4.63026]]}},{"type":"Feature","properties":{"id":"89716999","nom":"Avenida Carrera 7","tipo":"primary"},"geometry":{"type":"LineString","coordinates":[[-74.0657,4.62594],[-74.06568,4.626],[-74.06563,4.62625],[-74.06556,4.62651],[-74.06549,4.62681],[-74.0654,4.62719],[-74.06539,4.6272]]}},{"type":"Feature","properties":{"id":"89717014","nom":"Calle 41","tipo":"residential"},"geometry":{"type":"LineString","coordinates":[[-74.06587,4.62881],[-74.06612,4.62885],[-74.06683,4.62898],[-74.06688,4.62899],[-74.06695,4.629]]}},{"type":"Feature","properties":{"id":"89717064","nom":"Calle 42","tipo":"tertiary"},"geometry":{"type":"LineString","coordinates":[[-74.06802,4.62999],[-74.06797,4.62999],[-74.06791,4.63],[-74.06787,4.63],[-74.06783,4.62999],[-74.06744,4.62991],[-74.06689,4.6298],[-74.06682,4.62979]]}},{"type":"Feature","properties":{"id":"89717070","nom":"Avenida Carrera 7","tipo":"primary"},"geometry":{"type":"LineString","coordinates":[[-74.06503,4.62871],[-74.06493,4.62903],[-74.06488,4.62922],[-74.06485,4.6293],[-74.06476,4.62958],[-74.06449,4.63042],[-74.06425,4.63111],[-74.06422,4.6312],[-74.06421,4.63124],[-74.06417,4.63135]]}},{"type":"Feature","properties":{"id":"89717073","nom":"Carrera 9","tipo":"residential"},"geometry":{"type":"LineString","coordinates":[[-74.06602,4.63028],[-74.066,4.6303],[-74.06598,4.63033],[-74.06596,4.63049],[-74.06593,4.6307],[-74.06593,4.63071],[-74.06594,4.63073]]}},{"type":"Feature","properties":{"id":"89717092","nom":"Calle 43A","tipo":"residential"},"geometry":{"type":"LineString","coordinates":[[-74.06594,4.63073],[-74.06595,4.63074],[-74.06596,4.63074],[-74.06604,4.63076],[-74.06656,4.63086],[-74.06664,4.63087],[-74.06672,4.63089],[-74.06701,4.63095],[-74.06703,4.63095],[-74.06704,4.63094]]}},{"type":"Feature","properties":{"id":"89717109","nom":"Diagonal 40A","tipo":"tertiary"},"geometry":{"type":"LineString","coordinates":[[-74.06417,4.62429],[-74.06449,4.62466],[-74.06452,4.6247],[-74.0646,4.62478],[-74.06477,4.62497],[-74.06505,4.6253],[-74.0651,4.62537],[-74.06515,4.62546],[-74.06522,4.62559],[-74.06526,4.62566],[-74.06531,4.62571],[-74.06537,4.62576],[-74.06542,4.62579],[-74.06556,4.62587],[-74.06558,4.62588],[-74.06561,4.6259],[-74.0657,4.62594]]}},{"type":"Feature","properties":{"id":"89717124","nom":"Carrera 14A","tipo":"tertiary"},"geometry":{"type":"LineString","coordinates":[[-74.06855,4.63038],[-74.06856,4.63031],[-74.06858,4.63021],[-74.06863,4.63003]]}},{"type":"Feature","properties":{"id":"89720015","nom":"Diagonal 35 Bis","tipo":"secondary"},"geometry":{"type":"LineString","coordinates":[[-74.07414,4.62534],[-74.07411,4.62531],[-74.07408,4.62529],[-74.07381,4.62504],[-74.07355,4.62479],[-74.07353,4.62477],[-74.0735,4.62475]]}},{"type":"Feature","properties":{"id":"89720027","nom":"Carrera 16","tipo":"residential"},"geometry":{"type":"LineString","coordinates":[[-74.0708,4.62601],[-74.07079,4.62604],[-74.07071,4.62654],[-74.07061,4.62709],[-74.07056,4.62744],[-74.07047,4.62796],[-74.07031,4.62891]]}},{"type":"Feature","properties":{"id":"89720038","nom":"Carrera 20","tipo":"residential"},"geometry":{"type":"LineString","coordinates":[[-74.07356,4.62848],[-74.07354,4.62856],[-74.07341,4.62922],[-74.0734,4.62927],[-74.07338,4.62936],[-74.07325,4.63009],[-74.07324,4.63014]]}},{"type":"Feature","properties":{"id":"89720045","nom":"Carrera 16","tipo":"residential"},"geometry":{"type":"LineString","coordinates":[[-74.07008,4.63019],[-74.07007,4.63021],[-74.07007,4.63021],[-74.07002,4.63047],[-74.07001,4.63052],[-74.06988,4.6313],[-74.06982,4.63171],[-74.06979,4.63193],[-74.06978,4.63195],[-74.06978,4.63198],[-74.06978,4.63204]]}},{"type":"Feature","properties":{"id":"89720051","nom":"Carrera 16","tipo":"residential"},"geometry":{"type":"LineString","coordinates":[[-74.0701,4.63005],[-74.07008,4.63017]]}},{"type":"Feature","properties":{"id":"89720054","nom":"Calle 39A","tipo":"residential"},"geometry":{"type":"LineString","coordinates":[[-74.07112,4.62806],[-74.07177,4.62818],[-74.07224,4.62826],[-74.07278,4.62836],[-74.07281,4.62837]]}},{"type":"Feature","properties":{"id":"89720065","nom":"Carrera 21","tipo":"residential"},"geometry":{"type":"LineString","coordinates":[[-74.07367,4.63145],[-74.07389,4.63025],[-74.07405,4.62939],[-74.0742,4.62859],[-74.07436,4.62774],[-74.07437,4.62767],[-74.07438,4.62762],[-74.07461,4.62645]]}},{"type":"Feature","properties":{"id":"89720066","nom":"Carrera 20","tipo":"residential"},"geometry":{"type":"LineString","coordinates":[[-74.0741,4.62553],[-74.07409,4.62555],[-74.07396,4.62627],[-74.07395,4.62633],[-74.07394,4.62639],[-74.07373,4.62751],[-74.07372,4.62756]]}},{"type":"Feature","properties":{"id":"89720071","nom":"Carrera 20","tipo":"residential"},"geometry":{"type":"LineString","coordinates":[[-74.07372,4.62756],[-74.07371,4.62762],[-74.07356,4.62848]]}},{"type":"Feature","properties":{"id":"89720074","nom":"Carrera 21","tipo":"residential"},"geometry":{"type":"LineString","coordinates":[[-74.07353,4.63213],[-74.07354,4.63209],[-74.07367,4.63145]]}},{"type":"Feature","properties":{"id":"89724957","nom":"Diagonal 40A Bis","tipo":"tertiary"},"geometry":{"type":"LineString","coordinates":[[-74.07008,4.63019],[-74.07014,4.63021],[-74.07093,4.63039],[-74.07098,4.6304]]}},{"type":"Feature","properties":{"id":"89724959","nom":"Avenida Carrera 24","tipo":"secondary"},"geometry":{"type":"LineString","coordinates":[[-74.07501,4.6292],[-74.07499,4.62944],[-74.07498,4.62955],[-74.07491,4.63035],[-74.0749,4.63043],[-74.07489,4.6305],[-74.07488,4.63061],[-74.07486,4.63084],[-74.07484,4.63107],[-74.07484,4.63117],[-74.07483,4.6313],[-74.07483,4.63142],[-74.07483,4.63147]]}},{"type":"Feature","properties":{"id":"89724975","nom":"Calle 42","tipo":"residential"},"geometry":{"type":"LineString","coordinates":[[-74.07093,4.63064],[-74.07082,4.63062],[-74.07047,4.63056],[-74.07002,4.63047],[-74.06916,4.63031],[-74.06858,4.63021]]}},{"type":"Feature","properties":{"id":"89724993","nom":"Avenida Carrera 28","tipo":"secondary"},"geometry":{"type":"LineString","coordinates":[[-74.07808,4.62906],[-74.07806,4.629],[-74.07787,4.62845],[-74.07759,4.62767],[-74.07757,4.62761]]}},{"type":"Feature","properties":{"id":"89725003","nom":"Calle 35A","tipo":"residential"},"geometry":{"type":"LineString","coordinates":[[-74.07763,4.62551],[-74.07823,4.62525],[-74.07871,4.62504],[-74.07879,4.625],[-74.07884,4.62498]]}},{"type":"Feature","properties":{"id":"89725012","nom":"Calle 37","tipo":"residential"},"geometry":{"type":"LineString","coordinates":[[-74.06946,4.62561],[-74.06987,4.62575],[-74.06991,4.62576],[-74.06997,4.62578],[-74.07035,4.62589],[-74.07074,4.626],[-74.0708,4.62601],[-74.07088,4.62602],[-74.07111,4.62607],[-74.07127,4.62609],[-74.07172,4.62616],[-74.07198,4.62614]]}},{"type":"Feature","properties":{"id":"89725038","nom":"Calle 37","tipo":"residential"},"geometry":{"type":"LineString","coordinates":[[-74.07198,4.62614],[-74.0725,4.6261],[-74.07255,4.6261]]}},{"type":"Feature","properties":{"id":"89725040","nom":"Avenida Carrera 30","tipo":"trunk"},"geometry":{"type":"LineString","coordinates":[[-74.08013,4.62988],[-74.08019,4.62947],[-74.08022,4.62931],[-74.08025,4.62913],[-74.0803,4.62892],[-74.08052,4.62832]]}},{"type":"Feature","properties":{"id":"89725043","nom":"Calle 39","tipo":"residential"},"geometry":{"type":"LineString","coordinates":[[-74.07061,4.62709],[-74.07125,4.62719],[-74.07141,4.62722],[-74.07187,4.62729],[-74.07191,4.6273],[-74.07211,4.62733],[-74.07227,4.62736]]}},{"type":"Feature","properties":{"id":"89725044","nom":"Carrera 21","tipo":"residential"},"geometry":{"type":"LineString","coordinates":[[-74.07472,4.62579],[-74.07473,4.62574],[-74.07475,4.62564],[-74.07492,4.62477],[-74.07506,4.62404],[-74.07507,4.62401]]}},{"type":"Feature","properties":{"id":"89725056","nom":"Calle 37","tipo":"residential"},"geometry":{"type":"LineString","coordinates":[[-74.07255,4.6261],[-74.07262,4.6261]]}},{"type":"Feature","properties":{"id":"89725062","nom":"Calle 39A","tipo":"residential"},"geometry":{"type":"LineString","coordinates":[[-74.07808,4.62906],[-74.07796,4.6291]]}},{"type":"Feature","properties":{"id":"89725064","nom":"Calle 39 Bis","tipo":"residential"},"geometry":{"type":"LineString","coordinates":[[-74.06879,4.62749],[-74.06935,4.62758]]}},{"type":"Feature","properties":{"id":"89725071","nom":"Avenida Carrera 30","tipo":"trunk"},"geometry":{"type":"LineString","coordinates":[[-74.08007,4.62897],[-74.07994,4.62932],[-74.07991,4.62939],[-74.07987,4.6295],[-74.07983,4.62966],[-74.07979,4.6299],[-74.07976,4.6301],[-74.07971,4.63041],[-74.07966,4.63091]]}},{"type":"Feature","properties":{"id":"89725089","nom":"Transversal 28A","tipo":"residential"},"geometry":{"type":"LineString","coordinates":[[-74.07872,4.62887],[-74.07873,4.62879],[-74.07853,4.62824],[-74.07825,4.62738]]}},{"type":"Feature","properties":{"id":"89725105","nom":"Calle 38","tipo":"residential"},"geometry":{"type":"LineString","coordinates":[[-74.07134,4.62666],[-74.07101,4.6266],[-74.07092,4.62658],[-74.07071,4.62654],[-74.07052,4.62651],[-74.0698,4.6264]]}},{"type":"Feature","properties":{"id":"89725124","nom":"Transversal 18A Bis","tipo":"secondary"},"geometry":{"type":"LineString","coordinates":[[-74.07293,4.62798],[-74.07291,4.62782],[-74.07288,4.62752],[-74.07287,4.62745]]}},{"type":"Feature","properties":{"id":"89725139","nom":"Carrera 29","tipo":"residential"},"geometry":{"type":"LineString","coordinates":[[-74.07906,4.6308],[-74.07906,4.63075],[-74.07907,4.63061],[-74.07914,4.62981],[-74.07922,4.6289],[-74.07926,4.62837],[-74.07929,4.62804],[-74.0793,4.62786],[-74.07934,4.62737],[-74.07937,4.62702],[-74.07939,4.62686]]}},{"type":"Feature","properties":{"id":"89725140","nom":"Calle 39A","tipo":"residential"},"geometry":{"type":"LineString","coordinates":[[-74.07922,4.6289],[-74.07872,4.62887],[-74.07811,4.62905],[-74.07808,4.62906]]}},{"type":"Feature","properties":{"id":"89725144","nom":"Diagonal 40A","tipo":"tertiary"},"geometry":{"type":"LineString","coordinates":[[-74.07098,4.6304],[-74.07109,4.63044],[-74.07119,4.63049],[-74.07134,4.63061]]}},{"type":"Feature","properties":{"id":"89725150","nom":"Carrera 20","tipo":"residential"},"geometry":{"type":"LineString","coordinates":[[-74.07441,4.62388],[-74.0744,4.62392],[-74.07431,4.62445],[-74.07427,4.62465],[-74.07415,4.6253],[-74.07414,4.62534]]}},{"type":"Feature","properties":{"id":"89725154","nom":"Calle 39A","tipo":"residential"},"geometry":{"type":"LineString","coordinates":[[-74.07796,4.6291],[-74.07791,4.62911],[-74.07769,4.62916],[-74.07735,4.62923],[-74.07684,4.62926],[-74.07619,4.62928]]}},{"type":"Feature","properties":{"id":"89725173","nom":"Transversal 18A Bis","tipo":"secondary"},"geometry":{"type":"LineString","coordinates":[[-74.07263,4.62635],[-74.0727,4.62658],[-74.07275,4.62683]]}},{"type":"Feature","properties":{"id":"89725194","nom":"Carrera 15","tipo":"residential"},"geometry":{"type":"LineString","coordinates":[[-74.0697,4.62694],[-74.0698,4.6264],[-74.0699,4.62579],[-74.06991,4.62576],[-74.06992,4.62569],[-74.06993,4.62565],[-74.07007,4.62484],[-74.07008,4.62479]]}},{"type":"Feature","properties":{"id":"89725209","nom":"Diagonal 39A Bis","tipo":"residential"},"geometry":{"type":"LineString","coordinates":[[-74.06981,4.62801],[-74.06979,4.62801],[-74.06976,4.62801],[-74.06974,4.628],[-74.06972,4.62799],[-74.06939,4.62772],[-74.06937,4.6277],[-74.06935,4.62769],[-74.06934,4.62767],[-74.06934,4.62764],[-74.06935,4.62758]]}},{"type":"Feature","properties":{"id":"89725217","nom":"Transversal 29","tipo":"residential"},"geometry":{"type":"LineString","coordinates":[[-74.07939,4.62686],[-74.07933,4.62633]]}},{"type":"Feature","properties":{"id":"89725222","nom":"Calle 39","tipo":"residential"},"geometry":{"type":"LineString","coordinates":[[-74.07757,4.62761],[-74.0776,4.6276],[-74.07764,4.62759],[-74.07825,4.62738],[-74.07893,4.62715],[-74.07937,4.62702]]}},{"type":"Feature","properties":{"id":"89725224","nom":"Carrera 18A","tipo":"residential"},"geometry":{"type":"LineString","coordinates":[[-74.07242,4.62734],[-74.07242,4.62738],[-74.07224,4.62826],[-74.07208,4.62905]]}},{"type":"Feature","properties":{"id":"89725231","nom":"Carrera 17","tipo":"tertiary"},"geometry":{"type":"LineString","coordinates":[[-74.07102,4.63023],[-74.07101,4.63026]]}},{"type":"Feature","properties":{"id":"89725247","nom":"Transversal 17","tipo":"tertiary"},"geometry":{"type":"LineString","coordinates":[[-74.07106,4.63008],[-74.0711,4.63009],[-74.07113,4.6301],[-74.07116,4.6301],[-74.0712,4.63009]]}},{"type":"Feature","properties":{"id":"89725251","nom":"Avenida Carrera 28","tipo":"secondary"},"geometry":{"type":"LineString","coordinates":[[-74.07692,4.62581],[-74.07673,4.62526],[-74.07667,4.62509],[-74.07642,4.6244],[-74.07637,4.62428],[-74.07636,4.62424]]}},{"type":"Feature","properties":{"id":"89725253","nom":"Diagonal 36 Bis","tipo":"secondary"},"geometry":{"type":"LineString","coordinates":[[-74.0741,4.62553],[-74.07415,4.62554],[-74.07417,4.62555],[-74.07418,4.62555],[-74.07419,4.62556],[-74.07425,4.62561],[-74.07431,4.62568],[-74.07443,4.6258],[-74.07453,4.62593],[-74.0747,4.62615],[-74.07473,4.6262],[-74.07477,4.62626],[-74.07482,4.62632]]}},{"type":"Feature","properties":{"id":"89725257","nom":"Avenida Carrera 28","tipo":"secondary"},"geometry":{"type":"LineString","coordinates":[[-74.07727,4.62678],[-74.07726,4.62674],[-74.07692,4.62581]]}},{"type":"Feature","properties":{"id":"89725270","nom":"Transversal 28B","tipo":"residential"},"geometry":{"type":"LineString","coordinates":[[-74.0793,4.62786],[-74.07925,4.62785],[-74.07921,4.62782],[-74.07917,4.62777],[-74.07893,4.62715]]}},{"type":"Feature","properties":{"id":"89725276","nom":"Avenida Carrera 24","tipo":"secondary"},"geometry":{"type":"LineString","coordinates":[[-74.07524,4.63243],[-74.07522,4.63233],[-74.07521,4.63219],[-74.07519,4.63205],[-74.07519,4.63193],[-74.07518,4.63181],[-74.07518,4.63171],[-74.07518,4.63153],[-74.07518,4.63148]]}},{"type":"Feature","properties":{"id":"89725279","nom":"Diagonal 40A Bis","tipo":"tertiary"},"geometry":{"type":"LineString","coordinates":[[-74.07102,4.63023],[-74.07096,4.63022],[-74.07021,4.63005],[-74.07018,4.63004],[-74.07011,4.63002],[-74.07008,4.63001],[-74.06995,4.62995],[-74.06983,4.62989],[-74.06971,4.62982],[-74.06958,4.62973],[-74.06916,4.62942]]}},{"type":"Feature","properties":{"id":"89725285","nom":"Carrera 15A Bis","tipo":"residential"},"geometry":{"type":"LineString","coordinates":[[-74.06983,4.62766],[-74.06989,4.62767],[-74.06987,4.62785]]}},{"type":"Feature","properties":{"id":"89725289","nom":"Calle 40","tipo":"residential"},"geometry":{"type":"LineString","coordinates":[[-74.07256,4.63002],[-74.0725,4.63001]]}},{"type":"Feature","properties":{"id":"89739302","nom":"Avenida Carrera 28","tipo":"secondary"},"geometry":{"type":"LineString","coordinates":[[-74.07876,4.63097],[-74.07869,4.63079],[-74.0786,4.63053],[-74.07859,4.63049],[-74.07808,4.62906]]}},{"type":"Feature","properties":{"id":"89739304","nom":"Avenida Carrera 30","tipo":"trunk"},"geometry":{"type":"LineString","coordinates":[[-74.07999,4.63098],[-74.08003,4.63067],[-74.08013,4.62988]]}},{"type":"Feature","properties":{"id":"89748674","nom":"Diagonal 42 Bis","tipo":"tertiary"},"geometry":{"type":"LineString","coordinates":[[-74.06902,4.63107],[-74.06898,4.63102],[-74.06857,4.63049],[-74.06855,4.63044],[-74.06855,4.63041],[-74.06855,4.63038]]}},{"type":"Feature","properties":{"id":"89748676","nom":"Diagonal 43 Bis","tipo":"tertiary"},"geometry":{"type":"LineString","coordinates":[[-74.06899,4.63121],[-74.0696,4.63199],[-74.06962,4.63201]]}},{"type":"Feature","properties":{"id":"89748679","nom":"Calle 42","tipo":"residential"},"geometry":{"type":"LineString","coordinates":[[-74.07926,4.63309],[-74.07883,4.63299],[-74.07815,4.63284],[-74.07754,4.6327],[-74.07679,4.63257],[-74.07605,4.6325],[-74.07596,4.6325]]}},{"type":"Feature","properties":{"id":"89748683","nom":"Avenida Calle 45","tipo":"secondary"},"geometry":{"type":"LineString","coordinates":[[-74.07545,4.63389],[-74.07535,4.63388]]}},{"type":"Feature","properties":{"id":"89748691","nom":"Carrera 27","tipo":"residential"},"geometry":{"type":"LineString","coordinates":[[-74.07754,4.6327],[-74.07738,4.63341],[-74.07724,4.63405],[-74.07723,4.6341]]}},{"type":"Feature","properties":{"id":"89748694","nom":"Avenida Carrera 30","tipo":"trunk"},"geometry":{"type":"LineString","coordinates":[[-74.07935,4.63451],[-74.07931,4.6349]]}},{"type":"Feature","properties":{"id":"89748747","nom":"Avenida Calle 42","tipo":"tertiary"},"geometry":{"type":"LineString","coordinates":[[-74.07036,4.63296],[-74.07045,4.63307]]}},{"type":"Feature","properties":{"id":"89748754","nom":"Carrera 26A","tipo":"residential"},"geometry":{"type":"LineString","coordinates":[[-74.0771,4.62775],[-74.07725,4.62841],[-74.07735,4.62923],[-74.0774,4.6298],[-74.07744,4.63038],[-74.0775,4.63095],[-74.07753,4.63123],[-74.07752,4.63129]]}},{"type":"Feature","properties":{"id":"89748760","nom":"Avenida Carrera 28","tipo":"secondary"},"geometry":{"type":"LineString","coordinates":[[-74.07908,4.63227],[-74.07919,4.63259],[-74.07928,4.63281],[-74.07931,4.63292],[-74.07938,4.63308],[-74.07938,4.63312]]}},{"type":"Feature","properties":{"id":"89748769","nom":"Carrera 21","tipo":"residential"},"geometry":{"type":"LineString","coordinates":[[-74.07341,4.63276],[-74.07335,4.63307],[-74.07334,4.63312]]}},{"type":"Feature","properties":{"id":"89748775","nom":"Avenida Carrera 19","tipo":"secondary"},"geometry":{"type":"LineString","coordinates":[[-74.07208,4.63268],[-74.07209,4.63258],[-74.07211,4.63252],[-74.07217,4.63212],[-74.07224,4.63172]]}},{"type":"Feature","properties":{"id":"89748782","nom":"Diagonal 43 Bis","tipo":"tertiary"},"geometry":{"type":"LineString","coordinates":[[-74.06962,4.63201],[-74.06977,4.63221]]}},{"type":"Feature","properties":{"id":"89748802","nom":"Avenida Carrera 19","tipo":"secondary"},"geometry":{"type":"LineString","coordinates":[[-74.07186,4.63333],[-74.07185,4.63338],[-74.07177,4.63383],[-74.07173,4.63404],[-74.07169,4.63432],[-74.07168,4.63435],[-74.07167,4.63437],[-74.07166,4.63439],[-74.07164,4.63441]]}},{"type":"Feature","properties":{"id":"89748818","nom":"Diagonal 42A","tipo":"tertiary"},"geometry":{"type":"LineString","coordinates":[[-74.07224,4.63133],[-74.07231,4.63139]]}},{"type":"Feature","properties":{"id":"89748827","nom":"Calle 44","tipo":"residential"},"geometry":{"type":"LineString","coordinates":[[-74.06992,4.63222],[-74.06993,4.6322],[-74.06996,4.63218],[-74.07,4.63218],[-74.07019,4.63221],[-74.07063,4.63229],[-74.07078,4.63232],[-74.07135,4.63242],[-74.07144,4.63244]]}},{"type":"Feature","properties":{"id":"89748836","nom":"Transversal 17","tipo":"secondary"},"geometry":{"type":"LineString","coordinates":[[-74.07164,4.63441],[-74.07155,4.63448]]}},{"type":"Feature","properties":{"id":"89748875","nom":"Calle 44","tipo":"residential"},"geometry":{"type":"LineString","coordinates":[[-74.06887,4.63189],[-74.06805,4.63173]]}},{"type":"Feature","properties":{"id":"89748877","nom":"Avenida Carrera 19","tipo":"secondary"},"geometry":{"type":"LineString","coordinates":[[-74.07195,4.63335],[-74.07197,4.63326]]}},{"type":"Feature","properties":{"id":"89748878","nom":"Avenida Carrera 30","tipo":"trunk"},"geometry":{"type":"LineString","coordinates":[[-74.07695,4.6611],[-74.07702,4.66087],[-74.07716,4.66044],[-74.07725,4.66011],[-74.07731,4.65983],[-74.07742,4.65926],[-74.07747,4.65896],[-74.07764,4.65828],[-74.07771,4.65792],[-74.07779,4.6575],[-74.07786,4.65707],[-74.07815,4.65426],[-74.0783,4.65215],[-74.07832,4.65193]]}},{"type":"Feature","properties":{"id":"89748881","nom":"Avenida Calle 42","tipo":"tertiary"},"geometry":{"type":"LineString","coordinates":[[-74.07062,4.6331],[-74.07052,4.63299]]}},{"type":"Feature","properties":{"id":"89748884","nom":"Carrera 27A","tipo":"residential"},"geometry":{"type":"LineString","coordinates":[[-74.07856,4.63083],[-74.07854,4.63094],[-74.0783,4.6321],[-74.07815,4.63284],[-74.07801,4.63353],[-74.07787,4.63416],[-74.07786,4.63421]]}},{"type":"Feature","properties":{"id":"89748886","nom":"Carrera 16","tipo":"residential"},"geometry":{"type":"LineString","coordinates":[[-74.06972,4.63284],[-74.06972,4.63281],[-74.06983,4.63231],[-74.06983,4.63228]]}},{"type":"Feature","properties":{"id":"89748889","nom":"Carrera 15","tipo":"residential"},"geometry":{"type":"LineString","coordinates":[[-74.06899,4.63121],[-74.06899,4.63125],[-74.06887,4.63189]]}},{"type":"Feature","properties":{"id":"89748891","nom":"Avenida Carrera 19","tipo":"secondary"},"geometry":{"type":"LineString","coordinates":[[-74.07224,4.63133],[-74.07222,4.63141],[-74.07218,4.63158],[-74.07216,4.63171],[-74.07207,4.63218],[-74.072,4.63258],[-74.07198,4.63267],[-74.07195,4.63283],[-74.0719,4.63314],[-74.07189,4.6332],[-74.07188,4.63324]]}},{"type":"Feature","properties":{"id":"89748900","nom":"Avenida Calle 42","tipo":"tertiary"},"geometry":{"type":"LineString","coordinates":[[-74.07052,4.63299],[-74.0705,4.63296],[-74.06992,4.63222]]}},{"type":"Feature","properties":{"id":"89748907","nom":"Calle 41","tipo":"residential"},"geometry":{"type":"LineString","coordinates":[[-74.07908,4.63227],[-74.07904,4.63226],[-74.0783,4.6321],[-74.07817,4.63207],[-74.07803,4.63204],[-74.0779,4.63199],[-74.07773,4.6319],[-74.07756,4.63181],[-74.07748,4.63173]]}},{"type":"Feature","properties":{"id":"89748911","nom":"Diagonal 43 Bis","tipo":"tertiary"},"geometry":{"type":"LineString","coordinates":[[-74.06978,4.63204],[-74.06972,4.63196],[-74.06908,4.63116],[-74.06902,4.63107]]}},{"type":"Feature","properties":{"id":"89748916","nom":"Avenida Carrera 24","tipo":"secondary"},"geometry":{"type":"LineString","coordinates":[[-74.07535,4.63388],[-74.07536,4.63399]]}},{"type":"Feature","properties":{"id":"89748934","nom":"Calle 43","tipo":"residential"},"geometry":{"type":"LineString","coordinates":[[-74.07216,4.63171],[-74.07212,4.6317],[-74.07207,4.63169],[-74.07159,4.6316],[-74.07118,4.63152],[-74.07078,4.63146],[-74.07032,4.63138],[-74.06988,4.6313],[-74.06977,4.63128],[-74.06913,4.63116],[-74.06908,4.63116],[-74.06901,4.63114],[-74.06893,4.63113],[-74.06889,4.63112],[-74.06817,4.63098]]}},{"type":"Feature","properties":{"id":"89748935","nom":"Carrera 17","tipo":"residential"},"geometry":{"type":"LineString","coordinates":[[-74.07063,4.63229],[-74.07065,4.63219],[-74.07076,4.63158],[-74.07078,4.63146],[-74.07092,4.63069],[-74.07093,4.63064]]}},{"type":"Feature","properties":{"id":"89748948","nom":"Calle 41","tipo":"residential"},"geometry":{"type":"LineString","coordinates":[[-74.07748,4.63173],[-74.07729,4.63156],[-74.07725,4.63154],[-74.07722,4.63152],[-74.0772,4.63151],[-74.07717,4.6315],[-74.07677,4.6315],[-74.0761,4.63149],[-74.07601,4.63149],[-74.07538,4.63148],[-74.07527,4.63148]]}},{"type":"Feature","properties":{"id":"89748952","nom":"Avenida Carrera 19","tipo":"secondary"},"geometry":{"type":"LineString","coordinates":[[-74.07231,4.63136],[-74.07234,4.63121],[-74.07235,4.63119]]}},{"type":"Feature","properties":{"id":"89748954","nom":"Avenida Carrera 19","tipo":"secondary"},"geometry":{"type":"LineString","coordinates":[[-74.07229,4.63114],[-74.07225,4.6313]]}},{"type":"Feature","properties":{"id":"89748957","nom":"Carrera 18A","tipo":"residential"},"geometry":{"type":"LineString","coordinates":[[-74.07132,4.63314],[-74.07132,4.6331],[-74.0714,4.63267],[-74.07142,4.63257],[-74.07144,4.63244],[-74.07146,4.63234],[-74.07151,4.63208],[-74.07158,4.63165],[-74.07159,4.6316]]}},{"type":"Feature","properties":{"id":"89748968","nom":"Calle 44","tipo":"residential"},"geometry":{"type":"LineString","coordinates":[[-74.07208,4.63268],[-74.07198,4.63267],[-74.07195,4.63266],[-74.07188,4.63265],[-74.07142,4.63257]]}},{"type":"Feature","properties":{"id":"89748977","nom":"Avenida Carrera 19","tipo":"tertiary"},"geometry":{"type":"LineString","coordinates":[[-74.07173,4.63453],[-74.07174,4.63449],[-74.07179,4.63423],[-74.07182,4.63408],[-74.07186,4.63385],[-74.07187,4.6338],[-74.07193,4.63343],[-74.07194,4.63339],[-74.07195,4.63335]]}},{"type":"Feature","properties":{"id":"89748979","nom":"Avenida Carrera 19","tipo":"secondary"},"geometry":{"type":"LineString","coordinates":[[-74.07188,4.63324],[-74.07186,4.63333]]}},{"type":"Feature","properties":{"id":"89748986","nom":"Carrera 20","tipo":"residential"},"geometry":{"type":"LineString","coordinates":[[-74.07265,4.63338],[-74.07264,4.63348],[-74.07263,4.63352],[-74.07255,4.63392],[-74.07247,4.63435]]}},{"type":"Feature","properties":{"id":"89753636","nom":"Avenida Calle 42","tipo":"tertiary"},"geometry":{"type":"LineString","coordinates":[[-74.07155,4.63448],[-74.07191,4.63496]]}},{"type":"Feature","properties":{"id":"89753644","nom":"Avenida Calle 42","tipo":"tertiary"},"geometry":{"type":"LineString","coordinates":[[-74.07045,4.63307],[-74.07049,4.63312],[-74.07072,4.63342]]}},{"type":"Feature","properties":{"id":"89753650","nom":"Avenida Calle 42","tipo":"tertiary"},"geometry":{"type":"LineString","coordinates":[[-74.07164,4.63441],[-74.07161,4.63438],[-74.07118,4.63383],[-74.07067,4.63317],[-74.07065,4.63315],[-74.07062,4.6331]]}},{"type":"Feature","properties":{"id":"89753652","nom":"Calle 45A Bis","tipo":"residential"},"geometry":{"type":"LineString","coordinates":[[-74.07247,4.63435],[-74.07291,4.63443],[-74.07332,4.6345],[-74.07366,4.63456],[-74.07376,4.63458]]}},{"type":"Feature","properties":{"id":"89753653","nom":"Calle 45F","tipo":"residential"},"geometry":{"type":"LineString","coordinates":[[-74.06963,4.63313],[-74.07016,4.63379],[-74.0702,4.63384],[-74.07053,4.63426],[-74.07057,4.63431],[-74.07097,4.63482],[-74.07101,4.63486],[-74.07104,4.6349]]}},{"type":"Feature","properties":{"id":"89753655","nom":"Calle 45A","tipo":"residential"},"geometry":{"type":"LineString","coordinates":[[-74.07384,4.63414],[-74.07265,4.63393],[-74.07255,4.63392],[-74.07195,4.63381],[-74.07191,4.63381],[-74.07187,4.6338]]}},{"type":"Feature","properties":{"id":"89753658","nom":"Avenida Carrera 24","tipo":"secondary"},"geometry":{"type":"LineString","coordinates":[[-74.07414,4.64074],[-74.07415,4.6407],[-74.07419,4.64046],[-74.07423,4.64027],[-74.0743,4.63984],[-74.07432,4.63977]]}},{"type":"Feature","properties":{"id":"89753661","nom":"Transversal 16 Bis","tipo":"residential"},"geometry":{"type":"LineString","coordinates":[[-74.07072,4.63342],[-74.0707,4.63343],[-74.0702,4.63384],[-74.06998,4.63406],[-74.06978,4.63429],[-74.06937,4.6349]]}},{"type":"Feature","properties":{"id":"89754001","nom":"Carrera 33","tipo":"secondary"},"geometry":{"type":"LineString","coordinates":[[-74.083,4.62999],[-74.08291,4.63005]]}},{"type":"Feature","properties":{"id":"89754003","nom":"Carrera 37A","tipo":"residential"},"geometry":{"type":"LineString","coordinates":[[-74.08699,4.63149],[-74.08779,4.63098]]}},{"type":"Feature","properties":{"id":"89754012","nom":"Calle 25B","tipo":"tertiary"},"geometry":{"type":"LineString","coordinates":[[-74.08516,4.62871],[-74.08521,4.62878],[-74.08545,4.62916],[-74.08574,4.62959],[-74.08604,4.63005],[-74.08632,4.63048],[-74.08664,4.63096],[-74.08666,4.631],[-74.08669,4.63105],[-74.08699,4.63149],[-74.08728,4.63194],[-74.08753,4.63232],[-74.08781,4.63274],[-74.08784,4.63278],[-74.08788,4.6328],[-74.08806,4.63289]]}},{"type":"Feature","properties":{"id":"89754013","nom":"Avenida Carrera 40","tipo":"secondary"},"geometry":{"type":"LineString","coordinates":[[-74.09283,4.63087],[-74.0929,4.63082]]}},{"type":"Feature","properties":{"id":"89754030","nom":"Calle 25F","tipo":"residential"},"geometry":{"type":"LineString","coordinates":[[-74.0847,4.63157],[-74.08428,4.63091],[-74.08396,4.63044],[-74.08357,4.62984],[-74.08354,4.62981]]}},{"type":"Feature","properties":{"id":"89754032","nom":"Calle 25A","tipo":"residential"},"geometry":{"type":"LineString","coordinates":[[-74.08382,4.62653],[-74.08331,4.62612]]}},{"type":"Feature","properties":{"id":"89754039","nom":"Calle 25C","tipo":"residential"},"geometry":{"type":"LineString","coordinates":[[-74.08554,4.63102],[-74.08524,4.63057],[-74.08494,4.63013],[-74.08464,4.62967],[-74.08439,4.6293],[-74.08437,4.62926]]}},{"type":"Feature","properties":{"id":"89754043","nom":"Calle 25D","tipo":"residential"},"geometry":{"type":"LineString","coordinates":[[-74.08475,4.63089],[-74.08462,4.63069],[-74.08446,4.63045],[-74.08432,4.63022],[-74.08417,4.63],[-74.08392,4.62961],[-74.08389,4.62957]]}},{"type":"Feature","properties":{"id":"89754044","nom":"Calle 25C","tipo":"residential"},"geometry":{"type":"LineString","coordinates":[[-74.08625,4.63261],[-74.08626,4.63249],[-74.08625,4.63236],[-74.08623,4.63224],[-74.08617,4.63204],[-74.08601,4.63177],[-74.08589,4.63157],[-74.08586,4.63152],[-74.08584,4.63149],[-74.08554,4.63102]]}},{"type":"Feature","properties":{"id":"89754050","nom":"Carrera 38A","tipo":"residential"},"geometry":{"type":"LineString","coordinates":[[-74.08913,4.63128],[-74.08908,4.63131],[-74.08832,4.63181],[-74.08753,4.63232],[-74.08681,4.63278]]}},{"type":"Feature","properties":{"id":"89754053","nom":"Carrera 37","tipo":"residential"},"geometry":{"type":"LineString","coordinates":[[-74.08824,4.62995],[-74.08821,4.62997],[-74.08745,4.63047],[-74.08666,4.631],[-74.08586,4.63152],[-74.08537,4.63185],[-74.08502,4.63208]]}},{"type":"Feature","properties":{"id":"89754065","nom":"Carrera 34","tipo":"residential"},"geometry":{"type":"LineString","coordinates":[[-74.08734,4.62856],[-74.0873,4.62858],[-74.08702,4.62876],[-74.08654,4.62908],[-74.08574,4.62959],[-74.08494,4.63013],[-74.08446,4.63045]]}},{"type":"Feature","properties":{"id":"89754068","nom":"Calle 25 Bis","tipo":"residential"},"geometry":{"type":"LineString","coordinates":[[-74.08901,4.6319],[-74.08931,4.63236],[-74.08958,4.63276],[-74.0896,4.6328]]}},{"type":"Feature","properties":{"id":"89754070","nom":"Avenida Carrera 40","tipo":"secondary"},"geometry":{"type":"LineString","coordinates":[[-74.09113,4.63203],[-74.09238,4.63118],[-74.09276,4.63092],[-74.0928,4.63089],[-74.09283,4.63087]]}},{"type":"Feature","properties":{"id":"89754074","nom":"Carrera 32A","tipo":"residential"},"geometry":{"type":"LineString","coordinates":[[-74.08273,4.62912],[-74.08365,4.62851],[-74.0843,4.62808],[-74.08459,4.62789],[-74.08463,4.62786],[-74.08483,4.62773],[-74.08504,4.62757],[-74.08525,4.62739],[-74.08541,4.62725],[-74.08558,4.62707],[-74.0857,4.62693],[-74.08575,4.62687]]}},{"type":"Feature","properties":{"id":"89754076","nom":"Carrera 31A","tipo":"residential"},"geometry":{"type":"LineString","coordinates":[[-74.0828,4.62735],[-74.08353,4.62682],[-74.08382,4.62653],[-74.08415,4.62621],[-74.08444,4.62586],[-74.08448,4.62581]]}},{"type":"Feature","properties":{"id":"89754082","nom":"Carrera 32","tipo":"residential"},"geometry":{"type":"LineString","coordinates":[[-74.0822,4.6286],[-74.08224,4.62857],[-74.08257,4.62833],[-74.08321,4.62785]]}},{"type":"Feature","properties":{"id":"89754094","nom":"Carrera 36","tipo":"residential"},"geometry":{"type":"LineString","coordinates":[[-74.08554,4.63102],[-74.08632,4.63048],[-74.08711,4.62995],[-74.08755,4.62966],[-74.08787,4.62944],[-74.0879,4.62942]]}},{"type":"Feature","properties":{"id":"89754095","nom":"Avenida Calle 23","tipo":"trunk"},"geometry":{"type":"LineString","coordinates":[[-74.08697,4.62562],[-74.08764,4.6257],[-74.08783,4.62572],[-74.08879,4.62583],[-74.0889,4.62585],[-74.08922,4.62588],[-74.09085,4.62606],[-74.09089,4.62607],[-74.09096,4.62607]]}},{"type":"Feature","properties":{"id":"89754096","nom":"Avenida Carrera 40","tipo":"secondary"},"geometry":{"type":"LineString","coordinates":[[-74.09015,4.63242],[-74.09004,4.6325]]}},{"type":"Feature","properties":{"id":"89754103","nom":"Calle 25","tipo":"tertiary"},"geometry":{"type":"LineString","coordinates":[[-74.09015,4.63242],[-74.09012,4.63237],[-74.08973,4.63178],[-74.08964,4.63164],[-74.08959,4.63159],[-74.08954,4.63155],[-74.08947,4.63149],[-74.08939,4.63146],[-74.08934,4.63143],[-74.0893,4.63141],[-74.08925,4.63138],[-74.0892,4.63135],[-74.08913,4.63128],[-74.0891,4.63125],[-74.08907,4.63122],[-74.08888,4.63093],[-74.08857,4.63045],[-74.08828,4.63001],[-74.08824,4.62995]]}},{"type":"Feature","properties":{"id":"89754104","nom":"Calle 25A","tipo":"residential"},"geometry":{"type":"LineString","coordinates":[[-74.08711,4.62995],[-74.08743,4.63044],[-74.08745,4.63047],[-74.08749,4.63053],[-74.08779,4.63098],[-74.08808,4.63141],[-74.08832,4.63181],[-74.08857,4.63219]]}},{"type":"Feature","properties":{"id":"89754108","nom":"Carrera 35","tipo":"residential"},"geometry":{"type":"LineString","coordinates":[[-74.08475,4.63089],[-74.08524,4.63057],[-74.08604,4.63005],[-74.08683,4.62952],[-74.08758,4.62902],[-74.08762,4.62899]]}},{"type":"Feature","properties":{"id":"89754112","nom":"Carrera 33","tipo":"secondary"},"geometry":{"type":"LineString","coordinates":[[-74.08691,4.62591],[-74.08693,4.62572],[-74.08693,4.62569],[-74.08694,4.62567],[-74.08695,4.62564],[-74.08697,4.62562]]}},{"type":"Feature","properties":{"id":"89754121","nom":"Calle 25B","tipo":"tertiary"},"geometry":{"type":"LineString","coordinates":[[-74.0851,4.62859],[-74.08516,4.62871]]}},{"type":"Feature","properties":{"id":"89754127","nom":"Calle 25D","tipo":"residential"},"geometry":{"type":"LineString","coordinates":[[-74.08564,4.63272],[-74.08564,4.63267],[-74.08566,4.63255],[-74.08566,4.63244]]}},{"type":"Feature","properties":{"id":"89754138","nom":"Calle 25","tipo":"tertiary"},"geometry":{"type":"LineString","coordinates":[[-74.0838,4.62528],[-74.08392,4.62537],[-74.08416,4.62555]]}},{"type":"Feature","properties":{"id":"89754139","nom":"Avenida Carrera 40","tipo":"secondary"},"geometry":{"type":"LineString","coordinates":[[-74.0929,4.63082],[-74.09294,4.6308],[-74.09333,4.63053],[-74.09416,4.62997],[-74.09435,4.62984],[-74.09443,4.62978],[-74.09449,4.62973],[-74.09467,4.62956],[-74.09473,4.62952],[-74.09478,4.62948],[-74.09494,4.62937]]}},{"type":"Feature","properties":{"id":"89754143","nom":"Avenida Carrera 40","tipo":"secondary"},"geometry":{"type":"LineString","coordinates":[[-74.09271,4.63068],[-74.09268,4.6307],[-74.09101,4.63184]]}},{"type":"Feature","properties":{"id":"89754146","nom":"Carrera 38","tipo":"residential"},"geometry":{"type":"LineString","coordinates":[[-74.08625,4.63261],[-74.08728,4.63194],[-74.08808,4.63141],[-74.08884,4.63095],[-74.08888,4.63093]]}},{"type":"Feature","properties":{"id":"89754147","nom":"Avenida Carrera 40","tipo":"secondary"},"geometry":{"type":"LineString","coordinates":[[-74.08936,4.63338],[-74.08941,4.63323],[-74.08944,4.63318],[-74.08947,4.63313],[-74.08953,4.63309],[-74.09015,4.63267],[-74.09018,4.63266],[-74.09027,4.6326]]}},{"type":"Feature","properties":{"id":"89754154","nom":"Carrera 36","tipo":"residential"},"geometry":{"type":"LineString","coordinates":[[-74.08438,4.63179],[-74.08434,4.63181]]}},{"type":"Feature","properties":{"id":"89754156","nom":"Carrera 37A","tipo":"residential"},"geometry":{"type":"LineString","coordinates":[[-74.08779,4.63098],[-74.08854,4.63048],[-74.08857,4.63045]]}},{"type":"Feature","properties":{"id":"89754477","nom":"Calle 24C","tipo":"residential"},"geometry":{"type":"LineString","coordinates":[[-74.09229,4.63379],[-74.09199,4.63333],[-74.09171,4.63291],[-74.09142,4.63247],[-74.09116,4.63207],[-74.09113,4.63203]]}},{"type":"Feature","properties":{"id":"89754481","nom":"Calle 25B","tipo":"residential"},"geometry":{"type":"LineString","coordinates":[[-74.09056,4.63385],[-74.08999,4.63363],[-74.08941,4.6334],[-74.08936,4.63338]]}},{"type":"Feature","properties":{"id":"89754483","nom":"Avenida Calle 24","tipo":"secondary"},"geometry":{"type":"LineString","coordinates":[[-74.09271,4.63068],[-74.09283,4.63087]]}},{"type":"Feature","properties":{"id":"89754491","nom":"Avenida Calle 24","tipo":"secondary"},"geometry":{"type":"LineString","coordinates":[[-74.0929,4.63082],[-74.09277,4.63064]]}},{"type":"Feature","properties":{"id":"89754492","nom":"Carrera 44A","tipo":"tertiary"},"geometry":{"type":"LineString","coordinates":[[-74.09414,4.63379],[-74.09439,4.63362],[-74.09453,4.63352],[-74.09456,4.6335]]}},{"type":"Feature","properties":{"id":"89754502","nom":"Avenida Calle 24","tipo":"secondary"},"geometry":{"type":"LineString","coordinates":[[-74.09277,4.63064],[-74.09275,4.6306],[-74.09198,4.62948],[-74.09196,4.62945],[-74.09191,4.62938],[-74.09148,4.62875],[-74.09114,4.62825],[-74.09112,4.62821],[-74.09106,4.62813]]}},{"type":"Feature","properties":{"id":"89754518","nom":"Avenida Calle 24","tipo":"secondary"},"geometry":{"type":"LineString","coordinates":[[-74.09099,4.62816],[-74.09105,4.62825],[-74.09189,4.62946],[-74.09191,4.62949],[-74.09234,4.63014],[-74.09264,4.63058],[-74.09268,4.63065],[-74.09271,4.63068]]}},{"type":"Feature","properties":{"id":"89754522","nom":"Calle 24D","tipo":"residential"},"geometry":{"type":"LineString","coordinates":[[-74.09158,4.63361],[-74.09073,4.63235],[-74.0907,4.63231]]}},{"type":"Feature","properties":{"id":"89754523","nom":"Carrera 45","tipo":"residential"},"geometry":{"type":"LineString","coordinates":[[-74.09274,4.6363],[-74.09275,4.63629],[-74.09286,4.63622],[-74.09314,4.63602],[-74.09349,4.63579],[-74.09364,4.63568],[-74.09399,4.63544],[-74.09442,4.63514],[-74.09485,4.63485],[-74.09503,4.63472],[-74.09527,4.63456],[-74.0953,4.63454]]}},{"type":"Feature","properties":{"id":"89754534","nom":"Calle 24D","tipo":"residential"},"geometry":{"type":"LineString","coordinates":[[-74.09314,4.63602],[-74.09244,4.63495],[-74.09158,4.63361]]}},{"type":"Feature","properties":{"id":"89754546","nom":"Carrera 44A","tipo":"tertiary"},"geometry":{"type":"LineString","coordinates":[[-74.09198,4.63527],[-74.09202,4.63524],[-74.09244,4.63495],[-74.09287,4.63466],[-74.0933,4.63437],[-74.09373,4.63407],[-74.09414,4.63379]]}},{"type":"Feature","properties":{"id":"89754547","nom":"Avenida Calle 24","tipo":"secondary"},"geometry":{"type":"LineString","coordinates":[[-74.09377,4.63212],[-74.09373,4.63205],[-74.09297,4.63093],[-74.09295,4.6309],[-74.0929,4.63082]]}},{"type":"Feature","properties":{"id":"89755065","nom":"Avenida Calle 26","tipo":"primary"},"geometry":{"type":"LineString","coordinates":[[-74.09217,4.63559],[-74.09198,4.6354],[-74.09177,4.63522],[-74.09158,4.63506],[-74.09138,4.6349],[-74.09088,4.63461],[-74.09062,4.63448],[-74.09037,4.63437]]}},{"type":"Feature","properties":{"id":"89755072","nom":"Avenida Calle 24","tipo":"secondary"},"geometry":{"type":"LineString","coordinates":[[-74.09793,4.63808],[-74.09788,4.638],[-74.09781,4.63791]]}},{"type":"Feature","properties":{"id":"89755077","nom":"Avenida Calle 26","tipo":"primary"},"geometry":{"type":"LineString","coordinates":[[-74.09037,4.63437],[-74.09004,4.63426]]}},{"type":"Feature","properties":{"id":"89755082","nom":"Carrera 44C","tipo":"residential"},"geometry":{"type":"LineString","coordinates":[[-74.09575,4.63386],[-74.09624,4.63361],[-74.09667,4.6334],[-74.09674,4.63337]]}},{"type":"Feature","properties":{"id":"89755099","nom":"Calle 22 Bis","tipo":"residential"},"geometry":{"type":"LineString","coordinates":[[-74.09799,4.63333],[-74.098,4.63337],[-74.09803,4.63342],[-74.09812,4.63361],[-74.09824,4.63387],[-74.09833,4.63407],[-74.09845,4.63432]]}},{"type":"Feature","properties":{"id":"89755114","nom":"Avenida Carrera 50","tipo":"secondary"},"geometry":{"type":"LineString","coordinates":[[-74.09533,4.63924],[-74.09505,4.63942],[-74.09438,4.63986],[-74.09389,4.64017],[-74.09378,4.64024]]}},{"type":"Feature","properties":{"id":"89755129","nom":"Avenida Calle 26","tipo":"primary"},"geometry":{"type":"LineString","coordinates":[[-74.08538,4.63262],[-74.08529,4.63258],[-74.08514,4.63249],[-74.08499,4.6324],[-74.08479,4.63224],[-74.0847,4.63216],[-74.08456,4.63204],[-74.08451,4.63199],[-74.08445,4.63193],[-74.08434,4.63181]]}},{"type":"Feature","properties":{"id":"89755131","nom":"Calle 24A","tipo":"residential"},"geometry":{"type":"LineString","coordinates":[[-74.09781,4.63987],[-74.09764,4.63962],[-74.0976,4.63959],[-74.09754,4.63956],[-74.09746,4.63956],[-74.09739,4.6396],[-74.09736,4.63966],[-74.09735,4.63975]]}},{"type":"Feature","properties":{"id":"89755137","nom":"Carrera 47","tipo":"residential"},"geometry":{"type":"LineString","coordinates":[[-74.09607,4.63546],[-74.09611,4.63544],[-74.09741,4.63478]]}},{"type":"Feature","properties":{"id":"89755142","nom":"Avenida Calle 22","tipo":"tertiary"},"geometry":{"type":"LineString","coordinates":[[-74.09517,4.62975],[-74.09526,4.62985],[-74.09572,4.63032],[-74.09599,4.63061],[-74.09607,4.63068],[-74.09684,4.63148],[-74.09692,4.63156],[-74.09768,4.63233],[-74.09809,4.63275],[-74.09844,4.6331],[-74.09925,4.63394],[-74.09988,4.63459],[-74.10066,4.6354],[-74.10068,4.63543]]}},{"type":"Feature","properties":{"id":"89755143","nom":"Calle 24A","tipo":"residential"},"geometry":{"type":"LineString","coordinates":[[-74.09732,4.63913],[-74.09722,4.63928],[-74.09721,4.63935],[-74.0972,4.63941],[-74.09721,4.63948],[-74.09723,4.63954],[-74.09735,4.63975]]}},{"type":"Feature","properties":{"id":"89755169","nom":"Carrera 57","tipo":"residential"},"geometry":{"type":"LineString","coordinates":[[-74.09913,4.64347],[-74.09949,4.64323],[-74.09954,4.6432],[-74.09963,4.64314],[-74.0998,4.64302],[-74.10027,4.64273],[-74.10039,4.64265],[-74.10058,4.64252],[-74.10066,4.64247],[-74.10079,4.64239]]}},{"type":"Feature","properties":{"id":"89757837","nom":"Avenida Calle 26","tipo":"primary"},"geometry":{"type":"LineString","coordinates":[[-74.09323,4.6384],[-74.09381,4.6393],[-74.09411,4.63978]]}},{"type":"Feature","properties":{"id":"89757838","nom":"Avenida Calle 26","tipo":"primary"},"geometry":{"type":"LineString","coordinates":[[-74.09913,4.64626],[-74.09879,4.64572],[-74.09877,4.6457],[-74.0984,4.64512],[-74.09821,4.64481],[-74.09789,4.64436],[-74.09732,4.64346],[-74.09689,4.6428]]}},{"type":"Feature","properties":{"id":"89757844","nom":"Carrera 51","tipo":"residential"},"geometry":{"type":"LineString","coordinates":[[-74.09802,4.63844],[-74.09801,4.63858],[-74.09799,4.63866],[-74.09796,4.63871],[-74.09793,4.63874],[-74.09732,4.63913],[-74.09689,4.63941],[-74.09682,4.63943]]}},{"type":"Feature","properties":{"id":"89757848","nom":"Carrera 59","tipo":"tertiary"},"geometry":{"type":"LineString","coordinates":[[-74.09639,4.64723],[-74.09556,4.64776],[-74.09542,4.64785],[-74.09532,4.64791],[-74.09476,4.64827]]}},{"type":"Feature","properties":{"id":"89757854","nom":"Carrera 54","tipo":"residential"},"geometry":{"type":"LineString","coordinates":[[-74.09233,4.64554],[-74.09264,4.64535]]}},{"type":"Feature","properties":{"id":"89757855","nom":"Carrera 57","tipo":"residential"},"geometry":{"type":"LineString","coordinates":[[-74.09585,4.64552],[-74.09527,4.64589],[-74.09517,4.64596],[-74.09508,4.646],[-74.09475,4.64608],[-74.09463,4.6461],[-74.09454,4.64613],[-74.09447,4.64616],[-74.09419,4.64635],[-74.09407,4.64642],[-74.09396,4.64648],[-74.09363,4.64671],[-74.09355,4.64676]]}},{"type":"Feature","properties":{"id":"89757856","nom":"Carrera 57","tipo":"residential"},"geometry":{"type":"LineString","coordinates":[[-74.09325,4.64696],[-74.09355,4.64676]]}},{"type":"Feature","properties":{"id":"89757952","nom":"Calle 22B","tipo":"residential"},"geometry":{"type":"LineString","coordinates":[[-74.09333,4.63053],[-74.09364,4.63098],[-74.09392,4.63141],[-74.0942,4.63182],[-74.0945,4.63227],[-74.09477,4.63267],[-74.09495,4.63293],[-74.09514,4.63315],[-74.09541,4.63344],[-74.09575,4.63386]]}},{"type":"Feature","properties":{"id":"89757955","nom":"Calle 22 Bis","tipo":"residential"},"geometry":{"type":"LineString","coordinates":[[-74.09717,4.6326],[-74.09711,4.63254],[-74.09672,4.63213],[-74.09654,4.63197],[-74.0965,4.63193],[-74.0959,4.63128],[-74.09561,4.63087]]}},{"type":"Feature","properties":{"id":"89757956","nom":"Carrera 43A","tipo":"residential"},"geometry":{"type":"LineString","coordinates":[[-74.09377,4.63212],[-74.09371,4.63216]]}},{"type":"Feature","properties":{"id":"89757957","nom":"Carrera 43A","tipo":"residential"},"geometry":{"type":"LineString","coordinates":[[-74.09371,4.63216],[-74.09366,4.63219],[-74.09326,4.63247],[-74.09199,4.63333]]}},{"type":"Feature","properties":{"id":"89757961","nom":"Carrera 37","tipo":"tertiary"},"geometry":{"type":"LineString","coordinates":[[-74.09099,4.62816],[-74.09095,4.62818],[-74.09045,4.62851],[-74.09037,4.62856],[-74.08973,4.62898],[-74.08964,4.62904],[-74.08918,4.62934],[-74.08913,4.62937],[-74.08893,4.6295],[-74.08829,4.62992],[-74.08824,4.62995]]}},{"type":"Feature","properties":{"id":"89757963","nom":"Carrera 43A","tipo":"residential"},"geometry":{"type":"LineString","coordinates":[[-74.09599,4.63061],[-74.09597,4.63062],[-74.09561,4.63087],[-74.09502,4.63127],[-74.0942,4.63182],[-74.09383,4.63207],[-74.09381,4.63209],[-74.09377,4.63212]]}},{"type":"Feature","properties":{"id":"89757968","nom":"Carrera 43B","tipo":"residential"},"geometry":{"type":"LineString","coordinates":[[-74.0959,4.63128],[-74.0955,4.63158],[-74.09532,4.63171],[-74.09527,4.63174],[-74.0945,4.63227]]}},{"type":"Feature","properties":{"id":"89757972","nom":"Carrera 43","tipo":"residential"},"geometry":{"type":"LineString","coordinates":[[-74.09392,4.63141],[-74.09473,4.63085],[-74.09529,4.63046]]}},{"type":"Feature","properties":{"id":"89757974","nom":"Carrera 42C","tipo":"residential"},"geometry":{"type":"LineString","coordinates":[[-74.095,4.63004],[-74.09446,4.63041],[-74.09364,4.63098]]}},{"type":"Feature","properties":{"id":"89757977","nom":"Carrera 44A","tipo":"tertiary"},"geometry":{"type":"LineString","coordinates":[[-74.09514,4.63315],[-74.0956,4.63274],[-74.09606,4.63232],[-74.0965,4.63193],[-74.0969,4.63158],[-74.09692,4.63156]]}},{"type":"Feature","properties":{"id":"89758024","nom":"Calle 24 Bis","tipo":"residential"},"geometry":{"type":"LineString","coordinates":[[-74.09623,4.63679],[-74.09629,4.63712],[-74.09632,4.63736],[-74.09633,4.6375],[-74.09634,4.63762],[-74.09641,4.63847],[-74.09642,4.63851]]}},{"type":"Feature","properties":{"id":"89758242","nom":"Avenida Calle 20","tipo":"trunk"},"geometry":{"type":"LineString","coordinates":[[-74.09977,4.62637],[-74.09972,4.62636],[-74.09954,4.62632],[-74.09939,4.62629],[-74.09925,4.62626],[-74.09897,4.62622],[-74.09865,4.62618],[-74.09834,4.62614],[-74.09826,4.62613],[-74.0982,4.62612],[-74.09779,4.62608],[-74.0977,4.62607],[-74.09747,4.62605],[-74.09665,4.62597],[-74.09616,4.62592],[-74.09614,4.62592],[-74.09601,4.62591],[-74.09587,4.6259],[-74.09575,4.62588],[-74.0957,4.62588],[-74.09543,4.62585]]}},{"type":"Feature","properties":{"id":"89758249","nom":"Carrera 44","tipo":"residential"},"geometry":{"type":"LineString","coordinates":[[-74.09258,4.63422],[-74.09341,4.63366]]}},{"type":"Feature","properties":{"id":"89758254","nom":"Carrera 43B","tipo":"residential"},"geometry":{"type":"LineString","coordinates":[[-74.09229,4.63379],[-74.09312,4.63322],[-74.09358,4.63294]]}},{"type":"Feature","properties":{"id":"89758281","nom":"Calle 22B","tipo":"residential"},"geometry":{"type":"LineString","coordinates":[[-74.09129,4.62713],[-74.09099,4.6271],[-74.09094,4.6271],[-74.09084,4.62709]]}},{"type":"Feature","properties":{"id":"89759084","nom":"Calle 21","tipo":"tertiary"},"geometry":{"type":"LineString","coordinates":[[-74.09731,4.62958],[-74.09657,4.629],[-74.09629,4.62876],[-74.09623,4.62871],[-74.09616,4.62867],[-74.09607,4.62864],[-74.09598,4.62861],[-74.0958,4.62858],[-74.09574,4.62857],[-74.09568,4.62856]]}},{"type":"Feature","properties":{"id":"89759085","nom":"Carrera 42C","tipo":"residential"},"geometry":{"type":"LineString","coordinates":[[-74.09693,4.62771],[-74.09762,4.62686],[-74.09767,4.6268]]}},{"type":"Feature","properties":{"id":"89759093","nom":"","tipo":"trunk_link"},"geometry":{"type":"LineString","coordinates":[[-74.09285,4.6259],[-74.09289,4.62595],[-74.09292,4.62599],[-74.09294,4.62602],[-74.09295,4.62605],[-74.09295,4.62607],[-74.09295,4.62623],[-74.09295,4.62625],[-74.09296,4.62627],[-74.09297,4.62628],[-74.09298,4.6263],[-74.093,4.6263]]}},{"type":"Feature","properties":{"id":"89759096","nom":"Calle 20B","tipo":"residential"},"geometry":{"type":"LineString","coordinates":[[-74.10119,4.62961],[-74.10114,4.62957],[-74.10059,4.62911],[-74.10003,4.62865],[-74.09947,4.6282],[-74.0994,4.62814],[-74.09928,4.62804],[-74.09886,4.6277],[-74.09826,4.6272],[-74.09812,4.6271]]}},{"type":"Feature","properties":{"id":"89759098","nom":"Calle 21","tipo":"tertiary"},"geometry":{"type":"LineString","coordinates":[[-74.09965,4.6315],[-74.09991,4.63176],[-74.10054,4.63242],[-74.10117,4.63306],[-74.10129,4.63318],[-74.10192,4.63383],[-74.10196,4.63387]]}},{"type":"Feature","properties":{"id":"89759099","nom":"Carrera 44","tipo":"residential"},"geometry":{"type":"LineString","coordinates":[[-74.0985,4.63055],[-74.09927,4.62959],[-74.10003,4.62865],[-74.1007,4.62782],[-74.10074,4.62776],[-74.10078,4.6277],[-74.10079,4.62765],[-74.1008,4.6276],[-74.10085,4.62719],[-74.10085,4.62714]]}},{"type":"Feature","properties":{"id":"89759102","nom":"Carrera 43A","tipo":"residential"},"geometry":{"type":"LineString","coordinates":[[-74.09731,4.62958],[-74.09693,4.63007],[-74.09651,4.63061]]}},{"type":"Feature","properties":{"id":"89759106","nom":"Carrera 43A","tipo":"tertiary"},"geometry":{"type":"LineString","coordinates":[[-74.09977,4.62637],[-74.09975,4.62643],[-74.09971,4.62651],[-74.09969,4.62657],[-74.09952,4.62683],[-74.0995,4.62687]]}},{"type":"Feature","properties":{"id":"89759236","nom":"Carrera 20","tipo":"residential"},"geometry":{"type":"LineString","coordinates":[[-74.07229,4.63527],[-74.07226,4.63539]]}},{"type":"Feature","properties":{"id":"89759256","nom":"Avenida Calle 57","tipo":"secondary"},"geometry":{"type":"LineString","coordinates":[[-74.06765,4.64438],[-74.06756,4.64437],[-74.0672,4.64431],[-74.06703,4.64428],[-74.06681,4.64424]]}},{"type":"Feature","properties":{"id":"89759258","nom":"Carrera 27A","tipo":"residential"},"geometry":{"type":"LineString","coordinates":[[-74.07644,4.64218],[-74.07644,4.64214],[-74.07651,4.6417]]}},{"type":"Feature","properties":{"id":"89759276","nom":"Calle 53A","tipo":"residential"},"geometry":{"type":"LineString","coordinates":[[-74.07252,4.64206],[-74.07221,4.642]]}},{"type":"Feature","properties":{"id":"89759286","nom":"Avenida Calle 42","tipo":"tertiary"},"geometry":{"type":"LineString","coordinates":[[-74.07199,4.63488],[-74.07175,4.63455],[-74.07173,4.63453]]}},{"type":"Feature","properties":{"id":"89759289","nom":"Transversal 25A","tipo":"residential"},"geometry":{"type":"LineString","coordinates":[[-74.07553,4.63455],[-74.07595,4.63531],[-74.07602,4.63543],[-74.07619,4.63575],[-74.07632,4.636],[-74.07633,4.63604],[-74.07633,4.63608],[-74.07633,4.63613]]}},{"type":"Feature","properties":{"id":"89759294","nom":"Carrera 18","tipo":"tertiary"},"geometry":{"type":"LineString","coordinates":[[-74.06947,4.64342],[-74.06957,4.6428],[-74.06959,4.64266],[-74.06961,4.64254],[-74.06961,4.6425],[-74.06964,4.64235],[-74.06983,4.64114],[-74.06984,4.6411],[-74.06984,4.64106]]}},{"type":"Feature","properties":{"id":"89759295","nom":"Carrera 27","tipo":"residential"},"geometry":{"type":"LineString","coordinates":[[-74.07681,4.63794],[-74.07698,4.63689],[-74.07715,4.63588],[-74.07724,4.63539],[-74.07727,4.63523],[-74.07734,4.63478]]}},{"type":"Feature","properties":{"id":"89759296","nom":"Diagonal 46A","tipo":"residential"},"geometry":{"type":"LineString","coordinates":[[-74.07046,4.63554],[-74.07041,4.63551],[-74.0699,4.63521],[-74.06937,4.6349],[-74.06881,4.63457],[-74.0685,4.63439],[-74.06847,4.63437],[-74.06843,4.63434]]}},{"type":"Feature","properties":{"id":"89759300","nom":"Carrera 21","tipo":"tertiary"},"geometry":{"type":"LineString","coordinates":[[-74.07247,4.63844],[-74.07246,4.63849],[-74.07244,4.63865],[-74.07235,4.63921],[-74.07232,4.63937],[-74.07232,4.63941]]}},{"type":"Feature","properties":{"id":"89759305","nom":"Calle 52","tipo":"tertiary"},"geometry":{"type":"LineString","coordinates":[[-74.07729,4.64131],[-74.07722,4.6413],[-74.07715,4.64128],[-74.07658,4.64118],[-74.07619,4.64111],[-74.07611,4.6411],[-74.07606,4.64109],[-74.07564,4.64101],[-74.07547,4.64098],[-74.07487,4.64088],[-74.07479,4.64086],[-74.07466,4.64084],[-74.07424,4.64076],[-74.07414,4.64074]]}},{"type":"Feature","properties":{"id":"89759307","nom":"Calle 62","tipo":"residential"},"geometry":{"type":"LineString","coordinates":[[-74.07265,4.65027],[-74.07271,4.65028],[-74.07289,4.65031],[-74.07314,4.65035],[-74.07319,4.65036],[-74.07358,4.65042]]}},{"type":"Feature","properties":{"id":"89759309","nom":"Avenida Calle 57","tipo":"secondary"},"geometry":{"type":"LineString","coordinates":[[-74.0733,4.64545],[-74.07338,4.64546]]}},{"type":"Feature","properties":{"id":"89759313","nom":"Avenida Carrera 17","tipo":"secondary"},"geometry":{"type":"LineString","coordinates":[[-74.06762,4.6502],[-74.06761,4.65025],[-74.06752,4.65072],[-74.06744,4.65116],[-74.06743,4.65119],[-74.06728,4.65201]]}},{"type":"Feature","properties":{"id":"89759314","nom":"Avenida Calle 57","tipo":"secondary"},"geometry":{"type":"LineString","coordinates":[[-74.06926,4.64465],[-74.06921,4.64464],[-74.06894,4.6446],[-74.06877,4.64457],[-74.06873,4.64456],[-74.06865,4.64455]]}},{"type":"Feature","properties":{"id":"89759316","nom":"Calle 56","tipo":"residential"},"geometry":{"type":"LineString","coordinates":[[-74.06877,4.64393],[-74.06882,4.64393],[-74.06917,4.64398],[-74.06937,4.64401]]}},{"type":"Feature","properties":{"id":"89759322","nom":"Carrera 18","tipo":"tertiary"},"geometry":{"type":"LineString","coordinates":[[-74.06984,4.64106],[-74.06986,4.64098]]}},{"type":"Feature","properties":{"id":"89759328","nom":"Diagonal 61B","tipo":"tertiary"},"geometry":{"type":"LineString","coordinates":[[-74.0706,4.649],[-74.07123,4.64871],[-74.07177,4.64843],[-74.07181,4.64841]]}},{"type":"Feature","properties":{"id":"89759336","nom":"Carrera 27","tipo":"residential"},"geometry":{"type":"LineString","coordinates":[[-74.0763,4.64013],[-74.07629,4.64018],[-74.07622,4.64056],[-74.07612,4.64106],[-74.07611,4.6411],[-74.07611,4.64114],[-74.07593,4.64205],[-74.07592,4.64209]]}},{"type":"Feature","properties":{"id":"89759340","nom":"Carrera 16","tipo":"residential"},"geometry":{"type":"LineString","coordinates":[[-74.06904,4.63682],[-74.06903,4.63685],[-74.06894,4.63736],[-74.06886,4.63781],[-74.0687,4.63868],[-74.06869,4.63873],[-74.06868,4.63879],[-74.06866,4.63886],[-74.06864,4.63899],[-74.06858,4.63927],[-74.06856,4.63942],[-74.0685,4.63973],[-74.0685,4.63975],[-74.0685,4.63977],[-74.06849,4.63981],[-74.06833,4.64068],[-74.06832,4.64071]]}},{"type":"Feature","properties":{"id":"89759344","nom":"Avenida Calle 63","tipo":"secondary"},"geometry":{"type":"LineString","coordinates":[[-74.07728,4.65185],[-74.07724,4.65184],[-74.07567,4.65156],[-74.0747,4.65138],[-74.07451,4.65135],[-74.07446,4.65134],[-74.07439,4.65133]]}},{"type":"Feature","properties":{"id":"89759345","nom":"Carrera 15","tipo":"residential"},"geometry":{"type":"LineString","coordinates":[[-74.06573,4.64976],[-74.06574,4.64972],[-74.06583,4.64917]]}},{"type":"Feature","properties":{"id":"89759354","nom":"Carrera 26","tipo":"residential"},"geometry":{"type":"LineString","coordinates":[[-74.07553,4.64151],[-74.07564,4.64105],[-74.07564,4.64101]]}},{"type":"Feature","properties":{"id":"89759355","nom":"Diagonal 59","tipo":"residential"},"geometry":{"type":"LineString","coordinates":[[-74.07109,4.64649],[-74.07113,4.64648],[-74.07175,4.64628],[-74.07241,4.64608],[-74.07245,4.64606],[-74.07251,4.64605],[-74.07287,4.64593],[-74.07325,4.64581],[-74.07328,4.6458],[-74.07336,4.64578]]}},{"type":"Feature","properties":{"id":"89759366","nom":"Calle 61F","tipo":"residential"},"geometry":{"type":"LineString","coordinates":[[-74.07439,4.64998],[-74.0737,4.64977]]}},{"type":"Feature","properties":{"id":"89759367","nom":"Calle 50","tipo":"residential"},"geometry":{"type":"LineString","coordinates":[[-74.07448,4.63877],[-74.07444,4.63877],[-74.07383,4.63866],[-74.07314,4.63855],[-74.07255,4.63845],[-74.07253,4.63844],[-74.07247,4.63844]]}},{"type":"Feature","properties":{"id":"89759371","nom":"Transversal 24A","tipo":"residential"},"geometry":{"type":"LineString","coordinates":[[-74.07306,4.64668],[-74.07302,4.64658],[-74.07299,4.64648],[-74.07294,4.6463],[-74.07287,4.64593]]}},{"type":"Feature","properties":{"id":"89759376","nom":"Carrera 25","tipo":"residential"},"geometry":{"type":"LineString","coordinates":[[-74.07466,4.64084],[-74.07465,4.6409],[-74.07457,4.64134]]}},{"type":"Feature","properties":{"id":"89759377","nom":"Avenida Carrera 17","tipo":"secondary"},"geometry":{"type":"LineString","coordinates":[[-74.0693,4.64096],[-74.06929,4.641],[-74.06905,4.64235],[-74.06898,4.64276],[-74.06888,4.64332]]}},{"type":"Feature","properties":{"id":"89759379","nom":"Calle 49A","tipo":"residential"},"geometry":{"type":"LineString","coordinates":[[-74.0784,4.63904],[-74.07838,4.63902],[-74.07835,4.63901],[-74.07804,4.63894],[-74.07801,4.63895],[-74.07798,4.63896]]}},{"type":"Feature","properties":{"id":"89759389","nom":"Avenida Calle 63","tipo":"secondary"},"geometry":{"type":"LineString","coordinates":[[-74.06573,4.64976],[-74.06553,4.64972],[-74.06508,4.64964],[-74.06489,4.6496],[-74.06485,4.64959]]}},{"type":"Feature","properties":{"id":"89759390","nom":"Carrera 26","tipo":"residential"},"geometry":{"type":"LineString","coordinates":[[-74.07547,4.64098],[-74.07547,4.64095],[-74.07563,4.64005],[-74.07564,4.64001],[-74.07565,4.63996],[-74.07582,4.639]]}},{"type":"Feature","properties":{"id":"89759391","nom":"Avenida Calle 63","tipo":"secondary"},"geometry":{"type":"LineString","coordinates":[[-74.07343,4.65114],[-74.07294,4.65104],[-74.07278,4.65101],[-74.07265,4.65099],[-74.07257,4.65098],[-74.07252,4.65097]]}},{"type":"Feature","properties":{"id":"89759394","nom":"Avenida Calle 53","tipo":"secondary"},"geometry":{"type":"LineString","coordinates":[[-74.06732,4.64061],[-74.06785,4.64071],[-74.06824,4.64077],[-74.06831,4.64079]]}},{"type":"Feature","properties":{"id":"89759404","nom":"Transversal 25","tipo":"tertiary"},"geometry":{"type":"LineString","coordinates":[[-74.07339,4.64535],[-74.07341,4.64529],[-74.07342,4.64523],[-74.07346,4.64512],[-74.0735,4.64501],[-74.07353,4.64494],[-74.07356,4.64488],[-74.07362,4.64476],[-74.07369,4.64464],[-74.07371,4.64461],[-74.07376,4.64455]]}},{"type":"Feature","properties":{"id":"89759408","nom":"Diagonal 59","tipo":"residential"},"geometry":{"type":"LineString","coordinates":[[-74.07101,4.64652],[-74.07099,4.64652],[-74.07033,4.64673]]}},{"type":"Feature","properties":{"id":"89759410","nom":"Calle 63A","tipo":"residential"},"geometry":{"type":"LineString","coordinates":[[-74.06552,4.65085],[-74.06555,4.65086],[-74.06654,4.65104]]}},{"type":"Feature","properties":{"id":"89759412","nom":"Diagonal 46","tipo":"residential"},"geometry":{"type":"LineString","coordinates":[[-74.06921,4.63372],[-74.06923,4.63378],[-74.06927,4.63384],[-74.06936,4.63394],[-74.06978,4.63429],[-74.0702,4.63469]]}},{"type":"Feature","properties":{"id":"89759420","nom":"Transversal 27","tipo":"residential"},"geometry":{"type":"LineString","coordinates":[[-74.07566,4.6435],[-74.07566,4.64353],[-74.07565,4.64356],[-74.07562,4.64373],[-74.07558,4.64381],[-74.07553,4.64389],[-74.07533,4.64407],[-74.0753,4.6441],[-74.07517,4.64423],[-74.07477,4.6446]]}},{"type":"Feature","properties":{"id":"89759421","nom":"Avenida Calle 53","tipo":"secondary"},"geometry":{"type":"LineString","coordinates":[[-74.07729,4.64233],[-74.07684,4.64225],[-74.07644,4.64218]]}},{"type":"Feature","properties":{"id":"89759422","nom":"Avenida Calle 53","tipo":"secondary"},"geometry":{"type":"LineString","coordinates":[[-74.07198,4.64138],[-74.07192,4.64137],[-74.0714,4.64127],[-74.0713,4.64125]]}},{"type":"Feature","properties":{"id":"89759436","nom":"Carrera 21","tipo":"tertiary"},"geometry":{"type":"LineString","coordinates":[[-74.07114,4.64578],[-74.07113,4.64582],[-74.07102,4.64641],[-74.07101,4.64647],[-74.07101,4.64652]]}},{"type":"Feature","properties":{"id":"89759437","nom":"Carrera 20","tipo":"tertiary"},"geometry":{"type":"LineString","coordinates":[[-74.06964,4.64873],[-74.06964,4.64877],[-74.06966,4.6488],[-74.06982,4.64919],[-74.06983,4.64923]]}},{"type":"Feature","properties":{"id":"89759442","nom":"Diagonal 60","tipo":"residential"},"geometry":{"type":"LineString","coordinates":[[-74.07144,4.64735],[-74.07147,4.64733],[-74.07199,4.64712],[-74.07252,4.6469],[-74.07263,4.64686],[-74.07266,4.64684]]}},{"type":"Feature","properties":{"id":"89759443","nom":"Transversal 22A","tipo":"tertiary"},"geometry":{"type":"LineString","coordinates":[[-74.07177,4.64832],[-74.07181,4.64841]]}},{"type":"Feature","properties":{"id":"89759444","nom":"Carrera 21","tipo":"tertiary"},"geometry":{"type":"LineString","coordinates":[[-74.07215,4.6404],[-74.07214,4.64047],[-74.07206,4.64089]]}},{"type":"Feature","properties":{"id":"89759447","nom":"Calle 58B","tipo":"residential"},"geometry":{"type":"LineString","coordinates":[[-74.06959,4.64649],[-74.06901,4.64639],[-74.06894,4.64637]]}},{"type":"Feature","properties":{"id":"89759451","nom":"Calle 53A Bis","tipo":"residential"},"geometry":{"type":"LineString","coordinates":[[-74.0711,4.64238],[-74.07172,4.6425],[-74.07177,4.64251],[-74.07185,4.64252],[-74.07243,4.64263],[-74.07252,4.64265],[-74.07264,4.64267],[-74.07297,4.64274],[-74.07315,4.64293]]}},{"type":"Feature","properties":{"id":"89759452","nom":"Transversal 22 Bis","tipo":"residential"},"geometry":{"type":"LineString","coordinates":[[-74.07119,4.64862],[-74.07123,4.64871]]}},{"type":"Feature","properties":{"id":"89759456","nom":"Calle 52","tipo":"tertiary"},"geometry":{"type":"LineString","coordinates":[[-74.07215,4.6404],[-74.07212,4.64039],[-74.07153,4.64029],[-74.07148,4.64028],[-74.07141,4.64027],[-74.07097,4.6402],[-74.07079,4.64017],[-74.07031,4.64008],[-74.07021,4.64007],[-74.07009,4.64005]]}},{"type":"Feature","properties":{"id":"89759460","nom":"","tipo":"residential"},"geometry":{"type":"LineString","coordinates":[[-74.07598,4.65074],[-74.07598,4.65073],[-74.07598,4.65072],[-74.07598,4.65071],[-74.07597,4.6507],[-74.07597,4.65069],[-74.07596,4.65068],[-74.07595,4.65067],[-74.07595,4.65066],[-74.07594,4.65065],[-74.07594,4.65064],[-74.07593,4.65064],[-74.07592,4.65063],[-74.07591,4.65063],[-74.07591,4.65062],[-74.0759,4.65062],[-74.07589,4.65061],[-74.07588,4.65061],[-74.07587,4.65061],[-74.07587,4.65061],[-74.07586,4.6506],[-74.07585,4.6506],[-74.07584,4.6506],[-74.07583,4.6506],[-74.07582,4.6506],[-74.07581,4.6506],[-74.0758,4.6506],[-74.07579,4.6506],[-74.07578,4.65061],[-74.07577,4.65061],[-74.07576,4.65061],[-74.07575,4.65062],[-74.07574,4.65062],[-74.07574,4.65063],[-74.07573,4.65063],[-74.07572,4.65064],[-74.07571,4.65065],[-74.07571,4.65066],[-74.0757,4.65066],[-74.0757,4.65067],[-74.07569,4.65068],[-74.07568,4.65069],[-74.07568,4.6507],[-74.07568,4.6507],[-74.07567,4.65071],[-74.07567,4.65072],[-74.07567,4.65072],[-74.07567,4.65073],[-74.07567,4.65073],[-74.07567,4.65074],[-74.07567,4.65074],[-74.07567,4.65075],[-74.07567,4.65076],[-74.07567,4.65077],[-74.07567,4.65077],[-74.07567,4.65078],[-74.07567,4.65079],[-74.07567,4.6508],[-74.07567,4.6508],[-74.07567,4.65081],[-74.07568,4.65081],[-74.07568,4.65082],[-74.07568,4.65082],[-74.07568,4.65082],[-74.07568,4.65083],[-74.07569,4.65083],[-74.07569,4.65084],[-74.07569,4.65084],[-74.07569,4.65084],[-74.0757,4.65085],[-74.0757,4.65085],[-74.0757,4.65085],[-74.0757,4.65086],[-74.0757,4.65086],[-74.07571,4.65086],[-74.07571,4.65086],[-74.07571,4.65087],[-74.07571,4.65087],[-74.07571,4.65087],[-74.07572,4.65087],[-74.07572,4.65088],[-74.07572,4.65088],[-74.07573,4.65088],[-74.07573,4.65089],[-74.07574,4.65089],[-74.07574,4.65089],[-74.07574,4.65089],[-74.07575,4.6509],[-74.07575,4.6509],[-74.07576,4.6509],[-74.07576,4.6509],[-74.07577,4.65091],[-74.07578,4.65091],[-74.07579,4.65091],[-74.07579,4.65091],[-74.0758,4.65091],[-74.07581,4.65092],[-74.07582,4.65092],[-74.07582,4.65092],[-74.07583,4.65092],[-74.07584,4.65092],[-74.07584,4.65092],[-74.07585,4.65092],[-74.07585,4.65091],[-74.07586,4.65091],[-74.07587,4.65091],[-74.07587,4.65091],[-74.07588,4.65091],[-74.07588,4.65091],[-74.07589,4.6509],[-74.0759,4.6509],[-74.07591,4.6509],[-74.07591,4.65089],[-74.07592,4.65089],[-74.07593,4.65088],[-74.07593,4.65088],[-74.07594,4.65087],[-74.07594,4.65086],[-74.07595,4.65086],[-74.07595,4.65085],[-74.07596,4.65085],[-74.07596,4.65084],[-74.07597,4.65083],[-74.07597,4.65083],[-74.07597,4.65082],[-74.07598,4.65081],[-74.07598,4.6508],[-74.07598,4.6508],[-74.07598,4.65079],[-74.07598,4.65078],[-74.07599,4.65077],[-74.07599,4.65076],[-74.07598,4.65074]]}},{"type":"Feature","properties":{"id":"89759465","nom":"Calle 45B","tipo":"residential"},"geometry":{"type":"LineString","coordinates":[[-74.07511,4.63525],[-74.07518,4.63527],[-74.07579,4.63538],[-74.07588,4.6354]]}},{"type":"Feature","properties":{"id":"89759472","nom":"Calle 60","tipo":"tertiary"},"geometry":{"type":"LineString","coordinates":[[-74.06527,4.64715],[-74.06578,4.64724],[-74.06593,4.64727],[-74.06597,4.64728],[-74.06629,4.64734],[-74.06668,4.64741],[-74.0671,4.64749],[-74.06716,4.6475]]}},{"type":"Feature","properties":{"id":"89759474","nom":"Carrera 23","tipo":"residential"},"geometry":{"type":"LineString","coordinates":[[-74.07364,4.63965],[-74.07363,4.6397],[-74.07356,4.64005],[-74.07346,4.64058],[-74.07345,4.64062]]}},{"type":"Feature","properties":{"id":"89759482","nom":"Carrera 21","tipo":"tertiary"},"geometry":{"type":"LineString","coordinates":[[-74.07232,4.63941],[-74.0723,4.63949],[-74.07224,4.63984],[-74.07216,4.64035],[-74.07215,4.6404]]}},{"type":"Feature","properties":{"id":"89759488","nom":"Carrera 20","tipo":"residential"},"geometry":{"type":"LineString","coordinates":[[-74.07164,4.6393],[-74.07164,4.63933],[-74.07148,4.64024],[-74.07148,4.64028],[-74.07147,4.64034],[-74.07139,4.64077],[-74.07137,4.64089]]}},{"type":"Feature","properties":{"id":"89759493","nom":"Avenida Carrera 24","tipo":"secondary"},"geometry":{"type":"LineString","coordinates":[[-74.07399,4.64727],[-74.0738,4.64751],[-74.07374,4.64758],[-74.07356,4.6478],[-74.0735,4.6479],[-74.07347,4.64793],[-74.07345,4.64797]]}},{"type":"Feature","properties":{"id":"89759494","nom":"Calle 50","tipo":"residential"},"geometry":{"type":"LineString","coordinates":[[-74.07695,4.63919],[-74.07648,4.63911],[-74.07582,4.639]]}},{"type":"Feature","properties":{"id":"89759495","nom":"Calle 61 Bis","tipo":"tertiary"},"geometry":{"type":"LineString","coordinates":[[-74.07271,4.64946],[-74.07267,4.64946],[-74.07244,4.64947],[-74.07241,4.64947],[-74.07238,4.64946]]}},{"type":"Feature","properties":{"id":"89759506","nom":"Diagonal 61B","tipo":"tertiary"},"geometry":{"type":"LineString","coordinates":[[-74.06929,4.64943],[-74.06867,4.64961],[-74.06776,4.6499],[-74.06771,4.64991],[-74.06766,4.64993]]}},{"type":"Feature","properties":{"id":"89759510","nom":"Calle 62","tipo":"residential"},"geometry":{"type":"LineString","coordinates":[[-74.07567,4.65073],[-74.07511,4.65065],[-74.07494,4.65062],[-74.07485,4.65061],[-74.07453,4.65057]]}},{"type":"Feature","properties":{"id":"89759514","nom":"Carrera 21","tipo":"tertiary"},"geometry":{"type":"LineString","coordinates":[[-74.07198,4.64138],[-74.07196,4.64146]]}},{"type":"Feature","properties":{"id":"89759527","nom":"Transversal 24","tipo":"secondary"},"geometry":{"type":"LineString","coordinates":[[-74.07266,4.64684],[-74.07272,4.64697],[-74.07278,4.6471],[-74.07284,4.6472],[-74.07285,4.64722],[-74.07291,4.64732],[-74.07298,4.64742],[-74.07307,4.64753],[-74.07309,4.64757],[-74.07312,4.64759]]}},{"type":"Feature","properties":{"id":"89759534","nom":"Calle 50","tipo":"residential"},"geometry":{"type":"LineString","coordinates":[[-74.07247,4.63844],[-74.07244,4.63843],[-74.07182,4.63832],[-74.07115,4.63821],[-74.07049,4.6381],[-74.06988,4.63799],[-74.06983,4.63798],[-74.06979,4.63797],[-74.06958,4.63794],[-74.06886,4.63781],[-74.06785,4.63764]]}},{"type":"Feature","properties":{"id":"89759536","nom":"Transversal 25","tipo":"tertiary"},"geometry":{"type":"LineString","coordinates":[[-74.07332,4.64534],[-74.07334,4.64528],[-74.07336,4.64521],[-74.07339,4.64509],[-74.07344,4.64497],[-74.07349,4.64484],[-74.07356,4.64472],[-74.07363,4.6446],[-74.0737,4.6445],[-74.07371,4.64448],[-74.07381,4.64438],[-74.07388,4.64431],[-74.07419,4.64404]]}},{"type":"Feature","properties":{"id":"89759537","nom":"Avenida Carrera 17","tipo":"secondary"},"geometry":{"type":"LineString","coordinates":[[-74.07018,4.63602],[-74.07002,4.63694],[-74.07001,4.63699],[-74.06991,4.63753],[-74.06984,4.63795],[-74.06983,4.63798],[-74.0698,4.63818],[-74.06975,4.63845],[-74.06972,4.63865],[-74.06967,4.63893],[-74.06966,4.63896]]}},{"type":"Feature","properties":{"id":"89759543","nom":"Calle 53A","tipo":"residential"},"geometry":{"type":"LineString","coordinates":[[-74.07812,4.64305],[-74.07768,4.64298],[-74.07727,4.6429],[-74.07723,4.6429]]}},{"type":"Feature","properties":{"id":"89759555","nom":"Calle 53B","tipo":"residential"},"geometry":{"type":"LineString","coordinates":[[-74.07106,4.64261],[-74.07058,4.64252],[-74.07007,4.64243],[-74.06969,4.64236],[-74.06967,4.64236],[-74.06964,4.64235]]}},{"type":"Feature","properties":{"id":"89759556","nom":"Avenida Carrera 17","tipo":"secondary"},"geometry":{"type":"LineString","coordinates":[[-74.06863,4.64465],[-74.06863,4.64467],[-74.06851,4.6453],[-74.06846,4.64557],[-74.06843,4.64576],[-74.06834,4.64627],[-74.06825,4.64675],[-74.06812,4.64742],[-74.06809,4.64763],[-74.06808,4.64766]]}},{"type":"Feature","properties":{"id":"89759562","nom":"Calle 49","tipo":"residential"},"geometry":{"type":"LineString","coordinates":[[-74.07465,4.63783],[-74.07471,4.63785],[-74.07532,4.63796]]}},{"type":"Feature","properties":{"id":"89759563","nom":"Calle 51","tipo":"tertiary"},"geometry":{"type":"LineString","coordinates":[[-74.07232,4.63941],[-74.07237,4.63942],[-74.07241,4.63943],[-74.07256,4.63946],[-74.07293,4.63953],[-74.07295,4.63953],[-74.07298,4.63953],[-74.07359,4.63964],[-74.07364,4.63965]]}},{"type":"Feature","properties":{"id":"89759564","nom":"Diagonal 53C","tipo":"tertiary"},"geometry":{"type":"LineString","coordinates":[[-74.07419,4.64404],[-74.07417,4.64402],[-74.07402,4.64387],[-74.07364,4.64348],[-74.0736,4.64343]]}},{"type":"Feature","properties":{"id":"89759567","nom":"Carrera 28","tipo":"tertiary"},"geometry":{"type":"LineString","coordinates":[[-74.07729,4.64131],[-74.07729,4.64124],[-74.07731,4.64074],[-74.07734,4.64036],[-74.07734,4.6403]]}},{"type":"Feature","properties":{"id":"89759568","nom":"Avenida Calle 42","tipo":"tertiary"},"geometry":{"type":"LineString","coordinates":[[-74.07338,4.63666],[-74.07333,4.63659],[-74.07295,4.63611],[-74.07252,4.63555]]}},{"type":"Feature","properties":{"id":"89759570","nom":"Calle 51","tipo":"tertiary"},"geometry":{"type":"LineString","coordinates":[[-74.07784,4.64039],[-74.0783,4.64047]]}},{"type":"Feature","properties":{"id":"89759571","nom":"Transversal 23","tipo":"residential"},"geometry":{"type":"LineString","coordinates":[[-74.07175,4.64628],[-74.07178,4.64592]]}},{"type":"Feature","properties":{"id":"89759574","nom":"Transversal 25","tipo":"tertiary"},"geometry":{"type":"LineString","coordinates":[[-74.07338,4.64546],[-74.07338,4.64544],[-74.07339,4.64537],[-74.07339,4.64535]]}},{"type":"Feature","properties":{"id":"89759595","nom":"Calle 45C","tipo":"residential"},"geometry":{"type":"LineString","coordinates":[[-74.075,4.63588],[-74.07496,4.63587],[-74.07472,4.63583],[-74.07466,4.63581],[-74.07435,4.63576],[-74.0737,4.63564],[-74.07357,4.63561],[-74.07314,4.63553],[-74.07273,4.63545],[-74.07267,4.63544],[-74.07263,4.63545],[-74.0726,4.63546],[-74.07258,4.63548],[-74.07253,4.63553],[-74.07252,4.63555]]}},{"type":"Feature","properties":{"id":"89759597","nom":"Avenida Calle 53","tipo":"secondary"},"geometry":{"type":"LineString","coordinates":[[-74.0713,4.64125],[-74.07124,4.64124],[-74.07081,4.64116],[-74.07034,4.64107],[-74.06993,4.641],[-74.06986,4.64098]]}},{"type":"Feature","properties":{"id":"89759599","nom":"Avenida Calle 53","tipo":"secondary"},"geometry":{"type":"LineString","coordinates":[[-74.07591,4.64216],[-74.07598,4.64218],[-74.07638,4.64225],[-74.07674,4.64231],[-74.0773,4.64242]]}},{"type":"Feature","properties":{"id":"89759606","nom":"Carrera 16","tipo":"residential"},"geometry":{"type":"LineString","coordinates":[[-74.06765,4.64438],[-74.06765,4.6444],[-74.06764,4.64445],[-74.06763,4.64447]]}},{"type":"Feature","properties":{"id":"89759607","nom":"Carrera 23","tipo":"residential"},"geometry":{"type":"LineString","coordinates":[[-74.07398,4.63763],[-74.07399,4.63772],[-74.07399,4.6378],[-74.07398,4.63788],[-74.07383,4.63866],[-74.07364,4.63961],[-74.07364,4.63965]]}},{"type":"Feature","properties":{"id":"89759614","nom":"Avenida Calle 42","tipo":"tertiary"},"geometry":{"type":"LineString","coordinates":[[-74.07252,4.63555],[-74.07229,4.63527]]}},{"type":"Feature","properties":{"id":"89759618","nom":"Transversal 21 Bis","tipo":"residential"},"geometry":{"type":"LineString","coordinates":[[-74.07056,4.64892],[-74.07055,4.64888],[-74.07015,4.6479],[-74.06998,4.64748],[-74.06992,4.64737],[-74.06985,4.64728],[-74.06964,4.64708]]}},{"type":"Feature","properties":{"id":"89759622","nom":"Avenida Calle 53","tipo":"secondary"},"geometry":{"type":"LineString","coordinates":[[-74.06932,4.64088],[-74.06926,4.64087],[-74.06837,4.64072],[-74.06832,4.64071]]}},{"type":"Feature","properties":{"id":"89759632","nom":"Carrera 22","tipo":"residential"},"geometry":{"type":"LineString","coordinates":[[-74.0728,4.64051],[-74.07279,4.64057],[-74.07271,4.64102]]}},{"type":"Feature","properties":{"id":"89759633","nom":"Carrera 27","tipo":"tertiary"},"geometry":{"type":"LineString","coordinates":[[-74.07563,4.64926],[-74.07561,4.64928],[-74.07497,4.64979],[-74.07484,4.64989],[-74.07473,4.64998],[-74.0747,4.65002],[-74.07466,4.65008],[-74.07462,4.65017],[-74.07459,4.65023],[-74.07458,4.65029],[-74.07453,4.65057],[-74.07448,4.65086],[-74.07441,4.65124],[-74.0744,4.65128],[-74.07439,4.65133]]}},{"type":"Feature","properties":{"id":"89759634","nom":"Carrera 20","tipo":"residential"},"geometry":{"type":"LineString","coordinates":[[-74.07066,4.64489],[-74.07065,4.64491],[-74.07064,4.64498],[-74.07064,4.645],[-74.07063,4.64504],[-74.07052,4.64567],[-74.07041,4.64632],[-74.07033,4.64673]]}},{"type":"Feature","properties":{"id":"89759638","nom":"Diagonal 54","tipo":"residential"},"geometry":{"type":"LineString","coordinates":[[-74.0735,4.64501],[-74.07344,4.64497],[-74.07341,4.64496],[-74.07275,4.64457],[-74.0727,4.64454],[-74.07264,4.6445],[-74.07212,4.64418],[-74.07159,4.64387],[-74.07153,4.64383]]}},{"type":"Feature","properties":{"id":"89759642","nom":"Diagonal 61D","tipo":"residential"},"geometry":{"type":"LineString","coordinates":[[-74.07353,4.64806],[-74.07357,4.64811],[-74.07431,4.64899],[-74.07435,4.64905],[-74.07466,4.64942],[-74.07497,4.64979]]}},{"type":"Feature","properties":{"id":"89759655","nom":"Transversal 22A","tipo":"tertiary"},"geometry":{"type":"LineString","coordinates":[[-74.07136,4.64738],[-74.07156,4.64784],[-74.07176,4.6483],[-74.07177,4.64832]]}},{"type":"Feature","properties":{"id":"89759656","nom":"Carrera 27","tipo":"residential"},"geometry":{"type":"LineString","coordinates":[[-74.07592,4.64209],[-74.07591,4.64216],[-74.0759,4.64221],[-74.07587,4.64237],[-74.07567,4.64347],[-74.07566,4.6435]]}},{"type":"Feature","properties":{"id":"89759658","nom":"Calle 54A","tipo":"residential"},"geometry":{"type":"LineString","coordinates":[[-74.07307,4.64398],[-74.073,4.64392],[-74.07266,4.64364],[-74.07236,4.64339],[-74.07178,4.64291],[-74.07171,4.64285]]}},{"type":"Feature","properties":{"id":"89759659","nom":"Carrera 23","tipo":"residential"},"geometry":{"type":"LineString","coordinates":[[-74.07181,4.64509],[-74.07183,4.64502],[-74.07186,4.64489],[-74.07191,4.6447],[-74.07197,4.64452],[-74.07204,4.64435],[-74.07212,4.64418]]}},{"type":"Feature","properties":{"id":"89759664","nom":"Avenida Calle 53","tipo":"secondary"},"geometry":{"type":"LineString","coordinates":[[-74.06832,4.64071],[-74.06825,4.64069],[-74.06775,4.64061],[-74.06737,4.64054],[-74.06733,4.64054]]}},{"type":"Feature","properties":{"id":"89759670","nom":"Calle 52","tipo":"tertiary"},"geometry":{"type":"LineString","coordinates":[[-74.07414,4.64074],[-74.0741,4.64074],[-74.07364,4.64066],[-74.07345,4.64062],[-74.07312,4.64057],[-74.07287,4.64052],[-74.0728,4.64051],[-74.0722,4.6404],[-74.07215,4.6404]]}},{"type":"Feature","properties":{"id":"89759674","nom":"Transversal 24","tipo":"secondary"},"geometry":{"type":"LineString","coordinates":[[-74.07345,4.64797],[-74.07353,4.64806]]}},{"type":"Feature","properties":{"id":"89759679","nom":"Carrera 25","tipo":"residential"},"geometry":{"type":"LineString","coordinates":[[-74.07579,4.63538],[-74.07567,4.63601]]}},{"type":"Feature","properties":{"id":"89759695","nom":"Carrera 22","tipo":"residential"},"geometry":{"type":"LineString","coordinates":[[-74.0728,4.64051],[-74.0728,4.64048],[-74.07297,4.63959],[-74.07298,4.63953]]}},{"type":"Feature","properties":{"id":"89759697","nom":"Diagonal 54","tipo":"residential"},"geometry":{"type":"LineString","coordinates":[[-74.06812,4.6418],[-74.06866,4.64211]]}},{"type":"Feature","properties":{"id":"89759709","nom":"Transversal 17","tipo":"secondary"},"geometry":{"type":"LineString","coordinates":[[-74.07155,4.63448],[-74.07151,4.63451],[-74.07112,4.63483],[-74.07104,4.6349],[-74.07079,4.63514],[-74.07075,4.63517],[-74.0707,4.63523],[-74.07065,4.63529],[-74.07057,4.63539],[-74.07046,4.63554],[-74.07035,4.6357],[-74.07029,4.6358],[-74.07023,4.6359],[-74.0702,4.63595],[-74.07019,4.63598],[-74.07018,4.63602]]}},{"type":"Feature","properties":{"id":"89759716","nom":"Carrera 15","tipo":"residential"},"geometry":{"type":"LineString","coordinates":[[-74.06681,4.64424],[-74.06682,4.64419],[-74.06692,4.64356],[-74.06693,4.64351],[-74.06701,4.64306],[-74.06702,4.64301]]}},{"type":"Feature","properties":{"id":"89759718","nom":"Transversal 21","tipo":"tertiary"},"geometry":{"type":"LineString","coordinates":[[-74.07256,4.63792],[-74.07263,4.63769],[-74.07265,4.63763],[-74.07268,4.63758],[-74.0727,4.63755],[-74.07272,4.63753],[-74.07277,4.63747],[-74.07283,4.6374],[-74.07309,4.6371],[-74.07333,4.63681],[-74.07334,4.63679]]}},{"type":"Feature","properties":{"id":"89759721","nom":"Avenida Calle 42","tipo":"tertiary"},"geometry":{"type":"LineString","coordinates":[[-74.07334,4.63679],[-74.07381,4.63739],[-74.07383,4.63742],[-74.07384,4.63743],[-74.07387,4.6375]]}},{"type":"Feature","properties":{"id":"89759724","nom":"Carrera 16","tipo":"residential"},"geometry":{"type":"LineString","coordinates":[[-74.06672,4.65004],[-74.06671,4.65009],[-74.06654,4.65104]]}},{"type":"Feature","properties":{"id":"89759727","nom":"Calle 52A","tipo":"residential"},"geometry":{"type":"LineString","coordinates":[[-74.07087,4.6408],[-74.07073,4.64079],[-74.0707,4.64078],[-74.07009,4.6405],[-74.06996,4.64047]]}},{"type":"Feature","properties":{"id":"89759728","nom":"Carrera 19A","tipo":"tertiary"},"geometry":{"type":"LineString","coordinates":[[-74.06945,4.65053],[-74.06942,4.65042],[-74.0694,4.65036],[-74.06939,4.65033],[-74.06939,4.65029],[-74.06941,4.65005],[-74.0694,4.64986],[-74.06938,4.64974],[-74.06935,4.64961],[-74.06933,4.64957],[-74.06932,4.64952]]}},{"type":"Feature","properties":{"id":"89759729","nom":"Carrera 26","tipo":"residential"},"geometry":{"type":"LineString","coordinates":[[-74.07435,4.64905],[-74.07441,4.64901],[-74.07469,4.64878],[-74.07498,4.64854],[-74.07502,4.64851]]}},{"type":"Feature","properties":{"id":"89759731","nom":"Carrera 16","tipo":"residential"},"geometry":{"type":"LineString","coordinates":[[-74.06831,4.64079],[-74.0683,4.64083],[-74.06825,4.64107],[-74.06822,4.64127],[-74.06812,4.6418],[-74.06803,4.64231],[-74.06798,4.64258],[-74.06789,4.64307],[-74.06787,4.64315]]}},{"type":"Feature","properties":{"id":"89759749","nom":"Avenida Calle 53","tipo":"secondary"},"geometry":{"type":"LineString","coordinates":[[-74.07592,4.64209],[-74.07587,4.64208],[-74.07545,4.64201],[-74.0745,4.64184]]}},{"type":"Feature","properties":{"id":"89759755","nom":"Transversal 26","tipo":"residential"},"geometry":{"type":"LineString","coordinates":[[-74.07376,4.64553],[-74.07376,4.64551],[-74.07377,4.64544],[-74.07377,4.64542]]}},{"type":"Feature","properties":{"id":"89759761","nom":"Avenida Calle 63","tipo":"secondary"},"geometry":{"type":"LineString","coordinates":[[-74.06942,4.65042],[-74.06934,4.65041],[-74.06881,4.65031],[-74.06791,4.65015]]}},{"type":"Feature","properties":{"id":"89759767","nom":"Transversal 16A","tipo":"residential"},"geometry":{"type":"LineString","coordinates":[[-74.06966,4.63593],[-74.06972,4.63553],[-74.06973,4.63549],[-74.06975,4.63546],[-74.0699,4.63521],[-74.07025,4.63474],[-74.07026,4.63472],[-74.07057,4.63431],[-74.07093,4.63403],[-74.07107,4.63391],[-74.07109,4.63389],[-74.07118,4.63383]]}},{"type":"Feature","properties":{"id":"89759772","nom":"Carrera 19","tipo":"residential"},"geometry":{"type":"LineString","coordinates":[[-74.06987,4.64487],[-74.06986,4.6449],[-74.06976,4.64553],[-74.06965,4.64617],[-74.06959,4.64649],[-74.06953,4.64682]]}},{"type":"Feature","properties":{"id":"89759777","nom":"Carrera 19","tipo":"residential"},"geometry":{"type":"LineString","coordinates":[[-74.07002,4.64411],[-74.07009,4.64372],[-74.07012,4.64354],[-74.07021,4.64303]]}},{"type":"Feature","properties":{"id":"89759783","nom":"Carrera 27","tipo":"tertiary"},"geometry":{"type":"LineString","coordinates":[[-74.07439,4.65133],[-74.07437,4.65143]]}},{"type":"Feature","properties":{"id":"89759814","nom":"Carrera 26","tipo":"residential"},"geometry":{"type":"LineString","coordinates":[[-74.07386,4.64949],[-74.07392,4.64942],[-74.07431,4.6491],[-74.07435,4.64905]]}},{"type":"Feature","properties":{"id":"89759822","nom":"Transversal 19 Bis","tipo":"tertiary"},"geometry":{"type":"LineString","coordinates":[[-74.07191,4.63496],[-74.07199,4.63488]]}},{"type":"Feature","properties":{"id":"89759825","nom":"Carrera 18","tipo":"tertiary"},"geometry":{"type":"LineString","coordinates":[[-74.06986,4.64098],[-74.06987,4.64093],[-74.06996,4.64047],[-74.07002,4.64016],[-74.07004,4.6401],[-74.07009,4.64005]]}},{"type":"Feature","properties":{"id":"89759831","nom":"Calle 58","tipo":"residential"},"geometry":{"type":"LineString","coordinates":[[-74.06752,4.64512],[-74.06739,4.64509],[-74.06708,4.64504]]}},{"type":"Feature","properties":{"id":"89759832","nom":"Avenida Calle 53","tipo":"secondary"},"geometry":{"type":"LineString","coordinates":[[-74.06984,4.64106],[-74.06992,4.64107],[-74.07032,4.64115],[-74.07079,4.64123],[-74.07088,4.64125],[-74.07122,4.64132],[-74.07129,4.64133],[-74.07138,4.64135],[-74.0719,4.64144],[-74.07196,4.64146]]}},{"type":"Feature","properties":{"id":"89759833","nom":"Carrera 15A Bis","tipo":"residential"},"geometry":{"type":"LineString","coordinates":[[-74.06703,4.64653],[-74.06717,4.64575],[-74.06721,4.64567],[-74.06729,4.64557],[-74.06732,4.64551],[-74.06739,4.64509]]}},{"type":"Feature","properties":{"id":"89759839","nom":"Avenida Carrera 30","tipo":"trunk"},"geometry":{"type":"LineString","coordinates":[[-74.07818,4.65026],[-74.07813,4.65091]]}},{"type":"Feature","properties":{"id":"89759840","nom":"Diagonal 54","tipo":"residential"},"geometry":{"type":"LineString","coordinates":[[-74.06949,4.6426],[-74.06909,4.64237],[-74.06905,4.64235]]}},{"type":"Feature","properties":{"id":"89759846","nom":"Avenida Calle 63","tipo":"secondary"},"geometry":{"type":"LineString","coordinates":[[-74.06763,4.65011],[-74.06757,4.65009],[-74.06748,4.65008],[-74.06733,4.65005]]}},{"type":"Feature","properties":{"id":"89759863","nom":"Avenida Calle 53","tipo":"secondary"},"geometry":{"type":"LineString","coordinates":[[-74.07346,4.64165],[-74.07339,4.64164],[-74.07208,4.6414],[-74.07198,4.64138]]}},{"type":"Feature","properties":{"id":"89759865","nom":"Avenida Calle 63","tipo":"secondary"},"geometry":{"type":"LineString","coordinates":[[-74.07166,4.65082],[-74.07118,4.65073],[-74.07052,4.65061],[-74.07011,4.65054],[-74.07002,4.65053],[-74.06997,4.65052],[-74.06951,4.65044],[-74.06942,4.65042]]}},{"type":"Feature","properties":{"id":"89759875","nom":"Carrera 30","tipo":"residential"},"geometry":{"type":"LineString","coordinates":[[-74.07887,4.63723],[-74.07894,4.63678],[-74.07898,4.63658],[-74.07904,4.63617]]}},{"type":"Feature","properties":{"id":"89759877","nom":"Carrera 21","tipo":"tertiary"},"geometry":{"type":"LineString","coordinates":[[-74.07196,4.64146],[-74.07196,4.64149],[-74.07192,4.64168],[-74.07182,4.64224],[-74.07177,4.64251],[-74.07171,4.64285]]}},{"type":"Feature","properties":{"id":"89759880","nom":"Carrera 26","tipo":"residential"},"geometry":{"type":"LineString","coordinates":[[-74.07386,4.64949],[-74.07381,4.64955],[-74.07376,4.64961],[-74.07374,4.64966],[-74.0737,4.64977]]}},{"type":"Feature","properties":{"id":"89759886","nom":"Avenida Calle 63","tipo":"secondary"},"geometry":{"type":"LineString","coordinates":[[-74.06945,4.65053],[-74.06956,4.65055],[-74.06995,4.65062],[-74.07001,4.65063],[-74.07009,4.65064],[-74.07014,4.65065],[-74.07042,4.6507],[-74.07049,4.65072],[-74.07117,4.65084],[-74.07178,4.65095]]}},{"type":"Feature","properties":{"id":"89759890","nom":"Transversal 22 Bis","tipo":"residential"},"geometry":{"type":"LineString","coordinates":[[-74.07123,4.64871],[-74.07126,4.64877],[-74.0718,4.65001]]}},{"type":"Feature","properties":{"id":"89759895","nom":"Carrera 19A","tipo":"tertiary"},"geometry":{"type":"LineString","coordinates":[[-74.06929,4.64943],[-74.06927,4.6494],[-74.06923,4.64925],[-74.06921,4.64915],[-74.0692,4.64908],[-74.06919,4.64896],[-74.06918,4.64873],[-74.06919,4.64865]]}},{"type":"Feature","properties":{"id":"89759897","nom":"Carrera 27","tipo":"residential"},"geometry":{"type":"LineString","coordinates":[[-74.07437,4.65143],[-74.07437,4.65148],[-74.07435,4.65177],[-74.0743,4.65237],[-74.07425,4.65319]]}},{"type":"Feature","properties":{"id":"89759909","nom":"Calle 47A","tipo":"residential"},"geometry":{"type":"LineString","coordinates":[[-74.07893,4.63724],[-74.07887,4.63723],[-74.07792,4.63706],[-74.07746,4.63698],[-74.07698,4.63689]]}},{"type":"Feature","properties":{"id":"89759934","nom":"Calle 53A","tipo":"residential"},"geometry":{"type":"LineString","coordinates":[[-74.0763,4.64273],[-74.07677,4.64281],[-74.07719,4.64289],[-74.07723,4.6429]]}},{"type":"Feature","properties":{"id":"89759935","nom":"Carrera 18","tipo":"residential"},"geometry":{"type":"LineString","coordinates":[[-74.0687,4.6497],[-74.06867,4.64961],[-74.06866,4.64957],[-74.06859,4.64932],[-74.06856,4.64921],[-74.06854,4.64909],[-74.06853,4.6489]]}},{"type":"Feature","properties":{"id":"89759936","nom":"Avenida Calle 53","tipo":"secondary"},"geometry":{"type":"LineString","coordinates":[[-74.07196,4.64146],[-74.07207,4.64147],[-74.07218,4.64149],[-74.07345,4.64172],[-74.07349,4.64173],[-74.07388,4.6418],[-74.07396,4.64181]]}},{"type":"Feature","properties":{"id":"89759972","nom":"Carrera 15","tipo":"residential"},"geometry":{"type":"LineString","coordinates":[[-74.06733,4.64054],[-74.06734,4.6405],[-74.06741,4.64013],[-74.06742,4.64003],[-74.06743,4.63997],[-74.0675,4.63963],[-74.0675,4.63959],[-74.06751,4.63956],[-74.06757,4.63923],[-74.06757,4.63919],[-74.06767,4.63865],[-74.06768,4.63861],[-74.06768,4.63857],[-74.06785,4.63764],[-74.06795,4.63708],[-74.06801,4.63671],[-74.06802,4.63668],[-74.06802,4.63665],[-74.06803,4.63662],[-74.06809,4.63628],[-74.0682,4.63566],[-74.06837,4.63472],[-74.06837,4.6347],[-74.06837,4.63467],[-74.06838,4.63462],[-74.06843,4.63434],[-74.06857,4.63359],[-74.06863,4.6332],[-74.06869,4.63287],[-74.0687,4.63282],[-74.06871,4.63277]]}},{"type":"Feature","properties":{"id":"89759977","nom":"Carrera 16","tipo":"residential"},"geometry":{"type":"LineString","coordinates":[[-74.06832,4.64071],[-74.06831,4.64079]]}},{"type":"Feature","properties":{"id":"89759987","nom":"Calle 45C","tipo":"residential"},"geometry":{"type":"LineString","coordinates":[[-74.075,4.63588],[-74.07507,4.63589],[-74.07567,4.63601],[-74.07633,4.63613]]}},{"type":"Feature","properties":{"id":"89759991","nom":"Carrera 18","tipo":"tertiary"},"geometry":{"type":"LineString","coordinates":[[-74.07009,4.64005],[-74.0701,4.64002],[-74.07014,4.63996],[-74.07016,4.63991],[-74.07017,4.63987],[-74.07031,4.63912],[-74.07032,4.63908]]}},{"type":"Feature","properties":{"id":"89760005","nom":"Avenida Calle 42","tipo":"tertiary"},"geometry":{"type":"LineString","coordinates":[[-74.07245,4.63563],[-74.07245,4.63565],[-74.07287,4.63618],[-74.07301,4.63636],[-74.07324,4.63667],[-74.0733,4.63673]]}},{"type":"Feature","properties":{"id":"89760011","nom":"Carrera 23","tipo":"residential"},"geometry":{"type":"LineString","coordinates":[[-74.07212,4.64418],[-74.07218,4.6441],[-74.07266,4.64364]]}},{"type":"Feature","properties":{"id":"89760016","nom":"Carrera 14A","tipo":"residential"},"geometry":{"type":"LineString","coordinates":[[-74.06597,4.64728],[-74.06597,4.64725],[-74.06606,4.64676],[-74.06614,4.64637],[-74.06621,4.64596],[-74.06631,4.6454],[-74.06639,4.64491],[-74.0665,4.64431],[-74.06651,4.64427]]}},{"type":"Feature","properties":{"id":"89760121","nom":"Carrera 43","tipo":"tertiary"},"geometry":{"type":"LineString","coordinates":[[-74.10027,4.62529],[-74.10019,4.62539],[-74.10009,4.62553],[-74.10002,4.62565],[-74.09996,4.62577],[-74.09986,4.62608],[-74.09985,4.62611],[-74.09983,4.62617]]}},{"type":"Feature","properties":{"id":"89869825","nom":"Carrera 37","tipo":"residential"},"geometry":{"type":"LineString","coordinates":[[-74.09106,4.62813],[-74.09112,4.62811],[-74.09146,4.62783],[-74.09169,4.62764],[-74.0921,4.62731],[-74.09238,4.62707]]}},{"type":"Feature","properties":{"id":"89869836","nom":"Avenida Carrera 40","tipo":"secondary"},"geometry":{"type":"LineString","coordinates":[[-74.09549,4.62849],[-74.09546,4.62855],[-74.09535,4.62879],[-74.09527,4.62895],[-74.09521,4.62904],[-74.09515,4.62912],[-74.09511,4.62916],[-74.09505,4.62921],[-74.095,4.62925],[-74.09475,4.62939],[-74.09441,4.62958],[-74.09433,4.62962],[-74.09429,4.62964],[-74.09427,4.62965],[-74.09424,4.62966],[-74.09411,4.62974],[-74.09404,4.62978],[-74.09394,4.62984],[-74.09284,4.63059],[-74.09282,4.63061],[-74.09277,4.63064]]}},{"type":"Feature","properties":{"id":"89873613","nom":"Carrera 43","tipo":"tertiary"},"geometry":{"type":"LineString","coordinates":[[-74.10171,4.62388],[-74.10121,4.62442],[-74.10036,4.62536],[-74.10024,4.62552],[-74.10017,4.62562],[-74.10013,4.62569],[-74.10006,4.62583],[-74.09996,4.6261],[-74.09995,4.62613],[-74.09993,4.62618]]}},{"type":"Feature","properties":{"id":"89874666","nom":"Carrera 27B","tipo":"residential"},"geometry":{"type":"LineString","coordinates":[[-74.07508,4.6543],[-74.07482,4.65517],[-74.07456,4.65603]]}},{"type":"Feature","properties":{"id":"89874714","nom":"Calle 67","tipo":"residential"},"geometry":{"type":"LineString","coordinates":[[-74.06607,4.65575],[-74.06611,4.65577],[-74.06691,4.65627],[-74.06769,4.65677],[-74.06832,4.65717],[-74.06884,4.65751],[-74.06942,4.65793]]}},{"type":"Feature","properties":{"id":"89874739","nom":"Calle 65","tipo":"residential"},"geometry":{"type":"LineString","coordinates":[[-74.06896,4.65478],[-74.06899,4.6548],[-74.06953,4.65512],[-74.06966,4.65515]]}},{"type":"Feature","properties":{"id":"89874761","nom":"Calle 64","tipo":"tertiary"},"geometry":{"type":"LineString","coordinates":[[-74.07683,4.65835],[-74.07672,4.65831],[-74.07591,4.65798],[-74.07492,4.65758],[-74.07386,4.65715],[-74.07321,4.65689],[-74.07258,4.65663],[-74.07197,4.65639],[-74.07157,4.65623],[-74.07151,4.6562]]}},{"type":"Feature","properties":{"id":"89874766","nom":"Calle 63D Bis","tipo":"residential"},"geometry":{"type":"LineString","coordinates":[[-74.07389,4.65521],[-74.07279,4.65501],[-74.0725,4.65496],[-74.07189,4.65485],[-74.07184,4.65484]]}},{"type":"Feature","properties":{"id":"89874769","nom":"Carrera 15","tipo":"residential"},"geometry":{"type":"LineString","coordinates":[[-74.06478,4.65494],[-74.06491,4.65421],[-74.065,4.6537],[-74.06501,4.65365]]}},{"type":"Feature","properties":{"id":"89874787","nom":"Calle 69","tipo":"tertiary"},"geometry":{"type":"LineString","coordinates":[[-74.06846,4.65935],[-74.06787,4.65899],[-74.06735,4.65866],[-74.06677,4.65831],[-74.06674,4.65829],[-74.06671,4.65827],[-74.06668,4.65825],[-74.066,4.65781],[-74.06596,4.65779],[-74.06593,4.65777],[-74.06588,4.65775],[-74.06569,4.65763],[-74.06514,4.65729],[-74.06511,4.65727]]}},{"type":"Feature","properties":{"id":"89874799","nom":"Carrera 25","tipo":"residential"},"geometry":{"type":"LineString","coordinates":[[-74.07005,4.65935],[-74.07009,4.6593],[-74.07061,4.65852],[-74.07115,4.65771],[-74.07116,4.65768],[-74.07118,4.65766],[-74.0717,4.65682],[-74.07193,4.65648],[-74.07197,4.65639],[-74.07223,4.65562]]}},{"type":"Feature","properties":{"id":"89874833","nom":"Carrera 19","tipo":"residential"},"geometry":{"type":"LineString","coordinates":[[-74.06837,4.65389],[-74.06836,4.65382],[-74.06836,4.65377],[-74.06852,4.65294],[-74.06865,4.65224],[-74.0688,4.65146],[-74.06897,4.6505],[-74.06898,4.65044]]}},{"type":"Feature","properties":{"id":"89874903","nom":"Carrera 27","tipo":"residential"},"geometry":{"type":"LineString","coordinates":[[-74.07348,4.65584],[-74.07354,4.6555]]}},{"type":"Feature","properties":{"id":"89874912","nom":"Calle 63B","tipo":"residential"},"geometry":{"type":"LineString","coordinates":[[-74.07206,4.65285],[-74.07203,4.65285],[-74.07146,4.65274],[-74.07086,4.65264],[-74.07019,4.65252],[-74.06976,4.65244],[-74.0697,4.65243]]}},{"type":"Feature","properties":{"id":"89874944","nom":"Calle 63A","tipo":"residential"},"geometry":{"type":"LineString","coordinates":[[-74.07798,4.65295],[-74.07793,4.65294],[-74.07792,4.65294],[-74.07691,4.65278],[-74.07577,4.6526],[-74.07526,4.65252],[-74.0743,4.65237],[-74.07339,4.65223],[-74.07241,4.65207],[-74.07233,4.65206]]}},{"type":"Feature","properties":{"id":"89874954","nom":"Carrera 23","tipo":"residential"},"geometry":{"type":"LineString","coordinates":[[-74.07133,4.65344],[-74.07146,4.65274],[-74.07159,4.652]]}},{"type":"Feature","properties":{"id":"89874956","nom":"Carrera 23","tipo":"residential"},"geometry":{"type":"LineString","coordinates":[[-74.071,4.6554],[-74.07094,4.6557],[-74.0709,4.6558]]}},{"type":"Feature","properties":{"id":"89874957","nom":"Calle 63C","tipo":"residential"},"geometry":{"type":"LineString","coordinates":[[-74.06904,4.65303],[-74.0691,4.65304],[-74.06955,4.65312],[-74.06958,4.65313],[-74.06963,4.65314],[-74.07006,4.65321],[-74.07073,4.65333],[-74.07133,4.65344],[-74.07191,4.65354],[-74.07194,4.65355]]}},{"type":"Feature","properties":{"id":"89874985","nom":"Calle 64","tipo":"tertiary"},"geometry":{"type":"LineString","coordinates":[[-74.0653,4.652],[-74.06575,4.65226],[-74.06579,4.65229]]}},{"type":"Feature","properties":{"id":"89874989","nom":"Calle 65","tipo":"residential"},"geometry":{"type":"LineString","coordinates":[[-74.06896,4.65478],[-74.06892,4.65475],[-74.06822,4.65425],[-74.06793,4.65406],[-74.06702,4.6536],[-74.06699,4.65358],[-74.06695,4.65356],[-74.06617,4.65316]]}},{"type":"Feature","properties":{"id":"89875033","nom":"Carrera 22","tipo":"residential"},"geometry":{"type":"LineString","coordinates":[[-74.0704,4.65527],[-74.07048,4.65477],[-74.0705,4.65465],[-74.07056,4.6543]]}},{"type":"Feature","properties":{"id":"89875045","nom":"Calle 63B","tipo":"residential"},"geometry":{"type":"LineString","coordinates":[[-74.0722,4.65283],[-74.07226,4.65284],[-74.07287,4.65294],[-74.07331,4.65302],[-74.07425,4.65319],[-74.07475,4.65328],[-74.07499,4.65332],[-74.07577,4.65345]]}},{"type":"Feature","properties":{"id":"89875053","nom":"Calle 63C","tipo":"residential"},"geometry":{"type":"LineString","coordinates":[[-74.068,4.65285],[-74.0672,4.6527],[-74.06715,4.65269],[-74.06711,4.65268],[-74.06635,4.65255],[-74.06628,4.65254]]}},{"type":"Feature","properties":{"id":"89875088","nom":"Calle 63A","tipo":"residential"},"geometry":{"type":"LineString","coordinates":[[-74.07219,4.65212],[-74.07217,4.65211],[-74.07159,4.652]]}},{"type":"Feature","properties":{"id":"89875089","nom":"Calle 64","tipo":"tertiary"},"geometry":{"type":"LineString","coordinates":[[-74.06627,4.65259],[-74.06632,4.65262]]}},{"type":"Feature","properties":{"id":"89875139","nom":"Calle 65","tipo":"residential"},"geometry":{"type":"LineString","coordinates":[[-74.06617,4.65316],[-74.06581,4.6531],[-74.06565,4.65307],[-74.06543,4.65302],[-74.06513,4.65296]]}},{"type":"Feature","properties":{"id":"89875168","nom":"Carrera 23","tipo":"residential"},"geometry":{"type":"LineString","coordinates":[[-74.07117,4.65441],[-74.07108,4.65488],[-74.071,4.6554]]}},{"type":"Feature","properties":{"id":"89875230","nom":"Calle 63G","tipo":"residential"},"geometry":{"type":"LineString","coordinates":[[-74.07286,4.656],[-74.07345,4.65623],[-74.07411,4.6565],[-74.07505,4.65688],[-74.07603,4.65726],[-74.07694,4.65763]]}},{"type":"Feature","properties":{"id":"89875262","nom":"Carrera 21","tipo":"residential"},"geometry":{"type":"LineString","coordinates":[[-74.06966,4.65515],[-74.06907,4.65601],[-74.06905,4.65605],[-74.06903,4.65607],[-74.06832,4.65717]]}},{"type":"Feature","properties":{"id":"89875274","nom":"Carrera 22","tipo":"residential"},"geometry":{"type":"LineString","coordinates":[[-74.06842,4.65813],[-74.06845,4.65808],[-74.06884,4.65751],[-74.06925,4.65691],[-74.06946,4.65662],[-74.06958,4.65646],[-74.06959,4.65643],[-74.06962,4.6564],[-74.07006,4.65581],[-74.07036,4.65539]]}},{"type":"Feature","properties":{"id":"89875299","nom":"Carrera 28A","tipo":"tertiary"},"geometry":{"type":"LineString","coordinates":[[-74.07634,4.65634],[-74.0764,4.65597],[-74.07649,4.65542],[-74.07661,4.65455],[-74.07662,4.65449],[-74.07676,4.65368],[-74.07677,4.65363],[-74.07691,4.65278],[-74.07703,4.65199],[-74.07703,4.65195]]}},{"type":"Feature","properties":{"id":"89875323","nom":"Calle 63A","tipo":"residential"},"geometry":{"type":"LineString","coordinates":[[-74.06931,4.65156],[-74.06936,4.65157],[-74.0694,4.65157],[-74.06968,4.65163],[-74.06981,4.65165],[-74.06984,4.65166],[-74.06989,4.65167],[-74.07032,4.65175],[-74.07099,4.65188],[-74.07159,4.652]]}},{"type":"Feature","properties":{"id":"89875364","nom":"Carrera 18","tipo":"residential"},"geometry":{"type":"LineString","coordinates":[[-74.06844,4.65035],[-74.06843,4.6504],[-74.06827,4.65136],[-74.06813,4.65215],[-74.068,4.65285],[-74.06788,4.65355],[-74.06787,4.65358]]}},{"type":"Feature","properties":{"id":"89875384","nom":"Calle 63F","tipo":"tertiary"},"geometry":{"type":"LineString","coordinates":[[-74.07762,4.65657],[-74.07756,4.65656],[-74.07753,4.65655],[-74.07749,4.65654],[-74.07712,4.65648],[-74.07634,4.65634],[-74.07617,4.65631],[-74.0753,4.65616],[-74.07519,4.65614],[-74.07456,4.65603],[-74.07428,4.65598]]}},{"type":"Feature","properties":{"id":"89878118","nom":"Calle 67","tipo":"residential"},"geometry":{"type":"LineString","coordinates":[[-74.07002,4.65834],[-74.06999,4.65832],[-74.06942,4.65793]]}},{"type":"Feature","properties":{"id":"89878121","nom":"Calle 66A","tipo":"residential"},"geometry":{"type":"LineString","coordinates":[[-74.06925,4.65691],[-74.06985,4.65732],[-74.07039,4.6577],[-74.07043,4.65772]]}},{"type":"Feature","properties":{"id":"89878137","nom":"Avenida Carrera 24","tipo":"secondary"},"geometry":{"type":"LineString","coordinates":[[-74.07075,4.6574],[-74.07082,4.6573],[-74.07099,4.65704],[-74.0713,4.65655],[-74.07145,4.65631],[-74.07148,4.65626],[-74.07151,4.6562],[-74.07155,4.65612],[-74.07158,4.65601],[-74.0716,4.6559],[-74.07163,4.6558],[-74.07165,4.65567],[-74.07167,4.6556],[-74.07168,4.65556],[-74.07169,4.65552]]}},{"type":"Feature","properties":{"id":"89878155","nom":"Avenida Calle 68","tipo":"secondary"},"geometry":{"type":"LineString","coordinates":[[-74.06465,4.65574],[-74.06517,4.65605],[-74.06559,4.6563],[-74.06562,4.65632],[-74.06569,4.65636]]}},{"type":"Feature","properties":{"id":"89878177","nom":"Calle 66","tipo":"secondary"},"geometry":{"type":"LineString","coordinates":[[-74.07612,4.66112],[-74.07555,4.66072],[-74.0754,4.66061],[-74.07533,4.66056],[-74.07517,4.66045],[-74.07499,4.66032],[-74.07464,4.66007],[-74.0746,4.66004],[-74.07455,4.66001],[-74.07452,4.65999],[-74.07411,4.6597],[-74.07408,4.65968],[-74.07402,4.65964],[-74.07398,4.65961],[-74.07364,4.65938],[-74.07345,4.65925],[-74.07297,4.65892],[-74.07293,4.65889],[-74.07286,4.65884],[-74.07282,4.65882],[-74.07231,4.65846],[-74.07227,4.65843],[-74.07176,4.65809],[-74.07171,4.65806],[-74.07136,4.65781],[-74.07121,4.65771],[-74.07116,4.65768],[-74.07083,4.65746],[-74.07079,4.65743],[-74.07075,4.6574]]}},{"type":"Feature","properties":{"id":"89878185","nom":"Avenida Carrera 24","tipo":"secondary"},"geometry":{"type":"LineString","coordinates":[[-74.07158,4.6555],[-74.07157,4.65555],[-74.0715,4.65595],[-74.07149,4.65602],[-74.07146,4.65609],[-74.07143,4.65617],[-74.0714,4.65623],[-74.07136,4.6563],[-74.07117,4.65659],[-74.07093,4.65696],[-74.07077,4.65719],[-74.07074,4.65725]]}},{"type":"Feature","properties":{"id":"89878192","nom":"Calle 70A","tipo":"residential"},"geometry":{"type":"LineString","coordinates":[[-74.06456,4.65816],[-74.06459,4.65818],[-74.06531,4.65863],[-74.06537,4.65866],[-74.0654,4.65869],[-74.06609,4.65911],[-74.06613,4.65913],[-74.06616,4.65915],[-74.06677,4.65953],[-74.06729,4.65986],[-74.06791,4.66024],[-74.06853,4.66062],[-74.06855,4.66064]]}},{"type":"Feature","properties":{"id":"89878223","nom":"Carrera 23","tipo":"residential"},"geometry":{"type":"LineString","coordinates":[[-74.0709,4.6558],[-74.07088,4.65584],[-74.07063,4.65621],[-74.07041,4.65651],[-74.0702,4.65681],[-74.07018,4.65685],[-74.07017,4.65686],[-74.06985,4.65732],[-74.06942,4.65793]]}},{"type":"Feature","properties":{"id":"89878228","nom":"Carrera 21","tipo":"residential"},"geometry":{"type":"LineString","coordinates":[[-74.06832,4.65717],[-74.06795,4.65774],[-74.06791,4.6578]]}},{"type":"Feature","properties":{"id":"89878230","nom":"Calle 67","tipo":"residential"},"geometry":{"type":"LineString","coordinates":[[-74.0702,4.65824],[-74.07024,4.65827],[-74.07061,4.65852],[-74.07114,4.65889],[-74.0717,4.65927],[-74.07229,4.65968],[-74.07287,4.66008],[-74.07345,4.66047],[-74.07397,4.66084],[-74.07458,4.66128],[-74.07483,4.66145],[-74.07497,4.66155],[-74.07549,4.66192],[-74.07553,4.66195]]}},{"type":"Feature","properties":{"id":"89878246","nom":"Calle 65","tipo":"residential"},"geometry":{"type":"LineString","coordinates":[[-74.0713,4.65655],[-74.07135,4.65659],[-74.0717,4.65682],[-74.07227,4.65723],[-74.07282,4.65761],[-74.07342,4.65801],[-74.07401,4.65842],[-74.07458,4.65881],[-74.07512,4.65918],[-74.07522,4.65925],[-74.07539,4.65936],[-74.07577,4.65962],[-74.07615,4.6599],[-74.07667,4.66026],[-74.07669,4.66028],[-74.07675,4.66031]]}},{"type":"Feature","properties":{"id":"89878249","nom":"Calle 64A","tipo":"residential"},"geometry":{"type":"LineString","coordinates":[[-74.07483,4.65815],[-74.07434,4.65792],[-74.07369,4.65761]]}},{"type":"Feature","properties":{"id":"89878250","nom":"Carrera 27","tipo":"residential"},"geometry":{"type":"LineString","coordinates":[[-74.0717,4.65927],[-74.07225,4.65846],[-74.07227,4.65843],[-74.07229,4.6584],[-74.07282,4.65761],[-74.07304,4.65729],[-74.07311,4.65713],[-74.07321,4.65689],[-74.07345,4.65623],[-74.07358,4.65586]]}},{"type":"Feature","properties":{"id":"89878260","nom":"Carrera 26","tipo":"residential"},"geometry":{"type":"LineString","coordinates":[[-74.07294,4.65574],[-74.07286,4.656],[-74.07258,4.65663],[-74.0725,4.65684],[-74.07242,4.65702],[-74.07227,4.65723],[-74.07173,4.65803],[-74.07171,4.65806],[-74.07169,4.65809],[-74.07114,4.65889],[-74.0706,4.65968],[-74.07057,4.65973]]}},{"type":"Feature","properties":{"id":"89889939","nom":"Avenida Carrera 24","tipo":"secondary"},"geometry":{"type":"LineString","coordinates":[[-74.06704,4.66305],[-74.067,4.66311],[-74.06686,4.66332],[-74.06663,4.6637]]}},{"type":"Feature","properties":{"id":"89889992","nom":"Carrera 21","tipo":"residential"},"geometry":{"type":"LineString","coordinates":[[-74.06791,4.6578],[-74.06789,4.65784],[-74.06735,4.65866],[-74.06677,4.65953],[-74.0662,4.66035],[-74.06618,4.66039],[-74.06616,4.66042],[-74.06574,4.66107]]}},{"type":"Feature","properties":{"id":"89890002","nom":"Avenida Carrera 30","tipo":"secondary"},"geometry":{"type":"LineString","coordinates":[[-74.07617,4.66547],[-74.07632,4.66489],[-74.07635,4.66476],[-74.07648,4.6643]]}},{"type":"Feature","properties":{"id":"89890004","nom":"Avenida Carrera 30","tipo":"trunk"},"geometry":{"type":"LineString","coordinates":[[-74.06919,4.67285],[-74.06928,4.67278],[-74.06942,4.67266],[-74.06956,4.67252],[-74.06967,4.67241],[-74.06978,4.67229],[-74.06987,4.67218],[-74.07066,4.67122],[-74.07087,4.671],[-74.0709,4.67096],[-74.07204,4.66966],[-74.07216,4.66952],[-74.07229,4.66934],[-74.07257,4.66899],[-74.07284,4.66865],[-74.07299,4.66847],[-74.07317,4.66826],[-74.07344,4.66797],[-74.07347,4.66794],[-74.0736,4.66779],[-74.07376,4.66762],[-74.07391,4.66746],[-74.07408,4.66727],[-74.0741,4.66725],[-74.0743,4.66702],[-74.07453,4.66675],[-74.07536,4.66578],[-74.07547,4.66565],[-74.07553,4.66555],[-74.07564,4.66537],[-74.07578,4.66504],[-74.07584,4.66492]]}},{"type":"Feature","properties":{"id":"89890128","nom":"Carrera 20","tipo":"tertiary"},"geometry":{"type":"LineString","coordinates":[[-74.0697,4.65243],[-74.06958,4.65313],[-74.0694,4.65408],[-74.06916,4.65447],[-74.06914,4.6545],[-74.06912,4.65453],[-74.06896,4.65478],[-74.06891,4.65485],[-74.06848,4.65552],[-74.06845,4.65557],[-74.06843,4.65561],[-74.06841,4.65563],[-74.06769,4.65677],[-74.06735,4.6573],[-74.06733,4.65733],[-74.06729,4.6574],[-74.06725,4.65745],[-74.06709,4.65769],[-74.06698,4.65785],[-74.06676,4.65819],[-74.06674,4.65822],[-74.06671,4.65827],[-74.06641,4.6587],[-74.06613,4.65913],[-74.06584,4.65958],[-74.06559,4.65994],[-74.06556,4.65999],[-74.06554,4.66003],[-74.06516,4.66058],[-74.06514,4.66062],[-74.06511,4.66066]]}},{"type":"Feature","properties":{"id":"89890164","nom":"Calle 71","tipo":"residential"},"geometry":{"type":"LineString","coordinates":[[-74.0681,4.66157],[-74.06815,4.6616],[-74.06857,4.66186],[-74.06903,4.66215],[-74.06951,4.6624],[-74.07002,4.66264],[-74.07054,4.66282],[-74.07085,4.66293],[-74.07105,4.66305],[-74.07148,4.66335],[-74.07194,4.66368],[-74.07241,4.66401],[-74.07286,4.66433],[-74.07342,4.66473],[-74.07394,4.6651],[-74.07445,4.66547]]}},{"type":"Feature","properties":{"id":"89890225","nom":"Carrera 27B","tipo":"residential"},"geometry":{"type":"LineString","coordinates":[[-74.07054,4.66282],[-74.07113,4.662],[-74.07195,4.66081],[-74.07199,4.66075]]}},{"type":"Feature","properties":{"id":"89890255","nom":"Carrera 27C","tipo":"residential"},"geometry":{"type":"LineString","coordinates":[[-74.06972,4.66494],[-74.06975,4.66491],[-74.06983,4.66479],[-74.07034,4.66407],[-74.07048,4.66386],[-74.07105,4.66305],[-74.07155,4.66231],[-74.07239,4.66112],[-74.07242,4.66107]]}},{"type":"Feature","properties":{"id":"89890306","nom":"Carrera 28","tipo":"tertiary"},"geometry":{"type":"LineString","coordinates":[[-74.07519,4.65614],[-74.07505,4.65688],[-74.07494,4.65746],[-74.07492,4.65758],[-74.07483,4.65815],[-74.07481,4.65829],[-74.07478,4.65849],[-74.07476,4.65855],[-74.07472,4.65861],[-74.07458,4.65881],[-74.07407,4.65956],[-74.07404,4.65961],[-74.07402,4.65964],[-74.07399,4.65968],[-74.07345,4.66047],[-74.07312,4.66096],[-74.07293,4.66125],[-74.07291,4.66127],[-74.0729,4.6613],[-74.07289,4.66133],[-74.07286,4.66138]]}},{"type":"Feature","properties":{"id":"89890321","nom":"Calle 71A","tipo":"residential"},"geometry":{"type":"LineString","coordinates":[[-74.06528,4.66078],[-74.06574,4.66107],[-74.06623,4.6614],[-74.06691,4.66185],[-74.06731,4.66211],[-74.06751,4.66224],[-74.06754,4.66226]]}},{"type":"Feature","properties":{"id":"89890368","nom":"Carrera 22","tipo":"residential"},"geometry":{"type":"LineString","coordinates":[[-74.06539,4.66265],[-74.06571,4.66218],[-74.06573,4.66215]]}},{"type":"Feature","properties":{"id":"89890395","nom":"Calle 70","tipo":"residential"},"geometry":{"type":"LineString","coordinates":[[-74.07113,4.662],[-74.07155,4.66231],[-74.072,4.66264],[-74.07246,4.66298],[-74.07292,4.66332],[-74.07337,4.66364],[-74.07379,4.66395],[-74.07394,4.66406]]}},{"type":"Feature","properties":{"id":"89890467","nom":"Carrera 28B","tipo":"residential"},"geometry":{"type":"LineString","coordinates":[[-74.07712,4.65648],[-74.07701,4.6572],[-74.07697,4.65746],[-74.07695,4.65759],[-74.07694,4.65763]]}},{"type":"Feature","properties":{"id":"89890489","nom":"Carrera 29A","tipo":"residential"},"geometry":{"type":"LineString","coordinates":[[-74.07394,4.66406],[-74.07342,4.66473],[-74.07292,4.66538],[-74.07249,4.66594]]}},{"type":"Feature","properties":{"id":"89890511","nom":"Calle 71","tipo":"residential"},"geometry":{"type":"LineString","coordinates":[[-74.068,4.66152],[-74.06798,4.6615],[-74.06736,4.66111],[-74.06732,4.66108],[-74.06676,4.66074],[-74.0667,4.66071],[-74.06663,4.66066],[-74.06623,4.66042],[-74.06618,4.66039],[-74.06612,4.66036],[-74.06562,4.66002],[-74.06556,4.65999],[-74.0655,4.65995],[-74.06488,4.65956],[-74.06481,4.65951]]}},{"type":"Feature","properties":{"id":"89890551","nom":"Carrera 28A","tipo":"tertiary"},"geometry":{"type":"LineString","coordinates":[[-74.07194,4.66368],[-74.07246,4.66298],[-74.07288,4.6624],[-74.07328,4.66184],[-74.07331,4.6618],[-74.07335,4.66174]]}},{"type":"Feature","properties":{"id":"89890594","nom":"Carrera 22","tipo":"residential"},"geometry":{"type":"LineString","coordinates":[[-74.0658,4.66207],[-74.06583,4.66202],[-74.06623,4.6614],[-74.06668,4.66074],[-74.0667,4.66071],[-74.06673,4.66068],[-74.06729,4.65986],[-74.06787,4.65899],[-74.06837,4.65822],[-74.06839,4.65818],[-74.06842,4.65813]]}},{"type":"Feature","properties":{"id":"89890946","nom":"Calle 73","tipo":"residential"},"geometry":{"type":"LineString","coordinates":[[-74.06405,4.66245],[-74.0641,4.66249],[-74.06441,4.66269],[-74.0646,4.66283],[-74.06494,4.66305],[-74.06506,4.66313],[-74.06529,4.66329],[-74.06546,4.66341],[-74.06579,4.66363]]}},{"type":"Feature","properties":{"id":"89890988","nom":"Carrera 29B","tipo":"secondary"},"geometry":{"type":"LineString","coordinates":[[-74.07517,4.6629],[-74.07513,4.66285],[-74.0751,4.66278],[-74.07508,4.66272],[-74.07508,4.66267],[-74.07508,4.66264],[-74.0751,4.66258],[-74.07513,4.66251],[-74.07553,4.66195]]}},{"type":"Feature","properties":{"id":"89891013","nom":"Calle 64A","tipo":"residential"},"geometry":{"type":"LineString","coordinates":[[-74.077,4.65938],[-74.07695,4.65936],[-74.07694,4.65935],[-74.07692,4.65934],[-74.07622,4.65899],[-74.07549,4.65863],[-74.07481,4.65829]]}},{"type":"Feature","properties":{"id":"89891017","nom":"Carrera 27B Bis","tipo":"residential"},"geometry":{"type":"LineString","coordinates":[[-74.07229,4.66097],[-74.07233,4.66092],[-74.07287,4.66008],[-74.07343,4.65927],[-74.07345,4.65925],[-74.07347,4.65921],[-74.07401,4.65842],[-74.07434,4.65792]]}},{"type":"Feature","properties":{"id":"89891028","nom":"Avenida Carrera 24","tipo":"secondary"},"geometry":{"type":"LineString","coordinates":[[-74.0691,4.65976],[-74.06884,4.66017],[-74.06855,4.66064],[-74.06829,4.66106],[-74.068,4.66152],[-74.06782,4.6618],[-74.06754,4.66226]]}},{"type":"Feature","properties":{"id":"90650564","nom":"Avenida Calle 26","tipo":"primary"},"geometry":{"type":"LineString","coordinates":[[-74.08889,4.63424],[-74.08933,4.63441],[-74.09002,4.63467],[-74.09009,4.6347],[-74.09019,4.63474],[-74.09033,4.63482],[-74.09057,4.63497],[-74.09078,4.63511],[-74.09092,4.63523],[-74.09106,4.63534],[-74.09119,4.63545],[-74.09127,4.63554],[-74.09143,4.63571],[-74.09149,4.63578],[-74.09168,4.63602],[-74.09176,4.63611]]}},{"type":"Feature","properties":{"id":"90650565","nom":"Calle 28","tipo":"residential"},"geometry":{"type":"LineString","coordinates":[[-74.08113,4.63018],[-74.0816,4.63086],[-74.08162,4.63088]]}},{"type":"Feature","properties":{"id":"90650577","nom":"Carrera 33A","tipo":"residential"},"geometry":{"type":"LineString","coordinates":[[-74.07999,4.63306],[-74.08011,4.63298],[-74.08071,4.6326],[-74.08112,4.63232],[-74.08136,4.63217],[-74.08155,4.63204],[-74.08178,4.63189]]}},{"type":"Feature","properties":{"id":"90650580","nom":"Carrera 33","tipo":"secondary"},"geometry":{"type":"LineString","coordinates":[[-74.08205,4.63077],[-74.0821,4.63074],[-74.08223,4.63066],[-74.08243,4.63053],[-74.08272,4.63034],[-74.08278,4.6303],[-74.08286,4.63025]]}},{"type":"Feature","properties":{"id":"90650590","nom":"Calle 28","tipo":"residential"},"geometry":{"type":"LineString","coordinates":[[-74.08169,4.631],[-74.08172,4.63104],[-74.08197,4.63143]]}},{"type":"Feature","properties":{"id":"90650602","nom":"Calle 29","tipo":"residential"},"geometry":{"type":"LineString","coordinates":[[-74.08039,4.62981],[-74.08078,4.6304],[-74.08124,4.63112],[-74.08125,4.63113]]}},{"type":"Feature","properties":{"id":"90650615","nom":"Diagonal 31","tipo":"residential"},"geometry":{"type":"LineString","coordinates":[[-74.08069,4.63343],[-74.0807,4.63334],[-74.08071,4.63325],[-74.08076,4.63311],[-74.08084,4.63296],[-74.0809,4.63284]]}},{"type":"Feature","properties":{"id":"90650619","nom":"Carrera 33","tipo":"secondary"},"geometry":{"type":"LineString","coordinates":[[-74.08162,4.63088],[-74.08159,4.6309],[-74.08145,4.631],[-74.08125,4.63113]]}},{"type":"Feature","properties":{"id":"90650624","nom":"Calle 30","tipo":"residential"},"geometry":{"type":"LineString","coordinates":[[-74.08082,4.6314],[-74.08081,4.63138],[-74.0806,4.63105],[-74.08037,4.63069]]}},{"type":"Feature","properties":{"id":"90650636","nom":"Carrera 33A","tipo":"residential"},"geometry":{"type":"LineString","coordinates":[[-74.08214,4.63164],[-74.0823,4.63155]]}},{"type":"Feature","properties":{"id":"90650644","nom":"Diagonal 29B","tipo":"residential"},"geometry":{"type":"LineString","coordinates":[[-74.0824,4.63265],[-74.08228,4.63258],[-74.08216,4.63252],[-74.08197,4.63245],[-74.08176,4.63243],[-74.08164,4.63244],[-74.08153,4.63245]]}},{"type":"Feature","properties":{"id":"90650649","nom":"Calle 26A","tipo":"residential"},"geometry":{"type":"LineString","coordinates":[[-74.08353,4.63142],[-74.08363,4.63159],[-74.08368,4.6317],[-74.0837,4.6318],[-74.0837,4.63188],[-74.08367,4.632],[-74.08358,4.63221]]}},{"type":"Feature","properties":{"id":"90650650","nom":"Calle 28","tipo":"residential"},"geometry":{"type":"LineString","coordinates":[[-74.08162,4.63088],[-74.08169,4.631]]}},{"type":"Feature","properties":{"id":"90654570","nom":"Avenida Calle 53","tipo":"secondary"},"geometry":{"type":"LineString","coordinates":[[-74.08448,4.64558],[-74.0844,4.64552],[-74.08432,4.64546],[-74.08427,4.6454],[-74.08422,4.64536],[-74.08416,4.64529],[-74.08412,4.64524],[-74.08407,4.64517]]}},{"type":"Feature","properties":{"id":"90654572","nom":"Calle 57A","tipo":"residential"},"geometry":{"type":"LineString","coordinates":[[-74.08019,4.64751],[-74.07951,4.64738],[-74.07942,4.64737],[-74.07928,4.64734],[-74.07902,4.64729],[-74.07894,4.64728]]}},{"type":"Feature","properties":{"id":"90654574","nom":"Avenida Carrera 50","tipo":"secondary"},"geometry":{"type":"LineString","coordinates":[[-74.09302,4.64069],[-74.09073,4.64214],[-74.0907,4.64216],[-74.09064,4.6422]]}},{"type":"Feature","properties":{"id":"90654586","nom":"Carrera 35A","tipo":"residential"},"geometry":{"type":"LineString","coordinates":[[-74.08027,4.64752],[-74.08021,4.64798],[-74.08014,4.64861],[-74.08006,4.64924]]}},{"type":"Feature","properties":{"id":"90654605","nom":"Carrera 37","tipo":"residential"},"geometry":{"type":"LineString","coordinates":[[-74.08205,4.6446],[-74.08206,4.64455],[-74.08206,4.64452],[-74.08206,4.64448],[-74.08208,4.64445],[-74.0821,4.64444],[-74.08214,4.64442],[-74.08219,4.64441],[-74.08227,4.6444]]}},{"type":"Feature","properties":{"id":"90654606","nom":"Carrera 37","tipo":"residential"},"geometry":{"type":"LineString","coordinates":[[-74.0819,4.64671],[-74.0819,4.64676],[-74.08184,4.64742],[-74.08178,4.64811]]}},{"type":"Feature","properties":{"id":"90654607","nom":"Carrera 45","tipo":"tertiary"},"geometry":{"type":"LineString","coordinates":[[-74.08343,4.64823],[-74.08343,4.64827],[-74.08328,4.64929],[-74.08323,4.64962],[-74.0832,4.64985],[-74.08318,4.64999],[-74.08316,4.65014],[-74.08312,4.65027],[-74.08309,4.65041],[-74.08306,4.65054],[-74.08303,4.65064]]}},{"type":"Feature","properties":{"id":"90654613","nom":"Calle 44","tipo":"tertiary"},"geometry":{"type":"LineString","coordinates":[[-74.09064,4.6422],[-74.09061,4.64216],[-74.09007,4.64131],[-74.0894,4.64027],[-74.08924,4.64002],[-74.08917,4.63991],[-74.08908,4.63977]]}},{"type":"Feature","properties":{"id":"90654614","nom":"Carrera 45","tipo":"tertiary"},"geometry":{"type":"LineString","coordinates":[[-74.08908,4.63977],[-74.08889,4.6399],[-74.08885,4.63994],[-74.08882,4.63997],[-74.08881,4.64],[-74.08881,4.64005],[-74.08884,4.64008]]}},{"type":"Feature","properties":{"id":"90654616","nom":"Carrera 45","tipo":"residential"},"geometry":{"type":"LineString","coordinates":[[-74.08774,4.64164],[-74.08831,4.64103],[-74.08898,4.64032]]}},{"type":"Feature","properties":{"id":"90654632","nom":"Avenida Carrera 50","tipo":"secondary"},"geometry":{"type":"LineString","coordinates":[[-74.09064,4.6422],[-74.09043,4.64234],[-74.0904,4.64236],[-74.09032,4.64241]]}},{"type":"Feature","properties":{"id":"90654657","nom":"Avenida Carrera 50","tipo":"secondary"},"geometry":{"type":"LineString","coordinates":[[-74.08885,4.64336],[-74.08811,4.64388],[-74.088,4.64396],[-74.08792,4.64403],[-74.08781,4.64412],[-74.08773,4.6442],[-74.08766,4.64428],[-74.0873,4.64471],[-74.08716,4.64489],[-74.08701,4.6451],[-74.08683,4.64536],[-74.08673,4.64554],[-74.08664,4.64572],[-74.08649,4.64604]]}},{"type":"Feature","properties":{"id":"90654664","nom":"Calle 57B","tipo":"residential"},"geometry":{"type":"LineString","coordinates":[[-74.08343,4.64823],[-74.08336,4.64822],[-74.08327,4.64821],[-74.08281,4.64818],[-74.08275,4.64818],[-74.08247,4.64816],[-74.08178,4.64811]]}},{"type":"Feature","properties":{"id":"90654665","nom":"Carrera 45","tipo":"residential"},"geometry":{"type":"LineString","coordinates":[[-74.0853,4.64395],[-74.08644,4.64273],[-74.08654,4.64262],[-74.08744,4.6416],[-74.08748,4.64157],[-74.08752,4.64155],[-74.08756,4.64154]]}},{"type":"Feature","properties":{"id":"90654677","nom":"Avenida Carrera 50","tipo":"secondary"},"geometry":{"type":"LineString","coordinates":[[-74.08413,4.65321],[-74.08405,4.65298],[-74.08403,4.65293],[-74.08402,4.65287],[-74.08402,4.65282],[-74.08402,4.65277],[-74.08403,4.65272],[-74.08404,4.65267],[-74.08435,4.65191],[-74.08456,4.65138],[-74.0846,4.65129]]}},{"type":"Feature","properties":{"id":"90654678","nom":"Avenida Carrera 50","tipo":"secondary"},"geometry":{"type":"LineString","coordinates":[[-74.09072,4.64232],[-74.09179,4.64161],[-74.09221,4.64135],[-74.0932,4.64075]]}},{"type":"Feature","properties":{"id":"90654679","nom":"Calle 44C","tipo":"residential"},"geometry":{"type":"LineString","coordinates":[[-74.08756,4.64154],[-74.08761,4.64155],[-74.08764,4.64156],[-74.08767,4.64158],[-74.08774,4.64164],[-74.08816,4.64203],[-74.08824,4.64216]]}},{"type":"Feature","properties":{"id":"90654682","nom":"","tipo":"primary_link"},"geometry":{"type":"LineString","coordinates":[[-74.09381,4.6393],[-74.09381,4.63945],[-74.09381,4.63948],[-74.0938,4.63952],[-74.0938,4.63954],[-74.09378,4.63956],[-74.09376,4.63959],[-74.09373,4.63962],[-74.09331,4.63987],[-74.09328,4.63991],[-74.09325,4.63994],[-74.09322,4.63999],[-74.09319,4.64006],[-74.09318,4.64009],[-74.09318,4.64014],[-74.0932,4.64022],[-74.09321,4.64031],[-74.09321,4.64036],[-74.0932,4.64042],[-74.09318,4.64048],[-74.09315,4.64054],[-74.0931,4.6406],[-74.09302,4.64069]]}},{"type":"Feature","properties":{"id":"90654697","nom":"Carrera 38","tipo":"residential"},"geometry":{"type":"LineString","coordinates":[[-74.08294,4.64679],[-74.08295,4.64675],[-74.08295,4.64672],[-74.08304,4.64619],[-74.08304,4.64614]]}},{"type":"Feature","properties":{"id":"90654712","nom":"Calle 44","tipo":"tertiary"},"geometry":{"type":"LineString","coordinates":[[-74.09072,4.64232],[-74.09069,4.64229],[-74.09067,4.64225],[-74.09064,4.6422]]}},{"type":"Feature","properties":{"id":"90654721","nom":"Avenida Carrera 50","tipo":"secondary"},"geometry":{"type":"LineString","coordinates":[[-74.08738,4.64484],[-74.08775,4.64438],[-74.08785,4.64429],[-74.08806,4.64409],[-74.08817,4.644],[-74.08828,4.64392],[-74.08854,4.64374],[-74.08909,4.64338],[-74.08925,4.64328],[-74.09031,4.64259],[-74.09034,4.64256],[-74.09039,4.64253]]}},{"type":"Feature","properties":{"id":"90657798","nom":"Calle 59","tipo":"residential"},"geometry":{"type":"LineString","coordinates":[[-74.08239,4.65039],[-74.08294,4.65061],[-74.08303,4.65064],[-74.08313,4.65068],[-74.08321,4.65071],[-74.08387,4.65097],[-74.0844,4.65118],[-74.08445,4.65121]]}},{"type":"Feature","properties":{"id":"90657825","nom":"Avenida Carrera 50","tipo":"secondary"},"geometry":{"type":"LineString","coordinates":[[-74.08445,4.65121],[-74.08441,4.65132],[-74.08426,4.65171],[-74.08421,4.65184],[-74.08389,4.65265],[-74.08385,4.65273],[-74.08381,4.65278],[-74.08379,4.65281],[-74.08374,4.65285],[-74.08367,4.65289],[-74.08356,4.65295]]}},{"type":"Feature","properties":{"id":"90657830","nom":"Calle 59","tipo":"residential"},"geometry":{"type":"LineString","coordinates":[[-74.07875,4.64967],[-74.07883,4.64967],[-74.07911,4.6497],[-74.07947,4.64973],[-74.07965,4.64975],[-74.07976,4.64976],[-74.07999,4.6498],[-74.08095,4.64999],[-74.081,4.65],[-74.0813,4.65007],[-74.08137,4.65008],[-74.0816,4.65013],[-74.08182,4.65019],[-74.08211,4.65028],[-74.0823,4.65035]]}},{"type":"Feature","properties":{"id":"90657856","nom":"Carrera 35 Bis","tipo":"residential"},"geometry":{"type":"LineString","coordinates":[[-74.07934,4.65029],[-74.07933,4.65044],[-74.07924,4.65124],[-74.07922,4.65143]]}},{"type":"Feature","properties":{"id":"90657863","nom":"Avenida Calle 63","tipo":"secondary"},"geometry":{"type":"LineString","coordinates":[[-74.08324,4.65309],[-74.08313,4.6531],[-74.08304,4.6531],[-74.08298,4.6531],[-74.0829,4.65309],[-74.08283,4.65308],[-74.08278,4.65306],[-74.08232,4.65286]]}},{"type":"Feature","properties":{"id":"90657873","nom":"Calle 61","tipo":"residential"},"geometry":{"type":"LineString","coordinates":[[-74.08268,4.65165],[-74.08264,4.65164],[-74.08264,4.65164],[-74.08262,4.65163],[-74.08259,4.65162],[-74.08253,4.6516],[-74.08239,4.65156],[-74.08217,4.65149],[-74.08196,4.65143],[-74.0818,4.65139],[-74.08165,4.65137],[-74.0815,4.65135],[-74.08129,4.65133],[-74.08126,4.65133],[-74.08124,4.65133]]}},{"type":"Feature","properties":{"id":"90657890","nom":"Carrera 35A","tipo":"residential"},"geometry":{"type":"LineString","coordinates":[[-74.07993,4.65041],[-74.07987,4.65094]]}},{"type":"Feature","properties":{"id":"90674503","nom":"Calle 44F","tipo":"residential"},"geometry":{"type":"LineString","coordinates":[[-74.08862,4.64577],[-74.08828,4.64551],[-74.08818,4.64544],[-74.08742,4.64487],[-74.08738,4.64484]]}},{"type":"Feature","properties":{"id":"90674506","nom":"Carrera 67","tipo":"residential"},"geometry":{"type":"LineString","coordinates":[[-74.10037,4.65423],[-74.10034,4.65428],[-74.10004,4.6547],[-74.09942,4.65556],[-74.09912,4.65598],[-74.09908,4.65603]]}},{"type":"Feature","properties":{"id":"90674510","nom":"Calle 45","tipo":"residential"},"geometry":{"type":"LineString","coordinates":[[-74.08717,4.64541],[-74.0872,4.64542],[-74.08788,4.64588]]}},{"type":"Feature","properties":{"id":"90674511","nom":"Carrera 58","tipo":"residential"},"geometry":{"type":"LineString","coordinates":[[-74.09405,4.64821],[-74.09401,4.64824],[-74.09356,4.64853],[-74.09309,4.64883],[-74.09264,4.64912],[-74.09259,4.64919],[-74.09227,4.64962],[-74.09196,4.65006],[-74.09167,4.65047],[-74.09162,4.65054]]}},{"type":"Feature","properties":{"id":"90674520","nom":"Carrera 54A","tipo":"residential"},"geometry":{"type":"LineString","coordinates":[[-74.08478,4.6539],[-74.08478,4.65385],[-74.08529,4.65311],[-74.08592,4.65222]]}},{"type":"Feature","properties":{"id":"90674522","nom":"Avenida Carrera 60","tipo":"secondary"},"geometry":{"type":"LineString","coordinates":[[-74.09146,4.65367],[-74.09153,4.65357],[-74.09169,4.65336],[-74.09178,4.65325],[-74.09197,4.65302],[-74.09206,4.65294],[-74.09215,4.65286],[-74.09225,4.65277],[-74.09247,4.65259],[-74.09259,4.6525],[-74.09272,4.6524],[-74.09299,4.65221],[-74.09307,4.65216],[-74.09311,4.65213],[-74.09317,4.65209]]}},{"type":"Feature","properties":{"id":"90674526","nom":"Carrera 59","tipo":"residential"},"geometry":{"type":"LineString","coordinates":[[-74.09271,4.64994],[-74.0924,4.65039],[-74.09228,4.65058]]}},{"type":"Feature","properties":{"id":"90674576","nom":"Calle 44A","tipo":"residential"},"geometry":{"type":"LineString","coordinates":[[-74.09198,4.64607],[-74.09262,4.64707]]}},{"type":"Feature","properties":{"id":"90674583","nom":"Calle 42","tipo":"residential"},"geometry":{"type":"LineString","coordinates":[[-74.10185,4.65313],[-74.10138,4.6528],[-74.1009,4.65246],[-74.10043,4.65213],[-74.10003,4.65184],[-74.09996,4.6518],[-74.09994,4.65178],[-74.09989,4.65175],[-74.09986,4.65173],[-74.09983,4.6517],[-74.09966,4.65158]]}},{"type":"Feature","properties":{"id":"90674588","nom":"Carrera 51","tipo":"residential"},"geometry":{"type":"LineString","coordinates":[[-74.08818,4.64544],[-74.08788,4.64588],[-74.08758,4.64634]]}},{"type":"Feature","properties":{"id":"90674599","nom":"Carrera 66A","tipo":"tertiary"},"geometry":{"type":"LineString","coordinates":[[-74.09761,4.65518],[-74.09769,4.65506]]}},{"type":"Feature","properties":{"id":"90674601","nom":"Carrera 57","tipo":"residential"},"geometry":{"type":"LineString","coordinates":[[-74.09343,4.64657],[-74.09312,4.64677],[-74.09309,4.64679],[-74.09262,4.64707],[-74.09217,4.64736],[-74.0917,4.64765]]}},{"type":"Feature","properties":{"id":"90674607","nom":"Carrera 55","tipo":"residential"},"geometry":{"type":"LineString","coordinates":[[-74.08511,4.65416],[-74.08515,4.65413],[-74.08566,4.65337]]}},{"type":"Feature","properties":{"id":"90674611","nom":"Transversal 59A","tipo":"tertiary"},"geometry":{"type":"LineString","coordinates":[[-74.09146,4.65307],[-74.09129,4.65309],[-74.08877,4.6541],[-74.08867,4.65414],[-74.08766,4.65454],[-74.08716,4.65473],[-74.08657,4.65497],[-74.08595,4.65521],[-74.08587,4.65523],[-74.08584,4.65522],[-74.08581,4.65522],[-74.08575,4.65519]]}},{"type":"Feature","properties":{"id":"90674615","nom":"Calle 57B","tipo":"residential"},"geometry":{"type":"LineString","coordinates":[[-74.08634,4.64967],[-74.08597,4.6493],[-74.08594,4.64927],[-74.08592,4.64922],[-74.08588,4.64915],[-74.08585,4.64911],[-74.08571,4.64898],[-74.08568,4.64895],[-74.08565,4.64891],[-74.08564,4.64888],[-74.08562,4.64882],[-74.08559,4.64871]]}},{"type":"Feature","properties":{"id":"90674648","nom":"Carrera 54","tipo":"residential"},"geometry":{"type":"LineString","coordinates":[[-74.0888,4.64856],[-74.08885,4.64849],[-74.08913,4.64809],[-74.08945,4.64764]]}},{"type":"Feature","properties":{"id":"90674655","nom":"Carrera 59","tipo":"residential"},"geometry":{"type":"LineString","coordinates":[[-74.09387,4.64897],[-74.09339,4.64928]]}},{"type":"Feature","properties":{"id":"90674659","nom":"Carrera 57","tipo":"residential"},"geometry":{"type":"LineString","coordinates":[[-74.08981,4.65006],[-74.08964,4.65023],[-74.08945,4.65043],[-74.08915,4.65076],[-74.08892,4.651]]}},{"type":"Feature","properties":{"id":"90674667","nom":"Calle 60","tipo":"residential"},"geometry":{"type":"LineString","coordinates":[[-74.08766,4.65454],[-74.0876,4.65447]]}},{"type":"Feature","properties":{"id":"90674684","nom":"Calle 44","tipo":"tertiary"},"geometry":{"type":"LineString","coordinates":[[-74.09902,4.65317],[-74.099,4.65315],[-74.09895,4.65312],[-74.09891,4.65309]]}},{"type":"Feature","properties":{"id":"90674686","nom":"Calle 59","tipo":"residential"},"geometry":{"type":"LineString","coordinates":[[-74.08541,4.65186],[-74.08552,4.65194],[-74.08592,4.65222],[-74.08629,4.65248],[-74.08667,4.65275],[-74.08702,4.65299],[-74.08704,4.653],[-74.0874,4.65326],[-74.08775,4.65351]]}},{"type":"Feature","properties":{"id":"90674689","nom":"Carrera 52","tipo":"residential"},"geometry":{"type":"LineString","coordinates":[[-74.09124,4.64386],[-74.09121,4.64388],[-74.09076,4.64417],[-74.0903,4.64446],[-74.08984,4.64476],[-74.08938,4.64505],[-74.08923,4.64517],[-74.08891,4.64542],[-74.0888,4.64554],[-74.08862,4.64577],[-74.08834,4.64619],[-74.08802,4.64666],[-74.08773,4.64709],[-74.08744,4.64753],[-74.0874,4.64757]]}},{"type":"Feature","properties":{"id":"90674697","nom":"Carrera 54","tipo":"residential"},"geometry":{"type":"LineString","coordinates":[[-74.08541,4.65186],[-74.08622,4.65102],[-74.08695,4.65024]]}},{"type":"Feature","properties":{"id":"90674698","nom":"Calle 46","tipo":"residential"},"geometry":{"type":"LineString","coordinates":[[-74.09896,4.65523],[-74.09891,4.65519],[-74.09855,4.65495],[-74.09849,4.6549],[-74.09808,4.65462],[-74.09802,4.65459]]}},{"type":"Feature","properties":{"id":"90674715","nom":"Carrera 57A","tipo":"residential"},"geometry":{"type":"LineString","coordinates":[[-74.09311,4.64743],[-74.09292,4.64754],[-74.09246,4.64781]]}},{"type":"Feature","properties":{"id":"90674724","nom":"Carrera 53","tipo":"residential"},"geometry":{"type":"LineString","coordinates":[[-74.08762,4.64878],[-74.08733,4.64908],[-74.08709,4.64934],[-74.08664,4.64983]]}},{"type":"Feature","properties":{"id":"90674733","nom":"Calle 45","tipo":"residential"},"geometry":{"type":"LineString","coordinates":[[-74.08975,4.64718],[-74.09091,4.64801],[-74.09116,4.64818],[-74.0912,4.64821],[-74.09162,4.64851],[-74.09228,4.64896],[-74.09259,4.64919]]}},{"type":"Feature","properties":{"id":"90674745","nom":"Carrera 66A","tipo":"tertiary"},"geometry":{"type":"LineString","coordinates":[[-74.09978,4.65206],[-74.09989,4.65191],[-74.09996,4.6518],[-74.10028,4.65134],[-74.10072,4.65072],[-74.10076,4.65067],[-74.10081,4.65063],[-74.10086,4.65059],[-74.10091,4.65058],[-74.10094,4.65058],[-74.10098,4.65059],[-74.10103,4.65061],[-74.10109,4.65064]]}},{"type":"Feature","properties":{"id":"90674751","nom":"Carrera 57A","tipo":"residential"},"geometry":{"type":"LineString","coordinates":[[-74.08833,4.65263],[-74.08791,4.65326],[-74.08775,4.65351]]}},{"type":"Feature","properties":{"id":"90674753","nom":"Calle 44","tipo":"residential"},"geometry":{"type":"LineString","coordinates":[[-74.09891,4.65309],[-74.09888,4.65307],[-74.09869,4.65294]]}},{"type":"Feature","properties":{"id":"90674766","nom":"Avenida Calle 63","tipo":"secondary"},"geometry":{"type":"LineString","coordinates":[[-74.084,4.65384],[-74.08408,4.65384],[-74.08415,4.65385],[-74.0842,4.65386],[-74.08424,4.65387],[-74.08429,4.65389],[-74.08433,4.65391],[-74.08439,4.65395],[-74.08477,4.65426],[-74.08503,4.65451],[-74.08522,4.65471],[-74.08563,4.65524],[-74.08575,4.65542],[-74.08598,4.65575],[-74.08622,4.65609],[-74.08661,4.65664],[-74.08707,4.65733],[-74.08719,4.65751],[-74.08791,4.65856],[-74.08799,4.65867],[-74.08805,4.65877],[-74.0881,4.65887],[-74.08812,4.65894],[-74.08813,4.659],[-74.08817,4.65928]]}},{"type":"Feature","properties":{"id":"90674783","nom":"Carrera 54","tipo":"residential"},"geometry":{"type":"LineString","coordinates":[[-74.09264,4.64535],[-74.09273,4.6453],[-74.09283,4.64524],[-74.09288,4.64519],[-74.09294,4.64512],[-74.09298,4.64507]]}},{"type":"Feature","properties":{"id":"90674804","nom":"Calle 56","tipo":"residential"},"geometry":{"type":"LineString","coordinates":[[-74.0907,4.65141],[-74.09058,4.65129],[-74.09044,4.65115],[-74.09041,4.65111],[-74.09034,4.65105],[-74.09029,4.651],[-74.09019,4.65091],[-74.0899,4.65085],[-74.0898,4.65074],[-74.08968,4.65062],[-74.08956,4.65053]]}},{"type":"Feature","properties":{"id":"90674805","nom":"Carrera 54","tipo":"residential"},"geometry":{"type":"LineString","coordinates":[[-74.09218,4.6453],[-74.09215,4.64532],[-74.09169,4.64562],[-74.09123,4.64591],[-74.09077,4.64621]]}},{"type":"Feature","properties":{"id":"90674806","nom":"Avenida Carrera 60","tipo":"secondary"},"geometry":{"type":"LineString","coordinates":[[-74.09135,4.65322],[-74.09127,4.65333],[-74.09112,4.65355],[-74.091,4.65373],[-74.09092,4.65386],[-74.09086,4.65399],[-74.0908,4.65412],[-74.09071,4.65432],[-74.09033,4.65517],[-74.08936,4.65738]]}},{"type":"Feature","properties":{"id":"90674828","nom":"Carrera 59A","tipo":"residential"},"geometry":{"type":"LineString","coordinates":[[-74.0932,4.65093],[-74.09366,4.65061],[-74.09377,4.65053],[-74.09405,4.65033],[-74.09413,4.65028],[-74.09451,4.65001],[-74.0947,4.64988]]}},{"type":"Feature","properties":{"id":"90674831","nom":"Calle 44B","tipo":"residential"},"geometry":{"type":"LineString","coordinates":[[-74.09154,4.64636],[-74.09185,4.64687],[-74.09217,4.64736],[-74.09246,4.64781],[-74.09309,4.64883],[-74.09333,4.64919],[-74.09339,4.64928],[-74.09394,4.65015],[-74.09405,4.65033]]}},{"type":"Feature","properties":{"id":"90674860","nom":"Calle 57B","tipo":"residential"},"geometry":{"type":"LineString","coordinates":[[-74.08695,4.65024],[-74.087,4.6502],[-74.087,4.65017],[-74.08699,4.65015],[-74.08668,4.64987],[-74.08664,4.64983],[-74.08656,4.64975],[-74.08651,4.64973],[-74.08637,4.64971]]}},{"type":"Feature","properties":{"id":"90674878","nom":"Avenida Calle 53","tipo":"secondary"},"geometry":{"type":"LineString","coordinates":[[-74.09769,4.65506],[-74.09767,4.65504],[-74.09762,4.65501],[-74.09759,4.65499]]}},{"type":"Feature","properties":{"id":"90674882","nom":"Calle 43","tipo":"residential"},"geometry":{"type":"LineString","coordinates":[[-74.10078,4.65365],[-74.10032,4.65333],[-74.09981,4.65299],[-74.09942,4.65271],[-74.09936,4.65267]]}},{"type":"Feature","properties":{"id":"90674897","nom":"Calle 57","tipo":"residential"},"geometry":{"type":"LineString","coordinates":[[-74.08651,4.64878],[-74.08673,4.64899],[-74.0869,4.64915],[-74.08695,4.6492],[-74.08696,4.64921],[-74.08709,4.64934]]}},{"type":"Feature","properties":{"id":"90674901","nom":"Calle 44C","tipo":"residential"},"geometry":{"type":"LineString","coordinates":[[-74.08984,4.64476],[-74.09015,4.64524],[-74.09077,4.64621],[-74.09081,4.64626],[-74.09106,4.64665],[-74.0917,4.64765],[-74.09178,4.64777],[-74.09245,4.64881],[-74.09264,4.64912]]}},{"type":"Feature","properties":{"id":"90674905","nom":"Calle 46","tipo":"residential"},"geometry":{"type":"LineString","coordinates":[[-74.10041,4.65624],[-74.09992,4.6559],[-74.09942,4.65556]]}},{"type":"Feature","properties":{"id":"90674912","nom":"Carrera 66A","tipo":"tertiary"},"geometry":{"type":"LineString","coordinates":[[-74.09759,4.65499],[-74.09751,4.6551]]}},{"type":"Feature","properties":{"id":"90674920","nom":"Calle 45A","tipo":"residential"},"geometry":{"type":"LineString","coordinates":[[-74.09366,4.65061],[-74.09271,4.64994],[-74.09263,4.64988],[-74.09227,4.64962],[-74.09131,4.64894]]}},{"type":"Feature","properties":{"id":"90674939","nom":"Calle 57","tipo":"residential"},"geometry":{"type":"LineString","coordinates":[[-74.09096,4.65308],[-74.0909,4.65306],[-74.09053,4.65272],[-74.09038,4.65257],[-74.09032,4.65251],[-74.09014,4.65234],[-74.08985,4.65205],[-74.08936,4.65159],[-74.08916,4.6514],[-74.08905,4.65129],[-74.08892,4.65113],[-74.08891,4.65106],[-74.08892,4.651]]}},{"type":"Feature","properties":{"id":"90674943","nom":"Calle 44","tipo":"tertiary"},"geometry":{"type":"LineString","coordinates":[[-74.09155,4.64433],[-74.09218,4.6453],[-74.09233,4.64554],[-74.09312,4.64677],[-74.09325,4.64696],[-74.09405,4.64821],[-74.09428,4.64857],[-74.095,4.64968]]}},{"type":"Feature","properties":{"id":"90674944","nom":"Calle 44","tipo":"tertiary"},"geometry":{"type":"LineString","coordinates":[[-74.09157,4.64366],[-74.09121,4.64309],[-74.09077,4.64241],[-74.09076,4.64239],[-74.09072,4.64232]]}},{"type":"Feature","properties":{"id":"90674952","nom":"Calle 56B","tipo":"residential"},"geometry":{"type":"LineString","coordinates":[[-74.08791,4.64962],[-74.08772,4.64944],[-74.08756,4.64929],[-74.08742,4.64915],[-74.0874,4.64914]]}},{"type":"Feature","properties":{"id":"90674953","nom":"Carrera 54","tipo":"residential"},"geometry":{"type":"LineString","coordinates":[[-74.08826,4.64924],[-74.08807,4.64944],[-74.08791,4.64962]]}},{"type":"Feature","properties":{"id":"90674976","nom":"Avenida Calle 53","tipo":"secondary"},"geometry":{"type":"LineString","coordinates":[[-74.09399,4.65246],[-74.09382,4.65235],[-74.09371,4.65227],[-74.09356,4.65216],[-74.09351,4.65213],[-74.09348,4.6521],[-74.09346,4.65205],[-74.09344,4.65201],[-74.09342,4.65198],[-74.0934,4.65193]]}},{"type":"Feature","properties":{"id":"90691123","nom":"Calle 67A","tipo":"residential"},"geometry":{"type":"LineString","coordinates":[[-74.07681,4.66386],[-74.07735,4.66403]]}},{"type":"Feature","properties":{"id":"90691129","nom":"Carrera 56","tipo":"residential"},"geometry":{"type":"LineString","coordinates":[[-74.07962,4.66645],[-74.0799,4.66609],[-74.08018,4.66571],[-74.08048,4.66533],[-74.08076,4.66495]]}},{"type":"Feature","properties":{"id":"90691212","nom":"Carrera 35","tipo":"residential"},"geometry":{"type":"LineString","coordinates":[[-74.07923,4.65233],[-74.07922,4.6524],[-74.07912,4.65316],[-74.079,4.65403],[-74.07888,4.65491],[-74.07877,4.65576],[-74.07866,4.65664]]}},{"type":"Feature","properties":{"id":"90691214","nom":"Avenida Carrera 60","tipo":"secondary"},"geometry":{"type":"LineString","coordinates":[[-74.08698,4.66349],[-74.08753,4.66228],[-74.0879,4.66147],[-74.0879,4.66146],[-74.08802,4.66122],[-74.08814,4.66097],[-74.08846,4.66023],[-74.08852,4.66014],[-74.08858,4.66006],[-74.08865,4.65997]]}},{"type":"Feature","properties":{"id":"90691217","nom":"Carrera 36A","tipo":"residential"},"geometry":{"type":"LineString","coordinates":[[-74.0797,4.65503],[-74.07991,4.65457],[-74.08045,4.6534],[-74.08078,4.65268],[-74.08081,4.65261]]}},{"type":"Feature","properties":{"id":"90691248","nom":"Carrera 50B","tipo":"residential"},"geometry":{"type":"LineString","coordinates":[[-74.07735,4.66403],[-74.07775,4.66352],[-74.07831,4.66276],[-74.07838,4.66266],[-74.07893,4.66192],[-74.07896,4.66189],[-74.07974,4.66082],[-74.07995,4.66054],[-74.08008,4.66036],[-74.08022,4.66015]]}},{"type":"Feature","properties":{"id":"90691302","nom":"Carrera 52","tipo":"residential"},"geometry":{"type":"LineString","coordinates":[[-74.0809,4.6614],[-74.08088,4.66143],[-74.08001,4.66257],[-74.07998,4.66262],[-74.07995,4.66265],[-74.07955,4.66316],[-74.07954,4.66318],[-74.07919,4.66364],[-74.07915,4.66369],[-74.07913,4.66371],[-74.07876,4.6642],[-74.07835,4.66471],[-74.07783,4.6654],[-74.07783,4.6654],[-74.07782,4.66542],[-74.07774,4.66552]]}},{"type":"Feature","properties":{"id":"90691355","nom":"Carrera 50","tipo":"residential"},"geometry":{"type":"LineString","coordinates":[[-74.07739,4.6621],[-74.07746,4.66201],[-74.078,4.66125],[-74.07802,4.66123],[-74.07824,4.66094],[-74.07871,4.6603],[-74.07891,4.65998]]}},{"type":"Feature","properties":{"id":"90691357","nom":"Carrera 50A","tipo":"residential"},"geometry":{"type":"LineString","coordinates":[[-74.0773,4.6632],[-74.07786,4.66242],[-74.07792,4.66234],[-74.07847,4.6616],[-74.07849,4.66157],[-74.0792,4.66055],[-74.0794,4.66023]]}},{"type":"Feature","properties":{"id":"90691371","nom":"Calle 65","tipo":"residential"},"geometry":{"type":"LineString","coordinates":[[-74.07998,4.66262],[-74.08001,4.66265],[-74.08066,4.66312],[-74.081,4.66336],[-74.08103,4.66338]]}},{"type":"Feature","properties":{"id":"90691384","nom":"Calle 64A","tipo":"residential"},"geometry":{"type":"LineString","coordinates":[[-74.08322,4.664],[-74.08324,4.66402],[-74.08351,4.66448],[-74.08385,4.66504],[-74.08387,4.66511]]}},{"type":"Feature","properties":{"id":"90691541","nom":"Calle 67A","tipo":"residential"},"geometry":{"type":"LineString","coordinates":[[-74.07735,4.66403],[-74.07751,4.66408],[-74.07765,4.66418],[-74.07788,4.66435],[-74.07835,4.66471]]}},{"type":"Feature","properties":{"id":"90691563","nom":"Calle 66","tipo":"residential"},"geometry":{"type":"LineString","coordinates":[[-74.07715,4.66206],[-74.07721,4.66203],[-74.07725,4.66203],[-74.07727,4.66203],[-74.0773,4.66204],[-74.07732,4.66205],[-74.07739,4.6621],[-74.07786,4.66242],[-74.07831,4.66276],[-74.07882,4.66313]]}},{"type":"Feature","properties":{"id":"90691567","nom":"Calle 66","tipo":"residential"},"geometry":{"type":"LineString","coordinates":[[-74.0789,4.66303],[-74.07838,4.66266],[-74.07792,4.66234],[-74.07746,4.66201],[-74.07729,4.66187],[-74.07728,4.66186],[-74.07726,4.66184],[-74.07725,4.66181],[-74.07723,4.66178]]}},{"type":"Feature","properties":{"id":"90691592","nom":"Calle 67","tipo":"residential"},"geometry":{"type":"LineString","coordinates":[[-74.07684,4.66302],[-74.07689,4.663],[-74.07694,4.66299],[-74.07699,4.663],[-74.07703,4.66302],[-74.0773,4.6632],[-74.07775,4.66352],[-74.07826,4.66387],[-74.07876,4.6642]]}},{"type":"Feature","properties":{"id":"90691662","nom":"Avenida Calle 68","tipo":"secondary"},"geometry":{"type":"LineString","coordinates":[[-74.07738,4.66501],[-74.07687,4.66436]]}},{"type":"Feature","properties":{"id":"90691677","nom":"Carrera 54","tipo":"residential"},"geometry":{"type":"LineString","coordinates":[[-74.07852,4.66664],[-74.07855,4.6666],[-74.07867,4.66645],[-74.07871,4.66639],[-74.07895,4.66609],[-74.07902,4.66599],[-74.0793,4.66563],[-74.07959,4.66525],[-74.07975,4.66504],[-74.07978,4.665],[-74.08017,4.66451],[-74.08019,4.66449]]}},{"type":"Feature","properties":{"id":"90691688","nom":"Carrera 57","tipo":"residential"},"geometry":{"type":"LineString","coordinates":[[-74.08068,4.66726],[-74.08096,4.66689],[-74.08124,4.66653],[-74.08153,4.66615],[-74.08182,4.66576],[-74.08216,4.66531],[-74.08243,4.66496],[-74.08285,4.66443],[-74.08319,4.66401],[-74.08322,4.664]]}},{"type":"Feature","properties":{"id":"90691724","nom":"Carrera 51","tipo":"residential"},"geometry":{"type":"LineString","coordinates":[[-74.07826,4.66387],[-74.07867,4.66332],[-74.07882,4.66313],[-74.0789,4.66303],[-74.07908,4.6628],[-74.07945,4.66229],[-74.07947,4.66226],[-74.08032,4.66112],[-74.08054,4.66079]]}},{"type":"Feature","properties":{"id":"90691789","nom":"Calle 63A","tipo":"tertiary"},"geometry":{"type":"LineString","coordinates":[[-74.08002,4.65332],[-74.07912,4.65316],[-74.07863,4.65307],[-74.07856,4.65305]]}},{"type":"Feature","properties":{"id":"90691863","nom":"Calle 65","tipo":"residential"},"geometry":{"type":"LineString","coordinates":[[-74.07998,4.66262],[-74.07947,4.66226],[-74.07896,4.66189],[-74.07849,4.66157],[-74.07802,4.66123],[-74.07766,4.66097],[-74.07762,4.66094],[-74.07759,4.66091],[-74.07756,4.66088],[-74.07754,4.66084],[-74.07752,4.66078]]}},{"type":"Feature","properties":{"id":"90692012","nom":"Calle 66A","tipo":"residential"},"geometry":{"type":"LineString","coordinates":[[-74.07915,4.66369],[-74.07917,4.66371],[-74.07943,4.66391],[-74.07972,4.66413],[-74.07975,4.66415],[-74.0799,4.66426],[-74.08014,4.66445],[-74.08017,4.66447],[-74.08019,4.66449]]}},{"type":"Feature","properties":{"id":"90692026","nom":"Carrera 57A","tipo":"residential"},"geometry":{"type":"LineString","coordinates":[[-74.08343,4.66453],[-74.08327,4.66461],[-74.08323,4.66463],[-74.0828,4.66524]]}},{"type":"Feature","properties":{"id":"91965575","nom":"Avenida Calle 23","tipo":"trunk"},"geometry":{"type":"LineString","coordinates":[[-74.08518,4.6252],[-74.08609,4.62537],[-74.08634,4.6254],[-74.08652,4.62542],[-74.08662,4.62542],[-74.08771,4.62545],[-74.08831,4.62543],[-74.08885,4.62544],[-74.08896,4.62545],[-74.08909,4.62546],[-74.0905,4.62563]]}},{"type":"Feature","properties":{"id":"91965579","nom":"Avenida Calle 20","tipo":"trunk"},"geometry":{"type":"LineString","coordinates":[[-74.09108,4.6257],[-74.09113,4.62571],[-74.09236,4.62584]]}},{"type":"Feature","properties":{"id":"91965586","nom":"Avenida Calle 20","tipo":"trunk"},"geometry":{"type":"LineString","coordinates":[[-74.09104,4.62608],[-74.0911,4.62609],[-74.093,4.6263]]}},{"type":"Feature","properties":{"id":"91965613","nom":"Avenida Carrera 40","tipo":"secondary"},"geometry":{"type":"LineString","coordinates":[[-74.09595,4.62662],[-74.09594,4.62651],[-74.09593,4.62642]]}},{"type":"Feature","properties":{"id":"91965618","nom":"Avenida Calle 20","tipo":"trunk"},"geometry":{"type":"LineString","coordinates":[[-74.09593,4.62642],[-74.09607,4.62644],[-74.09647,4.6265],[-74.09686,4.62657],[-74.0973,4.62664],[-74.09754,4.62668],[-74.09768,4.62669],[-74.09775,4.6267],[-74.09832,4.62675],[-74.09916,4.62683],[-74.09939,4.62685],[-74.09945,4.62686],[-74.0995,4.62687]]}},{"type":"Feature","properties":{"id":"99811086","nom":"Calle 58","tipo":"residential"},"geometry":{"type":"LineString","coordinates":[[-74.08703,4.65178],[-74.08683,4.65159],[-74.08661,4.65139],[-74.08639,4.65118],[-74.08636,4.65115]]}},{"type":"Feature","properties":{"id":"107325335","nom":"Calle 58A","tipo":"residential"},"geometry":{"type":"LineString","coordinates":[[-74.08268,4.64924],[-74.08321,4.64928],[-74.08328,4.64929]]}},{"type":"Feature","properties":{"id":"108040246","nom":"Carrera 16 Bis","tipo":"residential"},"geometry":{"type":"LineString","coordinates":[[-74.07019,4.63221],[-74.07019,4.63218],[-74.0702,4.63211],[-74.07021,4.63207],[-74.07031,4.63143],[-74.07032,4.63138],[-74.07032,4.63134],[-74.07046,4.63063],[-74.07046,4.6306],[-74.07047,4.63056]]}},{"type":"Feature","properties":{"id":"111289631","nom":"Calle 37","tipo":"residential"},"geometry":{"type":"LineString","coordinates":[[-74.07081,4.62593],[-74.07076,4.62592],[-74.07037,4.62581],[-74.06999,4.62571],[-74.06992,4.62569]]}},{"type":"Feature","properties":{"id":"112440934","nom":"","tipo":"trunk_link"},"geometry":{"type":"LineString","coordinates":[[-74.09963,4.62688],[-74.0997,4.62697],[-74.09974,4.62702]]}},{"type":"Feature","properties":{"id":"112445655","nom":"Avenida Calle 22","tipo":"residential"},"geometry":{"type":"LineString","coordinates":[[-74.09542,4.62949],[-74.09533,4.62936],[-74.09532,4.62933],[-74.09531,4.62929],[-74.09531,4.62925],[-74.09533,4.6292],[-74.09535,4.62915],[-74.09542,4.62896]]}},{"type":"Feature","properties":{"id":"112445656","nom":"Avenida Calle 22","tipo":"residential"},"geometry":{"type":"LineString","coordinates":[[-74.09692,4.63106],[-74.09651,4.63061],[-74.09641,4.63051],[-74.09542,4.62949]]}},{"type":"Feature","properties":{"id":"113185369","nom":"Calle 57B","tipo":"residential"},"geometry":{"type":"LineString","coordinates":[[-74.08894,4.65201],[-74.08875,4.65182],[-74.08873,4.65179],[-74.0886,4.65167],[-74.0883,4.65159],[-74.08807,4.65138]]}},{"type":"Feature","properties":{"id":"147216656","nom":"Avenida Carrera 24","tipo":"secondary"},"geometry":{"type":"LineString","coordinates":[[-74.07547,4.62783],[-74.07548,4.62776],[-74.07548,4.62763],[-74.07548,4.62757],[-74.07546,4.62734],[-74.07546,4.62725],[-74.07544,4.62708],[-74.07542,4.62699],[-74.0754,4.62691],[-74.07539,4.62687]]}},{"type":"Feature","properties":{"id":"170610219","nom":"Transversal 23","tipo":"residential"},"geometry":{"type":"LineString","coordinates":[[-74.07303,4.64867],[-74.07298,4.64865],[-74.07297,4.64864],[-74.07289,4.64856],[-74.07281,4.64846],[-74.07271,4.64833],[-74.07257,4.64809],[-74.07254,4.64804]]}},{"type":"Feature","properties":{"id":"170610220","nom":"Diagonal 61C","tipo":"residential"},"geometry":{"type":"LineString","coordinates":[[-74.07202,4.64887],[-74.07209,4.64883],[-74.07213,4.64881],[-74.07281,4.64846]]}},{"type":"Feature","properties":{"id":"171796464","nom":"","tipo":"primary_link"},"geometry":{"type":"LineString","coordinates":[[-74.08036,4.62586],[-74.08012,4.62538],[-74.08004,4.62526],[-74.07971,4.62478],[-74.07966,4.62475],[-74.07961,4.62472],[-74.07956,4.62472],[-74.07951,4.62472],[-74.07945,4.62475],[-74.07942,4.62478],[-74.0794,4.62482],[-74.07937,4.62486],[-74.07936,4.62491],[-74.07937,4.62496],[-74.07939,4.62501],[-74.07969,4.62551],[-74.07983,4.62568]]}},{"type":"Feature","properties":{"id":"174011299","nom":"Carrera 26","tipo":"residential"},"geometry":{"type":"LineString","coordinates":[[-74.06903,4.66215],[-74.06979,4.66101],[-74.07057,4.65981],[-74.07061,4.65975]]}},{"type":"Feature","properties":{"id":"174011304","nom":"Carrera 27","tipo":"residential"},"geometry":{"type":"LineString","coordinates":[[-74.06951,4.6624],[-74.07025,4.66133],[-74.07102,4.66015],[-74.07106,4.66008]]}},{"type":"Feature","properties":{"id":"174856249","nom":"","tipo":"secondary_link"},"geometry":{"type":"LineString","coordinates":[[-74.07635,4.66476],[-74.0764,4.66468],[-74.07643,4.66465],[-74.07646,4.66462],[-74.07651,4.6646],[-74.0766,4.6646],[-74.07665,4.66461],[-74.07668,4.66462],[-74.07702,4.66491],[-74.07737,4.6652],[-74.07745,4.66526]]}},{"type":"Feature","properties":{"id":"174856251","nom":"Calle 69","tipo":"residential"},"geometry":{"type":"LineString","coordinates":[[-74.07632,4.66489],[-74.07638,4.6649],[-74.07641,4.6649],[-74.07716,4.66544]]}},{"type":"Feature","properties":{"id":"177858030","nom":"Calle 50A","tipo":"residential"},"geometry":{"type":"LineString","coordinates":[[-74.06608,4.63788],[-74.06552,4.63777],[-74.06548,4.63776]]}},{"type":"Feature","properties":{"id":"178705690","nom":"Calle 70","tipo":"residential"},"geometry":{"type":"LineString","coordinates":[[-74.06822,4.65976],[-74.06882,4.66016],[-74.06884,4.66017]]}},{"type":"Feature","properties":{"id":"178705691","nom":"Calle 70A Bis","tipo":"residential"},"geometry":{"type":"LineString","coordinates":[[-74.06767,4.66066],[-74.06827,4.66104],[-74.06829,4.66106]]}},{"type":"Feature","properties":{"id":"178706165","nom":"Carrera 52","tipo":"residential"},"geometry":{"type":"LineString","coordinates":[[-74.08135,4.66077],[-74.08123,4.66094],[-74.0811,4.66111],[-74.0809,4.6614]]}},{"type":"Feature","properties":{"id":"182387219","nom":"Carrera 16A","tipo":"residential"},"geometry":{"type":"LineString","coordinates":[[-74.06731,4.64918],[-74.06716,4.64997],[-74.06715,4.65002]]}},{"type":"Feature","properties":{"id":"183566865","nom":"Calle 21 Bis","tipo":"residential"},"geometry":{"type":"LineString","coordinates":[[-74.09392,4.62791],[-74.09402,4.62801],[-74.09421,4.62821],[-74.09488,4.62892]]}},{"type":"Feature","properties":{"id":"183566866","nom":"Calle 20A","tipo":"residential"},"geometry":{"type":"LineString","coordinates":[[-74.09434,4.62713],[-74.095,4.6272],[-74.09563,4.62727],[-74.09566,4.62727]]}},{"type":"Feature","properties":{"id":"183566871","nom":"Calle 21 Bis","tipo":"residential"},"geometry":{"type":"LineString","coordinates":[[-74.09546,4.62855],[-74.09531,4.62878],[-74.09517,4.62895],[-74.09512,4.62901],[-74.09507,4.62904],[-74.09506,4.62904],[-74.09503,4.62903],[-74.09502,4.62903],[-74.095,4.62901],[-74.09488,4.62892]]}},{"type":"Feature","properties":{"id":"183566875","nom":"Calle 20A","tipo":"residential"},"geometry":{"type":"LineString","coordinates":[[-74.09999,4.62705],[-74.10006,4.6271],[-74.10017,4.62719],[-74.10078,4.6277]]}},{"type":"Feature","properties":{"id":"183566876","nom":"Transversal 39","tipo":"residential"},"geometry":{"type":"LineString","coordinates":[[-74.09434,4.62713],[-74.09424,4.62794],[-74.09421,4.62821]]}},{"type":"Feature","properties":{"id":"183796254","nom":"Calle 63F","tipo":"residential"},"geometry":{"type":"LineString","coordinates":[[-74.06966,4.65515],[-74.07019,4.65523]]}},{"type":"Feature","properties":{"id":"183796527","nom":"Carrera 50 Bis","tipo":"residential"},"geometry":{"type":"LineString","coordinates":[[-74.09044,4.64322],[-74.09024,4.64334],[-74.08977,4.64363]]}},{"type":"Feature","properties":{"id":"183796528","nom":"Carrera 15A Bis","tipo":"residential"},"geometry":{"type":"LineString","coordinates":[[-74.06938,4.63288],[-74.06937,4.63293],[-74.06937,4.63294],[-74.06935,4.63304],[-74.06923,4.63364],[-74.06921,4.63372]]}},{"type":"Feature","properties":{"id":"188633714","nom":"Avenida Carrera 36","tipo":"secondary"},"geometry":{"type":"LineString","coordinates":[[-74.09113,4.62522],[-74.09114,4.62517],[-74.09115,4.62511],[-74.09116,4.62503],[-74.09118,4.62496],[-74.09121,4.62488],[-74.09125,4.62479],[-74.0913,4.62471],[-74.09143,4.62454],[-74.09163,4.62434],[-74.09173,4.62423],[-74.09191,4.62405],[-74.09193,4.62402],[-74.09195,4.624],[-74.09213,4.62381],[-74.09292,4.62298],[-74.09294,4.62296],[-74.093,4.62288]]}},{"type":"Feature","properties":{"id":"188699717","nom":"Avenida Carrera 30","tipo":"trunk"},"geometry":{"type":"LineString","coordinates":[[-74.08007,4.62897],[-74.07998,4.62932],[-74.07994,4.6295],[-74.07989,4.62975],[-74.07981,4.63027],[-74.0797,4.63112]]}},{"type":"Feature","properties":{"id":"188699723","nom":"Carrera 30","tipo":"residential"},"geometry":{"type":"LineString","coordinates":[[-74.07875,4.63826],[-74.07893,4.63724]]}},{"type":"Feature","properties":{"id":"196725712","nom":"Carrera 56B","tipo":"residential"},"geometry":{"type":"LineString","coordinates":[[-74.08193,4.66459],[-74.08231,4.66404]]}},{"type":"Feature","properties":{"id":"200231874","nom":"Avenida Calle 45","tipo":"secondary"},"geometry":{"type":"LineString","coordinates":[[-74.06873,4.63267],[-74.0684,4.63261],[-74.0679,4.63252],[-74.06785,4.63251],[-74.0678,4.6325],[-74.06758,4.63247]]}},{"type":"Feature","properties":{"id":"200337859","nom":"Avenida Calle 72","tipo":"secondary"},"geometry":{"type":"LineString","coordinates":[[-74.06463,4.66138],[-74.06466,4.6614],[-74.06573,4.66215],[-74.0661,4.6624],[-74.06635,4.66258],[-74.06638,4.6626]]}},{"type":"Feature","properties":{"id":"201517243","nom":"Carrera 19 Bis","tipo":"residential"},"geometry":{"type":"LineString","coordinates":[[-74.07248,4.63259],[-74.07249,4.63253],[-74.07263,4.63184],[-74.07263,4.63183],[-74.07264,4.6318]]}},{"type":"Feature","properties":{"id":"201517244","nom":"Transversal 28","tipo":"secondary"},"geometry":{"type":"LineString","coordinates":[[-74.07562,4.6459],[-74.07575,4.64579],[-74.0762,4.64537],[-74.07677,4.64483]]}},{"type":"Feature","properties":{"id":"204873433","nom":"","tipo":"trunk_link"},"geometry":{"type":"LineString","coordinates":[[-74.07923,4.64293],[-74.07928,4.64287],[-74.07932,4.64285],[-74.07937,4.64284],[-74.07943,4.64284],[-74.07993,4.64293],[-74.07996,4.64294],[-74.07999,4.64294],[-74.08045,4.64303],[-74.08111,4.64315]]}},{"type":"Feature","properties":{"id":"224388223","nom":"Calle 39 Bis A","tipo":"residential"},"geometry":{"type":"LineString","coordinates":[[-74.08002,4.62793],[-74.0793,4.62786]]}},{"type":"Feature","properties":{"id":"231044793","nom":"Avenida Calle 26","tipo":"primary"},"geometry":{"type":"LineString","coordinates":[[-74.07945,4.62495],[-74.08004,4.6259],[-74.08009,4.62597],[-74.08039,4.62641],[-74.08082,4.62705],[-74.08127,4.62765]]}},{"type":"Feature","properties":{"id":"232291319","nom":"Carrera 9","tipo":"residential"},"geometry":{"type":"LineString","coordinates":[[-74.06544,4.63246],[-74.06535,4.6329],[-74.06534,4.63292],[-74.06533,4.63295]]}},{"type":"Feature","properties":{"id":"233927142","nom":"Carrera 55","tipo":"residential"},"geometry":{"type":"LineString","coordinates":[[-74.08944,4.64859],[-74.08959,4.6484],[-74.08989,4.64796]]}},{"type":"Feature","properties":{"id":"235702519","nom":"Carrera 59","tipo":"tertiary"},"geometry":{"type":"LineString","coordinates":[[-74.09639,4.64723],[-74.09658,4.64719],[-74.09664,4.64716],[-74.09671,4.64712],[-74.09686,4.64703],[-74.09751,4.64662],[-74.09783,4.64642],[-74.0979,4.64638],[-74.09802,4.64631],[-74.09808,4.64627],[-74.09815,4.64625],[-74.09818,4.64624],[-74.0982,4.64624],[-74.09825,4.64623]]}},{"type":"Feature","properties":{"id":"239948034","nom":"Calle 30","tipo":"residential"},"geometry":{"type":"LineString","coordinates":[[-74.08136,4.63217],[-74.08153,4.63245]]}},{"type":"Feature","properties":{"id":"239949490","nom":"Calle 42","tipo":"residential"},"geometry":{"type":"LineString","coordinates":[[-74.08004,4.63335],[-74.08069,4.63343]]}},{"type":"Feature","properties":{"id":"240742011","nom":"Avenida Carrera 40","tipo":"secondary"},"geometry":{"type":"LineString","coordinates":[[-74.09277,4.63064],[-74.09271,4.63068]]}},{"type":"Feature","properties":{"id":"241133279","nom":"Carrera 46","tipo":"residential"},"geometry":{"type":"LineString","coordinates":[[-74.09575,4.63501],[-74.09579,4.63499],[-74.09626,4.63474],[-74.09718,4.63431]]}},{"type":"Feature","properties":{"id":"244888068","nom":"Carrera 17","tipo":"residential"},"geometry":{"type":"LineString","coordinates":[[-74.07085,4.63305],[-74.07086,4.63302],[-74.0709,4.63277]]}},{"type":"Feature","properties":{"id":"248760362","nom":"Calle 21","tipo":"residential"},"geometry":{"type":"LineString","coordinates":[[-74.09549,4.62849],[-74.09545,4.62848],[-74.09542,4.62847],[-74.09539,4.62845],[-74.09536,4.62844],[-74.095,4.62808]]}},{"type":"Feature","properties":{"id":"248760363","nom":"Transversal 39A","tipo":"residential"},"geometry":{"type":"LineString","coordinates":[[-74.095,4.62808],[-74.09497,4.62803],[-74.09495,4.62799],[-74.09493,4.62793],[-74.09493,4.62787],[-74.095,4.6272]]}},{"type":"Feature","properties":{"id":"249088012","nom":"Calle 40","tipo":"residential"},"geometry":{"type":"LineString","coordinates":[[-74.06789,4.6287],[-74.0678,4.62831],[-74.06776,4.62825],[-74.0677,4.6282],[-74.06748,4.62812],[-74.06717,4.62803],[-74.06711,4.62802]]}},{"type":"Feature","properties":{"id":"249088015","nom":"Carrera 8A","tipo":"residential"},"geometry":{"type":"LineString","coordinates":[[-74.06595,4.62993],[-74.066,4.62966],[-74.06605,4.62939]]}},{"type":"Feature","properties":{"id":"249088021","nom":"Carrera 7A","tipo":"residential"},"geometry":{"type":"LineString","coordinates":[[-74.06552,4.6293],[-74.06547,4.62957],[-74.06542,4.62983]]}},{"type":"Feature","properties":{"id":"249088022","nom":"Calle 42A","tipo":"residential"},"geometry":{"type":"LineString","coordinates":[[-74.06542,4.62983],[-74.06551,4.62985],[-74.06567,4.62988],[-74.06595,4.62993]]}},{"type":"Feature","properties":{"id":"249088035","nom":"Calle 29A","tipo":"residential"},"geometry":{"type":"LineString","coordinates":[[-74.08238,4.63173],[-74.0823,4.63168],[-74.08229,4.63167],[-74.08229,4.63165],[-74.08229,4.63161],[-74.0823,4.63155]]}},{"type":"Feature","properties":{"id":"249088039","nom":"Calle 29A","tipo":"residential"},"geometry":{"type":"LineString","coordinates":[[-74.08113,4.63139],[-74.0814,4.63147],[-74.08187,4.63162],[-74.08195,4.63164]]}},{"type":"Feature","properties":{"id":"277030856","nom":"","tipo":"primary_link"},"geometry":{"type":"LineString","coordinates":[[-74.06542,4.62579],[-74.06546,4.62583],[-74.06548,4.62586],[-74.0655,4.62589],[-74.06552,4.62592],[-74.06554,4.62595],[-74.06555,4.62597],[-74.06556,4.62599],[-74.06558,4.62606],[-74.0656,4.62613],[-74.06563,4.62625]]}},{"type":"Feature","properties":{"id":"281967379","nom":"Calle 61","tipo":"residential"},"geometry":{"type":"LineString","coordinates":[[-74.07439,4.64998],[-74.07447,4.65005],[-74.07451,4.65011],[-74.07454,4.65016],[-74.07458,4.65029]]}},{"type":"Feature","properties":{"id":"281967380","nom":"Carrera 26A","tipo":"residential"},"geometry":{"type":"LineString","coordinates":[[-74.0739,4.65123],[-74.07392,4.65116],[-74.07405,4.65049]]}},{"type":"Feature","properties":{"id":"281967383","nom":"Carrera 23","tipo":"residential"},"geometry":{"type":"LineString","coordinates":[[-74.07345,4.64172],[-74.07344,4.64177],[-74.07337,4.6422],[-74.07326,4.64279],[-74.07325,4.64287]]}},{"type":"Feature","properties":{"id":"281967384","nom":"Transversal 22A","tipo":"tertiary"},"geometry":{"type":"LineString","coordinates":[[-74.07189,4.64837],[-74.07184,4.64828]]}},{"type":"Feature","properties":{"id":"281967555","nom":"Carrera 18A","tipo":"residential"},"geometry":{"type":"LineString","coordinates":[[-74.07028,4.64137],[-74.07022,4.64145],[-74.0701,4.64204],[-74.07014,4.64216]]}},{"type":"Feature","properties":{"id":"282155854","nom":"Calle 51A","tipo":"residential"},"geometry":{"type":"LineString","coordinates":[[-74.06858,4.63927],[-74.06881,4.63931],[-74.06904,4.63935]]}},{"type":"Feature","properties":{"id":"282155858","nom":"Calle 45 Bis","tipo":"residential"},"geometry":{"type":"LineString","coordinates":[[-74.06935,4.63304],[-74.06953,4.63307],[-74.06957,4.63308],[-74.06959,4.63309],[-74.06961,4.6331],[-74.06963,4.63313]]}},{"type":"Feature","properties":{"id":"282155860","nom":"Avenida Carrera 24","tipo":"secondary"},"geometry":{"type":"LineString","coordinates":[[-74.07527,4.63448],[-74.07535,4.63428],[-74.07542,4.63409],[-74.07543,4.63407]]}},{"type":"Feature","properties":{"id":"282155861","nom":"Carrera 28","tipo":"residential"},"geometry":{"type":"LineString","coordinates":[[-74.07818,4.63555],[-74.07844,4.6356],[-74.07847,4.63543],[-74.0782,4.63538]]}},{"type":"Feature","properties":{"id":"282187813","nom":"Calle 56 Bis","tipo":"residential"},"geometry":{"type":"LineString","coordinates":[[-74.07992,4.64685],[-74.07955,4.64683]]}},{"type":"Feature","properties":{"id":"282326386","nom":"Calle 63D Bis","tipo":"residential"},"geometry":{"type":"LineString","coordinates":[[-74.07108,4.65488],[-74.07048,4.65477]]}},{"type":"Feature","properties":{"id":"282419493","nom":"Calle 37","tipo":"residential"},"geometry":{"type":"LineString","coordinates":[[-74.07035,4.62589],[-74.07037,4.62581]]}},{"type":"Feature","properties":{"id":"282419495","nom":"Calle 39A","tipo":"residential"},"geometry":{"type":"LineString","coordinates":[[-74.07286,4.62837],[-74.07292,4.62838],[-74.07351,4.62848],[-74.07356,4.62848],[-74.07362,4.62849],[-74.0742,4.62859],[-74.07503,4.62872],[-74.07505,4.62872]]}},{"type":"Feature","properties":{"id":"282419497","nom":"Carrera 15","tipo":"residential"},"geometry":{"type":"LineString","coordinates":[[-74.06951,4.62881],[-74.06949,4.62884],[-74.0694,4.62897],[-74.06937,4.62901],[-74.06935,4.62907],[-74.06933,4.62914],[-74.0693,4.62921],[-74.06926,4.62927],[-74.06919,4.62938],[-74.06916,4.62942]]}},{"type":"Feature","properties":{"id":"282419498","nom":"Calle 43A","tipo":"residential"},"geometry":{"type":"LineString","coordinates":[[-74.07207,4.63218],[-74.07204,4.63217],[-74.07201,4.63217],[-74.07192,4.63215],[-74.0716,4.6321],[-74.07151,4.63208]]}},{"type":"Feature","properties":{"id":"282419499","nom":"Calle 44","tipo":"residential"},"geometry":{"type":"LineString","coordinates":[[-74.07248,4.63259],[-74.07217,4.63253],[-74.07215,4.63252],[-74.07211,4.63252]]}},{"type":"Feature","properties":{"id":"327655517","nom":"Carrera 36A","tipo":"residential"},"geometry":{"type":"LineString","coordinates":[[-74.08121,4.64755],[-74.08123,4.64758],[-74.08124,4.6476],[-74.08137,4.64799],[-74.08137,4.64802],[-74.08136,4.64804]]}},{"type":"Feature","properties":{"id":"329483337","nom":"Carrera 25","tipo":"residential"},"geometry":{"type":"LineString","coordinates":[[-74.07557,4.63391],[-74.07561,4.63385],[-74.07567,4.63373],[-74.0757,4.63365],[-74.07582,4.63341],[-74.07593,4.6331],[-74.07596,4.63301],[-74.07599,4.63291],[-74.07601,4.63281],[-74.07603,4.63269],[-74.07605,4.6325],[-74.0761,4.63149],[-74.07612,4.63113],[-74.0761,4.63089]]}},{"type":"Feature","properties":{"id":"334745840","nom":"Calle 41A","tipo":"residential"},"geometry":{"type":"LineString","coordinates":[[-74.06605,4.62939],[-74.06577,4.62935],[-74.06552,4.6293]]}},{"type":"Feature","properties":{"id":"334800954","nom":"Carrera 13A","tipo":"residential"},"geometry":{"type":"LineString","coordinates":[[-74.06744,4.62991],[-74.06758,4.62913]]}},{"type":"Feature","properties":{"id":"336763464","nom":"","tipo":"primary_link"},"geometry":{"type":"LineString","coordinates":[[-74.09991,4.6471],[-74.09948,4.64672],[-74.09934,4.6466]]}},{"type":"Feature","properties":{"id":"340134205","nom":"","tipo":"secondary_link"},"geometry":{"type":"LineString","coordinates":[[-74.09574,4.64987],[-74.09593,4.65019]]}},{"type":"Feature","properties":{"id":"341209287","nom":"","tipo":"secondary_link"},"geometry":{"type":"LineString","coordinates":[[-74.07628,4.63392],[-74.07576,4.63382],[-74.07575,4.63382],[-74.07572,4.63381],[-74.07571,4.63381],[-74.07569,4.6338],[-74.07568,4.63379],[-74.07567,4.63378],[-74.07567,4.63376],[-74.07567,4.63373]]}},{"type":"Feature","properties":{"id":"341209303","nom":"Avenida Carrera 24","tipo":"secondary"},"geometry":{"type":"LineString","coordinates":[[-74.07537,4.63405],[-74.07537,4.63406],[-74.07536,4.63408],[-74.07531,4.63426],[-74.07527,4.63448]]}},{"type":"Feature","properties":{"id":"342122723","nom":"Calle 44","tipo":"residential"},"geometry":{"type":"LineString","coordinates":[[-74.07208,4.63268],[-74.07212,4.63267],[-74.07248,4.63259]]}},{"type":"Feature","properties":{"id":"342122725","nom":"Carrera 22","tipo":"tertiary"},"geometry":{"type":"LineString","coordinates":[[-74.07407,4.6329],[-74.07409,4.6328]]}},{"type":"Feature","properties":{"id":"342859691","nom":"Calle 37","tipo":"residential"},"geometry":{"type":"LineString","coordinates":[[-74.07727,4.62678],[-74.07716,4.62685]]}},{"type":"Feature","properties":{"id":"343709216","nom":"Avenida Carrera 24","tipo":"secondary"},"geometry":{"type":"LineString","coordinates":[[-74.07482,4.62632],[-74.07485,4.62639],[-74.0749,4.6265],[-74.07495,4.62662],[-74.07501,4.62676],[-74.07505,4.62688],[-74.07509,4.62705],[-74.07512,4.62721],[-74.07514,4.62736],[-74.07515,4.62752],[-74.07515,4.62772],[-74.07514,4.62779]]}},{"type":"Feature","properties":{"id":"343709217","nom":"Calle 37","tipo":"residential"},"geometry":{"type":"LineString","coordinates":[[-74.07482,4.62632],[-74.07487,4.62629],[-74.07505,4.62618],[-74.07507,4.62616]]}},{"type":"Feature","properties":{"id":"343732312","nom":"Avenida Calle 68","tipo":"secondary"},"geometry":{"type":"LineString","coordinates":[[-74.06966,4.65907],[-74.0697,4.6591],[-74.07005,4.65935],[-74.07015,4.65942],[-74.07035,4.65956],[-74.07057,4.65973],[-74.07061,4.65975],[-74.07106,4.66008],[-74.07112,4.66013],[-74.07152,4.66041],[-74.07171,4.66055],[-74.07199,4.66075],[-74.07229,4.66097],[-74.07242,4.66107],[-74.0726,4.66119],[-74.07276,4.66131],[-74.0728,4.66134],[-74.07286,4.66138],[-74.07326,4.66167],[-74.07329,4.66169],[-74.07335,4.66174]]}},{"type":"Feature","properties":{"id":"344882128","nom":"Avenida Carrera 30","tipo":"trunk"},"geometry":{"type":"LineString","coordinates":[[-74.08178,4.626],[-74.08137,4.62653]]}},{"type":"Feature","properties":{"id":"345509496","nom":"","tipo":"secondary_link"},"geometry":{"type":"LineString","coordinates":[[-74.08658,4.66433],[-74.08654,4.66426],[-74.08646,4.66421],[-74.08636,4.66419],[-74.08632,4.66419],[-74.08627,4.66419]]}},{"type":"Feature","properties":{"id":"346582496","nom":"Diagonal 42 Bis","tipo":"tertiary"},"geometry":{"type":"LineString","coordinates":[[-74.06832,4.63034],[-74.06834,4.63037],[-74.06858,4.63068],[-74.0689,4.63109],[-74.06893,4.63113],[-74.06899,4.63121]]}},{"type":"Feature","properties":{"id":"347817874","nom":"Avenida Carrera 30","tipo":"trunk"},"geometry":{"type":"LineString","coordinates":[[-74.07905,4.63878],[-74.079,4.6391],[-74.0789,4.64044]]}},{"type":"Feature","properties":{"id":"352406347","nom":"Calle 62","tipo":"residential"},"geometry":{"type":"LineString","coordinates":[[-74.0718,4.65001],[-74.07133,4.64993],[-74.07096,4.64987]]}},{"type":"Feature","properties":{"id":"352406351","nom":"Avenida Calle 72","tipo":"secondary"},"geometry":{"type":"LineString","coordinates":[[-74.0671,4.66296],[-74.06707,4.66295],[-74.06658,4.6626],[-74.06653,4.66257],[-74.06648,4.66254],[-74.06644,4.66251],[-74.06635,4.66245],[-74.06609,4.66227],[-74.06601,4.66221],[-74.0658,4.66207],[-74.06541,4.66179],[-74.06521,4.66166]]}},{"type":"Feature","properties":{"id":"352406353","nom":"Carrera 19","tipo":"tertiary"},"geometry":{"type":"LineString","coordinates":[[-74.06481,4.65951],[-74.06483,4.65948],[-74.06506,4.65913],[-74.06508,4.65909],[-74.06535,4.6587],[-74.06537,4.65866],[-74.06565,4.65822],[-74.06588,4.65786],[-74.0659,4.65782],[-74.06593,4.65777],[-74.06621,4.65735],[-74.06646,4.65698],[-74.06648,4.65694],[-74.06651,4.65689]]}},{"type":"Feature","properties":{"id":"352406367","nom":"Avenida Calle 72","tipo":"secondary"},"geometry":{"type":"LineString","coordinates":[[-74.06718,4.66303],[-74.0671,4.66296]]}},{"type":"Feature","properties":{"id":"352406369","nom":"Carrera 26","tipo":"residential"},"geometry":{"type":"LineString","coordinates":[[-74.06864,4.6628],[-74.06808,4.66362],[-74.06804,4.66367]]}},{"type":"Feature","properties":{"id":"352406382","nom":"Carrera 28B","tipo":"residential"},"geometry":{"type":"LineString","coordinates":[[-74.07384,4.66209],[-74.0738,4.66213],[-74.07292,4.66332],[-74.07241,4.66401],[-74.07193,4.66466],[-74.07167,4.66502],[-74.07143,4.66533]]}},{"type":"Feature","properties":{"id":"353326795","nom":"Avenida Calle 45","tipo":"secondary"},"geometry":{"type":"LineString","coordinates":[[-74.07741,4.63434],[-74.07745,4.63432],[-74.07748,4.6343],[-74.07753,4.63429],[-74.07761,4.63429],[-74.07773,4.63429],[-74.07785,4.63431],[-74.0782,4.63438],[-74.07835,4.63441],[-74.07841,4.63443],[-74.07882,4.63453],[-74.07885,4.63453]]}},{"type":"Feature","properties":{"id":"353326796","nom":"Avenida Carrera 24","tipo":"secondary"},"geometry":{"type":"LineString","coordinates":[[-74.07544,4.634],[-74.07545,4.63389]]}},{"type":"Feature","properties":{"id":"353326797","nom":"Avenida Calle 45","tipo":"secondary"},"geometry":{"type":"LineString","coordinates":[[-74.07535,4.63388],[-74.07525,4.63387],[-74.07501,4.63383]]}},{"type":"Feature","properties":{"id":"353326798","nom":"Avenida Calle 45","tipo":"secondary"},"geometry":{"type":"LineString","coordinates":[[-74.07391,4.63372],[-74.07401,4.63374],[-74.07457,4.63384],[-74.07496,4.63392],[-74.07525,4.63397],[-74.07528,4.63397],[-74.07536,4.63399]]}},{"type":"Feature","properties":{"id":"353326799","nom":"Carrera 22","tipo":"tertiary"},"geometry":{"type":"LineString","coordinates":[[-74.07393,4.63362],[-74.07393,4.63359],[-74.07394,4.63358],[-74.074,4.63325],[-74.07406,4.63294],[-74.07407,4.6329]]}},{"type":"Feature","properties":{"id":"353326800","nom":"Avenida Calle 45","tipo":"secondary"},"geometry":{"type":"LineString","coordinates":[[-74.07265,4.63338],[-74.07261,4.63337],[-74.07247,4.63335],[-74.0724,4.63333],[-74.07206,4.63327],[-74.07203,4.63327],[-74.07197,4.63326]]}},{"type":"Feature","properties":{"id":"353326802","nom":"Avenida Calle 45","tipo":"secondary"},"geometry":{"type":"LineString","coordinates":[[-74.07197,4.63326],[-74.07188,4.63324]]}},{"type":"Feature","properties":{"id":"353326803","nom":"Avenida Calle 45","tipo":"secondary"},"geometry":{"type":"LineString","coordinates":[[-74.07186,4.63333],[-74.07195,4.63335]]}},{"type":"Feature","properties":{"id":"364266302","nom":"Carrera 32A","tipo":"residential"},"geometry":{"type":"LineString","coordinates":[[-74.0802,4.63081],[-74.08013,4.63082],[-74.0801,4.63082],[-74.0801,4.63082],[-74.08008,4.63081],[-74.08006,4.6308],[-74.08005,4.63079],[-74.08004,4.63075],[-74.08003,4.63067]]}},{"type":"Feature","properties":{"id":"364266303","nom":"Carrera 32A","tipo":"residential"},"geometry":{"type":"LineString","coordinates":[[-74.07999,4.63098],[-74.08008,4.6309],[-74.0802,4.63081]]}},{"type":"Feature","properties":{"id":"364271742","nom":"Carrera 30","tipo":"residential"},"geometry":{"type":"LineString","coordinates":[[-74.07914,4.63509],[-74.07904,4.63572],[-74.07897,4.63616]]}},{"type":"Feature","properties":{"id":"364271745","nom":"Carrera 30","tipo":"residential"},"geometry":{"type":"LineString","coordinates":[[-74.07898,4.63658],[-74.07865,4.63652],[-74.07861,4.63672],[-74.07894,4.63678]]}},{"type":"Feature","properties":{"id":"364271747","nom":"Carrera 28","tipo":"residential"},"geometry":{"type":"LineString","coordinates":[[-74.07803,4.6364],[-74.07769,4.63635],[-74.07766,4.63658],[-74.078,4.63663]]}},{"type":"Feature","properties":{"id":"364271749","nom":"Carrera 28","tipo":"residential"},"geometry":{"type":"LineString","coordinates":[[-74.07783,4.63764],[-74.07811,4.63769],[-74.07814,4.6375],[-74.07786,4.63745]]}},{"type":"Feature","properties":{"id":"365260447","nom":"Calle 71B","tipo":"residential"},"geometry":{"type":"LineString","coordinates":[[-74.07053,4.6642],[-74.07075,4.66437],[-74.0712,4.66469]]}},{"type":"Feature","properties":{"id":"365260449","nom":"Calle 71B","tipo":"residential"},"geometry":{"type":"LineString","coordinates":[[-74.07167,4.66502],[-74.0714,4.66483]]}},{"type":"Feature","properties":{"id":"366223169","nom":"Carrera 66B","tipo":"residential"},"geometry":{"type":"LineString","coordinates":[[-74.09909,4.65404],[-74.09905,4.6541],[-74.09854,4.65482],[-74.09849,4.6549]]}},{"type":"Feature","properties":{"id":"366223170","nom":"Carrera 66C","tipo":"residential"},"geometry":{"type":"LineString","coordinates":[[-74.09957,4.65438],[-74.09953,4.65443],[-74.09901,4.65517],[-74.09896,4.65523],[-74.09867,4.65565],[-74.09862,4.65571]]}},{"type":"Feature","properties":{"id":"375276725","nom":"Transversal 24","tipo":"secondary"},"geometry":{"type":"LineString","coordinates":[[-74.07307,4.64398],[-74.07292,4.64416],[-74.07285,4.64426],[-74.07279,4.64435],[-74.0727,4.64454]]}},{"type":"Feature","properties":{"id":"375276903","nom":"Diagonal 40A","tipo":"tertiary"},"geometry":{"type":"LineString","coordinates":[[-74.06579,4.62599],[-74.06583,4.62601],[-74.06586,4.62602],[-74.06591,4.62606],[-74.06595,4.62609],[-74.06601,4.62614],[-74.06604,4.62619],[-74.06613,4.62633],[-74.06622,4.62651],[-74.06628,4.62663],[-74.06632,4.6267],[-74.06637,4.62678],[-74.06648,4.62691],[-74.06659,4.62702],[-74.06667,4.6271],[-74.0668,4.6272],[-74.06688,4.62724],[-74.06697,4.62728],[-74.06706,4.62731],[-74.06712,4.62731],[-74.06714,4.62732],[-74.06721,4.62732]]}},{"type":"Feature","properties":{"id":"375276904","nom":"Diagonal 40A","tipo":"tertiary"},"geometry":{"type":"LineString","coordinates":[[-74.06839,4.62791],[-74.06845,4.62796],[-74.06856,4.62805],[-74.0686,4.62808]]}},{"type":"Feature","properties":{"id":"375276906","nom":"Avenida Carrera 24","tipo":"secondary"},"geometry":{"type":"LineString","coordinates":[[-74.07398,4.64174],[-74.07398,4.6417],[-74.074,4.64157],[-74.07405,4.64129],[-74.07407,4.64118],[-74.0741,4.641],[-74.07413,4.64082],[-74.07414,4.64074]]}},{"type":"Feature","properties":{"id":"375276907","nom":"Avenida Calle 24","tipo":"secondary"},"geometry":{"type":"LineString","coordinates":[[-74.09283,4.63087],[-74.09288,4.63094],[-74.09365,4.63206],[-74.09367,4.63209],[-74.09371,4.63216]]}},{"type":"Feature","properties":{"id":"375276910","nom":"Avenida Calle 57","tipo":"secondary"},"geometry":{"type":"LineString","coordinates":[[-74.07181,4.64509],[-74.07146,4.64503],[-74.07142,4.64502],[-74.07132,4.645]]}},{"type":"Feature","properties":{"id":"375276911","nom":"Avenida Calle 57","tipo":"secondary"},"geometry":{"type":"LineString","coordinates":[[-74.07132,4.645],[-74.07124,4.64499],[-74.07076,4.64491],[-74.07073,4.6449],[-74.07066,4.64489]]}},{"type":"Feature","properties":{"id":"375276913","nom":"Diagonal 61B","tipo":"tertiary"},"geometry":{"type":"LineString","coordinates":[[-74.07177,4.64832],[-74.07173,4.64835],[-74.07119,4.64862]]}},{"type":"Feature","properties":{"id":"375276915","nom":"Carrera 20","tipo":"residential"},"geometry":{"type":"LineString","coordinates":[[-74.0713,4.64125],[-74.07129,4.64133],[-74.07128,4.64137],[-74.0711,4.64238],[-74.0711,4.64241],[-74.07107,4.64256],[-74.07106,4.64261],[-74.07091,4.64345],[-74.07085,4.64381],[-74.07078,4.64423],[-74.07067,4.6448],[-74.07067,4.64483],[-74.07066,4.64489]]}},{"type":"Feature","properties":{"id":"375277118","nom":"Avenida Calle 45","tipo":"secondary"},"geometry":{"type":"LineString","coordinates":[[-74.07188,4.63324],[-74.07183,4.63323],[-74.07132,4.63314]]}},{"type":"Feature","properties":{"id":"375277119","nom":"Avenida Calle 45","tipo":"secondary"},"geometry":{"type":"LineString","coordinates":[[-74.07052,4.63299],[-74.07036,4.63296]]}},{"type":"Feature","properties":{"id":"375277121","nom":"Avenida Calle 72","tipo":"secondary"},"geometry":{"type":"LineString","coordinates":[[-74.06704,4.66305],[-74.06712,4.66312]]}},{"type":"Feature","properties":{"id":"375277124","nom":"Avenida Calle 72","tipo":"secondary"},"geometry":{"type":"LineString","coordinates":[[-74.06798,4.66376],[-74.06839,4.66407],[-74.06857,4.6642],[-74.06881,4.66439],[-74.06903,4.66455],[-74.06924,4.66471],[-74.06966,4.66503],[-74.06999,4.66527],[-74.07002,4.6653],[-74.07005,4.66532]]}},{"type":"Feature","properties":{"id":"375277189","nom":"Transversal 22A","tipo":"tertiary"},"geometry":{"type":"LineString","coordinates":[[-74.07238,4.64946],[-74.07237,4.64945],[-74.07235,4.64943],[-74.07209,4.64883],[-74.07191,4.64843],[-74.07189,4.64837]]}},{"type":"Feature","properties":{"id":"375277192","nom":"Diagonal 40A","tipo":"tertiary"},"geometry":{"type":"LineString","coordinates":[[-74.0723,4.6311],[-74.07225,4.63106],[-74.07215,4.63098],[-74.0718,4.63067],[-74.07151,4.63042],[-74.0712,4.63009]]}},{"type":"Feature","properties":{"id":"375277194","nom":"Diagonal 40A","tipo":"tertiary"},"geometry":{"type":"LineString","coordinates":[[-74.06862,4.62797],[-74.06858,4.62794],[-74.06847,4.62785],[-74.06841,4.6278],[-74.06838,4.62777]]}},{"type":"Feature","properties":{"id":"375277316","nom":"Avenida Calle 45","tipo":"secondary"},"geometry":{"type":"LineString","coordinates":[[-74.07544,4.634],[-74.0756,4.63402],[-74.07599,4.63408]]}},{"type":"Feature","properties":{"id":"375277317","nom":"Avenida Calle 45","tipo":"secondary"},"geometry":{"type":"LineString","coordinates":[[-74.07195,4.63335],[-74.07202,4.63336],[-74.07257,4.63347],[-74.07259,4.63347],[-74.07264,4.63348],[-74.0727,4.63349],[-74.07304,4.63355],[-74.07382,4.6337],[-74.07384,4.6337],[-74.07391,4.63372]]}},{"type":"Feature","properties":{"id":"375277342","nom":"Diagonal 61B","tipo":"tertiary"},"geometry":{"type":"LineString","coordinates":[[-74.06765,4.65002],[-74.06769,4.65001],[-74.06794,4.64993],[-74.0687,4.6497],[-74.06927,4.64953],[-74.06932,4.64952]]}},{"type":"Feature","properties":{"id":"375277349","nom":"Transversal 28","tipo":"secondary"},"geometry":{"type":"LineString","coordinates":[[-74.07566,4.64551],[-74.07559,4.64557],[-74.07557,4.6456],[-74.07544,4.64572],[-74.07542,4.64573]]}},{"type":"Feature","properties":{"id":"375277495","nom":"Avenida Calle 45","tipo":"secondary"},"geometry":{"type":"LineString","coordinates":[[-74.06871,4.63277],[-74.06875,4.63277],[-74.06938,4.63288],[-74.06947,4.6329],[-74.06958,4.63292],[-74.06968,4.63293]]}},{"type":"Feature","properties":{"id":"375277503","nom":"Avenida Calle 24","tipo":"secondary"},"geometry":{"type":"LineString","coordinates":[[-74.0998,4.64073],[-74.09974,4.64065],[-74.09964,4.64051]]}},{"type":"Feature","properties":{"id":"375277504","nom":"Avenida Calle 57","tipo":"secondary"},"geometry":{"type":"LineString","coordinates":[[-74.06865,4.64455],[-74.06856,4.64453],[-74.06777,4.6444],[-74.06774,4.64439],[-74.06765,4.64438]]}},{"type":"Feature","properties":{"id":"375278892","nom":"Carrera 25A Bis","tipo":"residential"},"geometry":{"type":"LineString","coordinates":[[-74.07599,4.63408],[-74.07595,4.63397]]}},{"type":"Feature","properties":{"id":"375278995","nom":"Avenida Calle 72","tipo":"secondary"},"geometry":{"type":"LineString","coordinates":[[-74.07012,4.66524],[-74.07009,4.66521],[-74.06972,4.66494]]}},{"type":"Feature","properties":{"id":"375279810","nom":"Avenida Carrera 24","tipo":"secondary"},"geometry":{"type":"LineString","coordinates":[[-74.07372,4.64314],[-74.07371,4.64317],[-74.0737,4.6432],[-74.07369,4.64326],[-74.07367,4.6433],[-74.07364,4.64336],[-74.07362,4.6434],[-74.0736,4.64343]]}},{"type":"Feature","properties":{"id":"375279885","nom":"Avenida Carrera 24","tipo":"secondary"},"geometry":{"type":"LineString","coordinates":[[-74.07432,4.63977],[-74.07433,4.63972],[-74.07435,4.63958],[-74.07447,4.63883],[-74.07448,4.63877]]}},{"type":"Feature","properties":{"id":"375279886","nom":"Avenida Carrera 24","tipo":"secondary"},"geometry":{"type":"LineString","coordinates":[[-74.07448,4.63877],[-74.07458,4.63821],[-74.07465,4.63783],[-74.07466,4.63777],[-74.07471,4.63746]]}},{"type":"Feature","properties":{"id":"375279890","nom":"Avenida Carrera 24","tipo":"secondary"},"geometry":{"type":"LineString","coordinates":[[-74.075,4.63588],[-74.0751,4.63533],[-74.07511,4.63525]]}},{"type":"Feature","properties":{"id":"381869180","nom":"Calle 70","tipo":"residential"},"geometry":{"type":"LineString","coordinates":[[-74.06888,4.66032],[-74.06892,4.66035],[-74.06935,4.66069],[-74.06979,4.66101]]}},{"type":"Feature","properties":{"id":"381869181","nom":"Carrera 25","tipo":"residential"},"geometry":{"type":"LineString","coordinates":[[-74.07015,4.65942],[-74.07011,4.65948],[-74.06935,4.66069],[-74.06857,4.66186]]}},{"type":"Feature","properties":{"id":"381880214","nom":"Carrera 26","tipo":"residential"},"geometry":{"type":"LineString","coordinates":[[-74.06756,4.66436],[-74.06796,4.66379],[-74.06798,4.66376]]}},{"type":"Feature","properties":{"id":"381880217","nom":"Carrera 28","tipo":"tertiary"},"geometry":{"type":"LineString","coordinates":[[-74.07583,4.65169],[-74.07582,4.65175],[-74.07577,4.6526],[-74.07576,4.65278],[-74.07573,4.65337],[-74.07574,4.65341],[-74.07577,4.65345]]}},{"type":"Feature","properties":{"id":"383523096","nom":"Avenida Calle 20","tipo":"trunk"},"geometry":{"type":"LineString","coordinates":[[-74.09595,4.62662],[-74.09646,4.62667],[-74.09767,4.6268],[-74.09817,4.62686],[-74.09902,4.62695],[-74.09932,4.62698],[-74.09936,4.62698],[-74.09941,4.62699]]}},{"type":"Feature","properties":{"id":"384129989","nom":"Calle 61","tipo":"residential"},"geometry":{"type":"LineString","coordinates":[[-74.07473,4.64998],[-74.07466,4.64999],[-74.07457,4.65],[-74.07449,4.65],[-74.07439,4.64998]]}},{"type":"Feature","properties":{"id":"384129990","nom":"Carrera 16","tipo":"residential"},"geometry":{"type":"LineString","coordinates":[[-74.06673,4.64995],[-74.06672,4.65004]]}},{"type":"Feature","properties":{"id":"386281322","nom":"Calle 65","tipo":"residential"},"geometry":{"type":"LineString","coordinates":[[-74.06979,4.65562],[-74.07006,4.65581],[-74.07063,4.65621],[-74.07114,4.65657],[-74.07117,4.65659]]}},{"type":"Feature","properties":{"id":"386835327","nom":"","tipo":"tertiary"},"geometry":{"type":"LineString","coordinates":[[-74.07398,4.63763],[-74.074,4.63762],[-74.07402,4.6376],[-74.07403,4.63757],[-74.07405,4.63754],[-74.07406,4.63751],[-74.07406,4.63748],[-74.07406,4.63746]]}},{"type":"Feature","properties":{"id":"386841593","nom":"Calle 38","tipo":"residential"},"geometry":{"type":"LineString","coordinates":[[-74.07198,4.62675],[-74.0715,4.62668],[-74.07148,4.62668],[-74.07134,4.62666]]}},{"type":"Feature","properties":{"id":"386846313","nom":"Carrera 21","tipo":"tertiary"},"geometry":{"type":"LineString","coordinates":[[-74.07109,4.64649],[-74.07109,4.64645],[-74.0711,4.6464],[-74.07121,4.64583],[-74.07121,4.6458]]}},{"type":"Feature","properties":{"id":"390910616","nom":"Avenida Calle 45","tipo":"secondary"},"geometry":{"type":"LineString","coordinates":[[-74.07937,4.63431],[-74.07933,4.63437],[-74.0793,4.63441],[-74.07928,4.63444],[-74.07923,4.63446],[-74.07917,4.63448],[-74.07913,4.63448],[-74.07906,4.63447],[-74.07855,4.63435],[-74.07809,4.63426],[-74.07795,4.63423],[-74.07786,4.63421],[-74.07776,4.63419],[-74.07765,4.63418]]}},{"type":"Feature","properties":{"id":"391644299","nom":"Avenida Calle 57","tipo":"secondary"},"geometry":{"type":"LineString","coordinates":[[-74.07413,4.64559],[-74.07489,4.64572],[-74.07524,4.64577],[-74.07528,4.64578],[-74.07532,4.64579],[-74.07535,4.6458]]}},{"type":"Feature","properties":{"id":"393079609","nom":"Diagonal 61B","tipo":"tertiary"},"geometry":{"type":"LineString","coordinates":[[-74.07181,4.64841],[-74.07189,4.64837]]}},{"type":"Feature","properties":{"id":"393079610","nom":"Diagonal 61B","tipo":"tertiary"},"geometry":{"type":"LineString","coordinates":[[-74.07189,4.64837],[-74.07192,4.64836],[-74.07254,4.64804],[-74.07309,4.64771],[-74.07314,4.64768],[-74.07317,4.64766]]}},{"type":"Feature","properties":{"id":"393079611","nom":"Transversal 22A","tipo":"tertiary"},"geometry":{"type":"LineString","coordinates":[[-74.07144,4.64735],[-74.07112,4.64661],[-74.0711,4.64656],[-74.07109,4.64649]]}},{"type":"Feature","properties":{"id":"393079612","nom":"Diagonal 61B","tipo":"tertiary"},"geometry":{"type":"LineString","coordinates":[[-74.07184,4.64828],[-74.07177,4.64832]]}},{"type":"Feature","properties":{"id":"394984073","nom":"Calle 42","tipo":"residential"},"geometry":{"type":"LineString","coordinates":[[-74.0749,4.63248],[-74.07515,4.63244],[-74.07524,4.63243]]}},{"type":"Feature","properties":{"id":"402991341","nom":"Carrera 47A","tipo":"residential"},"geometry":{"type":"LineString","coordinates":[[-74.09764,4.63528],[-74.09836,4.63495],[-74.09868,4.6348]]}},{"type":"Feature","properties":{"id":"465067608","nom":"Calle 56 Bis","tipo":"residential"},"geometry":{"type":"LineString","coordinates":[[-74.07994,4.64646],[-74.07958,4.64643]]}},{"type":"Feature","properties":{"id":"485781942","nom":"Carrera 35","tipo":"residential"},"geometry":{"type":"LineString","coordinates":[[-74.07996,4.64294],[-74.07996,4.64295],[-74.07995,4.64298],[-74.07995,4.643],[-74.07991,4.6436],[-74.07991,4.64364]]}},{"type":"Feature","properties":{"id":"485781944","nom":"Carrera 36","tipo":"residential"},"geometry":{"type":"LineString","coordinates":[[-74.08066,4.6454],[-74.0807,4.64482],[-74.08072,4.64451],[-74.08078,4.64369]]}},{"type":"Feature","properties":{"id":"485781953","nom":"Calle 57A","tipo":"residential"},"geometry":{"type":"LineString","coordinates":[[-74.08353,4.64754],[-74.08346,4.64754],[-74.08285,4.64749],[-74.08278,4.64749],[-74.08191,4.64742],[-74.08184,4.64742]]}},{"type":"Feature","properties":{"id":"485781954","nom":"Calle 57","tipo":"residential"},"geometry":{"type":"LineString","coordinates":[[-74.0819,4.64671],[-74.08187,4.64671],[-74.0813,4.64666],[-74.08128,4.64666],[-74.08125,4.64666]]}},{"type":"Feature","properties":{"id":"485781960","nom":"Carrera 36A","tipo":"residential"},"geometry":{"type":"LineString","coordinates":[[-74.08077,4.65174],[-74.08072,4.65211],[-74.08069,4.65236],[-74.08068,4.65246]]}},{"type":"Feature","properties":{"id":"485781963","nom":"Calle 57B","tipo":"residential"},"geometry":{"type":"LineString","coordinates":[[-74.08136,4.64804],[-74.08135,4.64806],[-74.08131,4.64808],[-74.08118,4.64812]]}},{"type":"Feature","properties":{"id":"485781968","nom":"Carrera 36A","tipo":"residential"},"geometry":{"type":"LineString","coordinates":[[-74.08121,4.64755],[-74.0812,4.64768],[-74.08118,4.64804],[-74.08118,4.64806],[-74.08118,4.64809],[-74.08118,4.64812]]}},{"type":"Feature","properties":{"id":"485782007","nom":"Calle 57B","tipo":"residential"},"geometry":{"type":"LineString","coordinates":[[-74.08538,4.64885],[-74.08534,4.64884],[-74.08479,4.64863]]}},{"type":"Feature","properties":{"id":"485782008","nom":"Carrera 47","tipo":"residential"},"geometry":{"type":"LineString","coordinates":[[-74.08524,4.64742],[-74.08525,4.64746],[-74.08524,4.6475],[-74.08522,4.64755],[-74.08504,4.64799]]}},{"type":"Feature","properties":{"id":"485782009","nom":"Calle 57A","tipo":"residential"},"geometry":{"type":"LineString","coordinates":[[-74.08504,4.64799],[-74.08504,4.64799],[-74.08501,4.64797],[-74.08499,4.64797],[-74.08495,4.64795],[-74.08443,4.64774],[-74.0844,4.64773],[-74.08438,4.64772],[-74.0843,4.64769],[-74.08425,4.64767]]}},{"type":"Feature","properties":{"id":"485782011","nom":"Carrera 47","tipo":"residential"},"geometry":{"type":"LineString","coordinates":[[-74.08542,4.64736],[-74.08524,4.64742]]}},{"type":"Feature","properties":{"id":"485782014","nom":"Avenida Carrera 50","tipo":"secondary"},"geometry":{"type":"LineString","coordinates":[[-74.08606,4.6471],[-74.08603,4.64716],[-74.08586,4.64763]]}},{"type":"Feature","properties":{"id":"485782018","nom":"Calle 60","tipo":"residential"},"geometry":{"type":"LineString","coordinates":[[-74.08387,4.65164],[-74.08348,4.65147],[-74.08301,4.65127],[-74.08295,4.65125]]}},{"type":"Feature","properties":{"id":"485782021","nom":"Calle 62","tipo":"residential"},"geometry":{"type":"LineString","coordinates":[[-74.08247,4.65218],[-74.08241,4.65216],[-74.08224,4.6521],[-74.08209,4.65205],[-74.08193,4.65201],[-74.08182,4.65198],[-74.08169,4.65195],[-74.08153,4.65192],[-74.08139,4.6519],[-74.08128,4.6519],[-74.08122,4.65189],[-74.08119,4.65189],[-74.08118,4.65188]]}},{"type":"Feature","properties":{"id":"485783319","nom":"","tipo":"trunk_link"},"geometry":{"type":"LineString","coordinates":[[-74.07864,4.6504],[-74.07866,4.65036],[-74.07868,4.65033],[-74.07869,4.65031],[-74.07871,4.65025]]}},{"type":"Feature","properties":{"id":"485788104","nom":"Carrera 37","tipo":"residential"},"geometry":{"type":"LineString","coordinates":[[-74.08134,4.64961],[-74.08134,4.64964],[-74.08132,4.64987],[-74.08131,4.64999],[-74.08131,4.65],[-74.0813,4.65007]]}},{"type":"Feature","properties":{"id":"485788105","nom":"Calle 58A Bis","tipo":"residential"},"geometry":{"type":"LineString","coordinates":[[-74.08261,4.64972],[-74.08259,4.6497],[-74.08256,4.64968],[-74.0825,4.64966],[-74.08246,4.64966],[-74.08241,4.64967],[-74.08157,4.64943],[-74.08155,4.64941],[-74.08152,4.64938],[-74.08148,4.64937],[-74.08144,4.64937],[-74.08141,4.64938],[-74.08138,4.6494]]}},{"type":"Feature","properties":{"id":"485788106","nom":"Carrera 38","tipo":"residential"},"geometry":{"type":"LineString","coordinates":[[-74.08239,4.65039],[-74.08241,4.65034],[-74.08242,4.65029],[-74.08254,4.64995]]}},{"type":"Feature","properties":{"id":"485788107","nom":"Calle 60","tipo":"residential"},"geometry":{"type":"LineString","coordinates":[[-74.08208,4.6509],[-74.08206,4.6509],[-74.08187,4.65083],[-74.08174,4.65078],[-74.0816,4.65074],[-74.08145,4.65071],[-74.08135,4.65069],[-74.08132,4.65068],[-74.08131,4.65069]]}},{"type":"Feature","properties":{"id":"485788110","nom":"Carrera 45","tipo":"tertiary"},"geometry":{"type":"LineString","coordinates":[[-74.08313,4.65068],[-74.08315,4.6506],[-74.08316,4.65058],[-74.08321,4.65038],[-74.08325,4.65015],[-74.08327,4.65001],[-74.0833,4.64985],[-74.08353,4.64828],[-74.08354,4.64824]]}},{"type":"Feature","properties":{"id":"485788111","nom":"Carrera 45","tipo":"residential"},"geometry":{"type":"LineString","coordinates":[[-74.08321,4.65038],[-74.08326,4.65036],[-74.08329,4.65036],[-74.08332,4.65035],[-74.08335,4.65034],[-74.08336,4.65033],[-74.08339,4.65031],[-74.0834,4.65028],[-74.08344,4.65008],[-74.08344,4.65005],[-74.08343,4.65002],[-74.08341,4.64999],[-74.08339,4.64996],[-74.08336,4.64993],[-74.08335,4.64992],[-74.0833,4.64985]]}},{"type":"Feature","properties":{"id":"486270185","nom":"Carrera 35","tipo":"residential"},"geometry":{"type":"LineString","coordinates":[[-74.07958,4.64643],[-74.07956,4.64664],[-74.07955,4.64683]]}},{"type":"Feature","properties":{"id":"513133485","nom":"Avenida Calle 42","tipo":"tertiary"},"geometry":{"type":"LineString","coordinates":[[-74.06983,4.63228],[-74.0703,4.63289],[-74.07034,4.63293],[-74.07036,4.63296]]}},{"type":"Feature","properties":{"id":"523877444","nom":"Calle 21 Bis","tipo":"residential"},"geometry":{"type":"LineString","coordinates":[[-74.09488,4.62892],[-74.09495,4.62905],[-74.09505,4.62921]]}},{"type":"Feature","properties":{"id":"524140397","nom":"Carrera 32A","tipo":"residential"},"geometry":{"type":"LineString","coordinates":[[-74.08216,4.62952],[-74.08226,4.62949],[-74.08231,4.62948],[-74.08235,4.62948],[-74.08239,4.62949],[-74.08246,4.62952]]}},{"type":"Feature","properties":{"id":"524140398","nom":"Carrera 32A","tipo":"residential"},"geometry":{"type":"LineString","coordinates":[[-74.08228,4.62913],[-74.08227,4.62925],[-74.08226,4.62929],[-74.08225,4.62936],[-74.08222,4.62944],[-74.08216,4.62952]]}},{"type":"Feature","properties":{"id":"524143638","nom":"Calle 40A","tipo":"tertiary"},"geometry":{"type":"LineString","coordinates":[[-74.07895,4.63079],[-74.07906,4.6308],[-74.07951,4.63083]]}},{"type":"Feature","properties":{"id":"524162197","nom":"Calle 25","tipo":"tertiary"},"geometry":{"type":"LineString","coordinates":[[-74.08487,4.62614],[-74.08501,4.62625],[-74.08508,4.62631],[-74.08575,4.62687],[-74.08589,4.62699],[-74.08595,4.62703]]}},{"type":"Feature","properties":{"id":"524162198","nom":"Calle 25","tipo":"tertiary"},"geometry":{"type":"LineString","coordinates":[[-74.08416,4.62555],[-74.08415,4.62551],[-74.08415,4.62549],[-74.08415,4.62545],[-74.08416,4.62541],[-74.08418,4.62538],[-74.08421,4.62535],[-74.08425,4.62534]]}},{"type":"Feature","properties":{"id":"524233677","nom":"Carrera 8","tipo":"residential"},"geometry":{"type":"LineString","coordinates":[[-74.06571,4.62961],[-74.06567,4.62988],[-74.06558,4.63042],[-74.06543,4.63123]]}},{"type":"Feature","properties":{"id":"524244568","nom":"Diagonal 54","tipo":"residential"},"geometry":{"type":"LineString","coordinates":[[-74.06972,4.64274],[-74.07021,4.64303],[-74.07045,4.64318],[-74.07091,4.64345],[-74.07148,4.6438],[-74.07153,4.64383]]}},{"type":"Feature","properties":{"id":"524749903","nom":"Calle 22A","tipo":"residential"},"geometry":{"type":"LineString","coordinates":[[-74.0955,4.63158],[-74.09578,4.63202],[-74.09588,4.63215],[-74.09606,4.63232],[-74.0961,4.63238],[-74.09631,4.63262],[-74.09651,4.63292],[-74.09674,4.63337]]}},{"type":"Feature","properties":{"id":"524749904","nom":"Carrera 48","tipo":"residential"},"geometry":{"type":"LineString","coordinates":[[-74.09988,4.63459],[-74.09986,4.63461],[-74.09944,4.63502],[-74.09931,4.63513],[-74.09918,4.63519],[-74.09912,4.63522],[-74.09908,4.63524],[-74.09902,4.63526],[-74.0989,4.63531]]}},{"type":"Feature","properties":{"id":"524750505","nom":"","tipo":"secondary_link"},"geometry":{"type":"LineString","coordinates":[[-74.09206,4.65294],[-74.09182,4.65269]]}},{"type":"Feature","properties":{"id":"524769553","nom":"Calle 22B","tipo":"residential"},"geometry":{"type":"LineString","coordinates":[[-74.09914,4.63735],[-74.0993,4.63764],[-74.09931,4.63769],[-74.0993,4.63775],[-74.09929,4.63781],[-74.09926,4.63787]]}},{"type":"Feature","properties":{"id":"524772042","nom":"Calle 45","tipo":"residential"},"geometry":{"type":"LineString","coordinates":[[-74.09228,4.64896],[-74.09234,4.64895],[-74.0924,4.64892],[-74.09243,4.64887],[-74.09245,4.64881]]}},{"type":"Feature","properties":{"id":"524772558","nom":"Carrera 54","tipo":"residential"},"geometry":{"type":"LineString","coordinates":[[-74.09248,4.6451],[-74.09218,4.6453]]}},{"type":"Feature","properties":{"id":"524784514","nom":"Calle 70","tipo":"residential"},"geometry":{"type":"LineString","coordinates":[[-74.06485,4.65769],[-74.06488,4.65771],[-74.06561,4.6582],[-74.06565,4.65822],[-74.06568,4.65824],[-74.06638,4.65869],[-74.06641,4.6587]]}},{"type":"Feature","properties":{"id":"524952718","nom":"","tipo":"secondary_link"},"geometry":{"type":"LineString","coordinates":[[-74.09269,4.65176],[-74.09271,4.65183],[-74.09271,4.65186],[-74.09271,4.65192],[-74.0927,4.65195],[-74.09268,4.65201]]}},{"type":"Feature","properties":{"id":"524960514","nom":"","tipo":"tertiary_link"},"geometry":{"type":"LineString","coordinates":[[-74.09139,4.64409],[-74.09172,4.64389]]}},{"type":"Feature","properties":{"id":"524967891","nom":"Calle 29A","tipo":"residential"},"geometry":{"type":"LineString","coordinates":[[-74.08238,4.63173],[-74.08215,4.63165]]}},{"type":"Feature","properties":{"id":"524967892","nom":"Calle 29A","tipo":"residential"},"geometry":{"type":"LineString","coordinates":[[-74.08358,4.63221],[-74.08294,4.63195],[-74.08287,4.63192]]}},{"type":"Feature","properties":{"id":"524967893","nom":"Transversal 34 Bis","tipo":"residential"},"geometry":{"type":"LineString","coordinates":[[-74.08197,4.63245],[-74.08221,4.63185]]}},{"type":"Feature","properties":{"id":"524967894","nom":"Transversal 37","tipo":"residential"},"geometry":{"type":"LineString","coordinates":[[-74.08221,4.63185],[-74.08226,4.63179],[-74.08229,4.63176],[-74.08232,4.63174],[-74.08238,4.63173]]}},{"type":"Feature","properties":{"id":"524967896","nom":"Calle 29A","tipo":"residential"},"geometry":{"type":"LineString","coordinates":[[-74.0821,4.6317],[-74.08218,4.63171],[-74.08238,4.63173]]}},{"type":"Feature","properties":{"id":"524967900","nom":"Carrera 33A","tipo":"residential"},"geometry":{"type":"LineString","coordinates":[[-74.08178,4.63189],[-74.08201,4.63175],[-74.08207,4.6317]]}},{"type":"Feature","properties":{"id":"524967902","nom":"Carrera 33A","tipo":"residential"},"geometry":{"type":"LineString","coordinates":[[-74.08196,4.63166],[-74.08195,4.63172],[-74.08193,4.63175],[-74.08191,4.63178],[-74.08178,4.63189]]}},{"type":"Feature","properties":{"id":"524967904","nom":"","tipo":"residential"},"geometry":{"type":"LineString","coordinates":[[-74.08214,4.63164],[-74.08214,4.63163],[-74.08213,4.63161],[-74.08211,4.63158],[-74.08209,4.63157],[-74.08207,4.63156],[-74.08206,4.63156],[-74.08204,4.63155],[-74.08201,4.63156],[-74.08198,4.63157],[-74.08196,4.63158],[-74.08195,4.6316],[-74.08195,4.63161],[-74.08195,4.63164]]}},{"type":"Feature","properties":{"id":"524974083","nom":"Carrera 33","tipo":"secondary"},"geometry":{"type":"LineString","coordinates":[[-74.08125,4.63113],[-74.08009,4.632]]}},{"type":"Feature","properties":{"id":"524976403","nom":"Avenida Carrera 30","tipo":"secondary"},"geometry":{"type":"LineString","coordinates":[[-74.07987,4.63364],[-74.07988,4.63332],[-74.07989,4.63313],[-74.07991,4.63279],[-74.07991,4.63239]]}},{"type":"Feature","properties":{"id":"524978084","nom":"Carrera 25","tipo":"residential"},"geometry":{"type":"LineString","coordinates":[[-74.0761,4.63089],[-74.07612,4.63041],[-74.07619,4.62928]]}},{"type":"Feature","properties":{"id":"524978085","nom":"Carrera 25","tipo":"residential"},"geometry":{"type":"LineString","coordinates":[[-74.0761,4.63089],[-74.07603,4.63112],[-74.07601,4.63149],[-74.07596,4.6325],[-74.07595,4.63263],[-74.07592,4.6328],[-74.07589,4.63291],[-74.07587,4.633],[-74.07584,4.63309],[-74.07575,4.63338],[-74.07569,4.63349],[-74.07566,4.63353],[-74.07564,4.63355],[-74.07562,4.63356],[-74.0756,4.63357],[-74.07557,4.63357],[-74.07554,4.63357],[-74.07552,4.63356],[-74.07549,4.63354]]}},{"type":"Feature","properties":{"id":"524981512","nom":"Carrera 18A","tipo":"residential"},"geometry":{"type":"LineString","coordinates":[[-74.07028,4.64137],[-74.07031,4.64119],[-74.07032,4.64115]]}},{"type":"Feature","properties":{"id":"524981513","nom":"Carrera 18A","tipo":"residential"},"geometry":{"type":"LineString","coordinates":[[-74.07007,4.64243],[-74.07014,4.64216]]}},{"type":"Feature","properties":{"id":"524981515","nom":"Carrera 19","tipo":"residential"},"geometry":{"type":"LineString","coordinates":[[-74.07081,4.64116],[-74.07082,4.64111],[-74.07087,4.6408]]}},{"type":"Feature","properties":{"id":"524984421","nom":"Diagonal 53C","tipo":"residential"},"geometry":{"type":"LineString","coordinates":[[-74.07364,4.64336],[-74.0736,4.64332],[-74.07329,4.64303],[-74.07315,4.64293]]}},{"type":"Feature","properties":{"id":"524989902","nom":"Calle 25B","tipo":"residential"},"geometry":{"type":"LineString","coordinates":[[-74.09123,4.63411],[-74.09099,4.63401]]}},{"type":"Feature","properties":{"id":"524989903","nom":"Calle 41","tipo":"residential"},"geometry":{"type":"LineString","coordinates":[[-74.07771,4.63144],[-74.07752,4.63129]]}},{"type":"Feature","properties":{"id":"524990324","nom":"Carrera 36","tipo":"tertiary"},"geometry":{"type":"LineString","coordinates":[[-74.08016,4.65246],[-74.08014,4.65256],[-74.08002,4.65332]]}},{"type":"Feature","properties":{"id":"524992352","nom":"Calle 57B","tipo":"residential"},"geometry":{"type":"LineString","coordinates":[[-74.08637,4.64971],[-74.08657,4.64989],[-74.08695,4.65024]]}},{"type":"Feature","properties":{"id":"524992353","nom":"Carrera 53","tipo":"residential"},"geometry":{"type":"LineString","coordinates":[[-74.08664,4.64983],[-74.08657,4.64989]]}},{"type":"Feature","properties":{"id":"525687797","nom":"Calle 63A","tipo":"residential"},"geometry":{"type":"LineString","coordinates":[[-74.08045,4.6534],[-74.08002,4.65332]]}},{"type":"Feature","properties":{"id":"525714847","nom":"","tipo":"trunk_link"},"geometry":{"type":"LineString","coordinates":[[-74.07695,4.66142],[-74.07694,4.66134],[-74.07695,4.6611]]}},{"type":"Feature","properties":{"id":"525714848","nom":"","tipo":"trunk_link"},"geometry":{"type":"LineString","coordinates":[[-74.07708,4.66196],[-74.07696,4.6615],[-74.07695,4.66142]]}},{"type":"Feature","properties":{"id":"526846676","nom":"Calle 22A Bis","tipo":"residential"},"geometry":{"type":"LineString","coordinates":[[-74.09416,4.62997],[-74.09404,4.62978]]}},{"type":"Feature","properties":{"id":"526846677","nom":"Calle 25B","tipo":"residential"},"geometry":{"type":"LineString","coordinates":[[-74.09099,4.63401],[-74.09095,4.634],[-74.09056,4.63385]]}},{"type":"Feature","properties":{"id":"526846679","nom":"Calle 24C","tipo":"residential"},"geometry":{"type":"LineString","coordinates":[[-74.09348,4.63561],[-74.09287,4.63466]]}},{"type":"Feature","properties":{"id":"526858645","nom":"Carrera 35A","tipo":"residential"},"geometry":{"type":"LineString","coordinates":[[-74.0798,4.65155],[-74.07973,4.65215],[-74.07973,4.65221]]}},{"type":"Feature","properties":{"id":"526858648","nom":"Carrera 38","tipo":"residential"},"geometry":{"type":"LineString","coordinates":[[-74.08268,4.64924],[-74.08274,4.64833],[-74.08275,4.64823],[-74.08275,4.64818]]}},{"type":"Feature","properties":{"id":"527047207","nom":"Avenida Calle 53","tipo":"secondary"},"geometry":{"type":"LineString","coordinates":[[-74.09317,4.65209],[-74.09321,4.65212],[-74.09353,4.65234],[-74.09746,4.65508],[-74.09751,4.6551],[-74.09754,4.65513],[-74.09758,4.65516],[-74.09761,4.65518]]}},{"type":"Feature","properties":{"id":"527075203","nom":"Transversal 29","tipo":"residential"},"geometry":{"type":"LineString","coordinates":[[-74.0792,4.62594],[-74.07933,4.62633]]}},{"type":"Feature","properties":{"id":"527086163","nom":"Avenida Carrera 50","tipo":"residential"},"geometry":{"type":"LineString","coordinates":[[-74.08953,4.64325],[-74.08908,4.64353]]}},{"type":"Feature","properties":{"id":"527086164","nom":"Calle 44C","tipo":"residential"},"geometry":{"type":"LineString","coordinates":[[-74.08908,4.64353],[-74.08955,4.64427]]}},{"type":"Feature","properties":{"id":"527086165","nom":"Calle 44B","tipo":"residential"},"geometry":{"type":"LineString","coordinates":[[-74.08953,4.64325],[-74.08977,4.64363],[-74.09,4.64399],[-74.0903,4.64446],[-74.09059,4.64492],[-74.09123,4.64591]]}},{"type":"Feature","properties":{"id":"527093839","nom":"Calle 41A","tipo":"residential"},"geometry":{"type":"LineString","coordinates":[[-74.10018,4.65127],[-74.10014,4.65124],[-74.09998,4.65111]]}},{"type":"Feature","properties":{"id":"527093840","nom":"Calle 49A","tipo":"residential"},"geometry":{"type":"LineString","coordinates":[[-74.10309,4.66156],[-74.10071,4.65959],[-74.10067,4.65956],[-74.10064,4.65952],[-74.10049,4.65919],[-74.10047,4.65915],[-74.10043,4.65911],[-74.09977,4.65865],[-74.09973,4.65861],[-74.09971,4.65858],[-74.09969,4.65854],[-74.09968,4.6585]]}},{"type":"Feature","properties":{"id":"528202049","nom":"Calle 42","tipo":"residential"},"geometry":{"type":"LineString","coordinates":[[-74.06547,4.62957],[-74.06571,4.62961],[-74.066,4.62966],[-74.06635,4.62972],[-74.06674,4.62978],[-74.06682,4.62979]]}},{"type":"Feature","properties":{"id":"528508939","nom":"Carrera 28","tipo":"tertiary"},"geometry":{"type":"LineString","coordinates":[[-74.07075,4.66437],[-74.07049,4.66472],[-74.07017,4.66517],[-74.07014,4.6652],[-74.07012,4.66524]]}},{"type":"Feature","properties":{"id":"528513245","nom":"Carrera 29","tipo":"residential"},"geometry":{"type":"LineString","coordinates":[[-74.0743,4.66242],[-74.07433,4.66239],[-74.07437,4.66236],[-74.07497,4.66155],[-74.07553,4.66074],[-74.07555,4.66072],[-74.07557,4.66068],[-74.07615,4.6599]]}},{"type":"Feature","properties":{"id":"528518326","nom":"Carrera 26A","tipo":"residential"},"geometry":{"type":"LineString","coordinates":[[-74.07752,4.63129],[-74.07729,4.63156]]}},{"type":"Feature","properties":{"id":"528566664","nom":"Avenida Carrera 60","tipo":"secondary"},"geometry":{"type":"LineString","coordinates":[[-74.08627,4.66419],[-74.08611,4.66455],[-74.08607,4.66465],[-74.08601,4.6648],[-74.08597,4.66495],[-74.08592,4.66511],[-74.08588,4.66522],[-74.08585,4.6653],[-74.08582,4.66539],[-74.08578,4.66547],[-74.08573,4.66558]]}},{"type":"Feature","properties":{"id":"528843603","nom":"Avenida Carrera 24","tipo":"secondary"},"geometry":{"type":"LineString","coordinates":[[-74.06718,4.66303],[-74.06721,4.66298],[-74.0676,4.66236]]}},{"type":"Feature","properties":{"id":"529522390","nom":"Calle 65A","tipo":"residential"},"geometry":{"type":"LineString","coordinates":[[-74.06607,4.65372],[-74.0663,4.65375],[-74.06653,4.6538],[-74.06665,4.65384],[-74.06676,4.65389],[-74.06688,4.65396],[-74.06692,4.65397],[-74.06695,4.65399],[-74.06739,4.65425]]}},{"type":"Feature","properties":{"id":"529528970","nom":"Calle 71A","tipo":"residential"},"geometry":{"type":"LineString","coordinates":[[-74.06439,4.66018],[-74.06443,4.66021],[-74.06502,4.6606],[-74.06505,4.66062],[-74.06511,4.66066]]}},{"type":"Feature","properties":{"id":"529756578","nom":"Diagonal 71A Bis","tipo":"residential"},"geometry":{"type":"LineString","coordinates":[[-74.06527,4.66135],[-74.06528,4.66149],[-74.06528,4.66152],[-74.06528,4.66154],[-74.06527,4.66155],[-74.06524,4.66161],[-74.06521,4.66166]]}},{"type":"Feature","properties":{"id":"529825680","nom":"","tipo":"secondary_link"},"geometry":{"type":"LineString","coordinates":[[-74.06673,4.66377],[-74.06663,4.6637]]}},{"type":"Feature","properties":{"id":"530103434","nom":"Calle 28","tipo":"residential"},"geometry":{"type":"LineString","coordinates":[[-74.08197,4.63143],[-74.08198,4.63148],[-74.08198,4.63151],[-74.08198,4.63154],[-74.08198,4.63157]]}},{"type":"Feature","properties":{"id":"530110948","nom":"Calle 29A","tipo":"residential"},"geometry":{"type":"LineString","coordinates":[[-74.08187,4.63162],[-74.0819,4.63167],[-74.08191,4.63173],[-74.08191,4.63178]]}},{"type":"Feature","properties":{"id":"530311184","nom":"Carrera 45","tipo":"residential"},"geometry":{"type":"LineString","coordinates":[[-74.08427,4.6454],[-74.08426,4.6453],[-74.08425,4.64524],[-74.08425,4.64519],[-74.08425,4.64513],[-74.08428,4.64508]]}},{"type":"Feature","properties":{"id":"530311185","nom":"Carrera 45","tipo":"residential"},"geometry":{"type":"LineString","coordinates":[[-74.08428,4.64508],[-74.08472,4.64458],[-74.0853,4.64395]]}},{"type":"Feature","properties":{"id":"530531978","nom":"Carrera 29B","tipo":"residential"},"geometry":{"type":"LineString","coordinates":[[-74.07445,4.66444],[-74.07394,4.6651],[-74.07342,4.66575],[-74.07292,4.66638],[-74.07253,4.66686]]}},{"type":"Feature","properties":{"id":"530535445","nom":"Carrera 28B","tipo":"residential"},"geometry":{"type":"LineString","coordinates":[[-74.07672,4.65831],[-74.07622,4.65899],[-74.07577,4.65962],[-74.0752,4.66042],[-74.07517,4.66045],[-74.07515,4.66049],[-74.07458,4.66128],[-74.07398,4.66212],[-74.07395,4.66217]]}},{"type":"Feature","properties":{"id":"530615922","nom":"Carrera 28","tipo":"tertiary"},"geometry":{"type":"LineString","coordinates":[[-74.07547,4.65527],[-74.07545,4.65538],[-74.07536,4.65585]]}},{"type":"Feature","properties":{"id":"531485329","nom":"Carrera 27","tipo":"residential"},"geometry":{"type":"LineString","coordinates":[[-74.07367,4.65552],[-74.07354,4.6555],[-74.0734,4.65547]]}},{"type":"Feature","properties":{"id":"531534436","nom":"Calle 63C","tipo":"residential"},"geometry":{"type":"LineString","coordinates":[[-74.07661,4.65455],[-74.07735,4.65467],[-74.0776,4.65471],[-74.07774,4.65473],[-74.07778,4.65473],[-74.07779,4.65474],[-74.07785,4.65475]]}},{"type":"Feature","properties":{"id":"531735564","nom":"Carrera 33A","tipo":"residential"},"geometry":{"type":"LineString","coordinates":[[-74.0823,4.63155],[-74.08249,4.63143],[-74.08285,4.63119],[-74.08322,4.63095],[-74.08327,4.63092],[-74.08334,4.63087]]}},{"type":"Feature","properties":{"id":"531825843","nom":"Calle 27","tipo":"residential"},"geometry":{"type":"LineString","coordinates":[[-74.08243,4.63053],[-74.08245,4.63057],[-74.08285,4.63119],[-74.08315,4.63166]]}},{"type":"Feature","properties":{"id":"531960648","nom":"Calle 38","tipo":"residential"},"geometry":{"type":"LineString","coordinates":[[-74.07933,4.62633],[-74.07991,4.62638],[-74.0801,4.62639],[-74.08032,4.62641],[-74.08039,4.62641]]}},{"type":"Feature","properties":{"id":"531982929","nom":"Avenida Calle 63","tipo":"secondary"},"geometry":{"type":"LineString","coordinates":[[-74.06571,4.64985],[-74.06611,4.64993],[-74.06655,4.65001],[-74.06664,4.65003],[-74.06668,4.65003],[-74.06672,4.65004]]}},{"type":"Feature","properties":{"id":"531994017","nom":"Avenida Calle 26","tipo":"primary"},"geometry":{"type":"LineString","coordinates":[[-74.09215,4.63671],[-74.09228,4.63691]]}},{"type":"Feature","properties":{"id":"532003760","nom":"Calle 64","tipo":"residential"},"geometry":{"type":"LineString","coordinates":[[-74.07036,4.65539],[-74.0709,4.6558],[-74.0714,4.65615],[-74.07143,4.65617]]}},{"type":"Feature","properties":{"id":"532646526","nom":"Avenida Calle 26","tipo":"primary"},"geometry":{"type":"LineString","coordinates":[[-74.10571,4.65694],[-74.1052,4.6561],[-74.10492,4.65573],[-74.10445,4.65499],[-74.10437,4.65485],[-74.10384,4.65405],[-74.1034,4.65336],[-74.10295,4.65265],[-74.10268,4.65223],[-74.10235,4.65173],[-74.10208,4.6513],[-74.10159,4.65052],[-74.10105,4.64973],[-74.10081,4.64937],[-74.10063,4.64911],[-74.10026,4.64852],[-74.09978,4.64778]]}},{"type":"Feature","properties":{"id":"532751008","nom":"","tipo":"primary_link"},"geometry":{"type":"LineString","coordinates":[[-74.10053,4.64845],[-74.09994,4.64793],[-74.09978,4.64778]]}},{"type":"Feature","properties":{"id":"532751025","nom":"","tipo":"primary_link"},"geometry":{"type":"LineString","coordinates":[[-74.09927,4.6475],[-74.0994,4.64789],[-74.0995,4.64819]]}},{"type":"Feature","properties":{"id":"532751026","nom":"","tipo":"primary_link"},"geometry":{"type":"LineString","coordinates":[[-74.09683,4.644],[-74.09695,4.64411],[-74.09714,4.64428],[-74.09727,4.6444],[-74.09732,4.64445],[-74.09742,4.64456]]}},{"type":"Feature","properties":{"id":"532751028","nom":"Avenida Calle 26","tipo":"primary"},"geometry":{"type":"LineString","coordinates":[[-74.09004,4.63426],[-74.08954,4.63408],[-74.08931,4.63399],[-74.08928,4.63398],[-74.08919,4.63395]]}},{"type":"Feature","properties":{"id":"532751037","nom":"","tipo":"primary_link"},"geometry":{"type":"LineString","coordinates":[[-74.09252,4.63688],[-74.0926,4.6371]]}},{"type":"Feature","properties":{"id":"532774607","nom":"Carrera 38A","tipo":"residential"},"geometry":{"type":"LineString","coordinates":[[-74.08681,4.63278],[-74.08655,4.63297],[-74.08649,4.633]]}},{"type":"Feature","properties":{"id":"532774621","nom":"Avenida Calle 26","tipo":"primary"},"geometry":{"type":"LineString","coordinates":[[-74.08334,4.63087],[-74.08396,4.63178],[-74.08401,4.63185],[-74.08411,4.63197],[-74.08422,4.63209],[-74.08434,4.63221],[-74.0845,4.63235],[-74.0846,4.63243],[-74.08468,4.63249],[-74.08469,4.6325],[-74.0848,4.63258],[-74.08492,4.63265]]}},{"type":"Feature","properties":{"id":"532774623","nom":"Carrera 33","tipo":"secondary"},"geometry":{"type":"LineString","coordinates":[[-74.08286,4.63025],[-74.08299,4.63017]]}},{"type":"Feature","properties":{"id":"532774624","nom":"Carrera 33","tipo":"secondary"},"geometry":{"type":"LineString","coordinates":[[-74.08308,4.63011],[-74.08315,4.63006]]}},{"type":"Feature","properties":{"id":"532774626","nom":"","tipo":"primary_link"},"geometry":{"type":"LineString","coordinates":[[-74.08335,4.62977],[-74.0833,4.62978],[-74.08326,4.62978],[-74.08323,4.62979],[-74.0832,4.62979],[-74.08318,4.62979],[-74.08314,4.62979],[-74.08312,4.62979],[-74.0831,4.62979],[-74.08308,4.62978],[-74.08305,4.62978],[-74.08303,4.62977],[-74.083,4.62975],[-74.08297,4.62974],[-74.08295,4.62974],[-74.08292,4.62972]]}},{"type":"Feature","properties":{"id":"533010280","nom":"Calle 61","tipo":"residential"},"geometry":{"type":"LineString","coordinates":[[-74.06964,4.64873],[-74.06961,4.64872],[-74.06919,4.64865]]}},{"type":"Feature","properties":{"id":"533036850","nom":"Carrera 16A","tipo":"residential"},"geometry":{"type":"LineString","coordinates":[[-74.06922,4.63853],[-74.06918,4.63883],[-74.06917,4.63888]]}},{"type":"Feature","properties":{"id":"533066079","nom":"Calle 45","tipo":"residential"},"geometry":{"type":"LineString","coordinates":[[-74.09854,4.65363],[-74.0985,4.6536],[-74.09832,4.65347]]}},{"type":"Feature","properties":{"id":"533182533","nom":"Avenida Calle 26","tipo":"primary"},"geometry":{"type":"LineString","coordinates":[[-74.09522,4.6415],[-74.09537,4.64173],[-74.09561,4.64209],[-74.09583,4.64244],[-74.09622,4.64305]]}},{"type":"Feature","properties":{"id":"533186939","nom":"Calle 63D","tipo":"residential"},"geometry":{"type":"LineString","coordinates":[[-74.0694,4.65408],[-74.06946,4.65409],[-74.06989,4.65417]]}},{"type":"Feature","properties":{"id":"533209144","nom":"Avenida Calle 63","tipo":"secondary"},"geometry":{"type":"LineString","coordinates":[[-74.09161,4.66369],[-74.09134,4.6633],[-74.09084,4.66257],[-74.08937,4.66044],[-74.08927,4.6603],[-74.08919,4.66018],[-74.08916,4.66014],[-74.08914,4.66009],[-74.08912,4.66],[-74.0891,4.65989],[-74.08908,4.65975],[-74.08907,4.65956]]}},{"type":"Feature","properties":{"id":"533209147","nom":"Avenida Calle 63","tipo":"secondary"},"geometry":{"type":"LineString","coordinates":[[-74.08917,4.66036],[-74.08925,4.66047],[-74.09049,4.66228],[-74.09059,4.66243]]}},{"type":"Feature","properties":{"id":"533231269","nom":"","tipo":"trunk_link"},"geometry":{"type":"LineString","coordinates":[[-74.07638,4.65028],[-74.0764,4.65028],[-74.07641,4.65028],[-74.07641,4.65028],[-74.07643,4.65028],[-74.07644,4.65028],[-74.07645,4.65029],[-74.07646,4.6503],[-74.07647,4.65031],[-74.07648,4.65031],[-74.07649,4.65032],[-74.0765,4.65033],[-74.07691,4.65083],[-74.07693,4.65085],[-74.07696,4.65089],[-74.07699,4.65091],[-74.07702,4.65093],[-74.07705,4.65095],[-74.07707,4.65096],[-74.0771,4.65098],[-74.07713,4.65099],[-74.07716,4.65101],[-74.07718,4.65102],[-74.07721,4.65103],[-74.07723,4.65103],[-74.07726,4.65104],[-74.07731,4.65105],[-74.07741,4.65107]]}},{"type":"Feature","properties":{"id":"533262649","nom":"Carrera 26","tipo":"residential"},"geometry":{"type":"LineString","coordinates":[[-74.07358,4.65042],[-74.07344,4.65107],[-74.07343,4.65114]]}},{"type":"Feature","properties":{"id":"533405109","nom":"","tipo":"secondary_link"},"geometry":{"type":"LineString","coordinates":[[-74.07702,4.64413],[-74.07695,4.64424],[-74.0769,4.64433],[-74.07682,4.64446],[-74.0767,4.64461]]}},{"type":"Feature","properties":{"id":"533427665","nom":"Diagonal 40A","tipo":"tertiary"},"geometry":{"type":"LineString","coordinates":[[-74.06957,4.62874],[-74.06877,4.62809],[-74.06871,4.62804],[-74.06866,4.628],[-74.06862,4.62797]]}},{"type":"Feature","properties":{"id":"533645530","nom":"Diagonal 42A","tipo":"tertiary"},"geometry":{"type":"LineString","coordinates":[[-74.07231,4.63139],[-74.07236,4.63144],[-74.07243,4.63151],[-74.0728,4.63183]]}},{"type":"Feature","properties":{"id":"533670932","nom":"Calle 45B","tipo":"residential"},"geometry":{"type":"LineString","coordinates":[[-74.07595,4.63531],[-74.07594,4.63534],[-74.07592,4.63537],[-74.0759,4.63538],[-74.07588,4.6354]]}},{"type":"Feature","properties":{"id":"533670933","nom":"Calle 45B","tipo":"residential"},"geometry":{"type":"LineString","coordinates":[[-74.07588,4.6354],[-74.07602,4.63543]]}},{"type":"Feature","properties":{"id":"533689873","nom":"Calle 52","tipo":"tertiary"},"geometry":{"type":"LineString","coordinates":[[-74.06949,4.63994],[-74.06944,4.63993],[-74.06859,4.63978],[-74.06855,4.63977],[-74.06852,4.63977],[-74.0685,4.63977],[-74.06845,4.63976],[-74.06755,4.6396],[-74.0675,4.63959]]}},{"type":"Feature","properties":{"id":"533689882","nom":"","tipo":"tertiary_link"},"geometry":{"type":"LineString","coordinates":[[-74.0725,4.63742],[-74.07255,4.63731],[-74.07257,4.63726]]}},{"type":"Feature","properties":{"id":"533694151","nom":"Calle 47","tipo":"residential"},"geometry":{"type":"LineString","coordinates":[[-74.07406,4.63729],[-74.07409,4.63734],[-74.07414,4.63737]]}},{"type":"Feature","properties":{"id":"533884599","nom":"Carrera 27","tipo":"residential"},"geometry":{"type":"LineString","coordinates":[[-74.07724,4.63539],[-74.07747,4.63543],[-74.0775,4.63528],[-74.07727,4.63523]]}},{"type":"Feature","properties":{"id":"533893071","nom":"Calle 51","tipo":"tertiary"},"geometry":{"type":"LineString","coordinates":[[-74.0789,4.64044],[-74.07886,4.64048],[-74.07883,4.6405],[-74.0788,4.64051],[-74.07876,4.64052],[-74.0787,4.64054]]}},{"type":"Feature","properties":{"id":"533893072","nom":"Calle 51","tipo":"tertiary"},"geometry":{"type":"LineString","coordinates":[[-74.0787,4.64054],[-74.07874,4.64055],[-74.07878,4.64057],[-74.07883,4.6406],[-74.07886,4.64065],[-74.07888,4.6407]]}},{"type":"Feature","properties":{"id":"534589411","nom":"Carrera 19","tipo":"residential"},"geometry":{"type":"LineString","coordinates":[[-74.07045,4.64318],[-74.07058,4.64252]]}},{"type":"Feature","properties":{"id":"540741640","nom":"Avenida Calle 22","tipo":"tertiary"},"geometry":{"type":"LineString","coordinates":[[-74.09449,4.62973],[-74.09464,4.62965],[-74.09479,4.62957],[-74.09481,4.62956],[-74.09484,4.62955],[-74.09486,4.62954],[-74.09488,4.62954],[-74.0949,4.62955],[-74.09492,4.62955],[-74.09494,4.62957],[-74.09499,4.6296],[-74.09503,4.62964],[-74.09517,4.62975]]}},{"type":"Feature","properties":{"id":"540741641","nom":"Avenida Calle 22","tipo":"tertiary"},"geometry":{"type":"LineString","coordinates":[[-74.0951,4.62964],[-74.09494,4.62937]]}},{"type":"Feature","properties":{"id":"541058913","nom":"Avenida Carrera 30","tipo":"trunk"},"geometry":{"type":"LineString","coordinates":[[-74.07558,4.66457],[-74.07553,4.66469],[-74.07546,4.6648],[-74.07539,4.66494],[-74.07534,4.66504],[-74.0753,4.66511],[-74.07526,4.66518],[-74.07522,4.66523],[-74.07489,4.66561],[-74.07472,4.66581],[-74.07467,4.66587],[-74.07454,4.66603],[-74.07439,4.66619]]}},{"type":"Feature","properties":{"id":"541062106","nom":"Avenida Carrera 30","tipo":"trunk"},"geometry":{"type":"LineString","coordinates":[[-74.07798,4.65295],[-74.07793,4.65383],[-74.07789,4.65428],[-74.07787,4.65446],[-74.07786,4.65461],[-74.07786,4.65464],[-74.07785,4.65475],[-74.07775,4.65561],[-74.07762,4.65657],[-74.07762,4.65659],[-74.0776,4.65673],[-74.07759,4.65684],[-74.07755,4.6571],[-74.07748,4.65743],[-74.07746,4.65754],[-74.07743,4.65764],[-74.0774,4.65776],[-74.07739,4.65778],[-74.07737,4.65785],[-74.07733,4.65801],[-74.07721,4.6585],[-74.077,4.65938],[-74.07675,4.66031],[-74.07668,4.66059],[-74.07666,4.66067],[-74.07663,4.66078],[-74.07661,4.66086],[-74.07648,4.66138],[-74.0762,4.66242],[-74.07601,4.66315]]}},{"type":"Feature","properties":{"id":"541062125","nom":"Avenida Carrera 30","tipo":"trunk"},"geometry":{"type":"LineString","coordinates":[[-74.07807,4.65188],[-74.07805,4.65212]]}},{"type":"Feature","properties":{"id":"541062129","nom":"Avenida Carrera 30","tipo":"trunk"},"geometry":{"type":"LineString","coordinates":[[-74.07805,4.65212],[-74.07802,4.65245]]}},{"type":"Feature","properties":{"id":"541062164","nom":"Avenida Carrera 30","tipo":"trunk"},"geometry":{"type":"LineString","coordinates":[[-74.07809,4.65153],[-74.07809,4.65158],[-74.07809,4.6517],[-74.07807,4.65188]]}},{"type":"Feature","properties":{"id":"541062168","nom":"Avenida Carrera 30","tipo":"trunk"},"geometry":{"type":"LineString","coordinates":[[-74.07813,4.65091],[-74.07812,4.65114]]}},{"type":"Feature","properties":{"id":"541062199","nom":"Avenida Carrera 30","tipo":"trunk"},"geometry":{"type":"LineString","coordinates":[[-74.07859,4.64499],[-74.07849,4.64624],[-74.07847,4.64655],[-74.07845,4.64703],[-74.07843,4.64726],[-74.07839,4.64778],[-74.07833,4.64849],[-74.07826,4.64936],[-74.07821,4.64995],[-74.07818,4.65026]]}},{"type":"Feature","properties":{"id":"541064238","nom":"Avenida Carrera 30","tipo":"trunk"},"geometry":{"type":"LineString","coordinates":[[-74.07905,4.63878],[-74.07906,4.63909],[-74.07903,4.63993],[-74.07897,4.64131],[-74.07895,4.64168],[-74.07889,4.64251],[-74.07887,4.64276],[-74.0787,4.64403],[-74.07863,4.64433]]}},{"type":"Feature","properties":{"id":"541064240","nom":"Avenida Carrera 30","tipo":"trunk"},"geometry":{"type":"LineString","coordinates":[[-74.0789,4.64044],[-74.07888,4.6407],[-74.07884,4.64142],[-74.07882,4.6416],[-74.07876,4.64252],[-74.07874,4.64275],[-74.0787,4.64333],[-74.07868,4.64357],[-74.07867,4.6437],[-74.07865,4.64383],[-74.07863,4.64405],[-74.07863,4.64433]]}},{"type":"Feature","properties":{"id":"541064247","nom":"Diagonal 53","tipo":"tertiary"},"geometry":{"type":"LineString","coordinates":[[-74.07933,4.64177],[-74.07939,4.64171],[-74.07945,4.64165],[-74.07951,4.64163],[-74.07954,4.64162],[-74.07957,4.64162],[-74.07962,4.64163],[-74.07966,4.64164],[-74.0797,4.64167],[-74.07986,4.64178],[-74.08008,4.64196],[-74.08035,4.64218],[-74.08056,4.64235],[-74.08076,4.64252],[-74.08095,4.64268],[-74.081,4.64273],[-74.08102,4.6428],[-74.08102,4.64285],[-74.081,4.6429],[-74.08096,4.64294],[-74.08093,4.64296],[-74.08089,4.64297],[-74.08082,4.64299]]}},{"type":"Feature","properties":{"id":"541064262","nom":"Avenida Carrera 30","tipo":"trunk"},"geometry":{"type":"LineString","coordinates":[[-74.07924,4.63596],[-74.07922,4.63619],[-74.07915,4.63728],[-74.07908,4.63831],[-74.07907,4.6385],[-74.07905,4.63878]]}},{"type":"Feature","properties":{"id":"541064271","nom":"Avenida Carrera 30","tipo":"trunk"},"geometry":{"type":"LineString","coordinates":[[-74.07925,4.63574],[-74.07924,4.63589],[-74.07924,4.63596]]}},{"type":"Feature","properties":{"id":"541064276","nom":"Avenida Carrera 28","tipo":"secondary"},"geometry":{"type":"LineString","coordinates":[[-74.07955,4.63496],[-74.07954,4.63437],[-74.07955,4.63424],[-74.07957,4.6341]]}},{"type":"Feature","properties":{"id":"541064283","nom":"Avenida Carrera 30","tipo":"trunk"},"geometry":{"type":"LineString","coordinates":[[-74.07931,4.6349],[-74.07929,4.63511]]}},{"type":"Feature","properties":{"id":"541066810","nom":"Avenida Carrera 30","tipo":"trunk"},"geometry":{"type":"LineString","coordinates":[[-74.08369,4.62375],[-74.08349,4.62405],[-74.0834,4.62415],[-74.08331,4.62425],[-74.08324,4.6243],[-74.0831,4.62439],[-74.08303,4.62444],[-74.08298,4.62449],[-74.08294,4.62453],[-74.0829,4.62459],[-74.08277,4.62483],[-74.08273,4.62489],[-74.08265,4.625],[-74.08178,4.626]]}},{"type":"Feature","properties":{"id":"541379955","nom":"","tipo":"trunk_link"},"geometry":{"type":"LineString","coordinates":[[-74.09647,4.6265],[-74.09646,4.62667]]}},{"type":"Feature","properties":{"id":"548020094","nom":"Carrera 17","tipo":"residential"},"geometry":{"type":"LineString","coordinates":[[-74.072,4.62456],[-74.07198,4.62472],[-74.07192,4.62508],[-74.07191,4.62512],[-74.0719,4.62515],[-74.07173,4.62605],[-74.07173,4.62609],[-74.07172,4.62616]]}},{"type":"Feature","properties":{"id":"548020108","nom":"Carrera 14A","tipo":"residential"},"geometry":{"type":"LineString","coordinates":[[-74.06863,4.63003],[-74.06871,4.62965],[-74.06877,4.62942],[-74.06878,4.62939]]}},{"type":"Feature","properties":{"id":"553406159","nom":"Calle 63J","tipo":"residential"},"geometry":{"type":"LineString","coordinates":[[-74.0782,4.65814],[-74.07831,4.65815],[-74.07836,4.65815],[-74.0784,4.65813],[-74.07843,4.6581],[-74.07846,4.65805]]}},{"type":"Feature","properties":{"id":"553406160","nom":"Calle 63J","tipo":"residential"},"geometry":{"type":"LineString","coordinates":[[-74.0782,4.65814],[-74.07817,4.65811],[-74.07813,4.65808],[-74.0781,4.65805],[-74.07808,4.65801]]}},{"type":"Feature","properties":{"id":"553430753","nom":"Calle 25A","tipo":"residential"},"geometry":{"type":"LineString","coordinates":[[-74.08331,4.62612],[-74.08301,4.62588]]}},{"type":"Feature","properties":{"id":"566500256","nom":"Calle 20B","tipo":"residential"},"geometry":{"type":"LineString","coordinates":[[-74.09767,4.6268],[-74.09776,4.62687],[-74.09812,4.6271]]}},{"type":"Feature","properties":{"id":"566500257","nom":"Calle 20B","tipo":"residential"},"geometry":{"type":"LineString","coordinates":[[-74.09812,4.6271],[-74.0981,4.62704],[-74.09809,4.62701],[-74.09809,4.62697],[-74.09811,4.62693],[-74.09813,4.62691],[-74.09817,4.62686]]}},{"type":"Feature","properties":{"id":"573307060","nom":"","tipo":"residential"},"geometry":{"type":"LineString","coordinates":[[-74.08885,4.65308],[-74.08861,4.65346],[-74.08839,4.65379],[-74.08835,4.65385]]}},{"type":"Feature","properties":{"id":"574410636","nom":"Carrera 33","tipo":"secondary"},"geometry":{"type":"LineString","coordinates":[[-74.08299,4.63017],[-74.08308,4.63011]]}},{"type":"Feature","properties":{"id":"574410637","nom":"Avenida Calle 26","tipo":"primary"},"geometry":{"type":"LineString","coordinates":[[-74.08315,4.63006],[-74.08307,4.62994]]}},{"type":"Feature","properties":{"id":"577922574","nom":"Carrera 15","tipo":"residential"},"geometry":{"type":"LineString","coordinates":[[-74.0653,4.652],[-74.06531,4.65196],[-74.06539,4.65154],[-74.06541,4.65142],[-74.06542,4.65134],[-74.06545,4.65122],[-74.06551,4.6509],[-74.06552,4.65085],[-74.06559,4.65045],[-74.0657,4.6499],[-74.06571,4.64985]]}},{"type":"Feature","properties":{"id":"592572325","nom":"Calle 24 Bis","tipo":"residential"},"geometry":{"type":"LineString","coordinates":[[-74.09623,4.63679],[-74.09615,4.63645],[-74.09605,4.63623],[-74.09585,4.63586]]}},{"type":"Feature","properties":{"id":"592572327","nom":"Carrera 51","tipo":"residential"},"geometry":{"type":"LineString","coordinates":[[-74.09926,4.63787],[-74.0984,4.6384],[-74.09831,4.63844],[-74.09824,4.63845],[-74.09817,4.63843]]}},{"type":"Feature","properties":{"id":"592572330","nom":"Calle 24B","tipo":"residential"},"geometry":{"type":"LineString","coordinates":[[-74.09682,4.63943],[-74.09675,4.63942],[-74.09667,4.63938],[-74.09664,4.63935],[-74.09647,4.63912],[-74.09645,4.63907],[-74.09644,4.63902],[-74.09644,4.63896],[-74.09646,4.6389],[-74.09647,4.63887],[-74.09668,4.63857],[-74.09677,4.63843]]}},{"type":"Feature","properties":{"id":"592572332","nom":"","tipo":"secondary_link"},"geometry":{"type":"LineString","coordinates":[[-74.09787,4.63785],[-74.09787,4.63784],[-74.09787,4.63782],[-74.09788,4.63777],[-74.09789,4.63773],[-74.09791,4.63768]]}},{"type":"Feature","properties":{"id":"592572333","nom":"Avenida Calle 24","tipo":"secondary"},"geometry":{"type":"LineString","coordinates":[[-74.09781,4.63791],[-74.09779,4.63788],[-74.09777,4.63785],[-74.09774,4.6378]]}},{"type":"Feature","properties":{"id":"592572334","nom":"Avenida Calle 24","tipo":"secondary"},"geometry":{"type":"LineString","coordinates":[[-74.09772,4.638],[-74.09782,4.63816]]}},{"type":"Feature","properties":{"id":"601899187","nom":"Calle 64","tipo":"tertiary"},"geometry":{"type":"LineString","coordinates":[[-74.06837,4.65389],[-74.06852,4.65404],[-74.06862,4.65412],[-74.06904,4.65442],[-74.06911,4.65448],[-74.06914,4.6545],[-74.06917,4.65452],[-74.06969,4.65488],[-74.06977,4.65493]]}},{"type":"Feature","properties":{"id":"606492782","nom":"Calle 64A","tipo":"residential"},"geometry":{"type":"LineString","coordinates":[[-74.07871,4.6603],[-74.0792,4.66055],[-74.07974,4.66082],[-74.08032,4.66112],[-74.0809,4.6614],[-74.08095,4.66143],[-74.08209,4.66202]]}},{"type":"Feature","properties":{"id":"606497831","nom":"Calle 67A","tipo":"residential"},"geometry":{"type":"LineString","coordinates":[[-74.07561,4.66302],[-74.07519,4.66273]]}},{"type":"Feature","properties":{"id":"606497836","nom":"","tipo":"trunk_link"},"geometry":{"type":"LineString","coordinates":[[-74.07738,4.66501],[-74.07733,4.66488],[-74.07729,4.66481],[-74.07708,4.66452],[-74.07675,4.66411],[-74.07672,4.66406],[-74.0766,4.66389]]}},{"type":"Feature","properties":{"id":"606821204","nom":"Carrera 57","tipo":"residential"},"geometry":{"type":"LineString","coordinates":[[-74.09913,4.64347],[-74.09863,4.64378]]}},{"type":"Feature","properties":{"id":"606821205","nom":"Carrera 57","tipo":"residential"},"geometry":{"type":"LineString","coordinates":[[-74.09863,4.64378],[-74.09808,4.64413],[-74.09804,4.64416]]}},{"type":"Feature","properties":{"id":"606927929","nom":"","tipo":"trunk_link"},"geometry":{"type":"LineString","coordinates":[[-74.07839,4.65093],[-74.07843,4.65077],[-74.07843,4.65076],[-74.07844,4.65075],[-74.07844,4.65074],[-74.07844,4.65073],[-74.07845,4.65072],[-74.07845,4.65071]]}},{"type":"Feature","properties":{"id":"607182331","nom":"","tipo":"secondary_link"},"geometry":{"type":"LineString","coordinates":[[-74.08475,4.6462],[-74.0848,4.6462],[-74.08485,4.6462],[-74.08489,4.64619],[-74.08492,4.64616],[-74.08495,4.64612],[-74.08497,4.64609],[-74.08497,4.64605],[-74.08497,4.64601],[-74.08496,4.64596],[-74.08494,4.64591]]}},{"type":"Feature","properties":{"id":"607182332","nom":"","tipo":"secondary_link"},"geometry":{"type":"LineString","coordinates":[[-74.08448,4.64558],[-74.08439,4.64559],[-74.08434,4.64561],[-74.08431,4.64564],[-74.08429,4.64567],[-74.08428,4.64572],[-74.08428,4.64577],[-74.08429,4.64586]]}},{"type":"Feature","properties":{"id":"607182880","nom":"Diagonal 53","tipo":"tertiary"},"geometry":{"type":"LineString","coordinates":[[-74.0801,4.64189],[-74.07978,4.64163],[-74.07955,4.64145],[-74.07949,4.64138],[-74.07948,4.64138],[-74.07946,4.64134],[-74.07943,4.64131],[-74.07941,4.64126],[-74.07938,4.64122],[-74.07936,4.64116]]}},{"type":"Feature","properties":{"id":"608485347","nom":"Calle 45","tipo":"residential"},"geometry":{"type":"LineString","coordinates":[[-74.10004,4.6547],[-74.09957,4.65438],[-74.09951,4.65433],[-74.09916,4.65409],[-74.09909,4.65404],[-74.09868,4.65376],[-74.09863,4.65372]]}},{"type":"Feature","properties":{"id":"610853167","nom":"Calle 39A","tipo":"residential"},"geometry":{"type":"LineString","coordinates":[[-74.08007,4.62897],[-74.08001,4.62897],[-74.07998,4.62896],[-74.07994,4.62896],[-74.07922,4.6289]]}},{"type":"Feature","properties":{"id":"610861496","nom":"","tipo":"trunk_link"},"geometry":{"type":"LineString","coordinates":[[-74.08901,4.62529],[-74.08903,4.62499]]}},{"type":"Feature","properties":{"id":"610870311","nom":"Avenida Carrera 36","tipo":"secondary"},"geometry":{"type":"LineString","coordinates":[[-74.09189,4.62394],[-74.0918,4.62404],[-74.0913,4.62457],[-74.09124,4.62465],[-74.09119,4.62471],[-74.09114,4.62481],[-74.09111,4.62491],[-74.09108,4.62498],[-74.09107,4.62507],[-74.09106,4.62511],[-74.09106,4.62516],[-74.09105,4.62521],[-74.09102,4.6255],[-74.09102,4.62554],[-74.09101,4.6256]]}},{"type":"Feature","properties":{"id":"610870313","nom":"","tipo":"secondary_link"},"geometry":{"type":"LineString","coordinates":[[-74.08691,4.62591],[-74.08677,4.62589]]}},{"type":"Feature","properties":{"id":"610870318","nom":"","tipo":"secondary_link"},"geometry":{"type":"LineString","coordinates":[[-74.08677,4.62731],[-74.08664,4.6273]]}},{"type":"Feature","properties":{"id":"610870327","nom":"Carrera 39","tipo":"residential"},"geometry":{"type":"LineString","coordinates":[[-74.08806,4.63289],[-74.08814,4.63269],[-74.08818,4.6326],[-74.08823,4.6325],[-74.0883,4.63242],[-74.08838,4.63234],[-74.08846,4.63226],[-74.08857,4.63219],[-74.08901,4.6319]]}},{"type":"Feature","properties":{"id":"610904813","nom":"Calle 21","tipo":"tertiary"},"geometry":{"type":"LineString","coordinates":[[-74.09568,4.62856],[-74.09549,4.62849]]}},{"type":"Feature","properties":{"id":"610904814","nom":"Avenida Calle 22","tipo":"residential"},"geometry":{"type":"LineString","coordinates":[[-74.09506,4.6293],[-74.09513,4.6293],[-74.09517,4.62931],[-74.0952,4.62933],[-74.09527,4.62937],[-74.09542,4.62949]]}},{"type":"Feature","properties":{"id":"610918116","nom":"","tipo":"secondary_link"},"geometry":{"type":"LineString","coordinates":[[-74.09742,4.63801],[-74.09748,4.63799],[-74.09752,4.63798],[-74.09756,4.63797],[-74.09761,4.63797],[-74.09766,4.63798],[-74.09772,4.638]]}},{"type":"Feature","properties":{"id":"612740157","nom":"Carrera 59","tipo":"residential"},"geometry":{"type":"LineString","coordinates":[[-74.09955,4.64523],[-74.10002,4.64492]]}},{"type":"Feature","properties":{"id":"624741278","nom":"Avenida Carrera 30","tipo":"trunk"},"geometry":{"type":"LineString","coordinates":[[-74.0795,4.63656],[-74.07956,4.63616],[-74.07964,4.63535],[-74.07968,4.63477],[-74.07985,4.63279]]}},{"type":"Feature","properties":{"id":"624750775","nom":"Avenida Carrera 30","tipo":"trunk"},"geometry":{"type":"LineString","coordinates":[[-74.07939,4.63415],[-74.07937,4.63431]]}},{"type":"Feature","properties":{"id":"624789783","nom":"Transversal 21","tipo":"tertiary"},"geometry":{"type":"LineString","coordinates":[[-74.07338,4.63666],[-74.07336,4.63667],[-74.07334,4.63668],[-74.0733,4.63673]]}},{"type":"Feature","properties":{"id":"625458509","nom":"Diagonal 71A Bis","tipo":"residential"},"geometry":{"type":"LineString","coordinates":[[-74.06527,4.66135],[-74.06517,4.66095],[-74.06528,4.66078]]}},{"type":"Feature","properties":{"id":"625458511","nom":"Calle 71A","tipo":"residential"},"geometry":{"type":"LineString","coordinates":[[-74.06511,4.66066],[-74.06514,4.66068],[-74.06528,4.66078]]}},{"type":"Feature","properties":{"id":"628481315","nom":"Avenida Carrera 30","tipo":"trunk"},"geometry":{"type":"LineString","coordinates":[[-74.07947,4.63722],[-74.07947,4.6372],[-74.07948,4.63701],[-74.0795,4.63656]]}},{"type":"Feature","properties":{"id":"628481318","nom":"Avenida Carrera 30","tipo":"trunk"},"geometry":{"type":"LineString","coordinates":[[-74.0795,4.63656],[-74.07951,4.63616],[-74.07955,4.63496],[-74.07961,4.6343],[-74.07971,4.63352],[-74.07974,4.63318],[-74.07977,4.6327],[-74.07979,4.63237],[-74.0798,4.63227]]}},{"type":"Feature","properties":{"id":"629746180","nom":"Avenida Calle 53","tipo":"secondary"},"geometry":{"type":"LineString","coordinates":[[-74.10053,4.65705],[-74.10047,4.657],[-74.10006,4.65672],[-74.09976,4.65651],[-74.09908,4.65603],[-74.09862,4.65571],[-74.09778,4.65512],[-74.09775,4.6551],[-74.09769,4.65506]]}},{"type":"Feature","properties":{"id":"639127759","nom":"Avenida Calle 57","tipo":"secondary"},"geometry":{"type":"LineString","coordinates":[[-74.06924,4.64476],[-74.06932,4.64477],[-74.06987,4.64487],[-74.07055,4.64498],[-74.07059,4.64499],[-74.07064,4.645],[-74.07071,4.64501],[-74.07086,4.64503],[-74.07117,4.64509],[-74.07122,4.6451],[-74.0713,4.64511]]}},{"type":"Feature","properties":{"id":"639127760","nom":"Avenida Calle 57","tipo":"secondary"},"geometry":{"type":"LineString","coordinates":[[-74.06629,4.64414],[-74.06583,4.64406],[-74.0658,4.64406],[-74.06576,4.64405]]}},{"type":"Feature","properties":{"id":"639127761","nom":"Avenida Calle 57","tipo":"secondary"},"geometry":{"type":"LineString","coordinates":[[-74.07339,4.64535],[-74.07332,4.64534]]}},{"type":"Feature","properties":{"id":"639127763","nom":"Transversal 28","tipo":"secondary"},"geometry":{"type":"LineString","coordinates":[[-74.07693,4.64451],[-74.07686,4.64454],[-74.0768,4.64456],[-74.07676,4.64458],[-74.0767,4.64461],[-74.07657,4.64471],[-74.07649,4.64477],[-74.07643,4.64482],[-74.07566,4.64551]]}},{"type":"Feature","properties":{"id":"639127764","nom":"Avenida Calle 57","tipo":"secondary"},"geometry":{"type":"LineString","coordinates":[[-74.07542,4.64573],[-74.07541,4.64572],[-74.07539,4.64571],[-74.07537,4.64569],[-74.07534,4.64568],[-74.07528,4.64567],[-74.07414,4.64548]]}},{"type":"Feature","properties":{"id":"639150930","nom":"Avenida Carrera 50","tipo":"secondary"},"geometry":{"type":"LineString","coordinates":[[-74.08619,4.64719],[-74.08631,4.64687],[-74.08633,4.64682]]}},{"type":"Feature","properties":{"id":"639150931","nom":"Avenida Calle 53","tipo":"secondary"},"geometry":{"type":"LineString","coordinates":[[-74.08165,4.64339],[-74.08201,4.64365],[-74.08242,4.64396],[-74.08284,4.64429],[-74.08297,4.64439],[-74.08337,4.6447],[-74.08378,4.64501],[-74.08381,4.64505],[-74.08384,4.6451],[-74.08388,4.6452],[-74.08393,4.64532],[-74.084,4.64547],[-74.08408,4.6456],[-74.08413,4.64568],[-74.08417,4.64573],[-74.08422,4.64578],[-74.08429,4.64586]]}},{"type":"Feature","properties":{"id":"639150932","nom":"Avenida Carrera 50","tipo":"secondary"},"geometry":{"type":"LineString","coordinates":[[-74.08619,4.64673],[-74.08608,4.64703],[-74.08606,4.6471]]}},{"type":"Feature","properties":{"id":"639150935","nom":"Avenida Calle 53","tipo":"secondary"},"geometry":{"type":"LineString","coordinates":[[-74.08606,4.6471],[-74.08614,4.64716],[-74.08619,4.64719]]}},{"type":"Feature","properties":{"id":"639150936","nom":"Avenida Calle 53","tipo":"secondary"},"geometry":{"type":"LineString","coordinates":[[-74.0885,4.64881],[-74.08864,4.64891],[-74.08975,4.64969],[-74.08999,4.64986],[-74.09012,4.64996],[-74.09132,4.65079],[-74.09145,4.65088],[-74.09269,4.65176]]}},{"type":"Feature","properties":{"id":"639150938","nom":"Avenida Calle 53","tipo":"secondary"},"geometry":{"type":"LineString","coordinates":[[-74.08633,4.64682],[-74.08629,4.6468],[-74.08619,4.64673]]}},{"type":"Feature","properties":{"id":"639150940","nom":"Avenida Calle 53","tipo":"secondary"},"geometry":{"type":"LineString","coordinates":[[-74.09319,4.65164],[-74.09312,4.65159],[-74.09211,4.65088],[-74.09209,4.65086],[-74.09169,4.65058],[-74.09162,4.65054],[-74.09115,4.6502],[-74.09021,4.64954],[-74.08925,4.64887],[-74.08885,4.64859],[-74.0888,4.64856]]}},{"type":"Feature","properties":{"id":"639486807","nom":"Avenida Calle 45","tipo":"secondary"},"geometry":{"type":"LineString","coordinates":[[-74.0708,4.63314],[-74.07128,4.63323],[-74.07132,4.63323],[-74.07177,4.63332],[-74.07181,4.63332],[-74.07186,4.63333]]}},{"type":"Feature","properties":{"id":"639489567","nom":"Avenida Calle 24","tipo":"secondary"},"geometry":{"type":"LineString","coordinates":[[-74.09911,4.64002],[-74.09957,4.64067],[-74.09962,4.64073],[-74.09967,4.64081]]}},{"type":"Feature","properties":{"id":"639807658","nom":"Avenida Carrera 24","tipo":"secondary"},"geometry":{"type":"LineString","coordinates":[[-74.07169,4.65552],[-74.07177,4.65518],[-74.07184,4.65484],[-74.07189,4.65455],[-74.07198,4.65404],[-74.07199,4.65401],[-74.07207,4.65354],[-74.07208,4.65353],[-74.0722,4.65283],[-74.07229,4.65232],[-74.07231,4.6522],[-74.07233,4.65206]]}},{"type":"Feature","properties":{"id":"640076797","nom":"Avenida Calle 26","tipo":"primary"},"geometry":{"type":"LineString","coordinates":[[-74.08127,4.62765],[-74.08166,4.62819],[-74.08201,4.62869],[-74.08217,4.62895],[-74.08228,4.62913],[-74.0824,4.62937],[-74.08246,4.62952]]}},{"type":"Feature","properties":{"id":"640099244","nom":"Avenida Carrera 50","tipo":"secondary"},"geometry":{"type":"LineString","coordinates":[[-74.09763,4.63787],[-74.09774,4.6378]]}},{"type":"Feature","properties":{"id":"640099249","nom":"Avenida Carrera 50","tipo":"secondary"},"geometry":{"type":"LineString","coordinates":[[-74.09767,4.6377],[-74.09756,4.63777]]}},{"type":"Feature","properties":{"id":"640099252","nom":"Carrera 54","tipo":"residential"},"geometry":{"type":"LineString","coordinates":[[-74.0998,4.64073],[-74.09967,4.64081]]}},{"type":"Feature","properties":{"id":"640099253","nom":"Carrera 54","tipo":"residential"},"geometry":{"type":"LineString","coordinates":[[-74.09852,4.64158],[-74.09846,4.64162],[-74.09707,4.64252],[-74.09701,4.64256]]}},{"type":"Feature","properties":{"id":"640313325","nom":"Calle 44","tipo":"tertiary"},"geometry":{"type":"LineString","coordinates":[[-74.09902,4.65328],[-74.10009,4.65404],[-74.10028,4.65416],[-74.10037,4.65423],[-74.10045,4.65429],[-74.10049,4.65432],[-74.10086,4.65457]]}},{"type":"Feature","properties":{"id":"645025680","nom":"Carrera 23","tipo":"residential"},"geometry":{"type":"LineString","coordinates":[[-74.07159,4.652],[-74.07177,4.651],[-74.07178,4.65095]]}},{"type":"Feature","properties":{"id":"645338252","nom":"Transversal 59A","tipo":"residential"},"geometry":{"type":"LineString","coordinates":[[-74.09136,4.65296],[-74.09149,4.65303]]}},{"type":"Feature","properties":{"id":"645414376","nom":"Calle 63C","tipo":"residential"},"geometry":{"type":"LineString","coordinates":[[-74.07566,4.65439],[-74.07661,4.65455]]}},{"type":"Feature","properties":{"id":"645451077","nom":"Calle 39 Bis","tipo":"residential"},"geometry":{"type":"LineString","coordinates":[[-74.06935,4.62758],[-74.06983,4.62766]]}},{"type":"Feature","properties":{"id":"648041801","nom":"Avenida Calle 23","tipo":"trunk"},"geometry":{"type":"LineString","coordinates":[[-74.09101,4.6256],[-74.09095,4.62559],[-74.09091,4.62559],[-74.08958,4.62542],[-74.08944,4.6254],[-74.08929,4.62537],[-74.08901,4.62529],[-74.08887,4.62526],[-74.08834,4.62511],[-74.08787,4.62501],[-74.08745,4.62494],[-74.08727,4.62493],[-74.08625,4.62498],[-74.08515,4.62502],[-74.08495,4.62502],[-74.08485,4.62502],[-74.08477,4.62502],[-74.08437,4.62495]]}},{"type":"Feature","properties":{"id":"655514737","nom":"Calle 66","tipo":"secondary"},"geometry":{"type":"LineString","coordinates":[[-74.07074,4.65725],[-74.07071,4.65723],[-74.07018,4.65685],[-74.06985,4.65662],[-74.06959,4.65643],[-74.06934,4.65625],[-74.06905,4.65605],[-74.06889,4.65594],[-74.06852,4.65568],[-74.06847,4.65564],[-74.06843,4.65561],[-74.06839,4.65559],[-74.06774,4.65513],[-74.06772,4.65511],[-74.06767,4.65508]]}},{"type":"Feature","properties":{"id":"658185537","nom":"Calle 39","tipo":"residential"},"geometry":{"type":"LineString","coordinates":[[-74.07372,4.62756],[-74.07379,4.62757],[-74.07433,4.62766],[-74.07437,4.62767],[-74.07501,4.62777],[-74.07505,4.62778],[-74.07509,4.62779],[-74.07514,4.62779]]}},{"type":"Feature","properties":{"id":"661060783","nom":"Avenida Carrera 30","tipo":"trunk"},"geometry":{"type":"LineString","coordinates":[[-74.07871,4.65025],[-74.07872,4.65016],[-74.07874,4.64992],[-74.07875,4.64967],[-74.07879,4.64901],[-74.07888,4.64792],[-74.07894,4.64728],[-74.07899,4.64659],[-74.07901,4.64624],[-74.07904,4.64583],[-74.07908,4.64529],[-74.0791,4.64499],[-74.07911,4.64485],[-74.07913,4.64438],[-74.07923,4.64293],[-74.07926,4.64259]]}},{"type":"Feature","properties":{"id":"661060784","nom":"Avenida Carrera 30","tipo":"trunk"},"geometry":{"type":"LineString","coordinates":[[-74.07609,4.66462],[-74.07616,4.66456],[-74.0763,4.66448],[-74.07635,4.66445]]}},{"type":"Feature","properties":{"id":"663672711","nom":"Calle 60","tipo":"residential"},"geometry":{"type":"LineString","coordinates":[[-74.0876,4.65447],[-74.0873,4.65425],[-74.08714,4.65414],[-74.08692,4.65398]]}},{"type":"Feature","properties":{"id":"663672713","nom":"Calle 61","tipo":"residential"},"geometry":{"type":"LineString","coordinates":[[-74.08458,4.65259],[-74.08459,4.65263],[-74.08492,4.65285],[-74.08529,4.65311],[-74.08566,4.65337],[-74.08604,4.65363]]}},{"type":"Feature","properties":{"id":"675541375","nom":"Avenida Calle 42","tipo":"tertiary"},"geometry":{"type":"LineString","coordinates":[[-74.07072,4.63342],[-74.07109,4.63389],[-74.07152,4.63445],[-74.07155,4.63448]]}},{"type":"Feature","properties":{"id":"675547577","nom":"Carrera 18","tipo":"tertiary"},"geometry":{"type":"LineString","coordinates":[[-74.06855,4.64854],[-74.06856,4.64848],[-74.06862,4.64815],[-74.06869,4.6478],[-74.06869,4.64777],[-74.06879,4.64721],[-74.06884,4.64695],[-74.06886,4.64687]]}},{"type":"Feature","properties":{"id":"675547579","nom":"Calle 60","tipo":"tertiary"},"geometry":{"type":"LineString","coordinates":[[-74.06716,4.6475],[-74.06735,4.64753]]}},{"type":"Feature","properties":{"id":"675547580","nom":"Calle 60","tipo":"tertiary"},"geometry":{"type":"LineString","coordinates":[[-74.06808,4.64766],[-74.06812,4.64767],[-74.06865,4.64776],[-74.06869,4.64777],[-74.06874,4.64778],[-74.06933,4.64788],[-74.0698,4.64796]]}},{"type":"Feature","properties":{"id":"675552245","nom":"Transversal 17","tipo":"tertiary"},"geometry":{"type":"LineString","coordinates":[[-74.07106,4.63008],[-74.07102,4.63023]]}},{"type":"Feature","properties":{"id":"675557365","nom":"Calle 49","tipo":"residential"},"geometry":{"type":"LineString","coordinates":[[-74.07598,4.63808],[-74.0766,4.6382]]}},{"type":"Feature","properties":{"id":"675557366","nom":"Carrera 26","tipo":"residential"},"geometry":{"type":"LineString","coordinates":[[-74.07598,4.63808],[-74.07615,4.63716],[-74.07633,4.63613]]}},{"type":"Feature","properties":{"id":"675557369","nom":"Diagonal 36 Bis","tipo":"secondary"},"geometry":{"type":"LineString","coordinates":[[-74.07507,4.62616],[-74.07502,4.62609],[-74.07496,4.62601],[-74.0749,4.62596],[-74.07485,4.62591],[-74.07479,4.62586],[-74.07472,4.62579],[-74.07463,4.62571],[-74.07447,4.62559],[-74.07431,4.62548],[-74.07427,4.62544],[-74.07424,4.62542]]}},{"type":"Feature","properties":{"id":"675560588","nom":"Carrera 16","tipo":"residential"},"geometry":{"type":"LineString","coordinates":[[-74.06596,4.65414],[-74.06592,4.65418],[-74.06586,4.65422],[-74.06581,4.65426],[-74.06577,4.6543],[-74.06575,4.65435],[-74.06571,4.65455],[-74.0657,4.65462],[-74.06569,4.65471],[-74.06557,4.65542]]}},{"type":"Feature","properties":{"id":"676044467","nom":"Diagonal 46","tipo":"residential"},"geometry":{"type":"LineString","coordinates":[[-74.07124,4.63556],[-74.07126,4.63558],[-74.07127,4.63559],[-74.0713,4.63561],[-74.07131,4.63562],[-74.07183,4.63605],[-74.07188,4.63608],[-74.07193,4.63613],[-74.07197,4.63616]]}},{"type":"Feature","properties":{"id":"676056717","nom":"Calle 37","tipo":"residential"},"geometry":{"type":"LineString","coordinates":[[-74.06946,4.62561],[-74.0695,4.62552]]}},{"type":"Feature","properties":{"id":"676056723","nom":"Calle 37","tipo":"residential"},"geometry":{"type":"LineString","coordinates":[[-74.07127,4.62609],[-74.07128,4.62602]]}},{"type":"Feature","properties":{"id":"677989002","nom":"Diagonal 40A","tipo":"tertiary"},"geometry":{"type":"LineString","coordinates":[[-74.0712,4.63009],[-74.07084,4.62978]]}},{"type":"Feature","properties":{"id":"677989004","nom":"Calle 36","tipo":"secondary"},"geometry":{"type":"LineString","coordinates":[[-74.07222,4.62517],[-74.07228,4.62518],[-74.07275,4.62527],[-74.07335,4.62538],[-74.07339,4.62539],[-74.07343,4.6254],[-74.07405,4.62552],[-74.0741,4.62553]]}},{"type":"Feature","properties":{"id":"677989005","nom":"Avenida Carrera 19","tipo":"secondary"},"geometry":{"type":"LineString","coordinates":[[-74.07302,4.62745],[-74.07308,4.62709],[-74.07323,4.62623],[-74.07324,4.62619],[-74.07337,4.62546],[-74.07339,4.62539],[-74.07339,4.62534],[-74.07346,4.62496],[-74.07348,4.62484],[-74.0735,4.62475]]}},{"type":"Feature","properties":{"id":"696691678","nom":"Avenida Calle 24","tipo":"secondary"},"geometry":{"type":"LineString","coordinates":[[-74.09774,4.6378],[-74.09771,4.63776],[-74.09767,4.6377]]}},{"type":"Feature","properties":{"id":"696744042","nom":"Avenida Calle 24","tipo":"secondary"},"geometry":{"type":"LineString","coordinates":[[-74.0953,4.63454],[-74.09567,4.63506],[-74.09639,4.63609],[-74.09659,4.63637],[-74.09718,4.63721],[-74.09732,4.63743]]}},{"type":"Feature","properties":{"id":"696744044","nom":"Avenida Carrera 50","tipo":"secondary"},"geometry":{"type":"LineString","coordinates":[[-74.09976,4.63648],[-74.10013,4.6362],[-74.10027,4.63609],[-74.1004,4.63598],[-74.10057,4.6358]]}},{"type":"Feature","properties":{"id":"708098548","nom":"Calle 71B","tipo":"residential"},"geometry":{"type":"LineString","coordinates":[[-74.06864,4.6628],[-74.06901,4.66305],[-74.06905,4.66314],[-74.06947,4.66345],[-74.06989,4.66374]]}},{"type":"Feature","properties":{"id":"734512580","nom":"Carrera 34A","tipo":"residential"},"geometry":{"type":"LineString","coordinates":[[-74.08287,4.63192],[-74.08293,4.63183],[-74.08299,4.63176],[-74.08315,4.63166],[-74.08353,4.63142]]}},{"type":"Feature","properties":{"id":"734512581","nom":"Calle 29A","tipo":"residential"},"geometry":{"type":"LineString","coordinates":[[-74.08287,4.63192],[-74.08238,4.63173]]}},{"type":"Feature","properties":{"id":"734633052","nom":"Carrera 15","tipo":"residential"},"geometry":{"type":"LineString","coordinates":[[-74.06501,4.65365],[-74.06502,4.6536],[-74.06509,4.65321],[-74.06513,4.65296],[-74.06517,4.65275],[-74.06524,4.65231],[-74.06529,4.65205],[-74.0653,4.652]]}},{"type":"Feature","properties":{"id":"737621240","nom":"Avenida Calle 23","tipo":"trunk"},"geometry":{"type":"LineString","coordinates":[[-74.09105,4.62521],[-74.09099,4.62521],[-74.09055,4.62516],[-74.09,4.6251],[-74.08981,4.62508],[-74.08942,4.62504],[-74.08903,4.62499],[-74.08895,4.62498],[-74.08889,4.62497],[-74.08811,4.6249],[-74.08787,4.62486],[-74.08718,4.62478],[-74.08693,4.62476],[-74.08639,4.6247],[-74.08613,4.62467],[-74.08581,4.62464],[-74.08511,4.62457]]}},{"type":"Feature","properties":{"id":"757324610","nom":"Calle 44","tipo":"residential"},"geometry":{"type":"LineString","coordinates":[[-74.06803,4.63182],[-74.06875,4.63195],[-74.06885,4.63197]]}},{"type":"Feature","properties":{"id":"757324849","nom":"Calle 44","tipo":"residential"},"geometry":{"type":"LineString","coordinates":[[-74.0702,4.63211],[-74.06991,4.63206]]}},{"type":"Feature","properties":{"id":"761668312","nom":"","tipo":"primary_link"},"geometry":{"type":"LineString","coordinates":[[-74.09758,4.64344],[-74.09701,4.64256],[-74.09695,4.64246],[-74.09632,4.64147],[-74.0963,4.64145],[-74.09596,4.6409],[-74.09594,4.64086],[-74.09593,4.64082],[-74.09592,4.64076],[-74.09593,4.64071],[-74.09596,4.64058],[-74.0961,4.64016]]}},{"type":"Feature","properties":{"id":"778332455","nom":"Calle 39","tipo":"residential"},"geometry":{"type":"LineString","coordinates":[[-74.07514,4.62779],[-74.07544,4.62783],[-74.07547,4.62783]]}},{"type":"Feature","properties":{"id":"794471064","nom":"","tipo":"residential"},"geometry":{"type":"LineString","coordinates":[[-74.06922,4.63853],[-74.06926,4.63834]]}},{"type":"Feature","properties":{"id":"805210486","nom":"Calle 51","tipo":"tertiary"},"geometry":{"type":"LineString","coordinates":[[-74.06768,4.63861],[-74.06827,4.63872],[-74.0686,4.63877],[-74.06868,4.63879],[-74.06871,4.6388],[-74.06917,4.63888],[-74.06962,4.63896],[-74.06966,4.63896]]}},{"type":"Feature","properties":{"id":"805210499","nom":"Calle 50","tipo":"residential"},"geometry":{"type":"LineString","coordinates":[[-74.06785,4.63764],[-74.06699,4.63748]]}},{"type":"Feature","properties":{"id":"805210511","nom":"Calle 51","tipo":"residential"},"geometry":{"type":"LineString","coordinates":[[-74.06343,4.63758],[-74.06351,4.63761],[-74.06384,4.63771],[-74.06417,4.63782],[-74.06425,4.63784],[-74.06522,4.63808],[-74.0653,4.63811],[-74.06534,4.63813],[-74.06541,4.63817]]}},{"type":"Feature","properties":{"id":"805210516","nom":"Avenida Calle 53","tipo":"secondary"},"geometry":{"type":"LineString","coordinates":[[-74.06417,4.63997],[-74.06458,4.64013],[-74.06463,4.64015],[-74.06471,4.64017],[-74.0648,4.64019],[-74.065,4.64022],[-74.06507,4.64024]]}},{"type":"Feature","properties":{"id":"813224239","nom":"Calle 63F","tipo":"tertiary"},"geometry":{"type":"LineString","coordinates":[[-74.07019,4.65523],[-74.0704,4.65527],[-74.071,4.6554],[-74.07152,4.65549],[-74.07155,4.65549],[-74.07158,4.6555]]}},{"type":"Feature","properties":{"id":"813251517","nom":"Carrera 16","tipo":"residential"},"geometry":{"type":"LineString","coordinates":[[-74.06763,4.64447],[-74.06762,4.64452],[-74.06752,4.64512]]}},{"type":"Feature","properties":{"id":"813909130","nom":"Carrera 20","tipo":"tertiary"},"geometry":{"type":"LineString","coordinates":[[-74.06981,4.64934],[-74.06985,4.64939],[-74.06989,4.64944]]}},{"type":"Feature","properties":{"id":"813913982","nom":"Avenida Carrera 24","tipo":"secondary"},"geometry":{"type":"LineString","coordinates":[[-74.07265,4.65027],[-74.07274,4.64987],[-74.07284,4.64951],[-74.07288,4.64936],[-74.07294,4.6492],[-74.07302,4.649],[-74.07311,4.64879],[-74.07316,4.64868],[-74.07325,4.64852],[-74.07337,4.64833],[-74.07346,4.64818],[-74.07348,4.64814],[-74.07353,4.64806]]}},{"type":"Feature","properties":{"id":"813943069","nom":"Calle 63B Bis","tipo":"residential"},"geometry":{"type":"LineString","coordinates":[[-74.07946,4.65451],[-74.07933,4.65498]]}},{"type":"Feature","properties":{"id":"813943070","nom":"Calle 63B Bis","tipo":"residential"},"geometry":{"type":"LineString","coordinates":[[-74.07991,4.65457],[-74.07946,4.65451]]}},{"type":"Feature","properties":{"id":"813955591","nom":"Carrera 37","tipo":"residential"},"geometry":{"type":"LineString","coordinates":[[-74.08138,4.6494],[-74.08136,4.64942],[-74.08135,4.64945],[-74.08134,4.64961]]}},{"type":"Feature","properties":{"id":"813955592","nom":"Carrera 38","tipo":"residential"},"geometry":{"type":"LineString","coordinates":[[-74.08254,4.64995],[-74.08261,4.64978],[-74.08261,4.64975],[-74.08261,4.64972]]}},{"type":"Feature","properties":{"id":"813964890","nom":"Calle 46","tipo":"residential"},"geometry":{"type":"LineString","coordinates":[[-74.08682,4.64645],[-74.08667,4.64667]]}},{"type":"Feature","properties":{"id":"813968863","nom":"Calle 57B","tipo":"residential"},"geometry":{"type":"LineString","coordinates":[[-74.08637,4.64971],[-74.08634,4.64967]]}},{"type":"Feature","properties":{"id":"813970598","nom":"Transversal 59A","tipo":"residential"},"geometry":{"type":"LineString","coordinates":[[-74.09136,4.65296],[-74.09134,4.65297],[-74.09104,4.65308],[-74.09096,4.65308]]}},{"type":"Feature","properties":{"id":"814238964","nom":"Calle 44","tipo":"residential"},"geometry":{"type":"LineString","coordinates":[[-74.06962,4.63201],[-74.0696,4.63201],[-74.0695,4.632],[-74.06898,4.63191],[-74.06887,4.63189]]}},{"type":"Feature","properties":{"id":"814252355","nom":"Avenida Carrera 19","tipo":"secondary"},"geometry":{"type":"LineString","coordinates":[[-74.07225,4.6313],[-74.07224,4.63133]]}},{"type":"Feature","properties":{"id":"814252356","nom":"Avenida Carrera 19","tipo":"secondary"},"geometry":{"type":"LineString","coordinates":[[-74.07231,4.63139],[-74.07231,4.63136]]}},{"type":"Feature","properties":{"id":"814280499","nom":"Carrera 37 Bis","tipo":"residential"},"geometry":{"type":"LineString","coordinates":[[-74.08601,4.63177],[-74.08553,4.63207]]}},{"type":"Feature","properties":{"id":"814300490","nom":"Calle 24 Bis","tipo":"residential"},"geometry":{"type":"LineString","coordinates":[[-74.09639,4.63609],[-74.09639,4.63618],[-74.0964,4.63646],[-74.09637,4.63656],[-74.0963,4.63667],[-74.09625,4.63675],[-74.09623,4.63679]]}},{"type":"Feature","properties":{"id":"814329010","nom":"Calle 46","tipo":"residential"},"geometry":{"type":"LineString","coordinates":[[-74.09772,4.65435],[-74.0979,4.65447],[-74.09794,4.6545]]}},{"type":"Feature","properties":{"id":"814583044","nom":"Diagonal 40A","tipo":"tertiary"},"geometry":{"type":"LineString","coordinates":[[-74.06724,4.62713],[-74.06717,4.62713],[-74.06715,4.62712],[-74.0671,4.62711],[-74.06702,4.62708],[-74.06694,4.62703],[-74.06687,4.62699],[-74.0668,4.62692],[-74.06673,4.62687],[-74.06661,4.62673],[-74.06652,4.62661],[-74.06647,4.62653],[-74.06643,4.62645],[-74.0664,4.62639],[-74.06637,4.62631],[-74.06631,4.62615],[-74.06623,4.62598],[-74.06614,4.62586],[-74.06603,4.62577],[-74.06598,4.62573],[-74.06593,4.62571],[-74.06586,4.62568]]}},{"type":"Feature","properties":{"id":"814601047","nom":"Carrera 18","tipo":"residential"},"geometry":{"type":"LineString","coordinates":[[-74.0712,4.63009],[-74.07121,4.63008],[-74.07122,4.63006],[-74.07149,4.62978]]}},{"type":"Feature","properties":{"id":"814601048","nom":"Avenida Carrera 19","tipo":"secondary"},"geometry":{"type":"LineString","coordinates":[[-74.0723,4.6311],[-74.07229,4.63114]]}},{"type":"Feature","properties":{"id":"814601049","nom":"Avenida Carrera 19","tipo":"secondary"},"geometry":{"type":"LineString","coordinates":[[-74.07235,4.63119],[-74.07235,4.63115]]}},{"type":"Feature","properties":{"id":"814601052","nom":"Carrera 17","tipo":"tertiary"},"geometry":{"type":"LineString","coordinates":[[-74.07099,4.63037],[-74.07098,4.6304]]}},{"type":"Feature","properties":{"id":"814601053","nom":"Carrera 17","tipo":"tertiary"},"geometry":{"type":"LineString","coordinates":[[-74.07101,4.63026],[-74.07099,4.63037]]}},{"type":"Feature","properties":{"id":"814667903","nom":"Avenida Calle 23","tipo":"trunk"},"geometry":{"type":"LineString","coordinates":[[-74.08309,4.62529],[-74.08325,4.62526],[-74.08331,4.62525],[-74.08337,4.62524],[-74.08345,4.62525],[-74.0838,4.62528],[-74.08425,4.62534],[-74.08552,4.62547],[-74.086,4.62552],[-74.08608,4.62553]]}},{"type":"Feature","properties":{"id":"814671763","nom":"Avenida Carrera 30","tipo":"trunk"},"geometry":{"type":"LineString","coordinates":[[-74.08137,4.62653],[-74.08115,4.62682]]}},{"type":"Feature","properties":{"id":"814671764","nom":"Avenida Carrera 30","tipo":"trunk"},"geometry":{"type":"LineString","coordinates":[[-74.08167,4.62644],[-74.08181,4.62627],[-74.08193,4.62611]]}},{"type":"Feature","properties":{"id":"814685373","nom":"Calle 26A","tipo":"residential"},"geometry":{"type":"LineString","coordinates":[[-74.08255,4.63],[-74.08226,4.62949]]}},{"type":"Feature","properties":{"id":"814711180","nom":"Avenida Carrera 36","tipo":"secondary"},"geometry":{"type":"LineString","coordinates":[[-74.09106,4.62813],[-74.09091,4.62791],[-74.09088,4.62787],[-74.09086,4.62781],[-74.09085,4.62776],[-74.09086,4.62769],[-74.09092,4.62727],[-74.09094,4.6271],[-74.09103,4.62618],[-74.09104,4.62615],[-74.09104,4.62608]]}},{"type":"Feature","properties":{"id":"814711181","nom":"Avenida Carrera 36","tipo":"secondary"},"geometry":{"type":"LineString","coordinates":[[-74.09096,4.62607],[-74.09095,4.62614],[-74.09085,4.627],[-74.09084,4.62709],[-74.09081,4.62733],[-74.09077,4.62769],[-74.09076,4.62777],[-74.09077,4.62783],[-74.09078,4.62787],[-74.09081,4.62792],[-74.09092,4.62807],[-74.09099,4.62816]]}},{"type":"Feature","properties":{"id":"814744919","nom":"Transversal 39 Bis A","tipo":"primary"},"geometry":{"type":"LineString","coordinates":[[-74.0939,4.62554],[-74.09389,4.62551],[-74.09388,4.62549],[-74.09388,4.62546],[-74.09388,4.62543],[-74.09392,4.62499],[-74.09392,4.62486],[-74.09392,4.62475],[-74.09392,4.62463],[-74.09391,4.62449],[-74.09389,4.62436],[-74.09386,4.6242],[-74.09381,4.62405],[-74.09371,4.62376],[-74.09366,4.62365]]}},{"type":"Feature","properties":{"id":"815147094","nom":"Carrera 45","tipo":"residential"},"geometry":{"type":"LineString","coordinates":[[-74.08898,4.64032],[-74.08924,4.64002]]}},{"type":"Feature","properties":{"id":"827169943","nom":"Avenida Calle 26","tipo":"primary"},"geometry":{"type":"LineString","coordinates":[[-74.08128,4.62728],[-74.08096,4.62675]]}},{"type":"Feature","properties":{"id":"832115235","nom":"","tipo":"secondary"},"geometry":{"type":"LineString","coordinates":[[-74.08907,4.65927],[-74.08902,4.65916],[-74.08896,4.65908],[-74.08889,4.65901],[-74.08881,4.65897],[-74.08873,4.65895],[-74.08865,4.65893],[-74.08859,4.65893]]}},{"type":"Feature","properties":{"id":"834767824","nom":"Transversal 39 Bis A","tipo":"primary"},"geometry":{"type":"LineString","coordinates":[[-74.09359,4.62367],[-74.09364,4.62377],[-74.09367,4.62386],[-74.09373,4.62402],[-74.09378,4.62418],[-74.09381,4.62433],[-74.09383,4.62447],[-74.09384,4.62458],[-74.09384,4.6246],[-74.09385,4.62468],[-74.09385,4.62484],[-74.09384,4.62499],[-74.09384,4.62507],[-74.09383,4.62522],[-74.09381,4.62538],[-74.09381,4.62543],[-74.0938,4.62552]]}},{"type":"Feature","properties":{"id":"834798729","nom":"","tipo":"trunk_link"},"geometry":{"type":"LineString","coordinates":[[-74.07741,4.63434],[-74.07833,4.63452],[-74.0784,4.63454],[-74.07872,4.63461],[-74.07914,4.63471],[-74.07919,4.63472],[-74.07922,4.63474],[-74.07925,4.63478],[-74.07927,4.63481],[-74.07931,4.6349]]}},{"type":"Feature","properties":{"id":"834798731","nom":"","tipo":"trunk_link"},"geometry":{"type":"LineString","coordinates":[[-74.07951,4.63217],[-74.07945,4.63224],[-74.07941,4.63228],[-74.07938,4.63229],[-74.07935,4.6323],[-74.0793,4.6323],[-74.07927,4.63229],[-74.07925,4.63227],[-74.07923,4.63224],[-74.07922,4.63221],[-74.07901,4.63161],[-74.07894,4.63144],[-74.07876,4.63097]]}},{"type":"Feature","properties":{"id":"834798735","nom":"Avenida Carrera 30","tipo":"trunk"},"geometry":{"type":"LineString","coordinates":[[-74.0797,4.63112],[-74.07965,4.63193],[-74.07963,4.63228],[-74.07961,4.63245],[-74.07959,4.63267],[-74.07956,4.63288],[-74.07948,4.63361],[-74.07939,4.63415]]}},{"type":"Feature","properties":{"id":"834798736","nom":"Avenida Carrera 30","tipo":"trunk"},"geometry":{"type":"LineString","coordinates":[[-74.07958,4.63164],[-74.07952,4.63214],[-74.07951,4.63217],[-74.0795,4.63225],[-74.07949,4.6324]]}},{"type":"Feature","properties":{"id":"834801129","nom":"Diagonal 42A","tipo":"tertiary"},"geometry":{"type":"LineString","coordinates":[[-74.07506,4.63325],[-74.07504,4.6333],[-74.07503,4.63331],[-74.07501,4.63332],[-74.07497,4.63333],[-74.07494,4.63332],[-74.0749,4.6333],[-74.07412,4.63263]]}},{"type":"Feature","properties":{"id":"835181239","nom":"Calle 54","tipo":"secondary"},"geometry":{"type":"LineString","coordinates":[[-74.07852,4.64451],[-74.07848,4.64453],[-74.07844,4.64455],[-74.07839,4.64455]]}},{"type":"Feature","properties":{"id":"835181244","nom":"Transversal 25","tipo":"tertiary"},"geometry":{"type":"LineString","coordinates":[[-74.07385,4.64703],[-74.07384,4.64701],[-74.07372,4.64685],[-74.07363,4.64671],[-74.07358,4.64663],[-74.07352,4.64649],[-74.07347,4.64636],[-74.07344,4.64623],[-74.07341,4.64608],[-74.07338,4.64592],[-74.07336,4.64578],[-74.07336,4.64564],[-74.07337,4.64556],[-74.07337,4.64551],[-74.07337,4.64551],[-74.07338,4.64546]]}},{"type":"Feature","properties":{"id":"835181245","nom":"Transversal 25","tipo":"tertiary"},"geometry":{"type":"LineString","coordinates":[[-74.07385,4.64708],[-74.07381,4.64706],[-74.07376,4.64701],[-74.07369,4.64692],[-74.07362,4.64682],[-74.07355,4.64673],[-74.0735,4.64662],[-74.07345,4.64652],[-74.07339,4.64638],[-74.07335,4.64624],[-74.07332,4.6461],[-74.07329,4.64595],[-74.07328,4.6458],[-74.07328,4.64568],[-74.07329,4.64555],[-74.0733,4.6455],[-74.0733,4.64545]]}},{"type":"Feature","properties":{"id":"835181246","nom":"Diagonal 46","tipo":"residential"},"geometry":{"type":"LineString","coordinates":[[-74.07079,4.63514],[-74.07075,4.63511],[-74.07064,4.63499],[-74.07041,4.63479],[-74.07026,4.63472],[-74.0702,4.63469]]}},{"type":"Feature","properties":{"id":"835181251","nom":"Carrera 15","tipo":"residential"},"geometry":{"type":"LineString","coordinates":[[-74.06711,4.64216],[-74.06721,4.64126]]}},{"type":"Feature","properties":{"id":"835203490","nom":"Carrera 28","tipo":"residential"},"geometry":{"type":"LineString","coordinates":[[-74.07734,4.6403],[-74.07735,4.64026],[-74.07745,4.63894],[-74.07745,4.63891],[-74.07744,4.63888]]}},{"type":"Feature","properties":{"id":"835203492","nom":"Calle 58","tipo":"residential"},"geometry":{"type":"LineString","coordinates":[[-74.07114,4.64578],[-74.07111,4.64578],[-74.07052,4.64567],[-74.06976,4.64553],[-74.06917,4.64542],[-74.06912,4.64541],[-74.06909,4.64541],[-74.06857,4.64531],[-74.06851,4.6453],[-74.06846,4.64529],[-74.068,4.64521],[-74.06766,4.64514]]}},{"type":"Feature","properties":{"id":"835203496","nom":"Transversal 23","tipo":"residential"},"geometry":{"type":"LineString","coordinates":[[-74.07254,4.64804],[-74.07249,4.64796]]}},{"type":"Feature","properties":{"id":"835203505","nom":"Carrera 22","tipo":"tertiary"},"geometry":{"type":"LineString","coordinates":[[-74.0741,4.63272],[-74.0741,4.63267],[-74.07412,4.63263]]}},{"type":"Feature","properties":{"id":"835203506","nom":"Carrera 22","tipo":"tertiary"},"geometry":{"type":"LineString","coordinates":[[-74.07409,4.6328],[-74.0741,4.63272]]}},{"type":"Feature","properties":{"id":"835203507","nom":"Calle 45C Bis","tipo":"residential"},"geometry":{"type":"LineString","coordinates":[[-74.07481,4.63692],[-74.07478,4.63691],[-74.07439,4.63684],[-74.07415,4.6368],[-74.07348,4.63668],[-74.07346,4.63667],[-74.07338,4.63666]]}},{"type":"Feature","properties":{"id":"835206586","nom":"Carrera 20","tipo":"tertiary"},"geometry":{"type":"LineString","coordinates":[[-74.06965,4.64867],[-74.06961,4.64872],[-74.0696,4.64874],[-74.06959,4.64876],[-74.06959,4.64878],[-74.0696,4.64882],[-74.06975,4.64918],[-74.06976,4.64921],[-74.06977,4.64925]]}},{"type":"Feature","properties":{"id":"835206587","nom":"Diagonal 60","tipo":"tertiary"},"geometry":{"type":"LineString","coordinates":[[-74.0698,4.64796],[-74.06988,4.64797],[-74.06993,4.64798],[-74.06995,4.64798],[-74.06998,4.64797],[-74.07015,4.6479],[-74.07075,4.64764],[-74.07134,4.64739],[-74.07136,4.64738]]}},{"type":"Feature","properties":{"id":"835206589","nom":"Calle 61","tipo":"residential"},"geometry":{"type":"LineString","coordinates":[[-74.06699,4.64851],[-74.0674,4.64853],[-74.06745,4.64853],[-74.06785,4.64855],[-74.06791,4.64856]]}},{"type":"Feature","properties":{"id":"836244434","nom":"Calle 63F","tipo":"tertiary"},"geometry":{"type":"LineString","coordinates":[[-74.07428,4.65598],[-74.07358,4.65586],[-74.07348,4.65584],[-74.07294,4.65574]]}},{"type":"Feature","properties":{"id":"836244436","nom":"Calle 61","tipo":"residential"},"geometry":{"type":"LineString","coordinates":[[-74.06855,4.64854],[-74.06845,4.64853],[-74.06803,4.6485],[-74.06797,4.64849],[-74.06793,4.64848],[-74.06787,4.64846],[-74.06782,4.64845],[-74.06776,4.64844],[-74.06744,4.64842],[-74.0674,4.64842],[-74.06714,4.64841],[-74.06706,4.6484],[-74.067,4.64841],[-74.06693,4.64842],[-74.06685,4.64843],[-74.06679,4.64842],[-74.06649,4.64838],[-74.06598,4.6483],[-74.0658,4.64827]]}},{"type":"Feature","properties":{"id":"836244437","nom":"Calle 61","tipo":"tertiary"},"geometry":{"type":"LineString","coordinates":[[-74.06919,4.64865],[-74.06868,4.64856],[-74.06855,4.64854]]}},{"type":"Feature","properties":{"id":"837258670","nom":"Carrera 28A","tipo":"tertiary"},"geometry":{"type":"LineString","coordinates":[[-74.07455,4.66001],[-74.07457,4.65998],[-74.07512,4.65918],[-74.07549,4.65863],[-74.07561,4.65847],[-74.07585,4.65811],[-74.07588,4.65805],[-74.07591,4.65798],[-74.07593,4.65786],[-74.07603,4.65726],[-74.07617,4.65631]]}},{"type":"Feature","properties":{"id":"837258671","nom":"Carrera 28A","tipo":"tertiary"},"geometry":{"type":"LineString","coordinates":[[-74.07335,4.66174],[-74.07339,4.66169],[-74.07345,4.6616],[-74.07353,4.66148],[-74.07397,4.66084],[-74.07432,4.66032],[-74.07435,4.66029],[-74.07449,4.66009],[-74.07452,4.66005],[-74.07455,4.66001]]}},{"type":"Feature","properties":{"id":"837258672","nom":"Carrera 19","tipo":"tertiary"},"geometry":{"type":"LineString","coordinates":[[-74.06767,4.65508],[-74.0677,4.65504],[-74.06822,4.65425],[-74.06834,4.65404],[-74.06836,4.654],[-74.06837,4.65397],[-74.06837,4.65395],[-74.06837,4.65389]]}},{"type":"Feature","properties":{"id":"837258673","nom":"Carrera 19","tipo":"tertiary"},"geometry":{"type":"LineString","coordinates":[[-74.06651,4.65689],[-74.06655,4.65683],[-74.06673,4.65656],[-74.06691,4.65627],[-74.06728,4.65569],[-74.06763,4.65514],[-74.06766,4.6551],[-74.06767,4.65508]]}},{"type":"Feature","properties":{"id":"848662842","nom":"Calle 40","tipo":"residential"},"geometry":{"type":"LineString","coordinates":[[-74.07612,4.63041],[-74.07533,4.63034],[-74.07525,4.63033]]}},{"type":"Feature","properties":{"id":"848662843","nom":"Avenida Carrera 24","tipo":"secondary"},"geometry":{"type":"LineString","coordinates":[[-74.07518,4.63136],[-74.07518,4.63129],[-74.07518,4.63116],[-74.0752,4.6309],[-74.0752,4.63085],[-74.07521,4.63072],[-74.07523,4.63057],[-74.07525,4.63039],[-74.07525,4.63033]]}},{"type":"Feature","properties":{"id":"848662844","nom":"Calle 36","tipo":"residential"},"geometry":{"type":"LineString","coordinates":[[-74.07475,4.62564],[-74.07452,4.6256],[-74.07447,4.62559]]}},{"type":"Feature","properties":{"id":"849051038","nom":"","tipo":"trunk_link"},"geometry":{"type":"LineString","coordinates":[[-74.08889,4.62497],[-74.08887,4.62526]]}},{"type":"Feature","properties":{"id":"849051039","nom":"","tipo":"trunk_link"},"geometry":{"type":"LineString","coordinates":[[-74.08518,4.6252],[-74.08571,4.62541],[-74.08585,4.62545],[-74.08601,4.6255],[-74.08608,4.62553]]}},{"type":"Feature","properties":{"id":"849051040","nom":"Avenida Calle 20","tipo":"trunk"},"geometry":{"type":"LineString","coordinates":[[-74.09983,4.62617],[-74.09978,4.62617],[-74.09963,4.62615],[-74.09941,4.62614],[-74.09915,4.62611],[-74.09878,4.62607],[-74.09837,4.62602],[-74.09821,4.626],[-74.09781,4.62596],[-74.09756,4.62593],[-74.09654,4.62582],[-74.09629,4.62579],[-74.09603,4.62576],[-74.09588,4.62575],[-74.09578,4.62574],[-74.09569,4.62573],[-74.09537,4.6257],[-74.095,4.62567]]}},{"type":"Feature","properties":{"id":"856959906","nom":"Carrera 25","tipo":"residential"},"geometry":{"type":"LineString","coordinates":[[-74.06757,4.66345],[-74.06754,4.66348],[-74.06715,4.66406]]}},{"type":"Feature","properties":{"id":"856959907","nom":"Carrera 27B","tipo":"residential"},"geometry":{"type":"LineString","coordinates":[[-74.06924,4.66471],[-74.0693,4.66462]]}},{"type":"Feature","properties":{"id":"856959915","nom":"Carrera 23","tipo":"residential"},"geometry":{"type":"LineString","coordinates":[[-74.06691,4.66185],[-74.06734,4.66114],[-74.06736,4.66111],[-74.06738,4.66108],[-74.06767,4.66066],[-74.06791,4.66024],[-74.06822,4.65976],[-74.06846,4.65935]]}},{"type":"Feature","properties":{"id":"857005367","nom":"Calle 37","tipo":"residential"},"geometry":{"type":"LineString","coordinates":[[-74.07262,4.6261],[-74.07268,4.62611],[-74.0732,4.62619],[-74.07324,4.62619],[-74.07328,4.6262],[-74.07364,4.62627],[-74.07391,4.62632],[-74.07395,4.62633],[-74.074,4.62634],[-74.07461,4.62645]]}},{"type":"Feature","properties":{"id":"857006062","nom":"Carrera 18A","tipo":"residential"},"geometry":{"type":"LineString","coordinates":[[-74.07208,4.62905],[-74.07193,4.62991],[-74.0718,4.63063],[-74.0718,4.63067]]}},{"type":"Feature","properties":{"id":"857006067","nom":"Calle 64","tipo":"tertiary"},"geometry":{"type":"LineString","coordinates":[[-74.06708,4.65308],[-74.06712,4.6531],[-74.06781,4.65354],[-74.06787,4.65358],[-74.06831,4.65385],[-74.06837,4.65389]]}},{"type":"Feature","properties":{"id":"904026687","nom":"Avenida Carrera 24","tipo":"secondary"},"geometry":{"type":"LineString","coordinates":[[-74.07254,4.65014],[-74.07251,4.65028],[-74.07249,4.65042],[-74.07244,4.65076],[-74.07242,4.65083],[-74.07241,4.65089],[-74.0724,4.65095]]}},{"type":"Feature","properties":{"id":"904026688","nom":"Avenida Calle 63","tipo":"secondary"},"geometry":{"type":"LineString","coordinates":[[-74.0724,4.65095],[-74.07235,4.65094],[-74.07226,4.65092],[-74.07193,4.65086],[-74.07166,4.65082]]}},{"type":"Feature","properties":{"id":"904026689","nom":"Avenida Carrera 24","tipo":"secondary"},"geometry":{"type":"LineString","coordinates":[[-74.07239,4.65105],[-74.07238,4.65111],[-74.07235,4.65129],[-74.07224,4.65184]]}},{"type":"Feature","properties":{"id":"904035924","nom":"Avenida Calle 63","tipo":"secondary"},"geometry":{"type":"LineString","coordinates":[[-74.07178,4.65095],[-74.07199,4.65098],[-74.07218,4.65101],[-74.07228,4.65103],[-74.07233,4.65104],[-74.07239,4.65105]]}},{"type":"Feature","properties":{"id":"904039008","nom":"Avenida Calle 63","tipo":"secondary"},"geometry":{"type":"LineString","coordinates":[[-74.0725,4.65107],[-74.07255,4.65108],[-74.07274,4.65111],[-74.07306,4.65117],[-74.07345,4.65125]]}},{"type":"Feature","properties":{"id":"904106503","nom":"Avenida Calle 53","tipo":"secondary"},"geometry":{"type":"LineString","coordinates":[[-74.07396,4.64181],[-74.07405,4.64183],[-74.07446,4.6419],[-74.07452,4.64191]]}},{"type":"Feature","properties":{"id":"904106504","nom":"Avenida Carrera 24","tipo":"secondary"},"geometry":{"type":"LineString","coordinates":[[-74.07383,4.64253],[-74.0738,4.64272],[-74.07375,4.64297],[-74.07373,4.64307],[-74.07372,4.64314]]}},{"type":"Feature","properties":{"id":"904106505","nom":"Avenida Carrera 24","tipo":"secondary"},"geometry":{"type":"LineString","coordinates":[[-74.07396,4.64181],[-74.07395,4.64186],[-74.07392,4.64204],[-74.0739,4.64216],[-74.07383,4.64253]]}},{"type":"Feature","properties":{"id":"905043834","nom":"Avenida Calle 53","tipo":"secondary"},"geometry":{"type":"LineString","coordinates":[[-74.07398,4.64174],[-74.07389,4.64173],[-74.07346,4.64165]]}},{"type":"Feature","properties":{"id":"905043835","nom":"Avenida Calle 53","tipo":"secondary"},"geometry":{"type":"LineString","coordinates":[[-74.0745,4.64184],[-74.07407,4.64176],[-74.07398,4.64174]]}},{"type":"Feature","properties":{"id":"905135699","nom":"Avenida Calle 57","tipo":"secondary"},"geometry":{"type":"LineString","coordinates":[[-74.0713,4.64511],[-74.0714,4.64513],[-74.0718,4.64519]]}},{"type":"Feature","properties":{"id":"905182460","nom":"Avenida Carrera 24","tipo":"secondary"},"geometry":{"type":"LineString","coordinates":[[-74.0671,4.66296],[-74.06704,4.66305]]}},{"type":"Feature","properties":{"id":"905182461","nom":"Avenida Carrera 24","tipo":"secondary"},"geometry":{"type":"LineString","coordinates":[[-74.06712,4.66312],[-74.06718,4.66303]]}},{"type":"Feature","properties":{"id":"905271104","nom":"Avenida Calle 45","tipo":"secondary"},"geometry":{"type":"LineString","coordinates":[[-74.06778,4.63261],[-74.06783,4.63261],[-74.06812,4.63266],[-74.06834,4.6327]]}},{"type":"Feature","properties":{"id":"905690499","nom":"Avenida Calle 53","tipo":"secondary"},"geometry":{"type":"LineString","coordinates":[[-74.08082,4.64299],[-74.08062,4.64294],[-74.08047,4.64291]]}},{"type":"Feature","properties":{"id":"905690500","nom":"Avenida Calle 53","tipo":"secondary"},"geometry":{"type":"LineString","coordinates":[[-74.08238,4.64378],[-74.08174,4.64329]]}},{"type":"Feature","properties":{"id":"905690501","nom":"Avenida Calle 53","tipo":"secondary"},"geometry":{"type":"LineString","coordinates":[[-74.08174,4.64329],[-74.08164,4.64324],[-74.08157,4.6432],[-74.08148,4.64317],[-74.08139,4.64314],[-74.08082,4.64299]]}},{"type":"Feature","properties":{"id":"906068401","nom":"Avenida Carrera 40","tipo":"secondary"},"geometry":{"type":"LineString","coordinates":[[-74.08919,4.63395],[-74.08923,4.63383],[-74.08936,4.63338]]}},{"type":"Feature","properties":{"id":"906068402","nom":"Avenida Calle 26","tipo":"primary"},"geometry":{"type":"LineString","coordinates":[[-74.089,4.63387],[-74.08889,4.63384],[-74.08782,4.63344]]}},{"type":"Feature","properties":{"id":"906068403","nom":"Avenida Calle 26","tipo":"primary"},"geometry":{"type":"LineString","coordinates":[[-74.08919,4.63395],[-74.089,4.63387]]}},{"type":"Feature","properties":{"id":"906536121","nom":"Avenida Calle 53","tipo":"secondary"},"geometry":{"type":"LineString","coordinates":[[-74.08475,4.6462],[-74.08534,4.64662]]}},{"type":"Feature","properties":{"id":"906536122","nom":"Avenida Calle 53","tipo":"secondary"},"geometry":{"type":"LineString","coordinates":[[-74.08534,4.64662],[-74.08594,4.64702],[-74.08597,4.64704],[-74.08606,4.6471]]}},{"type":"Feature","properties":{"id":"906541567","nom":"Avenida Calle 53","tipo":"secondary"},"geometry":{"type":"LineString","coordinates":[[-74.08306,4.64431],[-74.08255,4.64391],[-74.08245,4.64383],[-74.08238,4.64378]]}},{"type":"Feature","properties":{"id":"906541568","nom":"Avenida Calle 53","tipo":"secondary"},"geometry":{"type":"LineString","coordinates":[[-74.08407,4.64517],[-74.08401,4.6451],[-74.08397,4.64505],[-74.08392,4.64499],[-74.08386,4.64494],[-74.08306,4.64431]]}},{"type":"Feature","properties":{"id":"906541569","nom":"Avenida Calle 53","tipo":"secondary"},"geometry":{"type":"LineString","coordinates":[[-74.08564,4.64638],[-74.08535,4.64619],[-74.08494,4.64591]]}},{"type":"Feature","properties":{"id":"906541570","nom":"Avenida Calle 53","tipo":"secondary"},"geometry":{"type":"LineString","coordinates":[[-74.08619,4.64673],[-74.08612,4.64668],[-74.08564,4.64638]]}},{"type":"Feature","properties":{"id":"907265791","nom":"Avenida Calle 24","tipo":"secondary"},"geometry":{"type":"LineString","coordinates":[[-74.09782,4.63816],[-74.09802,4.63844]]}},{"type":"Feature","properties":{"id":"907265792","nom":"Avenida Carrera 50","tipo":"secondary"},"geometry":{"type":"LineString","coordinates":[[-74.09791,4.63768],[-74.0988,4.63711]]}},{"type":"Feature","properties":{"id":"907265793","nom":"Avenida Carrera 50","tipo":"secondary"},"geometry":{"type":"LineString","coordinates":[[-74.09774,4.6378],[-74.09779,4.63776],[-74.09791,4.63768]]}},{"type":"Feature","properties":{"id":"907265794","nom":"Avenida Carrera 50","tipo":"secondary"},"geometry":{"type":"LineString","coordinates":[[-74.09616,4.63883],[-74.09634,4.63871],[-74.09677,4.63843]]}},{"type":"Feature","properties":{"id":"907265795","nom":"Avenida Carrera 50","tipo":"secondary"},"geometry":{"type":"LineString","coordinates":[[-74.09677,4.63843],[-74.09742,4.63801]]}},{"type":"Feature","properties":{"id":"907265796","nom":"Avenida Carrera 50","tipo":"secondary"},"geometry":{"type":"LineString","coordinates":[[-74.09548,4.63931],[-74.09616,4.63883]]}},{"type":"Feature","properties":{"id":"907267683","nom":"Avenida Carrera 24","tipo":"secondary"},"geometry":{"type":"LineString","coordinates":[[-74.06663,4.6637],[-74.06623,4.66435],[-74.06603,4.66466],[-74.06601,4.66469],[-74.06598,4.66475]]}},{"type":"Feature","properties":{"id":"907267684","nom":"Avenida Carrera 24","tipo":"secondary"},"geometry":{"type":"LineString","coordinates":[[-74.06598,4.66475],[-74.06594,4.6648],[-74.06568,4.66521]]}},{"type":"Feature","properties":{"id":"907267685","nom":"Calle 74","tipo":"tertiary"},"geometry":{"type":"LineString","coordinates":[[-74.06536,4.66432],[-74.06531,4.66429],[-74.06453,4.6638],[-74.06449,4.66377]]}},{"type":"Feature","properties":{"id":"907267686","nom":"Calle 74","tipo":"tertiary"},"geometry":{"type":"LineString","coordinates":[[-74.06607,4.66481],[-74.06598,4.66475]]}},{"type":"Feature","properties":{"id":"907293306","nom":"Avenida Carrera 28","tipo":"secondary"},"geometry":{"type":"LineString","coordinates":[[-74.07938,4.63312],[-74.0794,4.63317],[-74.07941,4.63324],[-74.07942,4.63334]]}},{"type":"Feature","properties":{"id":"907293307","nom":"Avenida Carrera 28","tipo":"secondary"},"geometry":{"type":"LineString","coordinates":[[-74.07856,4.63083],[-74.07887,4.63171],[-74.07892,4.63187],[-74.07908,4.63227]]}},{"type":"Feature","properties":{"id":"907293308","nom":"Avenida Carrera 28","tipo":"secondary"},"geometry":{"type":"LineString","coordinates":[[-74.07796,4.6291],[-74.07811,4.62953],[-74.07817,4.62968],[-74.07836,4.63025],[-74.07847,4.63055],[-74.07856,4.63083]]}},{"type":"Feature","properties":{"id":"907666173","nom":"Avenida Calle 45","tipo":"secondary"},"geometry":{"type":"LineString","coordinates":[[-74.07501,4.63383],[-74.07467,4.63376],[-74.07406,4.63365],[-74.07402,4.63364],[-74.07393,4.63362]]}},{"type":"Feature","properties":{"id":"907666174","nom":"Avenida Carrera 24","tipo":"secondary"},"geometry":{"type":"LineString","coordinates":[[-74.07521,4.63358],[-74.07529,4.63375],[-74.0753,4.63379],[-74.07532,4.63382],[-74.07535,4.63388]]}},{"type":"Feature","properties":{"id":"907675869","nom":"Avenida Carrera 24","tipo":"secondary"},"geometry":{"type":"LineString","coordinates":[[-74.07545,4.63389],[-74.07546,4.63383],[-74.07549,4.63366],[-74.07549,4.63363],[-74.07549,4.63361],[-74.07549,4.63357],[-74.07549,4.63354]]}},{"type":"Feature","properties":{"id":"907675870","nom":"Avenida Carrera 24","tipo":"secondary"},"geometry":{"type":"LineString","coordinates":[[-74.07543,4.63407],[-74.07544,4.634]]}},{"type":"Feature","properties":{"id":"907692872","nom":"Avenida Carrera 50","tipo":"secondary"},"geometry":{"type":"LineString","coordinates":[[-74.08652,4.64635],[-74.08658,4.64621],[-74.08663,4.64607],[-74.08676,4.6458],[-74.08684,4.64564],[-74.0869,4.64554],[-74.087,4.64536],[-74.08717,4.64511],[-74.08738,4.64484]]}},{"type":"Feature","properties":{"id":"907692873","nom":"Avenida Calle 53","tipo":"secondary"},"geometry":{"type":"LineString","coordinates":[[-74.08676,4.64759],[-74.08752,4.64812]]}},{"type":"Feature","properties":{"id":"907692874","nom":"Avenida Calle 53","tipo":"secondary"},"geometry":{"type":"LineString","coordinates":[[-74.08619,4.64719],[-74.08625,4.64724],[-74.08637,4.64733],[-74.08676,4.64759]]}},{"type":"Feature","properties":{"id":"907692875","nom":"Avenida Carrera 50","tipo":"secondary"},"geometry":{"type":"LineString","coordinates":[[-74.08633,4.64682],[-74.08636,4.64675],[-74.08652,4.64635]]}},{"type":"Feature","properties":{"id":"907692876","nom":"Avenida Carrera 50","tipo":"secondary"},"geometry":{"type":"LineString","coordinates":[[-74.08559,4.64871],[-74.08595,4.64778]]}},{"type":"Feature","properties":{"id":"907692877","nom":"Avenida Carrera 50","tipo":"secondary"},"geometry":{"type":"LineString","coordinates":[[-74.08595,4.64778],[-74.08614,4.64731],[-74.08616,4.64725],[-74.08619,4.64719]]}},{"type":"Feature","properties":{"id":"907706915","nom":"Avenida Calle 53","tipo":"secondary"},"geometry":{"type":"LineString","coordinates":[[-74.08682,4.64717],[-74.08645,4.64691],[-74.08642,4.64688],[-74.08633,4.64682]]}},{"type":"Feature","properties":{"id":"907706916","nom":"Avenida Calle 53","tipo":"secondary"},"geometry":{"type":"LineString","coordinates":[[-74.0874,4.64757],[-74.08722,4.64745],[-74.08689,4.64721],[-74.08682,4.64717]]}},{"type":"Feature","properties":{"id":"907710113","nom":"Carrera 28","tipo":"tertiary"},"geometry":{"type":"LineString","coordinates":[[-74.07702,4.64413],[-74.07704,4.64403],[-74.07706,4.6439],[-74.07707,4.64381],[-74.07708,4.64379],[-74.07708,4.64376]]}},{"type":"Feature","properties":{"id":"907710114","nom":"Transversal 28","tipo":"secondary"},"geometry":{"type":"LineString","coordinates":[[-74.07407,4.64736],[-74.07411,4.64731],[-74.07419,4.64723],[-74.07488,4.6466]]}},{"type":"Feature","properties":{"id":"907969687","nom":"Avenida Carrera 28","tipo":"secondary"},"geometry":{"type":"LineString","coordinates":[[-74.07625,4.62422],[-74.07626,4.62426],[-74.07653,4.62507]]}},{"type":"Feature","properties":{"id":"908061139","nom":"Avenida Carrera 24","tipo":"secondary"},"geometry":{"type":"LineString","coordinates":[[-74.07252,4.65097],[-74.07252,4.65091],[-74.07256,4.65072],[-74.07259,4.65053],[-74.07261,4.65044],[-74.07265,4.65027]]}},{"type":"Feature","properties":{"id":"908061140","nom":"Avenida Carrera 24","tipo":"secondary"},"geometry":{"type":"LineString","coordinates":[[-74.0724,4.65167],[-74.07248,4.65117],[-74.07249,4.65112],[-74.0725,4.65107]]}},{"type":"Feature","properties":{"id":"908231866","nom":"Avenida Calle 53","tipo":"secondary"},"geometry":{"type":"LineString","coordinates":[[-74.06617,4.64034],[-74.06613,4.64034],[-74.06606,4.64033],[-74.06569,4.64026],[-74.06555,4.64024],[-74.06516,4.64016],[-74.06508,4.64015]]}},{"type":"Feature","properties":{"id":"908266295","nom":"Avenida Carrera 19","tipo":"secondary"},"geometry":{"type":"LineString","coordinates":[[-74.07197,4.63326],[-74.07198,4.63321],[-74.07208,4.63268]]}},{"type":"Feature","properties":{"id":"908266296","nom":"Avenida Calle 45","tipo":"secondary"},"geometry":{"type":"LineString","coordinates":[[-74.07132,4.63314],[-74.07085,4.63305],[-74.07061,4.63301],[-74.07052,4.63299]]}},{"type":"Feature","properties":{"id":"908285941","nom":"Avenida Carrera 60","tipo":"secondary"},"geometry":{"type":"LineString","coordinates":[[-74.09884,4.64714],[-74.09887,4.64727],[-74.09887,4.64734],[-74.09888,4.6474],[-74.09887,4.64751],[-74.09884,4.64763],[-74.09881,4.64769],[-74.09875,4.64776]]}},{"type":"Feature","properties":{"id":"908285942","nom":"Avenida Calle 26","tipo":"primary"},"geometry":{"type":"LineString","coordinates":[[-74.09884,4.64714],[-74.0995,4.64819]]}},{"type":"Feature","properties":{"id":"908285943","nom":"Avenida Calle 26","tipo":"primary"},"geometry":{"type":"LineString","coordinates":[[-74.09825,4.64623],[-74.09849,4.64661],[-74.09884,4.64714]]}},{"type":"Feature","properties":{"id":"908285944","nom":"Avenida Calle 26","tipo":"primary"},"geometry":{"type":"LineString","coordinates":[[-74.0995,4.64819],[-74.10038,4.64955],[-74.10068,4.65002],[-74.10082,4.65024]]}},{"type":"Feature","properties":{"id":"908291781","nom":"Avenida Calle 26","tipo":"primary"},"geometry":{"type":"LineString","coordinates":[[-74.09927,4.6475],[-74.09981,4.64829],[-74.10018,4.64884],[-74.10058,4.64946]]}},{"type":"Feature","properties":{"id":"908291782","nom":"Avenida Calle 26","tipo":"primary"},"geometry":{"type":"LineString","coordinates":[[-74.09742,4.64456],[-74.09798,4.64545],[-74.09809,4.64562],[-74.09842,4.64614],[-74.09881,4.64679],[-74.09927,4.6475]]}},{"type":"Feature","properties":{"id":"908291783","nom":"Avenida Calle 26","tipo":"primary"},"geometry":{"type":"LineString","coordinates":[[-74.08903,4.6342],[-74.08995,4.63455],[-74.09044,4.63475],[-74.09059,4.63483],[-74.09074,4.63492],[-74.09108,4.63514],[-74.09123,4.63525],[-74.09136,4.63537],[-74.09152,4.63551],[-74.09164,4.63565],[-74.09175,4.63578],[-74.09185,4.6359],[-74.09226,4.63649],[-74.09252,4.63688]]}},{"type":"Feature","properties":{"id":"908298289","nom":"","tipo":"primary_link"},"geometry":{"type":"LineString","coordinates":[[-74.09758,4.64344],[-74.09749,4.64335],[-74.09741,4.64328],[-74.09721,4.64312],[-74.09716,4.64308],[-74.09711,4.64303],[-74.09689,4.6428]]}},{"type":"Feature","properties":{"id":"908298291","nom":"","tipo":"primary_link"},"geometry":{"type":"LineString","coordinates":[[-74.09897,4.64561],[-74.09827,4.64452],[-74.0981,4.64425],[-74.09804,4.64416]]}},{"type":"Feature","properties":{"id":"908310505","nom":"Carrera 33","tipo":"secondary"},"geometry":{"type":"LineString","coordinates":[[-74.08315,4.63006],[-74.08325,4.63],[-74.08354,4.62981]]}},{"type":"Feature","properties":{"id":"908310506","nom":"Avenida Calle 26","tipo":"primary"},"geometry":{"type":"LineString","coordinates":[[-74.08356,4.63069],[-74.08344,4.63051],[-74.0833,4.6303],[-74.08326,4.63024],[-74.08323,4.63019],[-74.08319,4.63013]]}},{"type":"Feature","properties":{"id":"908314680","nom":"Carrera 18","tipo":"tertiary"},"geometry":{"type":"LineString","coordinates":[[-74.06926,4.64465],[-74.06927,4.64459],[-74.06937,4.64401]]}},{"type":"Feature","properties":{"id":"908314681","nom":"Carrera 18","tipo":"tertiary"},"geometry":{"type":"LineString","coordinates":[[-74.06924,4.64476],[-74.06925,4.64473],[-74.06926,4.64467],[-74.06926,4.64465]]}},{"type":"Feature","properties":{"id":"908314682","nom":"Avenida Calle 57","tipo":"secondary"},"geometry":{"type":"LineString","coordinates":[[-74.0699,4.64476],[-74.06938,4.64467],[-74.06934,4.64466],[-74.06926,4.64465]]}},{"type":"Feature","properties":{"id":"908314683","nom":"Avenida Calle 57","tipo":"secondary"},"geometry":{"type":"LineString","coordinates":[[-74.07066,4.64489],[-74.07061,4.64488],[-74.0699,4.64476]]}},{"type":"Feature","properties":{"id":"908327195","nom":"Carrera 33","tipo":"secondary"},"geometry":{"type":"LineString","coordinates":[[-74.08277,4.63014],[-74.0827,4.63019],[-74.08235,4.63041],[-74.08218,4.63052],[-74.08201,4.63062],[-74.08197,4.63065]]}},{"type":"Feature","properties":{"id":"908327196","nom":"Carrera 33","tipo":"secondary"},"geometry":{"type":"LineString","coordinates":[[-74.0851,4.62859],[-74.08506,4.62862],[-74.08369,4.62954],[-74.08344,4.62971],[-74.08335,4.62977]]}},{"type":"Feature","properties":{"id":"908327197","nom":"Carrera 33","tipo":"secondary"},"geometry":{"type":"LineString","coordinates":[[-74.08335,4.62977],[-74.0832,4.62986],[-74.08316,4.62988],[-74.08307,4.62994]]}},{"type":"Feature","properties":{"id":"908347052","nom":"Transversal 24","tipo":"secondary"},"geometry":{"type":"LineString","coordinates":[[-74.07246,4.64531],[-74.07245,4.64536],[-74.07245,4.64541],[-74.07243,4.64555],[-74.07243,4.64568],[-74.07243,4.64581],[-74.07244,4.64593],[-74.07244,4.646],[-74.07245,4.64606]]}},{"type":"Feature","properties":{"id":"908347053","nom":"Transversal 24","tipo":"secondary"},"geometry":{"type":"LineString","coordinates":[[-74.07248,4.6452],[-74.07247,4.64522],[-74.07246,4.64528],[-74.07246,4.64531]]}},{"type":"Feature","properties":{"id":"908347054","nom":"Avenida Calle 57","tipo":"secondary"},"geometry":{"type":"LineString","coordinates":[[-74.07246,4.64531],[-74.07255,4.64532],[-74.07298,4.64539],[-74.07322,4.64544],[-74.07326,4.64544],[-74.0733,4.64545]]}},{"type":"Feature","properties":{"id":"908347055","nom":"Avenida Calle 57","tipo":"secondary"},"geometry":{"type":"LineString","coordinates":[[-74.07248,4.6452],[-74.07241,4.64519],[-74.07181,4.64509]]}},{"type":"Feature","properties":{"id":"908347056","nom":"Transversal 24","tipo":"secondary"},"geometry":{"type":"LineString","coordinates":[[-74.0727,4.64454],[-74.07263,4.64468],[-74.07258,4.64482],[-74.07254,4.64494],[-74.07251,4.64506],[-74.0725,4.6451],[-74.07249,4.64514],[-74.07248,4.6452]]}},{"type":"Feature","properties":{"id":"908370218","nom":"Avenida Calle 26","tipo":"primary"},"geometry":{"type":"LineString","coordinates":[[-74.08246,4.62952],[-74.08254,4.62972],[-74.08258,4.62981],[-74.08264,4.62995],[-74.0827,4.63005],[-74.08272,4.63007],[-74.08277,4.63014]]}},{"type":"Feature","properties":{"id":"908370219","nom":"Avenida Calle 26","tipo":"primary"},"geometry":{"type":"LineString","coordinates":[[-74.08286,4.63025],[-74.08291,4.63032],[-74.08299,4.63041],[-74.08304,4.63045],[-74.08307,4.63049],[-74.08316,4.63061],[-74.08334,4.63087]]}},{"type":"Feature","properties":{"id":"908370220","nom":"Avenida Calle 26","tipo":"primary"},"geometry":{"type":"LineString","coordinates":[[-74.08277,4.63014],[-74.08286,4.63025]]}},{"type":"Feature","properties":{"id":"908377222","nom":"Avenida Carrera 50","tipo":"secondary"},"geometry":{"type":"LineString","coordinates":[[-74.09642,4.63851],[-74.09624,4.63863],[-74.09602,4.63877]]}},{"type":"Feature","properties":{"id":"908377223","nom":"Avenida Carrera 50","tipo":"secondary"},"geometry":{"type":"LineString","coordinates":[[-74.09728,4.63795],[-74.09715,4.63803],[-74.09642,4.63851]]}},{"type":"Feature","properties":{"id":"908377224","nom":"Avenida Carrera 50","tipo":"secondary"},"geometry":{"type":"LineString","coordinates":[[-74.09946,4.63656],[-74.09942,4.63658],[-74.0986,4.6371],[-74.09792,4.63754]]}},{"type":"Feature","properties":{"id":"908377225","nom":"Avenida Carrera 50","tipo":"secondary"},"geometry":{"type":"LineString","coordinates":[[-74.10072,4.63547],[-74.1007,4.63549],[-74.10068,4.63552],[-74.10056,4.63564],[-74.10032,4.63589],[-74.10014,4.63604],[-74.09996,4.63618],[-74.09966,4.63642],[-74.09955,4.63649],[-74.09946,4.63656]]}},{"type":"Feature","properties":{"id":"908382621","nom":"Avenida Carrera 50","tipo":"secondary"},"geometry":{"type":"LineString","coordinates":[[-74.09949,4.63668],[-74.09969,4.63653],[-74.09976,4.63648]]}},{"type":"Feature","properties":{"id":"908382622","nom":"Calle 22A","tipo":"residential"},"geometry":{"type":"LineString","coordinates":[[-74.09949,4.63668],[-74.09953,4.63668],[-74.09957,4.63669],[-74.0996,4.63671],[-74.09964,4.63673]]}},{"type":"Feature","properties":{"id":"908382623","nom":"Avenida Carrera 50","tipo":"secondary"},"geometry":{"type":"LineString","coordinates":[[-74.0988,4.63711],[-74.09928,4.6368],[-74.09949,4.63668]]}},{"type":"Feature","properties":{"id":"908389536","nom":"Avenida Calle 26","tipo":"primary"},"geometry":{"type":"LineString","coordinates":[[-74.08184,4.62807],[-74.08171,4.62789],[-74.08163,4.62778]]}},{"type":"Feature","properties":{"id":"908389537","nom":"Avenida Calle 26","tipo":"primary"},"geometry":{"type":"LineString","coordinates":[[-74.08307,4.62994],[-74.08302,4.62987],[-74.08292,4.62972],[-74.08258,4.62922]]}},{"type":"Feature","properties":{"id":"908389538","nom":"Avenida Carrera 30","tipo":"trunk"},"geometry":{"type":"LineString","coordinates":[[-74.08229,4.62599],[-74.08254,4.62571],[-74.08267,4.6256],[-74.08309,4.62529]]}},{"type":"Feature","properties":{"id":"908389539","nom":"Avenida Carrera 30","tipo":"trunk"},"geometry":{"type":"LineString","coordinates":[[-74.08167,4.62644],[-74.0819,4.62626],[-74.08216,4.62609],[-74.08229,4.62599]]}},{"type":"Feature","properties":{"id":"908397306","nom":"Avenida Calle 26","tipo":"primary"},"geometry":{"type":"LineString","coordinates":[[-74.08084,4.62656],[-74.08075,4.62643],[-74.08067,4.62631],[-74.08045,4.62599]]}},{"type":"Feature","properties":{"id":"908397307","nom":"Avenida Calle 26","tipo":"primary"},"geometry":{"type":"LineString","coordinates":[[-74.08036,4.62586],[-74.08028,4.62574],[-74.07975,4.62501],[-74.07962,4.62483]]}},{"type":"Feature","properties":{"id":"908413662","nom":"Calle 27A","tipo":"residential"},"geometry":{"type":"LineString","coordinates":[[-74.08197,4.63065],[-74.08196,4.63063],[-74.08151,4.62994]]}},{"type":"Feature","properties":{"id":"908558298","nom":"Avenida Calle 45","tipo":"secondary"},"geometry":{"type":"LineString","coordinates":[[-74.06915,4.63274],[-74.06878,4.63268],[-74.06877,4.63267],[-74.06873,4.63267]]}},{"type":"Feature","properties":{"id":"908558299","nom":"Avenida Calle 45","tipo":"secondary"},"geometry":{"type":"LineString","coordinates":[[-74.06972,4.63284],[-74.06959,4.63282],[-74.06958,4.63282],[-74.06915,4.63274]]}},{"type":"Feature","properties":{"id":"908558300","nom":"Avenida Calle 45","tipo":"secondary"},"geometry":{"type":"LineString","coordinates":[[-74.07036,4.63296],[-74.07028,4.63295],[-74.06972,4.63284]]}},{"type":"Feature","properties":{"id":"908653677","nom":"Avenida Calle 45","tipo":"secondary"},"geometry":{"type":"LineString","coordinates":[[-74.06968,4.63293],[-74.07003,4.633],[-74.07023,4.63303],[-74.07026,4.63304],[-74.07028,4.63304],[-74.07045,4.63307]]}},{"type":"Feature","properties":{"id":"908653678","nom":"Avenida Calle 45","tipo":"secondary"},"geometry":{"type":"LineString","coordinates":[[-74.07045,4.63307],[-74.07062,4.6331]]}},{"type":"Feature","properties":{"id":"908678805","nom":"Avenida Carrera 13","tipo":"secondary"},"geometry":{"type":"LineString","coordinates":[[-74.06711,4.62802],[-74.06715,4.62775]]}},{"type":"Feature","properties":{"id":"908678806","nom":"Avenida Carrera 13","tipo":"secondary"},"geometry":{"type":"LineString","coordinates":[[-74.06715,4.62775],[-74.0672,4.62736],[-74.06721,4.62732]]}},{"type":"Feature","properties":{"id":"908678807","nom":"Avenida Carrera 13","tipo":"secondary"},"geometry":{"type":"LineString","coordinates":[[-74.06724,4.62713],[-74.06724,4.6271],[-74.06732,4.62661],[-74.06743,4.62595]]}},{"type":"Feature","properties":{"id":"908712601","nom":"Avenida Carrera 30","tipo":"trunk"},"geometry":{"type":"LineString","coordinates":[[-74.07929,4.63511],[-74.07925,4.63574]]}},{"type":"Feature","properties":{"id":"908712602","nom":"Avenida Calle 45","tipo":"secondary"},"geometry":{"type":"LineString","coordinates":[[-74.07599,4.63408],[-74.07678,4.63422],[-74.07741,4.63434]]}},{"type":"Feature","properties":{"id":"908719051","nom":"Carrera 36A","tipo":"residential"},"geometry":{"type":"LineString","coordinates":[[-74.08165,4.64339],[-74.08161,4.64345],[-74.08161,4.64345],[-74.08154,4.64355],[-74.08149,4.64364],[-74.08147,4.64372],[-74.08145,4.64379],[-74.0814,4.64455]]}},{"type":"Feature","properties":{"id":"908719052","nom":"Avenida Calle 53","tipo":"secondary"},"geometry":{"type":"LineString","coordinates":[[-74.08111,4.64315],[-74.08126,4.6432],[-74.08137,4.64323],[-74.08144,4.64326],[-74.08151,4.6433],[-74.08158,4.64334],[-74.08165,4.64339]]}},{"type":"Feature","properties":{"id":"908719053","nom":"Avenida Calle 53","tipo":"secondary"},"geometry":{"type":"LineString","coordinates":[[-74.08046,4.64299],[-74.08055,4.64301],[-74.08068,4.64304],[-74.08111,4.64315]]}},{"type":"Feature","properties":{"id":"908923549","nom":"","tipo":"primary_link"},"geometry":{"type":"LineString","coordinates":[[-74.0926,4.6371],[-74.09282,4.63775]]}},{"type":"Feature","properties":{"id":"908923550","nom":"Avenida Calle 26","tipo":"primary"},"geometry":{"type":"LineString","coordinates":[[-74.09252,4.63688],[-74.0934,4.63826],[-74.09368,4.63864],[-74.09401,4.63908],[-74.0955,4.64141],[-74.09582,4.64202],[-74.09621,4.64264],[-74.09658,4.64322],[-74.09704,4.64394],[-74.09742,4.64456]]}},{"type":"Feature","properties":{"id":"909477771","nom":"Avenida Calle 53","tipo":"secondary"},"geometry":{"type":"LineString","coordinates":[[-74.07644,4.64218],[-74.07599,4.6421],[-74.07592,4.64209]]}},{"type":"Feature","properties":{"id":"909477772","nom":"Carrera 28","tipo":"tertiary"},"geometry":{"type":"LineString","coordinates":[[-74.07729,4.64233],[-74.07729,4.64229],[-74.07728,4.64184]]}},{"type":"Feature","properties":{"id":"909477773","nom":"Avenida Calle 53","tipo":"secondary"},"geometry":{"type":"LineString","coordinates":[[-74.07769,4.6424],[-74.07748,4.64237],[-74.07741,4.64235],[-74.07729,4.64233]]}},{"type":"Feature","properties":{"id":"909538347","nom":"Avenida Carrera 13","tipo":"secondary"},"geometry":{"type":"LineString","coordinates":[[-74.06508,4.64015],[-74.06517,4.63963]]}},{"type":"Feature","properties":{"id":"909538348","nom":"Avenida Carrera 13","tipo":"secondary"},"geometry":{"type":"LineString","coordinates":[[-74.06507,4.64024],[-74.06507,4.64019],[-74.06508,4.64015]]}},{"type":"Feature","properties":{"id":"909582282","nom":"Avenida Calle 53","tipo":"secondary"},"geometry":{"type":"LineString","coordinates":[[-74.06733,4.64054],[-74.06697,4.64047],[-74.06653,4.6404],[-74.06647,4.64039]]}},{"type":"Feature","properties":{"id":"909618850","nom":"Carrera 16","tipo":"residential"},"geometry":{"type":"LineString","coordinates":[[-74.06627,4.65259],[-74.06627,4.65262],[-74.06617,4.65316]]}},{"type":"Feature","properties":{"id":"909618851","nom":"Carrera 16","tipo":"residential"},"geometry":{"type":"LineString","coordinates":[[-74.06654,4.65104],[-74.0664,4.65185],[-74.06629,4.65248],[-74.06628,4.65254],[-74.06627,4.65259]]}},{"type":"Feature","properties":{"id":"909618852","nom":"Calle 64","tipo":"tertiary"},"geometry":{"type":"LineString","coordinates":[[-74.06579,4.65229],[-74.06587,4.65234],[-74.06615,4.65251],[-74.06622,4.65255],[-74.06627,4.65259]]}},{"type":"Feature","properties":{"id":"909632771","nom":"Avenida Calle 63","tipo":"secondary"},"geometry":{"type":"LineString","coordinates":[[-74.07439,4.65133],[-74.07434,4.65132],[-74.0739,4.65123],[-74.07343,4.65114]]}},{"type":"Feature","properties":{"id":"910261128","nom":"Avenida Calle 26","tipo":"primary"},"geometry":{"type":"LineString","coordinates":[[-74.09509,4.64046],[-74.09478,4.63999],[-74.09418,4.63899],[-74.0939,4.63851]]}},{"type":"Feature","properties":{"id":"910261129","nom":"Avenida Calle 26","tipo":"primary"},"geometry":{"type":"LineString","coordinates":[[-74.0939,4.63851],[-74.09372,4.63823],[-74.09323,4.63739],[-74.09261,4.63632],[-74.0924,4.63602],[-74.09233,4.63594],[-74.09211,4.63568],[-74.09185,4.63541],[-74.09175,4.63532],[-74.09172,4.63529],[-74.09164,4.63523],[-74.0914,4.63502],[-74.09121,4.63489],[-74.09109,4.63481],[-74.09099,4.63475],[-74.0908,4.63464],[-74.09056,4.63452],[-74.09035,4.63442],[-74.09024,4.63436],[-74.09004,4.63426]]}},{"type":"Feature","properties":{"id":"910328730","nom":"Avenida Calle 63","tipo":"secondary"},"geometry":{"type":"LineString","coordinates":[[-74.08016,4.65246],[-74.08081,4.65261]]}},{"type":"Feature","properties":{"id":"910328731","nom":"Avenida Calle 63","tipo":"secondary"},"geometry":{"type":"LineString","coordinates":[[-74.07969,4.65234],[-74.08016,4.65246]]}},{"type":"Feature","properties":{"id":"910328732","nom":"Avenida Carrera 30","tipo":"trunk"},"geometry":{"type":"LineString","coordinates":[[-74.07848,4.65369],[-74.07856,4.65305]]}},{"type":"Feature","properties":{"id":"910328733","nom":"Avenida Carrera 30","tipo":"trunk"},"geometry":{"type":"LineString","coordinates":[[-74.07828,4.6557],[-74.07836,4.65495],[-74.07838,4.65483]]}},{"type":"Feature","properties":{"id":"910328734","nom":"Avenida Carrera 30","tipo":"trunk"},"geometry":{"type":"LineString","coordinates":[[-74.07838,4.65483],[-74.07845,4.65395],[-74.07848,4.65369]]}},{"type":"Feature","properties":{"id":"910328735","nom":"Avenida Carrera 30","tipo":"trunk"},"geometry":{"type":"LineString","coordinates":[[-74.07861,4.65242],[-74.07863,4.6522],[-74.07864,4.65182],[-74.07864,4.65178]]}},{"type":"Feature","properties":{"id":"910328736","nom":"Avenida Carrera 30","tipo":"trunk"},"geometry":{"type":"LineString","coordinates":[[-74.07703,4.66237],[-74.07715,4.66206],[-74.07723,4.66178],[-74.07745,4.66105],[-74.07747,4.66099],[-74.07749,4.66089],[-74.07752,4.66078],[-74.07756,4.66067],[-74.07771,4.66018],[-74.07777,4.65994],[-74.07782,4.65975],[-74.07798,4.6587],[-74.078,4.6586],[-74.07802,4.65845],[-74.07804,4.65833],[-74.07806,4.65822],[-74.07807,4.65809],[-74.07808,4.65801],[-74.07813,4.65737],[-74.07818,4.65678],[-74.07819,4.65665],[-74.07828,4.6557]]}},{"type":"Feature","properties":{"id":"910614642","nom":"Avenida Calle 63","tipo":"secondary"},"geometry":{"type":"LineString","coordinates":[[-74.09276,4.66536],[-74.09161,4.66369]]}},{"type":"Feature","properties":{"id":"910791906","nom":"Avenida Calle 63","tipo":"secondary"},"geometry":{"type":"LineString","coordinates":[[-74.08232,4.65286],[-74.08223,4.65283],[-74.08209,4.65277],[-74.08196,4.65273],[-74.08185,4.65269],[-74.08172,4.65265],[-74.08139,4.6526],[-74.08105,4.65254],[-74.08095,4.65252],[-74.08073,4.65247],[-74.08068,4.65246]]}},{"type":"Feature","properties":{"id":"910791907","nom":"Avenida Calle 63","tipo":"secondary"},"geometry":{"type":"LineString","coordinates":[[-74.08041,4.65241],[-74.08007,4.65235],[-74.0797,4.65229]]}},{"type":"Feature","properties":{"id":"910791908","nom":"Avenida Calle 63","tipo":"secondary"},"geometry":{"type":"LineString","coordinates":[[-74.08068,4.65246],[-74.08041,4.65241]]}},{"type":"Feature","properties":{"id":"910791909","nom":"Avenida Carrera 30","tipo":"trunk"},"geometry":{"type":"LineString","coordinates":[[-74.07864,4.65178],[-74.07863,4.65168],[-74.07862,4.6516],[-74.07862,4.65152],[-74.07862,4.65146],[-74.07863,4.65124],[-74.07871,4.65025]]}},{"type":"Feature","properties":{"id":"910791910","nom":"Avenida Carrera 30","tipo":"trunk"},"geometry":{"type":"LineString","coordinates":[[-74.07812,4.65114],[-74.07809,4.65153]]}},{"type":"Feature","properties":{"id":"910813684","nom":"Avenida Calle 53","tipo":"secondary"},"geometry":{"type":"LineString","coordinates":[[-74.06646,4.64046],[-74.06727,4.64061],[-74.06732,4.64061]]}},{"type":"Feature","properties":{"id":"911209614","nom":"Carrera 33","tipo":"secondary"},"geometry":{"type":"LineString","coordinates":[[-74.08169,4.631],[-74.08205,4.63077]]}},{"type":"Feature","properties":{"id":"913151931","nom":"Avenida Carrera 30","tipo":"trunk"},"geometry":{"type":"LineString","coordinates":[[-74.07802,4.65245],[-74.07798,4.65295]]}},{"type":"Feature","properties":{"id":"913151932","nom":"Avenida Calle 63","tipo":"secondary"},"geometry":{"type":"LineString","coordinates":[[-74.07583,4.65169],[-74.07605,4.65173]]}},{"type":"Feature","properties":{"id":"913151933","nom":"Avenida Calle 63","tipo":"secondary"},"geometry":{"type":"LineString","coordinates":[[-74.07605,4.65173],[-74.07651,4.65181],[-74.07727,4.65192]]}},{"type":"Feature","properties":{"id":"913482026","nom":"Carrera 45","tipo":"tertiary"},"geometry":{"type":"LineString","coordinates":[[-74.08384,4.6451],[-74.08384,4.64517],[-74.08384,4.64523],[-74.08382,4.64536]]}},{"type":"Feature","properties":{"id":"913855330","nom":"Avenida Calle 57","tipo":"secondary"},"geometry":{"type":"LineString","coordinates":[[-74.06446,4.64389],[-74.0645,4.6439],[-74.06548,4.64408],[-74.0655,4.64409],[-74.06553,4.64409]]}},{"type":"Feature","properties":{"id":"914722908","nom":"Calle 44","tipo":"tertiary"},"geometry":{"type":"LineString","coordinates":[[-74.10092,4.65449],[-74.10056,4.65424],[-74.10043,4.65415],[-74.10033,4.65408],[-74.09907,4.65321],[-74.09902,4.65317]]}},{"type":"Feature","properties":{"id":"914723358","nom":"Calle 44","tipo":"tertiary"},"geometry":{"type":"LineString","coordinates":[[-74.09886,4.65317],[-74.0989,4.6532],[-74.09894,4.65322],[-74.09896,4.65324],[-74.09902,4.65328]]}},{"type":"Feature","properties":{"id":"914730266","nom":"Transversal 28","tipo":"secondary"},"geometry":{"type":"LineString","coordinates":[[-74.07535,4.6458],[-74.07491,4.64622]]}},{"type":"Feature","properties":{"id":"914730267","nom":"Transversal 28","tipo":"secondary"},"geometry":{"type":"LineString","coordinates":[[-74.07555,4.64597],[-74.07562,4.6459]]}},{"type":"Feature","properties":{"id":"914730268","nom":"Transversal 28","tipo":"secondary"},"geometry":{"type":"LineString","coordinates":[[-74.07542,4.64573],[-74.07539,4.64577],[-74.07535,4.6458]]}},{"type":"Feature","properties":{"id":"914730269","nom":"Avenida Calle 57","tipo":"secondary"},"geometry":{"type":"LineString","coordinates":[[-74.07535,4.6458],[-74.07555,4.64597]]}},{"type":"Feature","properties":{"id":"914730270","nom":"Transversal 28","tipo":"secondary"},"geometry":{"type":"LineString","coordinates":[[-74.07491,4.64622],[-74.07449,4.64672],[-74.07407,4.64719],[-74.07404,4.64722],[-74.07399,4.64727]]}},{"type":"Feature","properties":{"id":"914734957","nom":"Diagonal 40A","tipo":"tertiary"},"geometry":{"type":"LineString","coordinates":[[-74.07022,4.6294],[-74.07027,4.62944],[-74.07106,4.63008]]}},{"type":"Feature","properties":{"id":"914734958","nom":"Carrera 16","tipo":"residential"},"geometry":{"type":"LineString","coordinates":[[-74.07022,4.6294],[-74.07021,4.62944],[-74.07014,4.62987],[-74.07012,4.62993],[-74.07012,4.62997],[-74.07011,4.63002],[-74.0701,4.63005]]}},{"type":"Feature","properties":{"id":"914734959","nom":"Carrera 16","tipo":"residential"},"geometry":{"type":"LineString","coordinates":[[-74.07031,4.62891],[-74.07028,4.62908],[-74.07025,4.62922],[-74.07024,4.62928]]}},{"type":"Feature","properties":{"id":"914737893","nom":"Avenida Calle 24","tipo":"secondary"},"geometry":{"type":"LineString","coordinates":[[-74.09817,4.63843],[-74.09793,4.63808]]}},{"type":"Feature","properties":{"id":"914737895","nom":"Avenida Calle 24","tipo":"secondary"},"geometry":{"type":"LineString","coordinates":[[-74.09967,4.64081],[-74.09976,4.64093],[-74.10079,4.64239],[-74.10085,4.64248],[-74.10169,4.64365],[-74.10173,4.64372]]}},{"type":"Feature","properties":{"id":"914737896","nom":"Avenida Calle 24","tipo":"secondary"},"geometry":{"type":"LineString","coordinates":[[-74.09802,4.63844],[-74.09821,4.63872],[-74.09865,4.63935],[-74.09911,4.64002]]}},{"type":"Feature","properties":{"id":"914827858","nom":"Avenida Calle 63","tipo":"secondary"},"geometry":{"type":"LineString","coordinates":[[-74.06673,4.64995],[-74.0667,4.64994],[-74.06588,4.64979],[-74.06573,4.64976]]}},{"type":"Feature","properties":{"id":"914850184","nom":"Calle 27A","tipo":"residential"},"geometry":{"type":"LineString","coordinates":[[-74.08205,4.63077],[-74.08197,4.63065]]}},{"type":"Feature","properties":{"id":"914855461","nom":"Carrera 33","tipo":"secondary"},"geometry":{"type":"LineString","coordinates":[[-74.08197,4.63065],[-74.08162,4.63088]]}},{"type":"Feature","properties":{"id":"914966219","nom":"Avenida Calle 57","tipo":"secondary"},"geometry":{"type":"LineString","coordinates":[[-74.06575,4.64413],[-74.06579,4.64414],[-74.06651,4.64427]]}},{"type":"Feature","properties":{"id":"914966220","nom":"Avenida Calle 57","tipo":"secondary"},"geometry":{"type":"LineString","coordinates":[[-74.06763,4.64447],[-74.06772,4.64449],[-74.06814,4.64456],[-74.06852,4.64463],[-74.06854,4.64463],[-74.06863,4.64465]]}},{"type":"Feature","properties":{"id":"914970975","nom":"Avenida Carrera 19","tipo":"secondary"},"geometry":{"type":"LineString","coordinates":[[-74.0725,4.63001],[-74.07244,4.63036],[-74.07237,4.63071],[-74.07233,4.63093],[-74.07232,4.631],[-74.07232,4.63101],[-74.0723,4.6311]]}},{"type":"Feature","properties":{"id":"914970976","nom":"Avenida Carrera 19","tipo":"secondary"},"geometry":{"type":"LineString","coordinates":[[-74.07286,4.62795],[-74.07286,4.62799],[-74.07286,4.62804],[-74.07285,4.62812],[-74.07282,4.62831],[-74.07281,4.62837],[-74.07265,4.62915]]}},{"type":"Feature","properties":{"id":"914970977","nom":"Calle 40","tipo":"residential"},"geometry":{"type":"LineString","coordinates":[[-74.0749,4.63043],[-74.07486,4.63042],[-74.07437,4.63034],[-74.07389,4.63025]]}},{"type":"Feature","properties":{"id":"914970978","nom":"Calle 40","tipo":"residential"},"geometry":{"type":"LineString","coordinates":[[-74.0725,4.63001],[-74.07248,4.63001],[-74.07193,4.62991],[-74.07149,4.62978]]}},{"type":"Feature","properties":{"id":"914970979","nom":"Avenida Carrera 19","tipo":"secondary"},"geometry":{"type":"LineString","coordinates":[[-74.07271,4.62916],[-74.07283,4.62849],[-74.07286,4.62837],[-74.07287,4.62832],[-74.07293,4.62798]]}},{"type":"Feature","properties":{"id":"914970980","nom":"Avenida Carrera 19","tipo":"secondary"},"geometry":{"type":"LineString","coordinates":[[-74.07256,4.63002],[-74.07256,4.62999],[-74.07271,4.62916]]}},{"type":"Feature","properties":{"id":"914970981","nom":"Calle 39B","tipo":"residential"},"geometry":{"type":"LineString","coordinates":[[-74.07099,4.62886],[-74.07166,4.62898],[-74.07208,4.62905],[-74.07263,4.62914],[-74.07265,4.62915]]}},{"type":"Feature","properties":{"id":"914970982","nom":"Calle 39B","tipo":"residential"},"geometry":{"type":"LineString","coordinates":[[-74.07271,4.62916],[-74.07275,4.62916],[-74.07336,4.62927],[-74.0734,4.62927],[-74.07346,4.62929],[-74.07405,4.62939],[-74.07495,4.62954],[-74.07498,4.62955]]}},{"type":"Feature","properties":{"id":"914970983","nom":"Avenida Carrera 19","tipo":"secondary"},"geometry":{"type":"LineString","coordinates":[[-74.07235,4.63115],[-74.07237,4.63106],[-74.07238,4.63102],[-74.07243,4.63074],[-74.0725,4.63036],[-74.07256,4.63002]]}},{"type":"Feature","properties":{"id":"914972870","nom":"Avenida Calle 45","tipo":"secondary"},"geometry":{"type":"LineString","coordinates":[[-74.07062,4.6331],[-74.0708,4.63314]]}},{"type":"Feature","properties":{"id":"914979626","nom":"Avenida Carrera 50","tipo":"secondary"},"geometry":{"type":"LineString","coordinates":[[-74.09756,4.63777],[-74.09751,4.6378],[-74.09728,4.63795]]}},{"type":"Feature","properties":{"id":"914979627","nom":"Avenida Carrera 50","tipo":"secondary"},"geometry":{"type":"LineString","coordinates":[[-74.09792,4.63754],[-74.09776,4.63764],[-74.09773,4.63766],[-74.09767,4.6377]]}},{"type":"Feature","properties":{"id":"914979628","nom":"Avenida Calle 24","tipo":"secondary"},"geometry":{"type":"LineString","coordinates":[[-74.0975,4.63746],[-74.09688,4.6366],[-74.09675,4.63641],[-74.09638,4.63589],[-74.09607,4.63546],[-74.09575,4.63501],[-74.09539,4.63451],[-74.09502,4.63396],[-74.09479,4.63362],[-74.09478,4.6336],[-74.09471,4.6335],[-74.09412,4.63263],[-74.09382,4.63218],[-74.09377,4.63212]]}},{"type":"Feature","properties":{"id":"914979629","nom":"Avenida Carrera 50","tipo":"secondary"},"geometry":{"type":"LineString","coordinates":[[-74.09742,4.63801],[-74.09755,4.63792],[-74.09757,4.6379],[-74.09763,4.63787]]}},{"type":"Feature","properties":{"id":"915154161","nom":"Carrera 33","tipo":"secondary"},"geometry":{"type":"LineString","coordinates":[[-74.07991,4.63221],[-74.08001,4.63215],[-74.08007,4.63211]]}},{"type":"Feature","properties":{"id":"915154162","nom":"Avenida Carrera 30","tipo":"secondary"},"geometry":{"type":"LineString","coordinates":[[-74.07991,4.63239],[-74.07991,4.63233],[-74.07991,4.63221]]}},{"type":"Feature","properties":{"id":"917561853","nom":"Carrera 22","tipo":"tertiary"},"geometry":{"type":"LineString","coordinates":[[-74.07334,4.63679],[-74.07336,4.63675],[-74.07338,4.63666]]}},{"type":"Feature","properties":{"id":"917561854","nom":"Avenida Calle 42","tipo":"tertiary"},"geometry":{"type":"LineString","coordinates":[[-74.0733,4.63673],[-74.07334,4.63679]]}},{"type":"Feature","properties":{"id":"917591062","nom":"Calle 51","tipo":"tertiary"},"geometry":{"type":"LineString","coordinates":[[-74.0763,4.64013],[-74.07638,4.64014],[-74.07687,4.64022]]}},{"type":"Feature","properties":{"id":"917591063","nom":"Calle 51","tipo":"tertiary"},"geometry":{"type":"LineString","coordinates":[[-74.07564,4.64001],[-74.07625,4.64012],[-74.0763,4.64013]]}},{"type":"Feature","properties":{"id":"917591064","nom":"Carrera 27","tipo":"residential"},"geometry":{"type":"LineString","coordinates":[[-74.07648,4.63911],[-74.07631,4.64007],[-74.0763,4.64013]]}},{"type":"Feature","properties":{"id":"917591065","nom":"Carrera 27","tipo":"residential"},"geometry":{"type":"LineString","coordinates":[[-74.0766,4.6382],[-74.07662,4.63823],[-74.07663,4.63826],[-74.07648,4.63911]]}},{"type":"Feature","properties":{"id":"917591614","nom":"Carrera 33","tipo":"secondary"},"geometry":{"type":"LineString","coordinates":[[-74.08291,4.63005],[-74.08277,4.63014]]}},{"type":"Feature","properties":{"id":"917593358","nom":"Calle 25","tipo":"tertiary"},"geometry":{"type":"LineString","coordinates":[[-74.08673,4.62766],[-74.08671,4.62763],[-74.08668,4.62762],[-74.08665,4.6276],[-74.08662,4.62759],[-74.08659,4.62757]]}},{"type":"Feature","properties":{"id":"917593359","nom":"Carrera 33","tipo":"secondary"},"geometry":{"type":"LineString","coordinates":[[-74.08663,4.62778],[-74.08666,4.62774],[-74.08669,4.62772],[-74.08672,4.62768],[-74.08673,4.62766]]}},{"type":"Feature","properties":{"id":"917593360","nom":"Carrera 33","tipo":"secondary"},"geometry":{"type":"LineString","coordinates":[[-74.08516,4.62871],[-74.0852,4.62869],[-74.08577,4.62832],[-74.08596,4.6282],[-74.0861,4.62811],[-74.08658,4.62781],[-74.08663,4.62778]]}},{"type":"Feature","properties":{"id":"917597807","nom":"Avenida Calle 24","tipo":"secondary"},"geometry":{"type":"LineString","coordinates":[[-74.09371,4.63216],[-74.09454,4.6334],[-74.09461,4.6335]]}},{"type":"Feature","properties":{"id":"917853916","nom":"Carrera 20","tipo":"residential"},"geometry":{"type":"LineString","coordinates":[[-74.07324,4.63014],[-74.07299,4.63143]]}},{"type":"Feature","properties":{"id":"917853917","nom":"Calle 40","tipo":"residential"},"geometry":{"type":"LineString","coordinates":[[-74.07324,4.63014],[-74.0732,4.63013],[-74.07264,4.63003],[-74.0726,4.63003],[-74.07256,4.63002]]}},{"type":"Feature","properties":{"id":"917853918","nom":"Calle 40","tipo":"residential"},"geometry":{"type":"LineString","coordinates":[[-74.07389,4.63025],[-74.0733,4.63015],[-74.07324,4.63014]]}},{"type":"Feature","properties":{"id":"917860772","nom":"Calle 49","tipo":"residential"},"geometry":{"type":"LineString","coordinates":[[-74.07277,4.63747],[-74.07283,4.63748],[-74.07332,4.63756],[-74.07379,4.63764],[-74.07385,4.63765],[-74.0739,4.63764]]}},{"type":"Feature","properties":{"id":"917860773","nom":"Calle 49","tipo":"tertiary"},"geometry":{"type":"LineString","coordinates":[[-74.07268,4.63746],[-74.07277,4.63747]]}},{"type":"Feature","properties":{"id":"917860774","nom":"Transversal 21","tipo":"tertiary"},"geometry":{"type":"LineString","coordinates":[[-74.07268,4.63746],[-74.07264,4.63753],[-74.07263,4.63755],[-74.07261,4.63759],[-74.0726,4.63762],[-74.07258,4.63769],[-74.07256,4.63792]]}},{"type":"Feature","properties":{"id":"917860775","nom":"Transversal 21","tipo":"tertiary"},"geometry":{"type":"LineString","coordinates":[[-74.07275,4.63737],[-74.07268,4.63746]]}},{"type":"Feature","properties":{"id":"917867627","nom":"Diagonal 59","tipo":"residential"},"geometry":{"type":"LineString","coordinates":[[-74.07101,4.64652],[-74.07109,4.64649]]}},{"type":"Feature","properties":{"id":"917867628","nom":"Carrera 21","tipo":"tertiary"},"geometry":{"type":"LineString","coordinates":[[-74.0713,4.64511],[-74.07127,4.64515],[-74.07125,4.64517],[-74.07124,4.6452],[-74.07114,4.64578]]}},{"type":"Feature","properties":{"id":"917964093","nom":"Avenida Calle 53","tipo":"secondary"},"geometry":{"type":"LineString","coordinates":[[-74.09286,4.65188],[-74.09303,4.65199],[-74.09306,4.65202],[-74.09317,4.65209]]}},{"type":"Feature","properties":{"id":"917964094","nom":"Avenida Carrera 60","tipo":"secondary"},"geometry":{"type":"LineString","coordinates":[[-74.09551,4.65047],[-74.0958,4.65028],[-74.09593,4.65019],[-74.09625,4.64996],[-74.09769,4.64896],[-74.09875,4.64816],[-74.09887,4.64809],[-74.09897,4.64807],[-74.09906,4.64805],[-74.09917,4.64805],[-74.09927,4.64806],[-74.09933,4.64809],[-74.09941,4.64813],[-74.0995,4.64819]]}},{"type":"Feature","properties":{"id":"917964095","nom":"Avenida Carrera 60","tipo":"secondary"},"geometry":{"type":"LineString","coordinates":[[-74.09317,4.65209],[-74.0934,4.65193]]}},{"type":"Feature","properties":{"id":"917986072","nom":"Avenida Calle 57","tipo":"secondary"},"geometry":{"type":"LineString","coordinates":[[-74.07562,4.6459],[-74.07549,4.64579],[-74.07542,4.64573]]}},{"type":"Feature","properties":{"id":"917988298","nom":"Avenida Calle 24","tipo":"secondary"},"geometry":{"type":"LineString","coordinates":[[-74.09763,4.63787],[-74.09766,4.63792],[-74.09772,4.638]]}},{"type":"Feature","properties":{"id":"917988299","nom":"Avenida Calle 24","tipo":"secondary"},"geometry":{"type":"LineString","coordinates":[[-74.09756,4.63777],[-74.0976,4.63784],[-74.09763,4.63787]]}},{"type":"Feature","properties":{"id":"918835816","nom":"Calle 42","tipo":"tertiary"},"geometry":{"type":"LineString","coordinates":[[-74.06824,4.62997],[-74.06818,4.62997],[-74.06807,4.62999],[-74.06802,4.62999]]}},{"type":"Feature","properties":{"id":"934483146","nom":"Avenida Calle 57","tipo":"secondary"},"geometry":{"type":"LineString","coordinates":[[-74.0668,4.64433],[-74.06693,4.64435],[-74.06719,4.64439],[-74.06752,4.64445],[-74.06755,4.64446],[-74.06763,4.64447]]}},{"type":"Feature","properties":{"id":"935465095","nom":"Calle 66","tipo":"residential"},"geometry":{"type":"LineString","coordinates":[[-74.06501,4.65365],[-74.06412,4.65318]]}},{"type":"Feature","properties":{"id":"935525442","nom":"Calle 42","tipo":"residential"},"geometry":{"type":"LineString","coordinates":[[-74.07413,4.63259],[-74.0742,4.63257],[-74.07487,4.63248],[-74.0749,4.63248]]}},{"type":"Feature","properties":{"id":"935527633","nom":"Calle 39A","tipo":"residential"},"geometry":{"type":"LineString","coordinates":[[-74.06987,4.62785],[-74.07047,4.62796],[-74.07112,4.62806]]}},{"type":"Feature","properties":{"id":"936478287","nom":"Calle 66A","tipo":"residential"},"geometry":{"type":"LineString","coordinates":[[-74.07867,4.66332],[-74.07915,4.66369]]}},{"type":"Feature","properties":{"id":"936478288","nom":"Calle 66A","tipo":"residential"},"geometry":{"type":"LineString","coordinates":[[-74.08076,4.66495],[-74.08125,4.66533],[-74.08134,4.66539],[-74.08182,4.66576],[-74.08246,4.66624]]}},{"type":"Feature","properties":{"id":"936494979","nom":"Calle 62","tipo":"residential"},"geometry":{"type":"LineString","coordinates":[[-74.0798,4.65155],[-74.07922,4.65143],[-74.07914,4.6514],[-74.07908,4.65138],[-74.07906,4.65137],[-74.07905,4.65134],[-74.07905,4.65133],[-74.07906,4.65123],[-74.07924,4.65124]]}},{"type":"Feature","properties":{"id":"936494980","nom":"Carrera 36A","tipo":"residential"},"geometry":{"type":"LineString","coordinates":[[-74.07846,4.65805],[-74.07871,4.65745],[-74.0797,4.65503]]}},{"type":"Feature","properties":{"id":"936499148","nom":"Carrera 47","tipo":"residential"},"geometry":{"type":"LineString","coordinates":[[-74.08404,4.65055],[-74.0839,4.65092],[-74.08387,4.65097]]}},{"type":"Feature","properties":{"id":"936499149","nom":"Carrera 47","tipo":"residential"},"geometry":{"type":"LineString","coordinates":[[-74.08479,4.64863],[-74.08457,4.6492],[-74.08436,4.64974]]}},{"type":"Feature","properties":{"id":"936501131","nom":"Carrera 36A","tipo":"residential"},"geometry":{"type":"LineString","coordinates":[[-74.0811,4.64878],[-74.08109,4.64883],[-74.08104,4.64923],[-74.08103,4.64933],[-74.08101,4.64955],[-74.08095,4.64999],[-74.0809,4.65051]]}},{"type":"Feature","properties":{"id":"936503206","nom":"Carrera 55","tipo":"residential"},"geometry":{"type":"LineString","coordinates":[[-74.08566,4.65337],[-74.08629,4.65248]]}},{"type":"Feature","properties":{"id":"936510892","nom":"Avenida Carrera 50","tipo":"secondary"},"geometry":{"type":"LineString","coordinates":[[-74.09032,4.64241],[-74.08885,4.64336]]}},{"type":"Feature","properties":{"id":"936513530","nom":"Calle 25A","tipo":"residential"},"geometry":{"type":"LineString","coordinates":[[-74.08596,4.6282],[-74.08599,4.62823],[-74.08617,4.62852],[-74.08625,4.62864],[-74.08654,4.62908],[-74.08683,4.62952],[-74.08711,4.62995]]}},{"type":"Feature","properties":{"id":"936515654","nom":"Carrera 44","tipo":"residential"},"geometry":{"type":"LineString","coordinates":[[-74.09341,4.63366],[-74.09386,4.63336]]}},{"type":"Feature","properties":{"id":"936515888","nom":"Carrera 43A","tipo":"residential"},"geometry":{"type":"LineString","coordinates":[[-74.09199,4.63333],[-74.09158,4.63361],[-74.09114,4.63391],[-74.09111,4.63392]]}},{"type":"Feature","properties":{"id":"936516256","nom":"Calle 24A","tipo":"residential"},"geometry":{"type":"LineString","coordinates":[[-74.09485,4.63485],[-74.09414,4.63379]]}},{"type":"Feature","properties":{"id":"936517108","nom":"Calle 24C","tipo":"residential"},"geometry":{"type":"LineString","coordinates":[[-74.09113,4.63203],[-74.09101,4.63184]]}},{"type":"Feature","properties":{"id":"936517109","nom":"Calle 24C","tipo":"residential"},"geometry":{"type":"LineString","coordinates":[[-74.09287,4.63466],[-74.09258,4.63422],[-74.09229,4.63379]]}},{"type":"Feature","properties":{"id":"936517842","nom":"Calle 22B","tipo":"residential"},"geometry":{"type":"LineString","coordinates":[[-74.09575,4.63386],[-74.09578,4.63389],[-74.09604,4.63427]]}},{"type":"Feature","properties":{"id":"936521041","nom":"Calle 21","tipo":"tertiary"},"geometry":{"type":"LineString","coordinates":[[-74.09731,4.62958],[-74.09847,4.63053],[-74.0985,4.63055]]}},{"type":"Feature","properties":{"id":"936523636","nom":"Carrera 48","tipo":"residential"},"geometry":{"type":"LineString","coordinates":[[-74.09791,4.63581],[-74.09702,4.63624]]}},{"type":"Feature","properties":{"id":"936862691","nom":"Avenida Calle 53","tipo":"secondary"},"geometry":{"type":"LineString","coordinates":[[-74.0934,4.65193],[-74.09336,4.65185],[-74.09329,4.65175],[-74.09323,4.65168],[-74.09319,4.65164]]}},{"type":"Feature","properties":{"id":"936862692","nom":"Avenida Calle 53","tipo":"secondary"},"geometry":{"type":"LineString","coordinates":[[-74.09759,4.65499],[-74.09399,4.65246]]}},{"type":"Feature","properties":{"id":"936871371","nom":"Avenida Carrera 60","tipo":"secondary"},"geometry":{"type":"LineString","coordinates":[[-74.08907,4.65927],[-74.08906,4.65916],[-74.08906,4.65909],[-74.08908,4.65896],[-74.08913,4.65878],[-74.08918,4.65862],[-74.08925,4.65845],[-74.08953,4.65783],[-74.0898,4.65726],[-74.08991,4.65702],[-74.09026,4.65622],[-74.09099,4.65454],[-74.09116,4.65419],[-74.09131,4.65391],[-74.09146,4.65367]]}},{"type":"Feature","properties":{"id":"938301220","nom":"Avenida Carrera 7","tipo":"primary"},"geometry":{"type":"LineString","coordinates":[[-74.06539,4.6272],[-74.06526,4.62777],[-74.06518,4.62808],[-74.06515,4.62821],[-74.06503,4.62871]]}},{"type":"Feature","properties":{"id":"938363701","nom":"Calle 25","tipo":"tertiary"},"geometry":{"type":"LineString","coordinates":[[-74.08595,4.62703],[-74.08638,4.62739]]}},{"type":"Feature","properties":{"id":"938363702","nom":"Calle 25","tipo":"tertiary"},"geometry":{"type":"LineString","coordinates":[[-74.08416,4.62555],[-74.08448,4.62581],[-74.08453,4.62586],[-74.08487,4.62614]]}},{"type":"Feature","properties":{"id":"938573665","nom":"Avenida Carrera 36","tipo":"secondary"},"geometry":{"type":"LineString","coordinates":[[-74.09109,4.62561],[-74.0911,4.62555],[-74.09113,4.62527],[-74.09113,4.62522]]}},{"type":"Feature","properties":{"id":"939540078","nom":"Avenida Carrera 30","tipo":"trunk"},"geometry":{"type":"LineString","coordinates":[[-74.08193,4.62611],[-74.08203,4.62601],[-74.08215,4.62589],[-74.08235,4.62571],[-74.08263,4.6255]]}},{"type":"Feature","properties":{"id":"940227851","nom":"Carrera 45","tipo":"tertiary"},"geometry":{"type":"LineString","coordinates":[[-74.08363,4.64755],[-74.08364,4.64752],[-74.08372,4.64685],[-74.0838,4.64627],[-74.08381,4.6462],[-74.08387,4.64586],[-74.08388,4.6458],[-74.08389,4.64576],[-74.08391,4.64574],[-74.08393,4.64572],[-74.08397,4.6457],[-74.084,4.6457],[-74.08404,4.6457],[-74.08422,4.64578]]}},{"type":"Feature","properties":{"id":"940295883","nom":"Diagonal 53","tipo":"tertiary"},"geometry":{"type":"LineString","coordinates":[[-74.08174,4.64329],[-74.08144,4.64302],[-74.08091,4.64255],[-74.0801,4.64189]]}},{"type":"Feature","properties":{"id":"941181434","nom":"Avenida Calle 26","tipo":"primary"},"geometry":{"type":"LineString","coordinates":[[-74.09228,4.63691],[-74.09244,4.63717],[-74.09282,4.63775],[-74.09323,4.6384]]}},{"type":"Feature","properties":{"id":"941181435","nom":"Avenida Calle 26","tipo":"primary"},"geometry":{"type":"LineString","coordinates":[[-74.09176,4.63611],[-74.09215,4.63671]]}},{"type":"Feature","properties":{"id":"941198176","nom":"Avenida Calle 23","tipo":"trunk"},"geometry":{"type":"LineString","coordinates":[[-74.09109,4.62561],[-74.09101,4.6256]]}},{"type":"Feature","properties":{"id":"941254827","nom":"Avenida Calle 63","tipo":"secondary"},"geometry":{"type":"LineString","coordinates":[[-74.09059,4.66243],[-74.09124,4.66337],[-74.09179,4.66417],[-74.09227,4.66486]]}},{"type":"Feature","properties":{"id":"941312256","nom":"Carrera 36A","tipo":"residential"},"geometry":{"type":"LineString","coordinates":[[-74.0811,4.64875],[-74.0811,4.64878]]}},{"type":"Feature","properties":{"id":"941312257","nom":"Carrera 36A","tipo":"residential"},"geometry":{"type":"LineString","coordinates":[[-74.0813,4.64594],[-74.08129,4.64597],[-74.08129,4.646]]}},{"type":"Feature","properties":{"id":"941312258","nom":"Carrera 36A","tipo":"residential"},"geometry":{"type":"LineString","coordinates":[[-74.0811,4.6487],[-74.0811,4.64875]]}},{"type":"Feature","properties":{"id":"941334787","nom":"Avenida Carrera 30","tipo":"trunk"},"geometry":{"type":"LineString","coordinates":[[-74.07601,4.66315],[-74.0759,4.66359],[-74.0758,4.66396],[-74.07571,4.66422],[-74.07564,4.66442],[-74.07558,4.66457]]}},{"type":"Feature","properties":{"id":"941353450","nom":"Avenida Carrera 30","tipo":"trunk"},"geometry":{"type":"LineString","coordinates":[[-74.07949,4.6324],[-74.07948,4.63263],[-74.07944,4.63306],[-74.07942,4.63334],[-74.07939,4.63363],[-74.07939,4.63382],[-74.07939,4.63415]]}},{"type":"Feature","properties":{"id":"952021204","nom":"Calle 45A Bis","tipo":"residential"},"geometry":{"type":"LineString","coordinates":[[-74.07179,4.63423],[-74.07183,4.63424],[-74.07184,4.63424],[-74.07241,4.63434],[-74.07247,4.63435]]}},{"type":"Feature","properties":{"id":"957270968","nom":"Avenida Carrera 17","tipo":"secondary"},"geometry":{"type":"LineString","coordinates":[[-74.06763,4.65011],[-74.06762,4.6502]]}},{"type":"Feature","properties":{"id":"957270969","nom":"Avenida Calle 63","tipo":"secondary"},"geometry":{"type":"LineString","coordinates":[[-74.06791,4.65015],[-74.06773,4.65012],[-74.06767,4.65011],[-74.06763,4.65011]]}},{"type":"Feature","properties":{"id":"959117695","nom":"Calle 49","tipo":"tertiary"},"geometry":{"type":"LineString","coordinates":[[-74.06802,4.63665],[-74.069,4.63682],[-74.06904,4.63682],[-74.06908,4.63683],[-74.0695,4.6369],[-74.06996,4.63698],[-74.07001,4.63699]]}},{"type":"Feature","properties":{"id":"959172274","nom":"Avenida Calle 63","tipo":"secondary"},"geometry":{"type":"LineString","coordinates":[[-74.06672,4.65004],[-74.06704,4.6501],[-74.06752,4.65018],[-74.06755,4.65019],[-74.06762,4.6502]]}},{"type":"Feature","properties":{"id":"959172275","nom":"Avenida Calle 63","tipo":"secondary"},"geometry":{"type":"LineString","coordinates":[[-74.06762,4.6502],[-74.06765,4.65021],[-74.06844,4.65035],[-74.06898,4.65044],[-74.06922,4.65049],[-74.06938,4.65052],[-74.06945,4.65053]]}},{"type":"Feature","properties":{"id":"960142986","nom":"Avenida Calle 24","tipo":"secondary"},"geometry":{"type":"LineString","coordinates":[[-74.09732,4.63743],[-74.09749,4.63767],[-74.09751,4.63771],[-74.09756,4.63777]]}},{"type":"Feature","properties":{"id":"960142987","nom":"Avenida Calle 24","tipo":"secondary"},"geometry":{"type":"LineString","coordinates":[[-74.09767,4.6377],[-74.09762,4.63763],[-74.0975,4.63746]]}},{"type":"Feature","properties":{"id":"960807002","nom":"Calle 64","tipo":"tertiary"},"geometry":{"type":"LineString","coordinates":[[-74.0642,4.65135],[-74.06424,4.65138],[-74.06435,4.65144],[-74.06441,4.65148],[-74.06445,4.6515],[-74.0653,4.652]]}},{"type":"Feature","properties":{"id":"961355019","nom":"Avenida Carrera 28","tipo":"secondary"},"geometry":{"type":"LineString","coordinates":[[-74.07757,4.62761],[-74.07731,4.62688],[-74.07727,4.62678]]}},{"type":"Feature","properties":{"id":"962983203","nom":"Calle 60","tipo":"tertiary"},"geometry":{"type":"LineString","coordinates":[[-74.06499,4.64709],[-74.06504,4.6471],[-74.06516,4.64713],[-74.06521,4.64714]]}},{"type":"Feature","properties":{"id":"963752424","nom":"Avenida Calle 63","tipo":"secondary"},"geometry":{"type":"LineString","coordinates":[[-74.06715,4.65002],[-74.06691,4.64998],[-74.06679,4.64996],[-74.06673,4.64995]]}},{"type":"Feature","properties":{"id":"963758978","nom":"Diagonal 61B","tipo":"tertiary"},"geometry":{"type":"LineString","coordinates":[[-74.06981,4.64934],[-74.06987,4.64931]]}},{"type":"Feature","properties":{"id":"963758979","nom":"Diagonal 61B","tipo":"tertiary"},"geometry":{"type":"LineString","coordinates":[[-74.06932,4.64952],[-74.06935,4.64951],[-74.06975,4.64936],[-74.06978,4.64935],[-74.06981,4.64934]]}},{"type":"Feature","properties":{"id":"963758980","nom":"Carrera 20","tipo":"tertiary"},"geometry":{"type":"LineString","coordinates":[[-74.06987,4.64931],[-74.06988,4.64938],[-74.06989,4.64944]]}},{"type":"Feature","properties":{"id":"963758981","nom":"Carrera 20","tipo":"tertiary"},"geometry":{"type":"LineString","coordinates":[[-74.06983,4.64923],[-74.06987,4.64931]]}},{"type":"Feature","properties":{"id":"963758982","nom":"Diagonal 61B","tipo":"tertiary"},"geometry":{"type":"LineString","coordinates":[[-74.06983,4.64923],[-74.06977,4.64925]]}},{"type":"Feature","properties":{"id":"963758983","nom":"Carrera 20","tipo":"tertiary"},"geometry":{"type":"LineString","coordinates":[[-74.06977,4.64925],[-74.06981,4.64934]]}},{"type":"Feature","properties":{"id":"963758984","nom":"Diagonal 61B","tipo":"tertiary"},"geometry":{"type":"LineString","coordinates":[[-74.07119,4.64862],[-74.07056,4.64892]]}},{"type":"Feature","properties":{"id":"992492784","nom":"Carrera 39","tipo":"residential"},"geometry":{"type":"LineString","coordinates":[[-74.08901,4.6319],[-74.08937,4.63166],[-74.08944,4.63161]]}},{"type":"Feature","properties":{"id":"992564770","nom":"Calle 67","tipo":"tertiary"},"geometry":{"type":"LineString","coordinates":[[-74.07553,4.66195],[-74.07556,4.66197],[-74.07609,4.66235],[-74.07612,4.66237],[-74.07614,4.66238],[-74.0762,4.66242]]}},{"type":"Feature","properties":{"id":"993260108","nom":"Calle 17","tipo":"residential"},"geometry":{"type":"LineString","coordinates":[[-74.09692,4.62224],[-74.09751,4.62277],[-74.09834,4.62353],[-74.09894,4.62408],[-74.09928,4.62439],[-74.09933,4.62443],[-74.09979,4.62485],[-74.10025,4.62527],[-74.10027,4.62529]]}},{"type":"Feature","properties":{"id":"996117143","nom":"Avenida Calle 20","tipo":"trunk"},"geometry":{"type":"LineString","coordinates":[[-74.0938,4.62552],[-74.0936,4.62549],[-74.0935,4.62548],[-74.09214,4.62533],[-74.09178,4.62529],[-74.09122,4.62523],[-74.09119,4.62523],[-74.09113,4.62522],[-74.09105,4.62521]]}},{"type":"Feature","properties":{"id":"996117144","nom":"Avenida Calle 20","tipo":"trunk"},"geometry":{"type":"LineString","coordinates":[[-74.095,4.62567],[-74.09442,4.62562],[-74.09431,4.6256],[-74.09423,4.62559],[-74.09397,4.62555],[-74.0939,4.62554]]}},{"type":"Feature","properties":{"id":"997599548","nom":"Avenida Calle 23","tipo":"trunk"},"geometry":{"type":"LineString","coordinates":[[-74.08608,4.62553],[-74.08661,4.62558],[-74.08677,4.6256]]}},{"type":"Feature","properties":{"id":"1003076650","nom":"Avenida Carrera 24","tipo":"secondary"},"geometry":{"type":"LineString","coordinates":[[-74.0676,4.66236],[-74.06769,4.66221]]}},{"type":"Feature","properties":{"id":"1003076651","nom":"Avenida Carrera 24","tipo":"secondary"},"geometry":{"type":"LineString","coordinates":[[-74.06769,4.66221],[-74.06786,4.66194],[-74.0681,4.66157],[-74.06888,4.66032],[-74.06923,4.65976],[-74.06961,4.65915],[-74.06963,4.65912],[-74.06966,4.65907]]}},{"type":"Feature","properties":{"id":"1006826683","nom":"Avenida Carrera 30","tipo":"trunk"},"geometry":{"type":"LineString","coordinates":[[-74.07993,4.63191],[-74.07996,4.63146],[-74.07999,4.63098]]}},{"type":"Feature","properties":{"id":"1006826686","nom":"Avenida Carrera 30","tipo":"trunk"},"geometry":{"type":"LineString","coordinates":[[-74.07984,4.63186],[-74.07991,4.63125],[-74.07999,4.63098]]}},{"type":"Feature","properties":{"id":"1006826687","nom":"Avenida Carrera 30","tipo":"trunk"},"geometry":{"type":"LineString","coordinates":[[-74.0798,4.63227],[-74.07984,4.63191],[-74.07984,4.63186]]}},{"type":"Feature","properties":{"id":"1006826689","nom":"Avenida Carrera 30","tipo":"trunk"},"geometry":{"type":"LineString","coordinates":[[-74.07991,4.63221],[-74.07992,4.63195],[-74.07993,4.63191]]}},{"type":"Feature","properties":{"id":"1006826690","nom":"Carrera 33","tipo":"secondary"},"geometry":{"type":"LineString","coordinates":[[-74.08028,4.63197],[-74.08029,4.63195],[-74.08071,4.63168],[-74.08113,4.63139]]}},{"type":"Feature","properties":{"id":"1006826691","nom":"Carrera 33","tipo":"secondary"},"geometry":{"type":"LineString","coordinates":[[-74.08007,4.63211],[-74.08028,4.63197]]}},{"type":"Feature","properties":{"id":"1008194677","nom":"Avenida Carrera 60","tipo":"secondary"},"geometry":{"type":"LineString","coordinates":[[-74.09319,4.65164],[-74.09297,4.6518],[-74.09286,4.65188]]}},{"type":"Feature","properties":{"id":"1008194678","nom":"Avenida Carrera 60","tipo":"secondary"},"geometry":{"type":"LineString","coordinates":[[-74.0975,4.64866],[-74.09644,4.64939],[-74.09581,4.64982],[-74.09574,4.64987]]}},{"type":"Feature","properties":{"id":"1008197916","nom":"Avenida Carrera 60","tipo":"secondary"},"geometry":{"type":"LineString","coordinates":[[-74.0891,4.65796],[-74.08879,4.65866],[-74.08875,4.65874],[-74.0887,4.65881],[-74.08867,4.65886],[-74.08859,4.65893]]}},{"type":"Feature","properties":{"id":"1008200329","nom":"Avenida Carrera 60","tipo":"secondary"},"geometry":{"type":"LineString","coordinates":[[-74.08718,4.6622],[-74.08685,4.66294],[-74.08665,4.66338],[-74.08658,4.66355]]}},{"type":"Feature","properties":{"id":"1008200330","nom":"Avenida Carrera 60","tipo":"secondary"},"geometry":{"type":"LineString","coordinates":[[-74.08817,4.65972],[-74.08817,4.65983],[-74.08816,4.65993],[-74.08814,4.66002],[-74.08813,4.66008],[-74.08811,4.66015],[-74.08809,4.66023],[-74.08782,4.66082],[-74.08757,4.66132],[-74.08729,4.66196]]}},{"type":"Feature","properties":{"id":"1008737853","nom":"Avenida Calle 22","tipo":"tertiary"},"geometry":{"type":"LineString","coordinates":[[-74.09517,4.62975],[-74.0951,4.62964]]}},{"type":"Feature","properties":{"id":"1008752630","nom":"Carrera 29B","tipo":"secondary"},"geometry":{"type":"LineString","coordinates":[[-74.07553,4.66195],[-74.0761,4.66114],[-74.07612,4.66112]]}},{"type":"Feature","properties":{"id":"1008907127","nom":"Calle 70","tipo":"residential"},"geometry":{"type":"LineString","coordinates":[[-74.0752,4.665],[-74.07501,4.66485],[-74.07499,4.66483]]}},{"type":"Feature","properties":{"id":"1008907128","nom":"Avenida Calle 68","tipo":"secondary"},"geometry":{"type":"LineString","coordinates":[[-74.07335,4.66174],[-74.07353,4.66187],[-74.07384,4.66209],[-74.07395,4.66217],[-74.07427,4.6624],[-74.0743,4.66242],[-74.07468,4.6627]]}},{"type":"Feature","properties":{"id":"1008912667","nom":"Carrera 29C","tipo":"residential"},"geometry":{"type":"LineString","coordinates":[[-74.07499,4.66483],[-74.07445,4.66547],[-74.07437,4.66556],[-74.07426,4.66569],[-74.0742,4.66576],[-74.0739,4.6661],[-74.07337,4.6667],[-74.07303,4.66712],[-74.07298,4.66718]]}},{"type":"Feature","properties":{"id":"1008932536","nom":"Transversal 28","tipo":"secondary"},"geometry":{"type":"LineString","coordinates":[[-74.07488,4.6466],[-74.07547,4.64604],[-74.07555,4.64597]]}},{"type":"Feature","properties":{"id":"1008932537","nom":"Avenida Carrera 24","tipo":"secondary"},"geometry":{"type":"LineString","coordinates":[[-74.07378,4.64771],[-74.07384,4.64763],[-74.07391,4.64754],[-74.07399,4.64745],[-74.07407,4.64736]]}},{"type":"Feature","properties":{"id":"1008932538","nom":"Avenida Carrera 24","tipo":"secondary"},"geometry":{"type":"LineString","coordinates":[[-74.07353,4.64806],[-74.07357,4.648],[-74.07378,4.64771]]}},{"type":"Feature","properties":{"id":"1008947238","nom":"Carrera 21","tipo":"tertiary"},"geometry":{"type":"LineString","coordinates":[[-74.07144,4.64433],[-74.07134,4.64489],[-74.07133,4.64494]]}},{"type":"Feature","properties":{"id":"1008947239","nom":"Transversal 22","tipo":"residential"},"geometry":{"type":"LineString","coordinates":[[-74.07325,4.64287],[-74.07315,4.64293],[-74.07236,4.64339]]}},{"type":"Feature","properties":{"id":"1008947240","nom":"Carrera 21","tipo":"tertiary"},"geometry":{"type":"LineString","coordinates":[[-74.07153,4.64383],[-74.07151,4.64392],[-74.07148,4.64414],[-74.07144,4.64433]]}},{"type":"Feature","properties":{"id":"1008947241","nom":"Carrera 21","tipo":"tertiary"},"geometry":{"type":"LineString","coordinates":[[-74.07171,4.64285],[-74.07155,4.64375],[-74.07153,4.64383]]}},{"type":"Feature","properties":{"id":"1008954270","nom":"Avenida Carrera 24","tipo":"secondary"},"geometry":{"type":"LineString","coordinates":[[-74.07233,4.65206],[-74.07236,4.65187],[-74.0724,4.65167]]}},{"type":"Feature","properties":{"id":"1008957395","nom":"Calle 54","tipo":"secondary"},"geometry":{"type":"LineString","coordinates":[[-74.07848,4.64482],[-74.07853,4.64488],[-74.07856,4.64493],[-74.07859,4.64499]]}},{"type":"Feature","properties":{"id":"1008960673","nom":"Diagonal 61C","tipo":"secondary"},"geometry":{"type":"LineString","coordinates":[[-74.07502,4.64851],[-74.07415,4.64746],[-74.07412,4.64743],[-74.07407,4.64736]]}},{"type":"Feature","properties":{"id":"1008961673","nom":"Transversal 25","tipo":"tertiary"},"geometry":{"type":"LineString","coordinates":[[-74.07419,4.64404],[-74.07444,4.64373],[-74.07463,4.64346],[-74.07465,4.64343],[-74.07467,4.64338],[-74.07466,4.64335],[-74.07465,4.64331]]}},{"type":"Feature","properties":{"id":"1008972712","nom":"Avenida Carrera 30","tipo":"trunk"},"geometry":{"type":"LineString","coordinates":[[-74.08097,4.62747],[-74.08109,4.62726],[-74.08122,4.62707]]}},{"type":"Feature","properties":{"id":"1008972713","nom":"Avenida Carrera 30","tipo":"trunk"},"geometry":{"type":"LineString","coordinates":[[-74.08122,4.62707],[-74.08153,4.62663]]}},{"type":"Feature","properties":{"id":"1008990050","nom":"Carrera 18","tipo":"residential"},"geometry":{"type":"LineString","coordinates":[[-74.06853,4.6489],[-74.06854,4.6487],[-74.06855,4.64854]]}},{"type":"Feature","properties":{"id":"1009674515","nom":"Calle 64","tipo":"residential"},"geometry":{"type":"LineString","coordinates":[[-74.07019,4.65523],[-74.07036,4.65539]]}},{"type":"Feature","properties":{"id":"1009674516","nom":"Calle 64","tipo":"tertiary"},"geometry":{"type":"LineString","coordinates":[[-74.06977,4.65493],[-74.07019,4.65523]]}},{"type":"Feature","properties":{"id":"1009674517","nom":"Calle 63D","tipo":"residential"},"geometry":{"type":"LineString","coordinates":[[-74.06887,4.65398],[-74.06929,4.65406],[-74.06936,4.65408],[-74.0694,4.65408]]}},{"type":"Feature","properties":{"id":"1009697231","nom":"Calle 63D Bis","tipo":"residential"},"geometry":{"type":"LineString","coordinates":[[-74.0744,4.65529],[-74.07389,4.65521]]}},{"type":"Feature","properties":{"id":"1009697234","nom":"Calle 64","tipo":"tertiary"},"geometry":{"type":"LineString","coordinates":[[-74.07721,4.6585],[-74.07716,4.65848],[-74.07713,4.65847],[-74.07711,4.65846],[-74.07683,4.65835]]}},{"type":"Feature","properties":{"id":"1009697238","nom":"Carrera 28B","tipo":"residential"},"geometry":{"type":"LineString","coordinates":[[-74.07694,4.65763],[-74.07689,4.65797],[-74.07683,4.65835]]}},{"type":"Feature","properties":{"id":"1009698839","nom":"Calle 70","tipo":"residential"},"geometry":{"type":"LineString","coordinates":[[-74.07445,4.66444],[-74.07443,4.66442],[-74.07394,4.66406]]}},{"type":"Feature","properties":{"id":"1009710033","nom":"Carrera 20","tipo":"tertiary"},"geometry":{"type":"LineString","coordinates":[[-74.06511,4.66066],[-74.065,4.66083],[-74.06473,4.66122],[-74.06472,4.66124],[-74.06468,4.66129]]}},{"type":"Feature","properties":{"id":"1009720964","nom":"Avenida Calle 72","tipo":"secondary"},"geometry":{"type":"LineString","coordinates":[[-74.06718,4.66316],[-74.06729,4.66324],[-74.06757,4.66345]]}},{"type":"Feature","properties":{"id":"1009720965","nom":"Avenida Calle 72","tipo":"secondary"},"geometry":{"type":"LineString","coordinates":[[-74.06763,4.66336],[-74.06752,4.66327],[-74.06727,4.66309],[-74.06723,4.66307],[-74.06718,4.66303]]}},{"type":"Feature","properties":{"id":"1009720966","nom":"Carrera 26","tipo":"residential"},"geometry":{"type":"LineString","coordinates":[[-74.06798,4.66376],[-74.06804,4.66367]]}},{"type":"Feature","properties":{"id":"1009944124","nom":"","tipo":"secondary_link"},"geometry":{"type":"LineString","coordinates":[[-74.09134,4.6633],[-74.09127,4.66334],[-74.09124,4.66337]]}},{"type":"Feature","properties":{"id":"1009950975","nom":"Avenida Calle 63","tipo":"secondary"},"geometry":{"type":"LineString","coordinates":[[-74.09227,4.66486],[-74.09257,4.6653]]}},{"type":"Feature","properties":{"id":"1010270849","nom":"Carrera 66A","tipo":"tertiary"},"geometry":{"type":"LineString","coordinates":[[-74.09767,4.65488],[-74.09765,4.65491],[-74.09759,4.65499]]}},{"type":"Feature","properties":{"id":"1012853623","nom":"Calle 39","tipo":"residential"},"geometry":{"type":"LineString","coordinates":[[-74.07227,4.62736],[-74.07242,4.62738],[-74.07277,4.62745],[-74.07281,4.62746]]}},{"type":"Feature","properties":{"id":"1012853624","nom":"Calle 39","tipo":"residential"},"geometry":{"type":"LineString","coordinates":[[-74.0728,4.62741],[-74.07277,4.6274],[-74.07242,4.62734],[-74.07227,4.62736]]}},{"type":"Feature","properties":{"id":"1012853627","nom":"Diagonal 42A","tipo":"tertiary"},"geometry":{"type":"LineString","coordinates":[[-74.07494,4.63362],[-74.07499,4.63367],[-74.07501,4.63371],[-74.07501,4.63375],[-74.07501,4.63379],[-74.07501,4.63383]]}},{"type":"Feature","properties":{"id":"1013883571","nom":"Avenida Calle 24","tipo":"secondary"},"geometry":{"type":"LineString","coordinates":[[-74.09461,4.6335],[-74.09471,4.63365],[-74.0953,4.63454]]}},{"type":"Feature","properties":{"id":"1014182655","nom":"Avenida Calle 24","tipo":"secondary"},"geometry":{"type":"LineString","coordinates":[[-74.10015,4.64122],[-74.09991,4.64088],[-74.09988,4.64085],[-74.0998,4.64073]]}},{"type":"Feature","properties":{"id":"1014185596","nom":"Calle 22A","tipo":"residential"},"geometry":{"type":"LineString","coordinates":[[-74.09964,4.63673],[-74.09964,4.6367],[-74.09965,4.63667],[-74.09966,4.63664],[-74.09967,4.63662],[-74.09969,4.63657],[-74.09969,4.63653]]}},{"type":"Feature","properties":{"id":"1014185597","nom":"Calle 22A","tipo":"residential"},"geometry":{"type":"LineString","coordinates":[[-74.10065,4.63778],[-74.09964,4.63673]]}},{"type":"Feature","properties":{"id":"1014198193","nom":"Avenida Carrera 17","tipo":"secondary"},"geometry":{"type":"LineString","coordinates":[[-74.0678,4.64915],[-74.06776,4.64936],[-74.06768,4.64983],[-74.06768,4.64987],[-74.06766,4.64993]]}},{"type":"Feature","properties":{"id":"1014417038","nom":"Diagonal 54","tipo":"residential"},"geometry":{"type":"LineString","coordinates":[[-74.06957,4.6428],[-74.06959,4.64277],[-74.06962,4.64275],[-74.06965,4.64274],[-74.06968,4.64274],[-74.06972,4.64274]]}},{"type":"Feature","properties":{"id":"1014417039","nom":"Diagonal 54","tipo":"residential"},"geometry":{"type":"LineString","coordinates":[[-74.06959,4.64266],[-74.06949,4.6426]]}},{"type":"Feature","properties":{"id":"1014417041","nom":"Calle 54","tipo":"secondary"},"geometry":{"type":"LineString","coordinates":[[-74.07835,4.64476],[-74.0784,4.64478],[-74.07844,4.64479],[-74.07848,4.64482]]}},{"type":"Feature","properties":{"id":"1014417042","nom":"","tipo":"secondary_link"},"geometry":{"type":"LineString","coordinates":[[-74.07714,4.64448],[-74.0771,4.64444],[-74.07706,4.6444],[-74.07702,4.64435],[-74.07699,4.6443]]}},{"type":"Feature","properties":{"id":"1014417043","nom":"Calle 54","tipo":"secondary"},"geometry":{"type":"LineString","coordinates":[[-74.07863,4.64433],[-74.07857,4.64444],[-74.07854,4.64448],[-74.07852,4.64451]]}},{"type":"Feature","properties":{"id":"1014417044","nom":"Calle 54","tipo":"secondary"},"geometry":{"type":"LineString","coordinates":[[-74.07839,4.64455],[-74.07825,4.64454],[-74.07727,4.64448],[-74.07714,4.64448],[-74.07704,4.64449],[-74.07693,4.64451]]}},{"type":"Feature","properties":{"id":"1014419708","nom":"Avenida Calle 26","tipo":"primary"},"geometry":{"type":"LineString","coordinates":[[-74.09689,4.6428],[-74.09661,4.64234],[-74.09611,4.64157],[-74.09582,4.64111],[-74.09513,4.64001],[-74.09507,4.63992],[-74.0946,4.63921]]}},{"type":"Feature","properties":{"id":"1014428407","nom":"Avenida Calle 42","tipo":"tertiary"},"geometry":{"type":"LineString","coordinates":[[-74.07173,4.63453],[-74.07164,4.63441]]}},{"type":"Feature","properties":{"id":"1014428408","nom":"Avenida Calle 42","tipo":"tertiary"},"geometry":{"type":"LineString","coordinates":[[-74.0721,4.63502],[-74.07205,4.63495],[-74.07199,4.63488]]}},{"type":"Feature","properties":{"id":"1014428409","nom":"Avenida Calle 42","tipo":"tertiary"},"geometry":{"type":"LineString","coordinates":[[-74.07229,4.63527],[-74.07227,4.63524],[-74.0721,4.63502]]}},{"type":"Feature","properties":{"id":"1014428410","nom":"Carrera 18","tipo":"tertiary"},"geometry":{"type":"LineString","coordinates":[[-74.07067,4.63711],[-74.07068,4.63707],[-74.07076,4.63665]]}},{"type":"Feature","properties":{"id":"1014428411","nom":"Carrera 18","tipo":"tertiary"},"geometry":{"type":"LineString","coordinates":[[-74.07076,4.63665],[-74.07083,4.63621],[-74.07084,4.63618],[-74.07085,4.63615]]}},{"type":"Feature","properties":{"id":"1014428412","nom":"Calle 51","tipo":"tertiary"},"geometry":{"type":"LineString","coordinates":[[-74.06997,4.63902],[-74.07022,4.63906],[-74.07025,4.63907],[-74.07032,4.63908]]}},{"type":"Feature","properties":{"id":"1014428413","nom":"Calle 51","tipo":"tertiary"},"geometry":{"type":"LineString","coordinates":[[-74.07032,4.63908],[-74.07038,4.63909],[-74.07059,4.63913],[-74.07093,4.63918],[-74.07097,4.63919],[-74.07103,4.6392],[-74.07131,4.63925]]}},{"type":"Feature","properties":{"id":"1014443226","nom":"Calle 25","tipo":"tertiary"},"geometry":{"type":"LineString","coordinates":[[-74.08944,4.63161],[-74.08998,4.63242],[-74.09,4.63245],[-74.09004,4.6325]]}},{"type":"Feature","properties":{"id":"1014466120","nom":"Avenida Carrera 50","tipo":"secondary"},"geometry":{"type":"LineString","coordinates":[[-74.0954,4.63919],[-74.09533,4.63924]]}},{"type":"Feature","properties":{"id":"1014466121","nom":"Avenida Carrera 50","tipo":"secondary"},"geometry":{"type":"LineString","coordinates":[[-74.09539,4.63938],[-74.09548,4.63931]]}},{"type":"Feature","properties":{"id":"1014484699","nom":"","tipo":"tertiary_link"},"geometry":{"type":"LineString","coordinates":[[-74.07295,4.63611],[-74.07287,4.63618]]}},{"type":"Feature","properties":{"id":"1014909220","nom":"","tipo":"tertiary_link"},"geometry":{"type":"LineString","coordinates":[[-74.08663,4.62737],[-74.0866,4.6274],[-74.08657,4.62741],[-74.08656,4.62742],[-74.08654,4.62742],[-74.08651,4.62742],[-74.08646,4.62741],[-74.08642,4.6274],[-74.08638,4.62739]]}},{"type":"Feature","properties":{"id":"1014947130","nom":"Calle 46","tipo":"residential"},"geometry":{"type":"LineString","coordinates":[[-74.06921,4.63372],[-74.06866,4.63361],[-74.06857,4.63359]]}},{"type":"Feature","properties":{"id":"1014949399","nom":"Calle 39","tipo":"residential"},"geometry":{"type":"LineString","coordinates":[[-74.07061,4.62709],[-74.06993,4.62698]]}},{"type":"Feature","properties":{"id":"1015676056","nom":"Avenida Carrera 24","tipo":"secondary"},"geometry":{"type":"LineString","coordinates":[[-74.07508,4.63329],[-74.07511,4.63336],[-74.07514,4.63344],[-74.07521,4.63358]]}},{"type":"Feature","properties":{"id":"1015676057","nom":"Calle 37","tipo":"residential"},"geometry":{"type":"LineString","coordinates":[[-74.07544,4.62659],[-74.07529,4.62656]]}},{"type":"Feature","properties":{"id":"1015676058","nom":"Carrera 24","tipo":"residential"},"geometry":{"type":"LineString","coordinates":[[-74.07539,4.62687],[-74.07543,4.62662],[-74.07544,4.62659]]}},{"type":"Feature","properties":{"id":"1015676059","nom":"Avenida Carrera 24","tipo":"secondary"},"geometry":{"type":"LineString","coordinates":[[-74.07539,4.62687],[-74.07537,4.62678],[-74.07535,4.62673],[-74.07533,4.62668],[-74.07529,4.62656],[-74.07525,4.62647],[-74.07518,4.62633],[-74.07517,4.62631],[-74.07512,4.62623],[-74.07507,4.62616]]}},{"type":"Feature","properties":{"id":"1015676060","nom":"Avenida Carrera 24","tipo":"secondary"},"geometry":{"type":"LineString","coordinates":[[-74.07549,4.63354],[-74.07548,4.63351],[-74.07547,4.63346],[-74.07546,4.63344],[-74.07535,4.63302],[-74.07533,4.63297],[-74.07532,4.63288],[-74.07528,4.63271],[-74.07525,4.63255],[-74.07524,4.63245],[-74.07524,4.63243]]}},{"type":"Feature","properties":{"id":"1015676061","nom":"Carrera 22","tipo":"residential"},"geometry":{"type":"LineString","coordinates":[[-74.07425,4.63146],[-74.07437,4.63034]]}},{"type":"Feature","properties":{"id":"1015676062","nom":"Carrera 22","tipo":"residential"},"geometry":{"type":"LineString","coordinates":[[-74.07423,4.63164],[-74.07425,4.63146]]}},{"type":"Feature","properties":{"id":"1015676063","nom":"Diagonal 42A","tipo":"tertiary"},"geometry":{"type":"LineString","coordinates":[[-74.07407,4.6329],[-74.07494,4.63362]]}},{"type":"Feature","properties":{"id":"1015676064","nom":"Carrera 22","tipo":"residential"},"geometry":{"type":"LineString","coordinates":[[-74.07412,4.63263],[-74.07412,4.6326],[-74.07413,4.63259]]}},{"type":"Feature","properties":{"id":"1016242115","nom":"","tipo":"trunk_link"},"geometry":{"type":"LineString","coordinates":[[-74.08122,4.62707],[-74.08126,4.62704],[-74.08129,4.62702],[-74.08132,4.627]]}},{"type":"Feature","properties":{"id":"1016302162","nom":"Avenida Carrera 13","tipo":"secondary"},"geometry":{"type":"LineString","coordinates":[[-74.06721,4.62732],[-74.06722,4.62721],[-74.06724,4.62713]]}},{"type":"Feature","properties":{"id":"1016394236","nom":"Carrera 28","tipo":"tertiary"},"geometry":{"type":"LineString","coordinates":[[-74.07279,4.66153],[-74.072,4.66264],[-74.07148,4.66335]]}},{"type":"Feature","properties":{"id":"1016394237","nom":"Carrera 28","tipo":"tertiary"},"geometry":{"type":"LineString","coordinates":[[-74.07286,4.66138],[-74.07283,4.66145],[-74.07281,4.66149],[-74.07279,4.66153]]}},{"type":"Feature","properties":{"id":"1016684980","nom":"Carrera 54","tipo":"residential"},"geometry":{"type":"LineString","coordinates":[[-74.09298,4.64507],[-74.09284,4.64514],[-74.09277,4.64518],[-74.09268,4.64523],[-74.0926,4.64528]]}},{"type":"Feature","properties":{"id":"1016684981","nom":"Carrera 54","tipo":"residential"},"geometry":{"type":"LineString","coordinates":[[-74.0935,4.64475],[-74.09298,4.64507]]}},{"type":"Feature","properties":{"id":"1016684982","nom":"Avenida Carrera 60","tipo":"secondary"},"geometry":{"type":"LineString","coordinates":[[-74.09875,4.64776],[-74.09864,4.64786],[-74.09799,4.64832]]}},{"type":"Feature","properties":{"id":"1016732853","nom":"Avenida Carrera 50","tipo":"secondary"},"geometry":{"type":"LineString","coordinates":[[-74.09378,4.64024],[-74.09372,4.64027]]}},{"type":"Feature","properties":{"id":"1016732854","nom":"Avenida Carrera 50","tipo":"secondary"},"geometry":{"type":"LineString","coordinates":[[-74.09377,4.64042],[-74.09382,4.64039]]}},{"type":"Feature","properties":{"id":"1016905865","nom":"Avenida Calle 26","tipo":"primary"},"geometry":{"type":"LineString","coordinates":[[-74.0946,4.63921],[-74.09397,4.63823]]}},{"type":"Feature","properties":{"id":"1016905866","nom":"Avenida Calle 26","tipo":"primary"},"geometry":{"type":"LineString","coordinates":[[-74.09397,4.63823],[-74.09351,4.63753],[-74.09274,4.6363]]}},{"type":"Feature","properties":{"id":"1016953196","nom":"Avenida Carrera 36","tipo":"secondary"},"geometry":{"type":"LineString","coordinates":[[-74.09108,4.6257],[-74.09109,4.62561]]}},{"type":"Feature","properties":{"id":"1016953198","nom":"Transversal 39 Bis A","tipo":"primary"},"geometry":{"type":"LineString","coordinates":[[-74.09378,4.62577],[-74.09377,4.626]]}},{"type":"Feature","properties":{"id":"1016953199","nom":"Avenida Calle 20","tipo":"trunk"},"geometry":{"type":"LineString","coordinates":[[-74.09378,4.62577],[-74.09353,4.62579],[-74.09326,4.6258],[-74.09305,4.6258],[-74.09289,4.62579],[-74.09272,4.62578],[-74.09229,4.62574],[-74.09174,4.62569],[-74.0912,4.62562],[-74.09114,4.62562],[-74.09109,4.62561]]}},{"type":"Feature","properties":{"id":"1016954209","nom":"Avenida Calle 57","tipo":"secondary"},"geometry":{"type":"LineString","coordinates":[[-74.0718,4.64519],[-74.07235,4.64529],[-74.07239,4.6453],[-74.07246,4.64531]]}},{"type":"Feature","properties":{"id":"1016954210","nom":"Carrera 21","tipo":"tertiary"},"geometry":{"type":"LineString","coordinates":[[-74.07132,4.645],[-74.07133,4.64494]]}},{"type":"Feature","properties":{"id":"1016954211","nom":"Carrera 21","tipo":"tertiary"},"geometry":{"type":"LineString","coordinates":[[-74.0713,4.64511],[-74.07131,4.64509],[-74.07132,4.64502],[-74.07132,4.645]]}},{"type":"Feature","properties":{"id":"1016971522","nom":"Carrera 42C","tipo":"residential"},"geometry":{"type":"LineString","coordinates":[[-74.09648,4.62827],[-74.09693,4.62771]]}},{"type":"Feature","properties":{"id":"1016971523","nom":"Carrera 42C","tipo":"residential"},"geometry":{"type":"LineString","coordinates":[[-74.09616,4.62867],[-74.09648,4.62827]]}},{"type":"Feature","properties":{"id":"1016971524","nom":"Carrera 33","tipo":"secondary"},"geometry":{"type":"LineString","coordinates":[[-74.08673,4.62766],[-74.08675,4.6276],[-74.08676,4.62749],[-74.08677,4.62731],[-74.0869,4.62603],[-74.08691,4.62591]]}},{"type":"Feature","properties":{"id":"1016974145","nom":"Carrera 33","tipo":"secondary"},"geometry":{"type":"LineString","coordinates":[[-74.08659,4.62757],[-74.08657,4.62761],[-74.08653,4.62764],[-74.08649,4.62768],[-74.08643,4.62772],[-74.08614,4.62791],[-74.0858,4.62813],[-74.08513,4.62857],[-74.0851,4.62859]]}},{"type":"Feature","properties":{"id":"1016974146","nom":"Calle 25","tipo":"tertiary"},"geometry":{"type":"LineString","coordinates":[[-74.08638,4.62739],[-74.08659,4.62757]]}},{"type":"Feature","properties":{"id":"1017861535","nom":"Avenida Carrera 40","tipo":"secondary"},"geometry":{"type":"LineString","coordinates":[[-74.089,4.63387],[-74.08897,4.63398],[-74.08895,4.63404],[-74.08893,4.6341],[-74.08891,4.63415]]}},{"type":"Feature","properties":{"id":"1017861536","nom":"Avenida Carrera 40","tipo":"secondary"},"geometry":{"type":"LineString","coordinates":[[-74.09004,4.6325],[-74.08998,4.63254],[-74.0896,4.6328],[-74.08946,4.63289],[-74.0894,4.63293],[-74.08935,4.63298],[-74.08931,4.63301],[-74.08929,4.63305],[-74.08925,4.63311],[-74.08917,4.63331]]}},{"type":"Feature","properties":{"id":"1017861609","nom":"Transversal 39 Bis A","tipo":"primary"},"geometry":{"type":"LineString","coordinates":[[-74.0938,4.62552],[-74.09379,4.62568],[-74.09378,4.62577]]}},{"type":"Feature","properties":{"id":"1017863492","nom":"Carrera 36","tipo":"residential"},"geometry":{"type":"LineString","coordinates":[[-74.08554,4.63102],[-74.08505,4.63134],[-74.0847,4.63157]]}},{"type":"Feature","properties":{"id":"1017879758","nom":"Carrera 21","tipo":"tertiary"},"geometry":{"type":"LineString","coordinates":[[-74.07201,4.64116],[-74.07198,4.64134],[-74.07198,4.64138]]}},{"type":"Feature","properties":{"id":"1017882933","nom":"","tipo":"trunk_link"},"geometry":{"type":"LineString","coordinates":[[-74.08677,4.6256],[-74.08694,4.62559],[-74.08699,4.62558],[-74.08706,4.62557],[-74.08739,4.62551],[-74.08771,4.62545]]}},{"type":"Feature","properties":{"id":"1017904641","nom":"Carrera 27","tipo":"residential"},"geometry":{"type":"LineString","coordinates":[[-74.07425,4.65319],[-74.07424,4.65324],[-74.07412,4.65391],[-74.07405,4.65434],[-74.07389,4.65521]]}},{"type":"Feature","properties":{"id":"1017904642","nom":"Carrera 28","tipo":"tertiary"},"geometry":{"type":"LineString","coordinates":[[-74.07536,4.65585],[-74.0753,4.65616]]}},{"type":"Feature","properties":{"id":"1017960796","nom":"Transversal 17A Bis","tipo":"secondary"},"geometry":{"type":"LineString","coordinates":[[-74.07239,4.62566],[-74.07255,4.6261]]}},{"type":"Feature","properties":{"id":"1017960797","nom":"Transversal 17A Bis","tipo":"secondary"},"geometry":{"type":"LineString","coordinates":[[-74.07222,4.62517],[-74.07224,4.62522],[-74.07239,4.62566]]}},{"type":"Feature","properties":{"id":"1017964492","nom":"Carrera 33","tipo":"secondary"},"geometry":{"type":"LineString","coordinates":[[-74.08354,4.62981],[-74.08389,4.62957],[-74.08437,4.62926],[-74.08513,4.62874],[-74.08516,4.62871]]}},{"type":"Feature","properties":{"id":"1017980140","nom":"Calle 51","tipo":"tertiary"},"geometry":{"type":"LineString","coordinates":[[-74.07538,4.63997],[-74.07559,4.64],[-74.07564,4.64001]]}},{"type":"Feature","properties":{"id":"1017980141","nom":"Carrera 20","tipo":"residential"},"geometry":{"type":"LineString","coordinates":[[-74.07171,4.63889],[-74.07165,4.63927],[-74.07164,4.6393]]}},{"type":"Feature","properties":{"id":"1017980142","nom":"Carrera 20","tipo":"residential"},"geometry":{"type":"LineString","coordinates":[[-74.072,4.63734],[-74.07199,4.63738],[-74.07182,4.63832],[-74.07171,4.63889]]}},{"type":"Feature","properties":{"id":"1017980143","nom":"Calle 51","tipo":"tertiary"},"geometry":{"type":"LineString","coordinates":[[-74.07164,4.6393],[-74.07228,4.63941],[-74.07232,4.63941]]}},{"type":"Feature","properties":{"id":"1017980144","nom":"Calle 51","tipo":"tertiary"},"geometry":{"type":"LineString","coordinates":[[-74.07131,4.63925],[-74.07161,4.6393],[-74.07164,4.6393]]}},{"type":"Feature","properties":{"id":"1018290955","nom":"Calle 44","tipo":"tertiary"},"geometry":{"type":"LineString","coordinates":[[-74.09032,4.64241],[-74.09035,4.64247],[-74.09037,4.6425],[-74.09039,4.64253]]}},{"type":"Feature","properties":{"id":"1018290956","nom":"Avenida Carrera 50","tipo":"secondary"},"geometry":{"type":"LineString","coordinates":[[-74.09372,4.64027],[-74.09302,4.64069]]}},{"type":"Feature","properties":{"id":"1018311727","nom":"Calle 40A","tipo":"tertiary"},"geometry":{"type":"LineString","coordinates":[[-74.07951,4.63083],[-74.07955,4.63083],[-74.07958,4.63084],[-74.0796,4.63086],[-74.07966,4.63091]]}},{"type":"Feature","properties":{"id":"1018324236","nom":"Carrera 29C","tipo":"residential"},"geometry":{"type":"LineString","coordinates":[[-74.0758,4.66396],[-74.07559,4.66418]]}},{"type":"Feature","properties":{"id":"1018327934","nom":"Avenida Calle 53","tipo":"secondary"},"geometry":{"type":"LineString","coordinates":[[-74.06831,4.64079],[-74.06836,4.6408],[-74.06925,4.64095],[-74.0693,4.64096]]}},{"type":"Feature","properties":{"id":"1018327935","nom":"Avenida Carrera 17","tipo":"secondary"},"geometry":{"type":"LineString","coordinates":[[-74.06932,4.64088],[-74.0693,4.64096]]}},{"type":"Feature","properties":{"id":"1018327936","nom":"Avenida Calle 53","tipo":"secondary"},"geometry":{"type":"LineString","coordinates":[[-74.0693,4.64096],[-74.06935,4.64097],[-74.06977,4.64104],[-74.06984,4.64106]]}},{"type":"Feature","properties":{"id":"1018335430","nom":"Avenida Carrera 30","tipo":"trunk"},"geometry":{"type":"LineString","coordinates":[[-74.07937,4.63431],[-74.07935,4.63451]]}},{"type":"Feature","properties":{"id":"1018335431","nom":"","tipo":"trunk_link"},"geometry":{"type":"LineString","coordinates":[[-74.0797,4.63112],[-74.07958,4.63164]]}},{"type":"Feature","properties":{"id":"1018335433","nom":"Avenida Carrera 30","tipo":"trunk"},"geometry":{"type":"LineString","coordinates":[[-74.07966,4.63091],[-74.07958,4.63164]]}},{"type":"Feature","properties":{"id":"1018607633","nom":"","tipo":"primary_link"},"geometry":{"type":"LineString","coordinates":[[-74.07983,4.62568],[-74.07992,4.62579],[-74.08009,4.62597]]}},{"type":"Feature","properties":{"id":"1018608798","nom":"","tipo":"secondary"},"geometry":{"type":"LineString","coordinates":[[-74.08868,4.65997],[-74.08872,4.65995],[-74.08882,4.6599],[-74.08889,4.65984],[-74.08895,4.65978],[-74.08899,4.65972],[-74.08903,4.65965],[-74.08907,4.65956]]}},{"type":"Feature","properties":{"id":"1018610608","nom":"Carrera 43A","tipo":"tertiary"},"geometry":{"type":"LineString","coordinates":[[-74.09941,4.62699],[-74.09938,4.62703],[-74.09928,4.62716],[-74.09893,4.62762],[-74.09886,4.6277],[-74.09808,4.62865],[-74.09731,4.62958]]}},{"type":"Feature","properties":{"id":"1018610609","nom":"Avenida Calle 20","tipo":"trunk"},"geometry":{"type":"LineString","coordinates":[[-74.09974,4.62702],[-74.09999,4.62705]]}},{"type":"Feature","properties":{"id":"1019028416","nom":"Carrera 23","tipo":"residential"},"geometry":{"type":"LineString","coordinates":[[-74.07117,4.65441],[-74.07133,4.65344]]}},{"type":"Feature","properties":{"id":"1019948513","nom":"Carrera 27","tipo":"residential"},"geometry":{"type":"LineString","coordinates":[[-74.06782,4.66492],[-74.06741,4.66551],[-74.06733,4.66562]]}},{"type":"Feature","properties":{"id":"1020554097","nom":"Calle 39","tipo":"residential"},"geometry":{"type":"LineString","coordinates":[[-74.07302,4.62745],[-74.07308,4.62746],[-74.07365,4.62755],[-74.07372,4.62756]]}},{"type":"Feature","properties":{"id":"1021823799","nom":"Calle 63B","tipo":"residential"},"geometry":{"type":"LineString","coordinates":[[-74.07677,4.65363],[-74.07783,4.65382],[-74.07785,4.65382],[-74.07786,4.65382],[-74.07793,4.65383]]}},{"type":"Feature","properties":{"id":"1024421771","nom":"Carrera 37","tipo":"residential"},"geometry":{"type":"LineString","coordinates":[[-74.08131,4.65069],[-74.0813,4.65071],[-74.08129,4.65073],[-74.08124,4.65129],[-74.08124,4.65133]]}},{"type":"Feature","properties":{"id":"1024421772","nom":"Calle 60","tipo":"residential"},"geometry":{"type":"LineString","coordinates":[[-74.08285,4.65121],[-74.08283,4.6512],[-74.08281,4.65119],[-74.0828,4.65119],[-74.08278,4.65118],[-74.08243,4.65104],[-74.0821,4.65091],[-74.08208,4.6509]]}},{"type":"Feature","properties":{"id":"1024421773","nom":"Calle 59","tipo":"residential"},"geometry":{"type":"LineString","coordinates":[[-74.0823,4.65035],[-74.08239,4.65039]]}},{"type":"Feature","properties":{"id":"1024421775","nom":"Carrera 45","tipo":"tertiary"},"geometry":{"type":"LineString","coordinates":[[-74.08256,4.65222],[-74.08259,4.65216],[-74.08293,4.65129],[-74.08295,4.65125]]}},{"type":"Feature","properties":{"id":"1024421776","nom":"Carrera 45","tipo":"tertiary"},"geometry":{"type":"LineString","coordinates":[[-74.08303,4.65064],[-74.08301,4.65071],[-74.08286,4.65117],[-74.08285,4.65121]]}},{"type":"Feature","properties":{"id":"1024421777","nom":"Carrera 45","tipo":"tertiary"},"geometry":{"type":"LineString","coordinates":[[-74.08285,4.65121],[-74.08284,4.65124],[-74.08269,4.65162],[-74.08268,4.65165]]}},{"type":"Feature","properties":{"id":"1024421778","nom":"Carrera 45","tipo":"tertiary"},"geometry":{"type":"LineString","coordinates":[[-74.08268,4.65165],[-74.08266,4.65169],[-74.08249,4.65213],[-74.08247,4.65218]]}},{"type":"Feature","properties":{"id":"1024427133","nom":"","tipo":"secondary"},"geometry":{"type":"LineString","coordinates":[[-74.08865,4.65997],[-74.08868,4.65997]]}},{"type":"Feature","properties":{"id":"1024427134","nom":"","tipo":"secondary"},"geometry":{"type":"LineString","coordinates":[[-74.08817,4.65928],[-74.08815,4.65933],[-74.08813,4.65944],[-74.08813,4.65951],[-74.08813,4.65959],[-74.08815,4.65966],[-74.08817,4.65972]]}},{"type":"Feature","properties":{"id":"1024427135","nom":"Carrera 45","tipo":"tertiary"},"geometry":{"type":"LineString","coordinates":[[-74.08232,4.65286],[-74.08238,4.65271],[-74.08256,4.65222]]}},{"type":"Feature","properties":{"id":"1024427136","nom":"Carrera 45","tipo":"tertiary"},"geometry":{"type":"LineString","coordinates":[[-74.08247,4.65218],[-74.08229,4.65267],[-74.08223,4.65283]]}},{"type":"Feature","properties":{"id":"1024427137","nom":"Carrera 45","tipo":"tertiary"},"geometry":{"type":"LineString","coordinates":[[-74.08295,4.65125],[-74.08296,4.65122],[-74.08311,4.65074],[-74.08313,4.65068]]}},{"type":"Feature","properties":{"id":"1024642554","nom":"Carrera 47","tipo":"residential"},"geometry":{"type":"LineString","coordinates":[[-74.08414,4.6503],[-74.08404,4.65055]]}},{"type":"Feature","properties":{"id":"1024642555","nom":"Carrera 47","tipo":"residential"},"geometry":{"type":"LineString","coordinates":[[-74.0843,4.64989],[-74.08414,4.6503]]}},{"type":"Feature","properties":{"id":"1024642556","nom":"Carrera 47","tipo":"residential"},"geometry":{"type":"LineString","coordinates":[[-74.08436,4.64974],[-74.0843,4.64989]]}},{"type":"Feature","properties":{"id":"1024729949","nom":"Avenida Carrera 50","tipo":"secondary"},"geometry":{"type":"LineString","coordinates":[[-74.08538,4.64885],[-74.08488,4.65013],[-74.08445,4.65121]]}},{"type":"Feature","properties":{"id":"1024729952","nom":"Carrera 45","tipo":"tertiary"},"geometry":{"type":"LineString","coordinates":[[-74.08354,4.64824],[-74.08355,4.64817],[-74.08359,4.64781],[-74.08363,4.64759],[-74.08363,4.64755]]}},{"type":"Feature","properties":{"id":"1024729953","nom":"Carrera 45","tipo":"tertiary"},"geometry":{"type":"LineString","coordinates":[[-74.08371,4.64619],[-74.0837,4.64626],[-74.08362,4.64685],[-74.08353,4.6475],[-74.08353,4.64754],[-74.08352,4.64758],[-74.08344,4.64816],[-74.08343,4.64823]]}},{"type":"Feature","properties":{"id":"1024951863","nom":"Calle 57A","tipo":"residential"},"geometry":{"type":"LineString","coordinates":[[-74.08425,4.64767],[-74.08421,4.64766],[-74.08409,4.64763],[-74.08396,4.6476],[-74.08384,4.64758],[-74.08372,4.64756],[-74.0837,4.64756],[-74.08366,4.64755],[-74.08363,4.64755]]}},{"type":"Feature","properties":{"id":"1024951864","nom":"Carrera 46","tipo":"residential"},"geometry":{"type":"LineString","coordinates":[[-74.08457,4.64625],[-74.08449,4.64638],[-74.08445,4.64647],[-74.08442,4.64656],[-74.08441,4.64666],[-74.0844,4.64673]]}},{"type":"Feature","properties":{"id":"1025047984","nom":"Carrera 38","tipo":"residential"},"geometry":{"type":"LineString","coordinates":[[-74.08285,4.64749],[-74.08286,4.64743],[-74.08294,4.64682],[-74.08294,4.64679]]}},{"type":"Feature","properties":{"id":"1025047985","nom":"Carrera 36A","tipo":"residential"},"geometry":{"type":"LineString","coordinates":[[-74.0814,4.64455],[-74.08137,4.64484],[-74.08137,4.64487]]}},{"type":"Feature","properties":{"id":"1025047986","nom":"Carrera 37","tipo":"residential"},"geometry":{"type":"LineString","coordinates":[[-74.08203,4.64492],[-74.08203,4.64488],[-74.08205,4.6446]]}},{"type":"Feature","properties":{"id":"1025047987","nom":"Carrera 37","tipo":"residential"},"geometry":{"type":"LineString","coordinates":[[-74.08199,4.64548],[-74.08199,4.64546],[-74.08202,4.64496],[-74.08203,4.64492]]}},{"type":"Feature","properties":{"id":"1025047989","nom":"Calle 56","tipo":"residential"},"geometry":{"type":"LineString","coordinates":[[-74.08304,4.64614],[-74.08232,4.64609],[-74.08195,4.64606]]}},{"type":"Feature","properties":{"id":"1025047990","nom":"Calle 57","tipo":"residential"},"geometry":{"type":"LineString","coordinates":[[-74.08294,4.64679],[-74.08289,4.64679],[-74.08239,4.64674],[-74.0819,4.64671]]}},{"type":"Feature","properties":{"id":"1025047991","nom":"Carrera 37","tipo":"residential"},"geometry":{"type":"LineString","coordinates":[[-74.08195,4.64606],[-74.08196,4.64599],[-74.08199,4.64548]]}},{"type":"Feature","properties":{"id":"1025047992","nom":"Calle 56","tipo":"residential"},"geometry":{"type":"LineString","coordinates":[[-74.08371,4.64619],[-74.08365,4.64619],[-74.08304,4.64614]]}},{"type":"Feature","properties":{"id":"1025047993","nom":"Carrera 38","tipo":"residential"},"geometry":{"type":"LineString","coordinates":[[-74.08304,4.64614],[-74.0831,4.64563],[-74.08309,4.6456],[-74.08308,4.64558]]}},{"type":"Feature","properties":{"id":"1025049605","nom":"Avenida Carrera 30","tipo":"trunk"},"geometry":{"type":"LineString","coordinates":[[-74.07926,4.64259],[-74.07932,4.64195],[-74.07933,4.64177],[-74.07936,4.64116],[-74.07936,4.64113],[-74.07946,4.63992],[-74.07949,4.63949],[-74.07952,4.63904],[-74.07952,4.63887],[-74.07951,4.6387],[-74.0795,4.63846],[-74.0795,4.63826],[-74.07947,4.63722]]}},{"type":"Feature","properties":{"id":"1025049606","nom":"Avenida Carrera 30","tipo":"trunk"},"geometry":{"type":"LineString","coordinates":[[-74.07906,4.64251],[-74.07931,4.63882],[-74.07947,4.63722]]}},{"type":"Feature","properties":{"id":"1025049611","nom":"Avenida Carrera 30","tipo":"trunk"},"geometry":{"type":"LineString","coordinates":[[-74.07839,4.65093],[-74.07863,4.64818],[-74.0787,4.64742],[-74.07906,4.64251]]}},{"type":"Feature","properties":{"id":"1025070780","nom":"Carrera 36","tipo":"residential"},"geometry":{"type":"LineString","coordinates":[[-74.08078,4.64369],[-74.08079,4.64354]]}},{"type":"Feature","properties":{"id":"1025071422","nom":"Calle 56","tipo":"residential"},"geometry":{"type":"LineString","coordinates":[[-74.08034,4.64593],[-74.07911,4.64584],[-74.07904,4.64583]]}},{"type":"Feature","properties":{"id":"1025071423","nom":"Carrera 35A","tipo":"residential"},"geometry":{"type":"LineString","coordinates":[[-74.08038,4.64538],[-74.08034,4.64593]]}},{"type":"Feature","properties":{"id":"1025088041","nom":"Calle 25D","tipo":"residential"},"geometry":{"type":"LineString","coordinates":[[-74.08537,4.63185],[-74.08535,4.63181],[-74.08505,4.63134],[-74.08475,4.63089]]}},{"type":"Feature","properties":{"id":"1025183181","nom":"Calle 24A","tipo":"residential"},"geometry":{"type":"LineString","coordinates":[[-74.09268,4.63162],[-74.09241,4.63122],[-74.09238,4.63118]]}},{"type":"Feature","properties":{"id":"1028130359","nom":"Calle 47","tipo":"residential"},"geometry":{"type":"LineString","coordinates":[[-74.06719,4.63446],[-74.06725,4.63447],[-74.06738,4.6345],[-74.06744,4.63451]]}},{"type":"Feature","properties":{"id":"1028130361","nom":"Calle 47","tipo":"residential"},"geometry":{"type":"LineString","coordinates":[[-74.06744,4.63451],[-74.06748,4.63452],[-74.06787,4.63459],[-74.06833,4.63467],[-74.06835,4.63467],[-74.06837,4.63467]]}},{"type":"Feature","properties":{"id":"1029110186","nom":"Avenida Calle 26","tipo":"primary"},"geometry":{"type":"LineString","coordinates":[[-74.09978,4.64778],[-74.0993,4.64699],[-74.09876,4.64612],[-74.09833,4.64537],[-74.09816,4.64509],[-74.0979,4.64469],[-74.09757,4.64417],[-74.0972,4.6436],[-74.09677,4.64293],[-74.09653,4.64256],[-74.09621,4.64207],[-74.09577,4.64146],[-74.09509,4.64046]]}},{"type":"Feature","properties":{"id":"1029201217","nom":"Avenida Carrera 7","tipo":"primary"},"geometry":{"type":"LineString","coordinates":[[-74.06586,4.62568],[-74.06588,4.6256],[-74.06592,4.6254],[-74.06609,4.62475]]}},{"type":"Feature","properties":{"id":"1029201218","nom":"Avenida Carrera 7","tipo":"primary"},"geometry":{"type":"LineString","coordinates":[[-74.06634,4.62332],[-74.0663,4.62348],[-74.0661,4.62432],[-74.06583,4.6254],[-74.06579,4.62555],[-74.06578,4.62558],[-74.06576,4.62566]]}},{"type":"Feature","properties":{"id":"1032833227","nom":"","tipo":"secondary_link"},"geometry":{"type":"LineString","coordinates":[[-74.07628,4.63392],[-74.07612,4.634]]}},{"type":"Feature","properties":{"id":"1034280409","nom":"Diagonal 53C","tipo":"residential"},"geometry":{"type":"LineString","coordinates":[[-74.0736,4.64343],[-74.07354,4.64338],[-74.07324,4.64307],[-74.07315,4.64293]]}},{"type":"Feature","properties":{"id":"1037466907","nom":"Avenida Carrera 50","tipo":"secondary"},"geometry":{"type":"LineString","coordinates":[[-74.0846,4.65129],[-74.08465,4.65117],[-74.08493,4.65042],[-74.08536,4.64932],[-74.08552,4.64891]]}},{"type":"Feature","properties":{"id":"1037466908","nom":"Calle 59","tipo":"residential"},"geometry":{"type":"LineString","coordinates":[[-74.08445,4.65121],[-74.08454,4.65126],[-74.0846,4.65129]]}},{"type":"Feature","properties":{"id":"1037466909","nom":"Calle 59","tipo":"residential"},"geometry":{"type":"LineString","coordinates":[[-74.0846,4.65129],[-74.08464,4.65132],[-74.0847,4.65136],[-74.08475,4.65139],[-74.08518,4.6517],[-74.08541,4.65186]]}},{"type":"Feature","properties":{"id":"1037472099","nom":"","tipo":"secondary"},"geometry":{"type":"LineString","coordinates":[[-74.08413,4.65321],[-74.08409,4.65317],[-74.08404,4.65312],[-74.084,4.65309],[-74.08394,4.65305],[-74.08388,4.65302],[-74.08383,4.653],[-74.08378,4.65297],[-74.08373,4.65296],[-74.08368,4.65296],[-74.08362,4.65295],[-74.08356,4.65295]]}},{"type":"Feature","properties":{"id":"1037472100","nom":"Carrera 35","tipo":"residential"},"geometry":{"type":"LineString","coordinates":[[-74.07991,4.64364],[-74.07985,4.64445],[-74.07983,4.64476],[-74.07979,4.6453],[-74.07979,4.64534]]}},{"type":"Feature","properties":{"id":"1039315331","nom":"Avenida Calle 20","tipo":"trunk"},"geometry":{"type":"LineString","coordinates":[[-74.0995,4.62687],[-74.09963,4.62688]]}},{"type":"Feature","properties":{"id":"1039315332","nom":"Avenida Calle 20","tipo":"trunk"},"geometry":{"type":"LineString","coordinates":[[-74.09963,4.62688],[-74.10075,4.62699],[-74.10086,4.627]]}},{"type":"Feature","properties":{"id":"1039315333","nom":"Avenida Calle 20","tipo":"trunk"},"geometry":{"type":"LineString","coordinates":[[-74.09999,4.62705],[-74.10042,4.6271]]}},{"type":"Feature","properties":{"id":"1039315335","nom":"Avenida Calle 20","tipo":"trunk"},"geometry":{"type":"LineString","coordinates":[[-74.09941,4.62699],[-74.09974,4.62702]]}},{"type":"Feature","properties":{"id":"1039315336","nom":"Carrera 43A","tipo":"tertiary"},"geometry":{"type":"LineString","coordinates":[[-74.0995,4.62687],[-74.09941,4.62699]]}},{"type":"Feature","properties":{"id":"1039338161","nom":"Avenida Carrera 50","tipo":"secondary"},"geometry":{"type":"LineString","coordinates":[[-74.08552,4.64891],[-74.08559,4.64871]]}},{"type":"Feature","properties":{"id":"1039338162","nom":"Avenida Carrera 50","tipo":"secondary"},"geometry":{"type":"LineString","coordinates":[[-74.08586,4.64763],[-74.08583,4.64772],[-74.08538,4.64885]]}},{"type":"Feature","properties":{"id":"1039338163","nom":"Avenida Carrera 50","tipo":"secondary"},"geometry":{"type":"LineString","coordinates":[[-74.08649,4.64604],[-74.08623,4.64663],[-74.08622,4.64666],[-74.08619,4.64673]]}},{"type":"Feature","properties":{"id":"1039766880","nom":"Calle 51","tipo":"tertiary"},"geometry":{"type":"LineString","coordinates":[[-74.07364,4.63965],[-74.07427,4.63976],[-74.07432,4.63977]]}},{"type":"Feature","properties":{"id":"1039766881","nom":"","tipo":"tertiary"},"geometry":{"type":"LineString","coordinates":[[-74.07406,4.63746],[-74.07405,4.63743],[-74.07404,4.63741],[-74.07402,4.63739],[-74.07401,4.63738]]}},{"type":"Feature","properties":{"id":"1039766882","nom":"","tipo":"tertiary"},"geometry":{"type":"LineString","coordinates":[[-74.0739,4.63764],[-74.07392,4.63765],[-74.07393,4.63765],[-74.07395,4.63765],[-74.07396,4.63765],[-74.07398,4.63763]]}},{"type":"Feature","properties":{"id":"1039766883","nom":"","tipo":"tertiary"},"geometry":{"type":"LineString","coordinates":[[-74.07387,4.6375],[-74.07387,4.63754],[-74.07387,4.63756],[-74.07387,4.63759],[-74.07389,4.63763],[-74.0739,4.63764]]}},{"type":"Feature","properties":{"id":"1039766884","nom":"","tipo":"tertiary"},"geometry":{"type":"LineString","coordinates":[[-74.07397,4.63738],[-74.07394,4.63739],[-74.07392,4.6374],[-74.0739,4.63743],[-74.07389,4.63744],[-74.07388,4.63747],[-74.07387,4.6375]]}},{"type":"Feature","properties":{"id":"1039766885","nom":"","tipo":"tertiary"},"geometry":{"type":"LineString","coordinates":[[-74.07401,4.63738],[-74.07399,4.63738],[-74.07397,4.63738]]}},{"type":"Feature","properties":{"id":"1040668834","nom":"Calle 52A","tipo":"residential"},"geometry":{"type":"LineString","coordinates":[[-74.07819,4.642],[-74.07773,4.64192]]}},{"type":"Feature","properties":{"id":"1040915628","nom":"Avenida Calle 45","tipo":"secondary"},"geometry":{"type":"LineString","coordinates":[[-74.07595,4.63397],[-74.07579,4.63394],[-74.07571,4.63393],[-74.07566,4.63392],[-74.07557,4.63391]]}},{"type":"Feature","properties":{"id":"1040959237","nom":"Calle 63A","tipo":"residential"},"geometry":{"type":"LineString","coordinates":[[-74.06654,4.65104],[-74.06738,4.65118],[-74.06743,4.65119]]}},{"type":"Feature","properties":{"id":"1041246428","nom":"Carrera 22","tipo":"residential"},"geometry":{"type":"LineString","coordinates":[[-74.07099,4.65188],[-74.07116,4.65089],[-74.07117,4.65084]]}},{"type":"Feature","properties":{"id":"1041518483","nom":"Avenida Calle 45","tipo":"secondary"},"geometry":{"type":"LineString","coordinates":[[-74.06643,4.63218],[-74.06637,4.63216],[-74.0663,4.63212],[-74.06444,4.63143],[-74.06441,4.63142],[-74.06427,4.63138]]}},{"type":"Feature","properties":{"id":"1044079967","nom":"Calle 57B","tipo":"residential"},"geometry":{"type":"LineString","coordinates":[[-74.08354,4.64824],[-74.08343,4.64823]]}},{"type":"Feature","properties":{"id":"1044079968","nom":"Calle 57B","tipo":"residential"},"geometry":{"type":"LineString","coordinates":[[-74.08479,4.64863],[-74.08409,4.64834],[-74.08396,4.6483],[-74.08386,4.64828],[-74.0836,4.64825],[-74.08354,4.64824]]}},{"type":"Feature","properties":{"id":"1044079969","nom":"Calle 62","tipo":"residential"},"geometry":{"type":"LineString","coordinates":[[-74.08256,4.65222],[-74.08247,4.65218]]}},{"type":"Feature","properties":{"id":"1044079970","nom":"Calle 62","tipo":"residential"},"geometry":{"type":"LineString","coordinates":[[-74.08347,4.65257],[-74.08311,4.65243],[-74.08262,4.65225],[-74.08256,4.65222]]}},{"type":"Feature","properties":{"id":"1044079971","nom":"Carrera 57A","tipo":"residential"},"geometry":{"type":"LineString","coordinates":[[-74.08775,4.65351],[-74.0873,4.65425]]}},{"type":"Feature","properties":{"id":"1044079972","nom":"Calle 59","tipo":"residential"},"geometry":{"type":"LineString","coordinates":[[-74.08775,4.65351],[-74.08815,4.65378],[-74.08832,4.6539],[-74.08867,4.65414]]}},{"type":"Feature","properties":{"id":"1044079973","nom":"Carrera 56A","tipo":"residential"},"geometry":{"type":"LineString","coordinates":[[-74.08654,4.6537],[-74.08682,4.65331],[-74.08704,4.653]]}},{"type":"Feature","properties":{"id":"1044079974","nom":"Calle 60","tipo":"residential"},"geometry":{"type":"LineString","coordinates":[[-74.08692,4.65398],[-74.08659,4.65374],[-74.08654,4.6537]]}},{"type":"Feature","properties":{"id":"1046290845","nom":"Calle 61F","tipo":"residential"},"geometry":{"type":"LineString","coordinates":[[-74.0737,4.64977],[-74.07292,4.64953],[-74.07284,4.64951]]}},{"type":"Feature","properties":{"id":"1046290846","nom":"Diagonal 61D Bis","tipo":"residential"},"geometry":{"type":"LineString","coordinates":[[-74.07386,4.64949],[-74.07439,4.64998]]}},{"type":"Feature","properties":{"id":"1046290847","nom":"Avenida Calle 57","tipo":"secondary"},"geometry":{"type":"LineString","coordinates":[[-74.07376,4.64553],[-74.07413,4.64559]]}},{"type":"Feature","properties":{"id":"1046290848","nom":"Avenida Calle 57","tipo":"secondary"},"geometry":{"type":"LineString","coordinates":[[-74.07377,4.64542],[-74.0735,4.64537],[-74.07345,4.64536],[-74.07339,4.64535]]}},{"type":"Feature","properties":{"id":"1046290849","nom":"Transversal 27","tipo":"residential"},"geometry":{"type":"LineString","coordinates":[[-74.07414,4.64548],[-74.07414,4.64551],[-74.07413,4.64557],[-74.07413,4.64559]]}},{"type":"Feature","properties":{"id":"1046290850","nom":"Avenida Calle 57","tipo":"secondary"},"geometry":{"type":"LineString","coordinates":[[-74.07414,4.64548],[-74.07377,4.64542]]}},{"type":"Feature","properties":{"id":"1046290851","nom":"Avenida Calle 57","tipo":"secondary"},"geometry":{"type":"LineString","coordinates":[[-74.07338,4.64546],[-74.07344,4.64547],[-74.07376,4.64553]]}},{"type":"Feature","properties":{"id":"1046290852","nom":"Avenida Calle 57","tipo":"secondary"},"geometry":{"type":"LineString","coordinates":[[-74.07332,4.64534],[-74.07328,4.64533],[-74.07261,4.64522],[-74.07257,4.64522],[-74.07248,4.6452]]}},{"type":"Feature","properties":{"id":"1046290853","nom":"Transversal 25","tipo":"tertiary"},"geometry":{"type":"LineString","coordinates":[[-74.0733,4.64545],[-74.07331,4.64543],[-74.07332,4.64536],[-74.07332,4.64534]]}},{"type":"Feature","properties":{"id":"1046290854","nom":"Calle 57A","tipo":"residential"},"geometry":{"type":"LineString","coordinates":[[-74.08027,4.64752],[-74.08019,4.64751]]}},{"type":"Feature","properties":{"id":"1046290855","nom":"Calle 57A","tipo":"residential"},"geometry":{"type":"LineString","coordinates":[[-74.0812,4.64768],[-74.08117,4.64768],[-74.08027,4.64752]]}},{"type":"Feature","properties":{"id":"1046290856","nom":"Calle 56","tipo":"residential"},"geometry":{"type":"LineString","coordinates":[[-74.08135,4.64601],[-74.08132,4.64601],[-74.08129,4.646]]}},{"type":"Feature","properties":{"id":"1046290857","nom":"Carrera 36A","tipo":"residential"},"geometry":{"type":"LineString","coordinates":[[-74.08125,4.64666],[-74.08124,4.6467],[-74.08122,4.64724]]}},{"type":"Feature","properties":{"id":"1046290858","nom":"Calle 57","tipo":"residential"},"geometry":{"type":"LineString","coordinates":[[-74.08125,4.64666],[-74.08122,4.64666],[-74.08088,4.64664],[-74.08083,4.64664],[-74.08077,4.64668],[-74.08074,4.64673]]}},{"type":"Feature","properties":{"id":"1046290859","nom":"Carrera 36A","tipo":"residential"},"geometry":{"type":"LineString","coordinates":[[-74.08122,4.64724],[-74.08121,4.64755]]}},{"type":"Feature","properties":{"id":"1046290860","nom":"Carrera 36A","tipo":"residential"},"geometry":{"type":"LineString","coordinates":[[-74.08118,4.64812],[-74.08117,4.64821],[-74.08116,4.64824],[-74.08113,4.64845],[-74.0811,4.6487]]}},{"type":"Feature","properties":{"id":"1046290861","nom":"Carrera 36A","tipo":"residential"},"geometry":{"type":"LineString","coordinates":[[-74.08084,4.65105],[-74.08077,4.65174]]}},{"type":"Feature","properties":{"id":"1046290862","nom":"Carrera 36A","tipo":"residential"},"geometry":{"type":"LineString","coordinates":[[-74.0809,4.65051],[-74.08084,4.65105]]}},{"type":"Feature","properties":{"id":"1046290863","nom":"Calle 63D","tipo":"residential"},"geometry":{"type":"LineString","coordinates":[[-74.07547,4.65527],[-74.07482,4.65517],[-74.07443,4.65511]]}},{"type":"Feature","properties":{"id":"1046290864","nom":"Calle 63B","tipo":"residential"},"geometry":{"type":"LineString","coordinates":[[-74.07577,4.65345],[-74.07677,4.65363]]}},{"type":"Feature","properties":{"id":"1046290865","nom":"Carrera 28","tipo":"tertiary"},"geometry":{"type":"LineString","coordinates":[[-74.07577,4.65345],[-74.07578,4.65351],[-74.07579,4.65354],[-74.07579,4.65358],[-74.07579,4.65362],[-74.07567,4.65433],[-74.07566,4.65439],[-74.07547,4.65527]]}},{"type":"Feature","properties":{"id":"1046290866","nom":"Calle 63F","tipo":"tertiary"},"geometry":{"type":"LineString","coordinates":[[-74.07294,4.65574],[-74.07268,4.6557],[-74.07223,4.65562],[-74.07176,4.65553],[-74.07169,4.65552]]}},{"type":"Feature","properties":{"id":"1049164219","nom":"Calle 22 Bis","tipo":"residential"},"geometry":{"type":"LineString","coordinates":[[-74.09845,4.63432],[-74.09868,4.6348],[-74.0989,4.63531]]}},{"type":"Feature","properties":{"id":"1049164220","nom":"Carrera 48","tipo":"residential"},"geometry":{"type":"LineString","coordinates":[[-74.0989,4.63531],[-74.09847,4.63553],[-74.09791,4.63581]]}},{"type":"Feature","properties":{"id":"1049164221","nom":"Calle 22A","tipo":"residential"},"geometry":{"type":"LineString","coordinates":[[-74.09764,4.63528],[-74.09791,4.63581]]}},{"type":"Feature","properties":{"id":"1049164222","nom":"Calle 22A","tipo":"residential"},"geometry":{"type":"LineString","coordinates":[[-74.09741,4.63478],[-74.09764,4.63528]]}},{"type":"Feature","properties":{"id":"1049164223","nom":"Carrera 44C","tipo":"residential"},"geometry":{"type":"LineString","coordinates":[[-74.09674,4.63337],[-74.09678,4.63336],[-74.09791,4.63282],[-74.09801,4.63276],[-74.09805,4.63275],[-74.09809,4.63275]]}},{"type":"Feature","properties":{"id":"1049164224","nom":"Calle 22A","tipo":"residential"},"geometry":{"type":"LineString","coordinates":[[-74.09674,4.63337],[-74.09677,4.63343],[-74.09681,4.63351],[-74.09694,4.63379],[-74.09696,4.63382]]}},{"type":"Feature","properties":{"id":"1049164225","nom":"Calle 22A","tipo":"residential"},"geometry":{"type":"LineString","coordinates":[[-74.09696,4.63382],[-74.09697,4.63384],[-74.09716,4.63425],[-74.09718,4.63431],[-74.09741,4.63478]]}},{"type":"Feature","properties":{"id":"1049164226","nom":"Carrera 45","tipo":"residential"},"geometry":{"type":"LineString","coordinates":[[-74.09604,4.63427],[-74.09692,4.63384],[-74.09696,4.63382]]}},{"type":"Feature","properties":{"id":"1049164227","nom":"Carrera 47","tipo":"residential"},"geometry":{"type":"LineString","coordinates":[[-74.09741,4.63478],[-74.09845,4.63432]]}},{"type":"Feature","properties":{"id":"1049164228","nom":"Calle 22A","tipo":"residential"},"geometry":{"type":"LineString","coordinates":[[-74.09791,4.63581],[-74.09816,4.63632],[-74.09826,4.63653]]}},{"type":"Feature","properties":{"id":"1049164229","nom":"Carrera 47","tipo":"residential"},"geometry":{"type":"LineString","coordinates":[[-74.09845,4.63432],[-74.09922,4.63395],[-74.09925,4.63394]]}},{"type":"Feature","properties":{"id":"1049164230","nom":"Calle 22 Bis","tipo":"residential"},"geometry":{"type":"LineString","coordinates":[[-74.0989,4.63531],[-74.0989,4.63535],[-74.09943,4.63651],[-74.09946,4.63656]]}},{"type":"Feature","properties":{"id":"1049164231","nom":"Carrera 54","tipo":"residential"},"geometry":{"type":"LineString","coordinates":[[-74.09878,4.64142],[-74.09865,4.6415],[-74.09852,4.64158]]}},{"type":"Feature","properties":{"id":"1049164232","nom":"Carrera 54","tipo":"residential"},"geometry":{"type":"LineString","coordinates":[[-74.09967,4.64081],[-74.09959,4.64087],[-74.09954,4.6409],[-74.09878,4.64142]]}},{"type":"Feature","properties":{"id":"1049164233","nom":"Calle 24A","tipo":"residential"},"geometry":{"type":"LineString","coordinates":[[-74.09735,4.63975],[-74.09815,4.641],[-74.09822,4.64112],[-74.09847,4.6415],[-74.09852,4.64158]]}},{"type":"Feature","properties":{"id":"1050701304","nom":"Avenida Calle 45","tipo":"secondary"},"geometry":{"type":"LineString","coordinates":[[-74.07612,4.634],[-74.07595,4.63397]]}},{"type":"Feature","properties":{"id":"1050701305","nom":"Avenida Calle 45","tipo":"secondary"},"geometry":{"type":"LineString","coordinates":[[-74.07765,4.63418],[-74.07738,4.6342],[-74.07732,4.6342],[-74.07726,4.63419],[-74.07612,4.634]]}},{"type":"Feature","properties":{"id":"1050701306","nom":"","tipo":"secondary_link"},"geometry":{"type":"LineString","coordinates":[[-74.07765,4.63418],[-74.07723,4.6341],[-74.07649,4.63396],[-74.07628,4.63392]]}},{"type":"Feature","properties":{"id":"1050701307","nom":"Avenida Carrera 28","tipo":"secondary"},"geometry":{"type":"LineString","coordinates":[[-74.07918,4.63228],[-74.07911,4.63209]]}},{"type":"Feature","properties":{"id":"1050701308","nom":"Avenida Carrera 28","tipo":"secondary"},"geometry":{"type":"LineString","coordinates":[[-74.07911,4.63209],[-74.07889,4.63146],[-74.07876,4.63097]]}},{"type":"Feature","properties":{"id":"1050701309","nom":"Calle 25","tipo":"tertiary"},"geometry":{"type":"LineString","coordinates":[[-74.08824,4.62995],[-74.0879,4.62942],[-74.08767,4.62907],[-74.08762,4.62899],[-74.08761,4.62897],[-74.08734,4.62856],[-74.0871,4.62819],[-74.08699,4.62803],[-74.08681,4.62774],[-74.08679,4.62772],[-74.08677,4.62769],[-74.08673,4.62766]]}},{"type":"Feature","properties":{"id":"1051315349","nom":"Avenida Calle 72","tipo":"secondary"},"geometry":{"type":"LineString","coordinates":[[-74.06712,4.66312],[-74.06718,4.66316]]}},{"type":"Feature","properties":{"id":"1051315350","nom":"Carrera 25","tipo":"residential"},"geometry":{"type":"LineString","coordinates":[[-74.06763,4.66336],[-74.06757,4.66345]]}},{"type":"Feature","properties":{"id":"1051315351","nom":"Avenida Calle 72","tipo":"secondary"},"geometry":{"type":"LineString","coordinates":[[-74.06757,4.66345],[-74.06798,4.66376]]}},{"type":"Feature","properties":{"id":"1051351480","nom":"Carrera 23","tipo":"residential"},"geometry":{"type":"LineString","coordinates":[[-74.07435,4.63576],[-74.07415,4.6368]]}},{"type":"Feature","properties":{"id":"1051351482","nom":"Carrera 28A","tipo":"residential"},"geometry":{"type":"LineString","coordinates":[[-74.0783,4.64047],[-74.0783,4.6404],[-74.07841,4.6391],[-74.07841,4.63907],[-74.0784,4.63904]]}},{"type":"Feature","properties":{"id":"1051351483","nom":"Calle 51","tipo":"tertiary"},"geometry":{"type":"LineString","coordinates":[[-74.0783,4.64047],[-74.0787,4.64054]]}},{"type":"Feature","properties":{"id":"1051351484","nom":"Carrera 28 Bis","tipo":"residential"},"geometry":{"type":"LineString","coordinates":[[-74.07784,4.64039],[-74.07783,4.64044],[-74.07777,4.64134],[-74.07773,4.64192]]}},{"type":"Feature","properties":{"id":"1051351485","nom":"Calle 51","tipo":"tertiary"},"geometry":{"type":"LineString","coordinates":[[-74.07734,4.6403],[-74.07743,4.64032],[-74.07776,4.64037],[-74.07784,4.64039]]}},{"type":"Feature","properties":{"id":"1051351486","nom":"Calle 51","tipo":"tertiary"},"geometry":{"type":"LineString","coordinates":[[-74.07687,4.64022],[-74.07728,4.64029],[-74.07734,4.6403]]}},{"type":"Feature","properties":{"id":"1051351487","nom":"Calle 50","tipo":"residential"},"geometry":{"type":"LineString","coordinates":[[-74.07582,4.639],[-74.07514,4.63889]]}},{"type":"Feature","properties":{"id":"1051351488","nom":"Carrera 26","tipo":"residential"},"geometry":{"type":"LineString","coordinates":[[-74.07582,4.639],[-74.07598,4.63808]]}},{"type":"Feature","properties":{"id":"1051351489","nom":"Calle 50","tipo":"residential"},"geometry":{"type":"LineString","coordinates":[[-74.07514,4.63889],[-74.07454,4.63878],[-74.07448,4.63877]]}},{"type":"Feature","properties":{"id":"1051351490","nom":"Carrera 25","tipo":"residential"},"geometry":{"type":"LineString","coordinates":[[-74.07532,4.63796],[-74.07514,4.63889]]}},{"type":"Feature","properties":{"id":"1051351492","nom":"Carrera 25","tipo":"residential"},"geometry":{"type":"LineString","coordinates":[[-74.07567,4.63601],[-74.07548,4.63704]]}},{"type":"Feature","properties":{"id":"1051351493","nom":"Calle 45C Bis","tipo":"residential"},"geometry":{"type":"LineString","coordinates":[[-74.07548,4.63704],[-74.07487,4.63693],[-74.07481,4.63692]]}},{"type":"Feature","properties":{"id":"1051351494","nom":"Carrera 25","tipo":"residential"},"geometry":{"type":"LineString","coordinates":[[-74.07548,4.63704],[-74.07532,4.63796]]}},{"type":"Feature","properties":{"id":"1051351495","nom":"Carrera 25","tipo":"residential"},"geometry":{"type":"LineString","coordinates":[[-74.07514,4.63889],[-74.07498,4.63985],[-74.07497,4.63989],[-74.07497,4.63993],[-74.0748,4.64082],[-74.07479,4.64086]]}},{"type":"Feature","properties":{"id":"1051351496","nom":"Calle 49","tipo":"residential"},"geometry":{"type":"LineString","coordinates":[[-74.07532,4.63796],[-74.07598,4.63808]]}},{"type":"Feature","properties":{"id":"1051351497","nom":"Avenida Carrera 24","tipo":"secondary"},"geometry":{"type":"LineString","coordinates":[[-74.07471,4.63746],[-74.0748,4.63696],[-74.07481,4.63692]]}},{"type":"Feature","properties":{"id":"1051351498","nom":"Calle 45C Bis","tipo":"residential"},"geometry":{"type":"LineString","coordinates":[[-74.07615,4.63716],[-74.07548,4.63704]]}},{"type":"Feature","properties":{"id":"1051351499","nom":"Avenida Carrera 24","tipo":"secondary"},"geometry":{"type":"LineString","coordinates":[[-74.07481,4.63692],[-74.07482,4.63685],[-74.07499,4.63591],[-74.075,4.63588]]}},{"type":"Feature","properties":{"id":"1051351507","nom":"Calle 45A","tipo":"residential"},"geometry":{"type":"LineString","coordinates":[[-74.07734,4.63478],[-74.07828,4.63494]]}},{"type":"Feature","properties":{"id":"1051351508","nom":"Calle 45A","tipo":"residential"},"geometry":{"type":"LineString","coordinates":[[-74.07665,4.63466],[-74.07734,4.63478]]}},{"type":"Feature","properties":{"id":"1051351509","nom":"Calle 45A","tipo":"residential"},"geometry":{"type":"LineString","coordinates":[[-74.07594,4.63453],[-74.07596,4.63454],[-74.07598,4.63455],[-74.07665,4.63466]]}},{"type":"Feature","properties":{"id":"1051351513","nom":"Carrera 47","tipo":"residential"},"geometry":{"type":"LineString","coordinates":[[-74.08504,4.64799],[-74.08495,4.64823],[-74.08479,4.64863]]}},{"type":"Feature","properties":{"id":"1051351514","nom":"Calle 56","tipo":"residential"},"geometry":{"type":"LineString","coordinates":[[-74.08381,4.6462],[-74.08371,4.64619]]}},{"type":"Feature","properties":{"id":"1051351515","nom":"Carrera 45","tipo":"tertiary"},"geometry":{"type":"LineString","coordinates":[[-74.08382,4.64536],[-74.08371,4.64619]]}},{"type":"Feature","properties":{"id":"1051351516","nom":"Calle 45A","tipo":"residential"},"geometry":{"type":"LineString","coordinates":[[-74.08945,4.64764],[-74.08849,4.64697]]}},{"type":"Feature","properties":{"id":"1051351517","nom":"Carrera 54","tipo":"residential"},"geometry":{"type":"LineString","coordinates":[[-74.08945,4.64764],[-74.08975,4.64718]]}},{"type":"Feature","properties":{"id":"1051351518","nom":"Calle 45","tipo":"residential"},"geometry":{"type":"LineString","coordinates":[[-74.08834,4.64619],[-74.08841,4.64624],[-74.08854,4.64634],[-74.08879,4.64652],[-74.08924,4.64683],[-74.08975,4.64718]]}},{"type":"Feature","properties":{"id":"1051583590","nom":"Avenida Calle 20","tipo":"trunk"},"geometry":{"type":"LineString","coordinates":[[-74.09236,4.62584],[-74.09285,4.6259]]}},{"type":"Feature","properties":{"id":"1051583591","nom":"Avenida Calle 20","tipo":"trunk"},"geometry":{"type":"LineString","coordinates":[[-74.09377,4.626],[-74.09404,4.62605],[-74.09492,4.62622],[-74.09581,4.62639],[-74.09586,4.6264],[-74.09593,4.62642]]}},{"type":"Feature","properties":{"id":"1051583592","nom":"Avenida Calle 23","tipo":"trunk"},"geometry":{"type":"LineString","coordinates":[[-74.0905,4.62563],[-74.09089,4.62568],[-74.09094,4.62568],[-74.091,4.62569]]}},{"type":"Feature","properties":{"id":"1051593699","nom":"Calle 58","tipo":"residential"},"geometry":{"type":"LineString","coordinates":[[-74.06708,4.64504],[-74.06639,4.64491],[-74.06571,4.64478]]}},{"type":"Feature","properties":{"id":"1051593700","nom":"Avenida Carrera 17","tipo":"secondary"},"geometry":{"type":"LineString","coordinates":[[-74.06888,4.64332],[-74.06887,4.64339],[-74.06877,4.64389],[-74.06877,4.64393],[-74.06867,4.64446],[-74.06866,4.64449],[-74.06865,4.64455]]}},{"type":"Feature","properties":{"id":"1051593701","nom":"Calle 55 Bis","tipo":"residential"},"geometry":{"type":"LineString","coordinates":[[-74.07012,4.64354],[-74.07004,4.64352],[-74.06947,4.64342],[-74.06893,4.64333],[-74.06888,4.64332],[-74.06883,4.64332],[-74.06794,4.64317],[-74.06787,4.64315]]}},{"type":"Feature","properties":{"id":"1051593702","nom":"Carrera 16","tipo":"residential"},"geometry":{"type":"LineString","coordinates":[[-74.06787,4.64315],[-74.06786,4.6432],[-74.06776,4.64379],[-74.06774,4.64387]]}},{"type":"Feature","properties":{"id":"1051593704","nom":"Carrera 16","tipo":"residential"},"geometry":{"type":"LineString","coordinates":[[-74.06774,4.64387],[-74.06773,4.64393],[-74.06766,4.6443],[-74.06766,4.64433],[-74.06765,4.64438]]}},{"type":"Feature","properties":{"id":"1051593705","nom":"Calle 56","tipo":"residential"},"geometry":{"type":"LineString","coordinates":[[-74.06774,4.64387],[-74.06777,4.64387],[-74.06779,4.64388],[-74.06781,4.64388],[-74.06789,4.64389],[-74.06798,4.6439],[-74.06807,4.6439],[-74.06823,4.64389],[-74.06838,4.64388],[-74.06847,4.64388],[-74.06872,4.64392],[-74.06877,4.64393]]}},{"type":"Feature","properties":{"id":"1051593706","nom":"Avenida Calle 57","tipo":"secondary"},"geometry":{"type":"LineString","coordinates":[[-74.06863,4.64465],[-74.06871,4.64467],[-74.06889,4.6447],[-74.06916,4.64474],[-74.06919,4.64475],[-74.06924,4.64476]]}},{"type":"Feature","properties":{"id":"1051593707","nom":"Avenida Carrera 17","tipo":"secondary"},"geometry":{"type":"LineString","coordinates":[[-74.06865,4.64455],[-74.06865,4.64457],[-74.06864,4.64463],[-74.06863,4.64465]]}},{"type":"Feature","properties":{"id":"1051593708","nom":"Diagonal 60","tipo":"residential"},"geometry":{"type":"LineString","coordinates":[[-74.07266,4.64684],[-74.07271,4.64682],[-74.07273,4.64682],[-74.07306,4.64668]]}},{"type":"Feature","properties":{"id":"1051593709","nom":"Transversal 24","tipo":"secondary"},"geometry":{"type":"LineString","coordinates":[[-74.07245,4.64606],[-74.07246,4.64614],[-74.07248,4.64625],[-74.07253,4.64645],[-74.07259,4.64665],[-74.07265,4.64681],[-74.07266,4.64684]]}},{"type":"Feature","properties":{"id":"1051593710","nom":"Diagonal 60","tipo":"residential"},"geometry":{"type":"LineString","coordinates":[[-74.07306,4.64668],[-74.07342,4.64653],[-74.07345,4.64652],[-74.07352,4.64649]]}},{"type":"Feature","properties":{"id":"1051593711","nom":"Diagonal 60","tipo":"residential"},"geometry":{"type":"LineString","coordinates":[[-74.07136,4.64738],[-74.07144,4.64735]]}},{"type":"Feature","properties":{"id":"1051593712","nom":"Transversal 22A","tipo":"tertiary"},"geometry":{"type":"LineString","coordinates":[[-74.07184,4.64828],[-74.07184,4.64826],[-74.07164,4.6478],[-74.07144,4.64735]]}},{"type":"Feature","properties":{"id":"1051593713","nom":"Diagonal 59","tipo":"residential"},"geometry":{"type":"LineString","coordinates":[[-74.07033,4.64673],[-74.06966,4.64694]]}},{"type":"Feature","properties":{"id":"1051593714","nom":"Calle 58B","tipo":"residential"},"geometry":{"type":"LineString","coordinates":[[-74.06894,4.64637],[-74.06891,4.64637],[-74.06839,4.64628],[-74.06834,4.64627]]}},{"type":"Feature","properties":{"id":"1051593715","nom":"Carrera 18","tipo":"tertiary"},"geometry":{"type":"LineString","coordinates":[[-74.06886,4.64687],[-74.06887,4.64681],[-74.06893,4.64644],[-74.06894,4.64637]]}},{"type":"Feature","properties":{"id":"1051593716","nom":"Carrera 18","tipo":"tertiary"},"geometry":{"type":"LineString","coordinates":[[-74.06894,4.64637],[-74.06895,4.64633],[-74.06904,4.64587],[-74.06909,4.64555],[-74.06911,4.64546],[-74.06912,4.64541]]}},{"type":"Feature","properties":{"id":"1051593719","nom":"Avenida Carrera 17","tipo":"secondary"},"geometry":{"type":"LineString","coordinates":[[-74.06808,4.64766],[-74.06807,4.64773],[-74.06793,4.64848],[-74.06791,4.64856],[-74.06785,4.64889],[-74.0678,4.64915]]}},{"type":"Feature","properties":{"id":"1051593720","nom":"Calle 58","tipo":"residential"},"geometry":{"type":"LineString","coordinates":[[-74.07245,4.64606],[-74.07241,4.64605],[-74.07178,4.64592]]}},{"type":"Feature","properties":{"id":"1051593721","nom":"Calle 58","tipo":"residential"},"geometry":{"type":"LineString","coordinates":[[-74.07178,4.64592],[-74.07124,4.6458],[-74.07121,4.6458]]}},{"type":"Feature","properties":{"id":"1051593723","nom":"Calle 61A","tipo":"residential"},"geometry":{"type":"LineString","coordinates":[[-74.06854,4.64909],[-74.06785,4.64914],[-74.0678,4.64915]]}},{"type":"Feature","properties":{"id":"1051593724","nom":"Diagonal 61B","tipo":"tertiary"},"geometry":{"type":"LineString","coordinates":[[-74.06977,4.64925],[-74.06974,4.64926],[-74.06936,4.6494],[-74.06932,4.64942],[-74.06929,4.64943]]}},{"type":"Feature","properties":{"id":"1051593725","nom":"Carrera 19A","tipo":"tertiary"},"geometry":{"type":"LineString","coordinates":[[-74.06932,4.64952],[-74.06929,4.64943]]}},{"type":"Feature","properties":{"id":"1051593726","nom":"Diagonal 61B","tipo":"tertiary"},"geometry":{"type":"LineString","coordinates":[[-74.07056,4.64892],[-74.06991,4.6492],[-74.06987,4.64921],[-74.06983,4.64923]]}},{"type":"Feature","properties":{"id":"1051593727","nom":"Transversal 21 Bis","tipo":"residential"},"geometry":{"type":"LineString","coordinates":[[-74.0706,4.649],[-74.07056,4.64892]]}},{"type":"Feature","properties":{"id":"1051593728","nom":"Diagonal 61B","tipo":"tertiary"},"geometry":{"type":"LineString","coordinates":[[-74.06987,4.64931],[-74.0699,4.6493],[-74.0706,4.649]]}},{"type":"Feature","properties":{"id":"1051593729","nom":"Transversal 21 Bis","tipo":"residential"},"geometry":{"type":"LineString","coordinates":[[-74.07096,4.64987],[-74.07063,4.64907],[-74.0706,4.649]]}},{"type":"Feature","properties":{"id":"1051863280","nom":"Avenida Calle 57","tipo":"secondary"},"geometry":{"type":"LineString","coordinates":[[-74.06681,4.64424],[-74.06629,4.64414]]}},{"type":"Feature","properties":{"id":"1051957085","nom":"Avenida Carrera 60","tipo":"secondary"},"geometry":{"type":"LineString","coordinates":[[-74.09286,4.65188],[-74.09282,4.65191],[-74.09268,4.65201]]}},{"type":"Feature","properties":{"id":"1051957086","nom":"Avenida Calle 53","tipo":"secondary"},"geometry":{"type":"LineString","coordinates":[[-74.09269,4.65176],[-74.09274,4.65179],[-74.09279,4.65182],[-74.09286,4.65188]]}},{"type":"Feature","properties":{"id":"1052094579","nom":"Carrera 18","tipo":"tertiary"},"geometry":{"type":"LineString","coordinates":[[-74.06937,4.64401],[-74.06938,4.64398],[-74.06947,4.64342]]}},{"type":"Feature","properties":{"id":"1052094580","nom":"Calle 56","tipo":"residential"},"geometry":{"type":"LineString","coordinates":[[-74.06937,4.64401],[-74.07002,4.64411],[-74.07078,4.64423],[-74.07139,4.64432],[-74.07144,4.64433]]}},{"type":"Feature","properties":{"id":"1052737151","nom":"Avenida Calle 20","tipo":"trunk"},"geometry":{"type":"LineString","coordinates":[[-74.09373,4.62639],[-74.09442,4.62646],[-74.09467,4.62649],[-74.09535,4.62656],[-74.09567,4.62659]]}},{"type":"Feature","properties":{"id":"1052856811","nom":"Avenida Calle 45","tipo":"secondary"},"geometry":{"type":"LineString","coordinates":[[-74.07557,4.63391],[-74.07545,4.63389]]}},{"type":"Feature","properties":{"id":"1052856812","nom":"Carrera 25","tipo":"residential"},"geometry":{"type":"LineString","coordinates":[[-74.07544,4.634],[-74.07557,4.63391]]}},{"type":"Feature","properties":{"id":"1052856824","nom":"Avenida Carrera 13","tipo":"secondary"},"geometry":{"type":"LineString","coordinates":[[-74.06643,4.63218],[-74.06644,4.6321],[-74.0665,4.63175],[-74.06652,4.63159],[-74.06655,4.63142],[-74.06661,4.63104],[-74.06664,4.63087],[-74.06672,4.63039],[-74.06682,4.62979]]}},{"type":"Feature","properties":{"id":"1052856825","nom":"Avenida Carrera 13","tipo":"secondary"},"geometry":{"type":"LineString","coordinates":[[-74.06641,4.6323],[-74.06641,4.63225],[-74.06643,4.63218]]}},{"type":"Feature","properties":{"id":"1053475383","nom":"Carrera 20","tipo":"tertiary"},"geometry":{"type":"LineString","coordinates":[[-74.06989,4.64944],[-74.06999,4.64971],[-74.07002,4.64982],[-74.07004,4.64993],[-74.07005,4.65002],[-74.07006,4.65012],[-74.07005,4.65026],[-74.07003,4.65042],[-74.07003,4.65047],[-74.07002,4.65053],[-74.07001,4.65063],[-74.07001,4.65068],[-74.07001,4.65073],[-74.07,4.65077],[-74.06984,4.65166],[-74.0697,4.65243]]}},{"type":"Feature","properties":{"id":"1053475384","nom":"Calle 63B","tipo":"residential"},"geometry":{"type":"LineString","coordinates":[[-74.0697,4.65243],[-74.06967,4.65242],[-74.06929,4.65236],[-74.06923,4.65234],[-74.06917,4.65233]]}},{"type":"Feature","properties":{"id":"1053475385","nom":"Calle 63C","tipo":"residential"},"geometry":{"type":"LineString","coordinates":[[-74.068,4.65285],[-74.06852,4.65294],[-74.069,4.65302],[-74.06904,4.65303]]}},{"type":"Feature","properties":{"id":"1053475386","nom":"Carrera 19A","tipo":"tertiary"},"geometry":{"type":"LineString","coordinates":[[-74.06904,4.65303],[-74.06905,4.65299],[-74.06916,4.65239],[-74.06917,4.65233]]}},{"type":"Feature","properties":{"id":"1053475387","nom":"Calle 63B","tipo":"residential"},"geometry":{"type":"LineString","coordinates":[[-74.06917,4.65233],[-74.06913,4.65232],[-74.06908,4.65232],[-74.06865,4.65224],[-74.06813,4.65215],[-74.06732,4.65201],[-74.06728,4.65201],[-74.06723,4.652],[-74.0664,4.65185]]}},{"type":"Feature","properties":{"id":"1053475388","nom":"Carrera 19A","tipo":"tertiary"},"geometry":{"type":"LineString","coordinates":[[-74.06917,4.65233],[-74.06917,4.65229],[-74.0693,4.65162],[-74.06931,4.65156]]}},{"type":"Feature","properties":{"id":"1053475389","nom":"Calle 63A","tipo":"residential"},"geometry":{"type":"LineString","coordinates":[[-74.06743,4.65119],[-74.06747,4.6512],[-74.06769,4.65124],[-74.06827,4.65136],[-74.0688,4.65146],[-74.06923,4.65155],[-74.06928,4.65155],[-74.06931,4.65156]]}},{"type":"Feature","properties":{"id":"1053475390","nom":"Carrera 19A","tipo":"tertiary"},"geometry":{"type":"LineString","coordinates":[[-74.06887,4.65398],[-74.06888,4.65393],[-74.069,4.65326],[-74.06903,4.65308],[-74.06904,4.65303]]}},{"type":"Feature","properties":{"id":"1053475391","nom":"Carrera 22","tipo":"residential"},"geometry":{"type":"LineString","coordinates":[[-74.07036,4.65539],[-74.0704,4.65527]]}},{"type":"Feature","properties":{"id":"1053475392","nom":"Calle 63D","tipo":"residential"},"geometry":{"type":"LineString","coordinates":[[-74.06989,4.65417],[-74.07056,4.6543]]}},{"type":"Feature","properties":{"id":"1053475393","nom":"Carrera 21","tipo":"residential"},"geometry":{"type":"LineString","coordinates":[[-74.06989,4.65417],[-74.06977,4.65493]]}},{"type":"Feature","properties":{"id":"1053475394","nom":"Calle 63D","tipo":"residential"},"geometry":{"type":"LineString","coordinates":[[-74.07117,4.65441],[-74.07173,4.65452],[-74.07176,4.65452]]}},{"type":"Feature","properties":{"id":"1053475395","nom":"Carrera 22","tipo":"residential"},"geometry":{"type":"LineString","coordinates":[[-74.07056,4.6543],[-74.07073,4.65333],[-74.07086,4.65264],[-74.07099,4.65188]]}},{"type":"Feature","properties":{"id":"1053475396","nom":"Calle 63D","tipo":"residential"},"geometry":{"type":"LineString","coordinates":[[-74.07056,4.6543],[-74.07117,4.65441]]}},{"type":"Feature","properties":{"id":"1054811269","nom":"Carrera 16","tipo":"residential"},"geometry":{"type":"LineString","coordinates":[[-74.07024,4.62928],[-74.07022,4.6294]]}},{"type":"Feature","properties":{"id":"1054811270","nom":"Diagonal 40A","tipo":"tertiary"},"geometry":{"type":"LineString","coordinates":[[-74.07024,4.62928],[-74.0702,4.62925],[-74.06957,4.62874]]}},{"type":"Feature","properties":{"id":"1054811271","nom":"Diagonal 40A","tipo":"tertiary"},"geometry":{"type":"LineString","coordinates":[[-74.07084,4.62978],[-74.07029,4.62933],[-74.07024,4.62928]]}},{"type":"Feature","properties":{"id":"1054840711","nom":"","tipo":"residential"},"geometry":{"type":"LineString","coordinates":[[-74.09767,4.6268],[-74.09768,4.62669]]}},{"type":"Feature","properties":{"id":"1054840716","nom":"Avenida Calle 23","tipo":"trunk"},"geometry":{"type":"LineString","coordinates":[[-74.091,4.62569],[-74.09108,4.6257]]}},{"type":"Feature","properties":{"id":"1054840717","nom":"Avenida Carrera 36","tipo":"secondary"},"geometry":{"type":"LineString","coordinates":[[-74.09101,4.6256],[-74.091,4.62569]]}},{"type":"Feature","properties":{"id":"1054840718","nom":"Transversal 28A","tipo":"residential"},"geometry":{"type":"LineString","coordinates":[[-74.07763,4.62551],[-74.07728,4.62446],[-74.07726,4.62441]]}},{"type":"Feature","properties":{"id":"1054848269","nom":"Avenida Carrera 30","tipo":"trunk"},"geometry":{"type":"LineString","coordinates":[[-74.08309,4.62529],[-74.08333,4.62513],[-74.0834,4.62508],[-74.08345,4.62503],[-74.08346,4.625],[-74.08348,4.62498],[-74.0835,4.62492]]}},{"type":"Feature","properties":{"id":"1054848270","nom":"","tipo":"trunk_link"},"geometry":{"type":"LineString","coordinates":[[-74.08163,4.62778],[-74.0816,4.6277],[-74.08159,4.62768],[-74.08159,4.62765],[-74.08159,4.62763],[-74.08159,4.62762],[-74.08159,4.6276],[-74.08159,4.62758],[-74.0816,4.62757],[-74.08161,4.62755],[-74.08162,4.62754],[-74.08163,4.62753],[-74.08164,4.62752],[-74.08175,4.62744],[-74.08178,4.62742],[-74.08179,4.6274],[-74.08181,4.62738]]}},{"type":"Feature","properties":{"id":"1054886469","nom":"Avenida Calle 25","tipo":"trunk"},"geometry":{"type":"LineString","coordinates":[[-74.08201,4.62454],[-74.08436,4.62503]]}},{"type":"Feature","properties":{"id":"1055287457","nom":"Calle 39","tipo":"residential"},"geometry":{"type":"LineString","coordinates":[[-74.07744,4.62766],[-74.07757,4.62761]]}},{"type":"Feature","properties":{"id":"1055287458","nom":"Avenida Carrera 28","tipo":"secondary"},"geometry":{"type":"LineString","coordinates":[[-74.07744,4.62766],[-74.07746,4.62771],[-74.07793,4.62903],[-74.07796,4.6291]]}},{"type":"Feature","properties":{"id":"1055787457","nom":"","tipo":"trunk_link"},"geometry":{"type":"LineString","coordinates":[[-74.09837,4.62602],[-74.09826,4.62613]]}},{"type":"Feature","properties":{"id":"1056096302","nom":"Avenida Carrera 40","tipo":"secondary"},"geometry":{"type":"LineString","coordinates":[[-74.08917,4.63331],[-74.08905,4.63371],[-74.08903,4.63376],[-74.089,4.63387]]}},{"type":"Feature","properties":{"id":"1056605912","nom":"Calle 26A","tipo":"residential"},"geometry":{"type":"LineString","coordinates":[[-74.08322,4.63095],[-74.08353,4.63142]]}},{"type":"Feature","properties":{"id":"1056605913","nom":"Calle 26A","tipo":"residential"},"geometry":{"type":"LineString","coordinates":[[-74.08298,4.63059],[-74.08322,4.63095]]}},{"type":"Feature","properties":{"id":"1056732412","nom":"Calle 25C","tipo":"residential"},"geometry":{"type":"LineString","coordinates":[[-74.0862,4.63291],[-74.08621,4.63286],[-74.08624,4.6327],[-74.08625,4.63261]]}},{"type":"Feature","properties":{"id":"1057024289","nom":"Avenida Carrera 7","tipo":"primary"},"geometry":{"type":"LineString","coordinates":[[-74.06544,4.62743],[-74.06551,4.62714],[-74.06558,4.62685],[-74.06574,4.62621],[-74.06576,4.62612],[-74.06577,4.62606],[-74.06579,4.62599]]}},{"type":"Feature","properties":{"id":"1057098015","nom":"Carrera 20","tipo":"residential"},"geometry":{"type":"LineString","coordinates":[[-74.07247,4.63435],[-74.0723,4.63523],[-74.07229,4.63527]]}},{"type":"Feature","properties":{"id":"1057098016","nom":"Carrera 22","tipo":"residential"},"geometry":{"type":"LineString","coordinates":[[-74.07332,4.63756],[-74.07314,4.63855]]}},{"type":"Feature","properties":{"id":"1057098017","nom":"Carrera 19","tipo":"residential"},"geometry":{"type":"LineString","coordinates":[[-74.07087,4.6408],[-74.07096,4.64025],[-74.07097,4.6402]]}},{"type":"Feature","properties":{"id":"1057098018","nom":"Calle 52A","tipo":"residential"},"geometry":{"type":"LineString","coordinates":[[-74.07137,4.64089],[-74.07132,4.64088],[-74.07087,4.6408]]}},{"type":"Feature","properties":{"id":"1057098019","nom":"Carrera 21","tipo":"tertiary"},"geometry":{"type":"LineString","coordinates":[[-74.07206,4.64089],[-74.07201,4.64116]]}},{"type":"Feature","properties":{"id":"1057681899","nom":"Avenida Calle 26","tipo":"primary"},"geometry":{"type":"LineString","coordinates":[[-74.08507,4.63273],[-74.08544,4.63286],[-74.08566,4.63293],[-74.08677,4.63332],[-74.08874,4.63409],[-74.08879,4.63411],[-74.08891,4.63415]]}},{"type":"Feature","properties":{"id":"1058016856","nom":"Calle 66A","tipo":"residential"},"geometry":{"type":"LineString","coordinates":[[-74.08019,4.66449],[-74.08076,4.66495]]}},{"type":"Feature","properties":{"id":"1058016857","nom":"Carrera 54","tipo":"residential"},"geometry":{"type":"LineString","coordinates":[[-74.08019,4.66449],[-74.08023,4.66443],[-74.08055,4.66401],[-74.0807,4.66381],[-74.08103,4.66338],[-74.08115,4.66323],[-74.08167,4.66257],[-74.08172,4.6625],[-74.08176,4.66245],[-74.08181,4.66237],[-74.08209,4.66202]]}},{"type":"Feature","properties":{"id":"1060504240","nom":"Carrera 20","tipo":"residential"},"geometry":{"type":"LineString","coordinates":[[-74.07137,4.64089],[-74.07131,4.6412],[-74.0713,4.64125]]}},{"type":"Feature","properties":{"id":"1060504241","nom":"Diagonal 54","tipo":"residential"},"geometry":{"type":"LineString","coordinates":[[-74.06866,4.64211],[-74.069,4.64232],[-74.06905,4.64235]]}},{"type":"Feature","properties":{"id":"1061801594","nom":"Carrera 46","tipo":"residential"},"geometry":{"type":"LineString","coordinates":[[-74.10195,4.62867],[-74.10166,4.62903],[-74.10161,4.62909],[-74.10119,4.62961],[-74.10043,4.63053],[-74.09995,4.63112],[-74.09965,4.6315]]}},{"type":"Feature","properties":{"id":"1063723673","nom":"Diagonal 40A","tipo":"tertiary"},"geometry":{"type":"LineString","coordinates":[[-74.06721,4.62732],[-74.06724,4.62733],[-74.06731,4.62733],[-74.06738,4.62734],[-74.06749,4.62737]]}},{"type":"Feature","properties":{"id":"1063723674","nom":"Diagonal 40A","tipo":"tertiary"},"geometry":{"type":"LineString","coordinates":[[-74.06749,4.62737],[-74.06757,4.6274],[-74.06766,4.62744],[-74.06791,4.62758],[-74.06813,4.62773],[-74.06824,4.6278],[-74.06831,4.62785],[-74.06831,4.62785],[-74.06835,4.62788],[-74.06839,4.62791]]}},{"type":"Feature","properties":{"id":"1063723676","nom":"Diagonal 40A","tipo":"tertiary"},"geometry":{"type":"LineString","coordinates":[[-74.06951,4.62881],[-74.07018,4.62936],[-74.07022,4.6294]]}},{"type":"Feature","properties":{"id":"1063723677","nom":"Carrera 15","tipo":"residential"},"geometry":{"type":"LineString","coordinates":[[-74.06951,4.62881],[-74.06957,4.62874]]}},{"type":"Feature","properties":{"id":"1063723678","nom":"Carrera 17","tipo":"residential"},"geometry":{"type":"LineString","coordinates":[[-74.07093,4.63064],[-74.07097,4.63042],[-74.07098,4.6304]]}},{"type":"Feature","properties":{"id":"1063723679","nom":"Carrera 16","tipo":"residential"},"geometry":{"type":"LineString","coordinates":[[-74.07008,4.63017],[-74.07008,4.63019]]}},{"type":"Feature","properties":{"id":"1063723680","nom":"Diagonal 40A","tipo":"tertiary"},"geometry":{"type":"LineString","coordinates":[[-74.07134,4.63061],[-74.07165,4.63085],[-74.07172,4.6309]]}},{"type":"Feature","properties":{"id":"1063723681","nom":"Diagonal 40A","tipo":"tertiary"},"geometry":{"type":"LineString","coordinates":[[-74.07172,4.6309],[-74.0722,4.63129],[-74.07224,4.63133]]}},{"type":"Feature","properties":{"id":"1063723682","nom":"Carrera 18A","tipo":"residential"},"geometry":{"type":"LineString","coordinates":[[-74.07159,4.6316],[-74.0716,4.63154],[-74.07169,4.63104],[-74.07171,4.63094],[-74.07172,4.6309]]}},{"type":"Feature","properties":{"id":"1063723683","nom":"Diagonal 42A","tipo":"tertiary"},"geometry":{"type":"LineString","coordinates":[[-74.0728,4.63183],[-74.07293,4.63194]]}},{"type":"Feature","properties":{"id":"1063723684","nom":"Avenida Carrera 19","tipo":"secondary"},"geometry":{"type":"LineString","coordinates":[[-74.07224,4.63172],[-74.07225,4.63168],[-74.07229,4.63146],[-74.07231,4.63139]]}},{"type":"Feature","properties":{"id":"1063723685","nom":"Calle 43","tipo":"residential"},"geometry":{"type":"LineString","coordinates":[[-74.07264,4.6318],[-74.07277,4.63182],[-74.0728,4.63183]]}},{"type":"Feature","properties":{"id":"1063723686","nom":"Diagonal 42A","tipo":"tertiary"},"geometry":{"type":"LineString","coordinates":[[-74.07293,4.63194],[-74.07348,4.63241]]}},{"type":"Feature","properties":{"id":"1063723687","nom":"Carrera 20","tipo":"residential"},"geometry":{"type":"LineString","coordinates":[[-74.07293,4.63194],[-74.07292,4.63199],[-74.0728,4.63265]]}},{"type":"Feature","properties":{"id":"1063723688","nom":"Diagonal 42A","tipo":"tertiary"},"geometry":{"type":"LineString","coordinates":[[-74.07348,4.63241],[-74.07403,4.63287],[-74.07407,4.6329]]}},{"type":"Feature","properties":{"id":"1063723689","nom":"Diagonal 42A","tipo":"tertiary"},"geometry":{"type":"LineString","coordinates":[[-74.07412,4.63263],[-74.0741,4.63261],[-74.07353,4.63213],[-74.07297,4.63165],[-74.0727,4.63143]]}},{"type":"Feature","properties":{"id":"1063723690","nom":"Avenida Carrera 24","tipo":"secondary"},"geometry":{"type":"LineString","coordinates":[[-74.07483,4.63147],[-74.07483,4.6315],[-74.07483,4.63161],[-74.07483,4.63174],[-74.07484,4.63193],[-74.07485,4.63211],[-74.07486,4.63227],[-74.07486,4.63228],[-74.07488,4.63238],[-74.0749,4.63248]]}},{"type":"Feature","properties":{"id":"1063723691","nom":"Avenida Carrera 24","tipo":"secondary"},"geometry":{"type":"LineString","coordinates":[[-74.0749,4.63248],[-74.0749,4.6325],[-74.07493,4.6327],[-74.07496,4.63283],[-74.07499,4.63297],[-74.07502,4.63312],[-74.07506,4.63325],[-74.07507,4.63328],[-74.07508,4.63329]]}},{"type":"Feature","properties":{"id":"1063723692","nom":"Avenida Carrera 24","tipo":"secondary"},"geometry":{"type":"LineString","coordinates":[[-74.07518,4.63148],[-74.07518,4.63142],[-74.07518,4.63136]]}},{"type":"Feature","properties":{"id":"1063723693","nom":"Calle 41","tipo":"residential"},"geometry":{"type":"LineString","coordinates":[[-74.07483,4.63147],[-74.07479,4.63147],[-74.07455,4.63147],[-74.07425,4.63146],[-74.07367,4.63145],[-74.07305,4.63143],[-74.07299,4.63143],[-74.07297,4.63143],[-74.07274,4.63143],[-74.0727,4.63143]]}},{"type":"Feature","properties":{"id":"1063723694","nom":"Calle 41","tipo":"residential"},"geometry":{"type":"LineString","coordinates":[[-74.07527,4.63148],[-74.07518,4.63148]]}},{"type":"Feature","properties":{"id":"1063723695","nom":"Avenida Carrera 24","tipo":"secondary"},"geometry":{"type":"LineString","coordinates":[[-74.07525,4.63033],[-74.07536,4.62928],[-74.07536,4.62923]]}},{"type":"Feature","properties":{"id":"1063723696","nom":"Avenida Carrera 24","tipo":"secondary"},"geometry":{"type":"LineString","coordinates":[[-74.07536,4.62923],[-74.07537,4.62914]]}},{"type":"Feature","properties":{"id":"1063723698","nom":"Calle 39A","tipo":"residential"},"geometry":{"type":"LineString","coordinates":[[-74.07619,4.62928],[-74.0757,4.62925],[-74.07543,4.62923],[-74.07536,4.62923]]}},{"type":"Feature","properties":{"id":"1063723699","nom":"Calle 39A","tipo":"residential"},"geometry":{"type":"LineString","coordinates":[[-74.07536,4.62923],[-74.07509,4.62921],[-74.07501,4.6292]]}},{"type":"Feature","properties":{"id":"1063723700","nom":"Avenida Carrera 24","tipo":"secondary"},"geometry":{"type":"LineString","coordinates":[[-74.07537,4.62914],[-74.07539,4.62897],[-74.07546,4.62798],[-74.07547,4.6279],[-74.07547,4.62783]]}},{"type":"Feature","properties":{"id":"1063723701","nom":"Carrera 25","tipo":"residential"},"geometry":{"type":"LineString","coordinates":[[-74.07635,4.62676],[-74.07641,4.62592]]}},{"type":"Feature","properties":{"id":"1063723702","nom":"Carrera 25","tipo":"residential"},"geometry":{"type":"LineString","coordinates":[[-74.07629,4.62784],[-74.07635,4.62676]]}},{"type":"Feature","properties":{"id":"1063723703","nom":"Calle 37","tipo":"residential"},"geometry":{"type":"LineString","coordinates":[[-74.07635,4.62676],[-74.0755,4.6266],[-74.07544,4.62659]]}},{"type":"Feature","properties":{"id":"1063723704","nom":"Carrera 26","tipo":"residential"},"geometry":{"type":"LineString","coordinates":[[-74.07688,4.62685],[-74.07687,4.62779]]}},{"type":"Feature","properties":{"id":"1063723705","nom":"Calle 37","tipo":"residential"},"geometry":{"type":"LineString","coordinates":[[-74.07688,4.62685],[-74.07635,4.62676]]}},{"type":"Feature","properties":{"id":"1063723706","nom":"Avenida Carrera 28","tipo":"secondary"},"geometry":{"type":"LineString","coordinates":[[-74.07685,4.62599],[-74.07714,4.6268],[-74.07716,4.62685]]}},{"type":"Feature","properties":{"id":"1063723707","nom":"Avenida Carrera 28","tipo":"secondary"},"geometry":{"type":"LineString","coordinates":[[-74.07653,4.62507],[-74.07685,4.62599]]}},{"type":"Feature","properties":{"id":"1063723708","nom":"Transversal 28A","tipo":"residential"},"geometry":{"type":"LineString","coordinates":[[-74.07795,4.62648],[-74.07763,4.62551]]}},{"type":"Feature","properties":{"id":"1063723709","nom":"Transversal 28A","tipo":"residential"},"geometry":{"type":"LineString","coordinates":[[-74.07825,4.62738],[-74.07795,4.62648]]}},{"type":"Feature","properties":{"id":"1063723710","nom":"Calle 37","tipo":"residential"},"geometry":{"type":"LineString","coordinates":[[-74.07795,4.62648],[-74.07731,4.62676],[-74.07727,4.62678]]}},{"type":"Feature","properties":{"id":"1063723711","nom":"Transversal 28B","tipo":"residential"},"geometry":{"type":"LineString","coordinates":[[-74.07893,4.62715],[-74.07858,4.62621]]}},{"type":"Feature","properties":{"id":"1063723712","nom":"Transversal 28B","tipo":"residential"},"geometry":{"type":"LineString","coordinates":[[-74.07858,4.62621],[-74.07823,4.62525]]}},{"type":"Feature","properties":{"id":"1063723714","nom":"Calle 37","tipo":"residential"},"geometry":{"type":"LineString","coordinates":[[-74.0792,4.62594],[-74.07858,4.62621]]}},{"type":"Feature","properties":{"id":"1063723715","nom":"Calle 37","tipo":"residential"},"geometry":{"type":"LineString","coordinates":[[-74.07983,4.62568],[-74.07976,4.6257],[-74.0792,4.62594]]}},{"type":"Feature","properties":{"id":"1063723716","nom":"Transversal 29","tipo":"residential"},"geometry":{"type":"LineString","coordinates":[[-74.0792,4.62594],[-74.07884,4.62498]]}},{"type":"Feature","properties":{"id":"1063723717","nom":"Avenida Carrera 30","tipo":"trunk"},"geometry":{"type":"LineString","coordinates":[[-74.082,4.62562],[-74.08188,4.62582],[-74.08178,4.626]]}},{"type":"Feature","properties":{"id":"1064111880","nom":"Calle 43","tipo":"residential"},"geometry":{"type":"LineString","coordinates":[[-74.06596,4.63049],[-74.06558,4.63042]]}},{"type":"Feature","properties":{"id":"1064111881","nom":"Avenida Carrera 7","tipo":"primary"},"geometry":{"type":"LineString","coordinates":[[-74.06512,4.62869],[-74.06514,4.62861],[-74.06526,4.62815],[-74.06529,4.628],[-74.06544,4.62743]]}},{"type":"Feature","properties":{"id":"1064111882","nom":"Avenida Carrera 7","tipo":"primary"},"geometry":{"type":"LineString","coordinates":[[-74.06489,4.62945],[-74.06493,4.62935],[-74.065,4.62914],[-74.06502,4.62907],[-74.06512,4.62869]]}},{"type":"Feature","properties":{"id":"1064447335","nom":"Avenida Calle 72","tipo":"secondary"},"geometry":{"type":"LineString","coordinates":[[-74.06972,4.66494],[-74.0693,4.66462]]}},{"type":"Feature","properties":{"id":"1064447336","nom":"Carrera 28","tipo":"tertiary"},"geometry":{"type":"LineString","coordinates":[[-74.07148,4.66335],[-74.07075,4.66437]]}},{"type":"Feature","properties":{"id":"1064447337","nom":"Avenida Calle 72","tipo":"secondary"},"geometry":{"type":"LineString","coordinates":[[-74.0693,4.66462],[-74.06905,4.66443],[-74.06887,4.6643]]}},{"type":"Feature","properties":{"id":"1064447338","nom":"Avenida Calle 72","tipo":"secondary"},"geometry":{"type":"LineString","coordinates":[[-74.06887,4.6643],[-74.06868,4.66416],[-74.06845,4.66398]]}},{"type":"Feature","properties":{"id":"1064447339","nom":"Avenida Calle 72","tipo":"secondary"},"geometry":{"type":"LineString","coordinates":[[-74.06845,4.66398],[-74.06804,4.66367]]}},{"type":"Feature","properties":{"id":"1064447340","nom":"Avenida Calle 72","tipo":"secondary"},"geometry":{"type":"LineString","coordinates":[[-74.06804,4.66367],[-74.0677,4.66341],[-74.06763,4.66336]]}},{"type":"Feature","properties":{"id":"1064447341","nom":"Avenida Carrera 24","tipo":"secondary"},"geometry":{"type":"LineString","coordinates":[[-74.06754,4.66226],[-74.06747,4.66237],[-74.06739,4.6625],[-74.06722,4.66277],[-74.06714,4.66289],[-74.06713,4.66292],[-74.0671,4.66296]]}},{"type":"Feature","properties":{"id":"1064447342","nom":"Carrera 23","tipo":"residential"},"geometry":{"type":"LineString","coordinates":[[-74.06648,4.66254],[-74.06651,4.66248],[-74.06691,4.66185]]}},{"type":"Feature","properties":{"id":"1064447345","nom":"Avenida Calle 72","tipo":"secondary"},"geometry":{"type":"LineString","coordinates":[[-74.06521,4.66166],[-74.06476,4.66135],[-74.06472,4.66132],[-74.06468,4.66129]]}},{"type":"Feature","properties":{"id":"1065525218","nom":"Carrera 9","tipo":"residential"},"geometry":{"type":"LineString","coordinates":[[-74.06552,4.63299],[-74.06525,4.63401]]}},{"type":"Feature","properties":{"id":"1066177781","nom":"","tipo":"residential"},"geometry":{"type":"LineString","coordinates":[[-74.08835,4.65385],[-74.08832,4.6539]]}},{"type":"Feature","properties":{"id":"1066256226","nom":"Calle 35A","tipo":"residential"},"geometry":{"type":"LineString","coordinates":[[-74.07692,4.62581],[-74.07697,4.62579],[-74.07763,4.62551]]}},{"type":"Feature","properties":{"id":"1067722215","nom":"Avenida Carrera 50","tipo":"secondary"},"geometry":{"type":"LineString","coordinates":[[-74.09039,4.64253],[-74.09063,4.64238],[-74.09067,4.64236],[-74.09072,4.64232]]}},{"type":"Feature","properties":{"id":"1067962786","nom":"Avenida Calle 26","tipo":"primary"},"geometry":{"type":"LineString","coordinates":[[-74.08045,4.62599],[-74.08036,4.62586]]}},{"type":"Feature","properties":{"id":"1067962787","nom":"Avenida Calle 26","tipo":"primary"},"geometry":{"type":"LineString","coordinates":[[-74.08096,4.62675],[-74.08084,4.62656]]}},{"type":"Feature","properties":{"id":"1067962788","nom":"Avenida Calle 26","tipo":"primary"},"geometry":{"type":"LineString","coordinates":[[-74.08163,4.62778],[-74.08128,4.62728]]}},{"type":"Feature","properties":{"id":"1067962789","nom":"Carrera 31A","tipo":"residential"},"geometry":{"type":"LineString","coordinates":[[-74.08184,4.62807],[-74.08189,4.62804],[-74.0828,4.62735]]}},{"type":"Feature","properties":{"id":"1067962790","nom":"Carrera 32","tipo":"residential"},"geometry":{"type":"LineString","coordinates":[[-74.08321,4.62785],[-74.08436,4.62699]]}},{"type":"Feature","properties":{"id":"1067962791","nom":"Avenida Calle 26","tipo":"primary"},"geometry":{"type":"LineString","coordinates":[[-74.0822,4.6286],[-74.08184,4.62807]]}},{"type":"Feature","properties":{"id":"1067962792","nom":"Avenida Calle 26","tipo":"primary"},"geometry":{"type":"LineString","coordinates":[[-74.08249,4.62908],[-74.08237,4.62888]]}},{"type":"Feature","properties":{"id":"1067962793","nom":"Avenida Calle 26","tipo":"primary"},"geometry":{"type":"LineString","coordinates":[[-74.08237,4.62888],[-74.0822,4.6286]]}},{"type":"Feature","properties":{"id":"1067962794","nom":"Avenida Calle 26","tipo":"primary"},"geometry":{"type":"LineString","coordinates":[[-74.08258,4.62922],[-74.08249,4.62908]]}},{"type":"Feature","properties":{"id":"1067962795","nom":"Carrera 32A","tipo":"residential"},"geometry":{"type":"LineString","coordinates":[[-74.08258,4.62922],[-74.08262,4.6292],[-74.08262,4.62919],[-74.08273,4.62912]]}},{"type":"Feature","properties":{"id":"1067962796","nom":"Avenida Calle 26","tipo":"primary"},"geometry":{"type":"LineString","coordinates":[[-74.09274,4.6363],[-74.09247,4.63593],[-74.09226,4.63569],[-74.09217,4.63559]]}},{"type":"Feature","properties":{"id":"1067962797","nom":"Avenida Calle 26","tipo":"primary"},"geometry":{"type":"LineString","coordinates":[[-74.10053,4.64845],[-74.10022,4.64796],[-74.10001,4.64765],[-74.09934,4.6466]]}},{"type":"Feature","properties":{"id":"1067962808","nom":"Avenida Calle 26","tipo":"primary"},"geometry":{"type":"LineString","coordinates":[[-74.09683,4.644],[-74.09723,4.64464]]}},{"type":"Feature","properties":{"id":"1067962809","nom":"Avenida Calle 26","tipo":"primary"},"geometry":{"type":"LineString","coordinates":[[-74.09622,4.64305],[-74.09683,4.644]]}},{"type":"Feature","properties":{"id":"1067962810","nom":"Avenida Calle 26","tipo":"primary"},"geometry":{"type":"LineString","coordinates":[[-74.09723,4.64464],[-74.09807,4.64594],[-74.09817,4.64609],[-74.09825,4.64623]]}},{"type":"Feature","properties":{"id":"1067962811","nom":"Avenida Calle 26","tipo":"primary"},"geometry":{"type":"LineString","coordinates":[[-74.08891,4.63415],[-74.08903,4.6342]]}},{"type":"Feature","properties":{"id":"1067962812","nom":"Avenida Carrera 40","tipo":"secondary"},"geometry":{"type":"LineString","coordinates":[[-74.08891,4.63415],[-74.08889,4.63424]]}},{"type":"Feature","properties":{"id":"1067962813","nom":"Avenida Calle 26","tipo":"primary"},"geometry":{"type":"LineString","coordinates":[[-74.08755,4.63334],[-74.08682,4.63311],[-74.08649,4.633]]}},{"type":"Feature","properties":{"id":"1067962814","nom":"Carrera 39","tipo":"residential"},"geometry":{"type":"LineString","coordinates":[[-74.08782,4.63344],[-74.08784,4.63339],[-74.08806,4.63289]]}},{"type":"Feature","properties":{"id":"1067962815","nom":"Avenida Calle 26","tipo":"primary"},"geometry":{"type":"LineString","coordinates":[[-74.08649,4.633],[-74.0862,4.63291]]}},{"type":"Feature","properties":{"id":"1067962816","nom":"Avenida Calle 26","tipo":"primary"},"geometry":{"type":"LineString","coordinates":[[-74.0862,4.63291],[-74.08591,4.63281],[-74.08584,4.63279],[-74.08564,4.63272]]}},{"type":"Feature","properties":{"id":"1067962817","nom":"Calle 25D","tipo":"residential"},"geometry":{"type":"LineString","coordinates":[[-74.08564,4.63229],[-74.08559,4.63217],[-74.08553,4.63207]]}},{"type":"Feature","properties":{"id":"1067962818","nom":"Avenida Calle 26","tipo":"primary"},"geometry":{"type":"LineString","coordinates":[[-74.08492,4.63265],[-74.08495,4.63266],[-74.08507,4.63273]]}},{"type":"Feature","properties":{"id":"1067962819","nom":"Avenida Calle 26","tipo":"primary"},"geometry":{"type":"LineString","coordinates":[[-74.08564,4.63272],[-74.0856,4.63271],[-74.08543,4.63264],[-74.08538,4.63262]]}},{"type":"Feature","properties":{"id":"1067962820","nom":"Avenida Calle 26","tipo":"primary"},"geometry":{"type":"LineString","coordinates":[[-74.08782,4.63344],[-74.08755,4.63334]]}},{"type":"Feature","properties":{"id":"1067962821","nom":"Calle 25D","tipo":"residential"},"geometry":{"type":"LineString","coordinates":[[-74.08553,4.63207],[-74.0854,4.6319],[-74.08537,4.63185]]}},{"type":"Feature","properties":{"id":"1067962822","nom":"Avenida Calle 26","tipo":"primary"},"geometry":{"type":"LineString","coordinates":[[-74.08434,4.63181],[-74.08433,4.6318],[-74.0842,4.63163],[-74.08388,4.63117]]}},{"type":"Feature","properties":{"id":"1067962823","nom":"Carrera 36","tipo":"residential"},"geometry":{"type":"LineString","coordinates":[[-74.0847,4.63157],[-74.08438,4.63179]]}},{"type":"Feature","properties":{"id":"1067962824","nom":"Avenida Calle 26","tipo":"primary"},"geometry":{"type":"LineString","coordinates":[[-74.08388,4.63117],[-74.08356,4.63069]]}},{"type":"Feature","properties":{"id":"1067962825","nom":"Carrera 34A","tipo":"residential"},"geometry":{"type":"LineString","coordinates":[[-74.08428,4.63091],[-74.08462,4.63069]]}},{"type":"Feature","properties":{"id":"1067962826","nom":"Avenida Calle 26","tipo":"primary"},"geometry":{"type":"LineString","coordinates":[[-74.08319,4.63013],[-74.08315,4.63006]]}},{"type":"Feature","properties":{"id":"1067962827","nom":"Carrera 33A","tipo":"residential"},"geometry":{"type":"LineString","coordinates":[[-74.08396,4.63044],[-74.08432,4.63022]]}},{"type":"Feature","properties":{"id":"1069086760","nom":"","tipo":"trunk_link"},"geometry":{"type":"LineString","coordinates":[[-74.095,4.62567],[-74.09459,4.62577]]}},{"type":"Feature","properties":{"id":"1069086768","nom":"","tipo":"trunk_link"},"geometry":{"type":"LineString","coordinates":[[-74.09902,4.62695],[-74.09908,4.627],[-74.09913,4.62703],[-74.09928,4.62716]]}},{"type":"Feature","properties":{"id":"1069088041","nom":"Transversal 17A Bis","tipo":"secondary"},"geometry":{"type":"LineString","coordinates":[[-74.07255,4.6261],[-74.07256,4.62615],[-74.07263,4.62635]]}},{"type":"Feature","properties":{"id":"1071799958","nom":"Avenida Calle 53","tipo":"secondary"},"geometry":{"type":"LineString","coordinates":[[-74.06986,4.64098],[-74.06978,4.64097],[-74.06936,4.64089],[-74.06932,4.64088]]}},{"type":"Feature","properties":{"id":"1071799959","nom":"Avenida Carrera 17","tipo":"secondary"},"geometry":{"type":"LineString","coordinates":[[-74.06949,4.63994],[-74.06947,4.64],[-74.06932,4.64084],[-74.06932,4.64088]]}},{"type":"Feature","properties":{"id":"1071799960","nom":"Calle 52","tipo":"tertiary"},"geometry":{"type":"LineString","coordinates":[[-74.07009,4.64005],[-74.06953,4.63995],[-74.06949,4.63994]]}},{"type":"Feature","properties":{"id":"1072014513","nom":"Calle 72A","tipo":"residential"},"geometry":{"type":"LineString","coordinates":[[-74.06435,4.66189],[-74.06439,4.66192],[-74.06539,4.66265],[-74.0661,4.66314]]}},{"type":"Feature","properties":{"id":"1076071820","nom":"Calle 44","tipo":"tertiary"},"geometry":{"type":"LineString","coordinates":[[-74.0926,4.64528],[-74.09248,4.6451]]}},{"type":"Feature","properties":{"id":"1076071821","nom":"Calle 44","tipo":"tertiary"},"geometry":{"type":"LineString","coordinates":[[-74.09264,4.64535],[-74.0926,4.64528]]}},{"type":"Feature","properties":{"id":"1076071822","nom":"Calle 44","tipo":"tertiary"},"geometry":{"type":"LineString","coordinates":[[-74.09343,4.64657],[-74.09269,4.64542],[-74.09264,4.64535]]}},{"type":"Feature","properties":{"id":"1076071823","nom":"Calle 44","tipo":"tertiary"},"geometry":{"type":"LineString","coordinates":[[-74.09355,4.64676],[-74.09343,4.64657]]}},{"type":"Feature","properties":{"id":"1076071824","nom":"Calle 44","tipo":"tertiary"},"geometry":{"type":"LineString","coordinates":[[-74.09436,4.64802],[-74.0943,4.64794]]}},{"type":"Feature","properties":{"id":"1076071825","nom":"Calle 44","tipo":"tertiary"},"geometry":{"type":"LineString","coordinates":[[-74.09459,4.64838],[-74.09438,4.64805],[-74.09436,4.64802]]}},{"type":"Feature","properties":{"id":"1076071826","nom":"Carrera 59","tipo":"tertiary"},"geometry":{"type":"LineString","coordinates":[[-74.09459,4.64838],[-74.09428,4.64857]]}},{"type":"Feature","properties":{"id":"1076071827","nom":"Carrera 59","tipo":"tertiary"},"geometry":{"type":"LineString","coordinates":[[-74.09476,4.64827],[-74.09466,4.64833],[-74.09459,4.64838]]}},{"type":"Feature","properties":{"id":"1076071828","nom":"Calle 44","tipo":"tertiary"},"geometry":{"type":"LineString","coordinates":[[-74.09556,4.6499],[-74.09547,4.64976],[-74.09464,4.64847],[-74.09463,4.64844],[-74.09459,4.64838]]}},{"type":"Feature","properties":{"id":"1076071829","nom":"Calle 44","tipo":"tertiary"},"geometry":{"type":"LineString","coordinates":[[-74.0958,4.65028],[-74.0956,4.64996]]}},{"type":"Feature","properties":{"id":"1076071830","nom":"Avenida Carrera 60","tipo":"secondary"},"geometry":{"type":"LineString","coordinates":[[-74.09574,4.64987],[-74.0956,4.64996]]}},{"type":"Feature","properties":{"id":"1076071831","nom":"Avenida Carrera 60","tipo":"secondary"},"geometry":{"type":"LineString","coordinates":[[-74.09799,4.64832],[-74.0975,4.64866]]}},{"type":"Feature","properties":{"id":"1076071832","nom":"","tipo":"secondary_link"},"geometry":{"type":"LineString","coordinates":[[-74.09769,4.64896],[-74.09758,4.64878],[-74.0975,4.64866]]}},{"type":"Feature","properties":{"id":"1076071833","nom":"Avenida Carrera 60","tipo":"secondary"},"geometry":{"type":"LineString","coordinates":[[-74.0956,4.64996],[-74.09531,4.65016]]}},{"type":"Feature","properties":{"id":"1076071834","nom":"Calle 44","tipo":"tertiary"},"geometry":{"type":"LineString","coordinates":[[-74.095,4.64968],[-74.09523,4.65003],[-74.09526,4.65009],[-74.09531,4.65016]]}},{"type":"Feature","properties":{"id":"1076071835","nom":"Calle 44","tipo":"tertiary"},"geometry":{"type":"LineString","coordinates":[[-74.09531,4.65016],[-74.09551,4.65047]]}},{"type":"Feature","properties":{"id":"1076071836","nom":"Avenida Carrera 60","tipo":"secondary"},"geometry":{"type":"LineString","coordinates":[[-74.09531,4.65016],[-74.09356,4.65137],[-74.09325,4.65159],[-74.09319,4.65164]]}},{"type":"Feature","properties":{"id":"1076071837","nom":"Avenida Carrera 60","tipo":"secondary"},"geometry":{"type":"LineString","coordinates":[[-74.0934,4.65193],[-74.09366,4.65177],[-74.09433,4.65128],[-74.09533,4.6506],[-74.09551,4.65047]]}},{"type":"Feature","properties":{"id":"1076084916","nom":"Calle 44","tipo":"tertiary"},"geometry":{"type":"LineString","coordinates":[[-74.09172,4.64389],[-74.09157,4.64366]]}},{"type":"Feature","properties":{"id":"1076084917","nom":"Calle 44","tipo":"tertiary"},"geometry":{"type":"LineString","coordinates":[[-74.09248,4.6451],[-74.09172,4.64389]]}},{"type":"Feature","properties":{"id":"1076084918","nom":"Calle 44","tipo":"tertiary"},"geometry":{"type":"LineString","coordinates":[[-74.09139,4.64409],[-74.09155,4.64433]]}},{"type":"Feature","properties":{"id":"1076084919","nom":"Calle 44","tipo":"tertiary"},"geometry":{"type":"LineString","coordinates":[[-74.09124,4.64386],[-74.09139,4.64409]]}},{"type":"Feature","properties":{"id":"1076084920","nom":"Calle 44","tipo":"tertiary"},"geometry":{"type":"LineString","coordinates":[[-74.09039,4.64253],[-74.09044,4.6426],[-74.09124,4.64386]]}},{"type":"Feature","properties":{"id":"1076097151","nom":"Avenida Carrera 60","tipo":"secondary"},"geometry":{"type":"LineString","coordinates":[[-74.08658,4.66433],[-74.0868,4.66387],[-74.08698,4.66349]]}},{"type":"Feature","properties":{"id":"1076097152","nom":"Avenida Carrera 60","tipo":"secondary"},"geometry":{"type":"LineString","coordinates":[[-74.08591,4.66557],[-74.086,4.66542],[-74.08614,4.66516],[-74.08628,4.66493],[-74.08638,4.66474],[-74.08651,4.6645],[-74.08658,4.66433]]}},{"type":"Feature","properties":{"id":"1076097154","nom":"Avenida Carrera 60","tipo":"secondary"},"geometry":{"type":"LineString","coordinates":[[-74.08729,4.66196],[-74.08718,4.6622]]}},{"type":"Feature","properties":{"id":"1076097156","nom":"Avenida Carrera 60","tipo":"secondary"},"geometry":{"type":"LineString","coordinates":[[-74.08658,4.66355],[-74.08646,4.66379],[-74.08632,4.66408],[-74.08627,4.66419]]}},{"type":"Feature","properties":{"id":"1076097157","nom":"","tipo":"secondary"},"geometry":{"type":"LineString","coordinates":[[-74.08817,4.65972],[-74.08824,4.65983],[-74.08831,4.6599],[-74.08838,4.65994],[-74.08847,4.65997],[-74.08858,4.65998],[-74.08865,4.65997]]}},{"type":"Feature","properties":{"id":"1076097158","nom":"","tipo":"secondary"},"geometry":{"type":"LineString","coordinates":[[-74.08853,4.65895],[-74.08846,4.65897],[-74.08838,4.65902],[-74.08831,4.65909],[-74.08823,4.65919],[-74.08817,4.65928]]}},{"type":"Feature","properties":{"id":"1076097159","nom":"","tipo":"secondary"},"geometry":{"type":"LineString","coordinates":[[-74.08859,4.65893],[-74.08853,4.65895]]}},{"type":"Feature","properties":{"id":"1076097160","nom":"Avenida Carrera 60","tipo":"secondary"},"geometry":{"type":"LineString","coordinates":[[-74.08936,4.65738],[-74.0891,4.65796]]}},{"type":"Feature","properties":{"id":"1076097161","nom":"Avenida Carrera 60","tipo":"secondary"},"geometry":{"type":"LineString","coordinates":[[-74.09146,4.65307],[-74.09137,4.65319],[-74.09135,4.65322]]}},{"type":"Feature","properties":{"id":"1076097162","nom":"Avenida Carrera 60","tipo":"secondary"},"geometry":{"type":"LineString","coordinates":[[-74.09175,4.65276],[-74.09149,4.65303],[-74.09146,4.65307]]}},{"type":"Feature","properties":{"id":"1076097163","nom":"Avenida Carrera 60","tipo":"secondary"},"geometry":{"type":"LineString","coordinates":[[-74.09182,4.65269],[-74.09175,4.65276]]}},{"type":"Feature","properties":{"id":"1076097164","nom":"Avenida Carrera 60","tipo":"secondary"},"geometry":{"type":"LineString","coordinates":[[-74.09268,4.65201],[-74.09229,4.65228],[-74.09214,4.65239],[-74.09203,4.6525],[-74.09182,4.65269]]}},{"type":"Feature","properties":{"id":"1076355224","nom":"Avenida Carrera 30","tipo":"trunk"},"geometry":{"type":"LineString","coordinates":[[-74.07985,4.63279],[-74.0799,4.63233],[-74.07991,4.63221]]}},{"type":"Feature","properties":{"id":"1078336434","nom":"","tipo":"trunk_link"},"geometry":{"type":"LineString","coordinates":[[-74.09587,4.6259],[-74.09578,4.62574]]}},{"type":"Feature","properties":{"id":"1083532025","nom":"Avenida Carrera 17","tipo":"secondary"},"geometry":{"type":"LineString","coordinates":[[-74.06966,4.63896],[-74.06965,4.639],[-74.06949,4.63991],[-74.06949,4.63994]]}},{"type":"Feature","properties":{"id":"1083532030","nom":"Diagonal 46","tipo":"residential"},"geometry":{"type":"LineString","coordinates":[[-74.0702,4.63469],[-74.07025,4.63474],[-74.07035,4.63487],[-74.07058,4.63507],[-74.07072,4.63515],[-74.07075,4.63517],[-74.0708,4.6352]]}},{"type":"Feature","properties":{"id":"1083532045","nom":"Avenida Carrera 19","tipo":"secondary"},"geometry":{"type":"LineString","coordinates":[[-74.07293,4.62798],[-74.073,4.62754],[-74.07302,4.62745]]}},{"type":"Feature","properties":{"id":"1083532046","nom":"Transversal 18A Bis","tipo":"secondary"},"geometry":{"type":"LineString","coordinates":[[-74.07287,4.62742],[-74.07286,4.62737],[-74.07282,4.62704],[-74.07275,4.62683]]}},{"type":"Feature","properties":{"id":"1083532047","nom":"Transversal 18A Bis","tipo":"secondary"},"geometry":{"type":"LineString","coordinates":[[-74.07287,4.62745],[-74.07287,4.62742]]}},{"type":"Feature","properties":{"id":"1083532048","nom":"Calle 39","tipo":"residential"},"geometry":{"type":"LineString","coordinates":[[-74.07281,4.62746],[-74.07287,4.62745]]}},{"type":"Feature","properties":{"id":"1083532049","nom":"Calle 39","tipo":"residential"},"geometry":{"type":"LineString","coordinates":[[-74.07287,4.62745],[-74.07302,4.62745]]}},{"type":"Feature","properties":{"id":"1083532050","nom":"Transversal 18A Bis","tipo":"secondary"},"geometry":{"type":"LineString","coordinates":[[-74.07281,4.62746],[-74.07281,4.62751],[-74.07285,4.62783],[-74.07286,4.62795]]}},{"type":"Feature","properties":{"id":"1083532051","nom":"Transversal 18A Bis","tipo":"secondary"},"geometry":{"type":"LineString","coordinates":[[-74.0728,4.62741],[-74.07281,4.62746]]}},{"type":"Feature","properties":{"id":"1083532052","nom":"Calle 39","tipo":"residential"},"geometry":{"type":"LineString","coordinates":[[-74.07287,4.62742],[-74.0728,4.62741]]}},{"type":"Feature","properties":{"id":"1083532053","nom":"Calle 39","tipo":"residential"},"geometry":{"type":"LineString","coordinates":[[-74.07302,4.62745],[-74.07287,4.62742]]}},{"type":"Feature","properties":{"id":"1085339786","nom":"Avenida Carrera 24","tipo":"secondary"},"geometry":{"type":"LineString","coordinates":[[-74.07536,4.63399],[-74.07537,4.63401],[-74.07537,4.63403],[-74.07537,4.63405]]}},{"type":"Feature","properties":{"id":"1085339792","nom":"Carrera 20","tipo":"residential"},"geometry":{"type":"LineString","coordinates":[[-74.07414,4.62534],[-74.0741,4.6255],[-74.0741,4.62553]]}},{"type":"Feature","properties":{"id":"1085339793","nom":"Diagonal 36 Bis","tipo":"secondary"},"geometry":{"type":"LineString","coordinates":[[-74.07424,4.62542],[-74.07421,4.6254],[-74.07414,4.62534]]}},{"type":"Feature","properties":{"id":"1085676801","nom":"Avenida Carrera 24","tipo":"secondary"},"geometry":{"type":"LineString","coordinates":[[-74.06578,4.66526],[-74.06601,4.6649],[-74.06604,4.66486],[-74.06607,4.66481]]}},{"type":"Feature","properties":{"id":"1089319537","nom":"Avenida Carrera 68","tipo":"primary"},"geometry":{"type":"LineString","coordinates":[[-74.10043,4.65716],[-74.10031,4.65727],[-74.10024,4.65734],[-74.10011,4.65748],[-74.10002,4.65757],[-74.09995,4.65766],[-74.09964,4.65805],[-74.09932,4.65847],[-74.09919,4.65864],[-74.0991,4.65877],[-74.099,4.65894],[-74.09893,4.65905],[-74.09888,4.65913],[-74.09878,4.65928],[-74.09866,4.65945],[-74.09808,4.66022],[-74.09736,4.66115],[-74.09708,4.66151],[-74.09688,4.66178],[-74.09666,4.66205],[-74.0964,4.66235],[-74.09618,4.66261],[-74.09596,4.66287],[-74.09552,4.66344],[-74.09538,4.66362],[-74.09483,4.66432],[-74.09476,4.66442]]}},{"type":"Feature","properties":{"id":"1091739000","nom":"Transversal 24","tipo":"secondary"},"geometry":{"type":"LineString","coordinates":[[-74.07317,4.64766],[-74.07323,4.64772],[-74.07339,4.64791],[-74.07341,4.64793],[-74.07345,4.64797]]}},{"type":"Feature","properties":{"id":"1091739013","nom":"Avenida Calle 53","tipo":"secondary"},"geometry":{"type":"LineString","coordinates":[[-74.07452,4.64191],[-74.07497,4.64199],[-74.07503,4.64201],[-74.07586,4.64216],[-74.07591,4.64216]]}},{"type":"Feature","properties":{"id":"1093019416","nom":"Avenida Calle 23","tipo":"trunk"},"geometry":{"type":"LineString","coordinates":[[-74.09096,4.62607],[-74.09104,4.62608]]}},{"type":"Feature","properties":{"id":"1093019417","nom":"Avenida Carrera 36","tipo":"secondary"},"geometry":{"type":"LineString","coordinates":[[-74.09099,4.62578],[-74.09096,4.62601],[-74.09096,4.62607]]}},{"type":"Feature","properties":{"id":"1093019418","nom":"Avenida Carrera 36","tipo":"secondary"},"geometry":{"type":"LineString","coordinates":[[-74.091,4.62569],[-74.09099,4.62578]]}},{"type":"Feature","properties":{"id":"1093235119","nom":"Calle 25","tipo":"tertiary"},"geometry":{"type":"LineString","coordinates":[[-74.09004,4.6325],[-74.09027,4.6326]]}},{"type":"Feature","properties":{"id":"1093709659","nom":"Calle 49","tipo":"tertiary"},"geometry":{"type":"LineString","coordinates":[[-74.07001,4.63699],[-74.07004,4.637],[-74.07062,4.6371],[-74.07067,4.63711],[-74.07072,4.63712],[-74.07128,4.63721],[-74.07134,4.63722],[-74.07193,4.63732],[-74.072,4.63734],[-74.0725,4.63742],[-74.07266,4.63745],[-74.07268,4.63746]]}},{"type":"Feature","properties":{"id":"1093709702","nom":"Transversal 20","tipo":"residential"},"geometry":{"type":"LineString","coordinates":[[-74.07157,4.63662],[-74.07141,4.63684]]}},{"type":"Feature","properties":{"id":"1093709704","nom":"Transversal 19 Bis","tipo":"tertiary"},"geometry":{"type":"LineString","coordinates":[[-74.07124,4.63556],[-74.07126,4.63554],[-74.07129,4.6355],[-74.07133,4.63545],[-74.07142,4.63536],[-74.07148,4.6353],[-74.07155,4.63524],[-74.07168,4.63513],[-74.07187,4.63499],[-74.07191,4.63496]]}},{"type":"Feature","properties":{"id":"1093709705","nom":"Diagonal 46","tipo":"residential"},"geometry":{"type":"LineString","coordinates":[[-74.0708,4.6352],[-74.07085,4.63525],[-74.07124,4.63556]]}},{"type":"Feature","properties":{"id":"1093709706","nom":"Diagonal 46","tipo":"residential"},"geometry":{"type":"LineString","coordinates":[[-74.07197,4.63616],[-74.07199,4.63618],[-74.07202,4.6362],[-74.07249,4.6366],[-74.07301,4.63703],[-74.07302,4.63704],[-74.07309,4.6371]]}},{"type":"Feature","properties":{"id":"1093709709","nom":"Avenida Calle 42","tipo":"tertiary"},"geometry":{"type":"LineString","coordinates":[[-74.07191,4.63496],[-74.07194,4.635],[-74.07196,4.63501],[-74.0722,4.63532],[-74.07226,4.63539],[-74.07245,4.63563]]}},{"type":"Feature","properties":{"id":"1094655749","nom":"Calle 44","tipo":"residential"},"geometry":{"type":"LineString","coordinates":[[-74.06978,4.63204],[-74.06962,4.63201]]}},{"type":"Feature","properties":{"id":"1097972742","nom":"Calle 66","tipo":"residential"},"geometry":{"type":"LineString","coordinates":[[-74.06596,4.65414],[-74.0658,4.65406],[-74.0651,4.65369],[-74.06505,4.65367],[-74.06501,4.65365]]}},{"type":"Feature","properties":{"id":"1097972751","nom":"Calle 66","tipo":"secondary"},"geometry":{"type":"LineString","coordinates":[[-74.07075,4.6574],[-74.07074,4.65725]]}},{"type":"Feature","properties":{"id":"1105240003","nom":"Transversal 25","tipo":"tertiary"},"geometry":{"type":"LineString","coordinates":[[-74.07385,4.64708],[-74.07385,4.64703]]}},{"type":"Feature","properties":{"id":"1105240004","nom":"Transversal 25","tipo":"tertiary"},"geometry":{"type":"LineString","coordinates":[[-74.07387,4.64711],[-74.07385,4.64708]]}},{"type":"Feature","properties":{"id":"1107737880","nom":"Transversal 21","tipo":"tertiary"},"geometry":{"type":"LineString","coordinates":[[-74.0733,4.63673],[-74.07328,4.63675],[-74.07302,4.63704],[-74.07277,4.63735],[-74.07275,4.63737]]}},{"type":"Feature","properties":{"id":"1107737888","nom":"Diagonal 43 Bis","tipo":"tertiary"},"geometry":{"type":"LineString","coordinates":[[-74.06977,4.63221],[-74.06983,4.63228]]}},{"type":"Feature","properties":{"id":"1107737892","nom":"Carrera 16","tipo":"residential"},"geometry":{"type":"LineString","coordinates":[[-74.06978,4.63204],[-74.06977,4.63221]]}},{"type":"Feature","properties":{"id":"1107737893","nom":"Diagonal 43 Bis","tipo":"tertiary"},"geometry":{"type":"LineString","coordinates":[[-74.06992,4.63222],[-74.06978,4.63204]]}},{"type":"Feature","properties":{"id":"1107749296","nom":"Calle 64","tipo":"tertiary"},"geometry":{"type":"LineString","coordinates":[[-74.06632,4.65262],[-74.06704,4.65306],[-74.06708,4.65308]]}},{"type":"Feature","properties":{"id":"1113761061","nom":"Carrera 16","tipo":"residential"},"geometry":{"type":"LineString","coordinates":[[-74.06937,4.6349],[-74.0692,4.63585],[-74.06904,4.63681],[-74.06904,4.63682]]}},{"type":"Feature","properties":{"id":"1114896404","nom":"Avenida Carrera 68","tipo":"primary"},"geometry":{"type":"LineString","coordinates":[[-74.09457,4.66505],[-74.09471,4.66491],[-74.09486,4.66475],[-74.09497,4.66464],[-74.09513,4.66444],[-74.09607,4.66324],[-74.0961,4.6632],[-74.09631,4.66292],[-74.09663,4.6625],[-74.09687,4.66218],[-74.09718,4.66177],[-74.0973,4.66161],[-74.09741,4.66147],[-74.09751,4.66134],[-74.09828,4.66034],[-74.09835,4.66025],[-74.09852,4.66003],[-74.09892,4.6595],[-74.09898,4.65941],[-74.09941,4.65886],[-74.09955,4.65867],[-74.09968,4.6585],[-74.09974,4.65842],[-74.10029,4.65772],[-74.10036,4.65764],[-74.1004,4.65759],[-74.10047,4.65752],[-74.1005,4.65748],[-74.10054,4.65744],[-74.10065,4.65732]]}},{"type":"Feature","properties":{"id":"1119042977","nom":"Carrera 66A","tipo":"tertiary"},"geometry":{"type":"LineString","coordinates":[[-74.09896,4.65324],[-74.09902,4.65317]]}},{"type":"Feature","properties":{"id":"1119042978","nom":"Carrera 66A","tipo":"tertiary"},"geometry":{"type":"LineString","coordinates":[[-74.09769,4.65506],[-74.09775,4.65498],[-74.09802,4.65459],[-74.09863,4.65372],[-74.09896,4.65324]]}},{"type":"Feature","properties":{"id":"1119860807","nom":"Carrera 16","tipo":"residential"},"geometry":{"type":"LineString","coordinates":[[-74.07081,4.62593],[-74.0708,4.62601]]}},{"type":"Feature","properties":{"id":"1119860808","nom":"Carrera 16","tipo":"residential"},"geometry":{"type":"LineString","coordinates":[[-74.071,4.62495],[-74.07099,4.625],[-74.07082,4.62589],[-74.07081,4.62593]]}},{"type":"Feature","properties":{"id":"1119860809","nom":"Calle 37","tipo":"residential"},"geometry":{"type":"LineString","coordinates":[[-74.07089,4.62595],[-74.07081,4.62593]]}},{"type":"Feature","properties":{"id":"1119860810","nom":"Calle 37","tipo":"residential"},"geometry":{"type":"LineString","coordinates":[[-74.07198,4.62614],[-74.07173,4.62609],[-74.07128,4.62602],[-74.07089,4.62595]]}},{"type":"Feature","properties":{"id":"1120684778","nom":"Carrera 18","tipo":"tertiary"},"geometry":{"type":"LineString","coordinates":[[-74.06912,4.64541],[-74.06913,4.64537],[-74.06923,4.64482],[-74.06924,4.64478],[-74.06924,4.64476]]}},{"type":"Feature","properties":{"id":"1123735335","nom":"Carrera 32A","tipo":"residential"},"geometry":{"type":"LineString","coordinates":[[-74.08575,4.62687],[-74.0858,4.62681],[-74.08587,4.62672],[-74.08613,4.62637],[-74.08631,4.62608],[-74.08658,4.62563],[-74.08661,4.62558]]}},{"type":"Feature","properties":{"id":"1125608316","nom":"Carrera 59","tipo":"residential"},"geometry":{"type":"LineString","coordinates":[[-74.09053,4.65272],[-74.09058,4.65266],[-74.09059,4.65265]]}},{"type":"Feature","properties":{"id":"1125608319","nom":"Carrera 58","tipo":"residential"},"geometry":{"type":"LineString","coordinates":[[-74.09007,4.65242],[-74.09014,4.65234]]}},{"type":"Feature","properties":{"id":"1125608320","nom":"Carrera 57A","tipo":"residential"},"geometry":{"type":"LineString","coordinates":[[-74.08926,4.65168],[-74.08936,4.65159]]}},{"type":"Feature","properties":{"id":"1125608321","nom":"Calle 56","tipo":"residential"},"geometry":{"type":"LineString","coordinates":[[-74.08956,4.65053],[-74.08945,4.65043]]}},{"type":"Feature","properties":{"id":"1127345564","nom":"Avenida Calle 63","tipo":"secondary"},"geometry":{"type":"LineString","coordinates":[[-74.08868,4.65997],[-74.08882,4.66002],[-74.08887,4.66004],[-74.08891,4.66007],[-74.08897,4.66011],[-74.089,4.66015],[-74.08904,4.66018],[-74.08907,4.66023],[-74.08917,4.66036]]}},{"type":"Feature","properties":{"id":"1127383960","nom":"Avenida Carrera 68","tipo":"primary"},"geometry":{"type":"LineString","coordinates":[[-74.09476,4.66442],[-74.09465,4.66456],[-74.09453,4.66469],[-74.09439,4.66484],[-74.09403,4.66518],[-74.09393,4.66529],[-74.09378,4.66544],[-74.09366,4.66556],[-74.09356,4.66569],[-74.09343,4.66586],[-74.09335,4.66597],[-74.09325,4.66613],[-74.09312,4.66633],[-74.09279,4.66684],[-74.09236,4.66752],[-74.09203,4.668]]}},{"type":"Feature","properties":{"id":"1127652137","nom":"Calle 58","tipo":"residential"},"geometry":{"type":"LineString","coordinates":[[-74.08636,4.65115],[-74.08622,4.65102]]}},{"type":"Feature","properties":{"id":"1127656896","nom":"Calle 56B","tipo":"residential"},"geometry":{"type":"LineString","coordinates":[[-74.0874,4.64914],[-74.08737,4.64912],[-74.08733,4.64908]]}},{"type":"Feature","properties":{"id":"1153621589","nom":"Calle 61A","tipo":"residential"},"geometry":{"type":"LineString","coordinates":[[-74.0678,4.64915],[-74.06774,4.64915],[-74.06731,4.64918]]}},{"type":"Feature","properties":{"id":"1153621590","nom":"","tipo":"secondary"},"geometry":{"type":"LineString","coordinates":[[-74.08324,4.65309],[-74.08322,4.65311],[-74.08319,4.65316],[-74.08316,4.65321],[-74.08314,4.65327],[-74.08312,4.65334],[-74.08312,4.6534],[-74.08312,4.65347],[-74.08314,4.65354],[-74.08314,4.65355],[-74.08316,4.65359]]}},{"type":"Feature","properties":{"id":"1153621591","nom":"","tipo":"secondary"},"geometry":{"type":"LineString","coordinates":[[-74.084,4.65384],[-74.08407,4.6538],[-74.08411,4.65377],[-74.08414,4.65373],[-74.08418,4.65367],[-74.08419,4.65363],[-74.08421,4.65358],[-74.08422,4.65355],[-74.08422,4.65352]]}},{"type":"Feature","properties":{"id":"1153621592","nom":"","tipo":"secondary"},"geometry":{"type":"LineString","coordinates":[[-74.08907,4.65956],[-74.08909,4.65945],[-74.08908,4.65934],[-74.08907,4.65927]]}},{"type":"Feature","properties":{"id":"1153621594","nom":"","tipo":"secondary"},"geometry":{"type":"LineString","coordinates":[[-74.08316,4.65359],[-74.0832,4.65366],[-74.08325,4.65371],[-74.0833,4.65376],[-74.08335,4.6538],[-74.08342,4.65385],[-74.08348,4.65387],[-74.08355,4.65388],[-74.08363,4.6539],[-74.08371,4.6539],[-74.08378,4.6539],[-74.08385,4.65389],[-74.08393,4.65387],[-74.084,4.65384]]}},{"type":"Feature","properties":{"id":"1153621595","nom":"Avenida Carrera 24","tipo":"secondary"},"geometry":{"type":"LineString","coordinates":[[-74.06966,4.65907],[-74.06971,4.659],[-74.0702,4.65824],[-74.07038,4.65797],[-74.07055,4.6577]]}},{"type":"Feature","properties":{"id":"1153621596","nom":"Avenida Calle 68","tipo":"secondary"},"geometry":{"type":"LineString","coordinates":[[-74.06958,4.65901],[-74.06966,4.65907]]}},{"type":"Feature","properties":{"id":"1153621597","nom":"Avenida Calle 68","tipo":"secondary"},"geometry":{"type":"LineString","coordinates":[[-74.06651,4.65689],[-74.06654,4.65691],[-74.06717,4.65732],[-74.06721,4.65735],[-74.06726,4.65738],[-74.06729,4.6574],[-74.06731,4.65741],[-74.06791,4.6578],[-74.06836,4.65809],[-74.06838,4.65811],[-74.06842,4.65813]]}},{"type":"Feature","properties":{"id":"1154793488","nom":"Avenida Carrera 30","tipo":"trunk"},"geometry":{"type":"LineString","coordinates":[[-74.08153,4.62663],[-74.08167,4.62644]]}},{"type":"Feature","properties":{"id":"1154793489","nom":"Avenida Carrera 13","tipo":"secondary"},"geometry":{"type":"LineString","coordinates":[[-74.06495,4.64089],[-74.06497,4.64078],[-74.06506,4.64027],[-74.06507,4.64024]]}},{"type":"Feature","properties":{"id":"1154793491","nom":"Calle 46","tipo":"tertiary"},"geometry":{"type":"LineString","coordinates":[[-74.06552,4.63299],[-74.06584,4.63305],[-74.0662,4.63313],[-74.06625,4.63314]]}},{"type":"Feature","properties":{"id":"1155114160","nom":"Avenida Calle 20","tipo":"trunk"},"geometry":{"type":"LineString","coordinates":[[-74.0939,4.62554],[-74.0938,4.62552]]}},{"type":"Feature","properties":{"id":"1157053574","nom":"Avenida Calle 20","tipo":"trunk"},"geometry":{"type":"LineString","coordinates":[[-74.093,4.6263],[-74.09305,4.62631],[-74.09319,4.62633],[-74.09365,4.62638],[-74.09373,4.62639]]}},{"type":"Feature","properties":{"id":"1157054906","nom":"Avenida Calle 24","tipo":"secondary"},"geometry":{"type":"LineString","coordinates":[[-74.099,4.63965],[-74.09848,4.63888],[-74.09832,4.63865],[-74.09817,4.63843]]}},{"type":"Feature","properties":{"id":"1157054907","nom":"","tipo":"secondary"},"geometry":{"type":"LineString","coordinates":[[-74.08422,4.65352],[-74.08422,4.65346],[-74.08421,4.6534],[-74.0842,4.65335],[-74.08418,4.6533],[-74.08415,4.65325],[-74.08413,4.65321]]}},{"type":"Feature","properties":{"id":"1157073975","nom":"Avenida Calle 68","tipo":"secondary"},"geometry":{"type":"LineString","coordinates":[[-74.07468,4.6627],[-74.07486,4.6628],[-74.07491,4.66283],[-74.075,4.66288],[-74.07521,4.66302]]}},{"type":"Feature","properties":{"id":"1157073976","nom":"Avenida Calle 68","tipo":"secondary"},"geometry":{"type":"LineString","coordinates":[[-74.06898,4.65856],[-74.0695,4.65895],[-74.06953,4.65897],[-74.06958,4.65901]]}},{"type":"Feature","properties":{"id":"1157073977","nom":"Carrera 23","tipo":"residential"},"geometry":{"type":"LineString","coordinates":[[-74.06942,4.65793],[-74.06903,4.65849],[-74.06898,4.65856]]}},{"type":"Feature","properties":{"id":"1157073978","nom":"Avenida Carrera 24","tipo":"secondary"},"geometry":{"type":"LineString","coordinates":[[-74.07002,4.65834],[-74.06982,4.65865],[-74.06966,4.65889],[-74.06963,4.65894],[-74.06958,4.65901]]}},{"type":"Feature","properties":{"id":"1157219189","nom":"Calle 44","tipo":"residential"},"geometry":{"type":"LineString","coordinates":[[-74.0728,4.63265],[-74.07273,4.63263],[-74.07248,4.63259]]}},{"type":"Feature","properties":{"id":"1158816069","nom":"","tipo":"secondary"},"geometry":{"type":"LineString","coordinates":[[-74.08356,4.65295],[-74.08349,4.65297],[-74.08343,4.65298],[-74.08337,4.653],[-74.08333,4.65302],[-74.08329,4.65305],[-74.08326,4.65308],[-74.08324,4.65309]]}},{"type":"Feature","properties":{"id":"1158816070","nom":"Avenida Calle 53","tipo":"secondary"},"geometry":{"type":"LineString","coordinates":[[-74.0773,4.64242],[-74.07768,4.64248]]}},{"type":"Feature","properties":{"id":"1158817451","nom":"Avenida Calle 68","tipo":"secondary"},"geometry":{"type":"LineString","coordinates":[[-74.06569,4.65636],[-74.06639,4.65681],[-74.06643,4.65684],[-74.06651,4.65689]]}},{"type":"Feature","properties":{"id":"1158817458","nom":"Avenida Calle 20","tipo":"trunk"},"geometry":{"type":"LineString","coordinates":[[-74.09459,4.62577],[-74.09441,4.62577],[-74.0942,4.62576],[-74.09398,4.62576],[-74.09386,4.62576],[-74.09378,4.62577]]}},{"type":"Feature","properties":{"id":"1158835410","nom":"Avenida Calle 20","tipo":"trunk"},"geometry":{"type":"LineString","coordinates":[[-74.09285,4.6259],[-74.09367,4.62599],[-74.09377,4.626]]}},{"type":"Feature","properties":{"id":"1158835411","nom":"Transversal 39 Bis A","tipo":"primary"},"geometry":{"type":"LineString","coordinates":[[-74.09377,4.626],[-74.09374,4.62632],[-74.09373,4.62639]]}},{"type":"Feature","properties":{"id":"1164558365","nom":"Diagonal 61C","tipo":"secondary"},"geometry":{"type":"LineString","coordinates":[[-74.07407,4.64736],[-74.07399,4.64727]]}},{"type":"Feature","properties":{"id":"1164558942","nom":"Avenida Carrera 30","tipo":"trunk"},"geometry":{"type":"LineString","coordinates":[[-74.0824,4.62512],[-74.0822,4.62536],[-74.082,4.62562]]}},{"type":"Feature","properties":{"id":"1164561368","nom":"Avenida Carrera 50","tipo":"secondary"},"geometry":{"type":"LineString","coordinates":[[-74.0932,4.64075],[-74.09377,4.64042]]}},{"type":"Feature","properties":{"id":"1164561369","nom":"Avenida Calle 26","tipo":"primary"},"geometry":{"type":"LineString","coordinates":[[-74.09484,4.64092],[-74.09522,4.6415]]}},{"type":"Feature","properties":{"id":"1164561370","nom":"Avenida Calle 53","tipo":"secondary"},"geometry":{"type":"LineString","coordinates":[[-74.0888,4.64856],[-74.08877,4.64853],[-74.08869,4.64848],[-74.08818,4.64812],[-74.08755,4.64768],[-74.0874,4.64757]]}},{"type":"Feature","properties":{"id":"1164561371","nom":"Avenida Calle 53","tipo":"secondary"},"geometry":{"type":"LineString","coordinates":[[-74.08752,4.64812],[-74.0881,4.64853],[-74.08814,4.64856],[-74.0885,4.64881]]}},{"type":"Feature","properties":{"id":"1164676086","nom":"","tipo":"secondary_link"},"geometry":{"type":"LineString","coordinates":[[-74.07075,4.6574],[-74.07067,4.65735]]}},{"type":"Feature","properties":{"id":"1164686322","nom":"","tipo":"residential"},"geometry":{"type":"LineString","coordinates":[[-74.08195,4.63164],[-74.08196,4.63166],[-74.08197,4.63167],[-74.082,4.63168],[-74.08203,4.6317],[-74.08207,4.6317],[-74.0821,4.6317],[-74.08212,4.63169],[-74.08214,4.63167],[-74.08215,4.63165],[-74.08214,4.63164]]}},{"type":"Feature","properties":{"id":"1164686323","nom":"Carrera 33","tipo":"secondary"},"geometry":{"type":"LineString","coordinates":[[-74.08113,4.63139],[-74.08167,4.63102],[-74.08169,4.631]]}},{"type":"Feature","properties":{"id":"1166292877","nom":"Calle 40","tipo":"residential"},"geometry":{"type":"LineString","coordinates":[[-74.07744,4.63038],[-74.0768,4.63041],[-74.07612,4.63041]]}},{"type":"Feature","properties":{"id":"1167376069","nom":"Calle 66","tipo":"secondary"},"geometry":{"type":"LineString","coordinates":[[-74.06767,4.65508],[-74.06764,4.65506],[-74.06735,4.65486],[-74.06727,4.65481],[-74.06713,4.65474],[-74.06689,4.65462],[-74.06683,4.65459],[-74.0668,4.65457]]}},{"type":"Feature","properties":{"id":"1167383040","nom":"Avenida Carrera 40","tipo":"secondary"},"geometry":{"type":"LineString","coordinates":[[-74.09027,4.6326],[-74.09033,4.63256],[-74.0907,4.63231],[-74.09113,4.63203]]}},{"type":"Feature","properties":{"id":"1167383041","nom":"Avenida Carrera 40","tipo":"secondary"},"geometry":{"type":"LineString","coordinates":[[-74.09101,4.63184],[-74.09025,4.63236],[-74.09021,4.63239],[-74.09015,4.63242]]}},{"type":"Feature","properties":{"id":"1167383042","nom":"Avenida Calle 20","tipo":"trunk"},"geometry":{"type":"LineString","coordinates":[[-74.09567,4.62659],[-74.09583,4.62661],[-74.09586,4.62661],[-74.09595,4.62662]]}},{"type":"Feature","properties":{"id":"1168577478","nom":"Avenida Calle 20","tipo":"trunk"},"geometry":{"type":"LineString","coordinates":[[-74.09993,4.62618],[-74.09983,4.62617]]}},{"type":"Feature","properties":{"id":"1169148260","nom":"Avenida Calle 23","tipo":"trunk"},"geometry":{"type":"LineString","coordinates":[[-74.08436,4.62503],[-74.08494,4.62515],[-74.08518,4.6252]]}},{"type":"Feature","properties":{"id":"1169148265","nom":"Avenida Carrera 13","tipo":"secondary"},"geometry":{"type":"LineString","coordinates":[[-74.06743,4.62595],[-74.06749,4.62563],[-74.06757,4.62517],[-74.06759,4.62511],[-74.06764,4.62481],[-74.06766,4.62469],[-74.06766,4.62467],[-74.06771,4.6244]]}},{"type":"Feature","properties":{"id":"1169194202","nom":"","tipo":"primary_link"},"geometry":{"type":"LineString","coordinates":[[-74.1003,4.64771],[-74.10019,4.64754],[-74.09991,4.6471],[-74.09978,4.64689]]}},{"type":"Feature","properties":{"id":"1169194388","nom":"Avenida Carrera 17","tipo":"secondary"},"geometry":{"type":"LineString","coordinates":[[-74.0668,4.65457],[-74.06676,4.65464],[-74.06647,4.6551],[-74.06645,4.65514]]}},{"type":"Feature","properties":{"id":"1169333364","nom":"Calle 51","tipo":"tertiary"},"geometry":{"type":"LineString","coordinates":[[-74.06966,4.63896],[-74.06971,4.63897],[-74.06997,4.63902]]}},{"type":"Feature","properties":{"id":"1169369019","nom":"Carrera 18","tipo":"tertiary"},"geometry":{"type":"LineString","coordinates":[[-74.07032,4.63908],[-74.07032,4.63905],[-74.07038,4.63875],[-74.07049,4.6381],[-74.07067,4.63715],[-74.07067,4.63711]]}},{"type":"Feature","properties":{"id":"1169377970","nom":"Calle 25B","tipo":"tertiary"},"geometry":{"type":"LineString","coordinates":[[-74.08806,4.63289],[-74.08856,4.63308],[-74.08913,4.63329],[-74.08917,4.63331]]}},{"type":"Feature","properties":{"id":"1169377973","nom":"Calle 41","tipo":"residential"},"geometry":{"type":"LineString","coordinates":[[-74.07518,4.63148],[-74.0749,4.63147],[-74.07483,4.63147]]}},{"type":"Feature","properties":{"id":"1169377974","nom":"Diagonal 42A","tipo":"tertiary"},"geometry":{"type":"LineString","coordinates":[[-74.0727,4.63143],[-74.07247,4.63125],[-74.0724,4.63119],[-74.07235,4.63115]]}},{"type":"Feature","properties":{"id":"1169377975","nom":"Carrera 43A","tipo":"tertiary"},"geometry":{"type":"LineString","coordinates":[[-74.09983,4.62617],[-74.09979,4.6263],[-74.09978,4.62633],[-74.09977,4.62637]]}},{"type":"Feature","properties":{"id":"1169377976","nom":"Avenida Carrera 40","tipo":"secondary"},"geometry":{"type":"LineString","coordinates":[[-74.09567,4.62659],[-74.0957,4.62662],[-74.09571,4.62665],[-74.09572,4.62668],[-74.09572,4.62672],[-74.09572,4.62675],[-74.09568,4.62708],[-74.09568,4.62709],[-74.09566,4.62727],[-74.09563,4.62755],[-74.09558,4.62806],[-74.09556,4.6282],[-74.09554,4.62833],[-74.09552,4.62839],[-74.09551,4.62843],[-74.0955,4.62845],[-74.09549,4.62849]]}},{"type":"Feature","properties":{"id":"1169377977","nom":"Avenida Calle 20","tipo":"trunk"},"geometry":{"type":"LineString","coordinates":[[-74.10089,4.62655],[-74.1008,4.62654],[-74.10054,4.62651],[-74.10042,4.6265],[-74.10029,4.62648],[-74.09999,4.62642],[-74.09988,4.6264],[-74.09977,4.62637]]}},{"type":"Feature","properties":{"id":"1174580783","nom":"Avenida Carrera 40","tipo":"secondary"},"geometry":{"type":"LineString","coordinates":[[-74.09543,4.62585],[-74.09516,4.62573],[-74.095,4.62567]]}},{"type":"Feature","properties":{"id":"1174580784","nom":"Avenida Calle 20","tipo":"trunk"},"geometry":{"type":"LineString","coordinates":[[-74.09543,4.62585],[-74.09476,4.62578],[-74.0947,4.62578],[-74.09469,4.62578],[-74.09459,4.62577]]}},{"type":"Feature","properties":{"id":"1174656276","nom":"Calle 53B","tipo":"tertiary"},"geometry":{"type":"LineString","coordinates":[[-74.07566,4.6435],[-74.0754,4.64345],[-74.07465,4.64331]]}},{"type":"Feature","properties":{"id":"1176619793","nom":"Avenida Carrera 36","tipo":"secondary"},"geometry":{"type":"LineString","coordinates":[[-74.09104,4.62608],[-74.09107,4.62584],[-74.09107,4.62579],[-74.09108,4.6257]]}},{"type":"Feature","properties":{"id":"1177503478","nom":"Transversal 39","tipo":"residential"},"geometry":{"type":"LineString","coordinates":[[-74.09442,4.62646],[-74.09441,4.62652],[-74.09434,4.62713]]}},{"type":"Feature","properties":{"id":"1178430593","nom":"Calle 60","tipo":"tertiary"},"geometry":{"type":"LineString","coordinates":[[-74.06735,4.64753],[-74.06802,4.64765],[-74.06808,4.64766]]}},{"type":"Feature","properties":{"id":"1178430594","nom":"Avenida Carrera 7","tipo":"primary"},"geometry":{"type":"LineString","coordinates":[[-74.06576,4.62566],[-74.06571,4.62591],[-74.0657,4.62594]]}},{"type":"Feature","properties":{"id":"1178430595","nom":"Diagonal 40A","tipo":"tertiary"},"geometry":{"type":"LineString","coordinates":[[-74.06838,4.62777],[-74.06829,4.6277],[-74.06819,4.62761],[-74.06813,4.62757],[-74.068,4.62747],[-74.06788,4.62738],[-74.06771,4.62728],[-74.0675,4.6272],[-74.06741,4.62717],[-74.06731,4.62715],[-74.06726,4.62714],[-74.06724,4.62713]]}},{"type":"Feature","properties":{"id":"1178594101","nom":"Avenida Carrera 50","tipo":"secondary"},"geometry":{"type":"LineString","coordinates":[[-74.09602,4.63877],[-74.0954,4.63919]]}},{"type":"Feature","properties":{"id":"1178596614","nom":"Avenida Carrera 13","tipo":"secondary"},"geometry":{"type":"LineString","coordinates":[[-74.06625,4.63314],[-74.06633,4.63269],[-74.06636,4.63253],[-74.06637,4.63247],[-74.06641,4.6323]]}},{"type":"Feature","properties":{"id":"1178598577","nom":"Avenida Calle 26","tipo":"primary"},"geometry":{"type":"LineString","coordinates":[[-74.09433,4.64012],[-74.09484,4.64092]]}},{"type":"Feature","properties":{"id":"1180757292","nom":"Avenida Carrera 30","tipo":"trunk"},"geometry":{"type":"LineString","coordinates":[[-74.07863,4.64433],[-74.07863,4.64437],[-74.07859,4.64499]]}},{"type":"Feature","properties":{"id":"1180757293","nom":"Avenida Carrera 24","tipo":"secondary"},"geometry":{"type":"LineString","coordinates":[[-74.07067,4.65735],[-74.07064,4.65739],[-74.07057,4.65749],[-74.07043,4.65772],[-74.07002,4.65834]]}},{"type":"Feature","properties":{"id":"1180757294","nom":"Diagonal 61C","tipo":"secondary"},"geometry":{"type":"LineString","coordinates":[[-74.07764,4.65099],[-74.07762,4.65099],[-74.07732,4.65094],[-74.07727,4.65093],[-74.07722,4.65093],[-74.0772,4.65092],[-74.07718,4.65092],[-74.07715,4.65091],[-74.07713,4.6509],[-74.07711,4.65089],[-74.07708,4.65088],[-74.07706,4.65087],[-74.07705,4.65086],[-74.07703,4.65085],[-74.07702,4.65084],[-74.077,4.65083],[-74.07699,4.65082],[-74.07698,4.65081],[-74.07696,4.6508],[-74.07695,4.65078],[-74.07693,4.65076],[-74.07691,4.65073],[-74.07657,4.65032]]}},{"type":"Feature","properties":{"id":"1180763752","nom":"Calle 53B","tipo":"tertiary"},"geometry":{"type":"LineString","coordinates":[[-74.07708,4.64376],[-74.07704,4.64376],[-74.07664,4.64368],[-74.07635,4.64363],[-74.07615,4.64359],[-74.07574,4.64351],[-74.07566,4.6435]]}},{"type":"Feature","properties":{"id":"1180763753","nom":"Carrera 28","tipo":"tertiary"},"geometry":{"type":"LineString","coordinates":[[-74.07708,4.64376],[-74.07709,4.64373],[-74.07723,4.6429],[-74.07729,4.64247],[-74.0773,4.64242]]}},{"type":"Feature","properties":{"id":"1180765358","nom":"Avenida Calle 26","tipo":"primary"},"geometry":{"type":"LineString","coordinates":[[-74.08507,4.63273],[-74.0851,4.63275],[-74.08531,4.63286],[-74.08551,4.63294],[-74.08774,4.6338],[-74.08816,4.63397],[-74.08856,4.63412],[-74.08865,4.63415],[-74.0887,4.63417],[-74.08876,4.63419],[-74.08889,4.63424]]}},{"type":"Feature","properties":{"id":"1180988696","nom":"Avenida Carrera 30","tipo":"trunk"},"geometry":{"type":"LineString","coordinates":[[-74.07856,4.65305],[-74.07861,4.65242]]}},{"type":"Feature","properties":{"id":"1180992298","nom":"Avenida Carrera 30","tipo":"trunk"},"geometry":{"type":"LineString","coordinates":[[-74.07584,4.66492],[-74.07601,4.66445],[-74.07612,4.66413],[-74.07617,4.66397],[-74.07648,4.66276],[-74.07695,4.6611]]}},{"type":"Feature","properties":{"id":"1180992299","nom":"Avenida Carrera 30","tipo":"trunk"},"geometry":{"type":"LineString","coordinates":[[-74.0766,4.66389],[-74.07663,4.6638],[-74.07684,4.66302],[-74.07703,4.66237]]}},{"type":"Feature","properties":{"id":"1180992300","nom":"Avenida Carrera 30","tipo":"trunk"},"geometry":{"type":"LineString","coordinates":[[-74.07635,4.66445],[-74.07639,4.66442],[-74.07643,4.66438],[-74.07645,4.66434],[-74.07648,4.6643],[-74.07653,4.66415],[-74.0766,4.66389]]}},{"type":"Feature","properties":{"id":"1182588506","nom":"Avenida Calle 45","tipo":"secondary"},"geometry":{"type":"LineString","coordinates":[[-74.07393,4.63362],[-74.07386,4.63361],[-74.07276,4.6334],[-74.07272,4.63339],[-74.07265,4.63338]]}},{"type":"Feature","properties":{"id":"1182588507","nom":"Carrera 22","tipo":"tertiary"},"geometry":{"type":"LineString","coordinates":[[-74.07391,4.63372],[-74.07393,4.63362]]}},{"type":"Feature","properties":{"id":"1182588508","nom":"Carrera 22","tipo":"tertiary"},"geometry":{"type":"LineString","coordinates":[[-74.07338,4.63666],[-74.0734,4.63659],[-74.07357,4.63561],[-74.07368,4.63499]]}},{"type":"Feature","properties":{"id":"1182588509","nom":"Avenida Carrera 24","tipo":"secondary"},"geometry":{"type":"LineString","coordinates":[[-74.07511,4.63525],[-74.07514,4.63508],[-74.07527,4.63448]]}},{"type":"Feature","properties":{"id":"1182593945","nom":"Calle 69","tipo":"tertiary"},"geometry":{"type":"LineString","coordinates":[[-74.06511,4.65727],[-74.06508,4.65725],[-74.06463,4.65698],[-74.06414,4.65667],[-74.06409,4.65664],[-74.06345,4.65624],[-74.06341,4.65622],[-74.06277,4.65582],[-74.06275,4.65581],[-74.0627,4.65578]]}},{"type":"Feature","properties":{"id":"1182593946","nom":"Avenida Carrera 17","tipo":"secondary"},"geometry":{"type":"LineString","coordinates":[[-74.06569,4.65636],[-74.06564,4.65643],[-74.06544,4.65676],[-74.06515,4.65722],[-74.06511,4.65727]]}},{"type":"Feature","properties":{"id":"1182593947","nom":"Avenida Calle 20","tipo":"trunk"},"geometry":{"type":"LineString","coordinates":[[-74.10033,4.62622],[-74.10002,4.62619],[-74.09998,4.62619],[-74.09993,4.62618]]}},{"type":"Feature","properties":{"id":"1182600434","nom":"Avenida Carrera 30","tipo":"trunk"},"geometry":{"type":"LineString","coordinates":[[-74.07832,4.65193],[-74.07839,4.65093]]}},{"type":"Feature","properties":{"id":"1182616768","nom":"Carrera 19","tipo":"residential"},"geometry":{"type":"LineString","coordinates":[[-74.0699,4.64476],[-74.06991,4.6447],[-74.07002,4.64411]]}},{"type":"Feature","properties":{"id":"1184133597","nom":"Carrera 8","tipo":"residential"},"geometry":{"type":"LineString","coordinates":[[-74.06651,4.62582],[-74.06671,4.62493]]}},{"type":"Feature","properties":{"id":"1191300066","nom":"Avenida Carrera 30","tipo":"trunk"},"geometry":{"type":"LineString","coordinates":[[-74.08261,4.62473],[-74.08255,4.6249],[-74.08251,4.62497],[-74.0824,4.62512]]}},{"type":"Feature","properties":{"id":"1191315690","nom":"Diagonal 61C","tipo":"secondary"},"geometry":{"type":"LineString","coordinates":[[-74.07563,4.64926],[-74.07532,4.64887],[-74.07526,4.6488],[-74.07502,4.64851]]}},{"type":"Feature","properties":{"id":"1191441622","nom":"Transversal 24","tipo":"secondary"},"geometry":{"type":"LineString","coordinates":[[-74.07312,4.64759],[-74.07317,4.64766]]}},{"type":"Feature","properties":{"id":"1191441624","nom":"Diagonal 61B","tipo":"tertiary"},"geometry":{"type":"LineString","coordinates":[[-74.07491,4.64622],[-74.07447,4.64658],[-74.07416,4.64683],[-74.07399,4.64697],[-74.07394,4.64702],[-74.0739,4.64705],[-74.07385,4.64708],[-74.07349,4.64734],[-74.07347,4.64736],[-74.07318,4.64755],[-74.07315,4.64757],[-74.07312,4.64759]]}},{"type":"Feature","properties":{"id":"1191441626","nom":"Avenida Calle 53","tipo":"secondary"},"geometry":{"type":"LineString","coordinates":[[-74.08429,4.64586],[-74.08441,4.64596],[-74.08456,4.64608],[-74.08475,4.6462]]}},{"type":"Feature","properties":{"id":"1191441627","nom":"Avenida Calle 53","tipo":"secondary"},"geometry":{"type":"LineString","coordinates":[[-74.08494,4.64591],[-74.08455,4.64563],[-74.08448,4.64558]]}},{"type":"Feature","properties":{"id":"1191448119","nom":"Avenida Carrera 24","tipo":"secondary"},"geometry":{"type":"LineString","coordinates":[[-74.07074,4.65725],[-74.07067,4.65735]]}},{"type":"Feature","properties":{"id":"1191448530","nom":"Carrera 28","tipo":"tertiary"},"geometry":{"type":"LineString","coordinates":[[-74.07728,4.64184],[-74.07728,4.64173],[-74.07728,4.64135],[-74.07729,4.64131]]}},{"type":"Feature","properties":{"id":"1195016029","nom":"Avenida Carrera 17","tipo":"secondary"},"geometry":{"type":"LineString","coordinates":[[-74.06607,4.65575],[-74.06575,4.65626],[-74.06573,4.6563],[-74.06569,4.65636]]}},{"type":"Feature","properties":{"id":"1195016030","nom":"Calle 67","tipo":"residential"},"geometry":{"type":"LineString","coordinates":[[-74.06478,4.65494],[-74.06507,4.65512],[-74.06557,4.65542],[-74.06604,4.65573],[-74.06607,4.65575]]}},{"type":"Feature","properties":{"id":"1197175391","nom":"","tipo":"primary_link"},"geometry":{"type":"LineString","coordinates":[[-74.09582,4.64111],[-74.0958,4.641],[-74.09578,4.64092],[-74.09579,4.64081],[-74.09579,4.64075],[-74.09581,4.64068],[-74.09584,4.64062],[-74.09587,4.64055],[-74.0961,4.64016]]}},{"type":"Feature","properties":{"id":"1197175392","nom":"","tipo":"primary_link"},"geometry":{"type":"LineString","coordinates":[[-74.09804,4.64416],[-74.09758,4.64344]]}},{"type":"Feature","properties":{"id":"1197175393","nom":"","tipo":"primary_link"},"geometry":{"type":"LineString","coordinates":[[-74.09902,4.64569],[-74.09897,4.64561]]}},{"type":"Feature","properties":{"id":"1197175394","nom":"Avenida Calle 26","tipo":"primary"},"geometry":{"type":"LineString","coordinates":[[-74.09934,4.6466],[-74.09913,4.64626]]}},{"type":"Feature","properties":{"id":"1197466678","nom":"Carrera 21","tipo":"tertiary"},"geometry":{"type":"LineString","coordinates":[[-74.07121,4.6458],[-74.07132,4.64521],[-74.07132,4.64518],[-74.07132,4.64516],[-74.0713,4.64511]]}},{"type":"Feature","properties":{"id":"1197466679","nom":"Calle 58","tipo":"residential"},"geometry":{"type":"LineString","coordinates":[[-74.07121,4.6458],[-74.07114,4.64578]]}},{"type":"Feature","properties":{"id":"1197467016","nom":"Transversal 25","tipo":"tertiary"},"geometry":{"type":"LineString","coordinates":[[-74.07376,4.64455],[-74.07393,4.64436],[-74.07419,4.64404]]}},{"type":"Feature","properties":{"id":"1197467930","nom":"Avenida Calle 26","tipo":"primary"},"geometry":{"type":"LineString","coordinates":[[-74.09411,4.63978],[-74.09433,4.64012]]}},{"type":"Feature","properties":{"id":"1197469272","nom":"Transversal 24","tipo":"secondary"},"geometry":{"type":"LineString","coordinates":[[-74.0736,4.64343],[-74.07355,4.64349],[-74.07307,4.64398]]}},{"type":"Feature","properties":{"id":"1197472369","nom":"Avenida Calle 23","tipo":"trunk"},"geometry":{"type":"LineString","coordinates":[[-74.08677,4.6256],[-74.08697,4.62562]]}},{"type":"Feature","properties":{"id":"1197472578","nom":"","tipo":"primary_link"},"geometry":{"type":"LineString","coordinates":[[-74.09978,4.64689],[-74.09951,4.64646],[-74.09926,4.64607],[-74.09902,4.64569]]}},{"type":"Feature","properties":{"id":"1198021191","nom":"Calle 44","tipo":"tertiary"},"geometry":{"type":"LineString","coordinates":[[-74.0956,4.64996],[-74.09556,4.6499]]}},{"type":"Feature","properties":{"id":"1198021192","nom":"Calle 44","tipo":"tertiary"},"geometry":{"type":"LineString","coordinates":[[-74.0943,4.64794],[-74.09355,4.64676]]}},{"type":"Feature","properties":{"id":"1206327934","nom":"Avenida Calle 24","tipo":"secondary"},"geometry":{"type":"LineString","coordinates":[[-74.09964,4.64051],[-74.099,4.63965]]}},{"type":"Feature","properties":{"id":"1210314989","nom":"Carrera 26","tipo":"residential"},"geometry":{"type":"LineString","coordinates":[[-74.0737,4.64977],[-74.07358,4.65042]]}},{"type":"Feature","properties":{"id":"1210314990","nom":"Calle 62","tipo":"residential"},"geometry":{"type":"LineString","coordinates":[[-74.07358,4.65042],[-74.07405,4.65049],[-74.07453,4.65057]]}},{"type":"Feature","properties":{"id":"1214816696","nom":"Calle 65A","tipo":"residential"},"geometry":{"type":"LineString","coordinates":[[-74.08248,4.66501],[-74.08243,4.66496]]}},{"type":"Feature","properties":{"id":"1214816698","nom":"Carrera 57A","tipo":"residential"},"geometry":{"type":"LineString","coordinates":[[-74.08351,4.66448],[-74.08343,4.66453]]}},{"type":"Feature","properties":{"id":"1216583323","nom":"Avenida Carrera 13","tipo":"secondary"},"geometry":{"type":"LineString","coordinates":[[-74.06682,4.62979],[-74.06693,4.62912],[-74.06693,4.62908],[-74.06695,4.629],[-74.06703,4.62849],[-74.06708,4.62817],[-74.06711,4.62802]]}},{"type":"Feature","properties":{"id":"1243538812","nom":"Carrera 15","tipo":"residential"},"geometry":{"type":"LineString","coordinates":[[-74.06702,4.64301],[-74.06704,4.64279],[-74.06711,4.64216]]}},{"type":"Feature","properties":{"id":"1270806052","nom":"Avenida Calle 53","tipo":"secondary"},"geometry":{"type":"LineString","coordinates":[[-74.09761,4.65518],[-74.09766,4.65521],[-74.1003,4.65707],[-74.10035,4.6571],[-74.10043,4.65716]]}},{"type":"Feature","properties":{"id":"1291861226","nom":"Calle 40A","tipo":"tertiary"},"geometry":{"type":"LineString","coordinates":[[-74.07876,4.63097],[-74.07876,4.63093],[-74.07877,4.63089],[-74.07879,4.63085],[-74.07881,4.63083],[-74.07885,4.6308],[-74.07887,4.63079],[-74.0789,4.63079],[-74.07895,4.63079]]}},{"type":"Feature","properties":{"id":"1299111584","nom":"Calle 48","tipo":"residential"},"geometry":{"type":"LineString","coordinates":[[-74.06695,4.63543],[-74.06595,4.63526],[-74.06589,4.63525]]}},{"type":"Feature","properties":{"id":"1299111588","nom":"Calle 51","tipo":"residential"},"geometry":{"type":"LineString","coordinates":[[-74.06541,4.63817],[-74.06546,4.6382],[-74.06549,4.63822],[-74.06555,4.63824],[-74.06624,4.63836],[-74.06644,4.63839]]}},{"type":"Feature","properties":{"id":"1299111590","nom":"Calle 52","tipo":"tertiary"},"geometry":{"type":"LineString","coordinates":[[-74.0675,4.63959],[-74.06669,4.63945]]}},{"type":"Feature","properties":{"id":"1299111593","nom":"Calle 46","tipo":"residential"},"geometry":{"type":"LineString","coordinates":[[-74.06809,4.6335],[-74.06772,4.63342]]}},{"type":"Feature","properties":{"id":"1299111594","nom":"Calle 48","tipo":"residential"},"geometry":{"type":"LineString","coordinates":[[-74.0682,4.63566],[-74.06735,4.63549]]}},{"type":"Feature","properties":{"id":"1299111596","nom":"Calle 49","tipo":"tertiary"},"geometry":{"type":"LineString","coordinates":[[-74.06674,4.63643],[-74.06682,4.63645],[-74.06686,4.63645]]}},{"type":"Feature","properties":{"id":"1299111599","nom":"Calle 49","tipo":"tertiary"},"geometry":{"type":"LineString","coordinates":[[-74.0671,4.63649],[-74.06714,4.63649]]}},{"type":"Feature","properties":{"id":"1299111600","nom":"Calle 50","tipo":"residential"},"geometry":{"type":"LineString","coordinates":[[-74.06663,4.63743],[-74.06579,4.63727],[-74.06572,4.63725],[-74.06565,4.63724],[-74.06563,4.63723],[-74.06557,4.63722]]}},{"type":"Feature","properties":{"id":"1299111601","nom":"Calle 51","tipo":"tertiary"},"geometry":{"type":"LineString","coordinates":[[-74.06684,4.63846],[-74.06736,4.63855],[-74.0676,4.6386],[-74.06768,4.63861]]}},{"type":"Feature","properties":{"id":"1299111604","nom":"Avenida Calle 45","tipo":"secondary"},"geometry":{"type":"LineString","coordinates":[[-74.06641,4.6323],[-74.0665,4.63236],[-74.06654,4.63238],[-74.06659,4.63241],[-74.06666,4.63243],[-74.06672,4.63245],[-74.06688,4.63248],[-74.06747,4.63256],[-74.0675,4.63257],[-74.06756,4.63257],[-74.06778,4.63261]]}},{"type":"Feature","properties":{"id":"1299111612","nom":"Avenida Calle 53","tipo":"secondary"},"geometry":{"type":"LineString","coordinates":[[-74.06616,4.64042],[-74.06622,4.64043],[-74.06633,4.64045],[-74.06639,4.64045]]}},{"type":"Feature","properties":{"id":"1299111616","nom":"Avenida Calle 53","tipo":"secondary"},"geometry":{"type":"LineString","coordinates":[[-74.0664,4.64038],[-74.06634,4.64037],[-74.06624,4.64035],[-74.06617,4.64034]]}},{"type":"Feature","properties":{"id":"1307783023","nom":"Carrera 15","tipo":"residential"},"geometry":{"type":"LineString","coordinates":[[-74.06732,4.64061],[-74.06733,4.64054]]}},{"type":"Feature","properties":{"id":"1320764618","nom":"Calle 61","tipo":"residential"},"geometry":{"type":"LineString","coordinates":[[-74.0658,4.64827],[-74.06574,4.64826],[-74.06515,4.64817]]}},{"type":"Feature","properties":{"id":"1320764626","nom":"Calle 60","tipo":"tertiary"},"geometry":{"type":"LineString","coordinates":[[-74.06521,4.64714],[-74.06527,4.64715]]}},{"type":"Feature","properties":{"id":"1320764630","nom":"Avenida Calle 57","tipo":"secondary"},"geometry":{"type":"LineString","coordinates":[[-74.06576,4.64405],[-74.06573,4.64404],[-74.0657,4.64404],[-74.0656,4.64402],[-74.06558,4.64401],[-74.06555,4.64401]]}},{"type":"Feature","properties":{"id":"1320764635","nom":"Calle 59","tipo":"residential"},"geometry":{"type":"LineString","coordinates":[[-74.06411,4.64595],[-74.06416,4.64598],[-74.0642,4.646],[-74.06429,4.64602],[-74.06508,4.64618]]}},{"type":"Feature","properties":{"id":"1321515270","nom":"Avenida Calle 53","tipo":"secondary"},"geometry":{"type":"LineString","coordinates":[[-74.06647,4.64039],[-74.0664,4.64038]]}},{"type":"Feature","properties":{"id":"1321515271","nom":"Avenida Calle 53","tipo":"secondary"},"geometry":{"type":"LineString","coordinates":[[-74.06639,4.64045],[-74.06646,4.64046]]}},{"type":"Feature","properties":{"id":"1322737746","nom":"Carrera 66A","tipo":"tertiary"},"geometry":{"type":"LineString","coordinates":[[-74.09902,4.65317],[-74.09907,4.65309],[-74.09936,4.65267],[-74.09978,4.65206]]}},{"type":"Feature","properties":{"id":"1338732119","nom":"Carrera 44A","tipo":"tertiary"},"geometry":{"type":"LineString","coordinates":[[-74.09461,4.6335],[-74.09471,4.6335],[-74.09476,4.63349]]}},{"type":"Feature","properties":{"id":"1338732124","nom":"Carrera 44A","tipo":"tertiary"},"geometry":{"type":"LineString","coordinates":[[-74.09456,4.6335],[-74.09461,4.6335]]}},{"type":"Feature","properties":{"id":"1338762498","nom":"Calle 37","tipo":"residential"},"geometry":{"type":"LineString","coordinates":[[-74.0695,4.62552],[-74.06933,4.62544],[-74.0692,4.62538],[-74.06916,4.62534]]}},{"type":"Feature","properties":{"id":"1338762500","nom":"Calle 37","tipo":"residential"},"geometry":{"type":"LineString","coordinates":[[-74.06992,4.62569],[-74.06988,4.62568],[-74.0695,4.62552]]}},{"type":"Feature","properties":{"id":"1338762502","nom":"Calle 38","tipo":"residential"},"geometry":{"type":"LineString","coordinates":[[-74.06812,4.62607],[-74.06869,4.62618]]}},{"type":"Feature","properties":{"id":"1338762503","nom":"Calle 37","tipo":"residential"},"geometry":{"type":"LineString","coordinates":[[-74.06823,4.62523],[-74.06878,4.62534]]}},{"type":"Feature","properties":{"id":"1349489595","nom":"Carrera 9","tipo":"residential"},"geometry":{"type":"LineString","coordinates":[[-74.06525,4.63401],[-74.06494,4.63507]]}},{"type":"Feature","properties":{"id":"1354760920","nom":"","tipo":"secondary_link"},"geometry":{"type":"LineString","coordinates":[[-74.06571,4.64985],[-74.0657,4.64982],[-74.06568,4.6498],[-74.06566,4.64977],[-74.06562,4.64975],[-74.06553,4.64972]]}},{"type":"Feature","properties":{"id":"1358521669","nom":"Calle 54A","tipo":"residential"},"geometry":{"type":"LineString","coordinates":[[-74.06803,4.64231],[-74.06711,4.64216]]}},{"type":"Feature","properties":{"id":"1360693500","nom":"Avenida Calle 68","tipo":"secondary"},"geometry":{"type":"LineString","coordinates":[[-74.06842,4.65813],[-74.06898,4.65856]]}},{"type":"Feature","properties":{"id":"1373065426","nom":"Calle 58","tipo":"residential"},"geometry":{"type":"LineString","coordinates":[[-74.06766,4.64514],[-74.06752,4.64512]]}},{"type":"Feature","properties":{"id":"1373065427","nom":"Carrera 16","tipo":"residential"},"geometry":{"type":"LineString","coordinates":[[-74.06617,4.65316],[-74.06607,4.65372],[-74.06602,4.654],[-74.06601,4.65406]]}},{"type":"Feature","properties":{"id":"1373065428","nom":"Carrera 16","tipo":"residential"},"geometry":{"type":"LineString","coordinates":[[-74.06601,4.65406],[-74.066,4.65408],[-74.06599,4.65411],[-74.06596,4.65414]]}},{"type":"Feature","properties":{"id":"1373065429","nom":"Calle 66","tipo":"residential"},"geometry":{"type":"LineString","coordinates":[[-74.0668,4.65457],[-74.06676,4.65455],[-74.0661,4.65421],[-74.06604,4.65418],[-74.06596,4.65414]]}},{"type":"Feature","properties":{"id":"1375890330","nom":"Calle 74A","tipo":"residential"},"geometry":{"type":"LineString","coordinates":[[-74.06506,4.6648],[-74.06503,4.66478],[-74.06467,4.66453],[-74.06425,4.66426],[-74.06422,4.66426],[-74.06421,4.66426]]}},{"type":"Feature","properties":{"id":"1386360177","nom":"Carrera 23","tipo":"residential"},"geometry":{"type":"LineString","coordinates":[[-74.06642,4.66263],[-74.06648,4.66254]]}},{"type":"Feature","properties":{"id":"1386360178","nom":"Avenida Calle 72","tipo":"secondary"},"geometry":{"type":"LineString","coordinates":[[-74.06642,4.66263],[-74.06648,4.66266],[-74.06698,4.66301],[-74.06701,4.66303],[-74.06704,4.66305]]}},{"type":"Feature","properties":{"id":"1386360179","nom":"Avenida Calle 72","tipo":"secondary"},"geometry":{"type":"LineString","coordinates":[[-74.06638,4.6626],[-74.06642,4.66263]]}},{"type":"Feature","properties":{"id":"1387069355","nom":"Carrera 36A","tipo":"residential"},"geometry":{"type":"LineString","coordinates":[[-74.08129,4.64605],[-74.08125,4.64663],[-74.08125,4.64666]]}},{"type":"Feature","properties":{"id":"1387069356","nom":"Carrera 36A","tipo":"residential"},"geometry":{"type":"LineString","coordinates":[[-74.08129,4.646],[-74.08129,4.64603],[-74.08129,4.64605]]}},{"type":"Feature","properties":{"id":"1387069357","nom":"Carrera 36A","tipo":"residential"},"geometry":{"type":"LineString","coordinates":[[-74.08137,4.64487],[-74.0813,4.64594]]}},{"type":"Feature","properties":{"id":"1387069358","nom":"Calle 56","tipo":"residential"},"geometry":{"type":"LineString","coordinates":[[-74.08123,4.646],[-74.08034,4.64593]]}},{"type":"Feature","properties":{"id":"1387069359","nom":"Calle 56","tipo":"residential"},"geometry":{"type":"LineString","coordinates":[[-74.08129,4.646],[-74.08126,4.646],[-74.08123,4.646]]}},{"type":"Feature","properties":{"id":"1387069360","nom":"Calle 56","tipo":"residential"},"geometry":{"type":"LineString","coordinates":[[-74.08195,4.64606],[-74.08135,4.64601]]}},{"type":"Feature","properties":{"id":"1390110849","nom":"Calle 62","tipo":"residential"},"geometry":{"type":"LineString","coordinates":[[-74.07005,4.64972],[-74.06999,4.64971]]}},{"type":"Feature","properties":{"id":"1390110850","nom":"Calle 62","tipo":"residential"},"geometry":{"type":"LineString","coordinates":[[-74.07096,4.64987],[-74.07066,4.64982],[-74.07005,4.64972]]}},{"type":"Feature","properties":{"id":"1395988886","nom":"Diagonal 40A Bis","tipo":"tertiary"},"geometry":{"type":"LineString","coordinates":[[-74.0685,4.6292],[-74.06854,4.62922],[-74.0686,4.62926],[-74.06866,4.6293],[-74.06878,4.62939],[-74.06925,4.62977]]}},{"type":"Feature","properties":{"id":"1395988887","nom":"Calle 41","tipo":"residential"},"geometry":{"type":"LineString","coordinates":[[-74.06758,4.62913],[-74.06801,4.62921],[-74.06807,4.62922]]}},{"type":"Feature","properties":{"id":"1395988888","nom":"Diagonal 40A Bis","tipo":"tertiary"},"geometry":{"type":"LineString","coordinates":[[-74.06916,4.62942],[-74.06903,4.6293],[-74.06852,4.62882]]}},{"type":"Feature","properties":{"id":"1395988892","nom":"Calle 42 Bis","tipo":"tertiary"},"geometry":{"type":"LineString","coordinates":[[-74.06832,4.63034],[-74.06847,4.63036],[-74.06855,4.63038]]}},{"type":"Feature","properties":{"id":"1408392707","nom":"Carrera 15","tipo":"residential"},"geometry":{"type":"LineString","coordinates":[[-74.06721,4.64126],[-74.06727,4.64088],[-74.06731,4.64069],[-74.06731,4.64066],[-74.06732,4.64061]]}},{"type":"Feature","properties":{"id":"1408392708","nom":"Avenida Carrera 17","tipo":"secondary"},"geometry":{"type":"LineString","coordinates":[[-74.06708,4.65308],[-74.06707,4.65314],[-74.06699,4.65358],[-74.06696,4.65375],[-74.06692,4.65397],[-74.06683,4.65444],[-74.06682,4.65451],[-74.06682,4.65453],[-74.0668,4.65457]]}},{"type":"Feature","properties":{"id":"1408392713","nom":"Avenida Carrera 17","tipo":"secondary"},"geometry":{"type":"LineString","coordinates":[[-74.06728,4.65201],[-74.06716,4.65264],[-74.06715,4.65269],[-74.06714,4.65274],[-74.06709,4.65304],[-74.06708,4.65308]]}},{"type":"Feature","properties":{"id":"1414188390","nom":"Calle 36","tipo":"tertiary"},"geometry":{"type":"LineString","coordinates":[[-74.071,4.62495],[-74.07186,4.62511],[-74.07191,4.62512],[-74.07216,4.62516],[-74.07222,4.62517]]}},{"type":"Feature","properties":{"id":"1416734832","nom":"Calle 39","tipo":"residential"},"geometry":{"type":"LineString","coordinates":[[-74.06993,4.62698],[-74.0697,4.62694]]}},{"type":"Feature","properties":{"id":"1418095685","nom":"Calle 37","tipo":"residential"},"geometry":{"type":"LineString","coordinates":[[-74.06914,4.62556],[-74.0692,4.62555],[-74.06926,4.62555],[-74.06933,4.62557],[-74.06946,4.62561]]}},{"type":"Feature","properties":{"id":"1423135790","nom":"","tipo":"residential"},"geometry":{"type":"LineString","coordinates":[[-74.06953,4.64682],[-74.0695,4.64682],[-74.06946,4.64682],[-74.06942,4.64683],[-74.06939,4.64686],[-74.06936,4.64688],[-74.06934,4.64692],[-74.06933,4.64695]]}},{"type":"Feature","properties":{"id":"1423135791","nom":"","tipo":"residential"},"geometry":{"type":"LineString","coordinates":[[-74.06933,4.64695],[-74.06933,4.64699],[-74.06933,4.64703],[-74.06935,4.64706],[-74.06937,4.6471],[-74.0694,4.64712],[-74.06943,4.64714],[-74.06947,4.64715]]}},{"type":"Feature","properties":{"id":"1423135792","nom":"","tipo":"residential"},"geometry":{"type":"LineString","coordinates":[[-74.06966,4.64694],[-74.06965,4.64691],[-74.06963,4.64688],[-74.06961,4.64686],[-74.06959,4.64684],[-74.06956,4.64683],[-74.06953,4.64682]]}},{"type":"Feature","properties":{"id":"1423135793","nom":"","tipo":"residential"},"geometry":{"type":"LineString","coordinates":[[-74.06947,4.64715],[-74.06951,4.64715],[-74.06955,4.64715],[-74.06958,4.64713],[-74.06961,4.64711],[-74.06964,4.64708]]}},{"type":"Feature","properties":{"id":"1423135794","nom":"","tipo":"residential"},"geometry":{"type":"LineString","coordinates":[[-74.06964,4.64708],[-74.06966,4.64705],[-74.06967,4.64701],[-74.06967,4.64697],[-74.06966,4.64694]]}},{"type":"Feature","properties":{"id":"1425733020","nom":"Carrera 43","tipo":"tertiary"},"geometry":{"type":"LineString","coordinates":[[-74.09993,4.62618],[-74.0998,4.62631],[-74.09978,4.62633]]}},{"type":"Feature","properties":{"id":"1430023711","nom":"Avenida Carrera 17","tipo":"secondary"},"geometry":{"type":"LineString","coordinates":[[-74.06645,4.65514],[-74.06609,4.65572],[-74.06607,4.65575]]}},{"type":"Feature","properties":{"id":"1430306672","nom":"Calle 49","tipo":"tertiary"},"geometry":{"type":"LineString","coordinates":[[-74.06573,4.63628],[-74.06579,4.63629],[-74.06583,4.6363],[-74.06649,4.6364],[-74.06674,4.63643]]}},{"type":"Feature","properties":{"id":"1430306673","nom":"Calle 49","tipo":"tertiary"},"geometry":{"type":"LineString","coordinates":[[-74.06714,4.63649],[-74.06762,4.63658],[-74.06797,4.63664],[-74.06799,4.63664],[-74.06802,4.63665]]}},{"type":"Feature","properties":{"id":"1465484497","nom":"","tipo":"secondary_link"},"geometry":{"type":"LineString","coordinates":[[-74.06766,4.64993],[-74.0676,4.64997],[-74.06754,4.65],[-74.0675,4.65002],[-74.06746,4.65004],[-74.0674,4.65005],[-74.06733,4.65005]]}},{"type":"Feature","properties":{"id":"1471987642","nom":"Avenida Carrera 24","tipo":"secondary"},"geometry":{"type":"LineString","coordinates":[[-74.07055,4.6577],[-74.07068,4.65751],[-74.07072,4.65745],[-74.07075,4.6574]]}},{"type":"Feature","properties":{"id":"1476281048","nom":"Carrera 15","tipo":"residential"},"geometry":{"type":"LineString","coordinates":[[-74.06871,4.63277],[-74.06873,4.63267]]}},{"type":"Feature","properties":{"id":"1476281049","nom":"Avenida Calle 45","tipo":"secondary"},"geometry":{"type":"LineString","coordinates":[[-74.06834,4.6327],[-74.06865,4.63276],[-74.06871,4.63277]]}},{"type":"Feature","properties":{"id":"1482579410","nom":"Diagonal 54","tipo":"residential"},"geometry":{"type":"LineString","coordinates":[[-74.06644,4.64081],[-74.06721,4.64126]]}},{"type":"Feature","properties":{"id":"1485558319","nom":"Calle 25D","tipo":"residential"},"geometry":{"type":"LineString","coordinates":[[-74.08566,4.63244],[-74.08564,4.63229]]}},{"type":"Feature","properties":{"id":"1489912511","nom":"Carrera 15","tipo":"residential"},"geometry":{"type":"LineString","coordinates":[[-74.06583,4.64917],[-74.06587,4.64898],[-74.06598,4.6483]]}},{"type":"Feature","properties":{"id":"1510576149","nom":"Carrera 33","tipo":"secondary"},"geometry":{"type":"LineString","coordinates":[[-74.08307,4.62994],[-74.083,4.62999]]}},{"type":"Feature","properties":{"id":"1547941556","nom":"Avenida Calle 63","tipo":"secondary"},"geometry":{"type":"LineString","coordinates":[[-74.07345,4.65125],[-74.074,4.65136],[-74.07429,4.65141],[-74.07432,4.65142],[-74.07437,4.65143]]}},{"type":"Feature","properties":{"id":"1548477099","nom":"Avenida Carrera 24","tipo":"secondary"},"geometry":{"type":"LineString","coordinates":[[-74.06958,4.65901],[-74.06955,4.65906],[-74.0691,4.65976]]}},{"type":"Feature","properties":{"id":"1548477100","nom":"Calle 69","tipo":"tertiary"},"geometry":{"type":"LineString","coordinates":[[-74.0691,4.65976],[-74.06908,4.65975],[-74.06846,4.65935]]}},{"type":"Feature","properties":{"id":"1548477101","nom":"Carrera 23","tipo":"residential"},"geometry":{"type":"LineString","coordinates":[[-74.06846,4.65935],[-74.06896,4.65859],[-74.06898,4.65856]]}},{"type":"Feature","properties":{"id":"1548477102","nom":"Calle 53B","tipo":"tertiary"},"geometry":{"type":"LineString","coordinates":[[-74.07465,4.64331],[-74.07384,4.64316],[-74.07372,4.64314]]}},{"type":"Feature","properties":{"id":"1552149731","nom":"Calle 21","tipo":"tertiary"},"geometry":{"type":"LineString","coordinates":[[-74.0985,4.63055],[-74.09909,4.63104],[-74.09925,4.63117],[-74.09965,4.6315]]}},{"type":"Feature","properties":{"id":"1552747779","nom":"Avenida Carrera 17","tipo":"secondary"},"geometry":{"type":"LineString","coordinates":[[-74.06766,4.64993],[-74.06765,4.65002],[-74.06763,4.65011]]}},{"type":"Feature","properties":{"id":"1552747780","nom":"Avenida Calle 63","tipo":"secondary"},"geometry":{"type":"LineString","coordinates":[[-74.06733,4.65005],[-74.06715,4.65002]]}},{"type":"Feature","properties":{"id":"1554879800","nom":"Avenida Carrera 24","tipo":"secondary"},"geometry":{"type":"LineString","coordinates":[[-74.07514,4.62779],[-74.07514,4.62781],[-74.07513,4.62787],[-74.07505,4.62872],[-74.07504,4.62886],[-74.07503,4.62897],[-74.07502,4.62911],[-74.07501,4.6292]]}},{"type":"Feature","properties":{"id":"1557733807","nom":"Avenida Carrera 17","tipo":"secondary"},"geometry":{"type":"LineString","coordinates":[[-74.06511,4.65727],[-74.06489,4.65764],[-74.06485,4.65769],[-74.06456,4.65816]]}},{"type":"Feature","properties":{"id":"1557957803","nom":"Carrera 27","tipo":"residential"},"geometry":{"type":"LineString","coordinates":[[-74.07734,4.63478],[-74.0774,4.63441],[-74.07741,4.63434]]}}]}