{"type":"FeatureCollection","features":[{"type":"Feature","properties":{"id":"24062726","nom":"Avenida Carrera 72","tipo":"trunk"},"geometry":{"type":"LineString","coordinates":[[-74.14484,4.5991],[-74.14489,4.59897],[-74.14493,4.59883],[-74.14503,4.59853],[-74.1451,4.59823],[-74.14522,4.59772],[-74.14527,4.59752],[-74.14532,4.59725]]}},{"type":"Feature","properties":{"id":"24062728","nom":"Avenida Carrera 72","tipo":"trunk"},"geometry":{"type":"LineString","coordinates":[[-74.14522,4.59662],[-74.14518,4.59713],[-74.14517,4.59722],[-74.14514,4.59742],[-74.1451,4.5976],[-74.145,4.598],[-74.14488,4.59844],[-74.14476,4.59887],[-74.14471,4.599]]}},{"type":"Feature","properties":{"id":"24062729","nom":"Avenida Carrera 72","tipo":"trunk"},"geometry":{"type":"LineString","coordinates":[[-74.14527,4.59458],[-74.14526,4.59631]]}},{"type":"Feature","properties":{"id":"24062745","nom":"Calle 48C Sur","tipo":"tertiary"},"geometry":{"type":"LineString","coordinates":[[-74.13135,4.57847],[-74.13116,4.57799],[-74.13111,4.57787],[-74.1311,4.57785],[-74.13098,4.57754],[-74.13097,4.57753],[-74.13097,4.57752],[-74.1309,4.57735],[-74.13072,4.57691],[-74.13071,4.57687],[-74.13068,4.57681]]}},{"type":"Feature","properties":{"id":"24062746","nom":"Calle 51 Sur","tipo":"residential"},"geometry":{"type":"LineString","coordinates":[[-74.12701,4.56702],[-74.12693,4.56694],[-74.1269,4.5669],[-74.12689,4.56689],[-74.12687,4.56688],[-74.12685,4.56688],[-74.12683,4.56687],[-74.12676,4.56686],[-74.12669,4.56687]]}},{"type":"Feature","properties":{"id":"24191031","nom":"Avenida Carrera 68","tipo":"secondary"},"geometry":{"type":"LineString","coordinates":[[-74.13777,4.59482],[-74.13775,4.59493],[-74.13773,4.59503],[-74.13771,4.59512],[-74.13768,4.59521]]}},{"type":"Feature","properties":{"id":"24191037","nom":"Avenida Carrera 68","tipo":"secondary"},"geometry":{"type":"LineString","coordinates":[[-74.13783,4.59523],[-74.13784,4.59483]]}},{"type":"Feature","properties":{"id":"24191047","nom":"","tipo":"trunk_link"},"geometry":{"type":"LineString","coordinates":[[-74.13779,4.59466],[-74.13778,4.5947],[-74.13775,4.59472],[-74.13772,4.59474],[-74.13767,4.59476],[-74.13763,4.59476],[-74.13757,4.59475]]}},{"type":"Feature","properties":{"id":"24191091","nom":"Avenida Carrera 33","tipo":"secondary"},"geometry":{"type":"LineString","coordinates":[[-74.12149,4.58958],[-74.12184,4.5896],[-74.122,4.5896],[-74.12211,4.58959],[-74.12218,4.58958],[-74.12225,4.58956],[-74.12237,4.58951]]}},{"type":"Feature","properties":{"id":"24191094","nom":"","tipo":"residential"},"geometry":{"type":"LineString","coordinates":[[-74.12614,4.58534],[-74.12616,4.58539],[-74.12619,4.58544],[-74.12623,4.58547],[-74.12628,4.5855]]}},{"type":"Feature","properties":{"id":"24191096","nom":"Avenida Calle 36 Sur","tipo":"secondary"},"geometry":{"type":"LineString","coordinates":[[-74.12248,4.58943],[-74.12256,4.58936],[-74.12264,4.58928],[-74.12274,4.58917],[-74.12279,4.58908],[-74.12282,4.58902],[-74.12284,4.58895],[-74.12286,4.58886],[-74.12286,4.58878],[-74.12285,4.58867],[-74.12285,4.58859],[-74.12283,4.58852],[-74.12279,4.5884],[-74.12268,4.58811]]}},{"type":"Feature","properties":{"id":"24191097","nom":"Diagonal 41A Sur","tipo":"residential"},"geometry":{"type":"LineString","coordinates":[[-74.12617,4.58519],[-74.1257,4.58496],[-74.12513,4.58471],[-74.12505,4.58467],[-74.12449,4.58441],[-74.12424,4.58429]]}},{"type":"Feature","properties":{"id":"24191099","nom":"Avenida Carrera 33","tipo":"secondary"},"geometry":{"type":"LineString","coordinates":[[-74.14224,4.58057],[-74.14232,4.5805]]}},{"type":"Feature","properties":{"id":"24191115","nom":"Avenida Carrera 33","tipo":"secondary"},"geometry":{"type":"LineString","coordinates":[[-74.12253,4.58944],[-74.12269,4.58937],[-74.1232,4.5891],[-74.12348,4.58894],[-74.12369,4.58883],[-74.12388,4.58875],[-74.12406,4.58867]]}},{"type":"Feature","properties":{"id":"24191116","nom":"Avenida Carrera 33","tipo":"secondary"},"geometry":{"type":"LineString","coordinates":[[-74.12852,4.58685],[-74.12858,4.58682],[-74.12903,4.58657],[-74.12921,4.58647],[-74.12942,4.58637],[-74.12967,4.58625],[-74.12984,4.58618],[-74.12993,4.58615],[-74.13002,4.58613],[-74.13015,4.5861],[-74.13039,4.58605],[-74.13046,4.58604]]}},{"type":"Feature","properties":{"id":"24191155","nom":"Transversal 35","tipo":"trunk"},"geometry":{"type":"LineString","coordinates":[[-74.12814,4.59345],[-74.12796,4.59347],[-74.12786,4.59348],[-74.12776,4.59349],[-74.12751,4.59351],[-74.12686,4.59354],[-74.12614,4.59357],[-74.12548,4.59358],[-74.12498,4.59359]]}},{"type":"Feature","properties":{"id":"24191159","nom":"Transversal 35","tipo":"trunk"},"geometry":{"type":"LineString","coordinates":[[-74.12503,4.5938],[-74.1255,4.59377],[-74.12673,4.59371],[-74.12759,4.59368],[-74.12788,4.59367],[-74.1281,4.59367],[-74.12814,4.59367]]}},{"type":"Feature","properties":{"id":"28114038","nom":"Calle 44 Sur","tipo":"tertiary"},"geometry":{"type":"LineString","coordinates":[[-74.14484,4.5991],[-74.14492,4.59916]]}},{"type":"Feature","properties":{"id":"28118499","nom":"Diagonal 41A Sur","tipo":"tertiary"},"geometry":{"type":"LineString","coordinates":[[-74.12392,4.58389],[-74.12393,4.58385],[-74.12398,4.58372]]}},{"type":"Feature","properties":{"id":"28118513","nom":"Carrera 20 Bis","tipo":"tertiary"},"geometry":{"type":"LineString","coordinates":[[-74.12922,4.57171],[-74.12919,4.57171],[-74.12882,4.57182],[-74.12852,4.5719],[-74.12816,4.572],[-74.12814,4.57201],[-74.12811,4.57203],[-74.12808,4.57206],[-74.12805,4.57211],[-74.12791,4.57237],[-74.1278,4.57258]]}},{"type":"Feature","properties":{"id":"28118549","nom":"Diagonal 51 Sur","tipo":"tertiary"},"geometry":{"type":"LineString","coordinates":[[-74.14541,4.59096],[-74.14549,4.59096]]}},{"type":"Feature","properties":{"id":"28118584","nom":"Calle 33 Sur","tipo":"tertiary"},"geometry":{"type":"LineString","coordinates":[[-74.12066,4.59436],[-74.12068,4.59447],[-74.12078,4.595],[-74.12086,4.59546],[-74.12095,4.59591],[-74.12099,4.59615],[-74.12103,4.59624]]}},{"type":"Feature","properties":{"id":"28317334","nom":"Diagonal 48 Sur","tipo":"residential"},"geometry":{"type":"LineString","coordinates":[[-74.15137,4.58927],[-74.15119,4.58942],[-74.15003,4.59038],[-74.14983,4.59054],[-74.14957,4.59077],[-74.14906,4.59119],[-74.14862,4.59158],[-74.14832,4.59183]]}},{"type":"Feature","properties":{"id":"28318134","nom":"Carrera 52A","tipo":"residential"},"geometry":{"type":"LineString","coordinates":[[-74.13533,4.59464],[-74.13531,4.59473],[-74.13529,4.59485],[-74.13524,4.59514]]}},{"type":"Feature","properties":{"id":"28318137","nom":"Calle 44 Sur","tipo":"residential"},"geometry":{"type":"LineString","coordinates":[[-74.13623,4.59534],[-74.13627,4.59534],[-74.13665,4.59542],[-74.13708,4.59551],[-74.13736,4.59556],[-74.13741,4.59558],[-74.13745,4.59559],[-74.13747,4.59561],[-74.13749,4.59562],[-74.1375,4.59564],[-74.13752,4.59567]]}},{"type":"Feature","properties":{"id":"28318282","nom":"Carrera 24C","tipo":"tertiary"},"geometry":{"type":"LineString","coordinates":[[-74.12997,4.57904],[-74.13001,4.57903],[-74.13005,4.57902],[-74.1313,4.57849],[-74.13135,4.57847]]}},{"type":"Feature","properties":{"id":"28318354","nom":"Diagonal 44 Sur","tipo":"tertiary"},"geometry":{"type":"LineString","coordinates":[[-74.12712,4.5758],[-74.12723,4.57577],[-74.12731,4.57574],[-74.12754,4.57567]]}},{"type":"Feature","properties":{"id":"28318368","nom":"Transversal 18","tipo":"residential"},"geometry":{"type":"LineString","coordinates":[[-74.12373,4.57449],[-74.1238,4.57445],[-74.12486,4.57373]]}},{"type":"Feature","properties":{"id":"28318372","nom":"Diagonal 45 Sur","tipo":"residential"},"geometry":{"type":"LineString","coordinates":[[-74.1263,4.57454],[-74.12625,4.57451],[-74.12557,4.57414],[-74.12486,4.57373],[-74.12423,4.57338],[-74.12409,4.5733],[-74.12405,4.57328]]}},{"type":"Feature","properties":{"id":"28319261","nom":"Carrera 68A","tipo":"tertiary"},"geometry":{"type":"LineString","coordinates":[[-74.13665,4.59943],[-74.13683,4.59913]]}},{"type":"Feature","properties":{"id":"28419346","nom":"Diagonal 60G Sur","tipo":"tertiary"},"geometry":{"type":"LineString","coordinates":[[-74.13894,4.56063],[-74.13891,4.56066],[-74.13889,4.56068],[-74.13888,4.56068],[-74.13884,4.56069],[-74.13882,4.56069],[-74.1388,4.56068],[-74.13876,4.56065],[-74.13874,4.56061],[-74.13866,4.56048]]}},{"type":"Feature","properties":{"id":"28433585","nom":"Transversal 28","tipo":"residential"},"geometry":{"type":"LineString","coordinates":[[-74.14773,4.56995],[-74.14775,4.57003],[-74.14787,4.5704]]}},{"type":"Feature","properties":{"id":"28521824","nom":"Carrera 18A","tipo":"residential"},"geometry":{"type":"LineString","coordinates":[[-74.12571,4.57028],[-74.12574,4.57022],[-74.12611,4.56955],[-74.12613,4.56952]]}},{"type":"Feature","properties":{"id":"28521826","nom":"Transversal 18C","tipo":"residential"},"geometry":{"type":"LineString","coordinates":[[-74.12595,4.57117],[-74.12628,4.57057],[-74.12666,4.56986],[-74.12668,4.56981]]}},{"type":"Feature","properties":{"id":"28596480","nom":"Calle 41B Sur","tipo":"residential"},"geometry":{"type":"LineString","coordinates":[[-74.13032,4.5953],[-74.13028,4.59527],[-74.12986,4.59493],[-74.12961,4.59472],[-74.12957,4.59469],[-74.12923,4.59442],[-74.12888,4.59413]]}},{"type":"Feature","properties":{"id":"28596487","nom":"Carrera 50B","tipo":"residential"},"geometry":{"type":"LineString","coordinates":[[-74.12957,4.59469],[-74.1296,4.59465],[-74.13024,4.59387],[-74.13031,4.59379]]}},{"type":"Feature","properties":{"id":"28596497","nom":"Calle 40 Sur","tipo":"residential"},"geometry":{"type":"LineString","coordinates":[[-74.12864,4.59644],[-74.12764,4.59564]]}},{"type":"Feature","properties":{"id":"28596499","nom":"Calle 41 Sur","tipo":"residential"},"geometry":{"type":"LineString","coordinates":[[-74.12925,4.59569],[-74.12827,4.59488]]}},{"type":"Feature","properties":{"id":"28596503","nom":"Calle 39 Sur","tipo":"residential"},"geometry":{"type":"LineString","coordinates":[[-74.12796,4.59727],[-74.12697,4.59648]]}},{"type":"Feature","properties":{"id":"28596507","nom":"Calle 38A Sur","tipo":"residential"},"geometry":{"type":"LineString","coordinates":[[-74.12736,4.59803],[-74.12636,4.59723]]}},{"type":"Feature","properties":{"id":"28596510","nom":"Diagonal 41 Sur","tipo":"residential"},"geometry":{"type":"LineString","coordinates":[[-74.12785,4.59469],[-74.12703,4.59469]]}},{"type":"Feature","properties":{"id":"28596515","nom":"Diagonal 41A Sur","tipo":"residential"},"geometry":{"type":"LineString","coordinates":[[-74.12815,4.59434],[-74.1273,4.59431]]}},{"type":"Feature","properties":{"id":"28669466","nom":"Calle 58 Sur","tipo":"residential"},"geometry":{"type":"LineString","coordinates":[[-74.13092,4.5613],[-74.131,4.56138],[-74.13103,4.56141]]}},{"type":"Feature","properties":{"id":"28669493","nom":"Carrera 12B","tipo":"residential"},"geometry":{"type":"LineString","coordinates":[[-74.12457,4.56145],[-74.12464,4.56142],[-74.12512,4.56119],[-74.1259,4.56081],[-74.12668,4.56044],[-74.12755,4.56002],[-74.12794,4.55984],[-74.12854,4.55955],[-74.12929,4.55919]]}},{"type":"Feature","properties":{"id":"28669512","nom":"Carrera 13 Bis","tipo":"residential"},"geometry":{"type":"LineString","coordinates":[[-74.12744,4.56257],[-74.12765,4.56247]]}},{"type":"Feature","properties":{"id":"28669547","nom":"Calle 53 Bis Sur","tipo":"residential"},"geometry":{"type":"LineString","coordinates":[[-74.12604,4.56009],[-74.12573,4.55947]]}},{"type":"Feature","properties":{"id":"28669607","nom":"Carrera 13","tipo":"residential"},"geometry":{"type":"LineString","coordinates":[[-74.12755,4.56227],[-74.12734,4.56236],[-74.12676,4.56264],[-74.126,4.563],[-74.12514,4.56341],[-74.12506,4.56344]]}},{"type":"Feature","properties":{"id":"28669611","nom":"Carrera 13A","tipo":"residential"},"geometry":{"type":"LineString","coordinates":[[-74.12629,4.56361],[-74.12705,4.56324],[-74.12783,4.56286]]}},{"type":"Feature","properties":{"id":"28669616","nom":"Carrera 13B","tipo":"residential"},"geometry":{"type":"LineString","coordinates":[[-74.12655,4.56415],[-74.12573,4.56456],[-74.12567,4.56459]]}},{"type":"Feature","properties":{"id":"28669670","nom":"Calle 50 Sur","tipo":"residential"},"geometry":{"type":"LineString","coordinates":[[-74.12356,4.56453],[-74.12336,4.56416]]}},{"type":"Feature","properties":{"id":"28669676","nom":"Carrera 13A Bis","tipo":"residential"},"geometry":{"type":"LineString","coordinates":[[-74.12349,4.56542],[-74.12425,4.56514]]}},{"type":"Feature","properties":{"id":"28669679","nom":"Carrera 13A","tipo":"residential"},"geometry":{"type":"LineString","coordinates":[[-74.12338,4.56506],[-74.12405,4.56479]]}},{"type":"Feature","properties":{"id":"28669697","nom":"Calle 49G Sur","tipo":"residential"},"geometry":{"type":"LineString","coordinates":[[-74.12348,4.56614],[-74.12353,4.56586],[-74.12352,4.56571],[-74.12349,4.56543],[-74.12349,4.56542],[-74.12345,4.56523],[-74.12338,4.56506],[-74.1232,4.5647]]}},{"type":"Feature","properties":{"id":"28669749","nom":"Transversal 13J","tipo":"residential"},"geometry":{"type":"LineString","coordinates":[[-74.12393,4.56752],[-74.1238,4.56783],[-74.12354,4.5684],[-74.12338,4.56876],[-74.1232,4.56915],[-74.12286,4.56988],[-74.12259,4.57044]]}},{"type":"Feature","properties":{"id":"28669794","nom":"Diagonal 49A Sur","tipo":"residential"},"geometry":{"type":"LineString","coordinates":[[-74.12347,4.56731],[-74.12352,4.56734],[-74.12393,4.56752],[-74.12413,4.56761],[-74.12443,4.56774],[-74.12491,4.56794],[-74.12557,4.5682],[-74.12576,4.56827],[-74.12581,4.56829]]}},{"type":"Feature","properties":{"id":"28669799","nom":"Transversal 13I","tipo":"residential"},"geometry":{"type":"LineString","coordinates":[[-74.12223,4.57029],[-74.12214,4.57065],[-74.12204,4.57105]]}},{"type":"Feature","properties":{"id":"28669871","nom":"Diagonal 45B Bis Sur","tipo":"residential"},"geometry":{"type":"LineString","coordinates":[[-74.11955,4.57059],[-74.12006,4.5707],[-74.12059,4.5708]]}},{"type":"Feature","properties":{"id":"28684731","nom":"Diagonal 40B Sur","tipo":"residential"},"geometry":{"type":"LineString","coordinates":[[-74.12486,4.58872],[-74.12488,4.58874],[-74.1249,4.58876],[-74.12547,4.58921],[-74.12549,4.58923],[-74.12552,4.58924],[-74.12554,4.58926],[-74.1257,4.58939],[-74.12573,4.58941],[-74.12575,4.58943]]}},{"type":"Feature","properties":{"id":"28684735","nom":"Diagonal 41 Sur","tipo":"residential"},"geometry":{"type":"LineString","coordinates":[[-74.12637,4.58864],[-74.1264,4.58866],[-74.12641,4.58867],[-74.12661,4.58882],[-74.12721,4.58929],[-74.12723,4.58931],[-74.12726,4.58933],[-74.12763,4.58962],[-74.12813,4.59001]]}},{"type":"Feature","properties":{"id":"28684745","nom":"Transversal 34C","tipo":"residential"},"geometry":{"type":"LineString","coordinates":[[-74.12642,4.59034],[-74.12644,4.5903],[-74.12646,4.59028],[-74.1266,4.5901],[-74.12721,4.58935],[-74.12722,4.58933],[-74.12723,4.58931],[-74.12726,4.58927],[-74.12728,4.58926],[-74.12748,4.589],[-74.12769,4.58874],[-74.12776,4.58865],[-74.12778,4.58862],[-74.1279,4.58848],[-74.12808,4.58825],[-74.1281,4.58823],[-74.12812,4.5882]]}},{"type":"Feature","properties":{"id":"28684755","nom":"Transversal 34B","tipo":"residential"},"geometry":{"type":"LineString","coordinates":[[-74.128,4.5876],[-74.12799,4.58763],[-74.12798,4.58765],[-74.12796,4.58767],[-74.12783,4.58782],[-74.12778,4.58789],[-74.12776,4.58792],[-74.12762,4.58808],[-74.1276,4.58811],[-74.12743,4.58831],[-74.12741,4.58833],[-74.12739,4.58835]]}},{"type":"Feature","properties":{"id":"28684785","nom":"Diagonal 40A Sur","tipo":"residential"},"geometry":{"type":"LineString","coordinates":[[-74.12458,4.58909],[-74.12455,4.58907],[-74.12452,4.58905],[-74.1243,4.58887],[-74.12421,4.58881]]}},{"type":"Feature","properties":{"id":"28684788","nom":"Diagonal 40A Sur","tipo":"residential"},"geometry":{"type":"LineString","coordinates":[[-74.12679,4.59064],[-74.12677,4.59062],[-74.12644,4.59036],[-74.12642,4.59034],[-74.12616,4.59013],[-74.12584,4.58987],[-74.12583,4.58987],[-74.1258,4.58984]]}},{"type":"Feature","properties":{"id":"28684830","nom":"Transversal 34F","tipo":"residential"},"geometry":{"type":"LineString","coordinates":[[-74.12752,4.59049],[-74.1275,4.5905],[-74.12749,4.59052],[-74.12736,4.59068],[-74.12723,4.59085],[-74.12718,4.59091],[-74.12716,4.59094],[-74.12696,4.5912],[-74.12675,4.59147],[-74.12674,4.59149],[-74.12669,4.59155]]}},{"type":"Feature","properties":{"id":"28684877","nom":"Calle 41B Sur","tipo":"residential"},"geometry":{"type":"LineString","coordinates":[[-74.12383,4.58115],[-74.12331,4.58011],[-74.12329,4.58008],[-74.12326,4.58002]]}},{"type":"Feature","properties":{"id":"28684882","nom":"Carrera 23D","tipo":"residential"},"geometry":{"type":"LineString","coordinates":[[-74.12305,4.57959],[-74.12239,4.57982]]}},{"type":"Feature","properties":{"id":"28684893","nom":"Carrera 21","tipo":"residential"},"geometry":{"type":"LineString","coordinates":[[-74.12233,4.57691],[-74.12275,4.57679],[-74.12303,4.57671],[-74.12327,4.57664],[-74.12347,4.57659],[-74.12366,4.57652],[-74.12382,4.57646],[-74.12394,4.57641],[-74.12411,4.57633],[-74.12412,4.57632],[-74.12414,4.57631],[-74.12421,4.57628],[-74.12423,4.57626],[-74.12439,4.57616],[-74.12455,4.57602],[-74.12469,4.57587],[-74.12482,4.57571],[-74.12496,4.57552],[-74.1251,4.57531],[-74.12514,4.57522],[-74.12535,4.5747],[-74.12557,4.57414],[-74.12589,4.57336],[-74.12592,4.57326]]}},{"type":"Feature","properties":{"id":"28684911","nom":"Carrera 22","tipo":"tertiary"},"geometry":{"type":"LineString","coordinates":[[-74.12616,4.57405],[-74.1262,4.57404],[-74.12658,4.57393],[-74.12666,4.57391],[-74.12674,4.57389],[-74.12684,4.57386],[-74.1269,4.57385]]}},{"type":"Feature","properties":{"id":"28701218","nom":"Carrera 11D","tipo":"residential"},"geometry":{"type":"LineString","coordinates":[[-74.12098,4.56149],[-74.12102,4.56146],[-74.12108,4.56144],[-74.12117,4.56142],[-74.12125,4.56142],[-74.12129,4.56142],[-74.12162,4.56148],[-74.12197,4.56155],[-74.12207,4.56156],[-74.12212,4.56156],[-74.12219,4.56156],[-74.12224,4.56154],[-74.12229,4.56151],[-74.1224,4.56142],[-74.12244,4.56139],[-74.12244,4.56138],[-74.12255,4.56129],[-74.12259,4.56123],[-74.12261,4.56118],[-74.12262,4.56112]]}},{"type":"Feature","properties":{"id":"28701219","nom":"Carrera 12A","tipo":"residential"},"geometry":{"type":"LineString","coordinates":[[-74.11979,4.56356],[-74.11984,4.5635],[-74.11987,4.56346],[-74.12016,4.56324],[-74.12022,4.5632],[-74.12027,4.56315],[-74.12032,4.5631]]}},{"type":"Feature","properties":{"id":"28701231","nom":"Calle 49F Sur","tipo":"residential"},"geometry":{"type":"LineString","coordinates":[[-74.1213,4.5625],[-74.1213,4.56209],[-74.1213,4.56198],[-74.12129,4.56142]]}},{"type":"Feature","properties":{"id":"28701255","nom":"Diagonal 49D Bis Sur","tipo":"residential"},"geometry":{"type":"LineString","coordinates":[[-74.12139,4.56259],[-74.1213,4.5625],[-74.12099,4.56219],[-74.12067,4.56189]]}},{"type":"Feature","properties":{"id":"28701262","nom":"Diagonal 49D Sur","tipo":"residential"},"geometry":{"type":"LineString","coordinates":[[-74.12119,4.56282],[-74.12076,4.56241],[-74.1205,4.56217]]}},{"type":"Feature","properties":{"id":"28701395","nom":"Calle 50D Sur","tipo":"residential"},"geometry":{"type":"LineString","coordinates":[[-74.12549,4.56515],[-74.12531,4.56484]]}},{"type":"Feature","properties":{"id":"28701427","nom":"Calle 50C Sur","tipo":"residential"},"geometry":{"type":"LineString","coordinates":[[-74.12529,4.56541],[-74.12505,4.56499]]}},{"type":"Feature","properties":{"id":"28701458","nom":"Diagonal 49D Sur","tipo":"residential"},"geometry":{"type":"LineString","coordinates":[[-74.12174,4.56615],[-74.12185,4.56614],[-74.12195,4.56613],[-74.12208,4.56614],[-74.12222,4.56616],[-74.12232,4.56617],[-74.12245,4.56617],[-74.12258,4.56618],[-74.12281,4.56617],[-74.12307,4.56616],[-74.12333,4.56615],[-74.12348,4.56614],[-74.12424,4.56604],[-74.12445,4.56601]]}},{"type":"Feature","properties":{"id":"28701485","nom":"Transversal 13G Bis","tipo":"residential"},"geometry":{"type":"LineString","coordinates":[[-74.12187,4.56854],[-74.12197,4.56807],[-74.12213,4.56729]]}},{"type":"Feature","properties":{"id":"28701505","nom":"Diagonal 49B Sur","tipo":"residential"},"geometry":{"type":"LineString","coordinates":[[-74.12254,4.56659],[-74.12226,4.56655],[-74.12222,4.56655],[-74.122,4.56651],[-74.12159,4.56642]]}},{"type":"Feature","properties":{"id":"28805971","nom":"Carrera 34","tipo":"residential"},"geometry":{"type":"LineString","coordinates":[[-74.13439,4.58616],[-74.1348,4.58595],[-74.13521,4.58574],[-74.13561,4.58553],[-74.13601,4.58532],[-74.13604,4.58531],[-74.13606,4.5853],[-74.13638,4.58513],[-74.13642,4.58511],[-74.13645,4.5851]]}},{"type":"Feature","properties":{"id":"28841560","nom":"Carrera 23","tipo":"residential"},"geometry":{"type":"LineString","coordinates":[[-74.12927,4.57518],[-74.12942,4.57514],[-74.12955,4.5751],[-74.12959,4.57509],[-74.1298,4.57504],[-74.12987,4.57501],[-74.13003,4.57497],[-74.13009,4.57496],[-74.13013,4.57495]]}},{"type":"Feature","properties":{"id":"28926195","nom":"Calle 40B Sur","tipo":"residential"},"geometry":{"type":"LineString","coordinates":[[-74.12182,4.58001],[-74.12162,4.57945]]}},{"type":"Feature","properties":{"id":"28926234","nom":"Carrera 20","tipo":"residential"},"geometry":{"type":"LineString","coordinates":[[-74.12617,4.57188],[-74.12559,4.57207],[-74.12556,4.57209]]}},{"type":"Feature","properties":{"id":"28926244","nom":"Diagonal 45B Sur","tipo":"tertiary"},"geometry":{"type":"LineString","coordinates":[[-74.12033,4.57138],[-74.12054,4.57127],[-74.12133,4.57086],[-74.12189,4.57059],[-74.12191,4.57058],[-74.12193,4.57058],[-74.12196,4.57058],[-74.122,4.57059],[-74.12205,4.57061],[-74.12214,4.57065],[-74.12268,4.57086],[-74.12326,4.5711],[-74.12387,4.57133],[-74.12427,4.5715],[-74.12431,4.57152],[-74.12434,4.57154],[-74.12438,4.57157]]}},{"type":"Feature","properties":{"id":"28926247","nom":"Transversal 13H","tipo":"residential"},"geometry":{"type":"LineString","coordinates":[[-74.12177,4.57203],[-74.12176,4.57198],[-74.12169,4.57146]]}},{"type":"Feature","properties":{"id":"28926258","nom":"Carrera 19 Bis","tipo":"residential"},"geometry":{"type":"LineString","coordinates":[[-74.12723,4.57105],[-74.12658,4.57133],[-74.12607,4.57155]]}},{"type":"Feature","properties":{"id":"28926294","nom":"Transversal 13J Bis","tipo":"residential"},"geometry":{"type":"LineString","coordinates":[[-74.12278,4.57051],[-74.12268,4.57086],[-74.12256,4.57126],[-74.12253,4.57139]]}},{"type":"Feature","properties":{"id":"28926298","nom":"Carrera 24 Bis","tipo":"residential"},"geometry":{"type":"LineString","coordinates":[[-74.12744,4.57844],[-74.12739,4.57846],[-74.12566,4.57893]]}},{"type":"Feature","properties":{"id":"28928133","nom":"Carrera 15","tipo":"residential"},"geometry":{"type":"LineString","coordinates":[[-74.13136,4.56235],[-74.13095,4.56287]]}},{"type":"Feature","properties":{"id":"28928147","nom":"Carrera 18A","tipo":"residential"},"geometry":{"type":"LineString","coordinates":[[-74.13307,4.5645],[-74.13261,4.56506],[-74.13124,4.56588],[-74.1297,4.56682],[-74.12968,4.56684]]}},{"type":"Feature","properties":{"id":"28928155","nom":"Diagonal 50A Sur","tipo":"residential"},"geometry":{"type":"LineString","coordinates":[[-74.12721,4.56881],[-74.12722,4.56887],[-74.12739,4.56921]]}},{"type":"Feature","properties":{"id":"28928991","nom":"Calle 58A Sur","tipo":"residential"},"geometry":{"type":"LineString","coordinates":[[-74.13712,4.56567],[-74.13686,4.56547],[-74.13651,4.56521],[-74.13638,4.56511],[-74.13613,4.56492]]}},{"type":"Feature","properties":{"id":"28929119","nom":"Carrera 18A","tipo":"residential"},"geometry":{"type":"LineString","coordinates":[[-74.13556,4.5617],[-74.13461,4.56271],[-74.13416,4.56319],[-74.13388,4.56353],[-74.13359,4.56408]]}},{"type":"Feature","properties":{"id":"28929123","nom":"Carrera 18","tipo":"residential"},"geometry":{"type":"LineString","coordinates":[[-74.13514,4.56133],[-74.1342,4.56247],[-74.13377,4.56294],[-74.13335,4.56341],[-74.13314,4.56374]]}},{"type":"Feature","properties":{"id":"28929132","nom":"Carrera 17B","tipo":"residential"},"geometry":{"type":"LineString","coordinates":[[-74.13441,4.56107],[-74.13392,4.56195],[-74.13378,4.56233]]}},{"type":"Feature","properties":{"id":"28929140","nom":"Calle 59A Sur","tipo":"residential"},"geometry":{"type":"LineString","coordinates":[[-74.13213,4.5605],[-74.13219,4.56055],[-74.13278,4.56105],[-74.13297,4.56122],[-74.13325,4.56141]]}},{"type":"Feature","properties":{"id":"28929344","nom":"Carrera 18C","tipo":"residential"},"geometry":{"type":"LineString","coordinates":[[-74.13673,4.56222],[-74.13556,4.56346]]}},{"type":"Feature","properties":{"id":"28929347","nom":"Carrera 18D","tipo":"residential"},"geometry":{"type":"LineString","coordinates":[[-74.13746,4.56263],[-74.13682,4.56318],[-74.13605,4.56385]]}},{"type":"Feature","properties":{"id":"28929349","nom":"Carrera 19 Bis","tipo":"residential"},"geometry":{"type":"LineString","coordinates":[[-74.13651,4.56421],[-74.13768,4.56323]]}},{"type":"Feature","properties":{"id":"28929356","nom":"Carrera 19A","tipo":"residential"},"geometry":{"type":"LineString","coordinates":[[-74.13583,4.5658],[-74.13638,4.56511],[-74.13687,4.56449]]}},{"type":"Feature","properties":{"id":"28929611","nom":"Carrera 16","tipo":"residential"},"geometry":{"type":"LineString","coordinates":[[-74.13297,4.56122],[-74.13247,4.56183],[-74.13177,4.56267]]}},{"type":"Feature","properties":{"id":"28929625","nom":"Carrera 15","tipo":"residential"},"geometry":{"type":"LineString","coordinates":[[-74.1321,4.56151],[-74.1314,4.56238]]}},{"type":"Feature","properties":{"id":"28929633","nom":"Carrera 18A","tipo":"residential"},"geometry":{"type":"LineString","coordinates":[[-74.13359,4.56408],[-74.1332,4.5646]]}},{"type":"Feature","properties":{"id":"28929634","nom":"Carrera 17A","tipo":"residential"},"geometry":{"type":"LineString","coordinates":[[-74.13216,4.5638],[-74.13256,4.56329],[-74.13316,4.56253],[-74.13334,4.56217],[-74.13345,4.56187],[-74.13402,4.56089]]}},{"type":"Feature","properties":{"id":"28929638","nom":"Carrera 19","tipo":"residential"},"geometry":{"type":"LineString","coordinates":[[-74.13626,4.56401],[-74.13577,4.56463]]}},{"type":"Feature","properties":{"id":"28929639","nom":"Carrera 18D","tipo":"residential"},"geometry":{"type":"LineString","coordinates":[[-74.13439,4.56552],[-74.13479,4.565]]}},{"type":"Feature","properties":{"id":"28929660","nom":"Calle 56 Sur","tipo":"residential"},"geometry":{"type":"LineString","coordinates":[[-74.12902,4.56153],[-74.12932,4.56216],[-74.12939,4.56224],[-74.12993,4.56271],[-74.12996,4.56273]]}},{"type":"Feature","properties":{"id":"28929670","nom":"Carrera 13D","tipo":"tertiary"},"geometry":{"type":"LineString","coordinates":[[-74.12703,4.56516],[-74.1263,4.56552],[-74.12625,4.56554],[-74.1262,4.56556],[-74.12611,4.56561],[-74.12606,4.56564]]}},{"type":"Feature","properties":{"id":"29018227","nom":"Calle 40 Sur","tipo":"residential"},"geometry":{"type":"LineString","coordinates":[[-74.12101,4.58029],[-74.1209,4.57996],[-74.12082,4.57973],[-74.12062,4.57914],[-74.12055,4.57895],[-74.12041,4.57853],[-74.12027,4.5781],[-74.12012,4.57766]]}},{"type":"Feature","properties":{"id":"29018232","nom":"Carrera 24A","tipo":"residential"},"geometry":{"type":"LineString","coordinates":[[-74.12038,4.5816],[-74.11958,4.58188]]}},{"type":"Feature","properties":{"id":"29018255","nom":"Calle 40A Sur","tipo":"residential"},"geometry":{"type":"LineString","coordinates":[[-74.12172,4.58063],[-74.12173,4.58067],[-74.1219,4.58113],[-74.12207,4.58166],[-74.12223,4.58222]]}},{"type":"Feature","properties":{"id":"29018267","nom":"Carrera 25B","tipo":"residential"},"geometry":{"type":"LineString","coordinates":[[-74.12137,4.58293],[-74.12316,4.58242],[-74.12455,4.58202],[-74.12457,4.58202]]}},{"type":"Feature","properties":{"id":"29018274","nom":"Carrera 25A","tipo":"tertiary"},"geometry":{"type":"LineString","coordinates":[[-74.12891,4.58045],[-74.12889,4.58045],[-74.12847,4.58051],[-74.12811,4.58055],[-74.12803,4.58056]]}},{"type":"Feature","properties":{"id":"29018284","nom":"Carrera 26","tipo":"residential"},"geometry":{"type":"LineString","coordinates":[[-74.12439,4.58253],[-74.12436,4.58254],[-74.12333,4.58284],[-74.122,4.58323]]}},{"type":"Feature","properties":{"id":"29018329","nom":"Transversal 25","tipo":"residential"},"geometry":{"type":"LineString","coordinates":[[-74.1269,4.58373],[-74.12689,4.58375],[-74.12672,4.58424]]}},{"type":"Feature","properties":{"id":"29018332","nom":"Diagonal 43A Sur","tipo":"residential"},"geometry":{"type":"LineString","coordinates":[[-74.12662,4.5829],[-74.1266,4.58288],[-74.12623,4.58259],[-74.12566,4.58217],[-74.12492,4.58161],[-74.12477,4.5815]]}},{"type":"Feature","properties":{"id":"29018351","nom":"Carrera 29","tipo":"residential"},"geometry":{"type":"LineString","coordinates":[[-74.12989,4.58434],[-74.12957,4.58442],[-74.1289,4.5846],[-74.12786,4.58489],[-74.12783,4.58489]]}},{"type":"Feature","properties":{"id":"29018373","nom":"Carrera 32","tipo":"residential"},"geometry":{"type":"LineString","coordinates":[[-74.12839,4.5862],[-74.12846,4.58618],[-74.12849,4.58617],[-74.13019,4.58552]]}},{"type":"Feature","properties":{"id":"29018379","nom":"Calle 49A Sur","tipo":"residential"},"geometry":{"type":"LineString","coordinates":[[-74.13407,4.58542],[-74.13404,4.5853],[-74.13403,4.58526],[-74.13381,4.58434],[-74.13357,4.58336],[-74.13333,4.58238],[-74.1331,4.58141],[-74.13294,4.58069],[-74.1329,4.58055]]}},{"type":"Feature","properties":{"id":"29018404","nom":"Diagonal 52D Sur","tipo":"residential"},"geometry":{"type":"LineString","coordinates":[[-74.13674,4.57994],[-74.13608,4.5792],[-74.13569,4.57872],[-74.13567,4.5787]]}},{"type":"Feature","properties":{"id":"29018409","nom":"Diagonal 52D Bis Sur","tipo":"residential"},"geometry":{"type":"LineString","coordinates":[[-74.13617,4.57856],[-74.13619,4.57857],[-74.13644,4.5789],[-74.13669,4.57918]]}},{"type":"Feature","properties":{"id":"29018418","nom":"Carrera 24C","tipo":"residential"},"geometry":{"type":"LineString","coordinates":[[-74.13537,4.57671],[-74.13521,4.57677],[-74.13519,4.57678],[-74.1335,4.57746]]}},{"type":"Feature","properties":{"id":"29018433","nom":"Calle 55 Sur","tipo":"residential"},"geometry":{"type":"LineString","coordinates":[[-74.14216,4.58431],[-74.1418,4.58337],[-74.14143,4.58243]]}},{"type":"Feature","properties":{"id":"29018435","nom":"Calle 54 Sur","tipo":"residential"},"geometry":{"type":"LineString","coordinates":[[-74.13556,4.57482],[-74.13558,4.57486],[-74.1357,4.57517],[-74.13589,4.57564],[-74.13591,4.57568],[-74.13593,4.5757],[-74.13598,4.57573],[-74.13608,4.57577],[-74.13654,4.57595],[-74.13723,4.57624]]}},{"type":"Feature","properties":{"id":"29018475","nom":"Diagonal 52C Bis Sur","tipo":"residential"},"geometry":{"type":"LineString","coordinates":[[-74.13704,4.58099],[-74.13764,4.58167]]}},{"type":"Feature","properties":{"id":"29018508","nom":"Diagonal 52C Sur","tipo":"residential"},"geometry":{"type":"LineString","coordinates":[[-74.13735,4.58205],[-74.13782,4.58256],[-74.13802,4.58279],[-74.13813,4.58291]]}},{"type":"Feature","properties":{"id":"29018534","nom":"Calle 52A Sur","tipo":"residential"},"geometry":{"type":"LineString","coordinates":[[-74.14039,4.58871],[-74.14037,4.58867],[-74.14018,4.58832],[-74.13992,4.58781],[-74.13971,4.58741],[-74.13946,4.58693],[-74.13935,4.58673],[-74.13925,4.58653],[-74.13899,4.58604],[-74.13895,4.58596],[-74.13887,4.58579],[-74.13879,4.58564],[-74.13873,4.58552],[-74.13854,4.58515]]}},{"type":"Feature","properties":{"id":"29024158","nom":"Carrera 26B","tipo":"residential"},"geometry":{"type":"LineString","coordinates":[[-74.1191,4.58485],[-74.11993,4.58477],[-74.12077,4.58469],[-74.12109,4.58465],[-74.12114,4.58465]]}},{"type":"Feature","properties":{"id":"29024177","nom":"Carrera 26F","tipo":"residential"},"geometry":{"type":"LineString","coordinates":[[-74.11857,4.58731],[-74.11937,4.58725],[-74.1202,4.58716]]}},{"type":"Feature","properties":{"id":"29024363","nom":"Calle 42 Sur","tipo":"residential"},"geometry":{"type":"LineString","coordinates":[[-74.12723,4.58728],[-74.12722,4.58724],[-74.127,4.58675]]}},{"type":"Feature","properties":{"id":"29037724","nom":"Carrera 32","tipo":"residential"},"geometry":{"type":"LineString","coordinates":[[-74.12295,4.58827],[-74.12337,4.58811],[-74.12395,4.58789],[-74.12518,4.58743],[-74.12562,4.58727],[-74.127,4.58675]]}},{"type":"Feature","properties":{"id":"29037799","nom":"Calle 41A Sur","tipo":"residential"},"geometry":{"type":"LineString","coordinates":[[-74.12528,4.58645],[-74.12562,4.58727]]}},{"type":"Feature","properties":{"id":"29037881","nom":"Carrera 30","tipo":"residential"},"geometry":{"type":"LineString","coordinates":[[-74.12332,4.58659],[-74.12468,4.58618],[-74.12618,4.58575]]}},{"type":"Feature","properties":{"id":"29039430","nom":"Calle 48A Sur","tipo":"residential"},"geometry":{"type":"LineString","coordinates":[[-74.13084,4.57995],[-74.13084,4.57997],[-74.13105,4.58087],[-74.1313,4.58185],[-74.13155,4.58284],[-74.13178,4.58381],[-74.13202,4.58478],[-74.13221,4.58558],[-74.13222,4.58561]]}},{"type":"Feature","properties":{"id":"29196710","nom":"Calle 60 Sur","tipo":"residential"},"geometry":{"type":"LineString","coordinates":[[-74.14529,4.56963],[-74.14506,4.56947],[-74.14481,4.5693],[-74.14434,4.56898],[-74.14431,4.56896],[-74.14424,4.56891],[-74.14413,4.56884],[-74.1441,4.56882],[-74.14402,4.56876],[-74.1436,4.56847],[-74.14309,4.56812]]}},{"type":"Feature","properties":{"id":"29196713","nom":"Calle 59 Sur","tipo":"residential"},"geometry":{"type":"LineString","coordinates":[[-74.14458,4.5704],[-74.14447,4.57033],[-74.14381,4.56988],[-74.14375,4.56984],[-74.14349,4.56966],[-74.14347,4.56965],[-74.1427,4.56912]]}},{"type":"Feature","properties":{"id":"29196757","nom":"Carrera 22G","tipo":"residential"},"geometry":{"type":"LineString","coordinates":[[-74.14465,4.57055],[-74.14458,4.57065],[-74.1443,4.57107],[-74.14427,4.57111],[-74.14413,4.57132],[-74.14396,4.57157],[-74.14379,4.57181]]}},{"type":"Feature","properties":{"id":"29196761","nom":"Calle 59 Sur","tipo":"residential"},"geometry":{"type":"LineString","coordinates":[[-74.14665,4.57171],[-74.1465,4.5716],[-74.14636,4.57151],[-74.14633,4.57149],[-74.14568,4.57105],[-74.14489,4.57051]]}},{"type":"Feature","properties":{"id":"29196770","nom":"Calle 60 Sur","tipo":"residential"},"geometry":{"type":"LineString","coordinates":[[-74.14697,4.5706],[-74.14693,4.57057],[-74.14675,4.57045],[-74.14631,4.57014],[-74.14624,4.5701],[-74.14613,4.57002],[-74.14608,4.56998],[-74.14538,4.5695]]}},{"type":"Feature","properties":{"id":"29196807","nom":"Carrera 22A","tipo":"residential"},"geometry":{"type":"LineString","coordinates":[[-74.14666,4.56653],[-74.14618,4.56667],[-74.14567,4.56682],[-74.14525,4.56695],[-74.14468,4.56712]]}},{"type":"Feature","properties":{"id":"29196822","nom":"Carrera 21","tipo":"residential"},"geometry":{"type":"LineString","coordinates":[[-74.14743,4.56482],[-74.14726,4.56488],[-74.14626,4.56518],[-74.14526,4.56549],[-74.14426,4.56579],[-74.14372,4.56595]]}},{"type":"Feature","properties":{"id":"29197038","nom":"Diagonal 65A Sur","tipo":"residential"},"geometry":{"type":"LineString","coordinates":[[-74.1483,4.56802],[-74.14831,4.56799],[-74.14838,4.56784],[-74.14838,4.56764],[-74.14829,4.56745]]}},{"type":"Feature","properties":{"id":"29197043","nom":"Calle 67 Sur","tipo":"residential"},"geometry":{"type":"LineString","coordinates":[[-74.15,4.56646],[-74.14986,4.56601]]}},{"type":"Feature","properties":{"id":"29197121","nom":"Carrera 22A","tipo":"residential"},"geometry":{"type":"LineString","coordinates":[[-74.14973,4.56557],[-74.14868,4.56589],[-74.14839,4.56597],[-74.14829,4.56601]]}},{"type":"Feature","properties":{"id":"29220134","nom":"Carrera 21A","tipo":"residential"},"geometry":{"type":"LineString","coordinates":[[-74.14802,4.56514],[-74.14842,4.56502]]}},{"type":"Feature","properties":{"id":"29220147","nom":"Carrera 21","tipo":"residential"},"geometry":{"type":"LineString","coordinates":[[-74.14787,4.56469],[-74.14829,4.56457]]}},{"type":"Feature","properties":{"id":"29220157","nom":"Carrera 22B","tipo":"residential"},"geometry":{"type":"LineString","coordinates":[[-74.14853,4.56642],[-74.14986,4.56601]]}},{"type":"Feature","properties":{"id":"29220172","nom":"Calle 65B Sur","tipo":"residential"},"geometry":{"type":"LineString","coordinates":[[-74.14839,4.56597],[-74.14841,4.56602],[-74.14853,4.56642],[-74.14866,4.56684],[-74.14879,4.56729]]}},{"type":"Feature","properties":{"id":"29220179","nom":"Diagonal 62 Sur","tipo":"residential"},"geometry":{"type":"LineString","coordinates":[[-74.14658,4.56854],[-74.14639,4.56841],[-74.14607,4.56819],[-74.1456,4.56788]]}},{"type":"Feature","properties":{"id":"29220181","nom":"Carrera 23C","tipo":"residential"},"geometry":{"type":"LineString","coordinates":[[-74.14733,4.56947],[-74.14738,4.5694],[-74.14753,4.56918],[-74.14777,4.56881],[-74.14815,4.56825],[-74.14827,4.56806],[-74.1483,4.56802]]}},{"type":"Feature","properties":{"id":"29220184","nom":"Carrera 24","tipo":"residential"},"geometry":{"type":"LineString","coordinates":[[-74.14791,4.56986],[-74.14796,4.56979],[-74.1481,4.56959]]}},{"type":"Feature","properties":{"id":"29220271","nom":"Calle 60A Sur","tipo":"residential"},"geometry":{"type":"LineString","coordinates":[[-74.14874,4.57127],[-74.1489,4.57128],[-74.14901,4.57131],[-74.14903,4.57135],[-74.14904,4.57138]]}},{"type":"Feature","properties":{"id":"29220275","nom":"Transversal 34","tipo":"residential"},"geometry":{"type":"LineString","coordinates":[[-74.14934,4.57159],[-74.14935,4.57198],[-74.14937,4.57211],[-74.1494,4.57224],[-74.14944,4.57235],[-74.14948,4.57246]]}},{"type":"Feature","properties":{"id":"29220289","nom":"Transversal 36","tipo":"residential"},"geometry":{"type":"LineString","coordinates":[[-74.14964,4.5715],[-74.14966,4.57177],[-74.14967,4.57193],[-74.14971,4.57212],[-74.14978,4.57238],[-74.14979,4.57239],[-74.14985,4.57251],[-74.14992,4.57265]]}},{"type":"Feature","properties":{"id":"29220320","nom":"","tipo":"tertiary"},"geometry":{"type":"LineString","coordinates":[[-74.14979,4.57399],[-74.14977,4.574],[-74.14972,4.57402],[-74.14968,4.57406],[-74.14966,4.5741],[-74.14965,4.57416],[-74.14965,4.57421],[-74.14967,4.57426],[-74.14971,4.5743],[-74.14976,4.57433]]}},{"type":"Feature","properties":{"id":"29238031","nom":"Carrera 34","tipo":"residential"},"geometry":{"type":"LineString","coordinates":[[-74.12191,4.5907],[-74.12197,4.59069],[-74.12228,4.59063],[-74.12246,4.5906],[-74.1225,4.59059]]}},{"type":"Feature","properties":{"id":"29238035","nom":"Carrera 34C","tipo":"residential"},"geometry":{"type":"LineString","coordinates":[[-74.11832,4.5927],[-74.11834,4.5927],[-74.11867,4.59264],[-74.11902,4.59258],[-74.11979,4.59244],[-74.12076,4.59228]]}},{"type":"Feature","properties":{"id":"29238036","nom":"Calle 38 Sur","tipo":"residential"},"geometry":{"type":"LineString","coordinates":[[-74.12178,4.59316],[-74.1217,4.59271],[-74.12162,4.59225],[-74.12153,4.59177]]}},{"type":"Feature","properties":{"id":"29238049","nom":"Carrera 34D","tipo":"residential"},"geometry":{"type":"LineString","coordinates":[[-74.12302,4.59248],[-74.12238,4.59259],[-74.12226,4.59261],[-74.12181,4.59269],[-74.1217,4.59271]]}},{"type":"Feature","properties":{"id":"29238053","nom":"Transversal 35","tipo":"residential"},"geometry":{"type":"LineString","coordinates":[[-74.12297,4.5935],[-74.12242,4.59358],[-74.12103,4.5938],[-74.1204,4.59391],[-74.11986,4.59402],[-74.11966,4.59405]]}},{"type":"Feature","properties":{"id":"29238135","nom":"Carrera 33A","tipo":"residential"},"geometry":{"type":"LineString","coordinates":[[-74.11935,4.59058],[-74.11938,4.59057],[-74.11973,4.59051],[-74.11978,4.5905],[-74.11981,4.5905],[-74.12028,4.59042],[-74.1206,4.59036],[-74.12098,4.59029]]}},{"type":"Feature","properties":{"id":"29238166","nom":"Carrera 34A","tipo":"residential"},"geometry":{"type":"LineString","coordinates":[[-74.12259,4.59105],[-74.12253,4.59106],[-74.12225,4.59111],[-74.12221,4.59111],[-74.122,4.59115],[-74.12188,4.59117],[-74.12154,4.59123],[-74.12116,4.59129]]}},{"type":"Feature","properties":{"id":"29238180","nom":"Carrera 26H","tipo":"residential"},"geometry":{"type":"LineString","coordinates":[[-74.12212,4.58876],[-74.12151,4.58871],[-74.12134,4.5887],[-74.12119,4.58871],[-74.12109,4.58872],[-74.12038,4.58881],[-74.12017,4.58883],[-74.11999,4.58883],[-74.11997,4.58883],[-74.11985,4.58883],[-74.11963,4.58878]]}},{"type":"Feature","properties":{"id":"29238197","nom":"Calle 38A Sur","tipo":"tertiary"},"geometry":{"type":"LineString","coordinates":[[-74.12348,4.5937],[-74.1234,4.59367],[-74.12336,4.59364],[-74.12331,4.5936],[-74.1233,4.59357],[-74.12328,4.59354],[-74.12327,4.59347],[-74.12321,4.59316],[-74.1232,4.59311],[-74.12319,4.59307],[-74.12318,4.59302],[-74.12313,4.59274],[-74.12312,4.59266],[-74.12313,4.59257],[-74.12315,4.59238],[-74.12316,4.59228],[-74.12315,4.59219],[-74.12314,4.59215],[-74.12314,4.59211],[-74.12313,4.59208],[-74.12313,4.59205],[-74.12312,4.59203],[-74.1231,4.59189],[-74.12305,4.59162],[-74.12304,4.59158],[-74.12303,4.59153],[-74.12301,4.59148],[-74.12297,4.5914],[-74.12293,4.59134],[-74.12291,4.59131],[-74.12277,4.5911],[-74.12274,4.59104],[-74.12273,4.591],[-74.12271,4.59097],[-74.1227,4.59094],[-74.12269,4.59091],[-74.12268,4.59088],[-74.12267,4.59085],[-74.12267,4.59082],[-74.1226,4.59047],[-74.12254,4.5902],[-74.12253,4.59014],[-74.12254,4.59009],[-74.12255,4.59004],[-74.12258,4.58997],[-74.12263,4.58991],[-74.12266,4.58988],[-74.12269,4.58986],[-74.12273,4.58983],[-74.12278,4.5898]]}},{"type":"Feature","properties":{"id":"29238233","nom":"Diagonal 39D Sur","tipo":"residential"},"geometry":{"type":"LineString","coordinates":[[-74.1279,4.59079],[-74.12753,4.5905],[-74.12752,4.59049],[-74.12751,4.59048],[-74.12719,4.59023],[-74.12719,4.59023],[-74.12715,4.5902]]}},{"type":"Feature","properties":{"id":"29238252","nom":"Carrera 33","tipo":"residential"},"geometry":{"type":"LineString","coordinates":[[-74.12609,4.58803],[-74.12508,4.58841]]}},{"type":"Feature","properties":{"id":"29238423","nom":"Transversal 22","tipo":"residential"},"geometry":{"type":"LineString","coordinates":[[-74.12235,4.58449],[-74.12225,4.58501],[-74.12219,4.5853],[-74.12213,4.58556]]}},{"type":"Feature","properties":{"id":"29238435","nom":"Calle 39 Sur","tipo":"residential"},"geometry":{"type":"LineString","coordinates":[[-74.12353,4.58702],[-74.12342,4.58679],[-74.12332,4.58659],[-74.12312,4.58614]]}},{"type":"Feature","properties":{"id":"29238467","nom":"Calle 49A Sur","tipo":"residential"},"geometry":{"type":"LineString","coordinates":[[-74.13684,4.59072],[-74.1368,4.5907],[-74.13676,4.59067],[-74.13674,4.59064],[-74.13672,4.59061],[-74.1367,4.59058],[-74.13625,4.58974],[-74.13578,4.58883],[-74.13532,4.58795],[-74.13486,4.58706]]}},{"type":"Feature","properties":{"id":"29238568","nom":"Carrera 31","tipo":"residential"},"geometry":{"type":"LineString","coordinates":[[-74.12955,4.58507],[-74.12866,4.58536],[-74.12814,4.58553],[-74.12811,4.58554]]}},{"type":"Feature","properties":{"id":"29238573","nom":"Diagonal 45A Sur","tipo":"residential"},"geometry":{"type":"LineString","coordinates":[[-74.12751,4.58356],[-74.12879,4.58452],[-74.1289,4.5846]]}},{"type":"Feature","properties":{"id":"29238587","nom":"Calle 46A Sur","tipo":"residential"},"geometry":{"type":"LineString","coordinates":[[-74.12889,4.58228],[-74.12847,4.58051]]}},{"type":"Feature","properties":{"id":"29238607","nom":"Carrera 25A","tipo":"residential"},"geometry":{"type":"LineString","coordinates":[[-74.12742,4.58129],[-74.12788,4.58109]]}},{"type":"Feature","properties":{"id":"29238668","nom":"Calle 49B Sur","tipo":"residential"},"geometry":{"type":"LineString","coordinates":[[-74.13453,4.58534],[-74.13455,4.58538],[-74.13467,4.58569],[-74.1348,4.58595],[-74.13527,4.58685],[-74.13573,4.58773],[-74.13619,4.58862],[-74.13666,4.58952],[-74.1371,4.59038],[-74.13712,4.59041]]}},{"type":"Feature","properties":{"id":"29307930","nom":"Carrera 44","tipo":"residential"},"geometry":{"type":"LineString","coordinates":[[-74.14963,4.57583],[-74.15039,4.57554],[-74.1513,4.57513],[-74.15139,4.5751]]}},{"type":"Feature","properties":{"id":"29307932","nom":"Carrera 44A","tipo":"residential"},"geometry":{"type":"LineString","coordinates":[[-74.14973,4.57609],[-74.1505,4.5758],[-74.15125,4.57547],[-74.1513,4.57545]]}},{"type":"Feature","properties":{"id":"29307936","nom":"Carrera 42A","tipo":"residential"},"geometry":{"type":"LineString","coordinates":[[-74.15105,4.57427],[-74.15004,4.57469]]}},{"type":"Feature","properties":{"id":"29308024","nom":"Carrera 42","tipo":"residential"},"geometry":{"type":"LineString","coordinates":[[-74.15107,4.57392],[-74.14999,4.5744]]}},{"type":"Feature","properties":{"id":"29308027","nom":"Carrera 43","tipo":"residential"},"geometry":{"type":"LineString","coordinates":[[-74.14942,4.57528],[-74.15015,4.57501],[-74.15117,4.57455],[-74.15119,4.57455],[-74.15121,4.57456]]}},{"type":"Feature","properties":{"id":"29308131","nom":"Carrera 45","tipo":"residential"},"geometry":{"type":"LineString","coordinates":[[-74.15334,4.57461],[-74.15271,4.57506]]}},{"type":"Feature","properties":{"id":"29308134","nom":"Carrera 47","tipo":"residential"},"geometry":{"type":"LineString","coordinates":[[-74.15123,4.57749],[-74.15133,4.57738],[-74.15137,4.57735],[-74.15142,4.57733],[-74.1515,4.57729],[-74.15176,4.5772],[-74.15202,4.57711],[-74.15208,4.57708],[-74.15229,4.57701],[-74.15232,4.577],[-74.15255,4.57692],[-74.15259,4.57691],[-74.15282,4.57682],[-74.15285,4.57681],[-74.15303,4.57674],[-74.15309,4.57673],[-74.15334,4.57664],[-74.15367,4.57652]]}},{"type":"Feature","properties":{"id":"29308136","nom":"Calle 58G Sur","tipo":"residential"},"geometry":{"type":"LineString","coordinates":[[-74.15202,4.57711],[-74.1523,4.57785],[-74.15233,4.57793],[-74.15234,4.57794],[-74.15237,4.57798],[-74.15243,4.57803],[-74.15245,4.57806],[-74.15247,4.57809],[-74.15248,4.57812],[-74.15282,4.57914]]}},{"type":"Feature","properties":{"id":"29308144","nom":"Calle 59A Sur","tipo":"residential"},"geometry":{"type":"LineString","coordinates":[[-74.15362,4.57887],[-74.15328,4.57784],[-74.15327,4.57782],[-74.15325,4.57779],[-74.15321,4.57775],[-74.15317,4.57773],[-74.15314,4.5777],[-74.15313,4.57768],[-74.15311,4.57762],[-74.15282,4.57682]]}},{"type":"Feature","properties":{"id":"29308149","nom":"Carrera 49B","tipo":"residential"},"geometry":{"type":"LineString","coordinates":[[-74.15301,4.58],[-74.1533,4.5799],[-74.15355,4.57982],[-74.15381,4.57973],[-74.154,4.57967],[-74.15432,4.57956],[-74.15458,4.57948],[-74.15488,4.57938]]}},{"type":"Feature","properties":{"id":"29308151","nom":"Calle 58G Sur","tipo":"residential"},"geometry":{"type":"LineString","coordinates":[[-74.15273,4.57917],[-74.15301,4.58]]}},{"type":"Feature","properties":{"id":"29308158","nom":"Carrera 48","tipo":"residential"},"geometry":{"type":"LineString","coordinates":[[-74.15515,4.57642],[-74.15507,4.57646],[-74.15482,4.5766],[-74.15391,4.57709]]}},{"type":"Feature","properties":{"id":"29316385","nom":"Calle 54A Sur","tipo":"residential"},"geometry":{"type":"LineString","coordinates":[[-74.14262,4.58668],[-74.14254,4.58661],[-74.1423,4.58639]]}},{"type":"Feature","properties":{"id":"29316394","nom":"Carrera 35A","tipo":"residential"},"geometry":{"type":"LineString","coordinates":[[-74.14222,4.58429],[-74.14216,4.58431]]}},{"type":"Feature","properties":{"id":"29316551","nom":"Calle 54 Sur","tipo":"residential"},"geometry":{"type":"LineString","coordinates":[[-74.13948,4.57996],[-74.13984,4.58089],[-74.14014,4.58167],[-74.14021,4.58184],[-74.14034,4.58217],[-74.14035,4.5822]]}},{"type":"Feature","properties":{"id":"29361292","nom":"Calle 50 Sur","tipo":"residential"},"geometry":{"type":"LineString","coordinates":[[-74.13752,4.5902],[-74.13751,4.59017],[-74.13706,4.58931],[-74.13659,4.58841],[-74.13613,4.58752],[-74.13567,4.58664],[-74.13521,4.58574],[-74.13516,4.58565],[-74.13502,4.5853],[-74.13501,4.58526]]}},{"type":"Feature","properties":{"id":"29361354","nom":"Calle 51A Sur","tipo":"residential"},"geometry":{"type":"LineString","coordinates":[[-74.13916,4.58935],[-74.13914,4.58932],[-74.1387,4.58845],[-74.13823,4.58756],[-74.13777,4.58667],[-74.13731,4.58579]]}},{"type":"Feature","properties":{"id":"29361439","nom":"Calle 52A Bis Sur","tipo":"residential"},"geometry":{"type":"LineString","coordinates":[[-74.13939,4.58585],[-74.1396,4.58639]]}},{"type":"Feature","properties":{"id":"29361503","nom":"Calle 53 Sur","tipo":"residential"},"geometry":{"type":"LineString","coordinates":[[-74.13729,4.57814],[-74.13729,4.57816],[-74.13748,4.57858],[-74.13783,4.57952],[-74.1382,4.58046],[-74.13856,4.5814],[-74.13892,4.58234]]}},{"type":"Feature","properties":{"id":"29362131","nom":"Carrera 56","tipo":"residential"},"geometry":{"type":"LineString","coordinates":[[-74.14412,4.59319],[-74.14421,4.59273]]}},{"type":"Feature","properties":{"id":"29362139","nom":"Diagonal 49 Sur","tipo":"residential"},"geometry":{"type":"LineString","coordinates":[[-74.14465,4.59283],[-74.14421,4.59273],[-74.1434,4.59256],[-74.14296,4.59247]]}},{"type":"Feature","properties":{"id":"29362174","nom":"Carrera 55","tipo":"residential"},"geometry":{"type":"LineString","coordinates":[[-74.14266,4.59491],[-74.14271,4.59463],[-74.14281,4.59415],[-74.14287,4.59389]]}},{"type":"Feature","properties":{"id":"29362178","nom":"Carrera 56","tipo":"residential"},"geometry":{"type":"LineString","coordinates":[[-74.1437,4.59475],[-74.14373,4.5948],[-74.14374,4.59483],[-74.14374,4.59487],[-74.14369,4.59517],[-74.14367,4.59522],[-74.14366,4.59523],[-74.14364,4.59526],[-74.14353,4.59535]]}},{"type":"Feature","properties":{"id":"29362196","nom":"Carrera 54B","tipo":"residential"},"geometry":{"type":"LineString","coordinates":[[-74.1422,4.59494],[-74.14242,4.5938]]}},{"type":"Feature","properties":{"id":"29362249","nom":"Diagonal 50A Sur","tipo":"residential"},"geometry":{"type":"LineString","coordinates":[[-74.14207,4.59084],[-74.14211,4.59085],[-74.14324,4.59109]]}},{"type":"Feature","properties":{"id":"29362432","nom":"Diagonal 49A Sur","tipo":"residential"},"geometry":{"type":"LineString","coordinates":[[-74.14188,4.59176],[-74.14193,4.59177],[-74.14306,4.592]]}},{"type":"Feature","properties":{"id":"29362504","nom":"Carrera 56A Sur","tipo":"residential"},"geometry":{"type":"LineString","coordinates":[[-74.14464,4.59181],[-74.14465,4.59261],[-74.14465,4.59283],[-74.14466,4.59362]]}},{"type":"Feature","properties":{"id":"29362505","nom":"Carrera 55","tipo":"residential"},"geometry":{"type":"LineString","coordinates":[[-74.1434,4.59256],[-74.14351,4.59203],[-74.14378,4.59071],[-74.14378,4.59068]]}},{"type":"Feature","properties":{"id":"29362546","nom":"Diagonal 47A Sur","tipo":"residential"},"geometry":{"type":"LineString","coordinates":[[-74.13831,4.59247],[-74.13822,4.59245]]}},{"type":"Feature","properties":{"id":"29362569","nom":"Diagonal 46A Sur","tipo":"residential"},"geometry":{"type":"LineString","coordinates":[[-74.13451,4.59265],[-74.13566,4.59289],[-74.13569,4.5929],[-74.13572,4.5929],[-74.13685,4.59313],[-74.13797,4.59337],[-74.13799,4.59337],[-74.13803,4.59338],[-74.13812,4.5934]]}},{"type":"Feature","properties":{"id":"29362573","nom":"Diagonal 46 Sur","tipo":"residential"},"geometry":{"type":"LineString","coordinates":[[-74.13794,4.59383],[-74.1379,4.59382],[-74.13675,4.59359],[-74.13564,4.59336],[-74.1356,4.59335],[-74.13557,4.59335],[-74.13441,4.59311]]}},{"type":"Feature","properties":{"id":"29362720","nom":"Diagonal 48 Sur","tipo":"residential"},"geometry":{"type":"LineString","coordinates":[[-74.1384,4.59201],[-74.13843,4.59202],[-74.13957,4.59226]]}},{"type":"Feature","properties":{"id":"29362771","nom":"Diagonal 46A Sur","tipo":"residential"},"geometry":{"type":"LineString","coordinates":[[-74.13812,4.5934],[-74.13815,4.5934],[-74.13929,4.59364],[-74.14046,4.59388]]}},{"type":"Feature","properties":{"id":"29362785","nom":"Diagonal 46 Sur","tipo":"residential"},"geometry":{"type":"LineString","coordinates":[[-74.14037,4.59434],[-74.1392,4.59409]]}},{"type":"Feature","properties":{"id":"29362820","nom":"Carrera 53C","tipo":"residential"},"geometry":{"type":"LineString","coordinates":[[-74.14073,4.59488],[-74.14112,4.59305]]}},{"type":"Feature","properties":{"id":"29362830","nom":"Diagonal 49 Sur","tipo":"residential"},"geometry":{"type":"LineString","coordinates":[[-74.1384,4.59153],[-74.13837,4.59152],[-74.13723,4.59129],[-74.13611,4.59107],[-74.13607,4.59106]]}},{"type":"Feature","properties":{"id":"29362951","nom":"Carrera 54B Sur","tipo":"residential"},"geometry":{"type":"LineString","coordinates":[[-74.14307,4.58888],[-74.14309,4.58893],[-74.1433,4.58932],[-74.14348,4.58971],[-74.14346,4.59003],[-74.14336,4.59052],[-74.14334,4.59059]]}},{"type":"Feature","properties":{"id":"29362963","nom":"Carrera 55","tipo":"residential"},"geometry":{"type":"LineString","coordinates":[[-74.14409,4.5894],[-74.14415,4.58955],[-74.14418,4.58977],[-74.14413,4.59017]]}},{"type":"Feature","properties":{"id":"29362985","nom":"Diagonal 51B Sur","tipo":"residential"},"geometry":{"type":"LineString","coordinates":[[-74.14499,4.58894],[-74.14494,4.58897],[-74.1445,4.58919],[-74.14409,4.5894],[-74.14348,4.58971]]}},{"type":"Feature","properties":{"id":"29362989","nom":"Diagonal 51C Sur","tipo":"residential"},"geometry":{"type":"LineString","coordinates":[[-74.14268,4.58965],[-74.1433,4.58932],[-74.14433,4.58878]]}},{"type":"Feature","properties":{"id":"29362994","nom":"Diagonal 52A Sur","tipo":"residential"},"geometry":{"type":"LineString","coordinates":[[-74.14398,4.58787],[-74.14285,4.58845]]}},{"type":"Feature","properties":{"id":"29362997","nom":"Carrera 54A","tipo":"residential"},"geometry":{"type":"LineString","coordinates":[[-74.14228,4.58828],[-74.14241,4.58855],[-74.14252,4.58883],[-74.14259,4.58907],[-74.14261,4.58913],[-74.14262,4.5892],[-74.14268,4.58965],[-74.14268,4.58987],[-74.14262,4.59038],[-74.14262,4.59044]]}},{"type":"Feature","properties":{"id":"29363002","nom":"Carrera 53C","tipo":"residential"},"geometry":{"type":"LineString","coordinates":[[-74.14139,4.58874],[-74.14153,4.58902],[-74.14163,4.58931],[-74.14167,4.58962],[-74.14167,4.58993],[-74.14162,4.59023]]}},{"type":"Feature","properties":{"id":"29404486","nom":"Diagonal 50 Sur","tipo":"residential"},"geometry":{"type":"LineString","coordinates":[[-74.15061,4.58856],[-74.15034,4.58872],[-74.15002,4.58891],[-74.14926,4.58936],[-74.14809,4.59005],[-74.14766,4.59031],[-74.14743,4.59044],[-74.14721,4.59058],[-74.14704,4.59067],[-74.1468,4.59081],[-74.14638,4.59106],[-74.14614,4.59121],[-74.14576,4.59143],[-74.14559,4.59153],[-74.14549,4.59159]]}},{"type":"Feature","properties":{"id":"29404554","nom":"Diagonal 51B Sur","tipo":"residential"},"geometry":{"type":"LineString","coordinates":[[-74.14727,4.58793],[-74.14667,4.58817],[-74.146,4.58842],[-74.14535,4.58868],[-74.14529,4.5887]]}},{"type":"Feature","properties":{"id":"29404565","nom":"Diagonal 52A Sur","tipo":"residential"},"geometry":{"type":"LineString","coordinates":[[-74.14688,4.58695],[-74.14628,4.58719],[-74.14562,4.58744],[-74.14508,4.58766],[-74.14505,4.58768],[-74.14501,4.5877],[-74.14498,4.58773],[-74.14493,4.58777]]}},{"type":"Feature","properties":{"id":"29404572","nom":"Diagonal 53 Sur","tipo":"residential"},"geometry":{"type":"LineString","coordinates":[[-74.14653,4.58595],[-74.14589,4.5862],[-74.14524,4.58646],[-74.14491,4.58659],[-74.14459,4.58672],[-74.14453,4.58675]]}},{"type":"Feature","properties":{"id":"29404575","nom":"Carrera 61B","tipo":"residential"},"geometry":{"type":"LineString","coordinates":[[-74.14778,4.58641],[-74.14784,4.58666],[-74.14794,4.58713],[-74.1481,4.58785],[-74.14831,4.58865]]}},{"type":"Feature","properties":{"id":"29404582","nom":"Carrera 61D","tipo":"residential"},"geometry":{"type":"LineString","coordinates":[[-74.1485,4.58483],[-74.14865,4.5855],[-74.1488,4.5862],[-74.14897,4.58691],[-74.14912,4.58761],[-74.14927,4.58825]]}},{"type":"Feature","properties":{"id":"29404607","nom":"Diagonal 53 Sur","tipo":"residential"},"geometry":{"type":"LineString","coordinates":[[-74.14748,4.58506],[-74.14798,4.58495],[-74.1485,4.58483],[-74.14879,4.58477],[-74.14902,4.58472],[-74.14909,4.5847],[-74.14943,4.58463],[-74.14953,4.5846]]}},{"type":"Feature","properties":{"id":"29404643","nom":"Diagonal 49 Sur","tipo":"residential"},"geometry":{"type":"LineString","coordinates":[[-74.15043,4.58922],[-74.15026,4.58935],[-74.14955,4.58991]]}},{"type":"Feature","properties":{"id":"29404741","nom":"Carrera 64","tipo":"residential"},"geometry":{"type":"LineString","coordinates":[[-74.15211,4.58725],[-74.15228,4.5875],[-74.15244,4.58772],[-74.15261,4.58797],[-74.15278,4.58821],[-74.15295,4.58845],[-74.15313,4.5887],[-74.15327,4.5889],[-74.1533,4.58894],[-74.15333,4.58898],[-74.15335,4.589],[-74.15348,4.58918],[-74.15365,4.58942],[-74.15382,4.58965],[-74.15398,4.58988],[-74.15415,4.5901],[-74.15479,4.591]]}},{"type":"Feature","properties":{"id":"29404767","nom":"Carrera 63","tipo":"residential"},"geometry":{"type":"LineString","coordinates":[[-74.1539,4.59162],[-74.15389,4.59159],[-74.15373,4.59119],[-74.15368,4.59109],[-74.15367,4.59099],[-74.15365,4.59093],[-74.15362,4.59088],[-74.15343,4.59062],[-74.15327,4.5904],[-74.15311,4.59019],[-74.15292,4.58995],[-74.15275,4.58971],[-74.15259,4.58953],[-74.15255,4.58949]]}},{"type":"Feature","properties":{"id":"29404777","nom":"Carrera 65A","tipo":"residential"},"geometry":{"type":"LineString","coordinates":[[-74.15616,4.59023],[-74.15586,4.58989],[-74.1557,4.58968],[-74.15553,4.58946],[-74.15536,4.58924],[-74.15519,4.58902],[-74.15501,4.58876],[-74.15485,4.58856],[-74.15467,4.58833]]}},{"type":"Feature","properties":{"id":"29404815","nom":"Calle 67A Sur","tipo":"residential"},"geometry":{"type":"LineString","coordinates":[[-74.15519,4.58795],[-74.15467,4.58833],[-74.15418,4.58866],[-74.15348,4.58918],[-74.15275,4.58971],[-74.15202,4.59029]]}},{"type":"Feature","properties":{"id":"29404862","nom":"Calle 67 Sur","tipo":"residential"},"geometry":{"type":"LineString","coordinates":[[-74.1555,4.58803],[-74.15485,4.58856],[-74.15437,4.5889],[-74.15365,4.58942],[-74.15292,4.58995],[-74.1522,4.59052]]}},{"type":"Feature","properties":{"id":"29404877","nom":"Calle 66 Sur","tipo":"residential"},"geometry":{"type":"LineString","coordinates":[[-74.15579,4.58822],[-74.15501,4.58876],[-74.15453,4.58912],[-74.15382,4.58965],[-74.15311,4.59019],[-74.15237,4.59074]]}},{"type":"Feature","properties":{"id":"29404897","nom":"Calle 65 Sur","tipo":"residential"},"geometry":{"type":"LineString","coordinates":[[-74.15605,4.58839],[-74.15519,4.58902],[-74.1547,4.58938],[-74.15398,4.58988],[-74.15327,4.5904],[-74.15252,4.59096]]}},{"type":"Feature","properties":{"id":"29404920","nom":"Calle 64 Sur","tipo":"residential"},"geometry":{"type":"LineString","coordinates":[[-74.15642,4.58846],[-74.15536,4.58924],[-74.15486,4.5896],[-74.15463,4.58978],[-74.15439,4.58995],[-74.15415,4.5901],[-74.15392,4.59028],[-74.15367,4.59047],[-74.15343,4.59062],[-74.15303,4.59093],[-74.15263,4.59122]]}},{"type":"Feature","properties":{"id":"29404937","nom":"Calle 68 Sur","tipo":"residential"},"geometry":{"type":"LineString","coordinates":[[-74.15422,4.58786],[-74.15313,4.5887]]}},{"type":"Feature","properties":{"id":"29404940","nom":"Calle 68A Sur","tipo":"residential"},"geometry":{"type":"LineString","coordinates":[[-74.15368,4.58791],[-74.15295,4.58845]]}},{"type":"Feature","properties":{"id":"29404943","nom":"Calle 68B Sur","tipo":"residential"},"geometry":{"type":"LineString","coordinates":[[-74.15328,4.58784],[-74.15278,4.58821],[-74.15259,4.58835]]}},{"type":"Feature","properties":{"id":"29404956","nom":"Calle 69 Sur","tipo":"residential"},"geometry":{"type":"LineString","coordinates":[[-74.1531,4.5876],[-74.15261,4.58797],[-74.15236,4.58815]]}},{"type":"Feature","properties":{"id":"29404962","nom":"Calle 69A Sur","tipo":"residential"},"geometry":{"type":"LineString","coordinates":[[-74.15316,4.58723],[-74.15244,4.58772],[-74.15209,4.58798]]}},{"type":"Feature","properties":{"id":"29404976","nom":"Calle 69B Sur","tipo":"residential"},"geometry":{"type":"LineString","coordinates":[[-74.15339,4.5867],[-74.15228,4.5875],[-74.15196,4.58774]]}},{"type":"Feature","properties":{"id":"29405011","nom":"Carrera 64A","tipo":"residential"},"geometry":{"type":"LineString","coordinates":[[-74.15503,4.59081],[-74.15439,4.58995]]}},{"type":"Feature","properties":{"id":"29405012","nom":"Carrera 63B","tipo":"residential"},"geometry":{"type":"LineString","coordinates":[[-74.15462,4.59129],[-74.15392,4.59028]]}},{"type":"Feature","properties":{"id":"29405014","nom":"Carrera 63A","tipo":"residential"},"geometry":{"type":"LineString","coordinates":[[-74.15439,4.59143],[-74.15367,4.59047]]}},{"type":"Feature","properties":{"id":"29405103","nom":"Calle 58 Sur","tipo":"residential"},"geometry":{"type":"LineString","coordinates":[[-74.155,4.5949],[-74.15541,4.59486],[-74.15568,4.59483],[-74.15583,4.59482],[-74.15614,4.59479],[-74.15626,4.59478],[-74.15657,4.59474],[-74.15668,4.59473],[-74.157,4.5947],[-74.15709,4.59469],[-74.15784,4.59462],[-74.15787,4.59462]]}},{"type":"Feature","properties":{"id":"30141948","nom":"Carrera 40A","tipo":"residential"},"geometry":{"type":"LineString","coordinates":[[-74.12443,4.59661],[-74.12372,4.59725],[-74.12347,4.59747],[-74.12308,4.59783],[-74.12275,4.59813]]}},{"type":"Feature","properties":{"id":"30141954","nom":"Carrera 40","tipo":"residential"},"geometry":{"type":"LineString","coordinates":[[-74.12243,4.59778],[-74.12226,4.59792],[-74.12151,4.59862],[-74.12091,4.59916],[-74.12084,4.59923]]}},{"type":"Feature","properties":{"id":"30141955","nom":"Carrera 39C","tipo":"residential"},"geometry":{"type":"LineString","coordinates":[[-74.12212,4.59744],[-74.12119,4.59827],[-74.12059,4.59881],[-74.12004,4.5993],[-74.11946,4.59989],[-74.11864,4.60074],[-74.1186,4.60078]]}},{"type":"Feature","properties":{"id":"30141959","nom":"Carrera 41 Bis","tipo":"residential"},"geometry":{"type":"LineString","coordinates":[[-74.12209,4.59999],[-74.12297,4.59903]]}},{"type":"Feature","properties":{"id":"30141963","nom":"Calle 34 Sur","tipo":"residential"},"geometry":{"type":"LineString","coordinates":[[-74.12308,4.59783],[-74.12337,4.59816]]}},{"type":"Feature","properties":{"id":"30141968","nom":"Calle 29A Sur","tipo":"residential"},"geometry":{"type":"LineString","coordinates":[[-74.12213,4.60144],[-74.12209,4.6014],[-74.12175,4.60105],[-74.12165,4.60095],[-74.1208,4.59994]]}},{"type":"Feature","properties":{"id":"30141975","nom":"Transversal 39A","tipo":"residential"},"geometry":{"type":"LineString","coordinates":[[-74.12482,4.59484],[-74.12408,4.59491],[-74.12325,4.595],[-74.12311,4.59501]]}},{"type":"Feature","properties":{"id":"30141976","nom":"Calle 35 Sur","tipo":"residential"},"geometry":{"type":"LineString","coordinates":[[-74.12208,4.59593],[-74.12255,4.59645],[-74.12315,4.59712]]}},{"type":"Feature","properties":{"id":"30141981","nom":"Calle 37 Sur","tipo":"residential"},"geometry":{"type":"LineString","coordinates":[[-74.12273,4.59534],[-74.12322,4.59586],[-74.12382,4.59652]]}},{"type":"Feature","properties":{"id":"30141986","nom":"Calle 32 Sur","tipo":"residential"},"geometry":{"type":"LineString","coordinates":[[-74.12151,4.59738],[-74.12104,4.59687]]}},{"type":"Feature","properties":{"id":"30162762","nom":"Transversal 35A","tipo":"residential"},"geometry":{"type":"LineString","coordinates":[[-74.12086,4.59546],[-74.11952,4.5957],[-74.1195,4.59572]]}},{"type":"Feature","properties":{"id":"30162765","nom":"Transversal 37C","tipo":"residential"},"geometry":{"type":"LineString","coordinates":[[-74.11959,4.59615],[-74.11962,4.59615],[-74.12095,4.59591]]}},{"type":"Feature","properties":{"id":"30162788","nom":"Transversal 39","tipo":"residential"},"geometry":{"type":"LineString","coordinates":[[-74.12006,4.59702],[-74.12003,4.59701],[-74.11999,4.59702],[-74.11836,4.59732],[-74.11828,4.59732]]}},{"type":"Feature","properties":{"id":"30162790","nom":"Transversal 38","tipo":"residential"},"geometry":{"type":"LineString","coordinates":[[-74.11809,4.59691],[-74.11929,4.59669],[-74.11939,4.59667],[-74.11964,4.59662],[-74.12027,4.5965],[-74.12086,4.59639]]}},{"type":"Feature","properties":{"id":"30162827","nom":"Transversal 39B","tipo":"residential"},"geometry":{"type":"LineString","coordinates":[[-74.1247,4.59534],[-74.12432,4.59538],[-74.12414,4.59539],[-74.1235,4.59545]]}},{"type":"Feature","properties":{"id":"30162847","nom":"Calle 37A Sur","tipo":"residential"},"geometry":{"type":"LineString","coordinates":[[-74.12462,4.59703],[-74.12456,4.59692],[-74.12451,4.59679],[-74.12443,4.59661],[-74.1244,4.59652],[-74.12434,4.5964],[-74.12417,4.59619],[-74.12394,4.59594],[-74.12358,4.59554],[-74.1235,4.59545],[-74.12311,4.59501]]}},{"type":"Feature","properties":{"id":"30162860","nom":"Calle 37 Sur","tipo":"residential"},"geometry":{"type":"LineString","coordinates":[[-74.12492,4.59802],[-74.12489,4.598],[-74.12489,4.59799],[-74.12487,4.59797],[-74.12459,4.59768],[-74.12427,4.59735]]}},{"type":"Feature","properties":{"id":"30410874","nom":"Calle 41B Sur","tipo":"residential"},"geometry":{"type":"LineString","coordinates":[[-74.13443,4.59805],[-74.13439,4.59803],[-74.13362,4.59754]]}},{"type":"Feature","properties":{"id":"30410875","nom":"Calle 41A Sur","tipo":"residential"},"geometry":{"type":"LineString","coordinates":[[-74.13338,4.59791],[-74.13414,4.59841],[-74.13418,4.59844]]}},{"type":"Feature","properties":{"id":"30410877","nom":"Carrera 53","tipo":"residential"},"geometry":{"type":"LineString","coordinates":[[-74.13432,4.59907],[-74.13506,4.59796],[-74.13508,4.59793]]}},{"type":"Feature","properties":{"id":"30410878","nom":"Carrera 54","tipo":"residential"},"geometry":{"type":"LineString","coordinates":[[-74.13471,4.59933],[-74.13542,4.5982],[-74.13544,4.59817]]}},{"type":"Feature","properties":{"id":"30410880","nom":"Calle 39B Sur","tipo":"residential"},"geometry":{"type":"LineString","coordinates":[[-74.13205,4.59981],[-74.13287,4.60034],[-74.13291,4.60037]]}},{"type":"Feature","properties":{"id":"30410883","nom":"Calle 40B Sur","tipo":"residential"},"geometry":{"type":"LineString","coordinates":[[-74.13327,4.59894],[-74.13242,4.59837]]}},{"type":"Feature","properties":{"id":"30410884","nom":"Calle 40A Sur","tipo":"residential"},"geometry":{"type":"LineString","coordinates":[[-74.13302,4.59932],[-74.13215,4.59873]]}},{"type":"Feature","properties":{"id":"30662802","nom":"Transversal 68D","tipo":"tertiary"},"geometry":{"type":"LineString","coordinates":[[-74.14215,4.59706],[-74.14209,4.59707],[-74.14198,4.59709],[-74.14179,4.59714],[-74.14155,4.59721],[-74.14146,4.59726],[-74.1414,4.5973],[-74.14131,4.59738]]}},{"type":"Feature","properties":{"id":"30662804","nom":"Transversal 68H","tipo":"residential"},"geometry":{"type":"LineString","coordinates":[[-74.1439,4.59839],[-74.14478,4.59803]]}},{"type":"Feature","properties":{"id":"30662812","nom":"Calle 44 Bis B Sur","tipo":"residential"},"geometry":{"type":"LineString","coordinates":[[-74.14286,4.59635],[-74.14268,4.59581],[-74.14265,4.59572]]}},{"type":"Feature","properties":{"id":"30662815","nom":"Calle 44 Bis Sur","tipo":"residential"},"geometry":{"type":"LineString","coordinates":[[-74.14138,4.59571],[-74.1414,4.59579],[-74.14161,4.59664]]}},{"type":"Feature","properties":{"id":"30662838","nom":"Calle 44 Bis A Sur","tipo":"residential"},"geometry":{"type":"LineString","coordinates":[[-74.14224,4.5965],[-74.14208,4.59586],[-74.14206,4.59577]]}},{"type":"Feature","properties":{"id":"30662842","nom":"Calle 44C Sur","tipo":"residential"},"geometry":{"type":"LineString","coordinates":[[-74.14478,4.59647],[-74.14446,4.59555],[-74.14443,4.59546]]}},{"type":"Feature","properties":{"id":"30662846","nom":"Transversal 68F","tipo":"residential"},"geometry":{"type":"LineString","coordinates":[[-74.14273,4.5975],[-74.14391,4.59722],[-74.14446,4.5971],[-74.14477,4.59703]]}},{"type":"Feature","properties":{"id":"30662855","nom":"Calle 44A Sur","tipo":"residential"},"geometry":{"type":"LineString","coordinates":[[-74.14409,4.59775],[-74.14391,4.59722],[-74.14373,4.5967],[-74.14356,4.5962],[-74.14339,4.59572],[-74.14337,4.59565]]}},{"type":"Feature","properties":{"id":"30662860","nom":"Transversal 68G Bis","tipo":"residential"},"geometry":{"type":"LineString","coordinates":[[-74.14362,4.59818],[-74.14468,4.59774]]}},{"type":"Feature","properties":{"id":"30662907","nom":"Transversal 68B","tipo":"residential"},"geometry":{"type":"LineString","coordinates":[[-74.1411,4.59626],[-74.14106,4.59629],[-74.14073,4.59653]]}},{"type":"Feature","properties":{"id":"30662963","nom":"Carrera 68F","tipo":"residential"},"geometry":{"type":"LineString","coordinates":[[-74.14246,4.59792],[-74.14208,4.5985]]}},{"type":"Feature","properties":{"id":"30899385","nom":"Carrera 64B","tipo":"residential"},"geometry":{"type":"LineString","coordinates":[[-74.15527,4.59064],[-74.15463,4.58978]]}},{"type":"Feature","properties":{"id":"35090462","nom":"Calle 45 Sur","tipo":"tertiary"},"geometry":{"type":"LineString","coordinates":[[-74.14636,4.59536],[-74.14654,4.59578],[-74.14732,4.59764]]}},{"type":"Feature","properties":{"id":"39250254","nom":"Calle 56 Sur","tipo":"residential"},"geometry":{"type":"LineString","coordinates":[[-74.14156,4.58022],[-74.1412,4.57929],[-74.14084,4.57836],[-74.14047,4.57742]]}},{"type":"Feature","properties":{"id":"39250255","nom":"Calle 56C Sur","tipo":"residential"},"geometry":{"type":"LineString","coordinates":[[-74.14252,4.57923],[-74.14264,4.57946],[-74.14275,4.57971],[-74.14277,4.57976]]}},{"type":"Feature","properties":{"id":"39250257","nom":"Carrera 30","tipo":"residential"},"geometry":{"type":"LineString","coordinates":[[-74.14324,4.5792],[-74.14288,4.57935],[-74.14264,4.57946],[-74.14232,4.57959],[-74.14225,4.5796]]}},{"type":"Feature","properties":{"id":"39250258","nom":"Carrera 29A","tipo":"residential"},"geometry":{"type":"LineString","coordinates":[[-74.14329,4.5789],[-74.14314,4.57897],[-74.14289,4.57907],[-74.14265,4.57918],[-74.14252,4.57923],[-74.14235,4.5793],[-74.14223,4.57936],[-74.14217,4.57938]]}},{"type":"Feature","properties":{"id":"39250260","nom":"Calle 53B Sur","tipo":"residential"},"geometry":{"type":"LineString","coordinates":[[-74.13813,4.57778],[-74.13814,4.5778],[-74.13832,4.57826],[-74.1387,4.5792],[-74.13905,4.58013],[-74.13941,4.58106],[-74.13978,4.582]]}},{"type":"Feature","properties":{"id":"39250734","nom":"Calle 50A Sur","tipo":"residential"},"geometry":{"type":"LineString","coordinates":[[-74.13486,4.5828],[-74.13487,4.58285],[-74.13512,4.58384],[-74.13539,4.5849],[-74.13542,4.58504],[-74.13543,4.58506]]}},{"type":"Feature","properties":{"id":"39250736","nom":"Calle 50B Sur","tipo":"residential"},"geometry":{"type":"LineString","coordinates":[[-74.13544,4.58313],[-74.13544,4.58316],[-74.13554,4.58355],[-74.1358,4.58463],[-74.13587,4.58491],[-74.13588,4.58496],[-74.13589,4.58498]]}},{"type":"Feature","properties":{"id":"39250740","nom":"Calle 51A Sur","tipo":"residential"},"geometry":{"type":"LineString","coordinates":[[-74.13681,4.58482],[-74.1368,4.58479],[-74.13665,4.58419]]}},{"type":"Feature","properties":{"id":"39514481","nom":"Transversal 13K Bis","tipo":"residential"},"geometry":{"type":"LineString","coordinates":[[-74.12324,4.57154],[-74.12309,4.57176],[-74.12289,4.57196]]}},{"type":"Feature","properties":{"id":"39800481","nom":"Carrera 24A Bis","tipo":"residential"},"geometry":{"type":"LineString","coordinates":[[-74.12437,4.58015],[-74.12529,4.5799],[-74.12533,4.57989]]}},{"type":"Feature","properties":{"id":"39800482","nom":"Calle 45 Sur","tipo":"residential"},"geometry":{"type":"LineString","coordinates":[[-74.12676,4.58053],[-74.12671,4.58039]]}},{"type":"Feature","properties":{"id":"39800483","nom":"Calle 43 Sur","tipo":"residential"},"geometry":{"type":"LineString","coordinates":[[-74.12571,4.58178],[-74.12558,4.58126]]}},{"type":"Feature","properties":{"id":"39800500","nom":"Diagonal 44C Sur","tipo":"residential"},"geometry":{"type":"LineString","coordinates":[[-74.12535,4.5747],[-74.12612,4.57501]]}},{"type":"Feature","properties":{"id":"40510630","nom":"Calle 60A Sur","tipo":"residential"},"geometry":{"type":"LineString","coordinates":[[-74.14029,4.56248],[-74.13986,4.56237]]}},{"type":"Feature","properties":{"id":"40518083","nom":"Carrera 23B","tipo":"residential"},"geometry":{"type":"LineString","coordinates":[[-74.14769,4.56841],[-74.1477,4.56841],[-74.1478,4.56827],[-74.14793,4.5681]]}},{"type":"Feature","properties":{"id":"40518088","nom":"Carrera 22I","tipo":"residential"},"geometry":{"type":"LineString","coordinates":[[-74.14658,4.56854],[-74.14685,4.56815],[-74.14698,4.56795],[-74.14711,4.56777],[-74.14737,4.56739]]}},{"type":"Feature","properties":{"id":"40519375","nom":"Carrera 24","tipo":"residential"},"geometry":{"type":"LineString","coordinates":[[-74.14798,4.56946],[-74.14799,4.56941],[-74.14814,4.56903],[-74.14825,4.56884],[-74.1486,4.56828],[-74.14862,4.56825]]}},{"type":"Feature","properties":{"id":"40912662","nom":"Calle 50A Sur","tipo":"residential"},"geometry":{"type":"LineString","coordinates":[[-74.12374,4.56292],[-74.12329,4.56212],[-74.12313,4.56184],[-74.12312,4.56183]]}},{"type":"Feature","properties":{"id":"40912677","nom":"Diagonal 45G Sur","tipo":"residential"},"geometry":{"type":"LineString","coordinates":[[-74.12208,4.56908],[-74.12151,4.56897]]}},{"type":"Feature","properties":{"id":"41121353","nom":"Carrera 31A","tipo":"residential"},"geometry":{"type":"LineString","coordinates":[[-74.12582,4.58672],[-74.12683,4.58636],[-74.12785,4.586]]}},{"type":"Feature","properties":{"id":"41121370","nom":"Carrera 13H","tipo":"residential"},"geometry":{"type":"LineString","coordinates":[[-74.12008,4.57513],[-74.12055,4.57503]]}},{"type":"Feature","properties":{"id":"41121377","nom":"Calle 41B Sur","tipo":"residential"},"geometry":{"type":"LineString","coordinates":[[-74.12109,4.57542],[-74.12107,4.57536],[-74.12105,4.57526],[-74.12101,4.57511],[-74.12081,4.57436],[-74.12073,4.57405]]}},{"type":"Feature","properties":{"id":"41125501","nom":"Carrera 31A Sur","tipo":"residential"},"geometry":{"type":"LineString","coordinates":[[-74.1244,4.58727],[-74.12503,4.58705]]}},{"type":"Feature","properties":{"id":"41125524","nom":"Calle 38B","tipo":"residential"},"geometry":{"type":"LineString","coordinates":[[-74.12337,4.58811],[-74.12318,4.58766]]}},{"type":"Feature","properties":{"id":"41125537","nom":"Carrera 31A","tipo":"residential"},"geometry":{"type":"LineString","coordinates":[[-74.12373,4.58743],[-74.12318,4.58766]]}},{"type":"Feature","properties":{"id":"41125651","nom":"Calle 38A Sur","tipo":"residential"},"geometry":{"type":"LineString","coordinates":[[-74.12148,4.58384],[-74.12148,4.58407],[-74.12152,4.58461]]}},{"type":"Feature","properties":{"id":"41125656","nom":"Carrera 26","tipo":"residential"},"geometry":{"type":"LineString","coordinates":[[-74.1207,4.5839],[-74.12073,4.5839],[-74.12143,4.58381],[-74.12146,4.58382],[-74.12148,4.58384]]}},{"type":"Feature","properties":{"id":"41125673","nom":"Carrera 26B","tipo":"residential"},"geometry":{"type":"LineString","coordinates":[[-74.12652,4.58307],[-74.1265,4.58306],[-74.12641,4.58302],[-74.12635,4.58301],[-74.12631,4.583],[-74.12624,4.58302],[-74.12545,4.58327]]}},{"type":"Feature","properties":{"id":"41125721","nom":"Diagonal 46B Sur","tipo":"residential"},"geometry":{"type":"LineString","coordinates":[[-74.12945,4.58261],[-74.1289,4.5846]]}},{"type":"Feature","properties":{"id":"41127367","nom":"Diagonal 44B Sur","tipo":"tertiary"},"geometry":{"type":"LineString","coordinates":[[-74.12434,4.57499],[-74.1251,4.57531],[-74.12586,4.57562],[-74.12652,4.5759],[-74.12658,4.57592],[-74.12662,4.57593],[-74.1267,4.57593]]}},{"type":"Feature","properties":{"id":"41360388","nom":"Calle 44C Sur","tipo":"residential"},"geometry":{"type":"LineString","coordinates":[[-74.14624,4.59958],[-74.14571,4.5983],[-74.14561,4.59807],[-74.14548,4.59776]]}},{"type":"Feature","properties":{"id":"41360393","nom":"Calle 44B Sur","tipo":"residential"},"geometry":{"type":"LineString","coordinates":[[-74.14538,4.59843],[-74.1459,4.59972]]}},{"type":"Feature","properties":{"id":"41360398","nom":"Transversal 72 Bis","tipo":"residential"},"geometry":{"type":"LineString","coordinates":[[-74.14609,4.59714],[-74.14571,4.5973],[-74.14545,4.59741],[-74.14541,4.59743]]}},{"type":"Feature","properties":{"id":"41360430","nom":"Carrera 72B","tipo":"residential"},"geometry":{"type":"LineString","coordinates":[[-74.14419,4.60291],[-74.14453,4.60197],[-74.14472,4.60146],[-74.14488,4.60101],[-74.14507,4.60049],[-74.14524,4.60002],[-74.14542,4.59954]]}},{"type":"Feature","properties":{"id":"41462680","nom":"Calle 38A Sur","tipo":"residential"},"geometry":{"type":"LineString","coordinates":[[-74.12261,4.59114],[-74.1226,4.59119],[-74.12262,4.59147],[-74.12261,4.59151],[-74.1226,4.59154],[-74.12258,4.59155],[-74.12254,4.59158]]}},{"type":"Feature","properties":{"id":"41467591","nom":"Calle 37 Sur","tipo":"residential"},"geometry":{"type":"LineString","coordinates":[[-74.12535,4.59841],[-74.12505,4.59813],[-74.12501,4.59809]]}},{"type":"Feature","properties":{"id":"41468108","nom":"Diagonal 51B Sur","tipo":"residential"},"geometry":{"type":"LineString","coordinates":[[-74.14952,4.58752],[-74.14912,4.58761],[-74.14869,4.58771]]}},{"type":"Feature","properties":{"id":"41468115","nom":"Diagonal 52A Sur","tipo":"residential"},"geometry":{"type":"LineString","coordinates":[[-74.14922,4.58611],[-74.1488,4.5862],[-74.14834,4.58629]]}},{"type":"Feature","properties":{"id":"41468122","nom":"Carrera 61","tipo":"residential"},"geometry":{"type":"LineString","coordinates":[[-74.14772,4.5889],[-74.14752,4.58842],[-74.14734,4.58798]]}},{"type":"Feature","properties":{"id":"41468125","nom":"Carrera 60F","tipo":"residential"},"geometry":{"type":"LineString","coordinates":[[-74.14726,4.58965],[-74.14707,4.58918],[-74.14693,4.58882]]}},{"type":"Feature","properties":{"id":"41841131","nom":"Calle 39I Sur","tipo":"residential"},"geometry":{"type":"LineString","coordinates":[[-74.13849,4.59858],[-74.13755,4.59801]]}},{"type":"Feature","properties":{"id":"41924069","nom":"Carrera 18B","tipo":"residential"},"geometry":{"type":"LineString","coordinates":[[-74.12656,4.56953],[-74.12659,4.56949],[-74.12694,4.56894]]}},{"type":"Feature","properties":{"id":"41924120","nom":"Carrera 19A","tipo":"residential"},"geometry":{"type":"LineString","coordinates":[[-74.12919,4.56946],[-74.12849,4.5698],[-74.12843,4.56985]]}},{"type":"Feature","properties":{"id":"41924122","nom":"Carrera 19B","tipo":"residential"},"geometry":{"type":"LineString","coordinates":[[-74.1291,4.57007],[-74.12956,4.56988]]}},{"type":"Feature","properties":{"id":"41925668","nom":"Calle 48C Sur","tipo":"tertiary"},"geometry":{"type":"LineString","coordinates":[[-74.12922,4.57171],[-74.1292,4.57163],[-74.1291,4.57126],[-74.12906,4.57112],[-74.12902,4.57095]]}},{"type":"Feature","properties":{"id":"41999761","nom":"Carrera 60B","tipo":"residential"},"geometry":{"type":"LineString","coordinates":[[-74.14688,4.59192],[-74.14672,4.59164],[-74.14658,4.5914],[-74.14638,4.59106],[-74.14617,4.59071],[-74.14614,4.59065]]}},{"type":"Feature","properties":{"id":"41999886","nom":"Carrera 62A","tipo":"residential"},"geometry":{"type":"LineString","coordinates":[[-74.15066,4.59638],[-74.15075,4.59568],[-74.15077,4.59559]]}},{"type":"Feature","properties":{"id":"42274302","nom":"Transversal 60","tipo":"trunk"},"geometry":{"type":"LineString","coordinates":[[-74.14516,4.59095],[-74.14516,4.59105],[-74.14516,4.59123],[-74.14516,4.59144],[-74.14516,4.5918],[-74.14516,4.59193],[-74.1452,4.5926],[-74.14525,4.59347]]}},{"type":"Feature","properties":{"id":"43305084","nom":"Transversal 34A","tipo":"residential"},"geometry":{"type":"LineString","coordinates":[[-74.1269,4.58796],[-74.1266,4.58835],[-74.12637,4.58864],[-74.12636,4.58866],[-74.12575,4.58943],[-74.12547,4.5898],[-74.12525,4.59006],[-74.12515,4.5902],[-74.12513,4.59022],[-74.1251,4.59027]]}},{"type":"Feature","properties":{"id":"43308682","nom":"Calle 37 Bis Sur","tipo":"residential"},"geometry":{"type":"LineString","coordinates":[[-74.12089,4.58975],[-74.1209,4.5897],[-74.12092,4.58965],[-74.12095,4.5896],[-74.121,4.58956],[-74.1211,4.58951]]}},{"type":"Feature","properties":{"id":"43308683","nom":"Calle 38 Bis Sur","tipo":"residential"},"geometry":{"type":"LineString","coordinates":[[-74.122,4.59115],[-74.12199,4.59111],[-74.12191,4.5907],[-74.12182,4.59024],[-74.12175,4.58987]]}},{"type":"Feature","properties":{"id":"45903634","nom":"Carrera 23D","tipo":"residential"},"geometry":{"type":"LineString","coordinates":[[-74.12182,4.58001],[-74.12101,4.58029]]}},{"type":"Feature","properties":{"id":"54160873","nom":"Calle 38 Sur","tipo":"residential"},"geometry":{"type":"LineString","coordinates":[[-74.12758,4.59873],[-74.12769,4.59882],[-74.12785,4.59895],[-74.1279,4.59899],[-74.1282,4.59923],[-74.12824,4.59927],[-74.12842,4.59943]]}},{"type":"Feature","properties":{"id":"54165372","nom":"Carrera 50A Bis","tipo":"residential"},"geometry":{"type":"LineString","coordinates":[[-74.12923,4.59442],[-74.12956,4.59401],[-74.12969,4.59385],[-74.12976,4.59377]]}},{"type":"Feature","properties":{"id":"54166448","nom":"Transversal 39","tipo":"residential"},"geometry":{"type":"LineString","coordinates":[[-74.12589,4.59449],[-74.12535,4.59437],[-74.12532,4.59435],[-74.12531,4.59433]]}},{"type":"Feature","properties":{"id":"54166450","nom":"Diagonal 39 Sur","tipo":"residential"},"geometry":{"type":"LineString","coordinates":[[-74.12531,4.59433],[-74.1253,4.59428],[-74.12532,4.59418],[-74.12535,4.59408],[-74.12538,4.59395],[-74.1254,4.59389],[-74.12541,4.59384]]}},{"type":"Feature","properties":{"id":"57742837","nom":"Carrera 17 Bis A","tipo":"residential"},"geometry":{"type":"LineString","coordinates":[[-74.13492,4.56073],[-74.13522,4.56009]]}},{"type":"Feature","properties":{"id":"57743402","nom":"Calle 59A Sur","tipo":"residential"},"geometry":{"type":"LineString","coordinates":[[-74.14144,4.56452],[-74.14125,4.56438],[-74.14102,4.5642],[-74.14079,4.56402],[-74.14055,4.56384],[-74.14034,4.56368],[-74.14012,4.5635]]}},{"type":"Feature","properties":{"id":"57743403","nom":"Carrera 19H","tipo":"residential"},"geometry":{"type":"LineString","coordinates":[[-74.14208,4.56331],[-74.14159,4.56394],[-74.14141,4.56417],[-74.14125,4.56438],[-74.14119,4.56447],[-74.14106,4.5646],[-74.14078,4.56474]]}},{"type":"Feature","properties":{"id":"57743406","nom":"Calle 62A Sur","tipo":"residential"},"geometry":{"type":"LineString","coordinates":[[-74.14542,4.56752],[-74.1454,4.56747],[-74.14539,4.56742],[-74.14525,4.56695]]}},{"type":"Feature","properties":{"id":"57743408","nom":"Calle 60D Sur","tipo":"residential"},"geometry":{"type":"LineString","coordinates":[[-74.13842,4.56092],[-74.13879,4.56098],[-74.13884,4.56101]]}},{"type":"Feature","properties":{"id":"57743409","nom":"Calle 60B Bis Sur","tipo":"residential"},"geometry":{"type":"LineString","coordinates":[[-74.13798,4.56136],[-74.13875,4.56151],[-74.13881,4.56152]]}},{"type":"Feature","properties":{"id":"57743411","nom":"Calle 60A Sur","tipo":"residential"},"geometry":{"type":"LineString","coordinates":[[-74.13773,4.5619],[-74.13866,4.56208],[-74.13872,4.56209]]}},{"type":"Feature","properties":{"id":"57743413","nom":"Calle 60B Bis Sur","tipo":"residential"},"geometry":{"type":"LineString","coordinates":[[-74.13785,4.56143],[-74.13671,4.56052],[-74.13622,4.56014]]}},{"type":"Feature","properties":{"id":"57743414","nom":"Calle 60B Sur","tipo":"residential"},"geometry":{"type":"LineString","coordinates":[[-74.13606,4.56033],[-74.13653,4.56075],[-74.13758,4.56159]]}},{"type":"Feature","properties":{"id":"57743418","nom":"Calle 60D Sur","tipo":"residential"},"geometry":{"type":"LineString","coordinates":[[-74.13827,4.56106],[-74.13769,4.5606],[-74.13707,4.56009],[-74.1366,4.55972]]}},{"type":"Feature","properties":{"id":"57743419","nom":"Calle 60C Sur","tipo":"residential"},"geometry":{"type":"LineString","coordinates":[[-74.13811,4.56126],[-74.13689,4.56031],[-74.13642,4.55993]]}},{"type":"Feature","properties":{"id":"65564217","nom":"Carrera 48G","tipo":"tertiary"},"geometry":{"type":"LineString","coordinates":[[-74.15453,4.57857],[-74.15415,4.57869],[-74.15392,4.57877],[-74.15362,4.57887],[-74.15353,4.5789],[-74.15335,4.57896],[-74.15327,4.57899],[-74.1531,4.57904],[-74.15302,4.57907],[-74.15282,4.57914],[-74.15273,4.57917],[-74.15255,4.57923],[-74.15229,4.57931],[-74.152,4.57941],[-74.15175,4.57949],[-74.15144,4.5796]]}},{"type":"Feature","properties":{"id":"66405394","nom":"Carrera 34A","tipo":"residential"},"geometry":{"type":"LineString","coordinates":[[-74.12085,4.59127],[-74.12038,4.59135],[-74.11996,4.59143]]}},{"type":"Feature","properties":{"id":"66467160","nom":"Carrera 34B","tipo":"residential"},"geometry":{"type":"LineString","coordinates":[[-74.12254,4.59158],[-74.12153,4.59177],[-74.12126,4.59182],[-74.12079,4.59188]]}},{"type":"Feature","properties":{"id":"67563107","nom":"Carrera 29","tipo":"residential"},"geometry":{"type":"LineString","coordinates":[[-74.14167,4.57911],[-74.14162,4.57913],[-74.1412,4.57929],[-74.14077,4.57946],[-74.14034,4.57962],[-74.1401,4.57972],[-74.13993,4.57979],[-74.13948,4.57996],[-74.13925,4.58005],[-74.13905,4.58013],[-74.13862,4.58029],[-74.1384,4.58038],[-74.1382,4.58046],[-74.13776,4.58062],[-74.13735,4.58079],[-74.13731,4.58081],[-74.13724,4.58084],[-74.13716,4.58089],[-74.13704,4.58099],[-74.13669,4.58128],[-74.13634,4.58157],[-74.13598,4.58187],[-74.13562,4.58216],[-74.13527,4.58246],[-74.135,4.58269],[-74.13497,4.58271],[-74.13486,4.5828],[-74.13482,4.58283],[-74.13469,4.58293],[-74.13455,4.58303],[-74.13446,4.58308],[-74.13431,4.58315],[-74.13416,4.58321],[-74.13402,4.58325],[-74.13357,4.58336],[-74.1333,4.58342],[-74.13313,4.58347],[-74.13269,4.58358],[-74.13223,4.5837],[-74.13178,4.58381],[-74.13134,4.58392],[-74.13088,4.58402],[-74.13043,4.58412]]}},{"type":"Feature","properties":{"id":"67566217","nom":"Diagonal 52A Sur","tipo":"residential"},"geometry":{"type":"LineString","coordinates":[[-74.14008,4.5899],[-74.14042,4.58972],[-74.14116,4.58934]]}},{"type":"Feature","properties":{"id":"67566816","nom":"Diagonal 50A Sur","tipo":"residential"},"geometry":{"type":"LineString","coordinates":[[-74.13996,4.59041],[-74.14101,4.59062],[-74.14195,4.59082],[-74.14198,4.59083]]}},{"type":"Feature","properties":{"id":"74515670","nom":"Avenida Calle 45A Sur","tipo":"trunk"},"geometry":{"type":"LineString","coordinates":[[-74.15251,4.59572],[-74.15227,4.59563]]}},{"type":"Feature","properties":{"id":"74515676","nom":"Avenida Calle 45A Sur","tipo":"trunk"},"geometry":{"type":"LineString","coordinates":[[-74.15221,4.59579],[-74.15247,4.59589]]}},{"type":"Feature","properties":{"id":"74517717","nom":"Diagonal 46 Sur","tipo":"residential"},"geometry":{"type":"LineString","coordinates":[[-74.14174,4.59488],[-74.1422,4.59494],[-74.14231,4.59494],[-74.14243,4.59493],[-74.14255,4.59492],[-74.14266,4.59491]]}},{"type":"Feature","properties":{"id":"74518751","nom":"Carrera 51D","tipo":"residential"},"geometry":{"type":"LineString","coordinates":[[-74.1331,4.59463],[-74.13321,4.5943],[-74.13323,4.59423]]}},{"type":"Feature","properties":{"id":"74518756","nom":"Carrera 51D Bis","tipo":"residential"},"geometry":{"type":"LineString","coordinates":[[-74.13263,4.59411],[-74.1326,4.59419],[-74.13252,4.59439]]}},{"type":"Feature","properties":{"id":"75892401","nom":"Diagonal 52B Sur","tipo":"residential"},"geometry":{"type":"LineString","coordinates":[[-74.14822,4.58559],[-74.14865,4.5855],[-74.14906,4.58541]]}},{"type":"Feature","properties":{"id":"75892404","nom":"Diagonal 52B Sur","tipo":"residential"},"geometry":{"type":"LineString","coordinates":[[-74.14921,4.58538],[-74.14968,4.58528]]}},{"type":"Feature","properties":{"id":"75892412","nom":"Carrera 61","tipo":"residential"},"geometry":{"type":"LineString","coordinates":[[-74.14688,4.58695],[-74.14692,4.58689],[-74.14692,4.58684],[-74.14677,4.58645],[-74.1466,4.58603],[-74.14658,4.58598],[-74.14656,4.58596],[-74.14653,4.58595]]}},{"type":"Feature","properties":{"id":"75965479","nom":"","tipo":"trunk_link"},"geometry":{"type":"LineString","coordinates":[[-74.14304,4.57959],[-74.14277,4.57976],[-74.14261,4.57986],[-74.14257,4.57987],[-74.14253,4.57987],[-74.1425,4.57987],[-74.14246,4.57986],[-74.14242,4.57983],[-74.14232,4.57978]]}},{"type":"Feature","properties":{"id":"75965480","nom":"","tipo":"trunk_link"},"geometry":{"type":"LineString","coordinates":[[-74.14188,4.57935],[-74.14188,4.57965]]}},{"type":"Feature","properties":{"id":"76653448","nom":"Calle 59C Sur","tipo":"tertiary"},"geometry":{"type":"LineString","coordinates":[[-74.15534,4.58079],[-74.15533,4.58072],[-74.15527,4.58046],[-74.1552,4.5802],[-74.15518,4.5801],[-74.15511,4.57991],[-74.15488,4.57938],[-74.15477,4.57912],[-74.15466,4.57884],[-74.15453,4.57857]]}},{"type":"Feature","properties":{"id":"77708254","nom":"","tipo":"trunk_link"},"geometry":{"type":"LineString","coordinates":[[-74.14534,4.58886],[-74.14521,4.58877]]}},{"type":"Feature","properties":{"id":"77708259","nom":"","tipo":"trunk_link"},"geometry":{"type":"LineString","coordinates":[[-74.14443,4.58723],[-74.14444,4.58752]]}},{"type":"Feature","properties":{"id":"77708263","nom":"Carrera 60 Bis","tipo":"residential"},"geometry":{"type":"LineString","coordinates":[[-74.14638,4.59232],[-74.1462,4.59205],[-74.14607,4.59183]]}},{"type":"Feature","properties":{"id":"77708935","nom":"","tipo":"trunk_link"},"geometry":{"type":"LineString","coordinates":[[-74.14479,4.58841],[-74.14496,4.58856]]}},{"type":"Feature","properties":{"id":"78286043","nom":"Avenida Calle 61 Sur","tipo":"primary"},"geometry":{"type":"LineString","coordinates":[[-74.14076,4.56693],[-74.14044,4.56699]]}},{"type":"Feature","properties":{"id":"78286048","nom":"Transversal 20D","tipo":"residential"},"geometry":{"type":"LineString","coordinates":[[-74.14282,4.56681],[-74.14281,4.56683],[-74.14281,4.56686],[-74.14282,4.56689],[-74.14283,4.56691],[-74.14308,4.56745],[-74.1432,4.56771],[-74.14321,4.56775],[-74.14321,4.56779],[-74.14319,4.56786]]}},{"type":"Feature","properties":{"id":"78286049","nom":"Calle 64 Sur","tipo":"tertiary"},"geometry":{"type":"LineString","coordinates":[[-74.14836,4.56807],[-74.1485,4.56816]]}},{"type":"Feature","properties":{"id":"78286051","nom":"Avenida Calle 61 Sur","tipo":"primary"},"geometry":{"type":"LineString","coordinates":[[-74.14046,4.56711],[-74.14077,4.56705]]}},{"type":"Feature","properties":{"id":"78286054","nom":"Calle 60 Sur","tipo":"residential"},"geometry":{"type":"LineString","coordinates":[[-74.14319,4.56786],[-74.14283,4.56803],[-74.14258,4.56814]]}},{"type":"Feature","properties":{"id":"78286213","nom":"Transversal 37","tipo":"residential"},"geometry":{"type":"LineString","coordinates":[[-74.15002,4.57194],[-74.15009,4.57216],[-74.15016,4.57237],[-74.15021,4.57247],[-74.15026,4.57257],[-74.15033,4.57266],[-74.15039,4.57273],[-74.15049,4.57284],[-74.15067,4.57299]]}},{"type":"Feature","properties":{"id":"78286214","nom":"Transversal 34","tipo":"residential"},"geometry":{"type":"LineString","coordinates":[[-74.14933,4.5724],[-74.1493,4.57389]]}},{"type":"Feature","properties":{"id":"78286215","nom":"Transversal 36","tipo":"residential"},"geometry":{"type":"LineString","coordinates":[[-74.14964,4.57278],[-74.14958,4.57397]]}},{"type":"Feature","properties":{"id":"78286216","nom":"Transversal 30","tipo":"residential"},"geometry":{"type":"LineString","coordinates":[[-74.14845,4.57166],[-74.14844,4.57202],[-74.14842,4.57332]]}},{"type":"Feature","properties":{"id":"78286217","nom":"Transversal 32","tipo":"residential"},"geometry":{"type":"LineString","coordinates":[[-74.14874,4.57112],[-74.14874,4.57127],[-74.14874,4.57167],[-74.14873,4.57206]]}},{"type":"Feature","properties":{"id":"78286218","nom":"Transversal 28","tipo":"residential"},"geometry":{"type":"LineString","coordinates":[[-74.14787,4.5704],[-74.14791,4.57032],[-74.14794,4.57027],[-74.14797,4.57025],[-74.14801,4.57022],[-74.14802,4.57022],[-74.14807,4.57019]]}},{"type":"Feature","properties":{"id":"78286221","nom":"Transversal 37","tipo":"residential"},"geometry":{"type":"LineString","coordinates":[[-74.14991,4.57395],[-74.14991,4.57318]]}},{"type":"Feature","properties":{"id":"78561679","nom":"Calle 58 Sur","tipo":"residential"},"geometry":{"type":"LineString","coordinates":[[-74.12989,4.56036],[-74.13018,4.56065]]}},{"type":"Feature","properties":{"id":"79085807","nom":"Diagonal 52 Sur","tipo":"residential"},"geometry":{"type":"LineString","coordinates":[[-74.14938,4.58682],[-74.14897,4.58691],[-74.14854,4.587]]}},{"type":"Feature","properties":{"id":"80396710","nom":"Avenida Carrera 72","tipo":"trunk"},"geometry":{"type":"LineString","coordinates":[[-74.14542,4.59617],[-74.14541,4.59457]]}},{"type":"Feature","properties":{"id":"80396811","nom":"Calle 44D Sur","tipo":"residential"},"geometry":{"type":"LineString","coordinates":[[-74.14658,4.59944],[-74.14606,4.59815],[-74.14571,4.5973]]}},{"type":"Feature","properties":{"id":"85629701","nom":"Diagonal 58 Sur","tipo":"residential"},"geometry":{"type":"LineString","coordinates":[[-74.14348,4.57784],[-74.14345,4.57799],[-74.14336,4.57855],[-74.14329,4.5789],[-74.14324,4.5792],[-74.1432,4.57938],[-74.14319,4.57943]]}},{"type":"Feature","properties":{"id":"89632113","nom":"Calle 41 Sur","tipo":"residential"},"geometry":{"type":"LineString","coordinates":[[-74.12239,4.57982],[-74.12219,4.57925]]}},{"type":"Feature","properties":{"id":"89682852","nom":"Carrera 20A","tipo":"residential"},"geometry":{"type":"LineString","coordinates":[[-74.12157,4.57666],[-74.12058,4.57699],[-74.11997,4.5772],[-74.11939,4.57739],[-74.11937,4.5774],[-74.11892,4.57755],[-74.11832,4.57775]]}},{"type":"Feature","properties":{"id":"89682867","nom":"Carrera 22A","tipo":"residential"},"geometry":{"type":"LineString","coordinates":[[-74.12222,4.57791],[-74.12132,4.57821],[-74.12096,4.57834],[-74.12041,4.57853],[-74.11985,4.57872],[-74.11949,4.57884],[-74.11871,4.57911]]}},{"type":"Feature","properties":{"id":"89682883","nom":"Calle 41 Sur","tipo":"residential"},"geometry":{"type":"LineString","coordinates":[[-74.12277,4.58146],[-74.12299,4.58201],[-74.12316,4.58242],[-74.12333,4.58284],[-74.1235,4.58326]]}},{"type":"Feature","properties":{"id":"89682908","nom":"Carrera 26A","tipo":"residential"},"geometry":{"type":"LineString","coordinates":[[-74.1221,4.58397],[-74.12297,4.58368],[-74.12359,4.58347],[-74.12408,4.58331],[-74.12413,4.58329],[-74.12421,4.58327],[-74.12446,4.58318],[-74.12528,4.58291],[-74.12623,4.58259]]}},{"type":"Feature","properties":{"id":"89682937","nom":"Carrera 27","tipo":"tertiary"},"geometry":{"type":"LineString","coordinates":[[-74.12139,4.58462],[-74.12144,4.58462],[-74.12152,4.58461],[-74.12159,4.58462],[-74.12185,4.5846],[-74.12196,4.58459],[-74.12204,4.58457],[-74.12213,4.58455],[-74.12235,4.58449]]}},{"type":"Feature","properties":{"id":"89682942","nom":"Carrera 21","tipo":"residential"},"geometry":{"type":"LineString","coordinates":[[-74.12012,4.57766],[-74.11955,4.57785],[-74.11952,4.57786],[-74.11909,4.57801],[-74.11858,4.57818],[-74.11846,4.57822],[-74.11803,4.57837],[-74.11798,4.57839]]}},{"type":"Feature","properties":{"id":"89682961","nom":"Calle 41B Sur","tipo":"residential"},"geometry":{"type":"LineString","coordinates":[[-74.12305,4.57959],[-74.12243,4.57831],[-74.12234,4.57812],[-74.12222,4.57791]]}},{"type":"Feature","properties":{"id":"89682978","nom":"Carrera 24B","tipo":"residential"},"geometry":{"type":"LineString","coordinates":[[-74.12401,4.58109],[-74.12383,4.58115],[-74.12315,4.58135],[-74.12277,4.58146],[-74.12207,4.58166],[-74.12152,4.58183],[-74.121,4.58199],[-74.12056,4.58212],[-74.11992,4.58231],[-74.11975,4.58237],[-74.11967,4.58242],[-74.1196,4.58248],[-74.11947,4.58261],[-74.11944,4.58265]]}},{"type":"Feature","properties":{"id":"89682983","nom":"Diagonal 40 Sur","tipo":"residential"},"geometry":{"type":"LineString","coordinates":[[-74.12366,4.584],[-74.12297,4.58368],[-74.122,4.58323]]}},{"type":"Feature","properties":{"id":"89682987","nom":"Calle 41A Sur","tipo":"residential"},"geometry":{"type":"LineString","coordinates":[[-74.12315,4.58135],[-74.12296,4.58076],[-74.12286,4.58051]]}},{"type":"Feature","properties":{"id":"89683312","nom":"","tipo":"tertiary"},"geometry":{"type":"LineString","coordinates":[[-74.12402,4.58419],[-74.12404,4.58416],[-74.12405,4.58412],[-74.12405,4.58408],[-74.12405,4.58404]]}},{"type":"Feature","properties":{"id":"89683420","nom":"Carrera 25A","tipo":"residential"},"geometry":{"type":"LineString","coordinates":[[-74.12092,4.5826],[-74.12067,4.58267],[-74.12056,4.58271],[-74.12046,4.58275],[-74.12027,4.58285],[-74.12024,4.58287],[-74.12013,4.58294],[-74.12009,4.58297],[-74.12004,4.583],[-74.11998,4.58304],[-74.11995,4.58306],[-74.1199,4.58309]]}},{"type":"Feature","properties":{"id":"89685059","nom":"Calle 35C Sur","tipo":"residential"},"geometry":{"type":"LineString","coordinates":[[-74.121,4.58707],[-74.12094,4.58628],[-74.12086,4.58549],[-74.12077,4.58469],[-74.12073,4.58429],[-74.12073,4.58423]]}},{"type":"Feature","properties":{"id":"89685066","nom":"Transversal 25","tipo":"residential"},"geometry":{"type":"LineString","coordinates":[[-74.12672,4.58424],[-74.12641,4.58512]]}},{"type":"Feature","properties":{"id":"89685087","nom":"Calle 35C Sur","tipo":"residential"},"geometry":{"type":"LineString","coordinates":[[-74.12127,4.58935],[-74.12126,4.58933],[-74.12119,4.58871],[-74.12112,4.58809],[-74.12112,4.58805]]}},{"type":"Feature","properties":{"id":"89685089","nom":"Avenida Calle 35D Sur","tipo":"secondary"},"geometry":{"type":"LineString","coordinates":[[-74.12293,4.58892],[-74.12269,4.58889],[-74.12256,4.58886],[-74.12247,4.58883],[-74.12239,4.58878],[-74.12237,4.58877],[-74.12231,4.58871],[-74.12226,4.58865],[-74.12199,4.5883],[-74.12194,4.58824],[-74.12187,4.58817],[-74.1218,4.58812],[-74.12172,4.58808],[-74.1216,4.58804]]}},{"type":"Feature","properties":{"id":"89685092","nom":"Diagonal 42B Sur","tipo":"residential"},"geometry":{"type":"LineString","coordinates":[[-74.12516,4.57927],[-74.12431,4.57891],[-74.1239,4.57873],[-74.12309,4.57839]]}},{"type":"Feature","properties":{"id":"89685098","nom":"Calle 35B Sur","tipo":"residential"},"geometry":{"type":"LineString","coordinates":[[-74.12029,4.58796],[-74.12028,4.58786],[-74.12024,4.58749],[-74.1202,4.58716],[-74.12011,4.58637],[-74.12006,4.58595],[-74.12002,4.58558],[-74.11997,4.58511],[-74.11993,4.58477],[-74.11984,4.58401],[-74.11981,4.58371],[-74.11977,4.58331],[-74.11976,4.58326]]}},{"type":"Feature","properties":{"id":"89685103","nom":"Transversal 34","tipo":"residential"},"geometry":{"type":"LineString","coordinates":[[-74.12418,4.58963],[-74.12423,4.58956],[-74.12425,4.58954],[-74.12444,4.58928],[-74.12458,4.58909],[-74.1246,4.58907],[-74.12462,4.58903],[-74.12465,4.589],[-74.12486,4.58872],[-74.12508,4.58841]]}},{"type":"Feature","properties":{"id":"89685105","nom":"Diagonal 39H Sur","tipo":"residential"},"geometry":{"type":"LineString","coordinates":[[-74.12776,4.58792],[-74.12778,4.58794],[-74.1278,4.58795],[-74.12812,4.5882],[-74.12813,4.58822],[-74.12822,4.58829],[-74.12826,4.58831],[-74.12829,4.58832],[-74.12832,4.58832],[-74.12834,4.58832]]}},{"type":"Feature","properties":{"id":"89685114","nom":"Carrera 26C","tipo":"residential"},"geometry":{"type":"LineString","coordinates":[[-74.1184,4.58576],[-74.11921,4.58567],[-74.12002,4.58558],[-74.12086,4.58549],[-74.12159,4.58541],[-74.12161,4.58541]]}},{"type":"Feature","properties":{"id":"89685120","nom":"Diagonal 41A Sur","tipo":"residential"},"geometry":{"type":"LineString","coordinates":[[-74.12667,4.58768],[-74.12671,4.58772],[-74.12687,4.58793],[-74.12688,4.58794],[-74.1269,4.58796]]}},{"type":"Feature","properties":{"id":"89685135","nom":"Transversal 26B Bis","tipo":"residential"},"geometry":{"type":"LineString","coordinates":[[-74.12679,4.58259],[-74.12678,4.58261],[-74.12662,4.5829],[-74.12652,4.58307]]}},{"type":"Feature","properties":{"id":"89685144","nom":"Carrera 31","tipo":"residential"},"geometry":{"type":"LineString","coordinates":[[-74.12271,4.58728],[-74.1228,4.58725],[-74.12292,4.58722],[-74.12317,4.58714],[-74.12353,4.58702],[-74.12484,4.58659],[-74.12528,4.58645],[-74.12601,4.58622],[-74.12667,4.586],[-74.12696,4.58591],[-74.12737,4.58578]]}},{"type":"Feature","properties":{"id":"89685154","nom":"Carrera 32","tipo":"residential"},"geometry":{"type":"LineString","coordinates":[[-74.127,4.58675],[-74.12826,4.58626],[-74.12832,4.58624]]}},{"type":"Feature","properties":{"id":"89685160","nom":"Calle 42 Sur","tipo":"residential"},"geometry":{"type":"LineString","coordinates":[[-74.12644,4.58548],[-74.12661,4.58586],[-74.12667,4.586],[-74.12683,4.58636],[-74.127,4.58675]]}},{"type":"Feature","properties":{"id":"89685165","nom":"Carrera 26D","tipo":"residential"},"geometry":{"type":"LineString","coordinates":[[-74.12172,4.5862],[-74.1217,4.58621],[-74.12094,4.58628],[-74.12011,4.58637],[-74.11928,4.58645],[-74.1185,4.58654],[-74.11774,4.58673]]}},{"type":"Feature","properties":{"id":"89685174","nom":"Avenida Carrera 50","tipo":"secondary"},"geometry":{"type":"LineString","coordinates":[[-74.1284,4.58718],[-74.12839,4.58734],[-74.12836,4.58814],[-74.12835,4.58816],[-74.12834,4.58832],[-74.12834,4.58837],[-74.12826,4.58992],[-74.12825,4.5901],[-74.12823,4.59029],[-74.12822,4.59036],[-74.12821,4.59044],[-74.12817,4.59057],[-74.12812,4.5907],[-74.12808,4.5908],[-74.12804,4.59086],[-74.12802,4.59089],[-74.12735,4.59172],[-74.12731,4.59177],[-74.12727,4.59181],[-74.12724,4.59185],[-74.1272,4.59187]]}},{"type":"Feature","properties":{"id":"89685181","nom":"Carrera 26F","tipo":"residential"},"geometry":{"type":"LineString","coordinates":[[-74.1202,4.58716],[-74.121,4.58707],[-74.12189,4.58698],[-74.12193,4.58698]]}},{"type":"Feature","properties":{"id":"89685183","nom":"Diagonal 40 Sur","tipo":"tertiary"},"geometry":{"type":"LineString","coordinates":[[-74.12312,4.58614],[-74.12321,4.58588],[-74.12329,4.58567],[-74.12347,4.58518],[-74.12377,4.58434],[-74.12379,4.58428]]}},{"type":"Feature","properties":{"id":"89685211","nom":"Carrera 27","tipo":"tertiary"},"geometry":{"type":"LineString","coordinates":[[-74.12437,4.58396],[-74.12495,4.5838],[-74.12499,4.58379],[-74.12549,4.58366],[-74.12557,4.58364],[-74.12561,4.58363]]}},{"type":"Feature","properties":{"id":"89685215","nom":"Avenida Carrera 33","tipo":"secondary"},"geometry":{"type":"LineString","coordinates":[[-74.12542,4.58803],[-74.1245,4.58838],[-74.1237,4.58869],[-74.12342,4.58879],[-74.12335,4.58881],[-74.12327,4.58883],[-74.12319,4.58883]]}},{"type":"Feature","properties":{"id":"89685224","nom":"Avenida Carrera 24","tipo":"secondary"},"geometry":{"type":"LineString","coordinates":[[-74.12118,4.58081],[-74.12125,4.58079],[-74.12172,4.58063],[-74.12329,4.58008],[-74.12377,4.57991],[-74.12385,4.57988]]}},{"type":"Feature","properties":{"id":"89685265","nom":"Carrera 28A","tipo":"residential"},"geometry":{"type":"LineString","coordinates":[[-74.1257,4.58496],[-74.12436,4.58535]]}},{"type":"Feature","properties":{"id":"89685278","nom":"Transversal 34D","tipo":"residential"},"geometry":{"type":"LineString","coordinates":[[-74.12763,4.58962],[-74.12761,4.58964],[-74.1276,4.58966],[-74.12737,4.58993],[-74.12719,4.59015],[-74.12715,4.5902],[-74.12713,4.59023],[-74.12712,4.59024],[-74.12696,4.59044],[-74.12683,4.59059],[-74.12682,4.5906],[-74.12679,4.59064]]}},{"type":"Feature","properties":{"id":"89685293","nom":"Transversal 34 Bis","tipo":"residential"},"geometry":{"type":"LineString","coordinates":[[-74.12644,4.58803],[-74.12615,4.58842],[-74.12593,4.5887],[-74.12574,4.58895],[-74.12555,4.58921],[-74.12552,4.58924],[-74.12507,4.58983],[-74.12502,4.58989]]}},{"type":"Feature","properties":{"id":"89685303","nom":"Carrera 24C","tipo":"residential"},"geometry":{"type":"LineString","coordinates":[[-74.12443,4.58104],[-74.12494,4.58089],[-74.12498,4.58088],[-74.12505,4.58086],[-74.12593,4.5806],[-74.12595,4.58059],[-74.12601,4.58058]]}},{"type":"Feature","properties":{"id":"89685307","nom":"Diagonal 42C Sur","tipo":"tertiary"},"geometry":{"type":"LineString","coordinates":[[-74.12477,4.5815],[-74.1248,4.5814],[-74.12498,4.58088],[-74.12514,4.58041],[-74.12517,4.58035]]}},{"type":"Feature","properties":{"id":"89685321","nom":"Avenida Carrera 24","tipo":"secondary"},"geometry":{"type":"LineString","coordinates":[[-74.12922,4.57774],[-74.12911,4.57787],[-74.12902,4.57797],[-74.12896,4.57804],[-74.12889,4.57811],[-74.12883,4.57817],[-74.12873,4.57824],[-74.12868,4.57828],[-74.12862,4.57831],[-74.12851,4.57839],[-74.12842,4.57844],[-74.12833,4.57848],[-74.12826,4.57851],[-74.12794,4.5786],[-74.12779,4.57865],[-74.12752,4.57873]]}},{"type":"Feature","properties":{"id":"89685344","nom":"Calle 41 Sur","tipo":"residential"},"geometry":{"type":"LineString","coordinates":[[-74.12419,4.58498],[-74.12393,4.58434],[-74.12391,4.58428]]}},{"type":"Feature","properties":{"id":"89685351","nom":"Transversal 39A","tipo":"residential"},"geometry":{"type":"LineString","coordinates":[[-74.12543,4.59031],[-74.12548,4.59025],[-74.12578,4.58987],[-74.1258,4.58984],[-74.12594,4.58967],[-74.12602,4.58956],[-74.12627,4.58924],[-74.12657,4.58886],[-74.12659,4.58884],[-74.12661,4.58882]]}},{"type":"Feature","properties":{"id":"89685352","nom":"Carrera 27","tipo":"tertiary"},"geometry":{"type":"LineString","coordinates":[[-74.12114,4.58465],[-74.1212,4.58464]]}},{"type":"Feature","properties":{"id":"89690970","nom":"Diagonal 45A Sur","tipo":"residential"},"geometry":{"type":"LineString","coordinates":[[-74.12204,4.57105],[-74.12136,4.57139],[-74.12098,4.57158]]}},{"type":"Feature","properties":{"id":"89690971","nom":"Avenida Carrera 33","tipo":"secondary"},"geometry":{"type":"LineString","coordinates":[[-74.13605,4.58495],[-74.13595,4.58497],[-74.13589,4.58498],[-74.13588,4.58498],[-74.13543,4.58506],[-74.13498,4.58514],[-74.13451,4.58522],[-74.13414,4.58528],[-74.13408,4.58529],[-74.13404,4.5853]]}},{"type":"Feature","properties":{"id":"89690991","nom":"Diagonal 45 Bis B Sur","tipo":"tertiary"},"geometry":{"type":"LineString","coordinates":[[-74.12194,4.57141],[-74.12169,4.57146],[-74.12098,4.57158],[-74.12085,4.5716],[-74.12017,4.57172],[-74.11984,4.57178],[-74.11946,4.57184],[-74.11934,4.57186],[-74.11933,4.57186],[-74.1193,4.57186],[-74.11927,4.57186]]}},{"type":"Feature","properties":{"id":"89691023","nom":"Carrera 23B","tipo":"residential"},"geometry":{"type":"LineString","coordinates":[[-74.12734,4.57806],[-74.12727,4.57808],[-74.12582,4.57848],[-74.1257,4.57851],[-74.12524,4.57864],[-74.12521,4.57865]]}},{"type":"Feature","properties":{"id":"89691030","nom":"Transversal 23B","tipo":"tertiary"},"geometry":{"type":"LineString","coordinates":[[-74.12549,4.57942],[-74.12551,4.57937]]}},{"type":"Feature","properties":{"id":"89691043","nom":"Diagonal 45A Sur","tipo":"residential"},"geometry":{"type":"LineString","coordinates":[[-74.12839,4.5862],[-74.12843,4.58607],[-74.12866,4.58536],[-74.1289,4.5846]]}},{"type":"Feature","properties":{"id":"89691050","nom":"Carrera 22A","tipo":"residential"},"geometry":{"type":"LineString","coordinates":[[-74.12446,4.57706],[-74.12444,4.57707],[-74.1244,4.57709],[-74.12423,4.57719],[-74.12408,4.57725],[-74.12395,4.5773],[-74.12359,4.57741],[-74.12332,4.57748],[-74.12319,4.57751],[-74.12304,4.57755],[-74.12281,4.57762],[-74.12271,4.57765],[-74.12261,4.57769],[-74.12257,4.5777],[-74.12253,4.57772],[-74.12247,4.57776],[-74.12233,4.57785],[-74.12226,4.57789],[-74.12222,4.57791]]}},{"type":"Feature","properties":{"id":"89691091","nom":"Transversal 24C","tipo":"residential"},"geometry":{"type":"LineString","coordinates":[[-74.12686,4.58256],[-74.12679,4.58259]]}},{"type":"Feature","properties":{"id":"89691133","nom":"Diagonal 43 Sur","tipo":"residential"},"geometry":{"type":"LineString","coordinates":[[-74.12734,4.57806],[-74.12726,4.578],[-74.12663,4.57759],[-74.12622,4.57733]]}},{"type":"Feature","properties":{"id":"89691138","nom":"Avenida Carrera 14","tipo":"primary"},"geometry":{"type":"LineString","coordinates":[[-74.12372,4.57416],[-74.12378,4.57404],[-74.1238,4.574],[-74.12384,4.57389],[-74.12389,4.57375],[-74.12396,4.57353],[-74.12405,4.57328],[-74.12409,4.57313],[-74.12416,4.57292],[-74.12421,4.5728],[-74.12432,4.57245],[-74.12458,4.57172]]}},{"type":"Feature","properties":{"id":"89691157","nom":"Transversal 26A","tipo":"residential"},"geometry":{"type":"LineString","coordinates":[[-74.12769,4.5816],[-74.12832,4.58196],[-74.12889,4.58228],[-74.12945,4.58261]]}},{"type":"Feature","properties":{"id":"89691170","nom":"Calle 45 Bis B Sur","tipo":"residential"},"geometry":{"type":"LineString","coordinates":[[-74.12399,4.57273],[-74.12397,4.57268],[-74.12377,4.57231],[-74.12365,4.57208],[-74.12329,4.57155]]}},{"type":"Feature","properties":{"id":"89691186","nom":"Calle 47 Sur","tipo":"residential"},"geometry":{"type":"LineString","coordinates":[[-74.12891,4.58045],[-74.12894,4.5806],[-74.12895,4.58061],[-74.12895,4.58062],[-74.12913,4.58134],[-74.12945,4.58261],[-74.12989,4.58434],[-74.13019,4.58552]]}},{"type":"Feature","properties":{"id":"89691207","nom":"Calle 47 Sur","tipo":"tertiary"},"geometry":{"type":"LineString","coordinates":[[-74.12884,4.5801],[-74.1289,4.5804],[-74.12891,4.58045]]}},{"type":"Feature","properties":{"id":"89691211","nom":"Calle 46 Sur","tipo":"tertiary"},"geometry":{"type":"LineString","coordinates":[[-74.12734,4.57806],[-74.12723,4.57771],[-74.12692,4.57667],[-74.12676,4.57614],[-74.1267,4.57593]]}},{"type":"Feature","properties":{"id":"89691221","nom":"Calle 46 Sur","tipo":"tertiary"},"geometry":{"type":"LineString","coordinates":[[-74.12506,4.57034],[-74.12504,4.57025],[-74.12498,4.57009],[-74.12496,4.56999]]}},{"type":"Feature","properties":{"id":"89691308","nom":"Avenida Carrera 14","tipo":"primary"},"geometry":{"type":"LineString","coordinates":[[-74.11958,4.57604],[-74.1198,4.57599],[-74.12023,4.57587],[-74.12086,4.57571],[-74.12108,4.57565],[-74.12162,4.57551],[-74.12211,4.57538],[-74.12224,4.57534],[-74.12235,4.57531],[-74.12242,4.57529],[-74.12249,4.57526],[-74.12258,4.57522],[-74.12269,4.57516],[-74.12278,4.57511],[-74.12296,4.57499]]}},{"type":"Feature","properties":{"id":"89691320","nom":"Calle 43 Sur","tipo":"tertiary"},"geometry":{"type":"LineString","coordinates":[[-74.1163,4.5684],[-74.11653,4.56859],[-74.11672,4.56874],[-74.11693,4.56891],[-74.11718,4.56911],[-74.11734,4.56923],[-74.11765,4.56947],[-74.11775,4.56955],[-74.1181,4.56982],[-74.11819,4.56989],[-74.11857,4.57016],[-74.11903,4.57049],[-74.11947,4.57084],[-74.1199,4.57117],[-74.11995,4.5712],[-74.12004,4.57126],[-74.12033,4.57138]]}},{"type":"Feature","properties":{"id":"89691340","nom":"Diagonal 43 Sur","tipo":"residential"},"geometry":{"type":"LineString","coordinates":[[-74.12309,4.57839],[-74.12319,4.57751],[-74.12319,4.5775],[-74.12322,4.57723],[-74.12327,4.57664],[-74.12331,4.57611],[-74.12336,4.57578],[-74.12342,4.57506],[-74.12343,4.57498]]}},{"type":"Feature","properties":{"id":"89697146","nom":"Calle 47B Sur","tipo":"residential"},"geometry":{"type":"LineString","coordinates":[[-74.12991,4.58001],[-74.12992,4.58005],[-74.13017,4.58109],[-74.13041,4.58208],[-74.13065,4.58305],[-74.13088,4.58402],[-74.13112,4.585],[-74.1313,4.58574],[-74.13131,4.58577]]}},{"type":"Feature","properties":{"id":"89697161","nom":"Calle 47A Sur","tipo":"residential"},"geometry":{"type":"LineString","coordinates":[[-74.1302,4.58315],[-74.13043,4.58412],[-74.13068,4.58511],[-74.13085,4.58582],[-74.13086,4.58585]]}},{"type":"Feature","properties":{"id":"89697186","nom":"Calle 48C Sur","tipo":"tertiary"},"geometry":{"type":"LineString","coordinates":[[-74.13064,4.57671],[-74.13059,4.57657],[-74.13057,4.57653],[-74.13056,4.57647],[-74.13053,4.57639],[-74.13052,4.57635],[-74.13042,4.57601],[-74.13036,4.57579],[-74.13035,4.57574],[-74.13032,4.57562],[-74.13027,4.57545],[-74.13024,4.57534],[-74.13022,4.57526],[-74.13013,4.57495],[-74.13007,4.57475],[-74.13006,4.57469],[-74.12999,4.57446],[-74.12997,4.57441],[-74.12995,4.57434],[-74.12989,4.57413],[-74.12987,4.57405],[-74.1298,4.57378],[-74.12974,4.57358],[-74.12963,4.5732],[-74.1296,4.57308],[-74.1295,4.5727],[-74.12943,4.57244],[-74.12933,4.57209],[-74.12928,4.5719],[-74.12924,4.57179],[-74.12922,4.57171]]}},{"type":"Feature","properties":{"id":"89697198","nom":"Calle 48B Sur","tipo":"residential"},"geometry":{"type":"LineString","coordinates":[[-74.13128,4.57982],[-74.13129,4.57986],[-74.13151,4.58076],[-74.13175,4.58173],[-74.132,4.58272],[-74.13207,4.58303],[-74.13223,4.5837],[-74.13247,4.58467],[-74.13268,4.58549],[-74.13269,4.58553]]}},{"type":"Feature","properties":{"id":"89697199","nom":"Carrera 31","tipo":"residential"},"geometry":{"type":"LineString","coordinates":[[-74.13068,4.58511],[-74.13112,4.585],[-74.13157,4.58489],[-74.13202,4.58478]]}},{"type":"Feature","properties":{"id":"89697214","nom":"Carrera 27","tipo":"residential"},"geometry":{"type":"LineString","coordinates":[[-74.13644,4.5789],[-74.13608,4.5792],[-74.13572,4.57949],[-74.13537,4.57978],[-74.13502,4.58007],[-74.13466,4.58037],[-74.1343,4.58067],[-74.13395,4.58096],[-74.13361,4.58125],[-74.13358,4.58127],[-74.13355,4.58129],[-74.13352,4.5813],[-74.13351,4.58131],[-74.13347,4.58132],[-74.1331,4.58141],[-74.13284,4.58147],[-74.13265,4.58152]]}},{"type":"Feature","properties":{"id":"89697219","nom":"Carrera 28","tipo":"tertiary"},"geometry":{"type":"LineString","coordinates":[[-74.1302,4.58315],[-74.13065,4.58305],[-74.1311,4.58294],[-74.13155,4.58284]]}},{"type":"Feature","properties":{"id":"89697223","nom":"Calle 47A Sur","tipo":"tertiary"},"geometry":{"type":"LineString","coordinates":[[-74.13003,4.58246],[-74.1302,4.58315]]}},{"type":"Feature","properties":{"id":"89698498","nom":"Diagonal 51B Sur","tipo":"tertiary"},"geometry":{"type":"LineString","coordinates":[[-74.13005,4.56724],[-74.12984,4.56721],[-74.12916,4.56712],[-74.12832,4.56701],[-74.12757,4.56691],[-74.12717,4.56686],[-74.1268,4.56681],[-74.12669,4.5668]]}},{"type":"Feature","properties":{"id":"89698500","nom":"Calle 49 Sur","tipo":"residential"},"geometry":{"type":"LineString","coordinates":[[-74.13265,4.58152],[-74.13289,4.58249]]}},{"type":"Feature","properties":{"id":"89698504","nom":"Diagonal 48 Sur","tipo":"primary"},"geometry":{"type":"LineString","coordinates":[[-74.12926,4.57048],[-74.12916,4.57049],[-74.12909,4.5705],[-74.12895,4.5705],[-74.12881,4.5705],[-74.12866,4.57048],[-74.12849,4.57045],[-74.12834,4.57042],[-74.12825,4.57039],[-74.12824,4.57038],[-74.12815,4.57035],[-74.12795,4.57025],[-74.12781,4.57018],[-74.12682,4.56966],[-74.12656,4.56953],[-74.12634,4.56941],[-74.12627,4.56937],[-74.12616,4.56932],[-74.12601,4.56924],[-74.12593,4.56919],[-74.12588,4.56915],[-74.12583,4.56909],[-74.1258,4.56904],[-74.12579,4.569],[-74.12578,4.56897],[-74.12577,4.56892],[-74.12576,4.56883]]}},{"type":"Feature","properties":{"id":"89698515","nom":"Carrera 18B","tipo":"residential"},"geometry":{"type":"LineString","coordinates":[[-74.12813,4.56828],[-74.12986,4.56734],[-74.13005,4.56724]]}},{"type":"Feature","properties":{"id":"89698528","nom":"Calle 49B Sur","tipo":"residential"},"geometry":{"type":"LineString","coordinates":[[-74.13402,4.58325],[-74.13426,4.58422],[-74.1345,4.58518],[-74.13451,4.58522]]}},{"type":"Feature","properties":{"id":"89698563","nom":"Diagonal 47A Sur","tipo":"residential"},"geometry":{"type":"LineString","coordinates":[[-74.12737,4.57125],[-74.12732,4.5711]]}},{"type":"Feature","properties":{"id":"89698574","nom":"Transversal 19","tipo":"residential"},"geometry":{"type":"LineString","coordinates":[[-74.12658,4.57133],[-74.12683,4.57085],[-74.1272,4.57016],[-74.12723,4.5701]]}},{"type":"Feature","properties":{"id":"89698581","nom":"Calle 51 Sur","tipo":"residential"},"geometry":{"type":"LineString","coordinates":[[-74.12701,4.56702],[-74.12706,4.56708],[-74.12747,4.56754],[-74.1278,4.56791],[-74.12813,4.56828],[-74.12847,4.56866]]}},{"type":"Feature","properties":{"id":"89698594","nom":"Carrera 11B","tipo":"residential"},"geometry":{"type":"LineString","coordinates":[[-74.12498,4.55921],[-74.12438,4.55971],[-74.12397,4.56005],[-74.12394,4.56008]]}},{"type":"Feature","properties":{"id":"89698600","nom":"Carrera 12C","tipo":"residential"},"geometry":{"type":"LineString","coordinates":[[-74.12618,4.56143],[-74.12542,4.5618],[-74.12494,4.56202],[-74.12488,4.56205]]}},{"type":"Feature","properties":{"id":"89698603","nom":"Calle 47 Sur","tipo":"residential"},"geometry":{"type":"LineString","coordinates":[[-74.12568,4.57026],[-74.12595,4.57117],[-74.12607,4.57155],[-74.12617,4.57188]]}},{"type":"Feature","properties":{"id":"89698622","nom":"Avenida Carrera 33","tipo":"secondary"},"geometry":{"type":"LineString","coordinates":[[-74.13407,4.58542],[-74.13411,4.58542],[-74.13453,4.58534],[-74.13477,4.5853],[-74.13501,4.58526],[-74.13546,4.58519],[-74.13585,4.58512],[-74.1359,4.58511],[-74.13593,4.58511]]}},{"type":"Feature","properties":{"id":"89698636","nom":"Calle 53 Sur","tipo":"tertiary"},"geometry":{"type":"LineString","coordinates":[[-74.12853,4.56562],[-74.12887,4.56598],[-74.1289,4.56601],[-74.12924,4.56637],[-74.12927,4.5664],[-74.12968,4.56684],[-74.12987,4.56705],[-74.13005,4.56724]]}},{"type":"Feature","properties":{"id":"89698651","nom":"Diagonal 51A Sur","tipo":"tertiary"},"geometry":{"type":"LineString","coordinates":[[-74.13426,4.582],[-74.13423,4.58197],[-74.13358,4.58127],[-74.1329,4.58055],[-74.13282,4.58044],[-74.13224,4.57983],[-74.13206,4.57964],[-74.13203,4.57961]]}},{"type":"Feature","properties":{"id":"89698655","nom":"Diagonal 51A Sur","tipo":"residential"},"geometry":{"type":"LineString","coordinates":[[-74.13702,4.58445],[-74.13694,4.5844],[-74.13665,4.58419],[-74.1365,4.58405],[-74.1361,4.5837],[-74.136,4.58362]]}},{"type":"Feature","properties":{"id":"89698681","nom":"Calle 50 Sur","tipo":"residential"},"geometry":{"type":"LineString","coordinates":[[-74.13446,4.58308],[-74.13471,4.58407],[-74.13496,4.58508],[-74.13498,4.58514]]}},{"type":"Feature","properties":{"id":"89699477","nom":"Avenida Calle 51 Sur","tipo":"primary"},"geometry":{"type":"LineString","coordinates":[[-74.12506,4.56344],[-74.12505,4.56339],[-74.12504,4.56329],[-74.12503,4.56317],[-74.12504,4.56287],[-74.12503,4.56271],[-74.12503,4.56268],[-74.12503,4.5626],[-74.12502,4.56252],[-74.125,4.56241],[-74.12498,4.56231],[-74.12495,4.56222],[-74.12492,4.56213],[-74.12488,4.56205],[-74.12481,4.56191],[-74.12473,4.56175],[-74.12457,4.56145],[-74.12444,4.56117],[-74.12434,4.56094],[-74.12423,4.5607],[-74.12421,4.56067],[-74.12394,4.56008],[-74.1239,4.55999],[-74.1238,4.55977],[-74.12373,4.55964],[-74.12369,4.55955],[-74.12364,4.55946],[-74.12359,4.55936],[-74.12352,4.55924],[-74.12344,4.55914],[-74.1234,4.55908],[-74.12325,4.55889],[-74.12311,4.55873],[-74.12296,4.55855],[-74.12286,4.55843],[-74.12282,4.5584]]}},{"type":"Feature","properties":{"id":"89699502","nom":"Avenida Carrera 14","tipo":"primary"},"geometry":{"type":"LineString","coordinates":[[-74.12333,4.57431],[-74.12329,4.57436],[-74.12325,4.57441],[-74.12317,4.57448],[-74.1231,4.57456],[-74.12302,4.57463],[-74.12291,4.57472],[-74.12281,4.57479],[-74.12272,4.57486],[-74.12261,4.57493],[-74.12248,4.57501],[-74.12239,4.57506],[-74.12229,4.5751],[-74.12219,4.57514],[-74.12205,4.57518],[-74.12159,4.5753],[-74.12133,4.57537],[-74.12109,4.57542],[-74.12103,4.57544],[-74.12091,4.57546],[-74.12083,4.57548],[-74.12024,4.57563],[-74.11963,4.57579],[-74.11954,4.57581],[-74.11943,4.57584],[-74.11914,4.5759],[-74.119,4.57593]]}},{"type":"Feature","properties":{"id":"89699512","nom":"Avenida Carrera 14","tipo":"primary"},"geometry":{"type":"LineString","coordinates":[[-74.12576,4.56883],[-74.12587,4.56864],[-74.12589,4.5686],[-74.12596,4.56846],[-74.12603,4.56834],[-74.12608,4.56826],[-74.12633,4.56787],[-74.12644,4.5677],[-74.12652,4.56754],[-74.12657,4.56743],[-74.1266,4.56734],[-74.12664,4.56721],[-74.12666,4.56712],[-74.12668,4.56703],[-74.12668,4.56693],[-74.12669,4.56687]]}},{"type":"Feature","properties":{"id":"89700667","nom":"Transversal 13M","tipo":"residential"},"geometry":{"type":"LineString","coordinates":[[-74.12396,4.57099],[-74.12387,4.57133],[-74.12375,4.57174],[-74.12365,4.57208]]}},{"type":"Feature","properties":{"id":"89700679","nom":"Transversal 13F Bis A","tipo":"residential"},"geometry":{"type":"LineString","coordinates":[[-74.12134,4.5671],[-74.12128,4.56744],[-74.12115,4.56807],[-74.12108,4.56841],[-74.12091,4.5692],[-74.12076,4.57],[-74.12067,4.57041],[-74.12064,4.57054],[-74.12059,4.5708]]}},{"type":"Feature","properties":{"id":"89700682","nom":"Diagonal 45F Sur","tipo":"tertiary"},"geometry":{"type":"LineString","coordinates":[[-74.11633,4.56826],[-74.1168,4.56835],[-74.11733,4.56846],[-74.11771,4.56854],[-74.11783,4.56857],[-74.11834,4.56867],[-74.11886,4.56878],[-74.11937,4.56889],[-74.11988,4.56899],[-74.1204,4.5691],[-74.12091,4.5692],[-74.12144,4.56931],[-74.12163,4.56935],[-74.12179,4.56938],[-74.12185,4.5694],[-74.12192,4.56943],[-74.12239,4.56966],[-74.12286,4.56988],[-74.12335,4.5701],[-74.12363,4.57023],[-74.12384,4.57032],[-74.1243,4.57055],[-74.12462,4.57071],[-74.12466,4.57073]]}},{"type":"Feature","properties":{"id":"89700710","nom":"Transversal 13F","tipo":"residential"},"geometry":{"type":"LineString","coordinates":[[-74.12056,4.5683],[-74.1204,4.5691],[-74.12023,4.56988],[-74.12006,4.5707],[-74.11995,4.5712]]}},{"type":"Feature","properties":{"id":"89700722","nom":"Transversal 13D","tipo":"residential"},"geometry":{"type":"LineString","coordinates":[[-74.12004,4.56819],[-74.11988,4.56899],[-74.11972,4.56978],[-74.11957,4.57049],[-74.11955,4.57059],[-74.11947,4.57084]]}},{"type":"Feature","properties":{"id":"89700747","nom":"Transversal 13L","tipo":"residential"},"geometry":{"type":"LineString","coordinates":[[-74.12507,4.56746],[-74.12508,4.56749],[-74.12507,4.56754],[-74.12491,4.56794],[-74.12473,4.56836],[-74.1245,4.56885],[-74.12432,4.56922],[-74.12414,4.5696],[-74.12399,4.56998],[-74.12384,4.57032],[-74.12358,4.57083]]}},{"type":"Feature","properties":{"id":"89700771","nom":"Diagonal 46 Sur","tipo":"tertiary"},"geometry":{"type":"LineString","coordinates":[[-74.12496,4.56999],[-74.12491,4.56997],[-74.12463,4.56983],[-74.12414,4.5696],[-74.12406,4.56956],[-74.12395,4.56951],[-74.12368,4.56938],[-74.12346,4.56927],[-74.12343,4.56926],[-74.1232,4.56915],[-74.12274,4.56893],[-74.12226,4.5687],[-74.12207,4.56862],[-74.12194,4.56856],[-74.12187,4.56854],[-74.12161,4.56852],[-74.12125,4.56845],[-74.12108,4.56841],[-74.12087,4.56837],[-74.12056,4.5683],[-74.12049,4.56829],[-74.12013,4.56821],[-74.12004,4.56819],[-74.11976,4.56813],[-74.11964,4.56811],[-74.11954,4.56809],[-74.11938,4.56806],[-74.11902,4.56798]]}},{"type":"Feature","properties":{"id":"89700839","nom":"Diagonal 45C Sur","tipo":"residential"},"geometry":{"type":"LineString","coordinates":[[-74.1245,4.5712],[-74.12446,4.57119],[-74.12408,4.57103],[-74.12396,4.57099],[-74.12358,4.57083],[-74.12336,4.57074],[-74.12308,4.57063],[-74.12278,4.57051],[-74.12259,4.57044],[-74.12223,4.57029],[-74.12214,4.57025],[-74.12199,4.5702],[-74.12196,4.57018],[-74.12193,4.57018],[-74.1219,4.57018],[-74.12188,4.57018],[-74.12185,4.57018],[-74.12183,4.57018],[-74.12181,4.57018],[-74.12169,4.57013],[-74.12167,4.57013],[-74.12164,4.57013],[-74.1216,4.57013],[-74.12157,4.57014],[-74.12155,4.57014],[-74.12152,4.57013],[-74.12145,4.57011],[-74.12143,4.5701],[-74.12141,4.5701],[-74.12139,4.5701],[-74.12135,4.57011],[-74.1213,4.57011],[-74.12129,4.57011],[-74.12127,4.57011],[-74.12076,4.57],[-74.12023,4.56988],[-74.12003,4.56984],[-74.11972,4.56978],[-74.11921,4.56966],[-74.11869,4.56956],[-74.11818,4.56945],[-74.11767,4.56935]]}},{"type":"Feature","properties":{"id":"89701239","nom":"Diagonal 49A Bis A Sur","tipo":"residential"},"geometry":{"type":"LineString","coordinates":[[-74.12252,4.56685],[-74.12222,4.56685],[-74.12197,4.56678]]}},{"type":"Feature","properties":{"id":"89701246","nom":"Carrera 13 Bis","tipo":"residential"},"geometry":{"type":"LineString","coordinates":[[-74.12356,4.56453],[-74.12381,4.56441],[-74.12424,4.5642],[-74.12483,4.56388],[-74.12491,4.56384],[-74.12496,4.56381]]}},{"type":"Feature","properties":{"id":"89701248","nom":"Diagonal 49A Bis B Sur","tipo":"residential"},"geometry":{"type":"LineString","coordinates":[[-74.12507,4.56746],[-74.12507,4.56743],[-74.12504,4.5674],[-74.12494,4.56731],[-74.12481,4.56722],[-74.12468,4.56716],[-74.12462,4.56714],[-74.12405,4.56698],[-74.12384,4.56692],[-74.12359,4.56685]]}},{"type":"Feature","properties":{"id":"89701254","nom":"Transversal 13H","tipo":"residential"},"geometry":{"type":"LineString","coordinates":[[-74.12148,4.5704],[-74.1216,4.57013],[-74.12176,4.56979],[-74.12192,4.56943],[-74.12208,4.56908],[-74.12226,4.5687],[-74.12247,4.56825]]}},{"type":"Feature","properties":{"id":"89701255","nom":"Carrera 12B","tipo":"residential"},"geometry":{"type":"LineString","coordinates":[[-74.12297,4.56228],[-74.12302,4.56228],[-74.12329,4.56212],[-74.12361,4.56198],[-74.12391,4.56181],[-74.12418,4.56168],[-74.1242,4.56166],[-74.12425,4.56163]]}},{"type":"Feature","properties":{"id":"89701263","nom":"Transversal 13F","tipo":"residential"},"geometry":{"type":"LineString","coordinates":[[-74.12118,4.56658],[-74.12125,4.56651],[-74.12131,4.56644],[-74.12137,4.56638],[-74.12142,4.56633],[-74.12156,4.56622],[-74.12166,4.56618],[-74.12174,4.56615]]}},{"type":"Feature","properties":{"id":"89701264","nom":"Transversal 13M","tipo":"residential"},"geometry":{"type":"LineString","coordinates":[[-74.12408,4.57103],[-74.1243,4.57055],[-74.12445,4.57021],[-74.12455,4.57001],[-74.12463,4.56983],[-74.1248,4.56946],[-74.12498,4.56908],[-74.12521,4.56858],[-74.12528,4.56842]]}},{"type":"Feature","properties":{"id":"89701273","nom":"Carrera 13B","tipo":"residential"},"geometry":{"type":"LineString","coordinates":[[-74.12421,4.56556],[-74.12453,4.56537],[-74.1248,4.56521]]}},{"type":"Feature","properties":{"id":"89701284","nom":"Transversal 13D","tipo":"residential"},"geometry":{"type":"LineString","coordinates":[[-74.12013,4.56821],[-74.12028,4.56748]]}},{"type":"Feature","properties":{"id":"89701285","nom":"Transversal 13G","tipo":"residential"},"geometry":{"type":"LineString","coordinates":[[-74.122,4.56651],[-74.12197,4.56678],[-74.12194,4.56692],[-74.12188,4.56722],[-74.12181,4.56754],[-74.12161,4.56852],[-74.12151,4.56897],[-74.12144,4.56931],[-74.12136,4.56971],[-74.12127,4.57011],[-74.12125,4.57021],[-74.12118,4.57051],[-74.12118,4.57057],[-74.1212,4.57062],[-74.12133,4.57086],[-74.12136,4.57139]]}},{"type":"Feature","properties":{"id":"89701298","nom":"Calle 50A Sur","tipo":"residential"},"geometry":{"type":"LineString","coordinates":[[-74.12445,4.56601],[-74.12426,4.56566],[-74.12421,4.56556],[-74.12418,4.56547],[-74.12417,4.56543],[-74.12418,4.56539],[-74.12425,4.56524],[-74.12426,4.5652],[-74.12425,4.56514],[-74.12423,4.5651],[-74.12405,4.56479],[-74.12381,4.56441],[-74.12362,4.56404]]}},{"type":"Feature","properties":{"id":"89701304","nom":"Diagonal 48 Sur","tipo":"residential"},"geometry":{"type":"LineString","coordinates":[[-74.12247,4.56825],[-74.12252,4.56819],[-74.12259,4.56814],[-74.12267,4.5681],[-74.1228,4.56808],[-74.12291,4.5681],[-74.12301,4.56814],[-74.12308,4.56818],[-74.12354,4.5684],[-74.12403,4.56863],[-74.1245,4.56885],[-74.12474,4.56896],[-74.12498,4.56908],[-74.12526,4.56922],[-74.1253,4.56924]]}},{"type":"Feature","properties":{"id":"89701306","nom":"Diagonal 49A Sur","tipo":"residential"},"geometry":{"type":"LineString","coordinates":[[-74.12013,4.56678],[-74.12042,4.5668],[-74.12049,4.56681],[-74.12057,4.56683],[-74.12115,4.56705],[-74.12134,4.5671],[-74.12147,4.56713],[-74.12188,4.56722]]}},{"type":"Feature","properties":{"id":"89701307","nom":"Carrera 13A Bis","tipo":"residential"},"geometry":{"type":"LineString","coordinates":[[-74.12461,4.56486],[-74.12529,4.56449],[-74.12533,4.56446]]}},{"type":"Feature","properties":{"id":"89701308","nom":"Transversal 13F Bis B Sur","tipo":"residential"},"geometry":{"type":"LineString","coordinates":[[-74.12159,4.56642],[-74.12147,4.56713]]}},{"type":"Feature","properties":{"id":"89702098","nom":"Calle 50C Sur","tipo":"residential"},"geometry":{"type":"LineString","coordinates":[[-74.12437,4.56367],[-74.12435,4.56355],[-74.12435,4.56344],[-74.12436,4.5633],[-74.12442,4.56304],[-74.12442,4.56294],[-74.12441,4.56285],[-74.12438,4.56275],[-74.12432,4.56262],[-74.12391,4.56181],[-74.12368,4.56137]]}},{"type":"Feature","properties":{"id":"89702099","nom":"Calle 49I Sur","tipo":"residential"},"geometry":{"type":"LineString","coordinates":[[-74.12244,4.56138],[-74.12248,4.56146],[-74.1225,4.5615],[-74.12252,4.56154],[-74.12255,4.56174],[-74.12259,4.562],[-74.1226,4.56216],[-74.12259,4.56232]]}},{"type":"Feature","properties":{"id":"89702106","nom":"Calle 49H Sur","tipo":"residential"},"geometry":{"type":"LineString","coordinates":[[-74.12213,4.56179],[-74.12197,4.56155]]}},{"type":"Feature","properties":{"id":"89702186","nom":"Carrera 12A","tipo":"residential"},"geometry":{"type":"LineString","coordinates":[[-74.12406,4.56087],[-74.12403,4.56092],[-74.12395,4.56105]]}},{"type":"Feature","properties":{"id":"89702199","nom":"Calle 50A Bis Sur","tipo":"residential"},"geometry":{"type":"LineString","coordinates":[[-74.12307,4.56171],[-74.12304,4.5616],[-74.12301,4.56152],[-74.12298,4.56142],[-74.12297,4.56132],[-74.12296,4.56127],[-74.12295,4.56122],[-74.1229,4.56105],[-74.12287,4.56095],[-74.12288,4.56073],[-74.1229,4.56053]]}},{"type":"Feature","properties":{"id":"89702284","nom":"Calle 50A Sur","tipo":"residential"},"geometry":{"type":"LineString","coordinates":[[-74.12346,4.56308],[-74.12343,4.56307],[-74.1234,4.56304],[-74.12336,4.56298],[-74.12331,4.56294],[-74.12325,4.5629],[-74.1232,4.56288],[-74.12314,4.56285],[-74.12314,4.5628],[-74.12313,4.56274],[-74.1231,4.56262],[-74.12302,4.56246],[-74.12297,4.56228],[-74.12291,4.56221],[-74.12286,4.56211],[-74.12285,4.56202],[-74.12285,4.56196]]}},{"type":"Feature","properties":{"id":"89717267","nom":"Carrera 52C","tipo":"tertiary"},"geometry":{"type":"LineString","coordinates":[[-74.13704,4.59221],[-74.13694,4.59267],[-74.13685,4.59313],[-74.13675,4.59359],[-74.13666,4.59405],[-74.13657,4.59449],[-74.13656,4.59454]]}},{"type":"Feature","properties":{"id":"89717269","nom":"Diagonal 52A Sur","tipo":"residential"},"geometry":{"type":"LineString","coordinates":[[-74.13854,4.58515],[-74.13852,4.5851],[-74.13851,4.58504],[-74.13848,4.58492],[-74.13844,4.58473],[-74.13843,4.58468],[-74.1384,4.58464],[-74.13806,4.58424],[-74.13802,4.58419],[-74.13799,4.58415],[-74.13797,4.58413]]}},{"type":"Feature","properties":{"id":"89717270","nom":"Carrera 32","tipo":"residential"},"geometry":{"type":"LineString","coordinates":[[-74.13661,4.58396],[-74.1365,4.58405],[-74.13622,4.5843],[-74.13619,4.58432],[-74.13619,4.58433],[-74.1358,4.58463],[-74.13555,4.5848],[-74.13539,4.5849],[-74.13526,4.58498],[-74.13522,4.585],[-74.13498,4.58514]]}},{"type":"Feature","properties":{"id":"89717276","nom":"Carrera 35","tipo":"residential"},"geometry":{"type":"LineString","coordinates":[[-74.13486,4.58706],[-74.13527,4.58685],[-74.13567,4.58664],[-74.13608,4.58643],[-74.13647,4.58622],[-74.1365,4.58621],[-74.13653,4.58619],[-74.13688,4.58601],[-74.13691,4.586],[-74.13695,4.58598],[-74.13731,4.58579]]}},{"type":"Feature","properties":{"id":"89717277","nom":"Avenida Carrera 53","tipo":"secondary"},"geometry":{"type":"LineString","coordinates":[[-74.13859,4.59061],[-74.13849,4.59107]]}},{"type":"Feature","properties":{"id":"89717279","nom":"Diagonal 52B Sur","tipo":"residential"},"geometry":{"type":"LineString","coordinates":[[-74.13888,4.5845],[-74.13925,4.58495],[-74.13927,4.58499],[-74.13928,4.58502],[-74.13928,4.58503]]}},{"type":"Feature","properties":{"id":"89717303","nom":"Carrera 34","tipo":"residential"},"geometry":{"type":"LineString","coordinates":[[-74.14051,4.58387],[-74.14007,4.58404],[-74.14006,4.58404],[-74.13965,4.5842],[-74.13922,4.58437],[-74.13921,4.58438],[-74.13888,4.5845]]}},{"type":"Feature","properties":{"id":"89717312","nom":"Diagonal 49A Sur","tipo":"residential"},"geometry":{"type":"LineString","coordinates":[[-74.13977,4.59133],[-74.14083,4.59155],[-74.14176,4.59174],[-74.14179,4.59175]]}},{"type":"Feature","properties":{"id":"89717320","nom":"Diagonal 45B Sur","tipo":"residential"},"geometry":{"type":"LineString","coordinates":[[-74.13793,4.59431],[-74.13798,4.59432],[-74.138,4.59432],[-74.13911,4.59455],[-74.14028,4.59478],[-74.14073,4.59488],[-74.14111,4.59495],[-74.14115,4.59496]]}},{"type":"Feature","properties":{"id":"89717350","nom":"Carrera 53B","tipo":"residential"},"geometry":{"type":"LineString","coordinates":[[-74.14087,4.58872],[-74.14099,4.58895],[-74.14116,4.58934],[-74.14121,4.58959],[-74.14122,4.58983],[-74.1412,4.59014]]}},{"type":"Feature","properties":{"id":"89717368","nom":"Carrera 54","tipo":"tertiary"},"geometry":{"type":"LineString","coordinates":[[-74.14151,4.59313],[-74.1415,4.59316],[-74.14149,4.59322],[-74.14134,4.59399],[-74.14115,4.59496]]}},{"type":"Feature","properties":{"id":"89717371","nom":"Calle 52 Sur","tipo":"residential"},"geometry":{"type":"LineString","coordinates":[[-74.13859,4.58625],[-74.13906,4.58714]]}},{"type":"Feature","properties":{"id":"89717416","nom":"Carrera 31","tipo":"residential"},"geometry":{"type":"LineString","coordinates":[[-74.13813,4.58157],[-74.13856,4.5814],[-74.13899,4.58123],[-74.13941,4.58106],[-74.13964,4.58097],[-74.13984,4.58089],[-74.14028,4.58072],[-74.14049,4.58064],[-74.14071,4.58055],[-74.14113,4.58039],[-74.14156,4.58022]]}},{"type":"Feature","properties":{"id":"89717426","nom":"Calle 52F Sur","tipo":"tertiary"},"geometry":{"type":"LineString","coordinates":[[-74.13641,4.57847],[-74.13641,4.57849],[-74.13659,4.57894],[-74.13669,4.57918],[-74.13694,4.57984],[-74.13716,4.58043],[-74.13723,4.58061],[-74.13731,4.58081],[-74.13764,4.58167],[-74.13768,4.58179],[-74.13806,4.58275],[-74.13813,4.58291],[-74.13845,4.58373],[-74.13846,4.58376]]}},{"type":"Feature","properties":{"id":"89717434","nom":"Diagonal 47A Sur","tipo":"residential"},"geometry":{"type":"LineString","coordinates":[[-74.14151,4.59313],[-74.14148,4.59312],[-74.14112,4.59305],[-74.14074,4.59297],[-74.14065,4.59295],[-74.14018,4.59286],[-74.13954,4.59272],[-74.13948,4.59271],[-74.13837,4.59248],[-74.13834,4.59248],[-74.13831,4.59247]]}},{"type":"Feature","properties":{"id":"89717472","nom":"Carrera 35A","tipo":"residential"},"geometry":{"type":"LineString","coordinates":[[-74.13958,4.5853],[-74.14002,4.58514],[-74.14043,4.58498],[-74.14046,4.58497],[-74.14087,4.58481]]}},{"type":"Feature","properties":{"id":"89717482","nom":"Avenida Carrera 33","tipo":"secondary"},"geometry":{"type":"LineString","coordinates":[[-74.13958,4.58287],[-74.13924,4.58316],[-74.13904,4.58334],[-74.13887,4.58349],[-74.13886,4.5835],[-74.13861,4.58368],[-74.1385,4.58374],[-74.13846,4.58376],[-74.13833,4.58384]]}},{"type":"Feature","properties":{"id":"89717494","nom":"Transversal 44","tipo":"tertiary"},"geometry":{"type":"LineString","coordinates":[[-74.1416,4.58816],[-74.14169,4.58812],[-74.14175,4.58808],[-74.14205,4.58793],[-74.14247,4.5877],[-74.14261,4.58763],[-74.14281,4.58756],[-74.14304,4.58746],[-74.14339,4.58733],[-74.1435,4.58729],[-74.14371,4.58719],[-74.14393,4.58704],[-74.14398,4.587]]}},{"type":"Feature","properties":{"id":"89717495","nom":"Diagonal 51 Sur","tipo":"residential"},"geometry":{"type":"LineString","coordinates":[[-74.14008,4.5899],[-74.14111,4.59012],[-74.1412,4.59014],[-74.14162,4.59023],[-74.14201,4.59031],[-74.14204,4.59032],[-74.14208,4.59033]]}},{"type":"Feature","properties":{"id":"89717525","nom":"Diagonal 47 Sur","tipo":"residential"},"geometry":{"type":"LineString","coordinates":[[-74.13813,4.59292],[-74.13809,4.59291],[-74.13694,4.59267],[-74.13582,4.59244],[-74.13579,4.59243],[-74.13575,4.59243],[-74.1346,4.59219]]}},{"type":"Feature","properties":{"id":"89717538","nom":"Calle 51B Sur","tipo":"residential"},"geometry":{"type":"LineString","coordinates":[[-74.13738,4.58489],[-74.13739,4.58491],[-74.13772,4.58558],[-74.13818,4.58646],[-74.13864,4.58736],[-74.13871,4.5875],[-74.1391,4.58824],[-74.13956,4.5891],[-74.13957,4.58913]]}},{"type":"Feature","properties":{"id":"89717539","nom":"Diagonal 51A Sur","tipo":"residential"},"geometry":{"type":"LineString","coordinates":[[-74.13913,4.59072],[-74.13917,4.5905],[-74.13919,4.59046],[-74.13921,4.59042],[-74.13923,4.59038],[-74.13926,4.59034],[-74.13949,4.5902],[-74.14008,4.5899]]}},{"type":"Feature","properties":{"id":"89717546","nom":"Diagonal 47A Sur","tipo":"residential"},"geometry":{"type":"LineString","coordinates":[[-74.13469,4.59173],[-74.13586,4.59197],[-74.13588,4.59197]]}},{"type":"Feature","properties":{"id":"89717553","nom":"Diagonal 48 Sur","tipo":"residential"},"geometry":{"type":"LineString","coordinates":[[-74.13831,4.59199],[-74.13828,4.59198],[-74.13713,4.59175],[-74.13601,4.59152],[-74.13598,4.59151],[-74.13594,4.59151],[-74.13522,4.59136]]}},{"type":"Feature","properties":{"id":"89717577","nom":"Diagonal 45 Sur","tipo":"residential"},"geometry":{"type":"LineString","coordinates":[[-74.13432,4.59358],[-74.13548,4.59381],[-74.13551,4.59382],[-74.13554,4.59383],[-74.13666,4.59405]]}},{"type":"Feature","properties":{"id":"89717597","nom":"Calle 51 Sur","tipo":"secondary"},"geometry":{"type":"LineString","coordinates":[[-74.13641,4.58502],[-74.13635,4.5849]]}},{"type":"Feature","properties":{"id":"89717603","nom":"Calle 50A Sur","tipo":"residential"},"geometry":{"type":"LineString","coordinates":[[-74.13546,4.58519],[-74.13547,4.58522],[-74.13561,4.58553],[-74.13608,4.58643],[-74.13654,4.58731],[-74.137,4.5882],[-74.13747,4.5891],[-74.13792,4.58996],[-74.13794,4.58998]]}},{"type":"Feature","properties":{"id":"89717604","nom":"Carrera 53A","tipo":"residential"},"geometry":{"type":"LineString","coordinates":[[-74.13967,4.5918],[-74.13957,4.59226],[-74.13948,4.59271],[-74.13939,4.59317],[-74.13929,4.59364],[-74.1392,4.59409],[-74.13911,4.59455]]}},{"type":"Feature","properties":{"id":"89717606","nom":"Carrera 37A","tipo":"residential"},"geometry":{"type":"LineString","coordinates":[[-74.13971,4.58741],[-74.14029,4.58719],[-74.14031,4.58718],[-74.14074,4.58701],[-74.14115,4.58685],[-74.14116,4.58685],[-74.14159,4.58666],[-74.14202,4.5865],[-74.1423,4.58639]]}},{"type":"Feature","properties":{"id":"89717608","nom":"Carrera 54","tipo":"tertiary"},"geometry":{"type":"LineString","coordinates":[[-74.1421,4.58928],[-74.14213,4.58948],[-74.14215,4.58969],[-74.14214,4.58982],[-74.14214,4.58995],[-74.14209,4.59021],[-74.14209,4.59025],[-74.14208,4.59033],[-74.14206,4.59042],[-74.142,4.59069],[-74.14198,4.59083],[-74.14188,4.59129]]}},{"type":"Feature","properties":{"id":"89717617","nom":"Carrera 53B","tipo":"residential"},"geometry":{"type":"LineString","coordinates":[[-74.14028,4.59478],[-74.14037,4.59434],[-74.14046,4.59388],[-74.14056,4.5934],[-74.14065,4.59295]]}},{"type":"Feature","properties":{"id":"89717624","nom":"Transversal 44","tipo":"tertiary"},"geometry":{"type":"LineString","coordinates":[[-74.13835,4.58977],[-74.1383,4.58979],[-74.13794,4.58998],[-74.13752,4.5902],[-74.13712,4.59041],[-74.13672,4.59061]]}},{"type":"Feature","properties":{"id":"89717642","nom":"Carrera 38A","tipo":"residential"},"geometry":{"type":"LineString","coordinates":[[-74.14066,4.58811],[-74.14065,4.58811],[-74.14018,4.58832]]}},{"type":"Feature","properties":{"id":"89717658","nom":"Carrera 31","tipo":"residential"},"geometry":{"type":"LineString","coordinates":[[-74.13202,4.58478],[-74.13247,4.58467],[-74.13292,4.58456],[-74.13337,4.58445],[-74.13381,4.58434],[-74.13426,4.58422],[-74.13471,4.58407],[-74.13512,4.58384],[-74.13554,4.58355],[-74.13573,4.58339],[-74.13574,4.58339],[-74.13577,4.58336],[-74.13594,4.58321],[-74.13629,4.58292],[-74.13665,4.58262],[-74.13701,4.58233],[-74.13735,4.58205],[-74.1376,4.58184],[-74.13768,4.58179],[-74.13773,4.58176],[-74.13813,4.58157]]}},{"type":"Feature","properties":{"id":"89717660","nom":"Diagonal 49A Sur","tipo":"tertiary"},"geometry":{"type":"LineString","coordinates":[[-74.13849,4.59107],[-74.13846,4.59107],[-74.13732,4.59083],[-74.13689,4.59074],[-74.13684,4.59072],[-74.13675,4.59071],[-74.13667,4.5907],[-74.13661,4.5907],[-74.13655,4.5907]]}},{"type":"Feature","properties":{"id":"89717662","nom":"Calle 52G Sur","tipo":"residential"},"geometry":{"type":"LineString","coordinates":[[-74.13687,4.57831],[-74.13687,4.57833],[-74.13704,4.57876],[-74.1374,4.57967],[-74.13776,4.58062],[-74.13813,4.58157],[-74.13849,4.5825],[-74.1385,4.58252],[-74.13886,4.58345],[-74.13887,4.58349],[-74.13889,4.58352],[-74.13892,4.58361],[-74.13922,4.58437],[-74.13954,4.5852],[-74.13958,4.5853],[-74.13964,4.58546],[-74.13994,4.58625],[-74.14031,4.58718],[-74.14066,4.58811],[-74.14067,4.58813],[-74.14079,4.58844],[-74.14081,4.58849],[-74.14084,4.58856]]}},{"type":"Feature","properties":{"id":"89720133","nom":"Calle 59 Sur","tipo":"residential"},"geometry":{"type":"LineString","coordinates":[[-74.13773,4.56518],[-74.13762,4.56509],[-74.13719,4.56474],[-74.13687,4.56449],[-74.13663,4.5643],[-74.13651,4.56421],[-74.13626,4.56401],[-74.13605,4.56385],[-74.13589,4.56372],[-74.13575,4.5636],[-74.13562,4.56351],[-74.13556,4.56346],[-74.13535,4.5633],[-74.13511,4.56311],[-74.13494,4.56297],[-74.13461,4.56271],[-74.13443,4.56258],[-74.1342,4.56247],[-74.13378,4.56233],[-74.13334,4.56217],[-74.13289,4.56201]]}},{"type":"Feature","properties":{"id":"89720145","nom":"Avenida Carrera 24","tipo":"secondary"},"geometry":{"type":"LineString","coordinates":[[-74.13816,4.57364],[-74.13697,4.57413],[-74.13695,4.57414],[-74.13691,4.57415],[-74.13684,4.57418],[-74.13674,4.57422],[-74.13525,4.57483],[-74.13516,4.57487],[-74.13289,4.57579],[-74.13222,4.57606],[-74.13218,4.57608]]}},{"type":"Feature","properties":{"id":"89720159","nom":"Carrera 13","tipo":"residential"},"geometry":{"type":"LineString","coordinates":[[-74.13079,4.55996],[-74.13018,4.56065],[-74.12968,4.5612],[-74.12902,4.56153],[-74.12841,4.56183],[-74.12775,4.56216]]}},{"type":"Feature","properties":{"id":"89720161","nom":"Carrera 13C","tipo":"residential"},"geometry":{"type":"LineString","coordinates":[[-74.13113,4.56029],[-74.13053,4.56096]]}},{"type":"Feature","properties":{"id":"89720168","nom":"Carrera 13C","tipo":"tertiary"},"geometry":{"type":"LineString","coordinates":[[-74.12997,4.56159],[-74.12939,4.56224],[-74.12888,4.5628]]}},{"type":"Feature","properties":{"id":"89720172","nom":"Carrera 13F","tipo":"tertiary"},"geometry":{"type":"LineString","coordinates":[[-74.13103,4.56141],[-74.13125,4.56116],[-74.13145,4.56098],[-74.13213,4.5605],[-74.13217,4.56047],[-74.13236,4.56034],[-74.13264,4.56014]]}},{"type":"Feature","properties":{"id":"89720190","nom":"Avenida Calle 56A Sur","tipo":"trunk"},"geometry":{"type":"LineString","coordinates":[[-74.14263,4.58129],[-74.1428,4.58175],[-74.14287,4.58197],[-74.1429,4.58207],[-74.14293,4.58218],[-74.14297,4.58239],[-74.14301,4.58264],[-74.14303,4.58278],[-74.14304,4.5829],[-74.14308,4.58329],[-74.14311,4.58354],[-74.14314,4.5837],[-74.14315,4.58382],[-74.14319,4.58398],[-74.14325,4.58417],[-74.14348,4.58479],[-74.14388,4.58582],[-74.14391,4.58589],[-74.14428,4.58683]]}},{"type":"Feature","properties":{"id":"89720201","nom":"Carrera 18C","tipo":"residential"},"geometry":{"type":"LineString","coordinates":[[-74.13458,4.56484],[-74.13514,4.56412],[-74.13562,4.56351]]}},{"type":"Feature","properties":{"id":"89720202","nom":"Carrera 19","tipo":"residential"},"geometry":{"type":"LineString","coordinates":[[-74.12759,4.56961],[-74.12761,4.56963],[-74.12765,4.56963],[-74.12768,4.56963],[-74.12883,4.56906],[-74.13082,4.56809],[-74.13084,4.56808],[-74.13087,4.56806],[-74.13206,4.56749],[-74.13269,4.56718],[-74.13414,4.56645],[-74.13424,4.56632],[-74.13441,4.5661],[-74.13469,4.56575]]}},{"type":"Feature","properties":{"id":"89720220","nom":"Diagonal 52C Sur","tipo":"residential"},"geometry":{"type":"LineString","coordinates":[[-74.13473,4.57906],[-74.13466,4.57898],[-74.13464,4.57896]]}},{"type":"Feature","properties":{"id":"89720250","nom":"Carrera 15","tipo":"residential"},"geometry":{"type":"LineString","coordinates":[[-74.13064,4.56328],[-74.1305,4.5634],[-74.12946,4.56429],[-74.12827,4.56527],[-74.12824,4.5653]]}},{"type":"Feature","properties":{"id":"89720264","nom":"Carrera 18B","tipo":"residential"},"geometry":{"type":"LineString","coordinates":[[-74.13408,4.56445],[-74.13465,4.56371],[-74.13511,4.56311]]}},{"type":"Feature","properties":{"id":"89720291","nom":"Calle 57 Sur","tipo":"residential"},"geometry":{"type":"LineString","coordinates":[[-74.12968,4.5612],[-74.12931,4.56067],[-74.12891,4.56009],[-74.12854,4.55955]]}},{"type":"Feature","properties":{"id":"89720306","nom":"Avenida Carrera 24","tipo":"secondary"},"geometry":{"type":"LineString","coordinates":[[-74.13068,4.57681],[-74.13075,4.57678],[-74.13218,4.5762],[-74.13222,4.57618]]}},{"type":"Feature","properties":{"id":"89720333","nom":"Carrera 19B Bis","tipo":"residential"},"geometry":{"type":"LineString","coordinates":[[-74.13762,4.56509],[-74.13819,4.56434],[-74.13821,4.56431],[-74.13822,4.56427],[-74.13823,4.56424],[-74.13823,4.56422],[-74.13821,4.56401],[-74.13821,4.56399],[-74.13822,4.56396],[-74.13823,4.56394],[-74.13825,4.56391],[-74.1383,4.5639],[-74.13835,4.56391],[-74.13842,4.56394],[-74.13847,4.56398]]}},{"type":"Feature","properties":{"id":"89720348","nom":"Avenida Calle 58A Sur","tipo":"trunk"},"geometry":{"type":"LineString","coordinates":[[-74.1397,4.57303],[-74.13968,4.57296],[-74.13965,4.57285],[-74.13958,4.57255],[-74.13945,4.57201]]}},{"type":"Feature","properties":{"id":"89720353","nom":"Carrera 17","tipo":"residential"},"geometry":{"type":"LineString","coordinates":[[-74.13219,4.56301],[-74.13272,4.56225],[-74.13289,4.56201],[-74.13325,4.56141],[-74.13365,4.56077]]}},{"type":"Feature","properties":{"id":"89720365","nom":"Calle 58A Sur","tipo":"residential"},"geometry":{"type":"LineString","coordinates":[[-74.13416,4.56319],[-74.13377,4.56294],[-74.13316,4.56253],[-74.13272,4.56225]]}},{"type":"Feature","properties":{"id":"89720373","nom":"Calle 57 Sur","tipo":"residential"},"geometry":{"type":"LineString","coordinates":[[-74.1332,4.5646],[-74.13359,4.5649],[-74.13415,4.56533],[-74.13439,4.56552],[-74.13469,4.56575],[-74.13526,4.56619]]}},{"type":"Feature","properties":{"id":"89720386","nom":"Diagonal 52B Sur","tipo":"residential"},"geometry":{"type":"LineString","coordinates":[[-74.13767,4.58308],[-74.13701,4.58233],[-74.13634,4.58157],[-74.13568,4.58081],[-74.13502,4.58007],[-74.13436,4.57931],[-74.13419,4.57912],[-74.13415,4.57908]]}},{"type":"Feature","properties":{"id":"89720409","nom":"Calle 55 Sur","tipo":"tertiary"},"geometry":{"type":"LineString","coordinates":[[-74.13319,4.56763],[-74.13269,4.56718],[-74.1322,4.56673],[-74.13171,4.5663],[-74.13124,4.56588],[-74.13078,4.56547],[-74.13061,4.56532],[-74.13032,4.56506],[-74.12989,4.56467]]}},{"type":"Feature","properties":{"id":"89720431","nom":"Calle 55 Sur","tipo":"residential"},"geometry":{"type":"LineString","coordinates":[[-74.13875,4.57563],[-74.13871,4.57553],[-74.13867,4.57544],[-74.13865,4.5754],[-74.13864,4.57538],[-74.13863,4.57536],[-74.1386,4.57534],[-74.13858,4.57533],[-74.13856,4.57531],[-74.13846,4.57527],[-74.13814,4.57514],[-74.13722,4.57475],[-74.13717,4.57473],[-74.13713,4.5747],[-74.13709,4.57464],[-74.13706,4.57457],[-74.13697,4.57432],[-74.13696,4.57429],[-74.13695,4.57425],[-74.13691,4.57415]]}},{"type":"Feature","properties":{"id":"89720437","nom":"Calle 58 Sur","tipo":"residential"},"geometry":{"type":"LineString","coordinates":[[-74.13745,4.56706],[-74.13739,4.56701],[-74.13719,4.56686],[-74.13648,4.56631],[-74.1363,4.56617],[-74.13598,4.56592],[-74.13583,4.5658],[-74.13558,4.56561],[-74.13521,4.56533],[-74.13479,4.565],[-74.13458,4.56484],[-74.13417,4.56452],[-74.13408,4.56445],[-74.13385,4.56428],[-74.13359,4.56408]]}},{"type":"Feature","properties":{"id":"89720462","nom":"Avenida Carrera 24","tipo":"secondary"},"geometry":{"type":"LineString","coordinates":[[-74.13389,4.5755],[-74.13392,4.57549],[-74.13556,4.57482],[-74.13688,4.57428],[-74.13689,4.57428],[-74.13695,4.57425],[-74.13701,4.57423],[-74.13806,4.5738]]}},{"type":"Feature","properties":{"id":"89720485","nom":"Calle 58 Sur","tipo":"residential"},"geometry":{"type":"LineString","coordinates":[[-74.13053,4.56096],[-74.13092,4.5613]]}},{"type":"Feature","properties":{"id":"89720499","nom":"Carrera 12D","tipo":"residential"},"geometry":{"type":"LineString","coordinates":[[-74.12503,4.56271],[-74.12512,4.56267],[-74.1257,4.56239],[-74.12647,4.56204],[-74.12726,4.56166]]}},{"type":"Feature","properties":{"id":"89720530","nom":"Calle 57 Sur","tipo":"residential"},"geometry":{"type":"LineString","coordinates":[[-74.12997,4.56159],[-74.12968,4.5612]]}},{"type":"Feature","properties":{"id":"89720543","nom":"Carrera 19A","tipo":"residential"},"geometry":{"type":"LineString","coordinates":[[-74.13526,4.56619],[-74.13499,4.56654],[-74.13482,4.56676],[-74.13468,4.56693],[-74.13319,4.56763],[-74.13129,4.56851],[-74.13126,4.56852],[-74.13123,4.56853],[-74.12919,4.56946]]}},{"type":"Feature","properties":{"id":"89720547","nom":"Diagonal 52C Sur","tipo":"residential"},"geometry":{"type":"LineString","coordinates":[[-74.13602,4.58053],[-74.13537,4.57978],[-74.13474,4.57907],[-74.13473,4.57906]]}},{"type":"Feature","properties":{"id":"89720556","nom":"Carrera 13C","tipo":"tertiary"},"geometry":{"type":"LineString","coordinates":[[-74.12888,4.5628],[-74.12818,4.56359]]}},{"type":"Feature","properties":{"id":"89720568","nom":"Calle 59 Sur","tipo":"residential"},"geometry":{"type":"LineString","coordinates":[[-74.1321,4.56151],[-74.13177,4.56124],[-74.1315,4.56102],[-74.13145,4.56098]]}},{"type":"Feature","properties":{"id":"89720587","nom":"Avenida Calle 56A Sur","tipo":"trunk"},"geometry":{"type":"LineString","coordinates":[[-74.13905,4.5718],[-74.13928,4.57242],[-74.1394,4.57285],[-74.13946,4.57312]]}},{"type":"Feature","properties":{"id":"89720593","nom":"Calle 58 Sur","tipo":"residential"},"geometry":{"type":"LineString","coordinates":[[-74.13018,4.56065],[-74.13053,4.56096]]}},{"type":"Feature","properties":{"id":"89720597","nom":"Calle 57 Sur","tipo":"tertiary"},"geometry":{"type":"LineString","coordinates":[[-74.13039,4.56219],[-74.13036,4.56216],[-74.12997,4.56159]]}},{"type":"Feature","properties":{"id":"89720612","nom":"Avenida Calle 58A Sur","tipo":"trunk"},"geometry":{"type":"LineString","coordinates":[[-74.13937,4.57316],[-74.13939,4.57326]]}},{"type":"Feature","properties":{"id":"89720621","nom":"Carrera 14","tipo":"residential"},"geometry":{"type":"LineString","coordinates":[[-74.13177,4.56124],[-74.13107,4.56211],[-74.13067,4.56261]]}},{"type":"Feature","properties":{"id":"89720628","nom":"Carrera 17","tipo":"residential"},"geometry":{"type":"LineString","coordinates":[[-74.12989,4.56467],[-74.13115,4.56379],[-74.13152,4.56331]]}},{"type":"Feature","properties":{"id":"89723601","nom":"Carrera 54B","tipo":"residential"},"geometry":{"type":"LineString","coordinates":[[-74.14334,4.59059],[-74.14334,4.59063],[-74.14333,4.59068],[-74.14324,4.59109],[-74.14315,4.59156],[-74.14306,4.592],[-74.14296,4.59247]]}},{"type":"Feature","properties":{"id":"89723654","nom":"Carrera 55A","tipo":"residential"},"geometry":{"type":"LineString","coordinates":[[-74.14457,4.59026],[-74.14462,4.58997],[-74.14463,4.58972],[-74.14456,4.58934],[-74.1445,4.58919]]}},{"type":"Feature","properties":{"id":"89723667","nom":"Diagonal 48 Sur","tipo":"residential"},"geometry":{"type":"LineString","coordinates":[[-74.14412,4.59319],[-74.14342,4.59304],[-74.14274,4.5929],[-74.14187,4.59272]]}},{"type":"Feature","properties":{"id":"89723677","nom":"Diagonal 51 Sur","tipo":"tertiary"},"geometry":{"type":"LineString","coordinates":[[-74.14334,4.59059],[-74.14378,4.59068],[-74.14445,4.59082],[-74.14466,4.59087],[-74.1451,4.59095],[-74.14516,4.59095]]}},{"type":"Feature","properties":{"id":"89723678","nom":"Carrera 36A","tipo":"residential"},"geometry":{"type":"LineString","coordinates":[[-74.14338,4.58483],[-74.14334,4.58485],[-74.14258,4.58519],[-74.14245,4.58524],[-74.142,4.58544]]}},{"type":"Feature","properties":{"id":"89723685","nom":"Carrera 54","tipo":"tertiary"},"geometry":{"type":"LineString","coordinates":[[-74.14188,4.58849],[-74.14173,4.58819],[-74.1417,4.58815],[-74.14169,4.58812],[-74.14165,4.58805]]}},{"type":"Feature","properties":{"id":"89723695","nom":"Diagonal 51 Sur","tipo":"tertiary"},"geometry":{"type":"LineString","coordinates":[[-74.14516,4.59095],[-74.14526,4.59095]]}},{"type":"Feature","properties":{"id":"89723698","nom":"Diagonal 51 Sur","tipo":"tertiary"},"geometry":{"type":"LineString","coordinates":[[-74.14526,4.59095],[-74.14541,4.59096]]}},{"type":"Feature","properties":{"id":"89723706","nom":"Avenida Calle 45A Sur","tipo":"trunk"},"geometry":{"type":"LineString","coordinates":[[-74.15227,4.59563],[-74.15211,4.59558],[-74.152,4.59556],[-74.15191,4.59553],[-74.15179,4.59552],[-74.15158,4.59549],[-74.15119,4.59544],[-74.15095,4.59541],[-74.15091,4.59541],[-74.15073,4.59539],[-74.15072,4.59539],[-74.15057,4.59537],[-74.14982,4.59528],[-74.14979,4.59528],[-74.1494,4.59523],[-74.14912,4.5952],[-74.14893,4.59517],[-74.14856,4.59513],[-74.14834,4.5951]]}},{"type":"Feature","properties":{"id":"89723729","nom":"Diagonal 52B Sur","tipo":"residential"},"geometry":{"type":"LineString","coordinates":[[-74.14188,4.58849],[-74.14192,4.58847],[-74.14228,4.58828],[-74.14266,4.58808],[-74.14382,4.58746],[-74.14414,4.58729],[-74.1442,4.58726],[-74.14427,4.58722],[-74.14431,4.5872]]}},{"type":"Feature","properties":{"id":"89723730","nom":"Carrera 36A","tipo":"residential"},"geometry":{"type":"LineString","coordinates":[[-74.14123,4.58574],[-74.1408,4.58591],[-74.14079,4.58592],[-74.14038,4.58608],[-74.13994,4.58625],[-74.13993,4.58626],[-74.1396,4.58639],[-74.13925,4.58653]]}},{"type":"Feature","properties":{"id":"89723734","nom":"Calle 54 Sur","tipo":"residential"},"geometry":{"type":"LineString","coordinates":[[-74.13856,4.57759],[-74.13857,4.57762],[-74.13876,4.57809],[-74.13912,4.57903],[-74.13948,4.57996]]}},{"type":"Feature","properties":{"id":"89723740","nom":"Avenida Calle 56A Sur","tipo":"trunk"},"geometry":{"type":"LineString","coordinates":[[-74.14259,4.58146],[-74.14273,4.58186],[-74.14275,4.58192],[-74.14276,4.58197],[-74.14282,4.58217],[-74.14286,4.58239],[-74.14289,4.58263],[-74.14297,4.58338],[-74.14303,4.58374],[-74.14311,4.58405],[-74.14318,4.58426],[-74.14338,4.58483]]}},{"type":"Feature","properties":{"id":"89723757","nom":"Diagonal 51A Sur","tipo":"residential"},"geometry":{"type":"LineString","coordinates":[[-74.14268,4.58987],[-74.14346,4.59003],[-74.14413,4.59017],[-74.14457,4.59026],[-74.14509,4.59037],[-74.14515,4.59038]]}},{"type":"Feature","properties":{"id":"89723768","nom":"Diagonal 47A Sur","tipo":"residential"},"geometry":{"type":"LineString","coordinates":[[-74.14406,4.59357],[-74.14466,4.59362],[-74.14504,4.59365],[-74.14508,4.59365],[-74.14512,4.59367],[-74.14515,4.59369],[-74.14518,4.59372],[-74.14526,4.59383]]}},{"type":"Feature","properties":{"id":"89723810","nom":"Carrera 33A","tipo":"residential"},"geometry":{"type":"LineString","coordinates":[[-74.14016,4.58292],[-74.14058,4.58276],[-74.141,4.5826],[-74.14143,4.58243],[-74.14186,4.58227],[-74.14231,4.5821],[-74.14269,4.58194],[-74.14272,4.58193],[-74.14275,4.58192]]}},{"type":"Feature","properties":{"id":"89723830","nom":"Diagonal 47 Sur","tipo":"residential"},"geometry":{"type":"LineString","coordinates":[[-74.14398,4.59405],[-74.14331,4.59397],[-74.14317,4.59395],[-74.14301,4.59391],[-74.14287,4.59389],[-74.14258,4.59383],[-74.14242,4.5938],[-74.14197,4.59371],[-74.14154,4.59362],[-74.14151,4.59361]]}},{"type":"Feature","properties":{"id":"89723834","nom":"Carrera 28","tipo":"tertiary"},"geometry":{"type":"LineString","coordinates":[[-74.13155,4.58284],[-74.132,4.58272],[-74.13244,4.58261]]}},{"type":"Feature","properties":{"id":"89723865","nom":"Calle 54A Sur","tipo":"residential"},"geometry":{"type":"LineString","coordinates":[[-74.13957,4.57886],[-74.13993,4.57979],[-74.14028,4.58072],[-74.14064,4.58167],[-74.14071,4.58184],[-74.14072,4.58188]]}},{"type":"Feature","properties":{"id":"89723867","nom":"Carrera 54","tipo":"tertiary"},"geometry":{"type":"LineString","coordinates":[[-74.14125,4.59537],[-74.14123,4.59534],[-74.14121,4.59532],[-74.1412,4.59528],[-74.14119,4.59523],[-74.1412,4.59516],[-74.14142,4.59408],[-74.14151,4.59361]]}},{"type":"Feature","properties":{"id":"89723879","nom":"Carrera 54A","tipo":"residential"},"geometry":{"type":"LineString","coordinates":[[-74.14163,4.59542],[-74.14164,4.59537],[-74.14174,4.59488],[-74.14197,4.59371]]}},{"type":"Feature","properties":{"id":"89726547","nom":"","tipo":"trunk_link"},"geometry":{"type":"LineString","coordinates":[[-74.12941,4.59342],[-74.12932,4.59341],[-74.1292,4.59339],[-74.12913,4.59339],[-74.12907,4.59338],[-74.12907,4.59338],[-74.129,4.59337],[-74.12898,4.59337],[-74.12896,4.59337],[-74.1288,4.59336],[-74.12875,4.59335],[-74.12857,4.59334],[-74.12837,4.59334],[-74.12814,4.59336],[-74.12783,4.59339],[-74.12777,4.5934],[-74.12769,4.5934],[-74.12757,4.59341]]}},{"type":"Feature","properties":{"id":"89726551","nom":"","tipo":"trunk_link"},"geometry":{"type":"LineString","coordinates":[[-74.12424,4.59389],[-74.12464,4.5939],[-74.12478,4.59389],[-74.12492,4.59388],[-74.12494,4.59388],[-74.12501,4.59388],[-74.12515,4.59386],[-74.12541,4.59384],[-74.12563,4.59383],[-74.12584,4.59382]]}},{"type":"Feature","properties":{"id":"89726560","nom":"Carrera 34B","tipo":"residential"},"geometry":{"type":"LineString","coordinates":[[-74.12254,4.59158],[-74.12287,4.59153],[-74.12291,4.59153]]}},{"type":"Feature","properties":{"id":"89726569","nom":"Diagonal 40 Sur","tipo":"secondary"},"geometry":{"type":"LineString","coordinates":[[-74.12716,4.59188],[-74.12713,4.59187],[-74.1271,4.59185],[-74.12706,4.59183],[-74.12699,4.59179],[-74.12693,4.59174],[-74.12669,4.59155],[-74.12626,4.59119],[-74.12599,4.59097],[-74.12535,4.59047],[-74.12532,4.59045],[-74.1251,4.59027]]}},{"type":"Feature","properties":{"id":"89726576","nom":"Calle 37 Bis Sur","tipo":"residential"},"geometry":{"type":"LineString","coordinates":[[-74.12126,4.59182],[-74.12124,4.59171],[-74.12116,4.59129],[-74.12116,4.59127],[-74.12115,4.59122],[-74.12098,4.59029],[-74.12089,4.58975]]}},{"type":"Feature","properties":{"id":"89726596","nom":"Diagonal 40 Sur","tipo":"secondary"},"geometry":{"type":"LineString","coordinates":[[-74.12426,4.59003],[-74.12445,4.59008],[-74.12454,4.5901],[-74.1246,4.59013],[-74.12465,4.59015],[-74.1247,4.59017],[-74.12473,4.59019],[-74.12484,4.59027],[-74.12542,4.59071],[-74.1256,4.59085],[-74.1258,4.591],[-74.1262,4.59131],[-74.1267,4.59169],[-74.12682,4.59177],[-74.12687,4.59182],[-74.12692,4.59186],[-74.12695,4.5919],[-74.12699,4.59195],[-74.12701,4.592],[-74.12703,4.59205]]}},{"type":"Feature","properties":{"id":"89726632","nom":"","tipo":"trunk_link"},"geometry":{"type":"LineString","coordinates":[[-74.1271,4.59388],[-74.12718,4.59381],[-74.12722,4.59379],[-74.12726,4.59377],[-74.12732,4.59376],[-74.1274,4.59374],[-74.12748,4.59374],[-74.12754,4.59374]]}},{"type":"Feature","properties":{"id":"89726693","nom":"Carrera 34D","tipo":"residential"},"geometry":{"type":"LineString","coordinates":[[-74.11913,4.59317],[-74.11933,4.59314],[-74.1195,4.59311],[-74.11969,4.59307],[-74.11981,4.59305],[-74.12016,4.59299],[-74.12037,4.59295],[-74.12049,4.59293],[-74.12086,4.59286]]}},{"type":"Feature","properties":{"id":"89726816","nom":"Carrera 34F","tipo":"residential"},"geometry":{"type":"LineString","coordinates":[[-74.12591,4.59349],[-74.12594,4.59342],[-74.12595,4.59339],[-74.12598,4.59331],[-74.12612,4.593],[-74.12622,4.59277]]}},{"type":"Feature","properties":{"id":"89726838","nom":"Avenida Carrera 50","tipo":"secondary"},"geometry":{"type":"LineString","coordinates":[[-74.1254,4.59762],[-74.12547,4.59754],[-74.12556,4.59742],[-74.12568,4.59726],[-74.12575,4.59714],[-74.1258,4.59706],[-74.12584,4.59698],[-74.12593,4.59682],[-74.126,4.59667],[-74.12606,4.59652],[-74.1261,4.5964]]}},{"type":"Feature","properties":{"id":"89726850","nom":"Calle 38 Bis Sur","tipo":"residential"},"geometry":{"type":"LineString","coordinates":[[-74.12242,4.59358],[-74.12233,4.59306],[-74.12229,4.59279],[-74.12226,4.59261]]}},{"type":"Feature","properties":{"id":"89726877","nom":"Calle 38A Sur","tipo":"tertiary"},"geometry":{"type":"LineString","coordinates":[[-74.12226,4.58972],[-74.1223,4.58975],[-74.12234,4.58979],[-74.12235,4.58981],[-74.12236,4.58984],[-74.1225,4.59059],[-74.12257,4.59097],[-74.12259,4.59105],[-74.12261,4.59114],[-74.12263,4.5912],[-74.12267,4.59127],[-74.12268,4.59129],[-74.1227,4.59132],[-74.12275,4.59137],[-74.1228,4.59143],[-74.12288,4.59149],[-74.12291,4.59153],[-74.12292,4.59156],[-74.12293,4.59161],[-74.12299,4.59191],[-74.123,4.59199],[-74.12304,4.5922],[-74.12304,4.59228],[-74.12304,4.59234],[-74.12302,4.59248],[-74.12301,4.59258],[-74.12301,4.59264],[-74.12301,4.59271],[-74.12302,4.59279],[-74.12313,4.59348],[-74.12314,4.59353],[-74.12313,4.59357],[-74.12313,4.59359],[-74.12312,4.59362],[-74.12311,4.59365],[-74.12309,4.59368],[-74.12303,4.59374]]}},{"type":"Feature","properties":{"id":"90047893","nom":"Calle 42 Sur","tipo":"tertiary"},"geometry":{"type":"LineString","coordinates":[[-74.13544,4.59817],[-74.13574,4.59837],[-74.13577,4.59839],[-74.13583,4.59843]]}},{"type":"Feature","properties":{"id":"90047901","nom":"Carrera 51B","tipo":"tertiary"},"geometry":{"type":"LineString","coordinates":[[-74.12999,4.59749],[-74.12996,4.59753],[-74.12964,4.59792],[-74.12943,4.59818],[-74.1293,4.59835],[-74.12927,4.59838],[-74.12917,4.5985],[-74.129,4.59871],[-74.12892,4.59881],[-74.12874,4.59904],[-74.12867,4.59912],[-74.12842,4.59943]]}},{"type":"Feature","properties":{"id":"90047932","nom":"Carrera 52B","tipo":"residential"},"geometry":{"type":"LineString","coordinates":[[-74.13524,4.59595],[-74.13512,4.59614],[-74.13498,4.59634],[-74.13474,4.59671]]}},{"type":"Feature","properties":{"id":"90047942","nom":"Calle 40 Sur","tipo":"tertiary"},"geometry":{"type":"LineString","coordinates":[[-74.13438,4.60075],[-74.13433,4.60071],[-74.1343,4.6007],[-74.13393,4.60046],[-74.13356,4.60022],[-74.13323,4.6],[-74.13318,4.59997]]}},{"type":"Feature","properties":{"id":"90047949","nom":"Carrera 51D Bis","tipo":"residential"},"geometry":{"type":"LineString","coordinates":[[-74.13372,4.59432],[-74.13369,4.59438],[-74.13352,4.59481],[-74.13336,4.59521],[-74.13324,4.59552],[-74.13321,4.59558],[-74.13311,4.59583],[-74.13309,4.59588],[-74.13307,4.59594]]}},{"type":"Feature","properties":{"id":"90047953","nom":"Carrera 51","tipo":"residential"},"geometry":{"type":"LineString","coordinates":[[-74.1261,4.59972],[-74.12614,4.5997],[-74.12616,4.59968],[-74.1264,4.59941]]}},{"type":"Feature","properties":{"id":"90047956","nom":"Calle 41 Sur","tipo":"residential"},"geometry":{"type":"LineString","coordinates":[[-74.13244,4.59774],[-74.13217,4.59753],[-74.13214,4.5975],[-74.13199,4.59738],[-74.13183,4.59725],[-74.13177,4.59721],[-74.13155,4.59703],[-74.13152,4.597],[-74.13124,4.59678],[-74.13122,4.59676],[-74.13083,4.59645]]}},{"type":"Feature","properties":{"id":"90048010","nom":"Carrera 51F","tipo":"residential"},"geometry":{"type":"LineString","coordinates":[[-74.13455,4.59449],[-74.1345,4.59456],[-74.13411,4.59514],[-74.13367,4.59578],[-74.13344,4.59612]]}},{"type":"Feature","properties":{"id":"90048032","nom":"Carrera 53","tipo":"residential"},"geometry":{"type":"LineString","coordinates":[[-74.13532,4.59753],[-74.13602,4.59646],[-74.13652,4.59572],[-74.13656,4.59565],[-74.1366,4.59559],[-74.13662,4.59553],[-74.13665,4.59542]]}},{"type":"Feature","properties":{"id":"90048037","nom":"Carrera 52C","tipo":"tertiary"},"geometry":{"type":"LineString","coordinates":[[-74.13468,4.59767],[-74.1347,4.59763],[-74.13489,4.59735],[-74.13491,4.59733],[-74.13493,4.59728],[-74.13497,4.59723],[-74.13511,4.59702],[-74.13512,4.597],[-74.13514,4.59697],[-74.13518,4.59692],[-74.1356,4.59628],[-74.13564,4.59622],[-74.13568,4.59616],[-74.13574,4.59607],[-74.13618,4.59541],[-74.13623,4.59534]]}},{"type":"Feature","properties":{"id":"90048041","nom":"Carrera 52A","tipo":"residential"},"geometry":{"type":"LineString","coordinates":[[-74.13154,4.6006],[-74.13181,4.60019],[-74.13205,4.59981],[-74.13231,4.5994]]}},{"type":"Feature","properties":{"id":"90048073","nom":"Calle 42A Sur","tipo":"residential"},"geometry":{"type":"LineString","coordinates":[[-74.1361,4.59802],[-74.13605,4.59798],[-74.1357,4.59778],[-74.13532,4.59753],[-74.13497,4.59731],[-74.13493,4.59728]]}},{"type":"Feature","properties":{"id":"90048150","nom":"Calle 43 Sur","tipo":"residential"},"geometry":{"type":"LineString","coordinates":[[-74.1368,4.59687],[-74.13675,4.59688],[-74.13672,4.59688],[-74.13669,4.59688],[-74.13665,4.59687],[-74.1366,4.59685],[-74.13655,4.59681],[-74.1364,4.59671],[-74.13602,4.59646],[-74.13583,4.59634],[-74.13577,4.5963],[-74.13568,4.59625],[-74.13564,4.59622]]}},{"type":"Feature","properties":{"id":"90048191","nom":"Carrera 52","tipo":"tertiary"},"geometry":{"type":"LineString","coordinates":[[-74.13502,4.59458],[-74.13497,4.59466],[-74.13447,4.59538],[-74.13432,4.5956],[-74.13419,4.59579],[-74.13387,4.59627]]}},{"type":"Feature","properties":{"id":"90048198","nom":"Carrera 51B","tipo":"residential"},"geometry":{"type":"LineString","coordinates":[[-74.13137,4.59576],[-74.13125,4.59591],[-74.13114,4.59606],[-74.13102,4.5962],[-74.13083,4.59645],[-74.13076,4.59653],[-74.13052,4.59683],[-74.13027,4.59714],[-74.12999,4.59749]]}},{"type":"Feature","properties":{"id":"90048227","nom":"Carrera 52B","tipo":"residential"},"geometry":{"type":"LineString","coordinates":[[-74.13302,4.59932],[-74.13327,4.59894],[-74.13352,4.59855]]}},{"type":"Feature","properties":{"id":"90048239","nom":"Calle 42 Sur","tipo":"residential"},"geometry":{"type":"LineString","coordinates":[[-74.13162,4.59541],[-74.13154,4.59537],[-74.13136,4.5953]]}},{"type":"Feature","properties":{"id":"90048242","nom":"Carrera 52C","tipo":"tertiary"},"geometry":{"type":"LineString","coordinates":[[-74.13318,4.59997],[-74.13322,4.5999],[-74.13338,4.59967],[-74.13339,4.59965],[-74.13344,4.59958],[-74.13347,4.59953],[-74.13363,4.59928],[-74.13365,4.59926],[-74.13369,4.5992],[-74.13373,4.59914],[-74.13388,4.59891],[-74.13389,4.59889],[-74.13394,4.59882],[-74.13398,4.59876],[-74.13414,4.5985],[-74.13416,4.59848],[-74.13418,4.59844],[-74.13421,4.5984],[-74.13438,4.59814],[-74.1344,4.59811],[-74.13443,4.59805]]}},{"type":"Feature","properties":{"id":"90048252","nom":"Carrera 52A","tipo":"residential"},"geometry":{"type":"LineString","coordinates":[[-74.13313,4.59829],[-74.13338,4.59791],[-74.13362,4.59754]]}},{"type":"Feature","properties":{"id":"90048253","nom":"Calle 40 Sur","tipo":"tertiary"},"geometry":{"type":"LineString","coordinates":[[-74.12999,4.59749],[-74.12976,4.5973],[-74.12955,4.59713],[-74.1295,4.59709],[-74.12944,4.59705],[-74.12938,4.597],[-74.12936,4.59698],[-74.12913,4.5968]]}},{"type":"Feature","properties":{"id":"90048254","nom":"Calle 43 Sur","tipo":"residential"},"geometry":{"type":"LineString","coordinates":[[-74.13564,4.59622],[-74.1356,4.5962],[-74.13553,4.59616],[-74.13546,4.59611],[-74.13524,4.59595],[-74.13503,4.59581],[-74.13493,4.59573],[-74.13456,4.59544],[-74.1345,4.5954],[-74.13447,4.59538],[-74.13434,4.5953],[-74.13411,4.59514],[-74.1338,4.59493],[-74.13374,4.5949],[-74.13368,4.59487],[-74.13352,4.59481],[-74.13313,4.59464],[-74.1331,4.59463],[-74.13294,4.59456],[-74.13277,4.5945],[-74.13252,4.59439],[-74.13237,4.59433],[-74.1321,4.59422]]}},{"type":"Feature","properties":{"id":"90048353","nom":"Calle 42 Sur","tipo":"tertiary"},"geometry":{"type":"LineString","coordinates":[[-74.13348,4.59688],[-74.13351,4.5969],[-74.13383,4.59711],[-74.13389,4.59715]]}},{"type":"Feature","properties":{"id":"90048394","nom":"Carrera 51","tipo":"tertiary"},"geometry":{"type":"LineString","coordinates":[[-74.13039,4.59521],[-74.13035,4.59526],[-74.13032,4.5953]]}},{"type":"Feature","properties":{"id":"90048414","nom":"Carrera 54","tipo":"residential"},"geometry":{"type":"LineString","coordinates":[[-74.1357,4.59778],[-74.1364,4.59671],[-74.13696,4.59585],[-74.13704,4.59568],[-74.13708,4.59551]]}},{"type":"Feature","properties":{"id":"90051708","nom":"Carrera 50 Bis","tipo":"residential"},"geometry":{"type":"LineString","coordinates":[[-74.12749,4.59407],[-74.1273,4.59431],[-74.12718,4.59447],[-74.12714,4.59452],[-74.12708,4.5946],[-74.12703,4.59469]]}},{"type":"Feature","properties":{"id":"90051712","nom":"Carrera 50 Bis A","tipo":"residential"},"geometry":{"type":"LineString","coordinates":[[-74.12848,4.59394],[-74.12836,4.59408],[-74.12823,4.59423],[-74.12815,4.59434],[-74.12785,4.59469],[-74.12761,4.59498]]}},{"type":"Feature","properties":{"id":"90051720","nom":"Carrera 50A","tipo":"residential"},"geometry":{"type":"LineString","coordinates":[[-74.12764,4.59564],[-74.12795,4.59526],[-74.12827,4.59488],[-74.12857,4.5945],[-74.12888,4.59413],[-74.12912,4.59383],[-74.12919,4.59375]]}},{"type":"Feature","properties":{"id":"90051726","nom":"Carrera 50A","tipo":"residential"},"geometry":{"type":"LineString","coordinates":[[-74.12595,4.59774],[-74.12619,4.59744],[-74.12636,4.59723],[-74.12667,4.59685],[-74.12697,4.59648],[-74.12733,4.59603]]}},{"type":"Feature","properties":{"id":"90051727","nom":"Avenida Carrera 50","tipo":"secondary"},"geometry":{"type":"LineString","coordinates":[[-74.12445,4.59876],[-74.12472,4.59843],[-74.12501,4.59809]]}},{"type":"Feature","properties":{"id":"90053314","nom":"Carrera 41A","tipo":"residential"},"geometry":{"type":"LineString","coordinates":[[-74.12351,4.59897],[-74.12401,4.59837],[-74.12459,4.59768]]}},{"type":"Feature","properties":{"id":"90053315","nom":"Carrera 41A","tipo":"residential"},"geometry":{"type":"LineString","coordinates":[[-74.12239,4.60034],[-74.12283,4.59981],[-74.12323,4.59932],[-74.12351,4.59897]]}},{"type":"Feature","properties":{"id":"90053323","nom":"Calle 40A Sur","tipo":"residential"},"geometry":{"type":"LineString","coordinates":[[-74.12895,4.59606],[-74.12795,4.59526],[-74.12761,4.59498]]}},{"type":"Feature","properties":{"id":"90053327","nom":"Calle 33 Sur","tipo":"tertiary"},"geometry":{"type":"LineString","coordinates":[[-74.12384,4.59932],[-74.12386,4.59934],[-74.1239,4.59939],[-74.12392,4.59941]]}},{"type":"Feature","properties":{"id":"90053332","nom":"Calle 38B Sur","tipo":"residential"},"geometry":{"type":"LineString","coordinates":[[-74.12667,4.59685],[-74.1262,4.59648],[-74.12618,4.59646],[-74.1261,4.5964]]}},{"type":"Feature","properties":{"id":"90053339","nom":"Calle 41A Sur","tipo":"residential"},"geometry":{"type":"LineString","coordinates":[[-74.12956,4.5953],[-74.12857,4.5945],[-74.12823,4.59423]]}},{"type":"Feature","properties":{"id":"90053357","nom":"Calle 37 Sur","tipo":"tertiary"},"geometry":{"type":"LineString","coordinates":[[-74.1264,4.59941],[-74.12642,4.59934],[-74.12643,4.59928],[-74.12642,4.59906],[-74.12639,4.59893],[-74.12633,4.59883]]}},{"type":"Feature","properties":{"id":"90053362","nom":"Calle 33 Sur","tipo":"tertiary"},"geometry":{"type":"LineString","coordinates":[[-74.12392,4.59941],[-74.12395,4.59944],[-74.12397,4.59946],[-74.12426,4.59974],[-74.12527,4.60072],[-74.12529,4.60074],[-74.12534,4.60078]]}},{"type":"Feature","properties":{"id":"90053376","nom":"Calle 38B Sur","tipo":"residential"},"geometry":{"type":"LineString","coordinates":[[-74.12814,4.59804],[-74.12766,4.59765],[-74.12667,4.59685]]}},{"type":"Feature","properties":{"id":"90053378","nom":"Calle 39A Sur","tipo":"tertiary"},"geometry":{"type":"LineString","coordinates":[[-74.12879,4.59723],[-74.12831,4.59684]]}},{"type":"Feature","properties":{"id":"90053380","nom":"Carrera 50B","tipo":"residential"},"geometry":{"type":"LineString","coordinates":[[-74.12575,4.59943],[-74.12607,4.5991]]}},{"type":"Feature","properties":{"id":"90053389","nom":"Carrera 50C","tipo":"residential"},"geometry":{"type":"LineString","coordinates":[[-74.12699,4.59851],[-74.12702,4.59848],[-74.12706,4.59843],[-74.12736,4.59803],[-74.12766,4.59765],[-74.12796,4.59727]]}},{"type":"Feature","properties":{"id":"90054987","nom":"Avenida Carrera 50","tipo":"secondary"},"geometry":{"type":"LineString","coordinates":[[-74.12384,4.59932],[-74.12381,4.59936],[-74.1232,4.60012],[-74.12271,4.60072],[-74.12248,4.60101],[-74.12243,4.60106],[-74.12213,4.60144],[-74.12182,4.60179],[-74.12166,4.60191],[-74.12153,4.60197],[-74.12133,4.60204]]}},{"type":"Feature","properties":{"id":"90054991","nom":"Avenida Carrera 50","tipo":"secondary"},"geometry":{"type":"LineString","coordinates":[[-74.1252,4.59767],[-74.12517,4.59772],[-74.1251,4.59781],[-74.12492,4.59802]]}},{"type":"Feature","properties":{"id":"90057622","nom":"Carrera 39A","tipo":"residential"},"geometry":{"type":"LineString","coordinates":[[-74.12311,4.59501],[-74.12273,4.59534],[-74.1224,4.59564],[-74.12208,4.59593],[-74.12172,4.59625],[-74.12135,4.59659],[-74.12104,4.59687],[-74.12073,4.59715],[-74.12042,4.59743]]}},{"type":"Feature","properties":{"id":"90057630","nom":"Carrera 39","tipo":"residential"},"geometry":{"type":"LineString","coordinates":[[-74.12258,4.59481],[-74.12208,4.59528],[-74.12141,4.59589],[-74.12103,4.59624],[-74.12086,4.59639],[-74.12047,4.59675],[-74.12011,4.59708]]}},{"type":"Feature","properties":{"id":"90057674","nom":"Calle 29A Sur","tipo":"residential"},"geometry":{"type":"LineString","coordinates":[[-74.12036,4.59966],[-74.12004,4.5993],[-74.11973,4.59898],[-74.11947,4.59871],[-74.11922,4.59847],[-74.11896,4.59822]]}},{"type":"Feature","properties":{"id":"90057679","nom":"Calle 33 Sur","tipo":"tertiary"},"geometry":{"type":"LineString","coordinates":[[-74.12103,4.59624],[-74.12135,4.59659],[-74.12182,4.59711],[-74.12212,4.59744],[-74.12243,4.59778]]}},{"type":"Feature","properties":{"id":"90057694","nom":"Carrera 39B","tipo":"residential"},"geometry":{"type":"LineString","coordinates":[[-74.12182,4.59711],[-74.12151,4.59738],[-74.12119,4.59766],[-74.12088,4.59794],[-74.12029,4.59847],[-74.11973,4.59898],[-74.11943,4.59928],[-74.11914,4.59958],[-74.11887,4.59988],[-74.11859,4.60019],[-74.1183,4.60051],[-74.11827,4.60055]]}},{"type":"Feature","properties":{"id":"90058563","nom":"Diagonal 39 Sur","tipo":"residential"},"geometry":{"type":"LineString","coordinates":[[-74.12492,4.59388],[-74.12492,4.59394],[-74.12493,4.59426],[-74.12493,4.59436],[-74.12491,4.59447],[-74.12489,4.59458],[-74.12482,4.59484],[-74.12475,4.59514],[-74.1247,4.59534]]}},{"type":"Feature","properties":{"id":"90058574","nom":"Carrera 41","tipo":"residential"},"geometry":{"type":"LineString","coordinates":[[-74.12337,4.59816],[-74.12401,4.59758],[-74.12427,4.59735],[-74.12462,4.59703]]}},{"type":"Feature","properties":{"id":"90058595","nom":"Calle 34 Sur","tipo":"residential"},"geometry":{"type":"LineString","coordinates":[[-74.1228,4.59744],[-74.12219,4.59677],[-74.12172,4.59625]]}},{"type":"Feature","properties":{"id":"90058601","nom":"Transversal 39","tipo":"residential"},"geometry":{"type":"LineString","coordinates":[[-74.12493,4.59436],[-74.12403,4.59445],[-74.12321,4.59453]]}},{"type":"Feature","properties":{"id":"90058604","nom":"Carrera 41A","tipo":"residential"},"geometry":{"type":"LineString","coordinates":[[-74.12537,4.59745],[-74.12534,4.59741],[-74.12507,4.59716],[-74.12504,4.59709],[-74.12506,4.59703],[-74.12536,4.59654],[-74.12542,4.59642]]}},{"type":"Feature","properties":{"id":"90059029","nom":"Calle 37 Bis Sur","tipo":"residential"},"geometry":{"type":"LineString","coordinates":[[-74.12063,4.58943],[-74.12073,4.5895],[-74.12078,4.58954],[-74.1208,4.58956],[-74.12083,4.58961],[-74.12085,4.58965],[-74.12089,4.58975]]}},{"type":"Feature","properties":{"id":"90059042","nom":"Carrera 34F","tipo":"residential"},"geometry":{"type":"LineString","coordinates":[[-74.12233,4.59306],[-74.12199,4.59312],[-74.12178,4.59316],[-74.12165,4.59318],[-74.12142,4.59322],[-74.12131,4.59324],[-74.12094,4.59331]]}},{"type":"Feature","properties":{"id":"90059043","nom":"Calle 36 Sur","tipo":"residential"},"geometry":{"type":"LineString","coordinates":[[-74.12079,4.59188],[-74.12075,4.5919],[-74.12073,4.59192],[-74.12071,4.59195],[-74.12071,4.59199],[-74.12076,4.59228],[-74.12086,4.59286],[-74.12094,4.59331],[-74.12103,4.5938]]}},{"type":"Feature","properties":{"id":"90059054","nom":"Avenida Carrera 30","tipo":"secondary"},"geometry":{"type":"LineString","coordinates":[[-74.11558,4.59236],[-74.11561,4.59234],[-74.11634,4.5918],[-74.11715,4.59122],[-74.1175,4.59098],[-74.11865,4.59016],[-74.11902,4.58989],[-74.11931,4.58968],[-74.11941,4.58962],[-74.11949,4.58958],[-74.11962,4.58953],[-74.1198,4.58947],[-74.11992,4.58945],[-74.12002,4.58943],[-74.12016,4.58942],[-74.12026,4.58942],[-74.12042,4.58943],[-74.12063,4.58943]]}},{"type":"Feature","properties":{"id":"90065102","nom":"Carrera 68G Bis","tipo":"residential"},"geometry":{"type":"LineString","coordinates":[[-74.14248,4.60027],[-74.14273,4.5996],[-74.14317,4.59845]]}},{"type":"Feature","properties":{"id":"90065191","nom":"Calle 44 Sur","tipo":"tertiary"},"geometry":{"type":"LineString","coordinates":[[-74.14017,4.59554],[-74.14038,4.59571],[-74.14054,4.59583],[-74.1411,4.59626]]}},{"type":"Feature","properties":{"id":"90065281","nom":"Calle 44 Sur","tipo":"tertiary"},"geometry":{"type":"LineString","coordinates":[[-74.14309,4.59778],[-74.14327,4.59792],[-74.14362,4.59818],[-74.1439,4.59839],[-74.14418,4.5986]]}},{"type":"Feature","properties":{"id":"90065317","nom":"Avenida Calle 45A Sur","tipo":"trunk"},"geometry":{"type":"LineString","coordinates":[[-74.13145,4.59389],[-74.13187,4.59397],[-74.13217,4.59403],[-74.13263,4.59411],[-74.13323,4.59423],[-74.13372,4.59432],[-74.13455,4.59449],[-74.13502,4.59458],[-74.13506,4.59458],[-74.13525,4.59462],[-74.13533,4.59464]]}},{"type":"Feature","properties":{"id":"90065347","nom":"Calle 43F Sur","tipo":"residential"},"geometry":{"type":"LineString","coordinates":[[-74.14396,4.59903],[-74.14353,4.59872],[-74.14317,4.59845],[-74.14279,4.59817],[-74.14246,4.59792],[-74.14211,4.59766],[-74.14204,4.59762]]}},{"type":"Feature","properties":{"id":"90065385","nom":"Carrera 68D Bis","tipo":"residential"},"geometry":{"type":"LineString","coordinates":[[-74.14204,4.59762],[-74.14194,4.5976],[-74.14184,4.59761],[-74.14173,4.59765],[-74.14158,4.59777]]}},{"type":"Feature","properties":{"id":"90065428","nom":"Carrera 68D","tipo":"tertiary"},"geometry":{"type":"LineString","coordinates":[[-74.14131,4.59738],[-74.14129,4.59739],[-74.14099,4.59766],[-74.14091,4.59772],[-74.14047,4.5981],[-74.14034,4.59823],[-74.14029,4.59827],[-74.14021,4.59836],[-74.13951,4.59928],[-74.13855,4.60054],[-74.13834,4.60082],[-74.13813,4.6011],[-74.13797,4.60133]]}},{"type":"Feature","properties":{"id":"90065446","nom":"Carrera 68A","tipo":"tertiary"},"geometry":{"type":"LineString","coordinates":[[-74.13468,4.60251],[-74.13492,4.60213],[-74.13531,4.60153],[-74.13556,4.60114],[-74.13569,4.60094],[-74.13578,4.60078],[-74.13609,4.6003],[-74.13613,4.60023],[-74.1362,4.60013],[-74.1363,4.59998],[-74.13645,4.59974],[-74.1366,4.5995],[-74.13661,4.59948],[-74.13665,4.59943]]}},{"type":"Feature","properties":{"id":"90065468","nom":"Transversal 68G","tipo":"residential"},"geometry":{"type":"LineString","coordinates":[[-74.14327,4.59792],[-74.14409,4.59775],[-74.14465,4.59764]]}},{"type":"Feature","properties":{"id":"90065502","nom":"Calle 44 Sur","tipo":"tertiary"},"geometry":{"type":"LineString","coordinates":[[-74.14471,4.599],[-74.14484,4.5991]]}},{"type":"Feature","properties":{"id":"90065512","nom":"Transversal 68C","tipo":"residential"},"geometry":{"type":"LineString","coordinates":[[-74.14412,4.59608],[-74.14356,4.5962],[-74.14286,4.59635],[-74.14224,4.5965],[-74.14161,4.59664]]}},{"type":"Feature","properties":{"id":"90065562","nom":"Calle 44 Sur","tipo":"tertiary"},"geometry":{"type":"LineString","coordinates":[[-74.14464,4.59895],[-74.14471,4.599]]}},{"type":"Feature","properties":{"id":"90065564","nom":"Carrera 68H","tipo":"residential"},"geometry":{"type":"LineString","coordinates":[[-74.14294,4.60044],[-74.14317,4.59977],[-74.14353,4.59872]]}},{"type":"Feature","properties":{"id":"90839814","nom":"Avenida Calle 57R Sur","tipo":"trunk"},"geometry":{"type":"LineString","coordinates":[[-74.1549,4.59659],[-74.15511,4.59658],[-74.15555,4.59654],[-74.15592,4.5965],[-74.15596,4.5965],[-74.15598,4.5965],[-74.15638,4.59647],[-74.15649,4.59647],[-74.15673,4.59645]]}},{"type":"Feature","properties":{"id":"91285291","nom":"Diagonal 51A Sur","tipo":"residential"},"geometry":{"type":"LineString","coordinates":[[-74.14596,4.58965],[-74.146,4.58963],[-74.14642,4.58945],[-74.14707,4.58918],[-74.14772,4.5889],[-74.14828,4.58867],[-74.14831,4.58865],[-74.14879,4.58845],[-74.14927,4.58825],[-74.14974,4.58803],[-74.1498,4.58801],[-74.14987,4.58797],[-74.14992,4.58793]]}},{"type":"Feature","properties":{"id":"91334235","nom":"Carrera 20","tipo":"residential"},"geometry":{"type":"LineString","coordinates":[[-74.14954,4.56135],[-74.14854,4.56165],[-74.14754,4.56195],[-74.14647,4.56226],[-74.14547,4.56257],[-74.14449,4.56288],[-74.14347,4.56318],[-74.14272,4.56341],[-74.14225,4.56356]]}},{"type":"Feature","properties":{"id":"91334240","nom":"Carrera 41A","tipo":"residential"},"geometry":{"type":"LineString","coordinates":[[-74.15161,4.57198],[-74.15212,4.57174],[-74.15233,4.57165],[-74.15273,4.57146]]}},{"type":"Feature","properties":{"id":"91334244","nom":"Carrera 22G","tipo":"residential"},"geometry":{"type":"LineString","coordinates":[[-74.14485,4.57027],[-74.14494,4.57014],[-74.14522,4.56973],[-74.14529,4.56963],[-74.14538,4.5695],[-74.14555,4.56925],[-74.14589,4.56876],[-74.14592,4.56872]]}},{"type":"Feature","properties":{"id":"91334249","nom":"Carrera 38","tipo":"tertiary"},"geometry":{"type":"LineString","coordinates":[[-74.15,4.57419],[-74.15011,4.57403],[-74.15021,4.57386],[-74.15039,4.5736],[-74.15057,4.57334],[-74.15067,4.57319],[-74.15069,4.57316],[-74.15077,4.57305],[-74.15105,4.57265],[-74.1511,4.57258],[-74.15117,4.57246],[-74.15119,4.57243],[-74.15123,4.57236]]}},{"type":"Feature","properties":{"id":"91334260","nom":"Calle 63 Sur","tipo":"residential"},"geometry":{"type":"LineString","coordinates":[[-74.14408,4.56157],[-74.14421,4.562],[-74.14434,4.56242],[-74.14449,4.56288],[-74.1446,4.56331],[-74.14474,4.56375],[-74.14487,4.56419],[-74.145,4.56462],[-74.14514,4.56506],[-74.14526,4.56549],[-74.1454,4.56594],[-74.14554,4.56638],[-74.14567,4.56682],[-74.14581,4.56728],[-74.14583,4.56733]]}},{"type":"Feature","properties":{"id":"91334281","nom":"Calle 64C Sur","tipo":"residential"},"geometry":{"type":"LineString","coordinates":[[-74.14938,4.56793],[-74.14954,4.56804],[-74.14992,4.5683],[-74.15032,4.56857],[-74.15051,4.5687],[-74.15069,4.56882],[-74.15087,4.56894],[-74.15104,4.56906],[-74.15122,4.56918],[-74.15158,4.56943],[-74.15176,4.56955],[-74.15195,4.56968],[-74.15213,4.5698],[-74.15225,4.56979]]}},{"type":"Feature","properties":{"id":"91334311","nom":"Calle 64 Sur","tipo":"tertiary"},"geometry":{"type":"LineString","coordinates":[[-74.14587,4.56389],[-74.146,4.56432],[-74.14613,4.56476],[-74.14626,4.56518],[-74.1464,4.56564],[-74.14653,4.56609],[-74.14666,4.56653],[-74.14677,4.56689]]}},{"type":"Feature","properties":{"id":"91334336","nom":"Calle 68A Sur","tipo":"residential"},"geometry":{"type":"LineString","coordinates":[[-74.15021,4.56303],[-74.15013,4.56259]]}},{"type":"Feature","properties":{"id":"91334348","nom":"Carrera 20A","tipo":"residential"},"geometry":{"type":"LineString","coordinates":[[-74.14976,4.56175],[-74.14967,4.56177],[-74.14867,4.56208],[-74.14766,4.56238],[-74.1466,4.5627],[-74.1456,4.56301],[-74.1446,4.56331],[-74.1436,4.56362],[-74.14285,4.56385],[-74.14249,4.56396]]}},{"type":"Feature","properties":{"id":"91334360","nom":"Carrera 19G","tipo":"tertiary"},"geometry":{"type":"LineString","coordinates":[[-74.14533,4.56212],[-74.14624,4.56184],[-74.14633,4.56182],[-74.1472,4.56156],[-74.1474,4.5615]]}},{"type":"Feature","properties":{"id":"91334382","nom":"Carrera 22","tipo":"residential"},"geometry":{"type":"LineString","coordinates":[[-74.14319,4.56786],[-74.14309,4.56812],[-74.14299,4.56837],[-74.1429,4.56861],[-74.14285,4.56873],[-74.1428,4.56886],[-74.1427,4.56912],[-74.14259,4.56938],[-74.1425,4.56961],[-74.14241,4.56985],[-74.14232,4.57008]]}},{"type":"Feature","properties":{"id":"91334383","nom":"Calle 62 Sur","tipo":"tertiary"},"geometry":{"type":"LineString","coordinates":[[-74.15421,4.5742],[-74.1546,4.57498],[-74.15462,4.57503],[-74.15464,4.57508],[-74.15465,4.5751],[-74.15467,4.57517],[-74.15467,4.57523],[-74.15468,4.57528]]}},{"type":"Feature","properties":{"id":"91334401","nom":"Transversal 42","tipo":"residential"},"geometry":{"type":"LineString","coordinates":[[-74.15077,4.57305],[-74.15087,4.57311],[-74.15097,4.57317],[-74.15108,4.57322],[-74.15123,4.57327],[-74.15132,4.5733],[-74.15156,4.57333],[-74.15183,4.57334],[-74.15206,4.5733]]}},{"type":"Feature","properties":{"id":"91334402","nom":"Transversal 42A","tipo":"residential"},"geometry":{"type":"LineString","coordinates":[[-74.15172,4.57368],[-74.15188,4.57368],[-74.15208,4.57365],[-74.15226,4.57361],[-74.15237,4.57356],[-74.15257,4.57347],[-74.15265,4.57343],[-74.1527,4.5734]]}},{"type":"Feature","properties":{"id":"91334405","nom":"Calle 59B Sur","tipo":"residential"},"geometry":{"type":"LineString","coordinates":[[-74.14992,4.57265],[-74.15006,4.57287],[-74.15009,4.5729],[-74.15022,4.57305],[-74.15034,4.57316],[-74.15048,4.57328],[-74.15057,4.57334],[-74.15066,4.5734],[-74.15076,4.57345],[-74.1509,4.57351],[-74.15107,4.57357],[-74.15122,4.57361],[-74.1514,4.57365],[-74.1515,4.57366],[-74.15172,4.57368]]}},{"type":"Feature","properties":{"id":"91334416","nom":"Calle 59B Sur","tipo":"residential"},"geometry":{"type":"LineString","coordinates":[[-74.14992,4.57265],[-74.14966,4.57254],[-74.1496,4.57252],[-74.14948,4.57246],[-74.14933,4.5724],[-74.14902,4.57227],[-74.14873,4.57214],[-74.14844,4.57202],[-74.14808,4.57186]]}},{"type":"Feature","properties":{"id":"91334419","nom":"Carrera 19F","tipo":"residential"},"geometry":{"type":"LineString","coordinates":[[-74.14245,4.56252],[-74.14321,4.56229],[-74.14421,4.562],[-74.14521,4.56169],[-74.1462,4.56138],[-74.14727,4.56106],[-74.14828,4.56077],[-74.14916,4.56051]]}},{"type":"Feature","properties":{"id":"91334479","nom":"Carrera 44","tipo":"residential"},"geometry":{"type":"LineString","coordinates":[[-74.15309,4.5744],[-74.15252,4.57482],[-74.15195,4.57512]]}},{"type":"Feature","properties":{"id":"91334480","nom":"Calle 59A Sur","tipo":"residential"},"geometry":{"type":"LineString","coordinates":[[-74.15147,4.574],[-74.1513,4.57397],[-74.1511,4.57393],[-74.15107,4.57392],[-74.15084,4.57384],[-74.15062,4.57375],[-74.15039,4.5736]]}},{"type":"Feature","properties":{"id":"91334482","nom":"Calle 67 Sur","tipo":"residential"},"geometry":{"type":"LineString","coordinates":[[-74.14816,4.56037],[-74.14828,4.56077],[-74.14841,4.56121],[-74.14854,4.56165],[-74.14867,4.56208]]}},{"type":"Feature","properties":{"id":"91334494","nom":"Diagonal 63 Sur","tipo":"residential"},"geometry":{"type":"LineString","coordinates":[[-74.15257,4.57265],[-74.15251,4.57253],[-74.15241,4.57233],[-74.15232,4.57214],[-74.15212,4.57174],[-74.15193,4.57134],[-74.1519,4.57129]]}},{"type":"Feature","properties":{"id":"91334519","nom":"Transversal 28","tipo":"residential"},"geometry":{"type":"LineString","coordinates":[[-74.14787,4.5704],[-74.14793,4.57061],[-74.14809,4.57114],[-74.14809,4.57164],[-74.14808,4.57186],[-74.14806,4.57271],[-74.14806,4.57303]]}},{"type":"Feature","properties":{"id":"91334534","nom":"Calle 68 Sur","tipo":"residential"},"geometry":{"type":"LineString","coordinates":[[-74.14977,4.56317],[-74.1499,4.5636],[-74.15002,4.56404],[-74.15016,4.5645],[-74.15029,4.56495],[-74.15041,4.56536],[-74.1505,4.56564],[-74.15054,4.5658],[-74.15068,4.56625]]}},{"type":"Feature","properties":{"id":"91334560","nom":"Calle 63 Sur","tipo":"residential"},"geometry":{"type":"LineString","coordinates":[[-74.15189,4.57131],[-74.15151,4.57105],[-74.1515,4.57105],[-74.15134,4.57094],[-74.15117,4.57083],[-74.1508,4.57058],[-74.15044,4.57033],[-74.15027,4.57021],[-74.15008,4.57008],[-74.14972,4.56984],[-74.14936,4.5696],[-74.14919,4.56948],[-74.14901,4.56936]]}},{"type":"Feature","properties":{"id":"91334572","nom":"Calle 65 Sur","tipo":"residential"},"geometry":{"type":"LineString","coordinates":[[-74.14608,4.56098],[-74.1462,4.56138],[-74.14633,4.56182],[-74.14647,4.56226],[-74.1466,4.5627],[-74.14673,4.56316],[-74.14686,4.56358],[-74.14699,4.56402],[-74.14713,4.56446],[-74.14726,4.56488],[-74.1474,4.56534],[-74.14754,4.56578],[-74.14767,4.56621],[-74.14773,4.56636]]}},{"type":"Feature","properties":{"id":"91334574","nom":"Carrera 21A","tipo":"residential"},"geometry":{"type":"LineString","coordinates":[[-74.1476,4.56528],[-74.1474,4.56534],[-74.14667,4.56556],[-74.1464,4.56564],[-74.1454,4.56594],[-74.1444,4.56625],[-74.14401,4.56637]]}},{"type":"Feature","properties":{"id":"91334576","nom":"Calle 66 Sur","tipo":"residential"},"geometry":{"type":"LineString","coordinates":[[-74.14868,4.56589],[-74.14856,4.56547]]}},{"type":"Feature","properties":{"id":"91497907","nom":"Avenida Calle 57R Sur","tipo":"trunk"},"geometry":{"type":"LineString","coordinates":[[-74.15537,4.59627],[-74.15528,4.59629],[-74.15508,4.59631],[-74.155,4.59631],[-74.15493,4.59632],[-74.1549,4.59632],[-74.15483,4.59632],[-74.15471,4.59631],[-74.15454,4.5963],[-74.15438,4.59628],[-74.15423,4.59625],[-74.15411,4.59623],[-74.1541,4.59623],[-74.154,4.5962],[-74.15388,4.59617],[-74.15367,4.59611],[-74.15357,4.59609]]}},{"type":"Feature","properties":{"id":"91497908","nom":"","tipo":"trunk_link"},"geometry":{"type":"LineString","coordinates":[[-74.13533,4.59464],[-74.13591,4.59479],[-74.13615,4.59485],[-74.13651,4.59492],[-74.13675,4.59497],[-74.13709,4.59504],[-74.13732,4.5951],[-74.13748,4.59515]]}},{"type":"Feature","properties":{"id":"91497925","nom":"Avenida Calle 45A Sur","tipo":"trunk"},"geometry":{"type":"LineString","coordinates":[[-74.13107,4.59355],[-74.13087,4.59351],[-74.13068,4.59348],[-74.13056,4.59347],[-74.13039,4.59345],[-74.13029,4.59344],[-74.13021,4.59344],[-74.12965,4.59342],[-74.12941,4.59342]]}},{"type":"Feature","properties":{"id":"91499457","nom":"Carrera 41","tipo":"residential"},"geometry":{"type":"LineString","coordinates":[[-74.12274,4.59878],[-74.12178,4.59962],[-74.12145,4.59993]]}},{"type":"Feature","properties":{"id":"91499462","nom":"Calle 32 Sur","tipo":"residential"},"geometry":{"type":"LineString","coordinates":[[-74.12323,4.59932],[-74.12297,4.59903],[-74.12274,4.59878],[-74.12243,4.59842]]}},{"type":"Feature","properties":{"id":"91499498","nom":"Calle 30 Sur","tipo":"residential"},"geometry":{"type":"LineString","coordinates":[[-74.12151,4.59862],[-74.12119,4.59827],[-74.12088,4.59794],[-74.12063,4.59766],[-74.12042,4.59743],[-74.12038,4.59739],[-74.12011,4.59708],[-74.12006,4.59702]]}},{"type":"Feature","properties":{"id":"91499505","nom":"Calle 29C Sur","tipo":"residential"},"geometry":{"type":"LineString","coordinates":[[-74.12271,4.60072],[-74.12269,4.6007],[-74.12267,4.60067],[-74.12239,4.60034],[-74.12209,4.59999],[-74.12178,4.59962]]}},{"type":"Feature","properties":{"id":"91499535","nom":"Carrera 39A Bis","tipo":"residential"},"geometry":{"type":"LineString","coordinates":[[-74.11947,4.59871],[-74.12004,4.59819],[-74.12063,4.59766]]}},{"type":"Feature","properties":{"id":"91946166","nom":"Avenida Carrera 19C","tipo":"primary"},"geometry":{"type":"LineString","coordinates":[[-74.12898,4.57081],[-74.12913,4.57082],[-74.12925,4.57082],[-74.12937,4.57081],[-74.1295,4.5708],[-74.12964,4.57078],[-74.12977,4.57075],[-74.12986,4.57072],[-74.13002,4.57067],[-74.13019,4.57061],[-74.13077,4.57039],[-74.13094,4.57033],[-74.1311,4.57026],[-74.13141,4.57014],[-74.13196,4.56991],[-74.13248,4.56971],[-74.13275,4.56961],[-74.13338,4.56936],[-74.13409,4.56908],[-74.13441,4.56895]]}},{"type":"Feature","properties":{"id":"91946167","nom":"Avenida Carrera 19C","tipo":"primary"},"geometry":{"type":"LineString","coordinates":[[-74.1404,4.567],[-74.14015,4.56704],[-74.13995,4.56708],[-74.13985,4.56709],[-74.13978,4.5671],[-74.13971,4.5671],[-74.13927,4.5671],[-74.13888,4.56709],[-74.13856,4.56708],[-74.13822,4.56708],[-74.13802,4.56709],[-74.13786,4.5671],[-74.13785,4.5671],[-74.13769,4.56712],[-74.13758,4.56714],[-74.1375,4.56716],[-74.13737,4.5672],[-74.13728,4.56723],[-74.13718,4.56727],[-74.13702,4.56734],[-74.13686,4.56742]]}},{"type":"Feature","properties":{"id":"91972585","nom":"Transversal 35","tipo":"trunk"},"geometry":{"type":"LineString","coordinates":[[-74.12204,4.59385],[-74.12166,4.59392],[-74.12107,4.59403],[-74.11997,4.59423],[-74.11983,4.59426],[-74.11942,4.59435],[-74.11894,4.59445],[-74.11804,4.59463],[-74.11793,4.59466],[-74.11771,4.5947],[-74.11751,4.59474],[-74.11735,4.59477],[-74.11724,4.5948],[-74.11715,4.59482],[-74.11712,4.59483]]}},{"type":"Feature","properties":{"id":"91972603","nom":"Avenida Carrera 53","tipo":"secondary"},"geometry":{"type":"LineString","coordinates":[[-74.13848,4.59155],[-74.13849,4.59151],[-74.13858,4.59109],[-74.13868,4.59063]]}},{"type":"Feature","properties":{"id":"91972604","nom":"Diagonal 39A Sur","tipo":"secondary"},"geometry":{"type":"LineString","coordinates":[[-74.13107,4.59355],[-74.13059,4.5934],[-74.13026,4.5933],[-74.13012,4.59325],[-74.13006,4.59324],[-74.12991,4.59319],[-74.12965,4.59311],[-74.12949,4.59305],[-74.12926,4.59298],[-74.12887,4.59285],[-74.12818,4.59261],[-74.12805,4.59255],[-74.12788,4.59246],[-74.12774,4.59238],[-74.12757,4.59226],[-74.12748,4.5922],[-74.12745,4.59218],[-74.12739,4.59212],[-74.12735,4.59208]]}},{"type":"Feature","properties":{"id":"91972605","nom":"","tipo":"trunk_link"},"geometry":{"type":"LineString","coordinates":[[-74.14531,4.5978],[-74.14537,4.59759],[-74.14539,4.59752],[-74.14541,4.59743],[-74.14543,4.59732],[-74.14545,4.59718],[-74.14546,4.59714],[-74.14548,4.5969],[-74.14552,4.59652],[-74.14553,4.59632],[-74.14553,4.59621],[-74.14553,4.59618],[-74.14554,4.59601],[-74.14554,4.59582],[-74.14554,4.59576],[-74.14555,4.59568],[-74.14556,4.59563],[-74.14558,4.59558],[-74.1456,4.59554],[-74.14563,4.59549],[-74.14566,4.59545],[-74.14567,4.59543],[-74.14572,4.59538],[-74.14577,4.59533],[-74.14582,4.59529],[-74.14591,4.59523],[-74.14607,4.59517]]}},{"type":"Feature","properties":{"id":"91972619","nom":"","tipo":"trunk_link"},"geometry":{"type":"LineString","coordinates":[[-74.12646,4.5934],[-74.12642,4.59342],[-74.1264,4.59343],[-74.12634,4.59345],[-74.12628,4.59346],[-74.12621,4.59347],[-74.12591,4.59349],[-74.12555,4.5935],[-74.12539,4.59351],[-74.12521,4.59351],[-74.12512,4.59351],[-74.12502,4.59352],[-74.12495,4.59352],[-74.12492,4.59352],[-74.12482,4.59353],[-74.12472,4.59354],[-74.12426,4.59361]]}},{"type":"Feature","properties":{"id":"91972631","nom":"Transversal 35","tipo":"trunk"},"geometry":{"type":"LineString","coordinates":[[-74.11697,4.59517],[-74.11707,4.59514],[-74.11741,4.59505],[-74.11794,4.59492],[-74.11909,4.59468],[-74.12066,4.59436]]}},{"type":"Feature","properties":{"id":"103414065","nom":"Diagonal 45 Sur","tipo":"residential"},"geometry":{"type":"LineString","coordinates":[[-74.12582,4.57956],[-74.12667,4.57992],[-74.12734,4.58021],[-74.12802,4.58049]]}},{"type":"Feature","properties":{"id":"119477958","nom":"Carrera 38","tipo":"tertiary"},"geometry":{"type":"LineString","coordinates":[[-74.15242,4.57086],[-74.15245,4.57083],[-74.15246,4.57082],[-74.15247,4.57079],[-74.15289,4.57019],[-74.15292,4.57014],[-74.15294,4.5701],[-74.15296,4.57005],[-74.15298,4.57001],[-74.153,4.56999],[-74.15301,4.56998],[-74.15304,4.56995],[-74.15307,4.56992],[-74.15311,4.5699],[-74.15313,4.56989],[-74.15316,4.56988],[-74.15321,4.56987],[-74.15326,4.56988],[-74.15331,4.56989],[-74.15335,4.56991]]}},{"type":"Feature","properties":{"id":"119478049","nom":"Carrera 30","tipo":"residential"},"geometry":{"type":"LineString","coordinates":[[-74.15416,4.56615],[-74.15348,4.56643]]}},{"type":"Feature","properties":{"id":"119478052","nom":"Diagonal 65B Sur","tipo":"residential"},"geometry":{"type":"LineString","coordinates":[[-74.14652,4.56085],[-74.14664,4.55983],[-74.14678,4.55883]]}},{"type":"Feature","properties":{"id":"119478075","nom":"Calle 68G Bis Sur","tipo":"residential"},"geometry":{"type":"LineString","coordinates":[[-74.15176,4.56199],[-74.15159,4.56148]]}},{"type":"Feature","properties":{"id":"119478155","nom":"Calle 68H Sur","tipo":"residential"},"geometry":{"type":"LineString","coordinates":[[-74.15179,4.56146],[-74.15176,4.5613],[-74.15174,4.56124],[-74.15168,4.56097],[-74.15162,4.56073],[-74.15155,4.56044]]}},{"type":"Feature","properties":{"id":"119478183","nom":"Diagonal 67 Sur","tipo":"residential"},"geometry":{"type":"LineString","coordinates":[[-74.14806,4.5604],[-74.14818,4.55968],[-74.14824,4.55938]]}},{"type":"Feature","properties":{"id":"119478219","nom":"Carrera 20F","tipo":"residential"},"geometry":{"type":"LineString","coordinates":[[-74.15206,4.56296],[-74.15213,4.56295],[-74.1526,4.56282]]}},{"type":"Feature","properties":{"id":"119478308","nom":"Diagonal 63 Sur","tipo":"residential"},"geometry":{"type":"LineString","coordinates":[[-74.14438,4.56148],[-74.14447,4.56081],[-74.14453,4.56039],[-74.14454,4.56029]]}},{"type":"Feature","properties":{"id":"119478621","nom":"Calle 62A Sur","tipo":"residential"},"geometry":{"type":"LineString","coordinates":[[-74.14322,4.56101],[-74.14295,4.56056],[-74.14268,4.56012],[-74.14238,4.55967],[-74.14224,4.55944]]}},{"type":"Feature","properties":{"id":"119478754","nom":"Diagonal 68A Sur","tipo":"residential"},"geometry":{"type":"LineString","coordinates":[[-74.15283,4.56796],[-74.15285,4.56801],[-74.15285,4.56805],[-74.15286,4.56813],[-74.15287,4.56821],[-74.15287,4.56829],[-74.15286,4.56837],[-74.15285,4.56844],[-74.15275,4.56884],[-74.15274,4.56895],[-74.15274,4.56898],[-74.15273,4.56904],[-74.15273,4.56913],[-74.15273,4.56918],[-74.15275,4.56924],[-74.15276,4.56929],[-74.15278,4.56938],[-74.1528,4.56945],[-74.15296,4.57005]]}},{"type":"Feature","properties":{"id":"119478983","nom":"Diagonal 69 Sur","tipo":"residential"},"geometry":{"type":"LineString","coordinates":[[-74.15214,4.56057],[-74.1522,4.56066],[-74.15229,4.56077],[-74.15248,4.56099],[-74.15268,4.5612],[-74.15314,4.5616],[-74.1532,4.56165],[-74.15327,4.5617],[-74.15336,4.56176],[-74.15341,4.56181],[-74.15345,4.56188],[-74.15347,4.56195],[-74.1535,4.56203]]}},{"type":"Feature","properties":{"id":"119479013","nom":"Calle 68G Sur","tipo":"residential"},"geometry":{"type":"LineString","coordinates":[[-74.15217,4.56376],[-74.15204,4.56335],[-74.15203,4.56332],[-74.15194,4.56299],[-74.15185,4.56276]]}},{"type":"Feature","properties":{"id":"119479044","nom":"Calle 61 Bis A Sur","tipo":"residential"},"geometry":{"type":"LineString","coordinates":[[-74.14,4.56051],[-74.14012,4.56068]]}},{"type":"Feature","properties":{"id":"119479082","nom":"Carrera 19B Bis","tipo":"residential"},"geometry":{"type":"LineString","coordinates":[[-74.14405,4.56019],[-74.14389,4.56016],[-74.14373,4.56014],[-74.1437,4.56015],[-74.14367,4.56016],[-74.14358,4.5602],[-74.14349,4.56024],[-74.14335,4.56032],[-74.14295,4.56056],[-74.14252,4.56083],[-74.14193,4.56117],[-74.14181,4.56125],[-74.14113,4.56165],[-74.14046,4.56204]]}},{"type":"Feature","properties":{"id":"119479133","nom":"Calle 68F Bis Sur","tipo":"residential"},"geometry":{"type":"LineString","coordinates":[[-74.15117,4.56086],[-74.15127,4.56122]]}},{"type":"Feature","properties":{"id":"119479217","nom":"Carrera 19G","tipo":"residential"},"geometry":{"type":"LineString","coordinates":[[-74.15139,4.56034],[-74.15088,4.56048],[-74.15041,4.56062],[-74.15029,4.56066]]}},{"type":"Feature","properties":{"id":"119479252","nom":"Calle 61B Bis Sur","tipo":"residential"},"geometry":{"type":"LineString","coordinates":[[-74.14143,4.56007],[-74.14119,4.55984]]}},{"type":"Feature","properties":{"id":"119479471","nom":"Calle 68C Sur","tipo":"residential"},"geometry":{"type":"LineString","coordinates":[[-74.15046,4.56145],[-74.15054,4.5617]]}},{"type":"Feature","properties":{"id":"119479506","nom":"Calle 61 Bis Sur","tipo":"residential"},"geometry":{"type":"LineString","coordinates":[[-74.13962,4.56072],[-74.13975,4.56093]]}},{"type":"Feature","properties":{"id":"119479516","nom":"Calle 68H Sur","tipo":"residential"},"geometry":{"type":"LineString","coordinates":[[-74.15204,4.56204],[-74.15201,4.56193],[-74.15187,4.56144]]}},{"type":"Feature","properties":{"id":"119479544","nom":"Diagonal 62D Sur","tipo":"residential"},"geometry":{"type":"LineString","coordinates":[[-74.14421,4.55917],[-74.14422,4.5592],[-74.14422,4.55922],[-74.14422,4.55924],[-74.14416,4.55966],[-74.14405,4.56019]]}},{"type":"Feature","properties":{"id":"119479630","nom":"Carrera 31","tipo":"residential"},"geometry":{"type":"LineString","coordinates":[[-74.15418,4.56639],[-74.15412,4.56645],[-74.15405,4.5665],[-74.15397,4.56654],[-74.15373,4.56666],[-74.15369,4.56668],[-74.15357,4.56672],[-74.15352,4.56674],[-74.15347,4.56678],[-74.15343,4.56681],[-74.15339,4.56686]]}},{"type":"Feature","properties":{"id":"119479723","nom":"Diagonal 68I Sur","tipo":"residential"},"geometry":{"type":"LineString","coordinates":[[-74.15158,4.5647],[-74.1516,4.56471],[-74.15162,4.56473],[-74.15164,4.56476],[-74.15168,4.56482],[-74.15171,4.56487],[-74.15178,4.56494],[-74.15206,4.56524],[-74.15226,4.56545],[-74.15246,4.56566],[-74.15252,4.56573],[-74.15262,4.56585],[-74.1528,4.56607],[-74.15285,4.56613],[-74.15305,4.56636],[-74.15328,4.56663],[-74.15343,4.56681]]}},{"type":"Feature","properties":{"id":"119479784","nom":"Diagonal 64 Bis Sur","tipo":"tertiary"},"geometry":{"type":"LineString","coordinates":[[-74.14473,4.56138],[-74.14485,4.5606],[-74.14489,4.56036],[-74.14494,4.56011],[-74.14495,4.56],[-74.14494,4.55996],[-74.14493,4.55993],[-74.14492,4.5599],[-74.14488,4.55983],[-74.14484,4.55977],[-74.14483,4.55974],[-74.14483,4.55971],[-74.14483,4.55966],[-74.14486,4.55945],[-74.14488,4.55934],[-74.14491,4.55917],[-74.14498,4.55865],[-74.14504,4.55826]]}},{"type":"Feature","properties":{"id":"119479980","nom":"Calle 68D Sur","tipo":"residential"},"geometry":{"type":"LineString","coordinates":[[-74.15015,4.56004],[-74.15017,4.55995],[-74.15024,4.55951],[-74.15026,4.55943],[-74.15033,4.55905],[-74.15042,4.55858]]}},{"type":"Feature","properties":{"id":"119480131","nom":"Diagonal 65C Sur","tipo":"residential"},"geometry":{"type":"LineString","coordinates":[[-74.14748,4.55881],[-74.14733,4.55994],[-74.14725,4.56064]]}},{"type":"Feature","properties":{"id":"119480313","nom":"Calle 68D Sur","tipo":"residential"},"geometry":{"type":"LineString","coordinates":[[-74.15029,4.56018],[-74.15041,4.56062],[-74.15053,4.56105]]}},{"type":"Feature","properties":{"id":"119480341","nom":"Carrera 31","tipo":"residential"},"geometry":{"type":"LineString","coordinates":[[-74.15339,4.56686],[-74.15248,4.56698],[-74.15243,4.56699]]}},{"type":"Feature","properties":{"id":"119480359","nom":"Carrera 18T","tipo":"residential"},"geometry":{"type":"LineString","coordinates":[[-74.13917,4.5616],[-74.13923,4.56159],[-74.13924,4.56159],[-74.13926,4.56158],[-74.13928,4.56157],[-74.1393,4.56155],[-74.13991,4.56109],[-74.14027,4.56086],[-74.14037,4.56078],[-74.14043,4.56071],[-74.14047,4.56065],[-74.14053,4.56058],[-74.14063,4.56045],[-74.14086,4.56013],[-74.141,4.55995],[-74.141,4.55994],[-74.141,4.55992],[-74.14101,4.55991],[-74.141,4.5599]]}},{"type":"Feature","properties":{"id":"119480376","nom":"Calle 68D Bis Sur","tipo":"residential"},"geometry":{"type":"LineString","coordinates":[[-74.15091,4.56094],[-74.15099,4.56122]]}},{"type":"Feature","properties":{"id":"119480472","nom":"Carrera 18R","tipo":"residential"},"geometry":{"type":"LineString","coordinates":[[-74.13926,4.56093],[-74.13934,4.56089],[-74.13962,4.56072],[-74.14,4.56051],[-74.14003,4.56049],[-74.14006,4.56046],[-74.14009,4.56043],[-74.14012,4.5604],[-74.1403,4.56011],[-74.14047,4.55988],[-74.1405,4.55984],[-74.1405,4.55983],[-74.14049,4.55982],[-74.14048,4.55981],[-74.14046,4.55979],[-74.14044,4.55977],[-74.14043,4.55974],[-74.14044,4.55972],[-74.14045,4.5597],[-74.14048,4.55969],[-74.1405,4.55969],[-74.14055,4.5597],[-74.1406,4.5597],[-74.14061,4.55968],[-74.14063,4.55967],[-74.14064,4.55965],[-74.14066,4.55964],[-74.14068,4.55963],[-74.14071,4.55962],[-74.14081,4.55958],[-74.14083,4.55958],[-74.14084,4.55957],[-74.14086,4.55956],[-74.14087,4.55954],[-74.14088,4.55953],[-74.14089,4.55951],[-74.14089,4.55949],[-74.1409,4.55948]]}},{"type":"Feature","properties":{"id":"119480518","nom":"Diagonal 68K Sur","tipo":"residential"},"geometry":{"type":"LineString","coordinates":[[-74.15418,4.56639],[-74.15444,4.56668],[-74.15465,4.56694],[-74.15481,4.56712]]}},{"type":"Feature","properties":{"id":"119480581","nom":"Carrera 19C","tipo":"residential"},"geometry":{"type":"LineString","coordinates":[[-74.14099,4.56238],[-74.14141,4.5621],[-74.14207,4.56168],[-74.14275,4.56128],[-74.14322,4.56101],[-74.14335,4.56093],[-74.14348,4.56084],[-74.14364,4.56072],[-74.14369,4.5607],[-74.14375,4.56068],[-74.14378,4.56067],[-74.1438,4.56068],[-74.14414,4.56075],[-74.14447,4.56081]]}},{"type":"Feature","properties":{"id":"119480795","nom":"Calle 68D Sur","tipo":"residential"},"geometry":{"type":"LineString","coordinates":[[-74.15071,4.56137],[-74.15085,4.56187]]}},{"type":"Feature","properties":{"id":"119480821","nom":"Diagonal 66C Sur","tipo":"residential"},"geometry":{"type":"LineString","coordinates":[[-74.14786,4.56045],[-74.14803,4.55912]]}},{"type":"Feature","properties":{"id":"119480920","nom":"Carrera 20 Bis","tipo":"residential"},"geometry":{"type":"LineString","coordinates":[[-74.15168,4.56097],[-74.15229,4.56077]]}},{"type":"Feature","properties":{"id":"119481188","nom":"Carrera 19B Bis A","tipo":"residential"},"geometry":{"type":"LineString","coordinates":[[-74.14607,4.56027],[-74.14642,4.56032]]}},{"type":"Feature","properties":{"id":"119481201","nom":"Calle 61 Sur","tipo":"residential"},"geometry":{"type":"LineString","coordinates":[[-74.14075,4.56104],[-74.14086,4.56121],[-74.14113,4.56165],[-74.14141,4.5621],[-74.14155,4.56232]]}},{"type":"Feature","properties":{"id":"119481297","nom":"Carrera 19F","tipo":"residential"},"geometry":{"type":"LineString","coordinates":[[-74.14928,4.56047],[-74.15002,4.56026]]}},{"type":"Feature","properties":{"id":"119481344","nom":"Calle 68F Bis Sur","tipo":"residential"},"geometry":{"type":"LineString","coordinates":[[-74.1513,4.5614],[-74.15147,4.56203]]}},{"type":"Feature","properties":{"id":"119481380","nom":"Diagonal 61 Bis A Sur","tipo":"residential"},"geometry":{"type":"LineString","coordinates":[[-74.13949,4.56037],[-74.13974,4.56041]]}},{"type":"Feature","properties":{"id":"119481515","nom":"Carrera 20D Bis","tipo":"tertiary"},"geometry":{"type":"LineString","coordinates":[[-74.15185,4.56276],[-74.15197,4.56272],[-74.1523,4.56261],[-74.15237,4.5626],[-74.15242,4.56259],[-74.15248,4.56259],[-74.15253,4.5626],[-74.15257,4.56262],[-74.15264,4.56265]]}},{"type":"Feature","properties":{"id":"119481529","nom":"Diagonal 62D Sur","tipo":"residential"},"geometry":{"type":"LineString","coordinates":[[-74.14421,4.56022],[-74.14414,4.56075],[-74.14397,4.5616]]}},{"type":"Feature","properties":{"id":"119481585","nom":"Carrera 19H","tipo":"residential"},"geometry":{"type":"LineString","coordinates":[[-74.15155,4.56044],[-74.15193,4.56031]]}},{"type":"Feature","properties":{"id":"119481620","nom":"Calle 61A Sur","tipo":"residential"},"geometry":{"type":"LineString","coordinates":[[-74.14199,4.56219],[-74.14224,4.56307]]}},{"type":"Feature","properties":{"id":"119481825","nom":"Diagonal 68J Bis Sur","tipo":"residential"},"geometry":{"type":"LineString","coordinates":[[-74.15457,4.56728],[-74.15397,4.56654]]}},{"type":"Feature","properties":{"id":"119481988","nom":"Transversal 20F Bis","tipo":"tertiary"},"geometry":{"type":"LineString","coordinates":[[-74.15329,4.56296],[-74.15334,4.563],[-74.15337,4.56303],[-74.15341,4.56308],[-74.15348,4.56315],[-74.15354,4.56322],[-74.15358,4.56328],[-74.15362,4.56334],[-74.15363,4.56337],[-74.15368,4.56349],[-74.15372,4.56359],[-74.15375,4.56371],[-74.15378,4.56382]]}},{"type":"Feature","properties":{"id":"119482034","nom":"Carrera 19F","tipo":"tertiary"},"geometry":{"type":"LineString","coordinates":[[-74.14928,4.56047],[-74.14916,4.56051]]}},{"type":"Feature","properties":{"id":"119482052","nom":"Carrera 20B","tipo":"residential"},"geometry":{"type":"LineString","coordinates":[[-74.15268,4.5612],[-74.15248,4.56128],[-74.15224,4.56138],[-74.15214,4.56143]]}},{"type":"Feature","properties":{"id":"119482079","nom":"Carrera 19D","tipo":"tertiary"},"geometry":{"type":"LineString","coordinates":[[-74.14902,4.56011],[-74.14897,4.56013],[-74.1489,4.56015],[-74.14878,4.56019],[-74.14837,4.5603],[-74.14816,4.56037],[-74.14806,4.5604],[-74.14786,4.56045],[-74.14774,4.56049],[-74.14755,4.56055],[-74.1474,4.56059],[-74.14725,4.56064],[-74.14715,4.56066]]}},{"type":"Feature","properties":{"id":"119482088","nom":"Calle 61A Bis Sur","tipo":"residential"},"geometry":{"type":"LineString","coordinates":[[-74.1403,4.56011],[-74.14047,4.56026]]}},{"type":"Feature","properties":{"id":"119482168","nom":"Carrera 30","tipo":"residential"},"geometry":{"type":"LineString","coordinates":[[-74.15328,4.56663],[-74.15249,4.56672]]}},{"type":"Feature","properties":{"id":"119482169","nom":"Calle 68 Bis Sur","tipo":"residential"},"geometry":{"type":"LineString","coordinates":[[-74.14964,4.55984],[-74.14958,4.56016]]}},{"type":"Feature","properties":{"id":"119482187","nom":"Calle 68H Sur","tipo":"residential"},"geometry":{"type":"LineString","coordinates":[[-74.15173,4.5594],[-74.15168,4.55949],[-74.15165,4.55955],[-74.15161,4.55963],[-74.15156,4.5597],[-74.15152,4.55977],[-74.15148,4.55983],[-74.15145,4.5599],[-74.15143,4.55997],[-74.15142,4.56005],[-74.15141,4.56012],[-74.15139,4.56034],[-74.15138,4.56044],[-74.15138,4.56046],[-74.15139,4.56052],[-74.15144,4.56078],[-74.15147,4.561]]}},{"type":"Feature","properties":{"id":"119482503","nom":"Transversal 22","tipo":"residential"},"geometry":{"type":"LineString","coordinates":[[-74.15439,4.56498],[-74.15412,4.5649],[-74.15386,4.56482],[-74.15364,4.56475],[-74.15349,4.56471],[-74.15338,4.56468],[-74.15313,4.56461],[-74.15301,4.56458],[-74.15291,4.56455],[-74.15287,4.56453],[-74.15281,4.56452],[-74.15277,4.56451],[-74.15273,4.56452],[-74.15271,4.56453],[-74.15269,4.56454],[-74.15268,4.56456]]}},{"type":"Feature","properties":{"id":"119482522","nom":"Calle 68B Sur","tipo":"residential"},"geometry":{"type":"LineString","coordinates":[[-74.1502,4.56155],[-74.15025,4.56168]]}},{"type":"Feature","properties":{"id":"119482557","nom":"Calle 61 Bis A Sur","tipo":"residential"},"geometry":{"type":"LineString","coordinates":[[-74.14027,4.56086],[-74.14056,4.56111]]}},{"type":"Feature","properties":{"id":"119482584","nom":"Calle 68G Bis Sur","tipo":"residential"},"geometry":{"type":"LineString","coordinates":[[-74.15206,4.56296],[-74.15197,4.56272]]}},{"type":"Feature","properties":{"id":"119482630","nom":"Diagonal 67B Sur","tipo":"residential"},"geometry":{"type":"LineString","coordinates":[[-74.14878,4.56019],[-74.14881,4.55962]]}},{"type":"Feature","properties":{"id":"119483065","nom":"Diagonal 68J Sur","tipo":"residential"},"geometry":{"type":"LineString","coordinates":[[-74.15322,4.56612],[-74.15346,4.5664],[-74.15348,4.56643],[-74.15365,4.56663]]}},{"type":"Feature","properties":{"id":"119483114","nom":"Calle 62B Sur","tipo":"residential"},"geometry":{"type":"LineString","coordinates":[[-74.14335,4.56032],[-74.14308,4.55988],[-74.14278,4.55943],[-74.14263,4.55916],[-74.14234,4.55869]]}},{"type":"Feature","properties":{"id":"119483159","nom":"Calle 62 Sur","tipo":"residential"},"geometry":{"type":"LineString","coordinates":[[-74.1444,4.56625],[-74.14426,4.56579],[-74.14413,4.56536],[-74.144,4.56493],[-74.14386,4.5645],[-74.14373,4.56405],[-74.1436,4.56362],[-74.14347,4.56318],[-74.14334,4.56272]]}},{"type":"Feature","properties":{"id":"119483194","nom":"Diagonal 66B Sur","tipo":"residential"},"geometry":{"type":"LineString","coordinates":[[-74.14774,4.56049],[-74.14793,4.55904]]}},{"type":"Feature","properties":{"id":"119483278","nom":"Calle 66 Sur","tipo":"tertiary"},"geometry":{"type":"LineString","coordinates":[[-74.14715,4.56066],[-74.14721,4.56085],[-74.14727,4.56106],[-74.1474,4.5615]]}},{"type":"Feature","properties":{"id":"119483391","nom":"Calle 68F Sur","tipo":"residential"},"geometry":{"type":"LineString","coordinates":[[-74.15078,4.56018],[-74.15088,4.56048]]}},{"type":"Feature","properties":{"id":"119483543","nom":"Calle 68F Bis Sur","tipo":"residential"},"geometry":{"type":"LineString","coordinates":[[-74.15106,4.55958],[-74.151,4.56],[-74.15099,4.56006],[-74.15097,4.5601]]}},{"type":"Feature","properties":{"id":"119483568","nom":"Diagonal 65 Sur","tipo":"residential"},"geometry":{"type":"LineString","coordinates":[[-74.14622,4.55916],[-74.14618,4.55944],[-74.14613,4.55984],[-74.14607,4.56027],[-74.14603,4.56055],[-74.14598,4.56094],[-74.14597,4.56101]]}},{"type":"Feature","properties":{"id":"119483577","nom":"Calle 61B Sur","tipo":"residential"},"geometry":{"type":"LineString","coordinates":[[-74.14128,4.56038],[-74.14155,4.5608],[-74.14181,4.56125],[-74.14207,4.56168],[-74.14232,4.56209]]}},{"type":"Feature","properties":{"id":"119483670","nom":"Carrera 19F","tipo":"residential"},"geometry":{"type":"LineString","coordinates":[[-74.15002,4.56026],[-74.15011,4.56023]]}},{"type":"Feature","properties":{"id":"119483705","nom":"Calle 61 Bis Sur","tipo":"residential"},"geometry":{"type":"LineString","coordinates":[[-74.13991,4.56109],[-74.14014,4.56139],[-74.14028,4.56158]]}},{"type":"Feature","properties":{"id":"119483802","nom":"Carrera 20A Bis","tipo":"residential"},"geometry":{"type":"LineString","coordinates":[[-74.15248,4.56099],[-74.15174,4.56124]]}},{"type":"Feature","properties":{"id":"119483835","nom":"Diagonal 67A Sur","tipo":"residential"},"geometry":{"type":"LineString","coordinates":[[-74.14837,4.5603],[-74.14848,4.55955]]}},{"type":"Feature","properties":{"id":"119483915","nom":"Diagonal 68 Sur","tipo":"tertiary"},"geometry":{"type":"LineString","coordinates":[[-74.14972,4.5589],[-74.14965,4.55897],[-74.14957,4.55906],[-74.14951,4.55914],[-74.14945,4.55923],[-74.14942,4.5593],[-74.14938,4.55942],[-74.1493,4.55967],[-74.14928,4.55972],[-74.14926,4.55977],[-74.14924,4.55981],[-74.14912,4.56001],[-74.1491,4.56004],[-74.14907,4.56007],[-74.14902,4.56011]]}},{"type":"Feature","properties":{"id":"119483933","nom":"Carrera 20","tipo":"residential"},"geometry":{"type":"LineString","coordinates":[[-74.14954,4.56135],[-74.15009,4.56118]]}},{"type":"Feature","properties":{"id":"119484014","nom":"Calle 68C Sur","tipo":"residential"},"geometry":{"type":"LineString","coordinates":[[-74.1504,4.56109],[-74.15046,4.56129]]}},{"type":"Feature","properties":{"id":"119484375","nom":"Calle 68L Sur","tipo":"residential"},"geometry":{"type":"LineString","coordinates":[[-74.15341,4.56308],[-74.15339,4.5631],[-74.15309,4.564],[-74.15307,4.56408],[-74.15305,4.56411],[-74.15301,4.56415],[-74.15292,4.56421],[-74.15286,4.56426],[-74.15282,4.56429],[-74.15275,4.5644],[-74.15274,4.56442],[-74.15273,4.56445],[-74.15272,4.56447],[-74.15272,4.56448],[-74.15273,4.56452]]}},{"type":"Feature","properties":{"id":"119484478","nom":"Carrera 31A","tipo":"residential"},"geometry":{"type":"LineString","coordinates":[[-74.15321,4.56715],[-74.15254,4.56723]]}},{"type":"Feature","properties":{"id":"119484552","nom":"Diagonal 62C Sur","tipo":"residential"},"geometry":{"type":"LineString","coordinates":[[-74.14363,4.5617],[-74.1438,4.56068],[-74.14389,4.56016]]}},{"type":"Feature","properties":{"id":"119484666","nom":"Calle 69 Sur","tipo":"residential"},"geometry":{"type":"LineString","coordinates":[[-74.1535,4.56203],[-74.15351,4.56206],[-74.15351,4.56209],[-74.15359,4.56234],[-74.15364,4.56244],[-74.15368,4.5625],[-74.1537,4.56254],[-74.15385,4.56278]]}},{"type":"Feature","properties":{"id":"119484818","nom":"Diagonal 64B Sur","tipo":"residential"},"geometry":{"type":"LineString","coordinates":[[-74.14579,4.55829],[-74.14577,4.55832],[-74.14576,4.55836],[-74.14575,4.55839],[-74.14575,4.55843],[-74.14575,4.55846],[-74.14577,4.5585],[-74.14578,4.55854],[-74.14578,4.55858],[-74.14564,4.55983],[-74.14545,4.56117]]}},{"type":"Feature","properties":{"id":"119484918","nom":"Diagonal 69 Bis Sur","tipo":"residential"},"geometry":{"type":"LineString","coordinates":[[-74.15413,4.56588],[-74.15416,4.56615],[-74.15418,4.56639]]}},{"type":"Feature","properties":{"id":"119484961","nom":"Calle 69 Sur","tipo":"residential"},"geometry":{"type":"LineString","coordinates":[[-74.15363,4.56337],[-74.15336,4.56414]]}},{"type":"Feature","properties":{"id":"119485052","nom":"Transversal 20A","tipo":"residential"},"geometry":{"type":"LineString","coordinates":[[-74.1502,4.56155],[-74.15027,4.56152],[-74.15029,4.56151],[-74.15033,4.56149],[-74.1504,4.56147],[-74.15046,4.56145],[-74.1505,4.56144],[-74.15071,4.56137],[-74.15081,4.56135],[-74.15089,4.56134],[-74.151,4.56133],[-74.15102,4.56133],[-74.15106,4.56134],[-74.15111,4.56135],[-74.15116,4.56136],[-74.15122,4.56138],[-74.1513,4.5614],[-74.1514,4.56143],[-74.15149,4.56146],[-74.15159,4.56148],[-74.15165,4.56148],[-74.15172,4.56147],[-74.15179,4.56146],[-74.15187,4.56144],[-74.15199,4.5614]]}},{"type":"Feature","properties":{"id":"119485188","nom":"Calle 68 Sur","tipo":"tertiary"},"geometry":{"type":"LineString","coordinates":[[-74.14916,4.56051],[-74.14902,4.56011]]}},{"type":"Feature","properties":{"id":"119485237","nom":"Calle 68G Bis Sur","tipo":"residential"},"geometry":{"type":"LineString","coordinates":[[-74.15213,4.56295],[-74.15221,4.56329],[-74.15222,4.56332],[-74.1523,4.56356],[-74.15234,4.56381]]}},{"type":"Feature","properties":{"id":"119485366","nom":"Carrera 29","tipo":"residential"},"geometry":{"type":"LineString","coordinates":[[-74.15305,4.56636],[-74.153,4.56636],[-74.15253,4.56642],[-74.15251,4.56643],[-74.15251,4.56644]]}},{"type":"Feature","properties":{"id":"119485394","nom":"Calle 68D Sur","tipo":"residential"},"geometry":{"type":"LineString","coordinates":[[-74.15066,4.56101],[-74.15072,4.56118]]}},{"type":"Feature","properties":{"id":"119485488","nom":"Calle 68F Sur","tipo":"residential"},"geometry":{"type":"LineString","coordinates":[[-74.15064,4.55963],[-74.15055,4.56016]]}},{"type":"Feature","properties":{"id":"119485512","nom":"Diagonal 68I Sur","tipo":"residential"},"geometry":{"type":"LineString","coordinates":[[-74.15347,4.56678],[-74.1535,4.56681],[-74.15408,4.56751]]}},{"type":"Feature","properties":{"id":"119485522","nom":"Carrera 19","tipo":"residential"},"geometry":{"type":"LineString","coordinates":[[-74.14107,4.56052],[-74.14112,4.56047],[-74.14119,4.56043],[-74.14128,4.56038],[-74.14194,4.55994],[-74.14238,4.55967],[-74.14278,4.55943],[-74.14319,4.55918],[-74.14338,4.55906],[-74.1435,4.559],[-74.1436,4.55894],[-74.14389,4.55875],[-74.1442,4.55854],[-74.14426,4.5585],[-74.14469,4.55825]]}},{"type":"Feature","properties":{"id":"119485614","nom":"Carrera 20B","tipo":"residential"},"geometry":{"type":"LineString","coordinates":[[-74.14881,4.56248],[-74.14779,4.56281]]}},{"type":"Feature","properties":{"id":"119485638","nom":"Diagonal 69C Sur","tipo":"residential"},"geometry":{"type":"LineString","coordinates":[[-74.15472,4.56578],[-74.15469,4.5658],[-74.15462,4.56588],[-74.15458,4.56593],[-74.15448,4.56604],[-74.15444,4.56608],[-74.15439,4.56615],[-74.15432,4.56622],[-74.15427,4.56628],[-74.15423,4.56633],[-74.15418,4.56639]]}},{"type":"Feature","properties":{"id":"119485639","nom":"Diagonal 65C Sur","tipo":"residential"},"geometry":{"type":"LineString","coordinates":[[-74.14694,4.56073],[-74.14704,4.5599],[-74.1471,4.55943],[-74.14716,4.55902]]}},{"type":"Feature","properties":{"id":"119485685","nom":"Carrera 19B","tipo":"residential"},"geometry":{"type":"LineString","coordinates":[[-74.13987,4.56183],[-74.14028,4.56158],[-74.14086,4.56121],[-74.14155,4.5608],[-74.14223,4.56039],[-74.14268,4.56012],[-74.14308,4.55988],[-74.1434,4.55968],[-74.14341,4.55966],[-74.14342,4.55964]]}},{"type":"Feature","properties":{"id":"119485740","nom":"Calle 68D Bis Sur","tipo":"residential"},"geometry":{"type":"LineString","coordinates":[[-74.151,4.56133],[-74.15115,4.56189]]}},{"type":"Feature","properties":{"id":"119485775","nom":"Transversal 19","tipo":"residential"},"geometry":{"type":"LineString","coordinates":[[-74.14107,4.56052],[-74.14101,4.56062],[-74.14096,4.56072],[-74.14092,4.56078],[-74.14087,4.56086],[-74.14075,4.56104],[-74.14063,4.56118],[-74.14028,4.56158]]}},{"type":"Feature","properties":{"id":"119486083","nom":"Carrera 19F","tipo":"residential"},"geometry":{"type":"LineString","coordinates":[[-74.15097,4.5601],[-74.15094,4.56013],[-74.1509,4.56016],[-74.15084,4.56017],[-74.15078,4.56018],[-74.15055,4.56016],[-74.15043,4.56016],[-74.15036,4.56017],[-74.15029,4.56018],[-74.15016,4.56022]]}},{"type":"Feature","properties":{"id":"119486108","nom":"Carrera 19B Bis B","tipo":"residential"},"geometry":{"type":"LineString","coordinates":[[-74.14603,4.56055],[-74.14638,4.56059]]}},{"type":"Feature","properties":{"id":"119486117","nom":"Carrera 18Z","tipo":"residential"},"geometry":{"type":"LineString","coordinates":[[-74.1434,4.55884],[-74.14322,4.55885],[-74.14311,4.55884],[-74.14302,4.55885],[-74.14297,4.55886],[-74.14292,4.55889],[-74.14287,4.55893],[-74.14284,4.55897],[-74.14284,4.55901],[-74.14283,4.55903],[-74.14282,4.55904],[-74.14279,4.55907],[-74.14263,4.55916],[-74.14253,4.55921],[-74.14224,4.55937],[-74.1422,4.55939],[-74.14212,4.55943],[-74.14198,4.55954],[-74.14189,4.55961],[-74.14182,4.55967],[-74.14179,4.5597],[-74.14175,4.55975],[-74.14164,4.55986],[-74.14143,4.56007],[-74.14117,4.56033],[-74.14111,4.56041],[-74.14107,4.56052]]}},{"type":"Feature","properties":{"id":"119495428","nom":"Carrera 38A","tipo":"tertiary"},"geometry":{"type":"LineString","coordinates":[[-74.15466,4.56956],[-74.15466,4.56953],[-74.15466,4.56947],[-74.15467,4.56943],[-74.1547,4.56936],[-74.15473,4.56933],[-74.15478,4.56929],[-74.15481,4.56927],[-74.1549,4.56924],[-74.15495,4.56924],[-74.15518,4.56928],[-74.15529,4.56929],[-74.15536,4.56927],[-74.1554,4.56925],[-74.15546,4.56919],[-74.15549,4.56915],[-74.15552,4.56907],[-74.15553,4.56903]]}},{"type":"Feature","properties":{"id":"119495442","nom":"Carrera 38","tipo":"tertiary"},"geometry":{"type":"LineString","coordinates":[[-74.15403,4.5693],[-74.15405,4.56924],[-74.15408,4.56919],[-74.15411,4.56915],[-74.15414,4.56912],[-74.15418,4.56909],[-74.15419,4.56908],[-74.15421,4.56906],[-74.15429,4.56899],[-74.15436,4.56893],[-74.15442,4.56889],[-74.15445,4.56887],[-74.1545,4.56885],[-74.15456,4.56882],[-74.15461,4.56881],[-74.15465,4.5688],[-74.15469,4.56879],[-74.15493,4.56878],[-74.15517,4.56878],[-74.15525,4.56877],[-74.15533,4.56878],[-74.1554,4.5688],[-74.15544,4.56883],[-74.15548,4.56889],[-74.15551,4.56894],[-74.15552,4.56899],[-74.15553,4.56903]]}},{"type":"Feature","properties":{"id":"119495445","nom":"Carrera 43 Bis","tipo":"tertiary"},"geometry":{"type":"LineString","coordinates":[[-74.15462,4.57152],[-74.15465,4.5715],[-74.15469,4.57147],[-74.15472,4.57143],[-74.15473,4.5714],[-74.15475,4.57135]]}},{"type":"Feature","properties":{"id":"119495460","nom":"Calle 68G Sur","tipo":"tertiary"},"geometry":{"type":"LineString","coordinates":[[-74.15475,4.57135],[-74.15475,4.57129],[-74.15475,4.57125],[-74.15474,4.5712],[-74.15472,4.57116],[-74.1547,4.57111],[-74.15468,4.57107],[-74.15464,4.57104],[-74.15459,4.57099],[-74.15453,4.57095],[-74.15447,4.57091],[-74.15442,4.57086],[-74.15438,4.57081],[-74.15435,4.57077],[-74.15431,4.5707],[-74.15429,4.57064],[-74.15428,4.57057],[-74.15428,4.5705],[-74.15428,4.57045],[-74.15428,4.57042],[-74.15428,4.57021],[-74.15427,4.57014],[-74.15426,4.57008],[-74.15425,4.57002],[-74.15424,4.56997],[-74.15422,4.56992],[-74.15416,4.5698],[-74.15407,4.56962],[-74.15405,4.56958],[-74.15403,4.56953],[-74.15402,4.56948],[-74.15401,4.56943],[-74.15401,4.56938],[-74.15402,4.56933],[-74.15403,4.5693]]}},{"type":"Feature","properties":{"id":"119495710","nom":"Diagonal 69D Sur","tipo":"tertiary"},"geometry":{"type":"LineString","coordinates":[[-74.15466,4.56956],[-74.15467,4.56959],[-74.15469,4.56964],[-74.15473,4.5697],[-74.15479,4.56975],[-74.155,4.56988],[-74.15506,4.5699],[-74.15514,4.56993],[-74.15521,4.56993],[-74.1553,4.56993],[-74.1557,4.56992],[-74.15583,4.56992]]}},{"type":"Feature","properties":{"id":"119505700","nom":"Calle 68C Sur","tipo":"tertiary"},"geometry":{"type":"LineString","coordinates":[[-74.15438,4.57191],[-74.15441,4.57198],[-74.15452,4.57225],[-74.15453,4.57227],[-74.15453,4.57229],[-74.15454,4.57234],[-74.15455,4.5724],[-74.15457,4.57255],[-74.15458,4.57261],[-74.15459,4.57267],[-74.15461,4.57273],[-74.15463,4.57279],[-74.15465,4.57283],[-74.15469,4.5729],[-74.15471,4.57291],[-74.15473,4.57295],[-74.15483,4.57302],[-74.15492,4.5731],[-74.15494,4.57311],[-74.15501,4.57318],[-74.15505,4.57321],[-74.15507,4.57325],[-74.1551,4.57329]]}},{"type":"Feature","properties":{"id":"119505702","nom":"Carrera 45","tipo":"tertiary"},"geometry":{"type":"LineString","coordinates":[[-74.1551,4.57329],[-74.15512,4.57335],[-74.15512,4.57341],[-74.15512,4.57348],[-74.15511,4.57352],[-74.15509,4.57357],[-74.15507,4.57361],[-74.15504,4.57367],[-74.15493,4.5738],[-74.15488,4.57386],[-74.15484,4.57389],[-74.15479,4.57394],[-74.15475,4.57396],[-74.15471,4.57399],[-74.15461,4.57404],[-74.15446,4.5741],[-74.15421,4.5742]]}},{"type":"Feature","properties":{"id":"119507026","nom":"Diagonal 68K Sur","tipo":"residential"},"geometry":{"type":"LineString","coordinates":[[-74.15268,4.56456],[-74.15267,4.5646],[-74.15267,4.56463],[-74.15268,4.56467],[-74.1527,4.5647],[-74.15272,4.56472],[-74.15276,4.56475],[-74.1528,4.56478],[-74.15285,4.5648],[-74.1529,4.56482],[-74.15297,4.56485],[-74.153,4.56486],[-74.15302,4.56487],[-74.15304,4.56489],[-74.15306,4.56492],[-74.15309,4.56496],[-74.15322,4.56512],[-74.15333,4.56525],[-74.15343,4.56538],[-74.15347,4.56543],[-74.1535,4.56546],[-74.15365,4.56564],[-74.15383,4.5659],[-74.15385,4.56595]]}},{"type":"Feature","properties":{"id":"119665778","nom":"Calle 68 Sur","tipo":"residential"},"geometry":{"type":"LineString","coordinates":[[-74.14967,4.56177],[-74.14954,4.56135],[-74.14941,4.56091]]}},{"type":"Feature","properties":{"id":"119666306","nom":"Diagonal 68 Sur","tipo":"residential"},"geometry":{"type":"LineString","coordinates":[[-74.15252,4.57032],[-74.15242,4.57011],[-74.15232,4.56992],[-74.15225,4.56979],[-74.15209,4.56947],[-74.15198,4.56926],[-74.15194,4.56919],[-74.15186,4.56903],[-74.15183,4.56899],[-74.15181,4.56897],[-74.15177,4.56894]]}},{"type":"Feature","properties":{"id":"119788083","nom":"Avenida Calle 59A Sur","tipo":"trunk"},"geometry":{"type":"LineString","coordinates":[[-74.13844,4.56766],[-74.13842,4.5669]]}},{"type":"Feature","properties":{"id":"119924421","nom":"Calle 68A Sur","tipo":"residential"},"geometry":{"type":"LineString","coordinates":[[-74.15461,4.57404],[-74.15499,4.57475],[-74.15529,4.57527],[-74.15576,4.57614]]}},{"type":"Feature","properties":{"id":"119924958","nom":"Carrera 46A","tipo":"residential"},"geometry":{"type":"LineString","coordinates":[[-74.15587,4.57493],[-74.15558,4.57511],[-74.15529,4.57527],[-74.1549,4.5755],[-74.15485,4.57553]]}},{"type":"Feature","properties":{"id":"119925318","nom":"Calle 68B Sur","tipo":"residential"},"geometry":{"type":"LineString","coordinates":[[-74.15491,4.57402],[-74.15505,4.5742],[-74.15529,4.57459],[-74.15536,4.57471],[-74.15544,4.57486],[-74.15558,4.57511],[-74.15607,4.57597],[-74.15617,4.57617],[-74.15628,4.57637],[-74.1563,4.57639],[-74.15643,4.57652]]}},{"type":"Feature","properties":{"id":"120422205","nom":"Carrera 41 Bis","tipo":"tertiary"},"geometry":{"type":"LineString","coordinates":[[-74.15136,4.57211],[-74.15149,4.5719],[-74.15176,4.5715],[-74.15189,4.57131],[-74.1519,4.57129],[-74.15193,4.57126],[-74.15213,4.57097],[-74.15225,4.5708],[-74.15226,4.57079],[-74.15228,4.57076]]}},{"type":"Feature","properties":{"id":"120432796","nom":"Calle 68D Sur","tipo":"residential"},"geometry":{"type":"LineString","coordinates":[[-74.15237,4.56736],[-74.15238,4.5674],[-74.15238,4.56743],[-74.1524,4.56745],[-74.15241,4.56747],[-74.15244,4.5675],[-74.15262,4.56769],[-74.15275,4.56783],[-74.15278,4.56787],[-74.1528,4.5679],[-74.15283,4.56796]]}},{"type":"Feature","properties":{"id":"167674895","nom":"","tipo":"residential"},"geometry":{"type":"LineString","coordinates":[[-74.14489,4.5703],[-74.14485,4.57027],[-74.1448,4.57024],[-74.14475,4.57024],[-74.1447,4.57024],[-74.14466,4.57027],[-74.14462,4.5703],[-74.14459,4.57035],[-74.14458,4.5704],[-74.14458,4.57045],[-74.1446,4.5705],[-74.14464,4.57054],[-74.14465,4.57055],[-74.14468,4.57057],[-74.14473,4.57058],[-74.14478,4.57058],[-74.14483,4.57057],[-74.14487,4.57054],[-74.14489,4.57051],[-74.14491,4.5705],[-74.14493,4.57045],[-74.14493,4.5704],[-74.14492,4.57035],[-74.14489,4.5703]]}},{"type":"Feature","properties":{"id":"172237517","nom":"Carrera 18D","tipo":"residential"},"geometry":{"type":"LineString","coordinates":[[-74.13589,4.56372],[-74.13541,4.56434]]}},{"type":"Feature","properties":{"id":"172237519","nom":"Carrera 19 Bis","tipo":"residential"},"geometry":{"type":"LineString","coordinates":[[-74.13663,4.5643],[-74.13613,4.56492]]}},{"type":"Feature","properties":{"id":"172237543","nom":"Calle 59C Sur","tipo":"residential"},"geometry":{"type":"LineString","coordinates":[[-74.13813,4.56255],[-74.13824,4.56256],[-74.13859,4.56263],[-74.13864,4.56264]]}},{"type":"Feature","properties":{"id":"172237544","nom":"Calle 60 Sur","tipo":"residential"},"geometry":{"type":"LineString","coordinates":[[-74.13797,4.56223],[-74.13863,4.56235],[-74.13868,4.56236]]}},{"type":"Feature","properties":{"id":"172237622","nom":"Carrera 16D","tipo":"residential"},"geometry":{"type":"LineString","coordinates":[[-74.13091,4.56351],[-74.13124,4.56309]]}},{"type":"Feature","properties":{"id":"172237623","nom":"","tipo":"primary_link"},"geometry":{"type":"LineString","coordinates":[[-74.12664,4.56721],[-74.12669,4.56715],[-74.12676,4.56706],[-74.12678,4.56704],[-74.12681,4.56702],[-74.12684,4.567],[-74.12687,4.56699],[-74.12689,4.56699],[-74.12692,4.56699],[-74.12694,4.56699],[-74.12701,4.56702]]}},{"type":"Feature","properties":{"id":"172237624","nom":"Calle 56A Sur","tipo":"residential"},"geometry":{"type":"LineString","coordinates":[[-74.1362,4.56776],[-74.13615,4.56772],[-74.13544,4.56714]]}},{"type":"Feature","properties":{"id":"172310576","nom":"Diagonal 45A Sur","tipo":"tertiary"},"geometry":{"type":"LineString","coordinates":[[-74.12425,4.57195],[-74.12421,4.57193],[-74.12375,4.57174],[-74.12329,4.57155],[-74.12324,4.57154],[-74.12314,4.5715],[-74.12284,4.57137]]}},{"type":"Feature","properties":{"id":"172310577","nom":"Transversal 13J Bis","tipo":"residential"},"geometry":{"type":"LineString","coordinates":[[-74.12248,4.57179],[-74.12245,4.57198],[-74.12242,4.57222]]}},{"type":"Feature","properties":{"id":"172310580","nom":"Diagonal 45 Sur","tipo":"residential"},"geometry":{"type":"LineString","coordinates":[[-74.12288,4.57275],[-74.12346,4.57301],[-74.12379,4.57319],[-74.12383,4.57321]]}},{"type":"Feature","properties":{"id":"172310581","nom":"Calle 45 Bis A Sur","tipo":"residential"},"geometry":{"type":"LineString","coordinates":[[-74.12248,4.57179],[-74.1225,4.57175],[-74.12253,4.57172],[-74.12259,4.57172],[-74.12265,4.57174],[-74.12289,4.57196],[-74.12312,4.57217]]}},{"type":"Feature","properties":{"id":"172310582","nom":"Transversal 13H Bis","tipo":"residential"},"geometry":{"type":"LineString","coordinates":[[-74.12205,4.57061],[-74.12185,4.57018]]}},{"type":"Feature","properties":{"id":"172310583","nom":"Diagonal 45B Bis A Sur","tipo":"residential"},"geometry":{"type":"LineString","coordinates":[[-74.12067,4.57041],[-74.12118,4.57051]]}},{"type":"Feature","properties":{"id":"172310585","nom":"Transversal 13L","tipo":"residential"},"geometry":{"type":"LineString","coordinates":[[-74.12312,4.57217],[-74.12301,4.57246],[-74.12288,4.57275]]}},{"type":"Feature","properties":{"id":"172310586","nom":"Transversal 13N","tipo":"residential"},"geometry":{"type":"LineString","coordinates":[[-74.12377,4.57231],[-74.12357,4.57273]]}},{"type":"Feature","properties":{"id":"172310587","nom":"Diagonal 45 Bis Sur","tipo":"residential"},"geometry":{"type":"LineString","coordinates":[[-74.12245,4.57198],[-74.12197,4.57193],[-74.12176,4.57198]]}},{"type":"Feature","properties":{"id":"172310590","nom":"Diagonal 45 Bis Sur","tipo":"residential"},"geometry":{"type":"LineString","coordinates":[[-74.12357,4.57273],[-74.12301,4.57246]]}},{"type":"Feature","properties":{"id":"173374787","nom":"Transversal 60","tipo":"trunk"},"geometry":{"type":"LineString","coordinates":[[-74.14548,4.58984],[-74.14548,4.58952],[-74.14548,4.58945],[-74.14547,4.58939],[-74.14543,4.58921],[-74.1454,4.58906],[-74.14534,4.58886]]}},{"type":"Feature","properties":{"id":"173374789","nom":"","tipo":"trunk_link"},"geometry":{"type":"LineString","coordinates":[[-74.1458,4.59503],[-74.14573,4.59501],[-74.14566,4.59498],[-74.14562,4.59494],[-74.14558,4.59489],[-74.14555,4.59484],[-74.14553,4.59477],[-74.14553,4.59468],[-74.14552,4.5937],[-74.14552,4.59365],[-74.1455,4.59299]]}},{"type":"Feature","properties":{"id":"174916930","nom":"Calle 31 Sur","tipo":"residential"},"geometry":{"type":"LineString","coordinates":[[-74.12073,4.59715],[-74.12119,4.59766]]}},{"type":"Feature","properties":{"id":"174916933","nom":"Calle 36 Sur","tipo":"residential"},"geometry":{"type":"LineString","coordinates":[[-74.1261,4.59972],[-74.12604,4.59971],[-74.12575,4.59943],[-74.12507,4.59875]]}},{"type":"Feature","properties":{"id":"174916935","nom":"Calle 34 Sur","tipo":"residential"},"geometry":{"type":"LineString","coordinates":[[-74.12555,4.60039],[-74.1255,4.60036],[-74.12453,4.59941]]}},{"type":"Feature","properties":{"id":"174919808","nom":"Calle 42A Bis Sur","tipo":"residential"},"geometry":{"type":"LineString","coordinates":[[-74.13324,4.59552],[-74.13367,4.59578]]}},{"type":"Feature","properties":{"id":"174920733","nom":"Calle 39B Sur","tipo":"residential"},"geometry":{"type":"LineString","coordinates":[[-74.1256,4.59278],[-74.12612,4.593]]}},{"type":"Feature","properties":{"id":"174920734","nom":"Calle 39C Sur","tipo":"residential"},"geometry":{"type":"LineString","coordinates":[[-74.12569,4.59246],[-74.12626,4.5927]]}},{"type":"Feature","properties":{"id":"174920735","nom":"Calle 39D Sur","tipo":"residential"},"geometry":{"type":"LineString","coordinates":[[-74.12576,4.59212],[-74.12639,4.59238]]}},{"type":"Feature","properties":{"id":"174920736","nom":"Calle 39F Sur","tipo":"residential"},"geometry":{"type":"LineString","coordinates":[[-74.12585,4.59179],[-74.12652,4.59209]]}},{"type":"Feature","properties":{"id":"174920857","nom":"Calle 38A Sur","tipo":"residential"},"geometry":{"type":"LineString","coordinates":[[-74.12316,4.59399],[-74.12317,4.59407],[-74.12321,4.59453],[-74.12322,4.59463],[-74.12324,4.59489],[-74.12325,4.595]]}},{"type":"Feature","properties":{"id":"174921079","nom":"Calle 37 Sur","tipo":"residential"},"geometry":{"type":"LineString","coordinates":[[-74.12182,4.59414],[-74.12184,4.59426],[-74.12194,4.59478]]}},{"type":"Feature","properties":{"id":"174921080","nom":"Diagonal 36 Sur","tipo":"residential"},"geometry":{"type":"LineString","coordinates":[[-74.12124,4.59491],[-74.12133,4.59542],[-74.12139,4.59579],[-74.12141,4.59589]]}},{"type":"Feature","properties":{"id":"176522726","nom":"Calle 41B Sur","tipo":"residential"},"geometry":{"type":"LineString","coordinates":[[-74.12514,4.58423],[-74.125,4.58383],[-74.12499,4.58379]]}},{"type":"Feature","properties":{"id":"176522728","nom":"Carrera 27A","tipo":"residential"},"geometry":{"type":"LineString","coordinates":[[-74.12449,4.58441],[-74.12494,4.58429],[-74.12514,4.58423]]}},{"type":"Feature","properties":{"id":"176565482","nom":"Diagonal 45B Sur","tipo":"tertiary"},"geometry":{"type":"LineString","coordinates":[[-74.12458,4.57172],[-74.12463,4.57173],[-74.12547,4.5719],[-74.1255,4.5719]]}},{"type":"Feature","properties":{"id":"176565483","nom":"Calle 42A Sur","tipo":"residential"},"geometry":{"type":"LineString","coordinates":[[-74.12431,4.57891],[-74.12457,4.57952],[-74.12459,4.57956]]}},{"type":"Feature","properties":{"id":"176565484","nom":"Diagonal 48A Sur","tipo":"residential"},"geometry":{"type":"LineString","coordinates":[[-74.12473,4.56836],[-74.12521,4.56858]]}},{"type":"Feature","properties":{"id":"176565485","nom":"Carrera 24A","tipo":"residential"},"geometry":{"type":"LineString","coordinates":[[-74.1219,4.58113],[-74.12296,4.58076]]}},{"type":"Feature","properties":{"id":"176565487","nom":"Carrera 23 Bis","tipo":"residential"},"geometry":{"type":"LineString","coordinates":[[-74.12452,4.57858],[-74.1239,4.57873]]}},{"type":"Feature","properties":{"id":"176565488","nom":"Carrera 22B","tipo":"residential"},"geometry":{"type":"LineString","coordinates":[[-74.12513,4.57731],[-74.12559,4.57692]]}},{"type":"Feature","properties":{"id":"176565735","nom":"Diagonal 49B Sur","tipo":"residential"},"geometry":{"type":"LineString","coordinates":[[-74.12449,4.56668],[-74.12433,4.56663],[-74.12394,4.56653],[-74.12353,4.56642]]}},{"type":"Feature","properties":{"id":"176565736","nom":"Diagonal 49C Sur","tipo":"residential"},"geometry":{"type":"LineString","coordinates":[[-74.12467,4.56641],[-74.12441,4.56636],[-74.12428,4.56632],[-74.12397,4.56626]]}},{"type":"Feature","properties":{"id":"176565737","nom":"Transversal 13J","tipo":"residential"},"geometry":{"type":"LineString","coordinates":[[-74.12424,4.56604],[-74.12428,4.56632]]}},{"type":"Feature","properties":{"id":"176566645","nom":"Carrera 13B","tipo":"residential"},"geometry":{"type":"LineString","coordinates":[[-74.12353,4.56586],[-74.12367,4.56583],[-74.12379,4.5658]]}},{"type":"Feature","properties":{"id":"176567822","nom":"Calle 49H Bis Sur","tipo":"residential"},"geometry":{"type":"LineString","coordinates":[[-74.1221,4.56119],[-74.12169,4.56041]]}},{"type":"Feature","properties":{"id":"176567823","nom":"Calle 49H Sur","tipo":"residential"},"geometry":{"type":"LineString","coordinates":[[-74.12168,4.56093],[-74.12146,4.56052],[-74.12138,4.56037]]}},{"type":"Feature","properties":{"id":"176567824","nom":"Calle 50B Sur","tipo":"residential"},"geometry":{"type":"LineString","coordinates":[[-74.12517,4.56586],[-74.12504,4.56564],[-74.1248,4.56521],[-74.12477,4.56515],[-74.12461,4.56486],[-74.12442,4.56453],[-74.12424,4.5642],[-74.12403,4.56384],[-74.12401,4.56374],[-74.12401,4.56365],[-74.12401,4.56356],[-74.12402,4.5635],[-74.1241,4.56327],[-74.12411,4.5632],[-74.12411,4.56312],[-74.1241,4.56303],[-74.12406,4.56288],[-74.12405,4.56283],[-74.12402,4.56278],[-74.12361,4.56198],[-74.12338,4.56151],[-74.12336,4.56146],[-74.1233,4.56135],[-74.12322,4.56122],[-74.12318,4.56116],[-74.12311,4.56109],[-74.12304,4.56104],[-74.12299,4.56098],[-74.12297,4.56095],[-74.12295,4.56088],[-74.12296,4.5608],[-74.12297,4.56074],[-74.12298,4.56069],[-74.12301,4.5606],[-74.12302,4.56052],[-74.12301,4.56038],[-74.123,4.56033],[-74.12297,4.56028],[-74.12276,4.55987]]}},{"type":"Feature","properties":{"id":"176567826","nom":"Calle 50 Sur","tipo":"residential"},"geometry":{"type":"LineString","coordinates":[[-74.1222,4.56015],[-74.12257,4.56088],[-74.1226,4.56094],[-74.12261,4.56102],[-74.12262,4.56107],[-74.12262,4.5611],[-74.12262,4.56112]]}},{"type":"Feature","properties":{"id":"176567827","nom":"Calle 49I Sur","tipo":"residential"},"geometry":{"type":"LineString","coordinates":[[-74.12239,4.56113],[-74.12237,4.5611],[-74.12193,4.56029]]}},{"type":"Feature","properties":{"id":"176569207","nom":"Calle 49F Bis Sur","tipo":"residential"},"geometry":{"type":"LineString","coordinates":[[-74.12157,4.56266],[-74.1216,4.56201],[-74.12162,4.56148]]}},{"type":"Feature","properties":{"id":"176569209","nom":"Carrera 12 Bis","tipo":"residential"},"geometry":{"type":"LineString","coordinates":[[-74.12189,4.56203],[-74.1216,4.56201],[-74.1213,4.56198]]}},{"type":"Feature","properties":{"id":"176569960","nom":"Calle 49B Sur","tipo":"residential"},"geometry":{"type":"LineString","coordinates":[[-74.11951,4.56144],[-74.11963,4.56167],[-74.11976,4.56199],[-74.11985,4.56217],[-74.12001,4.56265],[-74.12002,4.56273],[-74.12003,4.56288],[-74.12003,4.56304],[-74.12004,4.5631],[-74.12006,4.56314],[-74.1201,4.56319],[-74.12016,4.56324]]}},{"type":"Feature","properties":{"id":"176721893","nom":"Avenida Carrera 27","tipo":"secondary"},"geometry":{"type":"LineString","coordinates":[[-74.12131,4.58943],[-74.12138,4.58942],[-74.12144,4.5894],[-74.12151,4.58937],[-74.12159,4.58934],[-74.12181,4.58922],[-74.12199,4.58914],[-74.12207,4.5891],[-74.12218,4.58906],[-74.12227,4.58904],[-74.12237,4.58903],[-74.12247,4.58902],[-74.12255,4.58902],[-74.12266,4.58903],[-74.12275,4.58904],[-74.12286,4.58907],[-74.12296,4.5891],[-74.12305,4.58914],[-74.12314,4.58918],[-74.12322,4.58924],[-74.12327,4.58928],[-74.12333,4.58934],[-74.12337,4.58939],[-74.1234,4.58943],[-74.12343,4.58948],[-74.12351,4.5896],[-74.12362,4.58975],[-74.12367,4.58981],[-74.12373,4.58988],[-74.1238,4.58992],[-74.12389,4.58998]]}},{"type":"Feature","properties":{"id":"177574163","nom":"Calle 43 Sur","tipo":"residential"},"geometry":{"type":"LineString","coordinates":[[-74.12788,4.58725],[-74.12789,4.5873],[-74.12791,4.58732],[-74.12799,4.58752],[-74.128,4.58757],[-74.128,4.5876]]}},{"type":"Feature","properties":{"id":"177775959","nom":"Calle 40B Sur","tipo":"residential"},"geometry":{"type":"LineString","coordinates":[[-74.13369,4.5992],[-74.13373,4.59922],[-74.13377,4.59925],[-74.13471,4.59987]]}},{"type":"Feature","properties":{"id":"177775960","nom":"Calle 40A Sur","tipo":"residential"},"geometry":{"type":"LineString","coordinates":[[-74.13344,4.59958],[-74.13348,4.59961],[-74.13351,4.59963],[-74.13448,4.60027]]}},{"type":"Feature","properties":{"id":"178220759","nom":"Calle 60B Sur","tipo":"residential"},"geometry":{"type":"LineString","coordinates":[[-74.15485,4.59238],[-74.15584,4.59226]]}},{"type":"Feature","properties":{"id":"178220761","nom":"Calle 59A Sur","tipo":"residential"},"geometry":{"type":"LineString","coordinates":[[-74.15471,4.59366],[-74.15599,4.59351],[-74.15682,4.59341]]}},{"type":"Feature","properties":{"id":"178220763","nom":"Calle 58A Sur","tipo":"residential"},"geometry":{"type":"LineString","coordinates":[[-74.15481,4.59449],[-74.15564,4.5944]]}},{"type":"Feature","properties":{"id":"178220767","nom":"Calle 61 Sur","tipo":"residential"},"geometry":{"type":"LineString","coordinates":[[-74.15488,4.59195],[-74.1558,4.59185]]}},{"type":"Feature","properties":{"id":"178700585","nom":"Calle 60A Sur","tipo":"residential"},"geometry":{"type":"LineString","coordinates":[[-74.15477,4.5928],[-74.15589,4.59268]]}},{"type":"Feature","properties":{"id":"178700811","nom":"Carrera 60D","tipo":"residential"},"geometry":{"type":"LineString","coordinates":[[-74.14661,4.58994],[-74.14642,4.58945],[-74.14626,4.58908]]}},{"type":"Feature","properties":{"id":"178701142","nom":"Carrera 63 Bis","tipo":"residential"},"geometry":{"type":"LineString","coordinates":[[-74.15415,4.59152],[-74.15414,4.59149],[-74.15404,4.59125]]}},{"type":"Feature","properties":{"id":"178701148","nom":"Carrera 62A","tipo":"residential"},"geometry":{"type":"LineString","coordinates":[[-74.15339,4.59183],[-74.15312,4.59111],[-74.15303,4.59093]]}},{"type":"Feature","properties":{"id":"178701151","nom":"Carrera 62B","tipo":"residential"},"geometry":{"type":"LineString","coordinates":[[-74.15365,4.59173],[-74.15334,4.59095]]}},{"type":"Feature","properties":{"id":"179173646","nom":"Carrera 46A","tipo":"residential"},"geometry":{"type":"LineString","coordinates":[[-74.15455,4.57571],[-74.15354,4.57622],[-74.15297,4.57645],[-74.15295,4.57647],[-74.15294,4.57649]]}},{"type":"Feature","properties":{"id":"180046614","nom":"Transversal 72B","tipo":"residential"},"geometry":{"type":"LineString","coordinates":[[-74.14574,4.59979],[-74.1459,4.59972],[-74.14624,4.59958],[-74.1464,4.59951],[-74.14658,4.59944],[-74.14663,4.59942],[-74.14697,4.59928],[-74.14739,4.59911],[-74.14785,4.59892]]}},{"type":"Feature","properties":{"id":"180047881","nom":"Carrera 29","tipo":"residential"},"geometry":{"type":"LineString","coordinates":[[-74.15067,4.56723],[-74.15057,4.56736],[-74.15043,4.56757],[-74.15029,4.56776],[-74.14992,4.5683],[-74.14953,4.56887]]}},{"type":"Feature","properties":{"id":"180047884","nom":"Calle 62A Sur","tipo":"residential"},"geometry":{"type":"LineString","coordinates":[[-74.14966,4.57033],[-74.15002,4.57057],[-74.1502,4.57069],[-74.15035,4.57079]]}},{"type":"Feature","properties":{"id":"180047887","nom":"Calle 62A Sur","tipo":"residential"},"geometry":{"type":"LineString","coordinates":[[-74.15074,4.57106],[-74.15075,4.57107],[-74.15109,4.57132],[-74.15124,4.57142],[-74.15141,4.57153]]}},{"type":"Feature","properties":{"id":"180047888","nom":"Calle 63B Sur","tipo":"residential"},"geometry":{"type":"LineString","coordinates":[[-74.15068,4.56997],[-74.15105,4.57022],[-74.1512,4.57033],[-74.1512,4.57034]]}},{"type":"Feature","properties":{"id":"180047891","nom":"Calle 62B Sur","tipo":"residential"},"geometry":{"type":"LineString","coordinates":[[-74.15031,4.57052],[-74.15068,4.57076],[-74.15087,4.57089],[-74.15099,4.57098]]}},{"type":"Feature","properties":{"id":"180047897","nom":"Calle 63B Sur","tipo":"residential"},"geometry":{"type":"LineString","coordinates":[[-74.15175,4.57071],[-74.15213,4.57097],[-74.15222,4.57104],[-74.15228,4.57108],[-74.15234,4.57112]]}},{"type":"Feature","properties":{"id":"180048147","nom":"Calle 62A Sur","tipo":"residential"},"geometry":{"type":"LineString","coordinates":[[-74.14928,4.57005],[-74.14914,4.56995],[-74.14896,4.56982],[-74.14858,4.56956]]}},{"type":"Feature","properties":{"id":"180048148","nom":"Carrera 27","tipo":"residential"},"geometry":{"type":"LineString","coordinates":[[-74.14907,4.56888],[-74.14906,4.5689],[-74.14897,4.56902],[-74.14891,4.56909]]}},{"type":"Feature","properties":{"id":"180048149","nom":"Carrera 26","tipo":"residential"},"geometry":{"type":"LineString","coordinates":[[-74.14853,4.56929],[-74.14865,4.56912],[-74.1489,4.56875]]}},{"type":"Feature","properties":{"id":"180048150","nom":"Calle 62B Sur","tipo":"residential"},"geometry":{"type":"LineString","coordinates":[[-74.14889,4.56953],[-74.14869,4.5694],[-74.14853,4.56929],[-74.1485,4.56927],[-74.1482,4.56907]]}},{"type":"Feature","properties":{"id":"180048152","nom":"Carrera 25","tipo":"residential"},"geometry":{"type":"LineString","coordinates":[[-74.14873,4.56862],[-74.14847,4.569]]}},{"type":"Feature","properties":{"id":"180048292","nom":"Calle 68B Sur","tipo":"residential"},"geometry":{"type":"LineString","coordinates":[[-74.1515,4.56601],[-74.15142,4.56574],[-74.15127,4.56523],[-74.1512,4.56497],[-74.15111,4.5647],[-74.15103,4.56442],[-74.15095,4.56416],[-74.15087,4.56391],[-74.15079,4.56364],[-74.15071,4.56337]]}},{"type":"Feature","properties":{"id":"180048293","nom":"Calle 68A Sur","tipo":"residential"},"geometry":{"type":"LineString","coordinates":[[-74.15101,4.56621],[-74.1508,4.56556],[-74.15075,4.56539]]}},{"type":"Feature","properties":{"id":"180048294","nom":"Calle 68A Bis Sur","tipo":"residential"},"geometry":{"type":"LineString","coordinates":[[-74.15125,4.5661],[-74.15101,4.56531]]}},{"type":"Feature","properties":{"id":"180048295","nom":"Calle 68C Sur","tipo":"residential"},"geometry":{"type":"LineString","coordinates":[[-74.15168,4.56567],[-74.15152,4.56515],[-74.15137,4.56462],[-74.15122,4.56409],[-74.15105,4.56356]]}},{"type":"Feature","properties":{"id":"180048296","nom":"Carrera 20F","tipo":"residential"},"geometry":{"type":"LineString","coordinates":[[-74.15016,4.56354],[-74.15016,4.56353],[-74.15018,4.56352],[-74.15036,4.56347],[-74.15063,4.56339],[-74.15071,4.56337],[-74.15123,4.5632]]}},{"type":"Feature","properties":{"id":"180048468","nom":"Calle 59A Bis Sur","tipo":"residential"},"geometry":{"type":"LineString","coordinates":[[-74.1534,4.57759],[-74.15313,4.57683],[-74.15309,4.57673]]}},{"type":"Feature","properties":{"id":"180048469","nom":"Calle 58F Sur","tipo":"residential"},"geometry":{"type":"LineString","coordinates":[[-74.15208,4.57803],[-74.1518,4.57731],[-74.15176,4.5772]]}},{"type":"Feature","properties":{"id":"180048470","nom":"Calle 59B Sur","tipo":"residential"},"geometry":{"type":"LineString","coordinates":[[-74.15367,4.5775],[-74.15338,4.57674],[-74.15334,4.57664]]}},{"type":"Feature","properties":{"id":"180048471","nom":"Calle 58D Sur","tipo":"residential"},"geometry":{"type":"LineString","coordinates":[[-74.15181,4.57812],[-74.15154,4.5774],[-74.1515,4.57729]]}},{"type":"Feature","properties":{"id":"180048477","nom":"Calle 59 Sur","tipo":"residential"},"geometry":{"type":"LineString","coordinates":[[-74.15261,4.57786],[-74.15233,4.57711],[-74.15229,4.57701]]}},{"type":"Feature","properties":{"id":"180048624","nom":"Calle 52F Sur","tipo":"residential"},"geometry":{"type":"LineString","coordinates":[[-74.13389,4.5755],[-74.1339,4.57555],[-74.13401,4.57583],[-74.13405,4.57595],[-74.13412,4.57612],[-74.13415,4.57618],[-74.13421,4.57621],[-74.13448,4.57633],[-74.13489,4.5765],[-74.13512,4.5766],[-74.13537,4.57671],[-74.13576,4.57687]]}},{"type":"Feature","properties":{"id":"180048627","nom":"Carrera 24D","tipo":"residential"},"geometry":{"type":"LineString","coordinates":[[-74.13371,4.57796],[-74.13365,4.57799],[-74.13274,4.57835],[-74.1327,4.57836],[-74.13157,4.57884],[-74.1315,4.57887]]}},{"type":"Feature","properties":{"id":"180048674","nom":"Calle 57D Sur","tipo":"residential"},"geometry":{"type":"LineString","coordinates":[[-74.15035,4.59611],[-74.15046,4.59617],[-74.15056,4.59624],[-74.15062,4.5963],[-74.15066,4.59638],[-74.15071,4.59643],[-74.15093,4.59654],[-74.15105,4.5966],[-74.15114,4.59662],[-74.15122,4.59662],[-74.15131,4.59661],[-74.15139,4.5966],[-74.15149,4.59658],[-74.15163,4.59651],[-74.1517,4.59647],[-74.15178,4.59646]]}},{"type":"Feature","properties":{"id":"180048676","nom":"Carrera 62B","tipo":"residential"},"geometry":{"type":"LineString","coordinates":[[-74.15093,4.59654],[-74.15104,4.59571],[-74.15105,4.59561]]}},{"type":"Feature","properties":{"id":"180048678","nom":"Carrera 62D","tipo":"residential"},"geometry":{"type":"LineString","coordinates":[[-74.15149,4.59658],[-74.15159,4.59576],[-74.1516,4.59566]]}},{"type":"Feature","properties":{"id":"180048680","nom":"Carrera 62C","tipo":"residential"},"geometry":{"type":"LineString","coordinates":[[-74.15122,4.59662],[-74.1513,4.59573],[-74.15131,4.59564]]}},{"type":"Feature","properties":{"id":"180954223","nom":"Transversal 20B","tipo":"residential"},"geometry":{"type":"LineString","coordinates":[[-74.14228,4.56555],[-74.14251,4.56495],[-74.14255,4.56485]]}},{"type":"Feature","properties":{"id":"180954224","nom":"Transversal 20D","tipo":"tertiary"},"geometry":{"type":"LineString","coordinates":[[-74.14327,4.56523],[-74.14279,4.56655],[-74.14276,4.56661]]}},{"type":"Feature","properties":{"id":"180954226","nom":"Transversal 20B","tipo":"residential"},"geometry":{"type":"LineString","coordinates":[[-74.14255,4.56485],[-74.14258,4.56482],[-74.1426,4.5648],[-74.14264,4.56478],[-74.14267,4.56478],[-74.14273,4.56478],[-74.14277,4.56479],[-74.14281,4.56481],[-74.14312,4.565]]}},{"type":"Feature","properties":{"id":"180954228","nom":"Diagonal 61 Sur","tipo":"residential"},"geometry":{"type":"LineString","coordinates":[[-74.14203,4.56546],[-74.14206,4.56547],[-74.14228,4.56555],[-74.1425,4.56563],[-74.14254,4.56564]]}},{"type":"Feature","properties":{"id":"180954501","nom":"Carrera 19B Bis","tipo":"residential"},"geometry":{"type":"LineString","coordinates":[[-74.13988,4.56344],[-74.13996,4.56326],[-74.14016,4.56279],[-74.14029,4.56248],[-74.14046,4.56204]]}},{"type":"Feature","properties":{"id":"180954502","nom":"Carrera 19B","tipo":"residential"},"geometry":{"type":"LineString","coordinates":[[-74.13996,4.56326],[-74.1399,4.56271],[-74.13986,4.56237],[-74.13987,4.56183]]}},{"type":"Feature","properties":{"id":"180954503","nom":"Carrera 19C","tipo":"residential"},"geometry":{"type":"LineString","coordinates":[[-74.14012,4.56398],[-74.14034,4.56368]]}},{"type":"Feature","properties":{"id":"180954504","nom":"Carrera 19F","tipo":"residential"},"geometry":{"type":"LineString","coordinates":[[-74.14048,4.5644],[-74.14079,4.56402],[-74.14098,4.5638],[-74.14118,4.56356]]}},{"type":"Feature","properties":{"id":"180954505","nom":"Carrera 19G","tipo":"residential"},"geometry":{"type":"LineString","coordinates":[[-74.14188,4.56307],[-74.14139,4.56372],[-74.14102,4.5642],[-74.14069,4.56464]]}},{"type":"Feature","properties":{"id":"180954506","nom":"Carrera 19C","tipo":"residential"},"geometry":{"type":"LineString","coordinates":[[-74.14012,4.5635],[-74.14028,4.56322],[-74.14037,4.56307]]}},{"type":"Feature","properties":{"id":"180954508","nom":"Carrera 19D","tipo":"residential"},"geometry":{"type":"LineString","coordinates":[[-74.14029,4.56418],[-74.14055,4.56384],[-74.14074,4.5636],[-74.14085,4.56346]]}},{"type":"Feature","properties":{"id":"181210600","nom":"Carrera 33","tipo":"residential"},"geometry":{"type":"LineString","coordinates":[[-74.12421,4.58881],[-74.12371,4.58898]]}},{"type":"Feature","properties":{"id":"181599167","nom":"","tipo":"trunk_link"},"geometry":{"type":"LineString","coordinates":[[-74.13819,4.56587],[-74.13809,4.56609],[-74.13803,4.56624],[-74.13797,4.56636],[-74.13789,4.5665],[-74.13772,4.56676],[-74.13764,4.56689],[-74.1376,4.56694],[-74.13756,4.56698],[-74.13753,4.567],[-74.13752,4.56701],[-74.13749,4.56704],[-74.13745,4.56706],[-74.13686,4.56742]]}},{"type":"Feature","properties":{"id":"182944492","nom":"Calle 49B Sur","tipo":"residential"},"geometry":{"type":"LineString","coordinates":[[-74.11985,4.56608],[-74.11994,4.56623],[-74.12008,4.56647],[-74.12022,4.56672]]}},{"type":"Feature","properties":{"id":"182999185","nom":"Calle 50D Sur","tipo":"residential"},"geometry":{"type":"LineString","coordinates":[[-74.1242,4.56166],[-74.12406,4.56136]]}},{"type":"Feature","properties":{"id":"182999193","nom":"Calle 50A Bis Sur","tipo":"residential"},"geometry":{"type":"LineString","coordinates":[[-74.12324,4.56267],[-74.12302,4.56228]]}},{"type":"Feature","properties":{"id":"182999198","nom":"Carrera 11D","tipo":"residential"},"geometry":{"type":"LineString","coordinates":[[-74.12392,4.56057],[-74.12387,4.56059],[-74.12355,4.56073],[-74.12323,4.56087]]}},{"type":"Feature","properties":{"id":"182999201","nom":"Transversal 12","tipo":"residential"},"geometry":{"type":"LineString","coordinates":[[-74.1195,4.56303],[-74.11986,4.56306],[-74.11989,4.56307],[-74.12004,4.5631]]}},{"type":"Feature","properties":{"id":"182999203","nom":"Calle 50D Sur","tipo":"residential"},"geometry":{"type":"LineString","coordinates":[[-74.12462,4.56353],[-74.12461,4.56348],[-74.12461,4.56341],[-74.12462,4.56327],[-74.12464,4.56295],[-74.12464,4.56284],[-74.12464,4.56271],[-74.12462,4.56261],[-74.12458,4.56249],[-74.12418,4.56168]]}},{"type":"Feature","properties":{"id":"182999409","nom":"Transversal 13D","tipo":"residential"},"geometry":{"type":"LineString","coordinates":[[-74.12575,4.5663],[-74.12613,4.56582],[-74.12616,4.56579]]}},{"type":"Feature","properties":{"id":"182999410","nom":"Transversal 13I Bis","tipo":"residential"},"geometry":{"type":"LineString","coordinates":[[-74.12394,4.56653],[-74.12384,4.56692]]}},{"type":"Feature","properties":{"id":"182999412","nom":"Diagonal 50C Sur","tipo":"residential"},"geometry":{"type":"LineString","coordinates":[[-74.12612,4.56652],[-74.12575,4.5663]]}},{"type":"Feature","properties":{"id":"183044117","nom":"Calle 68A Sur","tipo":"residential"},"geometry":{"type":"LineString","coordinates":[[-74.1508,4.56538],[-74.15072,4.56511],[-74.15064,4.56485]]}},{"type":"Feature","properties":{"id":"183044118","nom":"Carrera 23A","tipo":"residential"},"geometry":{"type":"LineString","coordinates":[[-74.14849,4.56738],[-74.14879,4.56729],[-74.14896,4.56724],[-74.14934,4.56712],[-74.14957,4.56705],[-74.14963,4.56702],[-74.14966,4.567],[-74.14971,4.56696]]}},{"type":"Feature","properties":{"id":"183044119","nom":"Carrera 23","tipo":"residential"},"geometry":{"type":"LineString","coordinates":[[-74.15068,4.56625],[-74.15047,4.56631],[-74.15,4.56646],[-74.14959,4.56658],[-74.14866,4.56684]]}},{"type":"Feature","properties":{"id":"183153324","nom":"Calle 63 Sur","tipo":"residential"},"geometry":{"type":"LineString","coordinates":[[-74.14769,4.56841],[-74.14767,4.56841],[-74.14765,4.5684],[-74.1475,4.56831],[-74.14735,4.56821],[-74.14698,4.56795],[-74.14669,4.56775]]}},{"type":"Feature","properties":{"id":"183153325","nom":"Carrera 22 Bis","tipo":"residential"},"geometry":{"type":"LineString","coordinates":[[-74.1512,4.56497],[-74.15072,4.56511]]}},{"type":"Feature","properties":{"id":"183153327","nom":"Calle 68A Bis Sur","tipo":"residential"},"geometry":{"type":"LineString","coordinates":[[-74.15071,4.56451],[-74.1508,4.5648]]}},{"type":"Feature","properties":{"id":"183153328","nom":"Carrera 21A","tipo":"residential"},"geometry":{"type":"LineString","coordinates":[[-74.15038,4.56432],[-74.15095,4.56416],[-74.15122,4.56409]]}},{"type":"Feature","properties":{"id":"183153330","nom":"Carrera 20G","tipo":"residential"},"geometry":{"type":"LineString","coordinates":[[-74.15023,4.5638],[-74.15079,4.56364],[-74.15105,4.56356],[-74.15122,4.56351]]}},{"type":"Feature","properties":{"id":"183153332","nom":"Carrera 21","tipo":"residential"},"geometry":{"type":"LineString","coordinates":[[-74.1503,4.56407],[-74.15087,4.56391]]}},{"type":"Feature","properties":{"id":"183153333","nom":"Calle 64C Sur","tipo":"residential"},"geometry":{"type":"LineString","coordinates":[[-74.14758,4.5667],[-74.14774,4.56681]]}},{"type":"Feature","properties":{"id":"183153337","nom":"Calle 62B Sur","tipo":"residential"},"geometry":{"type":"LineString","coordinates":[[-74.14652,4.56789],[-74.14665,4.568],[-74.14685,4.56815],[-74.14736,4.56851],[-74.14777,4.56881]]}},{"type":"Feature","properties":{"id":"183153339","nom":"Carrera 22A","tipo":"residential"},"geometry":{"type":"LineString","coordinates":[[-74.14799,4.5661],[-74.14767,4.56621]]}},{"type":"Feature","properties":{"id":"183153340","nom":"Carrera 22B","tipo":"residential"},"geometry":{"type":"LineString","coordinates":[[-74.15177,4.56564],[-74.15168,4.56567],[-74.15142,4.56574]]}},{"type":"Feature","properties":{"id":"183153341","nom":"Calle 68 Bis Sur","tipo":"residential"},"geometry":{"type":"LineString","coordinates":[[-74.15046,4.56458],[-74.15045,4.56458],[-74.15038,4.56432],[-74.1503,4.56407],[-74.15023,4.5638],[-74.15016,4.56356],[-74.15016,4.56354]]}},{"type":"Feature","properties":{"id":"183153343","nom":"Carrera 21B","tipo":"residential"},"geometry":{"type":"LineString","coordinates":[[-74.15103,4.56442],[-74.15071,4.56451],[-74.15047,4.56458],[-74.15046,4.56458]]}},{"type":"Feature","properties":{"id":"183153345","nom":"Carrera 22A Bis","tipo":"residential"},"geometry":{"type":"LineString","coordinates":[[-74.1505,4.56564],[-74.1508,4.56556]]}},{"type":"Feature","properties":{"id":"183153348","nom":"Carrera 22I","tipo":"residential"},"geometry":{"type":"LineString","coordinates":[[-74.14797,4.56648],[-74.14774,4.56681],[-74.14751,4.56715]]}},{"type":"Feature","properties":{"id":"183153892","nom":"Calle 62B Sur","tipo":"residential"},"geometry":{"type":"LineString","coordinates":[[-74.14995,4.57026],[-74.14978,4.57015],[-74.14959,4.57002],[-74.14925,4.56978]]}},{"type":"Feature","properties":{"id":"183153900","nom":"Calle 63A Sur","tipo":"residential"},"geometry":{"type":"LineString","coordinates":[[-74.15038,4.57004],[-74.15056,4.57016],[-74.15073,4.57026]]}},{"type":"Feature","properties":{"id":"183153901","nom":"Calle 63B Sur","tipo":"residential"},"geometry":{"type":"LineString","coordinates":[[-74.14961,4.56923],[-74.14997,4.56947],[-74.15015,4.5696],[-74.1502,4.56964]]}},{"type":"Feature","properties":{"id":"183153903","nom":"Calle 63A Sur","tipo":"residential"},"geometry":{"type":"LineString","coordinates":[[-74.15003,4.56977],[-74.15003,4.56977],[-74.15004,4.56978],[-74.1502,4.5699]]}},{"type":"Feature","properties":{"id":"183238437","nom":"Carrera 35","tipo":"residential"},"geometry":{"type":"LineString","coordinates":[[-74.15065,4.56965],[-74.15063,4.56968],[-74.15046,4.56993],[-74.15038,4.57004],[-74.15027,4.57021],[-74.15002,4.57057],[-74.14989,4.57076],[-74.14987,4.5708]]}},{"type":"Feature","properties":{"id":"183238447","nom":"Calle 63A Sur","tipo":"residential"},"geometry":{"type":"LineString","coordinates":[[-74.1511,4.57051],[-74.15129,4.57065],[-74.15147,4.57076],[-74.15163,4.57088],[-74.15181,4.571]]}},{"type":"Feature","properties":{"id":"183239514","nom":"Carrera 36","tipo":"residential"},"geometry":{"type":"LineString","coordinates":[[-74.15034,4.57046],[-74.15031,4.57052],[-74.1502,4.57069],[-74.15007,4.57088],[-74.15004,4.57091]]}},{"type":"Feature","properties":{"id":"183239515","nom":"Diagonal 64A Sur","tipo":"residential"},"geometry":{"type":"LineString","coordinates":[[-74.15349,4.57303],[-74.15339,4.57283],[-74.15329,4.57262],[-74.153,4.57203],[-74.15282,4.57164],[-74.15273,4.57146],[-74.15266,4.57131],[-74.15249,4.57095]]}},{"type":"Feature","properties":{"id":"183239516","nom":"Carrera 37 Bis","tipo":"residential"},"geometry":{"type":"LineString","coordinates":[[-74.15103,4.57061],[-74.1511,4.57051],[-74.1512,4.57036],[-74.1512,4.57034]]}},{"type":"Feature","properties":{"id":"183239519","nom":"Carrera 43A","tipo":"residential"},"geometry":{"type":"LineString","coordinates":[[-74.1536,4.57247],[-74.1534,4.57257],[-74.15329,4.57262],[-74.15283,4.57285]]}},{"type":"Feature","properties":{"id":"183239522","nom":"Carrera 31","tipo":"residential"},"geometry":{"type":"LineString","coordinates":[[-74.14971,4.56944],[-74.14966,4.56952],[-74.1496,4.5696]]}},{"type":"Feature","properties":{"id":"183239527","nom":"Carrera 37 Bis","tipo":"residential"},"geometry":{"type":"LineString","coordinates":[[-74.15074,4.57106],[-74.15074,4.57106],[-74.15087,4.57089]]}},{"type":"Feature","properties":{"id":"183239713","nom":"Carrera 42A","tipo":"residential"},"geometry":{"type":"LineString","coordinates":[[-74.14932,4.57502],[-74.15004,4.57469]]}},{"type":"Feature","properties":{"id":"183239714","nom":"Calle 58C Sur","tipo":"residential"},"geometry":{"type":"LineString","coordinates":[[-74.14806,4.57303],[-74.14807,4.57312],[-74.14808,4.57317],[-74.1481,4.57322],[-74.14813,4.57327],[-74.14817,4.5733],[-74.14868,4.57363],[-74.14871,4.57365],[-74.14883,4.57373],[-74.14885,4.57374],[-74.14971,4.5743]]}},{"type":"Feature","properties":{"id":"183239722","nom":"Calle 58A Sur","tipo":"residential"},"geometry":{"type":"LineString","coordinates":[[-74.14566,4.57236],[-74.14551,4.57226],[-74.145,4.57192],[-74.14486,4.57182],[-74.14482,4.57179],[-74.14413,4.57132]]}},{"type":"Feature","properties":{"id":"183239763","nom":"Calle 58D Sur","tipo":"residential"},"geometry":{"type":"LineString","coordinates":[[-74.15195,4.57826],[-74.15225,4.57919],[-74.15229,4.57931]]}},{"type":"Feature","properties":{"id":"183239765","nom":"Calle 59 Sur","tipo":"residential"},"geometry":{"type":"LineString","coordinates":[[-74.15274,4.578],[-74.15305,4.57892],[-74.1531,4.57904]]}},{"type":"Feature","properties":{"id":"183239767","nom":"Calle 59 Bis Sur","tipo":"residential"},"geometry":{"type":"LineString","coordinates":[[-74.153,4.57791],[-74.15331,4.57883],[-74.15335,4.57896]]}},{"type":"Feature","properties":{"id":"183239768","nom":"Calle 59A Bis Sur","tipo":"residential"},"geometry":{"type":"LineString","coordinates":[[-74.15356,4.57772],[-74.15388,4.57865],[-74.15392,4.57877]]}},{"type":"Feature","properties":{"id":"183239769","nom":"Calle 59B Sur","tipo":"residential"},"geometry":{"type":"LineString","coordinates":[[-74.15381,4.57764],[-74.15411,4.57857],[-74.15415,4.57869]]}},{"type":"Feature","properties":{"id":"183239772","nom":"Calle 58F Sur","tipo":"residential"},"geometry":{"type":"LineString","coordinates":[[-74.1522,4.57818],[-74.15251,4.57911],[-74.15255,4.57923]]}},{"type":"Feature","properties":{"id":"183360391","nom":"Carrera 42B","tipo":"residential"},"geometry":{"type":"LineString","coordinates":[[-74.15224,4.57241],[-74.15241,4.57233],[-74.15281,4.57213],[-74.153,4.57203]]}},{"type":"Feature","properties":{"id":"183360392","nom":"Calle 62B Sur","tipo":"residential"},"geometry":{"type":"LineString","coordinates":[[-74.15137,4.57124],[-74.15176,4.5715]]}},{"type":"Feature","properties":{"id":"183360393","nom":"Carrera 33","tipo":"residential"},"geometry":{"type":"LineString","coordinates":[[-74.14962,4.57038],[-74.14966,4.57033],[-74.14978,4.57015]]}},{"type":"Feature","properties":{"id":"183360394","nom":"Carrera 27","tipo":"residential"},"geometry":{"type":"LineString","coordinates":[[-74.14853,4.56963],[-74.14858,4.56956],[-74.14869,4.5694]]}},{"type":"Feature","properties":{"id":"183360396","nom":"Carrera 30","tipo":"residential"},"geometry":{"type":"LineString","coordinates":[[-74.14931,4.56968],[-74.14925,4.56978],[-74.14914,4.56995],[-74.14902,4.57014],[-74.14898,4.57019]]}},{"type":"Feature","properties":{"id":"183360397","nom":"Carrera 36","tipo":"residential"},"geometry":{"type":"LineString","coordinates":[[-74.15072,4.56991],[-74.15068,4.56997],[-74.15056,4.57016],[-74.15044,4.57033]]}},{"type":"Feature","properties":{"id":"183505027","nom":"Carrera 34","tipo":"residential"},"geometry":{"type":"LineString","coordinates":[[-74.15001,4.57018],[-74.14995,4.57026],[-74.14991,4.57032]]}},{"type":"Feature","properties":{"id":"183505030","nom":"Calle 63A Sur","tipo":"residential"},"geometry":{"type":"LineString","coordinates":[[-74.14966,4.56952],[-74.14949,4.56941],[-74.14933,4.56929]]}},{"type":"Feature","properties":{"id":"183505032","nom":"Carrera 33","tipo":"residential"},"geometry":{"type":"LineString","coordinates":[[-74.15015,4.5696],[-74.15003,4.56975],[-74.15003,4.56977]]}},{"type":"Feature","properties":{"id":"183505033","nom":"Carrera 28","tipo":"residential"},"geometry":{"type":"LineString","coordinates":[[-74.14885,4.56958],[-74.14889,4.56953],[-74.14896,4.56943]]}},{"type":"Feature","properties":{"id":"183505035","nom":"Carrera 29","tipo":"residential"},"geometry":{"type":"LineString","coordinates":[[-74.14879,4.57006],[-74.14883,4.57001],[-74.14896,4.56982],[-74.14919,4.56948],[-74.14932,4.5693],[-74.14932,4.56929]]}},{"type":"Feature","properties":{"id":"183505039","nom":"Carrera 30","tipo":"residential"},"geometry":{"type":"LineString","coordinates":[[-74.14966,4.56916],[-74.14961,4.56923],[-74.14949,4.56941],[-74.14936,4.5696]]}},{"type":"Feature","properties":{"id":"200785374","nom":"Calle 60A Sur","tipo":"residential"},"geometry":{"type":"LineString","coordinates":[[-74.13563,4.5604],[-74.13546,4.56027],[-74.13526,4.56012],[-74.13522,4.56009],[-74.13502,4.55994],[-74.13496,4.55991],[-74.13469,4.55981],[-74.13437,4.5603]]}},{"type":"Feature","properties":{"id":"200785376","nom":"Calle 60B Bis Sur","tipo":"residential"},"geometry":{"type":"LineString","coordinates":[[-74.13601,4.56001],[-74.1355,4.55971]]}},{"type":"Feature","properties":{"id":"200785378","nom":"Carrera 18A","tipo":"residential"},"geometry":{"type":"LineString","coordinates":[[-74.13743,4.5594],[-74.13741,4.55946],[-74.13735,4.55961],[-74.13729,4.55975],[-74.13724,4.55984],[-74.13707,4.56009],[-74.13689,4.56031],[-74.13671,4.56052],[-74.13653,4.56075]]}},{"type":"Feature","properties":{"id":"200785380","nom":"Carrera 18","tipo":"residential"},"geometry":{"type":"LineString","coordinates":[[-74.13606,4.56033],[-74.13622,4.56014],[-74.13642,4.55993],[-74.1366,4.55972],[-74.13679,4.55949],[-74.13685,4.55943],[-74.13687,4.5594],[-74.13691,4.55938],[-74.13713,4.55924],[-74.13717,4.55921]]}},{"type":"Feature","properties":{"id":"200944260","nom":"Carrera 12B","tipo":"residential"},"geometry":{"type":"LineString","coordinates":[[-74.12425,4.56163],[-74.12429,4.56162],[-74.12432,4.56163],[-74.12435,4.56164],[-74.12438,4.56166],[-74.1244,4.56168],[-74.12452,4.56179]]}},{"type":"Feature","properties":{"id":"201055135","nom":"Avenida Calle 58A Sur","tipo":"trunk"},"geometry":{"type":"LineString","coordinates":[[-74.13905,4.5718],[-74.13917,4.57232],[-74.1392,4.57245]]}},{"type":"Feature","properties":{"id":"224388354","nom":"Diagonal 51A Sur","tipo":"residential"},"geometry":{"type":"LineString","coordinates":[[-74.14549,4.59023],[-74.14556,4.59014],[-74.14596,4.58965]]}},{"type":"Feature","properties":{"id":"224388977","nom":"Diagonal 60G Sur","tipo":"tertiary"},"geometry":{"type":"LineString","coordinates":[[-74.13866,4.56048],[-74.13861,4.56035],[-74.13861,4.56034],[-74.13845,4.55995],[-74.13842,4.55992],[-74.13839,4.55988],[-74.13833,4.55983],[-74.13827,4.55979],[-74.13802,4.55966],[-74.13777,4.55954],[-74.13743,4.5594],[-74.13731,4.55934],[-74.13728,4.55933],[-74.13726,4.55931],[-74.13721,4.55927],[-74.13717,4.55921],[-74.13693,4.5588],[-74.13687,4.55872],[-74.13684,4.55869],[-74.13679,4.55867],[-74.13674,4.55866],[-74.13628,4.55859],[-74.13619,4.55858],[-74.13583,4.55851],[-74.1356,4.55848],[-74.13547,4.55847],[-74.13537,4.55846],[-74.13528,4.55846]]}},{"type":"Feature","properties":{"id":"224388978","nom":"Diagonal 60G Sur","tipo":"tertiary"},"geometry":{"type":"LineString","coordinates":[[-74.13866,4.56048],[-74.13873,4.56068],[-74.1388,4.56088],[-74.13881,4.56093],[-74.13884,4.56101],[-74.13887,4.56112]]}},{"type":"Feature","properties":{"id":"230271832","nom":"Avenida Carrera 24","tipo":"secondary"},"geometry":{"type":"LineString","coordinates":[[-74.12541,4.57932],[-74.12534,4.57935],[-74.12459,4.57956]]}},{"type":"Feature","properties":{"id":"230271833","nom":"Carrera 24C","tipo":"residential"},"geometry":{"type":"LineString","coordinates":[[-74.13875,4.57563],[-74.13833,4.57579],[-74.13749,4.57614],[-74.13726,4.57623],[-74.13723,4.57624],[-74.13698,4.57634],[-74.13661,4.5765],[-74.13579,4.57685],[-74.13576,4.57687]]}},{"type":"Feature","properties":{"id":"230280755","nom":"Avenida Calle 44 Sur","tipo":"secondary"},"geometry":{"type":"LineString","coordinates":[[-74.12853,4.5867],[-74.12844,4.58689]]}},{"type":"Feature","properties":{"id":"230283488","nom":"Calle 47A Sur","tipo":"residential"},"geometry":{"type":"LineString","coordinates":[[-74.13003,4.58246],[-74.12996,4.58218]]}},{"type":"Feature","properties":{"id":"230283489","nom":"Calle 47A Sur","tipo":"residential"},"geometry":{"type":"LineString","coordinates":[[-74.12996,4.58218],[-74.12974,4.58118],[-74.12945,4.58006]]}},{"type":"Feature","properties":{"id":"230389838","nom":"Calle 35C Sur","tipo":"residential"},"geometry":{"type":"LineString","coordinates":[[-74.12112,4.58796],[-74.12111,4.58789],[-74.12111,4.58787],[-74.121,4.58707]]}},{"type":"Feature","properties":{"id":"230389839","nom":"Avenida Carrera 26G","tipo":"secondary"},"geometry":{"type":"LineString","coordinates":[[-74.12031,4.58807],[-74.12024,4.58808],[-74.1201,4.58812],[-74.12003,4.58815],[-74.1199,4.58822],[-74.11982,4.58828],[-74.11977,4.58833],[-74.11972,4.58839],[-74.11968,4.58846],[-74.11965,4.58854]]}},{"type":"Feature","properties":{"id":"230503598","nom":"Carrera 23C","tipo":"residential"},"geometry":{"type":"LineString","coordinates":[[-74.12219,4.57925],[-74.12162,4.57945],[-74.12082,4.57973]]}},{"type":"Feature","properties":{"id":"233006725","nom":"Carrera 61G","tipo":"residential"},"geometry":{"type":"LineString","coordinates":[[-74.14953,4.5846],[-74.14968,4.58528],[-74.14977,4.58564],[-74.14984,4.58599],[-74.1499,4.58659],[-74.14991,4.58671],[-74.14998,4.58741],[-74.15,4.58773],[-74.14999,4.58782],[-74.14997,4.58788],[-74.14992,4.58793]]}},{"type":"Feature","properties":{"id":"233006726","nom":"Carrera 61A","tipo":"tertiary"},"geometry":{"type":"LineString","coordinates":[[-74.14834,4.5951],[-74.14837,4.59502],[-74.14843,4.59486],[-74.14899,4.59349],[-74.14908,4.59329],[-74.14942,4.59246],[-74.14954,4.59217],[-74.14975,4.59164],[-74.14979,4.59157],[-74.14982,4.59152],[-74.14986,4.59149],[-74.15032,4.59115],[-74.15134,4.59038],[-74.1515,4.59026]]}},{"type":"Feature","properties":{"id":"233575907","nom":"Carrera 17B","tipo":"residential"},"geometry":{"type":"LineString","coordinates":[[-74.12001,4.57452],[-74.12041,4.57444],[-74.12081,4.57436]]}},{"type":"Feature","properties":{"id":"233575908","nom":"Carrera 13F Bis","tipo":"residential"},"geometry":{"type":"LineString","coordinates":[[-74.12073,4.57405],[-74.1207,4.57398],[-74.12066,4.57397],[-74.12038,4.57392],[-74.1203,4.5739],[-74.12024,4.57389],[-74.12004,4.5738],[-74.11989,4.57373],[-74.11976,4.57365]]}},{"type":"Feature","properties":{"id":"233808306","nom":"Avenida Carrera 51","tipo":"secondary"},"geometry":{"type":"LineString","coordinates":[[-74.14876,4.57952],[-74.14859,4.57945],[-74.14739,4.57897],[-74.14726,4.57892],[-74.14614,4.57848],[-74.14593,4.57839],[-74.14576,4.57833],[-74.14561,4.5783],[-74.14546,4.57828],[-74.1454,4.57828],[-74.14532,4.57827],[-74.14514,4.57828],[-74.14502,4.5783],[-74.14491,4.57832],[-74.14477,4.57837]]}},{"type":"Feature","properties":{"id":"233808308","nom":"Avenida Carrera 51","tipo":"secondary"},"geometry":{"type":"LineString","coordinates":[[-74.14975,4.57991],[-74.14911,4.57966]]}},{"type":"Feature","properties":{"id":"233808309","nom":"Avenida Carrera 51","tipo":"secondary"},"geometry":{"type":"LineString","coordinates":[[-74.1491,4.57975],[-74.14976,4.58]]}},{"type":"Feature","properties":{"id":"238150897","nom":"Transversal 22A","tipo":"tertiary"},"geometry":{"type":"LineString","coordinates":[[-74.1269,4.57385],[-74.12691,4.57385],[-74.12693,4.57385],[-74.12697,4.57386],[-74.12729,4.57405],[-74.12816,4.57454]]}},{"type":"Feature","properties":{"id":"238255312","nom":"Calle 45 Sur","tipo":"tertiary"},"geometry":{"type":"LineString","coordinates":[[-74.14636,4.59536],[-74.14637,4.59532],[-74.14638,4.59528],[-74.1464,4.59524],[-74.14645,4.59519],[-74.14652,4.59515]]}},{"type":"Feature","properties":{"id":"242172997","nom":"Calle 59 Sur","tipo":"residential"},"geometry":{"type":"LineString","coordinates":[[-74.15382,4.58239],[-74.15408,4.58329],[-74.15411,4.58339],[-74.15414,4.58348],[-74.15417,4.5836],[-74.15419,4.58376],[-74.15421,4.58392],[-74.15423,4.58415],[-74.15421,4.58431],[-74.15419,4.58452],[-74.15419,4.58464],[-74.15418,4.5847],[-74.15418,4.58484],[-74.15418,4.58489],[-74.15419,4.58501],[-74.15421,4.58518],[-74.15422,4.58526],[-74.15423,4.58532],[-74.15428,4.58555],[-74.15431,4.58565]]}},{"type":"Feature","properties":{"id":"246312834","nom":"Carrera 23","tipo":"residential"},"geometry":{"type":"LineString","coordinates":[[-74.15101,4.56621],[-74.15112,4.56622],[-74.15122,4.56618],[-74.15137,4.56614],[-74.15151,4.56609],[-74.15165,4.56605],[-74.15179,4.566],[-74.15192,4.56596],[-74.15196,4.56594],[-74.15198,4.56593],[-74.152,4.56592],[-74.15201,4.5659],[-74.15202,4.56589],[-74.15203,4.56586]]}},{"type":"Feature","properties":{"id":"246398298","nom":"Avenida Carrera 51","tipo":"secondary"},"geometry":{"type":"LineString","coordinates":[[-74.14451,4.57861],[-74.1447,4.57851],[-74.14482,4.57846],[-74.14495,4.57843],[-74.14505,4.57841],[-74.14518,4.57839],[-74.14537,4.57838],[-74.14555,4.5784],[-74.14573,4.57845],[-74.14591,4.57851],[-74.14735,4.57907],[-74.14802,4.57933],[-74.1481,4.57936],[-74.14855,4.57953],[-74.14872,4.5796]]}},{"type":"Feature","properties":{"id":"246398299","nom":"Avenida Carrera 33","tipo":"secondary"},"geometry":{"type":"LineString","coordinates":[[-74.14304,4.57959],[-74.14299,4.57965],[-74.14295,4.57972],[-74.14289,4.57981],[-74.14283,4.5799],[-74.14278,4.57997],[-74.14274,4.58001],[-74.14256,4.58019],[-74.14251,4.58025]]}},{"type":"Feature","properties":{"id":"246544364","nom":"Calle 69C Sur","tipo":"residential"},"geometry":{"type":"LineString","coordinates":[[-74.15192,4.58739],[-74.15211,4.58725],[-74.15265,4.58687],[-74.15323,4.58648]]}},{"type":"Feature","properties":{"id":"246544367","nom":"Transversal 72","tipo":"residential"},"geometry":{"type":"LineString","coordinates":[[-74.14654,4.59578],[-74.14609,4.59597],[-74.14568,4.59614]]}},{"type":"Feature","properties":{"id":"246544368","nom":"Calle 44G Sur","tipo":"residential"},"geometry":{"type":"LineString","coordinates":[[-74.14805,4.6007],[-74.14774,4.59995],[-74.14739,4.59911],[-74.14686,4.59783],[-74.14609,4.59597]]}},{"type":"Feature","properties":{"id":"246544369","nom":"Calle 44F Sur","tipo":"residential"},"geometry":{"type":"LineString","coordinates":[[-74.14763,4.60087],[-74.14739,4.60029],[-74.14732,4.60013],[-74.14697,4.59928],[-74.14644,4.598]]}},{"type":"Feature","properties":{"id":"246734570","nom":"Transversal 60","tipo":"trunk"},"geometry":{"type":"LineString","coordinates":[[-74.14541,4.59457],[-74.14541,4.5937]]}},{"type":"Feature","properties":{"id":"246812230","nom":"Calle 41 Sur","tipo":"residential"},"geometry":{"type":"LineString","coordinates":[[-74.12055,4.57503],[-74.12041,4.57444],[-74.12024,4.57389]]}},{"type":"Feature","properties":{"id":"246812231","nom":"Calle 40B Sur","tipo":"residential"},"geometry":{"type":"LineString","coordinates":[[-74.11997,4.57506],[-74.11998,4.57501],[-74.12005,4.57493],[-74.12006,4.5749],[-74.12007,4.57486],[-74.12006,4.57482],[-74.12003,4.57473],[-74.11999,4.57462],[-74.11998,4.57458],[-74.11999,4.57455],[-74.12001,4.57452]]}},{"type":"Feature","properties":{"id":"246812233","nom":"Transversal 13K Bis","tipo":"residential"},"geometry":{"type":"LineString","coordinates":[[-74.12314,4.5715],[-74.12326,4.5711],[-74.12336,4.57074]]}},{"type":"Feature","properties":{"id":"246837002","nom":"Transversal 13F Bis","tipo":"residential"},"geometry":{"type":"LineString","coordinates":[[-74.12087,4.56837],[-74.12105,4.56736]]}},{"type":"Feature","properties":{"id":"246837013","nom":"Diagonal 49C Bis Sur","tipo":"residential"},"geometry":{"type":"LineString","coordinates":[[-74.12032,4.5631],[-74.12036,4.56303],[-74.12041,4.56292],[-74.12046,4.56273],[-74.12047,4.56264],[-74.12047,4.5625],[-74.12049,4.56227],[-74.1205,4.56217]]}},{"type":"Feature","properties":{"id":"246837015","nom":"Diagonal 49C Sur","tipo":"residential"},"geometry":{"type":"LineString","coordinates":[[-74.12032,4.5631],[-74.12025,4.56292],[-74.12022,4.56275],[-74.1202,4.56266],[-74.1202,4.56253],[-74.12022,4.56238],[-74.12024,4.56223],[-74.12024,4.56212],[-74.12026,4.56202],[-74.12028,4.56181],[-74.12031,4.56165],[-74.12036,4.5615],[-74.12045,4.56132]]}},{"type":"Feature","properties":{"id":"248684981","nom":"Calle 39A Sur","tipo":"residential"},"geometry":{"type":"LineString","coordinates":[[-74.12943,4.59818],[-74.1292,4.59799],[-74.12893,4.59779],[-74.12888,4.59774],[-74.12879,4.59767]]}},{"type":"Feature","properties":{"id":"248684998","nom":"Carrera 51B Bis","tipo":"residential"},"geometry":{"type":"LineString","coordinates":[[-74.12923,4.59895],[-74.12952,4.59864]]}},{"type":"Feature","properties":{"id":"248685001","nom":"Calle 38A Sur","tipo":"residential"},"geometry":{"type":"LineString","coordinates":[[-74.12813,4.59869],[-74.12844,4.59894],[-74.12854,4.59901],[-74.12867,4.59912]]}},{"type":"Feature","properties":{"id":"249131593","nom":"Carrera 18B Bis","tipo":"residential"},"geometry":{"type":"LineString","coordinates":[[-74.13535,4.5633],[-74.13635,4.5621]]}},{"type":"Feature","properties":{"id":"249131594","nom":"Carrera 18A Bis","tipo":"residential"},"geometry":{"type":"LineString","coordinates":[[-74.13583,4.56192],[-74.13494,4.56297],[-74.13385,4.56428]]}},{"type":"Feature","properties":{"id":"249730377","nom":"Calle 58C Sur","tipo":"tertiary"},"geometry":{"type":"LineString","coordinates":[[-74.15001,4.57465],[-74.15,4.57458],[-74.14999,4.57449],[-74.14999,4.5744],[-74.14999,4.57422]]}},{"type":"Feature","properties":{"id":"249730384","nom":"Calle 59B Sur","tipo":"residential"},"geometry":{"type":"LineString","coordinates":[[-74.15187,4.57399],[-74.15195,4.57409],[-74.15214,4.57433],[-74.15234,4.57459],[-74.15243,4.5747]]}},{"type":"Feature","properties":{"id":"249730390","nom":"Carrera 20C","tipo":"residential"},"geometry":{"type":"LineString","coordinates":[[-74.15095,4.5624],[-74.15096,4.56234],[-74.15096,4.56232],[-74.15098,4.56229],[-74.15099,4.56227],[-74.151,4.56225],[-74.15102,4.56223],[-74.1511,4.56217],[-74.15113,4.56215],[-74.15118,4.56212],[-74.15121,4.5621],[-74.15123,4.5621],[-74.15128,4.56208],[-74.15135,4.56206],[-74.15141,4.56204],[-74.15147,4.56203],[-74.15176,4.56199],[-74.15186,4.56197],[-74.15201,4.56193],[-74.15212,4.56189],[-74.15226,4.56183],[-74.15244,4.56178]]}},{"type":"Feature","properties":{"id":"249730398","nom":"Calle 68H Bis Sur","tipo":"residential"},"geometry":{"type":"LineString","coordinates":[[-74.15234,4.56206],[-74.15232,4.56205],[-74.15226,4.56183],[-74.15221,4.56163],[-74.15219,4.56159],[-74.15217,4.56155],[-74.15214,4.56152],[-74.15211,4.56148],[-74.15207,4.56146],[-74.15201,4.56141],[-74.15199,4.5614]]}},{"type":"Feature","properties":{"id":"249730400","nom":"Carrera 20C Bis","tipo":"residential"},"geometry":{"type":"LineString","coordinates":[[-74.15234,4.56206],[-74.15236,4.56207],[-74.15259,4.562],[-74.15273,4.56197],[-74.15278,4.56196],[-74.15286,4.56195],[-74.15293,4.56195],[-74.15299,4.56196],[-74.15306,4.56197],[-74.15313,4.56198],[-74.15327,4.56202],[-74.15351,4.56206]]}},{"type":"Feature","properties":{"id":"249730403","nom":"Diagonal 68L Sur","tipo":"residential"},"geometry":{"type":"LineString","coordinates":[[-74.15248,4.56128],[-74.15251,4.56137],[-74.15255,4.56143],[-74.15257,4.56147],[-74.15262,4.56152],[-74.15288,4.56177],[-74.15291,4.5618],[-74.15295,4.56182],[-74.153,4.56184],[-74.15311,4.56186],[-74.15334,4.56193],[-74.1534,4.56195],[-74.15343,4.56197],[-74.15346,4.56199],[-74.1535,4.56203]]}},{"type":"Feature","properties":{"id":"249730405","nom":"Carrera 20D Bis","tipo":"residential"},"geometry":{"type":"LineString","coordinates":[[-74.15359,4.56234],[-74.15338,4.56239],[-74.15316,4.56245]]}},{"type":"Feature","properties":{"id":"249730406","nom":"Calle 68L Sur","tipo":"residential"},"geometry":{"type":"LineString","coordinates":[[-74.15327,4.56202],[-74.15331,4.56215],[-74.15338,4.56239]]}},{"type":"Feature","properties":{"id":"249730409","nom":"Carrera 20D","tipo":"residential"},"geometry":{"type":"LineString","coordinates":[[-74.15351,4.56209],[-74.15331,4.56215],[-74.15294,4.56225],[-74.15282,4.56228]]}},{"type":"Feature","properties":{"id":"249730411","nom":"Calle 68K Sur","tipo":"residential"},"geometry":{"type":"LineString","coordinates":[[-74.15286,4.56195],[-74.15294,4.56225],[-74.15298,4.56239]]}},{"type":"Feature","properties":{"id":"249730413","nom":"Calle 68J Sur","tipo":"residential"},"geometry":{"type":"LineString","coordinates":[[-74.15264,4.56221],[-74.15259,4.562],[-74.15257,4.56196],[-74.15256,4.56193],[-74.15253,4.56189],[-74.15249,4.56184],[-74.15244,4.56178],[-74.15237,4.56173],[-74.15234,4.5617],[-74.15232,4.56167],[-74.1523,4.56159],[-74.15227,4.56149],[-74.15224,4.56138]]}},{"type":"Feature","properties":{"id":"249730419","nom":"Transversal 20C Bis","tipo":"residential"},"geometry":{"type":"LineString","coordinates":[[-74.15314,4.5616],[-74.15322,4.56162],[-74.15335,4.56166],[-74.15354,4.56175],[-74.15368,4.56184],[-74.15379,4.56193],[-74.15403,4.56223],[-74.15413,4.56236],[-74.15421,4.5625],[-74.15437,4.56287],[-74.15451,4.56318],[-74.15458,4.56326],[-74.15467,4.56336],[-74.15477,4.56343],[-74.15488,4.56349],[-74.15503,4.56355],[-74.15524,4.5636],[-74.15529,4.5636],[-74.15533,4.5636]]}},{"type":"Feature","properties":{"id":"249730434","nom":"Diagonal 68J Bis Sur","tipo":"residential"},"geometry":{"type":"LineString","coordinates":[[-74.15311,4.56543],[-74.15293,4.56521],[-74.15252,4.56472],[-74.15251,4.56468],[-74.15252,4.56466],[-74.15252,4.56464],[-74.15254,4.56461],[-74.15259,4.56458],[-74.15264,4.56457],[-74.15268,4.56456]]}},{"type":"Feature","properties":{"id":"249730438","nom":"Transversal 24","tipo":"residential"},"geometry":{"type":"LineString","coordinates":[[-74.1528,4.56607],[-74.15336,4.56558]]}},{"type":"Feature","properties":{"id":"249730442","nom":"Calle 69A Sur","tipo":"residential"},"geometry":{"type":"LineString","coordinates":[[-74.15343,4.56538],[-74.15364,4.56475]]}},{"type":"Feature","properties":{"id":"249730444","nom":"Calle 69B Bis Sur","tipo":"residential"},"geometry":{"type":"LineString","coordinates":[[-74.15383,4.5659],[-74.15406,4.56511]]}},{"type":"Feature","properties":{"id":"249730468","nom":"Transversal 33","tipo":"residential"},"geometry":{"type":"LineString","coordinates":[[-74.15118,4.56836],[-74.15134,4.5683],[-74.15147,4.56826],[-74.15153,4.56824],[-74.15167,4.56821],[-74.15171,4.56819],[-74.15182,4.56817],[-74.1519,4.56816],[-74.15198,4.56814],[-74.15206,4.56812],[-74.15217,4.56809],[-74.1523,4.56805],[-74.15236,4.56804],[-74.15242,4.56802],[-74.15248,4.56802],[-74.15274,4.56801],[-74.15278,4.568],[-74.1528,4.56798],[-74.15283,4.56796],[-74.15287,4.56792],[-74.1529,4.56788],[-74.15298,4.56781],[-74.15305,4.56775],[-74.15314,4.5677],[-74.15321,4.56768],[-74.15325,4.56766],[-74.1534,4.56761],[-74.15345,4.5676],[-74.15355,4.56758],[-74.15369,4.56756],[-74.15373,4.56755],[-74.15385,4.56754],[-74.154,4.56752],[-74.15408,4.56751],[-74.15415,4.56751],[-74.15423,4.56749],[-74.15431,4.56747],[-74.15435,4.56743],[-74.15437,4.56741],[-74.15447,4.56735],[-74.15457,4.56728],[-74.15458,4.56727],[-74.15481,4.56712]]}},{"type":"Feature","properties":{"id":"249730662","nom":"Diagonal 62A Sur","tipo":"residential"},"geometry":{"type":"LineString","coordinates":[[-74.15214,4.572],[-74.15185,4.57214]]}},{"type":"Feature","properties":{"id":"249730691","nom":"Diagonal 68A Bis Sur","tipo":"residential"},"geometry":{"type":"LineString","coordinates":[[-74.15471,4.57399],[-74.15471,4.57393],[-74.1547,4.57388],[-74.15469,4.57379],[-74.15468,4.57375],[-74.15466,4.5737],[-74.15461,4.57362],[-74.15456,4.57355],[-74.15448,4.57348]]}},{"type":"Feature","properties":{"id":"249730696","nom":"Diagonal 68 Sur","tipo":"residential"},"geometry":{"type":"LineString","coordinates":[[-74.15408,4.57291],[-74.15404,4.57288],[-74.15399,4.57283],[-74.15393,4.57278],[-74.15388,4.57275],[-74.15383,4.57271],[-74.15379,4.57267],[-74.15375,4.57262],[-74.15371,4.57257],[-74.15366,4.5725],[-74.15364,4.57248],[-74.15362,4.57247],[-74.1536,4.57247]]}},{"type":"Feature","properties":{"id":"249730714","nom":"Calle 62 Sur","tipo":"residential"},"geometry":{"type":"LineString","coordinates":[[-74.1481,4.56959],[-74.14822,4.56968],[-74.14879,4.57006],[-74.14898,4.57019],[-74.14932,4.57042],[-74.14987,4.5708],[-74.15004,4.57091],[-74.1504,4.57116],[-74.15094,4.57153],[-74.1511,4.57163],[-74.15149,4.5719],[-74.15161,4.57198],[-74.15185,4.57214],[-74.1521,4.57232],[-74.15224,4.57241],[-74.15235,4.57249],[-74.15257,4.57265],[-74.15264,4.5727],[-74.15273,4.57277],[-74.15283,4.57285],[-74.15292,4.57292],[-74.15303,4.57301],[-74.15315,4.57312],[-74.15318,4.57314],[-74.15322,4.57317],[-74.15331,4.57326],[-74.15334,4.57328],[-74.15338,4.57332],[-74.15343,4.57337],[-74.15353,4.57345],[-74.15355,4.57348],[-74.1537,4.57363],[-74.1537,4.57364],[-74.15387,4.57381],[-74.15396,4.57389],[-74.15404,4.57397],[-74.15405,4.57399],[-74.15412,4.57406],[-74.15417,4.57414],[-74.15421,4.5742]]}},{"type":"Feature","properties":{"id":"249730717","nom":"Calle 68B Sur","tipo":"tertiary"},"geometry":{"type":"LineString","coordinates":[[-74.15557,4.57433],[-74.1556,4.57435],[-74.1556,4.57437],[-74.1556,4.57437],[-74.1556,4.57439],[-74.1556,4.5744],[-74.1556,4.5744],[-74.15559,4.57441],[-74.15559,4.57442],[-74.15558,4.57442],[-74.15557,4.57442],[-74.15556,4.57442],[-74.15555,4.57442],[-74.15554,4.57442],[-74.15553,4.57442],[-74.15553,4.57442],[-74.15551,4.57441],[-74.15529,4.57426],[-74.15527,4.57425],[-74.15519,4.57419],[-74.15508,4.57411],[-74.15505,4.57409],[-74.155,4.57406],[-74.15491,4.57402],[-74.15485,4.57399],[-74.15482,4.57398],[-74.1548,4.57396],[-74.15479,4.57394]]}},{"type":"Feature","properties":{"id":"249730732","nom":"Carrera 45C","tipo":"residential"},"geometry":{"type":"LineString","coordinates":[[-74.15499,4.57475],[-74.15529,4.57459]]}},{"type":"Feature","properties":{"id":"263669985","nom":"Diagonal 49 Sur","tipo":"residential"},"geometry":{"type":"LineString","coordinates":[[-74.13848,4.59155],[-74.1384,4.59153]]}},{"type":"Feature","properties":{"id":"310581407","nom":"Carrera 62F","tipo":"residential"},"geometry":{"type":"LineString","coordinates":[[-74.15178,4.59646],[-74.15187,4.5958],[-74.15188,4.59569]]}},{"type":"Feature","properties":{"id":"310584168","nom":"Transversal 68I","tipo":"residential"},"geometry":{"type":"LineString","coordinates":[[-74.14482,4.59834],[-74.14478,4.59836],[-74.14418,4.5986]]}},{"type":"Feature","properties":{"id":"310584169","nom":"Calle 44A Sur","tipo":"residential"},"geometry":{"type":"LineString","coordinates":[[-74.14542,4.59954],[-74.14512,4.59872],[-74.14509,4.59864]]}},{"type":"Feature","properties":{"id":"311793745","nom":"Calle 59A Bis Sur","tipo":"residential"},"geometry":{"type":"LineString","coordinates":[[-74.154,4.57967],[-74.15419,4.58021],[-74.15432,4.58058]]}},{"type":"Feature","properties":{"id":"334689003","nom":"Calle 58C Sur","tipo":"tertiary"},"geometry":{"type":"LineString","coordinates":[[-74.15072,4.5763],[-74.15076,4.5764],[-74.15086,4.57661],[-74.15105,4.57704],[-74.1512,4.57742],[-74.15123,4.57749],[-74.15126,4.57756],[-74.1514,4.57792],[-74.15144,4.57805],[-74.15145,4.57809],[-74.15145,4.57813]]}},{"type":"Feature","properties":{"id":"334900223","nom":"Carrera 45","tipo":"residential"},"geometry":{"type":"LineString","coordinates":[[-74.15062,4.57607],[-74.15133,4.57575],[-74.15136,4.57574]]}},{"type":"Feature","properties":{"id":"334903999","nom":"Diagonal 57 Sur","tipo":"residential"},"geometry":{"type":"LineString","coordinates":[[-74.14852,4.57421],[-74.14834,4.57487],[-74.14831,4.57515],[-74.14835,4.57528],[-74.14927,4.57628],[-74.14939,4.57636]]}},{"type":"Feature","properties":{"id":"364729558","nom":"Diagonal 50A Sur","tipo":"residential"},"geometry":{"type":"LineString","coordinates":[[-74.13996,4.59041],[-74.13966,4.59054]]}},{"type":"Feature","properties":{"id":"364730491","nom":"Diagonal 52 Sur","tipo":"residential"},"geometry":{"type":"LineString","coordinates":[[-74.14836,4.58705],[-74.14794,4.58713]]}},{"type":"Feature","properties":{"id":"364730492","nom":"Diagonal 52A Sur","tipo":"residential"},"geometry":{"type":"LineString","coordinates":[[-74.1482,4.58632],[-74.14778,4.58641]]}},{"type":"Feature","properties":{"id":"364730494","nom":"Diagonal 52B Sur","tipo":"residential"},"geometry":{"type":"LineString","coordinates":[[-74.14805,4.58562],[-74.14763,4.58571]]}},{"type":"Feature","properties":{"id":"364730497","nom":"Diagonal 52A Sur","tipo":"residential"},"geometry":{"type":"LineString","coordinates":[[-74.14939,4.58608],[-74.14984,4.58599],[-74.15022,4.58591],[-74.15047,4.58586],[-74.15073,4.58581],[-74.15096,4.58576]]}},{"type":"Feature","properties":{"id":"364730498","nom":"Carrera 54B Sur","tipo":"residential"},"geometry":{"type":"LineString","coordinates":[[-74.14247,4.5877],[-74.14248,4.58773],[-74.14266,4.58808]]}},{"type":"Feature","properties":{"id":"364730500","nom":"Diagonal 51B Sur","tipo":"residential"},"geometry":{"type":"LineString","coordinates":[[-74.14853,4.58775],[-74.1481,4.58785],[-74.14775,4.58793]]}},{"type":"Feature","properties":{"id":"364731315","nom":"Transversal 60","tipo":"residential"},"geometry":{"type":"LineString","coordinates":[[-74.15411,4.58339],[-74.15418,4.58338],[-74.15451,4.58328],[-74.15488,4.58319],[-74.15498,4.58316],[-74.15517,4.5831],[-74.1557,4.58294],[-74.15574,4.58293]]}},{"type":"Feature","properties":{"id":"364731318","nom":"Transversal 65","tipo":"residential"},"geometry":{"type":"LineString","coordinates":[[-74.15431,4.58565],[-74.15524,4.58539],[-74.15526,4.58539],[-74.15556,4.5853],[-74.15566,4.58527],[-74.15628,4.5851],[-74.15631,4.58509]]}},{"type":"Feature","properties":{"id":"364981248","nom":"Carrera 60D","tipo":"residential"},"geometry":{"type":"LineString","coordinates":[[-74.14615,4.58879],[-74.146,4.58842],[-74.14587,4.58809]]}},{"type":"Feature","properties":{"id":"364981251","nom":"Carrera 60F","tipo":"residential"},"geometry":{"type":"LineString","coordinates":[[-74.14682,4.58854],[-74.14667,4.58817],[-74.14654,4.58784]]}},{"type":"Feature","properties":{"id":"365267857","nom":"Diagonal 52 Sur","tipo":"residential"},"geometry":{"type":"LineString","coordinates":[[-74.14991,4.58671],[-74.14955,4.58679]]}},{"type":"Feature","properties":{"id":"366234284","nom":"Carrera 61G","tipo":"residential"},"geometry":{"type":"LineString","coordinates":[[-74.1495,4.58399],[-74.14961,4.58448],[-74.1496,4.58455],[-74.14953,4.5846]]}},{"type":"Feature","properties":{"id":"375276819","nom":"Transversal 60","tipo":"trunk"},"geometry":{"type":"LineString","coordinates":[[-74.14499,4.58894],[-74.14504,4.5891],[-74.14508,4.58924],[-74.1451,4.58933],[-74.14512,4.58943],[-74.14513,4.58952],[-74.14515,4.59038],[-74.14515,4.59046],[-74.14516,4.59089],[-74.14516,4.59095]]}},{"type":"Feature","properties":{"id":"375276932","nom":"Calle 42 Sur","tipo":"residential"},"geometry":{"type":"LineString","coordinates":[[-74.13282,4.59635],[-74.13298,4.59648],[-74.13323,4.59669],[-74.13342,4.59683],[-74.13344,4.59684],[-74.13348,4.59688]]}},{"type":"Feature","properties":{"id":"375276935","nom":"Avenida Carrera 72","tipo":"trunk"},"geometry":{"type":"LineString","coordinates":[[-74.14412,4.6013],[-74.14415,4.60122],[-74.14449,4.60028],[-74.14464,4.59988],[-74.14475,4.59959],[-74.14483,4.5994],[-74.14487,4.59929],[-74.14492,4.59916]]}},{"type":"Feature","properties":{"id":"375277137","nom":"Avenida Carrera 24","tipo":"secondary"},"geometry":{"type":"LineString","coordinates":[[-74.12554,4.57929],[-74.12548,4.5793]]}},{"type":"Feature","properties":{"id":"375277362","nom":"Calle 39F Sur","tipo":"tertiary"},"geometry":{"type":"LineString","coordinates":[[-74.13683,4.59913],[-74.13679,4.5991],[-74.1364,4.59883],[-74.13634,4.59879],[-74.13616,4.59866],[-74.13612,4.59863],[-74.13607,4.59859]]}},{"type":"Feature","properties":{"id":"375277363","nom":"Carrera 68A","tipo":"residential"},"geometry":{"type":"LineString","coordinates":[[-74.13699,4.59889],[-74.1371,4.59871],[-74.13715,4.59863],[-74.13755,4.59801]]}},{"type":"Feature","properties":{"id":"375277488","nom":"Calle 46 Sur","tipo":"tertiary"},"geometry":{"type":"LineString","coordinates":[[-74.12803,4.58056],[-74.12803,4.58053],[-74.12802,4.58049],[-74.12777,4.57961],[-74.12763,4.57909],[-74.12756,4.57887],[-74.12755,4.57884]]}},{"type":"Feature","properties":{"id":"375277489","nom":"Calle 46 Sur","tipo":"tertiary"},"geometry":{"type":"LineString","coordinates":[[-74.12556,4.57209],[-74.1255,4.5719]]}},{"type":"Feature","properties":{"id":"375277500","nom":"Avenida Carrera 24","tipo":"secondary"},"geometry":{"type":"LineString","coordinates":[[-74.12755,4.57884],[-74.12783,4.57875],[-74.12787,4.57874],[-74.12821,4.57864],[-74.12837,4.57858],[-74.1285,4.57853],[-74.12862,4.57846],[-74.12874,4.57839],[-74.12886,4.57829],[-74.12894,4.57822],[-74.12907,4.57808]]}},{"type":"Feature","properties":{"id":"375278970","nom":"Calle 56 Sur","tipo":"residential"},"geometry":{"type":"LineString","coordinates":[[-74.14256,4.58274],[-74.14231,4.5821],[-74.14194,4.58117],[-74.14186,4.58096],[-74.14184,4.58091]]}},{"type":"Feature","properties":{"id":"375278988","nom":"Avenida Carrera 72","tipo":"trunk"},"geometry":{"type":"LineString","coordinates":[[-74.14471,4.599],[-74.14466,4.59914],[-74.14455,4.59941],[-74.14441,4.59979],[-74.14417,4.60043],[-74.14391,4.60115],[-74.14388,4.60124]]}},{"type":"Feature","properties":{"id":"375279816","nom":"Calle 44 Sur","tipo":"tertiary"},"geometry":{"type":"LineString","coordinates":[[-74.14492,4.59916],[-74.14501,4.59923],[-74.14518,4.59936],[-74.14542,4.59954],[-74.14574,4.59979],[-74.14684,4.60062],[-74.14706,4.60079],[-74.14734,4.601],[-74.14784,4.60138]]}},{"type":"Feature","properties":{"id":"377628533","nom":"Carrera 52","tipo":"residential"},"geometry":{"type":"LineString","coordinates":[[-74.15559,4.58207],[-74.15556,4.58208],[-74.15504,4.58217],[-74.15382,4.58239],[-74.15364,4.58242],[-74.15344,4.58248],[-74.15333,4.58253],[-74.15326,4.58256],[-74.15321,4.5826],[-74.15315,4.58266],[-74.15287,4.58312],[-74.15273,4.58335],[-74.15265,4.58347]]}},{"type":"Feature","properties":{"id":"377628534","nom":"Calle 58D Sur","tipo":"residential"},"geometry":{"type":"LineString","coordinates":[[-74.15296,4.58116],[-74.153,4.58123],[-74.15325,4.58167],[-74.15346,4.58204],[-74.15348,4.58208],[-74.15348,4.58213],[-74.15347,4.58217],[-74.15346,4.58221],[-74.15334,4.5824],[-74.15333,4.58244],[-74.15332,4.58248],[-74.15333,4.58253]]}},{"type":"Feature","properties":{"id":"391644293","nom":"Calle 42 Sur","tipo":"tertiary"},"geometry":{"type":"LineString","coordinates":[[-74.13583,4.59843],[-74.1359,4.59848]]}},{"type":"Feature","properties":{"id":"392477682","nom":"Calle 37 Sur","tipo":"tertiary"},"geometry":{"type":"LineString","coordinates":[[-74.12529,4.59776],[-74.12527,4.59774],[-74.12523,4.59769],[-74.1252,4.59767]]}},{"type":"Feature","properties":{"id":"392477692","nom":"Transversal 60","tipo":"trunk"},"geometry":{"type":"LineString","coordinates":[[-74.14526,4.59095],[-74.14526,4.59105],[-74.14526,4.59126],[-74.14526,4.59159],[-74.14527,4.59245],[-74.14526,4.59298],[-74.14525,4.59347]]}},{"type":"Feature","properties":{"id":"392852641","nom":"Calle 50B Sur","tipo":"secondary"},"geometry":{"type":"LineString","coordinates":[[-74.13835,4.58977],[-74.13837,4.58979],[-74.1384,4.5898],[-74.13842,4.58981]]}},{"type":"Feature","properties":{"id":"393079605","nom":"Calle 51 Sur","tipo":"secondary"},"geometry":{"type":"LineString","coordinates":[[-74.13645,4.5851],[-74.13643,4.58506],[-74.13641,4.58502]]}},{"type":"Feature","properties":{"id":"402989314","nom":"Calle 58C Sur","tipo":"residential"},"geometry":{"type":"LineString","coordinates":[[-74.14977,4.574],[-74.14958,4.57397],[-74.14947,4.57396],[-74.14942,4.57394],[-74.14936,4.57392],[-74.1493,4.57389],[-74.14915,4.57379],[-74.14903,4.57371],[-74.14873,4.57352],[-74.14842,4.57332],[-74.14818,4.57318],[-74.14814,4.57314],[-74.1481,4.57309],[-74.14806,4.57303]]}},{"type":"Feature","properties":{"id":"402989325","nom":"Calle 58C Sur","tipo":"tertiary"},"geometry":{"type":"LineString","coordinates":[[-74.14976,4.57433],[-74.14981,4.57443],[-74.14983,4.57445],[-74.14987,4.57451],[-74.14993,4.57457],[-74.15001,4.57465]]}},{"type":"Feature","properties":{"id":"402989326","nom":"Transversal 13J","tipo":"residential"},"geometry":{"type":"LineString","coordinates":[[-74.12441,4.56636],[-74.12433,4.56663],[-74.12405,4.56698]]}},{"type":"Feature","properties":{"id":"402992297","nom":"Carrera 66","tipo":"residential"},"geometry":{"type":"LineString","coordinates":[[-74.15476,4.58786],[-74.15486,4.58788],[-74.155,4.5879],[-74.15519,4.58795],[-74.15536,4.588],[-74.1555,4.58803],[-74.15579,4.58822],[-74.15605,4.58839],[-74.15608,4.5884],[-74.15619,4.58843],[-74.15625,4.58845],[-74.15642,4.58846],[-74.15661,4.58845],[-74.15672,4.58846],[-74.15684,4.5885],[-74.1569,4.58851],[-74.15696,4.58856],[-74.15699,4.58861],[-74.15701,4.58871]]}},{"type":"Feature","properties":{"id":"402992300","nom":"Calle 62C Sur","tipo":"residential"},"geometry":{"type":"LineString","coordinates":[[-74.15667,4.58978],[-74.15665,4.58984],[-74.15662,4.58993],[-74.15657,4.58999],[-74.15652,4.59005],[-74.15642,4.59013],[-74.15632,4.59019],[-74.15616,4.59023],[-74.1558,4.5904],[-74.15553,4.5905],[-74.15527,4.59064],[-74.15516,4.59071],[-74.15503,4.59081],[-74.15479,4.591],[-74.15471,4.59107],[-74.15468,4.5911],[-74.15466,4.59114],[-74.15465,4.59117],[-74.15462,4.59129],[-74.15462,4.59131],[-74.15461,4.59133],[-74.1546,4.59135],[-74.15455,4.59138],[-74.15439,4.59143],[-74.15415,4.59152],[-74.15409,4.59155],[-74.1539,4.59162],[-74.15378,4.59167],[-74.15365,4.59173],[-74.15353,4.5918],[-74.15344,4.59183],[-74.15339,4.59183]]}},{"type":"Feature","properties":{"id":"403702682","nom":"Calle 68B Sur","tipo":"residential"},"geometry":{"type":"LineString","coordinates":[[-74.15063,4.56339],[-74.15055,4.56311],[-74.1505,4.56295],[-74.15047,4.56285],[-74.15041,4.56265]]}},{"type":"Feature","properties":{"id":"413955054","nom":"Calle 45 Sur","tipo":"tertiary"},"geometry":{"type":"LineString","coordinates":[[-74.14935,4.60247],[-74.14934,4.60241],[-74.14933,4.60231],[-74.14932,4.60222],[-74.1493,4.60212],[-74.14926,4.60204],[-74.14895,4.60129],[-74.1489,4.60116],[-74.14882,4.60097],[-74.14868,4.60063],[-74.14861,4.60048],[-74.14838,4.59992],[-74.1482,4.59949],[-74.14789,4.59876],[-74.14741,4.5976]]}},{"type":"Feature","properties":{"id":"424394502","nom":"Diagonal 45B Sur","tipo":"tertiary"},"geometry":{"type":"LineString","coordinates":[[-74.12438,4.57157],[-74.12443,4.57162],[-74.12452,4.5717],[-74.12455,4.57171],[-74.12458,4.57172]]}},{"type":"Feature","properties":{"id":"449874020","nom":"Carrera 39A","tipo":"residential"},"geometry":{"type":"LineString","coordinates":[[-74.12038,4.59739],[-74.12007,4.59768],[-74.1198,4.59792],[-74.11922,4.59847]]}},{"type":"Feature","properties":{"id":"511247819","nom":"Calle 64 Sur","tipo":"tertiary"},"geometry":{"type":"LineString","coordinates":[[-74.1485,4.56816],[-74.14855,4.5682],[-74.14862,4.56825],[-74.14869,4.56829],[-74.14877,4.56835],[-74.14898,4.5685],[-74.14905,4.56854],[-74.14932,4.56873],[-74.14941,4.56879],[-74.1495,4.56885],[-74.14953,4.56887],[-74.14958,4.56891],[-74.14991,4.56913],[-74.15011,4.56927],[-74.15046,4.56952],[-74.15065,4.56965],[-74.151,4.56989],[-74.1511,4.56995],[-74.15119,4.57001],[-74.15155,4.57026],[-74.15172,4.57038],[-74.15207,4.57062],[-74.15223,4.57073],[-74.15225,4.57074],[-74.15228,4.57076]]}},{"type":"Feature","properties":{"id":"524241135","nom":"Calle 42B Sur","tipo":"residential"},"geometry":{"type":"LineString","coordinates":[[-74.13514,4.59697],[-74.13511,4.59695],[-74.13474,4.59671]]}},{"type":"Feature","properties":{"id":"524241136","nom":"Calle 39B Sur","tipo":"residential"},"geometry":{"type":"LineString","coordinates":[[-74.13114,4.599],[-74.13164,4.59938],[-74.13167,4.5994]]}},{"type":"Feature","properties":{"id":"524246137","nom":"","tipo":"tertiary_link"},"geometry":{"type":"LineString","coordinates":[[-74.12263,4.5912],[-74.12267,4.59121],[-74.1227,4.59122],[-74.12273,4.59121],[-74.12276,4.59119],[-74.12277,4.59116],[-74.12278,4.59113],[-74.12277,4.5911]]}},{"type":"Feature","properties":{"id":"524250463","nom":"Calle 38A Sur","tipo":"residential"},"geometry":{"type":"LineString","coordinates":[[-74.12319,4.58883],[-74.12315,4.58881],[-74.12312,4.58879],[-74.12309,4.58876],[-74.12306,4.58873],[-74.12304,4.58868],[-74.12301,4.58858],[-74.12295,4.58827],[-74.12291,4.5881],[-74.12284,4.58788],[-74.12283,4.58782],[-74.12279,4.58771],[-74.12274,4.58754],[-74.12271,4.58744],[-74.12269,4.58734]]}},{"type":"Feature","properties":{"id":"524420510","nom":"Calle 41 Bis Sur","tipo":"residential"},"geometry":{"type":"LineString","coordinates":[[-74.13076,4.59653],[-74.13062,4.5964]]}},{"type":"Feature","properties":{"id":"524428825","nom":"Avenida Carrera 50","tipo":"secondary"},"geometry":{"type":"LineString","coordinates":[[-74.12529,4.59776],[-74.12532,4.59772]]}},{"type":"Feature","properties":{"id":"524503579","nom":"Calle 43 Sur","tipo":"residential"},"geometry":{"type":"LineString","coordinates":[[-74.12033,4.57138],[-74.12085,4.5716]]}},{"type":"Feature","properties":{"id":"524508546","nom":"","tipo":"primary_link"},"geometry":{"type":"LineString","coordinates":[[-74.12296,4.57499],[-74.12306,4.57496],[-74.12314,4.57495],[-74.12315,4.57494],[-74.12319,4.57494],[-74.12324,4.57494],[-74.12332,4.57495]]}},{"type":"Feature","properties":{"id":"524508547","nom":"","tipo":"primary_link"},"geometry":{"type":"LineString","coordinates":[[-74.12371,4.57447],[-74.12371,4.57437],[-74.12371,4.57435],[-74.12371,4.57431],[-74.12371,4.57424],[-74.12372,4.57416]]}},{"type":"Feature","properties":{"id":"524510212","nom":"","tipo":"tertiary_link"},"geometry":{"type":"LineString","coordinates":[[-74.12652,4.58307],[-74.12654,4.58313],[-74.12656,4.58317],[-74.12659,4.58322],[-74.12663,4.58326],[-74.12667,4.58328],[-74.12671,4.5833],[-74.12676,4.58332]]}},{"type":"Feature","properties":{"id":"524510213","nom":"Calle 42 Sur","tipo":"residential"},"geometry":{"type":"LineString","coordinates":[[-74.12233,4.57691],[-74.12271,4.57765],[-74.12309,4.57839],[-74.12348,4.57915],[-74.12379,4.57975],[-74.12381,4.57979]]}},{"type":"Feature","properties":{"id":"524515252","nom":"","tipo":"secondary_link"},"geometry":{"type":"LineString","coordinates":[[-74.12815,4.58703],[-74.12821,4.58704],[-74.12827,4.58705],[-74.12832,4.58708],[-74.12834,4.58709],[-74.12838,4.58713],[-74.1284,4.58718]]}},{"type":"Feature","properties":{"id":"524664968","nom":"Calle 45A Sur","tipo":"residential"},"geometry":{"type":"LineString","coordinates":[[-74.12683,4.57987],[-74.12661,4.57914],[-74.1266,4.57911]]}},{"type":"Feature","properties":{"id":"524671660","nom":"Carrera 27","tipo":"tertiary"},"geometry":{"type":"LineString","coordinates":[[-74.12133,4.58463],[-74.12139,4.58462]]}},{"type":"Feature","properties":{"id":"524671662","nom":"Carrera 27","tipo":"tertiary"},"geometry":{"type":"LineString","coordinates":[[-74.1212,4.58464],[-74.12133,4.58463]]}},{"type":"Feature","properties":{"id":"524722574","nom":"Calle 39I Bis Sur","tipo":"residential"},"geometry":{"type":"LineString","coordinates":[[-74.13776,4.59767],[-74.13863,4.59817]]}},{"type":"Feature","properties":{"id":"524746164","nom":"Carrera 56","tipo":"residential"},"geometry":{"type":"LineString","coordinates":[[-74.14409,4.59529],[-74.14396,4.59522],[-74.14392,4.5952],[-74.14391,4.59519],[-74.14387,4.59514],[-74.14384,4.5951],[-74.14382,4.59506],[-74.14381,4.59501],[-74.14381,4.59497],[-74.14385,4.59473],[-74.1439,4.59448],[-74.14393,4.59429],[-74.14398,4.59405],[-74.14406,4.59357]]}},{"type":"Feature","properties":{"id":"524749356","nom":"Diagonal 51A Sur","tipo":"residential"},"geometry":{"type":"LineString","coordinates":[[-74.14596,4.58965],[-74.14555,4.58981],[-74.14548,4.58984]]}},{"type":"Feature","properties":{"id":"524759603","nom":"Carrera 53A","tipo":"residential"},"geometry":{"type":"LineString","coordinates":[[-74.13986,4.59087],[-74.13992,4.59059],[-74.13996,4.59041]]}},{"type":"Feature","properties":{"id":"525732457","nom":"Carrera 19B","tipo":"residential"},"geometry":{"type":"LineString","coordinates":[[-74.13686,4.56547],[-74.1363,4.56617]]}},{"type":"Feature","properties":{"id":"525733030","nom":"Calle 69C Bis Sur","tipo":"residential"},"geometry":{"type":"LineString","coordinates":[[-74.15339,4.5867],[-74.15334,4.58664],[-74.15323,4.58648],[-74.15313,4.58646],[-74.15305,4.58646],[-74.15297,4.58647],[-74.15246,4.58659],[-74.15233,4.58666],[-74.1522,4.58674],[-74.15194,4.58702],[-74.15183,4.5872],[-74.15182,4.58724],[-74.15183,4.58732],[-74.15185,4.58735],[-74.15188,4.58738],[-74.15192,4.58739]]}},{"type":"Feature","properties":{"id":"525733932","nom":"Transversal 49","tipo":"tertiary"},"geometry":{"type":"LineString","coordinates":[[-74.15461,4.57833],[-74.15464,4.57831],[-74.15469,4.57829],[-74.15473,4.57828],[-74.15476,4.57827],[-74.15485,4.57827],[-74.15502,4.57826],[-74.15528,4.57827],[-74.15554,4.57823]]}},{"type":"Feature","properties":{"id":"525733937","nom":"Calle 59C Sur","tipo":"tertiary"},"geometry":{"type":"LineString","coordinates":[[-74.15453,4.57822],[-74.15434,4.57807]]}},{"type":"Feature","properties":{"id":"525922684","nom":"Carrera 45D","tipo":"residential"},"geometry":{"type":"LineString","coordinates":[[-74.15323,4.57554],[-74.15295,4.57564],[-74.15287,4.57568],[-74.15285,4.57568],[-74.15283,4.57566],[-74.1528,4.57559],[-74.15278,4.57557],[-74.15276,4.57557],[-74.15274,4.57557],[-74.15265,4.57561],[-74.15239,4.57572]]}},{"type":"Feature","properties":{"id":"525922687","nom":"Calle 63A Sur","tipo":"residential"},"geometry":{"type":"LineString","coordinates":[[-74.14631,4.5671],[-74.14629,4.56706],[-74.14618,4.56667]]}},{"type":"Feature","properties":{"id":"526903220","nom":"Carrera 15","tipo":"residential"},"geometry":{"type":"LineString","coordinates":[[-74.13278,4.56105],[-74.13308,4.56064]]}},{"type":"Feature","properties":{"id":"526903227","nom":"Carrera 16B","tipo":"tertiary"},"geometry":{"type":"LineString","coordinates":[[-74.13264,4.56014],[-74.13291,4.55995]]}},{"type":"Feature","properties":{"id":"527159567","nom":"Carrera 51F Bis","tipo":"residential"},"geometry":{"type":"LineString","coordinates":[[-74.13143,4.59865],[-74.13141,4.59868],[-74.13114,4.599]]}},{"type":"Feature","properties":{"id":"527246025","nom":"Carrera 23","tipo":"residential"},"geometry":{"type":"LineString","coordinates":[[-74.12072,4.57889],[-74.12055,4.57895],[-74.12026,4.57906],[-74.11999,4.57915],[-74.1196,4.57928],[-74.11883,4.57955],[-74.11836,4.57971],[-74.11833,4.57972],[-74.11826,4.57975]]}},{"type":"Feature","properties":{"id":"527365600","nom":"Carrera 51A","tipo":"residential"},"geometry":{"type":"LineString","coordinates":[[-74.12761,4.59926],[-74.12785,4.59895]]}},{"type":"Feature","properties":{"id":"527365620","nom":"Carrera 51A Bis","tipo":"residential"},"geometry":{"type":"LineString","coordinates":[[-74.12768,4.59993],[-74.12741,4.60022],[-74.12738,4.60025]]}},{"type":"Feature","properties":{"id":"527373245","nom":"Calle 43D Sur","tipo":"residential"},"geometry":{"type":"LineString","coordinates":[[-74.14073,4.59653],[-74.14131,4.59738],[-74.14158,4.59777],[-74.14166,4.59788],[-74.14208,4.5985],[-74.14219,4.59868],[-74.14226,4.59875],[-74.14231,4.5988],[-74.14247,4.59888],[-74.14251,4.5989]]}},{"type":"Feature","properties":{"id":"527390330","nom":"Carrera 53A","tipo":"residential"},"geometry":{"type":"LineString","coordinates":[[-74.13966,4.59054],[-74.13992,4.59059]]}},{"type":"Feature","properties":{"id":"527395373","nom":"Carrera 27","tipo":"residential"},"geometry":{"type":"LineString","coordinates":[[-74.14047,4.57742],[-74.14004,4.57759],[-74.13961,4.57776],[-74.13919,4.57792],[-74.13876,4.57809],[-74.13832,4.57826],[-74.13791,4.57842],[-74.13748,4.57858],[-74.13704,4.57876],[-74.13663,4.57892],[-74.13659,4.57894]]}},{"type":"Feature","properties":{"id":"538800833","nom":"","tipo":"trunk_link"},"geometry":{"type":"LineString","coordinates":[[-74.1287,4.59376],[-74.12894,4.59374]]}},{"type":"Feature","properties":{"id":"538800834","nom":"Carrera 50 Bis A","tipo":"residential"},"geometry":{"type":"LineString","coordinates":[[-74.12837,4.59377],[-74.12841,4.5938],[-74.12844,4.59382],[-74.12846,4.59387],[-74.12847,4.59389],[-74.12848,4.59394]]}},{"type":"Feature","properties":{"id":"538831374","nom":"Avenida Calle 51 Sur","tipo":"primary"},"geometry":{"type":"LineString","coordinates":[[-74.12268,4.55852],[-74.12292,4.55881],[-74.12307,4.55899],[-74.12318,4.55913],[-74.12325,4.55923],[-74.12327,4.55926],[-74.1233,4.55931],[-74.12335,4.5594],[-74.12339,4.55948],[-74.12354,4.55978],[-74.12365,4.56001],[-74.12392,4.56057],[-74.12405,4.56083],[-74.12406,4.56087],[-74.12418,4.56111],[-74.12424,4.56123],[-74.12452,4.56179],[-74.12458,4.56191],[-74.12469,4.56212],[-74.12471,4.56218],[-74.12475,4.56227],[-74.12478,4.56236],[-74.1248,4.56248],[-74.12482,4.5626],[-74.12483,4.56276],[-74.12482,4.56315],[-74.12482,4.56318],[-74.12482,4.56327],[-74.12484,4.56343],[-74.12486,4.56354],[-74.12489,4.56363],[-74.12492,4.56372],[-74.12496,4.56381]]}},{"type":"Feature","properties":{"id":"538837047","nom":"Carrera 12A","tipo":"residential"},"geometry":{"type":"LineString","coordinates":[[-74.12395,4.56105],[-74.12401,4.56106],[-74.12407,4.56107],[-74.12413,4.56109],[-74.12418,4.56111]]}},{"type":"Feature","properties":{"id":"538837048","nom":"Carrera 12B","tipo":"residential"},"geometry":{"type":"LineString","coordinates":[[-74.12424,4.56123],[-74.12425,4.56128],[-74.12428,4.56138],[-74.12428,4.5614],[-74.12429,4.56145],[-74.12429,4.5615],[-74.12429,4.56155],[-74.12427,4.56159],[-74.12425,4.56163]]}},{"type":"Feature","properties":{"id":"539103746","nom":"Calle 42A Sur","tipo":"residential"},"geometry":{"type":"LineString","coordinates":[[-74.12249,4.57526],[-74.1225,4.57528],[-74.1226,4.57562],[-74.12257,4.57567]]}},{"type":"Feature","properties":{"id":"539289134","nom":"Calle 51 Sur","tipo":"tertiary"},"geometry":{"type":"LineString","coordinates":[[-74.13626,4.58458],[-74.13619,4.58432]]}},{"type":"Feature","properties":{"id":"539296562","nom":"Calle 51 Sur","tipo":"secondary"},"geometry":{"type":"LineString","coordinates":[[-74.13876,4.58955],[-74.13874,4.58952],[-74.1383,4.58866],[-74.13786,4.58782],[-74.13783,4.58777],[-74.13771,4.58753],[-74.13739,4.58692],[-74.13737,4.58688],[-74.13693,4.58603],[-74.13691,4.586],[-74.13649,4.58518],[-74.13647,4.58515],[-74.13645,4.5851]]}},{"type":"Feature","properties":{"id":"539296563","nom":"","tipo":"secondary_link"},"geometry":{"type":"LineString","coordinates":[[-74.13883,4.58994],[-74.13888,4.58974],[-74.13889,4.58969],[-74.1389,4.58966],[-74.13893,4.58956]]}},{"type":"Feature","properties":{"id":"539316077","nom":"Calle 47 Sur","tipo":"residential"},"geometry":{"type":"LineString","coordinates":[[-74.13044,4.58591],[-74.13043,4.58589],[-74.13036,4.58556]]}},{"type":"Feature","properties":{"id":"539468784","nom":"Avenida Calle 44 Sur","tipo":"secondary"},"geometry":{"type":"LineString","coordinates":[[-74.12852,4.58685],[-74.12859,4.58667]]}},{"type":"Feature","properties":{"id":"540488056","nom":"Carrera 32","tipo":"residential"},"geometry":{"type":"LineString","coordinates":[[-74.14239,4.58098],[-74.14234,4.581],[-74.14194,4.58117],[-74.14151,4.58135]]}},{"type":"Feature","properties":{"id":"540496122","nom":"Calle 60C Sur","tipo":"residential"},"geometry":{"type":"LineString","coordinates":[[-74.13885,4.56125],[-74.13879,4.56124],[-74.13843,4.56117]]}},{"type":"Feature","properties":{"id":"540525341","nom":"Calle 60A Sur","tipo":"residential"},"geometry":{"type":"LineString","coordinates":[[-74.13946,4.56223],[-74.13914,4.5622],[-74.13911,4.5622],[-74.13909,4.56219]]}},{"type":"Feature","properties":{"id":"540755608","nom":"Carrera 19A Bis","tipo":"residential"},"geometry":{"type":"LineString","coordinates":[[-74.13684,4.56478],[-74.13651,4.56521],[-74.13598,4.56592]]}},{"type":"Feature","properties":{"id":"540770710","nom":"Avenida Calle 58A Sur","tipo":"trunk"},"geometry":{"type":"LineString","coordinates":[[-74.13964,4.57317],[-74.13961,4.57306],[-74.13949,4.57252]]}},{"type":"Feature","properties":{"id":"540770711","nom":"Avenida Calle 58A Sur","tipo":"trunk"},"geometry":{"type":"LineString","coordinates":[[-74.13927,4.57135],[-74.13922,4.57114],[-74.13911,4.5707],[-74.13906,4.57047],[-74.13903,4.57031],[-74.13896,4.56999],[-74.13894,4.5699],[-74.13889,4.56972]]}},{"type":"Feature","properties":{"id":"540770716","nom":"Avenida Calle 58A Sur","tipo":"trunk"},"geometry":{"type":"LineString","coordinates":[[-74.13842,4.56935],[-74.13854,4.56981],[-74.13867,4.57037],[-74.13877,4.57077],[-74.13881,4.57091],[-74.13898,4.57157],[-74.13905,4.5718]]}},{"type":"Feature","properties":{"id":"540848446","nom":"Calle 59B Sur","tipo":"residential"},"geometry":{"type":"LineString","coordinates":[[-74.13259,4.56042],[-74.13308,4.56064],[-74.13338,4.56074],[-74.13354,4.56076],[-74.13365,4.56077],[-74.13386,4.56082],[-74.13402,4.56089],[-74.13441,4.56107],[-74.13514,4.56133],[-74.13532,4.56146],[-74.13556,4.5617],[-74.13583,4.56192],[-74.13605,4.56204],[-74.13635,4.5621],[-74.13653,4.56214],[-74.13673,4.56222],[-74.13707,4.56236],[-74.13721,4.56242],[-74.13736,4.56251],[-74.13746,4.56263],[-74.13755,4.56284],[-74.13768,4.56323],[-74.13778,4.56349],[-74.13785,4.56362],[-74.13802,4.56376]]}},{"type":"Feature","properties":{"id":"541088619","nom":"Carrera 12D","tipo":"residential"},"geometry":{"type":"LineString","coordinates":[[-74.12989,4.56036],[-74.13021,4.55998],[-74.13046,4.55966]]}},{"type":"Feature","properties":{"id":"541096650","nom":"Carrera 37B","tipo":"residential"},"geometry":{"type":"LineString","coordinates":[[-74.15094,4.57153],[-74.15097,4.57149],[-74.15109,4.57132],[-74.15134,4.57094]]}},{"type":"Feature","properties":{"id":"541435736","nom":"Calle 48 Sur","tipo":"tertiary"},"geometry":{"type":"LineString","coordinates":[[-74.12997,4.57904],[-74.13032,4.57986],[-74.13034,4.57993],[-74.13036,4.57997],[-74.13037,4.58],[-74.13061,4.58098]]}},{"type":"Feature","properties":{"id":"541435740","nom":"Calle 48C Sur","tipo":"tertiary"},"geometry":{"type":"LineString","coordinates":[[-74.13172,4.57969],[-74.13173,4.57972],[-74.13196,4.58065]]}},{"type":"Feature","properties":{"id":"541953606","nom":"Calle 37 Sur","tipo":"tertiary"},"geometry":{"type":"LineString","coordinates":[[-74.12664,4.59957],[-74.12648,4.59946]]}},{"type":"Feature","properties":{"id":"541979222","nom":"Diagonal 47 Sur","tipo":"residential"},"geometry":{"type":"LineString","coordinates":[[-74.14056,4.5934],[-74.13939,4.59317],[-74.13902,4.5931],[-74.13876,4.59305],[-74.13824,4.59295],[-74.13821,4.59294]]}},{"type":"Feature","properties":{"id":"542095540","nom":"","tipo":"residential"},"geometry":{"type":"LineString","coordinates":[[-74.13124,4.59678],[-74.13101,4.59709]]}},{"type":"Feature","properties":{"id":"542134667","nom":"Calle 59C Sur","tipo":"tertiary"},"geometry":{"type":"LineString","coordinates":[[-74.15447,4.57838],[-74.15453,4.57857]]}},{"type":"Feature","properties":{"id":"542161033","nom":"Carrera 48D","tipo":"residential"},"geometry":{"type":"LineString","coordinates":[[-74.15128,4.57911],[-74.1507,4.5793]]}},{"type":"Feature","properties":{"id":"542168109","nom":"Carrera 43A","tipo":"residential"},"geometry":{"type":"LineString","coordinates":[[-74.15132,4.5748],[-74.15126,4.57482],[-74.15026,4.57527],[-74.14952,4.57555],[-74.14942,4.5756]]}},{"type":"Feature","properties":{"id":"542293713","nom":"Carrera 51C","tipo":"residential"},"geometry":{"type":"LineString","coordinates":[[-74.12977,4.5989],[-74.1298,4.59887],[-74.13055,4.598],[-74.13058,4.59796]]}},{"type":"Feature","properties":{"id":"542301999","nom":"Carrera 51F Bis","tipo":"residential"},"geometry":{"type":"LineString","coordinates":[[-74.13057,4.59971],[-74.13031,4.59995]]}},{"type":"Feature","properties":{"id":"543164192","nom":"Carrera 52A","tipo":"tertiary"},"geometry":{"type":"LineString","coordinates":[[-74.13588,4.59197],[-74.1358,4.5924],[-74.13579,4.59243],[-74.1357,4.59287],[-74.13569,4.5929],[-74.1356,4.59335],[-74.13551,4.59382],[-74.13549,4.59389],[-74.13544,4.59413],[-74.13542,4.59422],[-74.13541,4.59426],[-74.13539,4.59429],[-74.13537,4.59431],[-74.13535,4.59433],[-74.13533,4.59434],[-74.1353,4.59435]]}},{"type":"Feature","properties":{"id":"543203912","nom":"Diagonal 49 Sur","tipo":"residential"},"geometry":{"type":"LineString","coordinates":[[-74.1417,4.59221],[-74.14166,4.5922],[-74.14123,4.59212],[-74.14085,4.59204],[-74.14074,4.59202],[-74.14036,4.59195],[-74.13973,4.59182],[-74.13967,4.5918]]}},{"type":"Feature","properties":{"id":"543568532","nom":"Calle 50B Sur","tipo":"secondary"},"geometry":{"type":"LineString","coordinates":[[-74.13593,4.58511],[-74.13595,4.58514],[-74.13604,4.58531],[-74.13646,4.58612],[-74.13648,4.58617],[-74.1365,4.58621],[-74.13694,4.58705],[-74.13695,4.58707],[-74.13696,4.58709],[-74.13704,4.58724],[-74.13712,4.58739],[-74.1374,4.58793],[-74.13741,4.58795],[-74.13742,4.58798],[-74.13789,4.58888],[-74.13832,4.5897],[-74.13834,4.58974]]}},{"type":"Feature","properties":{"id":"543592186","nom":"Calle 59B Sur","tipo":"residential"},"geometry":{"type":"LineString","coordinates":[[-74.14028,4.56322],[-74.14074,4.5636],[-74.14098,4.5638]]}},{"type":"Feature","properties":{"id":"561331586","nom":"Carrera 64 Bis","tipo":"residential"},"geometry":{"type":"LineString","coordinates":[[-74.155,4.5949],[-74.15507,4.59558]]}},{"type":"Feature","properties":{"id":"563889498","nom":"Calle 46 Sur","tipo":"tertiary"},"geometry":{"type":"LineString","coordinates":[[-74.1255,4.5719],[-74.1252,4.57085],[-74.12509,4.57046],[-74.12506,4.57034]]}},{"type":"Feature","properties":{"id":"563889499","nom":"Diagonal 45A Sur","tipo":"residential"},"geometry":{"type":"LineString","coordinates":[[-74.12553,4.5721],[-74.12548,4.57212],[-74.12485,4.57237],[-74.12458,4.57247],[-74.1245,4.57248],[-74.12438,4.57247],[-74.12432,4.57245]]}},{"type":"Feature","properties":{"id":"563889500","nom":"Carrera 20","tipo":"residential"},"geometry":{"type":"LineString","coordinates":[[-74.12434,4.57499],[-74.12422,4.57514],[-74.12414,4.57524],[-74.124,4.57538],[-74.12392,4.57545],[-74.12389,4.57547],[-74.12387,4.57549],[-74.12384,4.57552],[-74.12381,4.57554],[-74.12379,4.57556],[-74.12374,4.57559],[-74.12362,4.57566],[-74.12348,4.57573],[-74.12336,4.57578],[-74.12194,4.57614]]}},{"type":"Feature","properties":{"id":"563911758","nom":"Calle 51 Sur","tipo":"residential"},"geometry":{"type":"LineString","coordinates":[[-74.12968,4.57001],[-74.12977,4.5703],[-74.12978,4.57034]]}},{"type":"Feature","properties":{"id":"571828217","nom":"Carrera 22","tipo":"residential"},"geometry":{"type":"LineString","coordinates":[[-74.15137,4.56462],[-74.15111,4.5647],[-74.1508,4.5648],[-74.15064,4.56485],[-74.15029,4.56495],[-74.1496,4.56516]]}},{"type":"Feature","properties":{"id":"571828218","nom":"Carrera 20F","tipo":"residential"},"geometry":{"type":"LineString","coordinates":[[-74.1499,4.5636],[-74.1492,4.56381],[-74.14815,4.56413],[-74.14785,4.56422]]}},{"type":"Feature","properties":{"id":"584964019","nom":"Avenida Carrera 53","tipo":"secondary"},"geometry":{"type":"LineString","coordinates":[[-74.13812,4.5934],[-74.13812,4.59336],[-74.13821,4.59294],[-74.13829,4.59254],[-74.1383,4.5925],[-74.13831,4.59247]]}},{"type":"Feature","properties":{"id":"584964020","nom":"Avenida Carrera 53","tipo":"secondary"},"geometry":{"type":"LineString","coordinates":[[-74.13822,4.59245],[-74.13821,4.59249],[-74.13813,4.59292],[-74.13805,4.59332],[-74.13804,4.59335],[-74.13803,4.59338],[-74.13803,4.59341],[-74.13794,4.59383],[-74.13786,4.59424],[-74.13786,4.59426],[-74.13785,4.59429]]}},{"type":"Feature","properties":{"id":"584973456","nom":"Carrera 51C Bis","tipo":"residential"},"geometry":{"type":"LineString","coordinates":[[-74.13228,4.59591],[-74.13235,4.5958],[-74.13241,4.59568],[-74.13252,4.59536]]}},{"type":"Feature","properties":{"id":"584973457","nom":"Carrera 51C Bis","tipo":"residential"},"geometry":{"type":"LineString","coordinates":[[-74.13224,4.59588],[-74.13201,4.59616]]}},{"type":"Feature","properties":{"id":"584973462","nom":"Avenida Carrera 50","tipo":"secondary"},"geometry":{"type":"LineString","coordinates":[[-74.12524,4.59763],[-74.12523,4.59764],[-74.12523,4.59764],[-74.1252,4.59767]]}},{"type":"Feature","properties":{"id":"584973463","nom":"Avenida Carrera 50","tipo":"secondary"},"geometry":{"type":"LineString","coordinates":[[-74.12531,4.59753],[-74.12524,4.59763]]}},{"type":"Feature","properties":{"id":"584973465","nom":"Avenida Carrera 50","tipo":"secondary"},"geometry":{"type":"LineString","coordinates":[[-74.12532,4.59772],[-74.1254,4.59762]]}},{"type":"Feature","properties":{"id":"585249697","nom":"Calle 51B Sur","tipo":"residential"},"geometry":{"type":"LineString","coordinates":[[-74.13711,4.5849],[-74.1373,4.58486],[-74.13732,4.58486],[-74.13733,4.58486],[-74.13735,4.58487],[-74.13738,4.58489]]}},{"type":"Feature","properties":{"id":"585257648","nom":"Carrera 18D","tipo":"residential"},"geometry":{"type":"LineString","coordinates":[[-74.13758,4.56159],[-74.13785,4.56143],[-74.13798,4.56136]]}},{"type":"Feature","properties":{"id":"585493905","nom":"Carrera 13B","tipo":"residential"},"geometry":{"type":"LineString","coordinates":[[-74.12477,4.56515],[-74.12505,4.56499],[-74.12531,4.56484],[-74.12546,4.56476],[-74.12549,4.56474]]}},{"type":"Feature","properties":{"id":"591105428","nom":"","tipo":"trunk_link"},"geometry":{"type":"LineString","coordinates":[[-74.13933,4.56001],[-74.13921,4.55955],[-74.1392,4.55952],[-74.13919,4.55949],[-74.13918,4.55946],[-74.13916,4.55944],[-74.13913,4.55943],[-74.1391,4.55943],[-74.13907,4.55945],[-74.13905,4.55946],[-74.13905,4.55948],[-74.13904,4.5595],[-74.13904,4.55954],[-74.13905,4.55979],[-74.13905,4.55991],[-74.13904,4.56001],[-74.13903,4.56009],[-74.13902,4.56015],[-74.13898,4.56031]]}},{"type":"Feature","properties":{"id":"591106090","nom":"Avenida Calle 59A Sur","tipo":"trunk"},"geometry":{"type":"LineString","coordinates":[[-74.1385,4.5638],[-74.13849,4.56387],[-74.13847,4.56398],[-74.13843,4.56419],[-74.13839,4.56442],[-74.13835,4.56471],[-74.13834,4.56475],[-74.13829,4.56516],[-74.13822,4.56564],[-74.13819,4.56587]]}},{"type":"Feature","properties":{"id":"591106091","nom":"Avenida Carrera 19","tipo":"trunk"},"geometry":{"type":"LineString","coordinates":[[-74.13854,4.56351],[-74.1385,4.5638]]}},{"type":"Feature","properties":{"id":"591106092","nom":"Avenida Carrera 19","tipo":"trunk"},"geometry":{"type":"LineString","coordinates":[[-74.13915,4.56178],[-74.13916,4.56171],[-74.13917,4.5616]]}},{"type":"Feature","properties":{"id":"591106093","nom":"Avenida Carrera 19","tipo":"trunk"},"geometry":{"type":"LineString","coordinates":[[-74.13887,4.5638],[-74.13892,4.56348]]}},{"type":"Feature","properties":{"id":"591106097","nom":"Avenida Calle 59A Sur","tipo":"trunk"},"geometry":{"type":"LineString","coordinates":[[-74.13804,4.56692],[-74.13805,4.56766]]}},{"type":"Feature","properties":{"id":"591106099","nom":"Avenida Calle 59A Sur","tipo":"trunk"},"geometry":{"type":"LineString","coordinates":[[-74.13842,4.5669],[-74.13842,4.56676],[-74.13843,4.56647],[-74.13845,4.56621],[-74.13851,4.56561],[-74.13854,4.5654],[-74.13857,4.56519],[-74.1386,4.56499],[-74.13865,4.56476],[-74.13871,4.56452],[-74.13878,4.56426],[-74.13881,4.56411],[-74.13885,4.56394],[-74.13887,4.5638]]}},{"type":"Feature","properties":{"id":"624898080","nom":"Transversal 49","tipo":"tertiary"},"geometry":{"type":"LineString","coordinates":[[-74.15554,4.57823],[-74.15529,4.5782],[-74.15501,4.5782],[-74.15453,4.57822]]}},{"type":"Feature","properties":{"id":"624898082","nom":"Calle 59C Sur","tipo":"tertiary"},"geometry":{"type":"LineString","coordinates":[[-74.15453,4.57857],[-74.15457,4.57851],[-74.15459,4.57846],[-74.1546,4.57841],[-74.15461,4.57837],[-74.15461,4.57833]]}},{"type":"Feature","properties":{"id":"625571920","nom":"","tipo":"residential"},"geometry":{"type":"LineString","coordinates":[[-74.14278,4.58581],[-74.14264,4.58551]]}},{"type":"Feature","properties":{"id":"625571921","nom":"","tipo":"residential"},"geometry":{"type":"LineString","coordinates":[[-74.14252,4.5859],[-74.14244,4.58574],[-74.14238,4.58562]]}},{"type":"Feature","properties":{"id":"626522460","nom":"Calle 57B Sur","tipo":"tertiary"},"geometry":{"type":"LineString","coordinates":[[-74.15245,4.60101],[-74.15265,4.60093],[-74.15295,4.6008],[-74.15302,4.60077],[-74.15372,4.60049],[-74.15379,4.60046],[-74.15412,4.60033],[-74.15441,4.60021],[-74.15444,4.60019],[-74.15494,4.59998]]}},{"type":"Feature","properties":{"id":"627031399","nom":"Carrera 51C Bis","tipo":"residential"},"geometry":{"type":"LineString","coordinates":[[-74.12897,4.59999],[-74.12924,4.59972]]}},{"type":"Feature","properties":{"id":"628690805","nom":"Calle 53 Sur","tipo":"residential"},"geometry":{"type":"LineString","coordinates":[[-74.12618,4.56143],[-74.1259,4.56081],[-74.12565,4.56029],[-74.12537,4.55976]]}},{"type":"Feature","properties":{"id":"630716175","nom":"Calle 68A Sur","tipo":"residential"},"geometry":{"type":"LineString","coordinates":[[-74.15036,4.56347],[-74.15021,4.56303]]}},{"type":"Feature","properties":{"id":"632656426","nom":"Carrera 45A","tipo":"tertiary"},"geometry":{"type":"LineString","coordinates":[[-74.15072,4.5763],[-74.15097,4.57626],[-74.15109,4.57622],[-74.15149,4.57602],[-74.15221,4.57565],[-74.15233,4.57559],[-74.15245,4.57552],[-74.15259,4.57546],[-74.1529,4.5753],[-74.15297,4.57526],[-74.15303,4.57522],[-74.15308,4.57519],[-74.15317,4.57513],[-74.15323,4.57508],[-74.15351,4.57482],[-74.15373,4.57461],[-74.15378,4.57457],[-74.15385,4.57451]]}},{"type":"Feature","properties":{"id":"632656801","nom":"Carrera 19A","tipo":"residential"},"geometry":{"type":"LineString","coordinates":[[-74.13954,4.56286],[-74.13948,4.56251],[-74.13946,4.56223],[-74.13942,4.56178]]}},{"type":"Feature","properties":{"id":"639476908","nom":"Avenida Calle 51 Sur","tipo":"primary"},"geometry":{"type":"LineString","coordinates":[[-74.12515,4.56415],[-74.12519,4.56422],[-74.12533,4.56446],[-74.12549,4.56474],[-74.12576,4.56517],[-74.12591,4.56541],[-74.12606,4.56564],[-74.12613,4.56575],[-74.12616,4.56579],[-74.12622,4.56588],[-74.12627,4.56598],[-74.12633,4.56608],[-74.12637,4.56619],[-74.1264,4.56628],[-74.12642,4.56637],[-74.12644,4.56645],[-74.12646,4.56653],[-74.12647,4.5666],[-74.12648,4.56669],[-74.12648,4.56677],[-74.12648,4.56683]]}},{"type":"Feature","properties":{"id":"639477495","nom":"Diagonal 51B Sur","tipo":"tertiary"},"geometry":{"type":"LineString","coordinates":[[-74.12669,4.5668],[-74.12663,4.5668],[-74.12654,4.56681],[-74.12651,4.56682],[-74.12648,4.56683]]}},{"type":"Feature","properties":{"id":"639479303","nom":"Diagonal 54 Sur","tipo":"tertiary"},"geometry":{"type":"LineString","coordinates":[[-74.13319,4.56763],[-74.13206,4.56749],[-74.13101,4.56735],[-74.13026,4.56726],[-74.13005,4.56724]]}},{"type":"Feature","properties":{"id":"639484191","nom":"Calle 53 Sur","tipo":"tertiary"},"geometry":{"type":"LineString","coordinates":[[-74.13005,4.56724],[-74.13019,4.56738],[-74.13041,4.56761],[-74.13044,4.56765],[-74.13081,4.56804],[-74.13084,4.56808],[-74.1312,4.56846],[-74.13126,4.56852],[-74.13162,4.56891],[-74.13166,4.56895],[-74.13204,4.56936],[-74.13209,4.56942]]}},{"type":"Feature","properties":{"id":"639527494","nom":"Avenida Carrera 53","tipo":"secondary"},"geometry":{"type":"LineString","coordinates":[[-74.13831,4.59247],[-74.13831,4.59244],[-74.1384,4.59201],[-74.13847,4.59164],[-74.13848,4.59159],[-74.13848,4.59155]]}},{"type":"Feature","properties":{"id":"641331677","nom":"Avenida Calle 61 Sur","tipo":"primary"},"geometry":{"type":"LineString","coordinates":[[-74.15397,4.57437],[-74.15384,4.57423],[-74.15382,4.57421],[-74.15368,4.57406],[-74.15343,4.57381],[-74.15319,4.57358],[-74.15311,4.57351],[-74.15309,4.57349],[-74.15295,4.57338],[-74.15281,4.57326],[-74.15244,4.57297],[-74.15229,4.57287],[-74.15224,4.57283],[-74.15204,4.57269],[-74.15202,4.57268],[-74.15139,4.57224],[-74.15132,4.57219]]}},{"type":"Feature","properties":{"id":"641331706","nom":"Carrera 19 Bis","tipo":"residential"},"geometry":{"type":"LineString","coordinates":[[-74.12732,4.5711],[-74.12768,4.57042],[-74.12771,4.57036]]}},{"type":"Feature","properties":{"id":"645401145","nom":"Transversal 68D","tipo":"residential"},"geometry":{"type":"LineString","coordinates":[[-74.14428,4.59658],[-74.14373,4.5967],[-74.14227,4.59703],[-74.14215,4.59706]]}},{"type":"Feature","properties":{"id":"648655041","nom":"Avenida Calle 68 Sur","tipo":"primary"},"geometry":{"type":"LineString","coordinates":[[-74.15385,4.57451],[-74.15415,4.57487],[-74.15421,4.57495],[-74.15435,4.57513],[-74.15445,4.57525],[-74.15453,4.57537],[-74.15458,4.57545],[-74.15464,4.57555],[-74.15466,4.57558],[-74.1547,4.57564],[-74.15479,4.57577],[-74.15487,4.57591],[-74.15496,4.57606],[-74.15497,4.57608],[-74.15501,4.57617],[-74.15515,4.57642],[-74.15528,4.57667],[-74.1554,4.57689],[-74.15542,4.57693],[-74.15577,4.57758],[-74.15593,4.57787]]}},{"type":"Feature","properties":{"id":"657074852","nom":"Carrera 22J","tipo":"residential"},"geometry":{"type":"LineString","coordinates":[[-74.14777,4.56713],[-74.14767,4.56728],[-74.14753,4.56749]]}},{"type":"Feature","properties":{"id":"657074853","nom":"Calle 64A Sur","tipo":"residential"},"geometry":{"type":"LineString","coordinates":[[-74.14767,4.56728],[-74.14751,4.56715],[-74.14747,4.56713]]}},{"type":"Feature","properties":{"id":"661082405","nom":"Transversal 35 Bis","tipo":"residential"},"geometry":{"type":"LineString","coordinates":[[-74.11712,4.5958],[-74.11757,4.59565],[-74.11772,4.59559],[-74.11782,4.59555],[-74.11809,4.5955],[-74.11902,4.59533],[-74.11919,4.59529],[-74.11938,4.59526],[-74.12078,4.595],[-74.12124,4.59491],[-74.12194,4.59478],[-74.12206,4.59476],[-74.12254,4.59467],[-74.12259,4.59467],[-74.1226,4.59468]]}},{"type":"Feature","properties":{"id":"661337142","nom":"Carrera 39","tipo":"residential"},"geometry":{"type":"LineString","coordinates":[[-74.12262,4.59472],[-74.12262,4.59473],[-74.12261,4.59478],[-74.12258,4.59481]]}},{"type":"Feature","properties":{"id":"661338186","nom":"Calle 29B Sur","tipo":"residential"},"geometry":{"type":"LineString","coordinates":[[-74.12243,4.60106],[-74.12241,4.60103],[-74.12204,4.60062],[-74.12145,4.59993],[-74.12116,4.5996]]}},{"type":"Feature","properties":{"id":"661622980","nom":"Carrera 50A","tipo":"residential"},"geometry":{"type":"LineString","coordinates":[[-74.12426,4.59974],[-74.12453,4.59941],[-74.12465,4.59925],[-74.1248,4.59908],[-74.12481,4.59906],[-74.12507,4.59875],[-74.12535,4.59841]]}},{"type":"Feature","properties":{"id":"661626937","nom":"Carrera 51","tipo":"residential"},"geometry":{"type":"LineString","coordinates":[[-74.12557,4.60089],[-74.12584,4.60064],[-74.12617,4.60031],[-74.12648,4.59998],[-74.12671,4.59971]]}},{"type":"Feature","properties":{"id":"661626939","nom":"Calle 37 Sur","tipo":"tertiary"},"geometry":{"type":"LineString","coordinates":[[-74.12648,4.59946],[-74.1264,4.59941]]}},{"type":"Feature","properties":{"id":"661627233","nom":"Calle 35 Sur","tipo":"residential"},"geometry":{"type":"LineString","coordinates":[[-74.1248,4.59908],[-74.12582,4.60007],[-74.12583,4.60011]]}},{"type":"Feature","properties":{"id":"678406407","nom":"","tipo":"residential"},"geometry":{"type":"LineString","coordinates":[[-74.14303,4.58571],[-74.14289,4.58539]]}},{"type":"Feature","properties":{"id":"678416299","nom":"","tipo":"residential"},"geometry":{"type":"LineString","coordinates":[[-74.14245,4.58524],[-74.14243,4.58519],[-74.14232,4.58492],[-74.14229,4.58482],[-74.14228,4.5848],[-74.14228,4.58479],[-74.14228,4.58477],[-74.1423,4.58475],[-74.14233,4.58474],[-74.14239,4.58471],[-74.14246,4.58467],[-74.14253,4.58464],[-74.14265,4.58459],[-74.14301,4.58445]]}},{"type":"Feature","properties":{"id":"678446390","nom":"","tipo":"residential"},"geometry":{"type":"LineString","coordinates":[[-74.14264,4.58656],[-74.14278,4.58649],[-74.14282,4.58646],[-74.14285,4.58644],[-74.14285,4.58641],[-74.14285,4.58638],[-74.14278,4.58624],[-74.14276,4.58618],[-74.14275,4.58616],[-74.14275,4.58613],[-74.14276,4.58612],[-74.14278,4.58611],[-74.14281,4.58609],[-74.14286,4.58606],[-74.14329,4.58589],[-74.14334,4.58586],[-74.14338,4.58584],[-74.14339,4.58583],[-74.14339,4.5858],[-74.14337,4.58575],[-74.14333,4.58565]]}},{"type":"Feature","properties":{"id":"678446391","nom":"","tipo":"residential"},"geometry":{"type":"LineString","coordinates":[[-74.14271,4.58661],[-74.14282,4.58655],[-74.14287,4.58651],[-74.1429,4.58651],[-74.14291,4.58651],[-74.14294,4.58653],[-74.14298,4.58657],[-74.14309,4.58667],[-74.14313,4.5867],[-74.14316,4.58671],[-74.14321,4.5867],[-74.14326,4.58669],[-74.14332,4.58666],[-74.14353,4.58654],[-74.14358,4.58652],[-74.1436,4.5865],[-74.14361,4.58647],[-74.14361,4.58644],[-74.14359,4.58641],[-74.14353,4.58625]]}},{"type":"Feature","properties":{"id":"683611637","nom":"Calle 39 Sur","tipo":"residential"},"geometry":{"type":"LineString","coordinates":[[-74.12077,4.58129],[-74.121,4.58199]]}},{"type":"Feature","properties":{"id":"685039485","nom":"","tipo":"trunk_link"},"geometry":{"type":"LineString","coordinates":[[-74.12584,4.59382],[-74.12594,4.59385],[-74.12599,4.59387],[-74.12603,4.59389],[-74.12608,4.59392],[-74.12613,4.59395],[-74.12614,4.59395],[-74.12621,4.59401],[-74.12627,4.59406],[-74.12632,4.59413],[-74.12633,4.59414],[-74.12636,4.5942],[-74.12638,4.59426],[-74.1264,4.59433],[-74.12641,4.59436],[-74.12642,4.59447]]}},{"type":"Feature","properties":{"id":"685039486","nom":"Avenida Carrera 50","tipo":"secondary"},"geometry":{"type":"LineString","coordinates":[[-74.12619,4.59552],[-74.12598,4.59633],[-74.12593,4.59647],[-74.12588,4.59659],[-74.12581,4.59676],[-74.12577,4.59685],[-74.12569,4.59699],[-74.12557,4.59718],[-74.12542,4.59738],[-74.12537,4.59745],[-74.12531,4.59753]]}},{"type":"Feature","properties":{"id":"685039487","nom":"","tipo":"trunk_link"},"geometry":{"type":"LineString","coordinates":[[-74.12726,4.59338],[-74.12718,4.59336],[-74.12713,4.59335],[-74.12708,4.59332],[-74.12701,4.59327],[-74.12696,4.5932],[-74.12693,4.59316],[-74.1269,4.59311],[-74.12689,4.59307],[-74.12689,4.59306],[-74.12687,4.59299],[-74.12687,4.59291],[-74.12688,4.59278]]}},{"type":"Feature","properties":{"id":"685039488","nom":"Avenida Carrera 50","tipo":"secondary"},"geometry":{"type":"LineString","coordinates":[[-74.12705,4.59238],[-74.12707,4.59234],[-74.12709,4.59229],[-74.12711,4.59226],[-74.12713,4.59224],[-74.12718,4.5922]]}},{"type":"Feature","properties":{"id":"685040578","nom":"Transversal 35 Bis","tipo":"residential"},"geometry":{"type":"LineString","coordinates":[[-74.1226,4.59468],[-74.12261,4.59469],[-74.12262,4.59472]]}},{"type":"Feature","properties":{"id":"685040580","nom":"Calle 36","tipo":"residential"},"geometry":{"type":"LineString","coordinates":[[-74.12208,4.59528],[-74.1224,4.59564],[-74.12288,4.59616],[-74.12348,4.59682]]}},{"type":"Feature","properties":{"id":"685047345","nom":"Carrera 51D","tipo":"residential"},"geometry":{"type":"LineString","coordinates":[[-74.13451,4.59265],[-74.1346,4.59219],[-74.13469,4.59173]]}},{"type":"Feature","properties":{"id":"685047781","nom":"Avenida Carrera 50","tipo":"secondary"},"geometry":{"type":"LineString","coordinates":[[-74.12704,4.59208],[-74.12702,4.59213],[-74.12701,4.59219],[-74.12699,4.59223],[-74.12697,4.59229],[-74.12689,4.59248],[-74.12685,4.59257],[-74.1268,4.59273],[-74.12673,4.59293],[-74.12672,4.59299],[-74.1267,4.59304],[-74.12668,4.59312],[-74.12665,4.59318],[-74.12661,4.59326],[-74.12657,4.5933],[-74.12653,4.59336]]}},{"type":"Feature","properties":{"id":"685106948","nom":"Diagonal 41B Sur","tipo":"residential"},"geometry":{"type":"LineString","coordinates":[[-74.12808,4.59407],[-74.12749,4.59407]]}},{"type":"Feature","properties":{"id":"685123490","nom":"Calle 41 Bis Sur","tipo":"residential"},"geometry":{"type":"LineString","coordinates":[[-74.13062,4.5964],[-74.13053,4.59633],[-74.13023,4.59608],[-74.13017,4.59604]]}},{"type":"Feature","properties":{"id":"685123499","nom":"Calle 38B Sur","tipo":"residential"},"geometry":{"type":"LineString","coordinates":[[-74.12839,4.59836],[-74.1287,4.59862],[-74.12879,4.59869],[-74.12892,4.59881]]}},{"type":"Feature","properties":{"id":"685123509","nom":"Carrera 51A Bis","tipo":"residential"},"geometry":{"type":"LineString","coordinates":[[-74.12834,4.59907],[-74.1282,4.59923],[-74.12795,4.59953]]}},{"type":"Feature","properties":{"id":"685125137","nom":"Calle 38 Sur","tipo":"tertiary"},"geometry":{"type":"LineString","coordinates":[[-74.12842,4.59943],[-74.12859,4.5996],[-74.12886,4.59988],[-74.12897,4.59999],[-74.12916,4.60019],[-74.12941,4.60045],[-74.12944,4.60048],[-74.12957,4.60062],[-74.12971,4.60076],[-74.12995,4.60101],[-74.13017,4.60124]]}},{"type":"Feature","properties":{"id":"685125143","nom":"Calle 38B Sur","tipo":"residential"},"geometry":{"type":"LineString","coordinates":[[-74.129,4.59871],[-74.12923,4.59895]]}},{"type":"Feature","properties":{"id":"685125150","nom":"Calle 39 Sur","tipo":"residential"},"geometry":{"type":"LineString","coordinates":[[-74.13109,4.60024],[-74.13105,4.6002],[-74.13094,4.60009],[-74.13069,4.59983],[-74.13066,4.59981],[-74.13057,4.59971],[-74.13039,4.59953],[-74.13012,4.59926],[-74.12995,4.59908],[-74.12983,4.59895],[-74.12979,4.59892],[-74.12977,4.5989],[-74.12976,4.59888],[-74.12952,4.59864],[-74.1293,4.59842],[-74.12927,4.59838]]}},{"type":"Feature","properties":{"id":"685127230","nom":"Calle 40 Sur","tipo":"tertiary"},"geometry":{"type":"LineString","coordinates":[[-74.13192,4.59905],[-74.13163,4.59881],[-74.13143,4.59865],[-74.13141,4.59863],[-74.13129,4.59854],[-74.13114,4.59842],[-74.13099,4.5983],[-74.13096,4.59827],[-74.13067,4.59804],[-74.1306,4.59797],[-74.13058,4.59796],[-74.13055,4.59794],[-74.13052,4.59792],[-74.13038,4.5978],[-74.13004,4.59753],[-74.12999,4.59749]]}},{"type":"Feature","properties":{"id":"685127244","nom":"Carrera 51F","tipo":"residential"},"geometry":{"type":"LineString","coordinates":[[-74.13148,4.59831],[-74.13129,4.59854]]}},{"type":"Feature","properties":{"id":"685128225","nom":"Carrera 51C","tipo":"residential"},"geometry":{"type":"LineString","coordinates":[[-74.13266,4.59481],[-74.13277,4.5945]]}},{"type":"Feature","properties":{"id":"685760798","nom":"Carrera 52A","tipo":"residential"},"geometry":{"type":"LineString","coordinates":[[-74.13493,4.59573],[-74.13518,4.59526],[-74.13521,4.5952],[-74.13524,4.59514]]}},{"type":"Feature","properties":{"id":"689050351","nom":"Carrera 63","tipo":"tertiary"},"geometry":{"type":"LineString","coordinates":[[-74.15391,4.59744],[-74.1539,4.59751],[-74.15391,4.59757],[-74.15392,4.59764],[-74.15396,4.5979],[-74.15404,4.59824]]}},{"type":"Feature","properties":{"id":"689050362","nom":"Carrera 63","tipo":"tertiary"},"geometry":{"type":"LineString","coordinates":[[-74.15412,4.59821],[-74.15408,4.59798],[-74.15404,4.59778],[-74.15402,4.5976],[-74.154,4.59752],[-74.15398,4.59747]]}},{"type":"Feature","properties":{"id":"689050363","nom":"","tipo":"trunk_link"},"geometry":{"type":"LineString","coordinates":[[-74.15324,4.59629],[-74.15341,4.5964],[-74.15348,4.59647],[-74.15353,4.59652],[-74.15357,4.59657],[-74.15358,4.59658],[-74.15361,4.59663],[-74.15364,4.59669],[-74.15366,4.59677],[-74.1537,4.59694],[-74.15373,4.59704],[-74.15381,4.59747],[-74.15392,4.59786],[-74.15404,4.59824]]}},{"type":"Feature","properties":{"id":"689050364","nom":"","tipo":"trunk_link"},"geometry":{"type":"LineString","coordinates":[[-74.15412,4.59821],[-74.15412,4.5979],[-74.1541,4.59768],[-74.15408,4.59755],[-74.15406,4.59745],[-74.15392,4.59684],[-74.15391,4.59678],[-74.15391,4.59673],[-74.15392,4.59669],[-74.15395,4.59665],[-74.15398,4.59662],[-74.15403,4.5966],[-74.15408,4.59659],[-74.15414,4.59658],[-74.15426,4.59658]]}},{"type":"Feature","properties":{"id":"689060508","nom":"Carrera 61","tipo":"residential"},"geometry":{"type":"LineString","coordinates":[[-74.1479,4.59316],[-74.14777,4.59364],[-74.14746,4.59471],[-74.14741,4.5949],[-74.14739,4.59496]]}},{"type":"Feature","properties":{"id":"689064216","nom":"Calle 45 Sur","tipo":"tertiary"},"geometry":{"type":"LineString","coordinates":[[-74.14622,4.59516],[-74.14627,4.5952],[-74.1463,4.59524],[-74.14634,4.5953],[-74.14636,4.59536]]}},{"type":"Feature","properties":{"id":"689064217","nom":"Transversal 72A","tipo":"tertiary"},"geometry":{"type":"LineString","coordinates":[[-74.14732,4.59764],[-74.14686,4.59783],[-74.14644,4.598],[-74.14606,4.59815],[-74.14571,4.5983],[-74.14551,4.59837],[-74.14538,4.59843],[-74.14518,4.59851],[-74.14512,4.59853]]}},{"type":"Feature","properties":{"id":"690309063","nom":"Avenida Carrera 72","tipo":"trunk"},"geometry":{"type":"LineString","coordinates":[[-74.14531,4.5978],[-74.14532,4.59725]]}},{"type":"Feature","properties":{"id":"690309065","nom":"Avenida Carrera 72","tipo":"trunk"},"geometry":{"type":"LineString","coordinates":[[-74.14522,4.59662],[-74.14507,4.59718]]}},{"type":"Feature","properties":{"id":"690781379","nom":"","tipo":"trunk_link"},"geometry":{"type":"LineString","coordinates":[[-74.14,4.59524],[-74.1395,4.5951],[-74.13926,4.59504],[-74.13902,4.59499],[-74.13809,4.59483]]}},{"type":"Feature","properties":{"id":"690782548","nom":"Calle 44B Sur","tipo":"residential"},"geometry":{"type":"LineString","coordinates":[[-74.14394,4.59555],[-74.14396,4.59563],[-74.14412,4.59608],[-74.14428,4.59658],[-74.14446,4.5971],[-74.14465,4.59764],[-74.14468,4.59774],[-74.14478,4.59803]]}},{"type":"Feature","properties":{"id":"690922141","nom":"Carrera 68G","tipo":"residential"},"geometry":{"type":"LineString","coordinates":[[-74.14176,4.60044],[-74.14188,4.60033],[-74.14193,4.60028],[-74.14197,4.60023],[-74.14205,4.60011],[-74.14224,4.59961],[-74.1423,4.59944],[-74.14243,4.5991],[-74.14251,4.5989],[-74.14274,4.59826],[-74.14279,4.59817],[-74.14307,4.59781],[-74.14309,4.59778]]}},{"type":"Feature","properties":{"id":"690966558","nom":"Calle 38H Bis Sur","tipo":"residential"},"geometry":{"type":"LineString","coordinates":[[-74.1363,4.59998],[-74.13586,4.5997]]}},{"type":"Feature","properties":{"id":"690966559","nom":"Calle 38H Bis A Sur","tipo":"residential"},"geometry":{"type":"LineString","coordinates":[[-74.13645,4.59974],[-74.13605,4.59948]]}},{"type":"Feature","properties":{"id":"691825101","nom":"","tipo":"secondary_link"},"geometry":{"type":"LineString","coordinates":[[-74.12363,4.58925],[-74.12361,4.58921],[-74.1236,4.58916],[-74.12359,4.58913],[-74.12359,4.58909],[-74.12359,4.58904],[-74.12361,4.58898],[-74.12364,4.58893],[-74.1237,4.58889],[-74.12375,4.58886],[-74.12403,4.58876],[-74.12436,4.58864],[-74.1245,4.58858],[-74.12461,4.58853],[-74.12492,4.58837]]}},{"type":"Feature","properties":{"id":"691825103","nom":"Avenida Carrera 34","tipo":"secondary"},"geometry":{"type":"LineString","coordinates":[[-74.12226,4.58972],[-74.12259,4.58977],[-74.12278,4.5898],[-74.12282,4.58981],[-74.12293,4.58982],[-74.12356,4.58993],[-74.12389,4.58998],[-74.12426,4.59003]]}},{"type":"Feature","properties":{"id":"691825106","nom":"","tipo":"secondary"},"geometry":{"type":"LineString","coordinates":[[-74.12736,4.59204],[-74.12735,4.59199],[-74.12733,4.59195],[-74.1273,4.59191],[-74.12725,4.59188],[-74.1272,4.59187]]}},{"type":"Feature","properties":{"id":"691825108","nom":"Diagonal 39A Sur","tipo":"secondary"},"geometry":{"type":"LineString","coordinates":[[-74.12723,4.5922],[-74.12728,4.59221],[-74.12733,4.59223],[-74.12738,4.59226],[-74.12743,4.5923],[-74.12756,4.59242]]}},{"type":"Feature","properties":{"id":"691825114","nom":"","tipo":"secondary_link"},"geometry":{"type":"LineString","coordinates":[[-74.12705,4.59238],[-74.12712,4.59234],[-74.12715,4.59232],[-74.12719,4.59231],[-74.12722,4.5923],[-74.12728,4.5923],[-74.12734,4.59231],[-74.1274,4.59234],[-74.12744,4.59236],[-74.12756,4.59242]]}},{"type":"Feature","properties":{"id":"691825115","nom":"Avenida Carrera 50","tipo":"secondary"},"geometry":{"type":"LineString","coordinates":[[-74.12736,4.59204],[-74.12737,4.59194],[-74.12739,4.59188],[-74.12741,4.59182],[-74.12744,4.59177],[-74.12798,4.59109],[-74.12807,4.59097],[-74.12809,4.59095],[-74.12813,4.59088],[-74.12819,4.59078],[-74.12823,4.59067],[-74.12827,4.59055],[-74.12829,4.59046],[-74.12831,4.59036],[-74.12832,4.59025],[-74.12836,4.58964],[-74.12843,4.58819],[-74.12843,4.58816],[-74.12849,4.58731],[-74.1285,4.58701],[-74.1285,4.58697],[-74.12852,4.58685]]}},{"type":"Feature","properties":{"id":"691833099","nom":"Calle 39A Sur","tipo":"residential"},"geometry":{"type":"LineString","coordinates":[[-74.12568,4.59319],[-74.12596,4.59331],[-74.12598,4.59331]]}},{"type":"Feature","properties":{"id":"691833103","nom":"","tipo":"tertiary_link"},"geometry":{"type":"LineString","coordinates":[[-74.12293,4.59134],[-74.12288,4.59131],[-74.12285,4.5913],[-74.12281,4.5913],[-74.12279,4.59132],[-74.12278,4.59135],[-74.12279,4.59139],[-74.1228,4.59143]]}},{"type":"Feature","properties":{"id":"691835672","nom":"","tipo":"secondary_link"},"geometry":{"type":"LineString","coordinates":[[-74.12439,4.58976],[-74.12428,4.58974],[-74.12422,4.58974],[-74.12417,4.58974],[-74.12414,4.58976],[-74.12412,4.58979],[-74.1241,4.58983],[-74.1241,4.58985],[-74.1241,4.58989],[-74.12411,4.58992],[-74.12413,4.58995],[-74.12415,4.58997],[-74.12417,4.58999],[-74.12426,4.59003]]}},{"type":"Feature","properties":{"id":"691835674","nom":"","tipo":"secondary_link"},"geometry":{"type":"LineString","coordinates":[[-74.12327,4.58928],[-74.12341,4.58938],[-74.12348,4.58945],[-74.12357,4.58953],[-74.12367,4.58966],[-74.12376,4.58976],[-74.12381,4.58982],[-74.12384,4.58984],[-74.12387,4.58985],[-74.12392,4.58986],[-74.12396,4.58985],[-74.124,4.58982],[-74.12403,4.58979],[-74.12405,4.58974],[-74.12405,4.5897],[-74.12404,4.58965],[-74.12401,4.58959],[-74.12398,4.58954],[-74.12393,4.58946]]}},{"type":"Feature","properties":{"id":"691835685","nom":"Avenida Calle 35D Sur","tipo":"secondary"},"geometry":{"type":"LineString","coordinates":[[-74.12232,4.58861],[-74.12226,4.58854],[-74.12206,4.58826],[-74.12199,4.58818],[-74.12191,4.58811],[-74.12189,4.5881],[-74.12179,4.58804],[-74.12168,4.58799],[-74.12158,4.58796],[-74.12145,4.58793]]}},{"type":"Feature","properties":{"id":"691835687","nom":"","tipo":"secondary_link"},"geometry":{"type":"LineString","coordinates":[[-74.12232,4.58861],[-74.1223,4.58849],[-74.1223,4.58844],[-74.12231,4.5884],[-74.12233,4.58833],[-74.12237,4.58823],[-74.12241,4.5881],[-74.12243,4.58805],[-74.12245,4.588],[-74.12246,4.58794],[-74.12247,4.58781],[-74.12246,4.58772],[-74.12244,4.58761]]}},{"type":"Feature","properties":{"id":"691835689","nom":"Diagonal 38A Sur","tipo":"tertiary"},"geometry":{"type":"LineString","coordinates":[[-74.12269,4.58734],[-74.1227,4.58731],[-74.12271,4.58728],[-74.12305,4.5863],[-74.12312,4.58614]]}},{"type":"Feature","properties":{"id":"691835692","nom":"Carrera 26G","tipo":"residential"},"geometry":{"type":"LineString","coordinates":[[-74.12214,4.58775],[-74.12111,4.58787],[-74.12029,4.58796],[-74.11946,4.58806]]}},{"type":"Feature","properties":{"id":"691835699","nom":"Avenida Carrera 26G","tipo":"secondary"},"geometry":{"type":"LineString","coordinates":[[-74.1216,4.58804],[-74.1215,4.58802],[-74.12141,4.58802],[-74.12131,4.58802],[-74.12112,4.58805],[-74.12032,4.58815],[-74.1203,4.58815],[-74.12011,4.5882],[-74.12007,4.58821],[-74.12001,4.58825],[-74.11986,4.58834],[-74.11981,4.58838],[-74.11979,4.58839],[-74.11973,4.58844],[-74.11965,4.58854]]}},{"type":"Feature","properties":{"id":"691835701","nom":"Calle 35B Sur","tipo":"residential"},"geometry":{"type":"LineString","coordinates":[[-74.12033,4.58826],[-74.12034,4.58839],[-74.12038,4.58881],[-74.12041,4.58909],[-74.12042,4.5892],[-74.12042,4.58923]]}},{"type":"Feature","properties":{"id":"691835704","nom":"Carrera 26G Bis","tipo":"residential"},"geometry":{"type":"LineString","coordinates":[[-74.11982,4.58843],[-74.12034,4.58839]]}},{"type":"Feature","properties":{"id":"691839124","nom":"Carrera 30","tipo":"residential"},"geometry":{"type":"LineString","coordinates":[[-74.11926,4.58991],[-74.11929,4.58987],[-74.11942,4.58979],[-74.11961,4.5897],[-74.11979,4.58963],[-74.11996,4.5896],[-74.12016,4.58958],[-74.12035,4.58958],[-74.12055,4.5896],[-74.12063,4.58962]]}},{"type":"Feature","properties":{"id":"691842309","nom":"Carrera 33","tipo":"residential"},"geometry":{"type":"LineString","coordinates":[[-74.12826,4.58725],[-74.12815,4.58716],[-74.12812,4.58716],[-74.12808,4.58716],[-74.12788,4.58725],[-74.1274,4.58747]]}},{"type":"Feature","properties":{"id":"691842316","nom":"Diagonal 41A Sur","tipo":"residential"},"geometry":{"type":"LineString","coordinates":[[-74.12701,4.58805],[-74.12722,4.58822],[-74.12737,4.58834],[-74.12739,4.58835],[-74.12748,4.58843],[-74.12772,4.58861],[-74.12773,4.58863],[-74.12776,4.58865]]}},{"type":"Feature","properties":{"id":"698072401","nom":"Carrera 20D","tipo":"residential"},"geometry":{"type":"LineString","coordinates":[[-74.1505,4.56295],[-74.15021,4.56303],[-74.15018,4.56305],[-74.14977,4.56317],[-74.14907,4.56339],[-74.14802,4.5637]]}},{"type":"Feature","properties":{"id":"698072404","nom":"Carrera 20C","tipo":"tertiary"},"geometry":{"type":"LineString","coordinates":[[-74.1478,4.56329],[-74.14785,4.56328]]}},{"type":"Feature","properties":{"id":"698074942","nom":"Avenida Calle 61 Sur","tipo":"primary"},"geometry":{"type":"LineString","coordinates":[[-74.14486,4.56778],[-74.14457,4.56758],[-74.14423,4.56734],[-74.14412,4.56726],[-74.1438,4.56704],[-74.14362,4.56693],[-74.14348,4.56685],[-74.14339,4.5668],[-74.14329,4.56675],[-74.14318,4.56671],[-74.14309,4.56668],[-74.14303,4.56666],[-74.1429,4.56663],[-74.14283,4.56662],[-74.14276,4.56661],[-74.14268,4.5666],[-74.14254,4.56659],[-74.14244,4.5666],[-74.14233,4.5666],[-74.14224,4.56662],[-74.14215,4.56663],[-74.14206,4.56665],[-74.14182,4.56671],[-74.14165,4.56675],[-74.14076,4.56693]]}},{"type":"Feature","properties":{"id":"698074953","nom":"Diagonal 62 Sur","tipo":"tertiary"},"geometry":{"type":"LineString","coordinates":[[-74.14298,4.56476],[-74.14312,4.565],[-74.14323,4.56517],[-74.14327,4.56523],[-74.14345,4.56551],[-74.14347,4.56556],[-74.14372,4.56595],[-74.14386,4.56617],[-74.14401,4.56637],[-74.14412,4.56651],[-74.14434,4.56675],[-74.14468,4.56712],[-74.14512,4.5676],[-74.14516,4.56764]]}},{"type":"Feature","properties":{"id":"699146122","nom":"Carrera 26F Bis","tipo":"residential"},"geometry":{"type":"LineString","coordinates":[[-74.12057,4.58746],[-74.12024,4.58749]]}},{"type":"Feature","properties":{"id":"699146501","nom":"Carrera 26A","tipo":"residential"},"geometry":{"type":"LineString","coordinates":[[-74.12102,4.58414],[-74.12148,4.58407]]}},{"type":"Feature","properties":{"id":"699149516","nom":"Carrera 29","tipo":"residential"},"geometry":{"type":"LineString","coordinates":[[-74.12207,4.58643],[-74.12312,4.58614],[-74.12337,4.58608],[-74.12452,4.58576],[-74.12614,4.58534]]}},{"type":"Feature","properties":{"id":"699149520","nom":"Carrera 28","tipo":"residential"},"geometry":{"type":"LineString","coordinates":[[-74.12213,4.58556],[-74.12276,4.58538],[-74.12347,4.58518],[-74.12419,4.58498],[-74.12513,4.58471],[-74.12597,4.58446]]}},{"type":"Feature","properties":{"id":"699149533","nom":"Calle 42 Sur","tipo":"residential"},"geometry":{"type":"LineString","coordinates":[[-74.12471,4.58164],[-74.12479,4.58182],[-74.12503,4.58235],[-74.12528,4.58291],[-74.12545,4.58327],[-74.12559,4.5836],[-74.12561,4.58363]]}},{"type":"Feature","properties":{"id":"699149538","nom":"","tipo":"secondary_link"},"geometry":{"type":"LineString","coordinates":[[-74.12575,4.57923],[-74.1257,4.57922],[-74.12568,4.5792],[-74.12566,4.57919],[-74.12564,4.57915],[-74.12562,4.57911],[-74.12562,4.57907]]}},{"type":"Feature","properties":{"id":"699149932","nom":"Avenida Calle 44 Sur","tipo":"secondary"},"geometry":{"type":"LineString","coordinates":[[-74.12783,4.58489],[-74.1278,4.58482],[-74.12738,4.58382],[-74.12725,4.58352],[-74.12717,4.58331],[-74.12716,4.58328],[-74.12713,4.58322],[-74.127,4.58289],[-74.12686,4.58256]]}},{"type":"Feature","properties":{"id":"699149935","nom":"Carrera 24B","tipo":"residential"},"geometry":{"type":"LineString","coordinates":[[-74.12517,4.58035],[-74.12524,4.58033],[-74.12575,4.58018],[-74.12577,4.58018],[-74.12584,4.58016],[-74.12589,4.58014],[-74.12667,4.57992],[-74.12683,4.57987]]}},{"type":"Feature","properties":{"id":"699149936","nom":"Carrera 25A","tipo":"residential"},"geometry":{"type":"LineString","coordinates":[[-74.12092,4.5826],[-74.12223,4.58222],[-74.12299,4.58201],[-74.12463,4.58154],[-74.12466,4.58153],[-74.12477,4.5815],[-74.12487,4.58147],[-74.12558,4.58126],[-74.12614,4.5811],[-74.12616,4.5811],[-74.12623,4.58108]]}},{"type":"Feature","properties":{"id":"699150674","nom":"Carrera 27","tipo":"tertiary"},"geometry":{"type":"LineString","coordinates":[[-74.12786,4.58302],[-74.12805,4.58297],[-74.12848,4.58286],[-74.12945,4.58261],[-74.13003,4.58246]]}},{"type":"Feature","properties":{"id":"699150677","nom":"Transversal 26A Bis","tipo":"residential"},"geometry":{"type":"LineString","coordinates":[[-74.12754,4.58281],[-74.1273,4.5827],[-74.12705,4.58257],[-74.127,4.58256],[-74.12697,4.58255],[-74.12692,4.58255],[-74.12688,4.58256],[-74.12686,4.58256]]}},{"type":"Feature","properties":{"id":"699150678","nom":"","tipo":"tertiary_link"},"geometry":{"type":"LineString","coordinates":[[-74.12753,4.58311],[-74.12756,4.58304],[-74.12758,4.58299],[-74.12758,4.58295],[-74.12758,4.5829],[-74.12756,4.58286],[-74.12754,4.58281]]}},{"type":"Feature","properties":{"id":"699150679","nom":"Transversal 27 Bis","tipo":"residential"},"geometry":{"type":"LineString","coordinates":[[-74.12632,4.58344],[-74.12662,4.58359],[-74.1269,4.58373]]}},{"type":"Feature","properties":{"id":"699150681","nom":"Transversal 27 Bis","tipo":"residential"},"geometry":{"type":"LineString","coordinates":[[-74.12751,4.58356],[-74.1278,4.5831],[-74.12786,4.58302]]}},{"type":"Feature","properties":{"id":"699151397","nom":"Diagonal 43A Sur","tipo":"residential"},"geometry":{"type":"LineString","coordinates":[[-74.12832,4.58624],[-74.12819,4.58617],[-74.12785,4.586],[-74.12737,4.58578],[-74.12652,4.58539]]}},{"type":"Feature","properties":{"id":"699151400","nom":"Diagonal 41A Sur","tipo":"residential"},"geometry":{"type":"LineString","coordinates":[[-74.12628,4.5855],[-74.12618,4.58575],[-74.12601,4.58622]]}},{"type":"Feature","properties":{"id":"699151401","nom":"Calle 41 Bis A Sur","tipo":"residential"},"geometry":{"type":"LineString","coordinates":[[-74.12494,4.58429],[-74.12505,4.58467]]}},{"type":"Feature","properties":{"id":"699221514","nom":"","tipo":"trunk_link"},"geometry":{"type":"LineString","coordinates":[[-74.14542,4.59242],[-74.1455,4.59227]]}},{"type":"Feature","properties":{"id":"699222532","nom":"Carrera 54A","tipo":"residential"},"geometry":{"type":"LineString","coordinates":[[-74.14187,4.59272],[-74.14197,4.59227]]}},{"type":"Feature","properties":{"id":"699236720","nom":"Diagonal 50 Sur","tipo":"residential"},"geometry":{"type":"LineString","coordinates":[[-74.14188,4.59129],[-74.14186,4.59129],[-74.14092,4.59109],[-74.13986,4.59087]]}},{"type":"Feature","properties":{"id":"699238207","nom":"Transversal 60","tipo":"trunk"},"geometry":{"type":"LineString","coordinates":[[-74.14472,4.58795],[-74.14496,4.58856],[-74.14502,4.58871],[-74.14507,4.58886],[-74.14514,4.58906],[-74.14518,4.58925],[-74.14522,4.58944],[-74.14523,4.58963],[-74.14524,4.59],[-74.14525,4.59038],[-74.14525,4.59044],[-74.14526,4.59074],[-74.14526,4.59089],[-74.14526,4.59095]]}},{"type":"Feature","properties":{"id":"699238209","nom":"Diagonal 52 Sur","tipo":"tertiary"},"geometry":{"type":"LineString","coordinates":[[-74.14307,4.58888],[-74.14272,4.58907],[-74.14267,4.5891],[-74.14261,4.58913],[-74.14253,4.58915],[-74.14228,4.58923],[-74.14225,4.58924],[-74.14219,4.58925]]}},{"type":"Feature","properties":{"id":"699238211","nom":"Transversal 60","tipo":"trunk"},"geometry":{"type":"LineString","coordinates":[[-74.14541,4.59043],[-74.14539,4.5896],[-74.14538,4.5894],[-74.14534,4.5892],[-74.14531,4.58908],[-74.14527,4.58894],[-74.14521,4.58877]]}},{"type":"Feature","properties":{"id":"699238214","nom":"Transversal 60","tipo":"trunk"},"geometry":{"type":"LineString","coordinates":[[-74.14493,4.58777],[-74.14489,4.58769],[-74.14478,4.5874],[-74.14472,4.58723],[-74.14453,4.58675]]}},{"type":"Feature","properties":{"id":"699240964","nom":"Carrera 55A","tipo":"residential"},"geometry":{"type":"LineString","coordinates":[[-74.14453,4.59046],[-74.14447,4.59074],[-74.14445,4.59082]]}},{"type":"Feature","properties":{"id":"699240973","nom":"Transversal 44","tipo":"tertiary"},"geometry":{"type":"LineString","coordinates":[[-74.14165,4.58805],[-74.14161,4.58807],[-74.14123,4.58827],[-74.14081,4.58849],[-74.14039,4.58871],[-74.13998,4.58892],[-74.13957,4.58913],[-74.13916,4.58935],[-74.13885,4.58951],[-74.13881,4.58953],[-74.13876,4.58955]]}},{"type":"Feature","properties":{"id":"699240977","nom":"Carrera 54","tipo":"tertiary"},"geometry":{"type":"LineString","coordinates":[[-74.14161,4.58807],[-74.1416,4.58809],[-74.1416,4.5881],[-74.14159,4.58812],[-74.14159,4.58814],[-74.1416,4.58816]]}},{"type":"Feature","properties":{"id":"699240978","nom":"Diagonal 52B Sur","tipo":"residential"},"geometry":{"type":"LineString","coordinates":[[-74.1388,4.59009],[-74.13885,4.59006],[-74.13909,4.58993],[-74.13929,4.58983],[-74.14023,4.58935],[-74.14099,4.58895],[-74.14139,4.58874],[-74.14179,4.58854],[-74.1418,4.58853],[-74.14188,4.58849]]}},{"type":"Feature","properties":{"id":"699268987","nom":"Carrera 52D","tipo":"residential"},"geometry":{"type":"LineString","coordinates":[[-74.13818,4.59019],[-74.13811,4.59051]]}},{"type":"Feature","properties":{"id":"699270567","nom":"Carrera 51D","tipo":"residential"},"geometry":{"type":"LineString","coordinates":[[-74.13469,4.59173],[-74.13476,4.59139],[-74.13477,4.59133]]}},{"type":"Feature","properties":{"id":"699295266","nom":"Carrera 38","tipo":"residential"},"geometry":{"type":"LineString","coordinates":[[-74.13625,4.58974],[-74.13666,4.58952],[-74.13706,4.58931],[-74.13747,4.5891],[-74.13787,4.58889],[-74.13789,4.58888],[-74.13792,4.58886],[-74.13827,4.58868],[-74.1383,4.58866],[-74.13833,4.58864],[-74.1387,4.58845],[-74.1391,4.58824]]}},{"type":"Feature","properties":{"id":"699295267","nom":"Carrera 37","tipo":"residential"},"geometry":{"type":"LineString","coordinates":[[-74.13578,4.58883],[-74.13619,4.58862],[-74.13659,4.58841],[-74.137,4.5882],[-74.1374,4.58799],[-74.13742,4.58798],[-74.13745,4.58797],[-74.13781,4.58779],[-74.13783,4.58777],[-74.13787,4.58775],[-74.13823,4.58756],[-74.13864,4.58736],[-74.13906,4.58714],[-74.13946,4.58693]]}},{"type":"Feature","properties":{"id":"699295268","nom":"Carrera 36","tipo":"residential"},"geometry":{"type":"LineString","coordinates":[[-74.13532,4.58795],[-74.13573,4.58773],[-74.13613,4.58752],[-74.13654,4.58731],[-74.13694,4.58711],[-74.13696,4.58709],[-74.13699,4.58708],[-74.13732,4.58691],[-74.13734,4.58689],[-74.13737,4.58688],[-74.1374,4.58686],[-74.13742,4.58685],[-74.13777,4.58667],[-74.13818,4.58646],[-74.13859,4.58625],[-74.13899,4.58604]]}},{"type":"Feature","properties":{"id":"699295271","nom":"Avenida Carrera 33","tipo":"secondary"},"geometry":{"type":"LineString","coordinates":[[-74.13711,4.5849],[-74.13715,4.58489],[-74.13719,4.58486],[-74.13722,4.58483],[-74.13725,4.5848],[-74.13727,4.58477],[-74.13729,4.58473],[-74.13731,4.58467]]}},{"type":"Feature","properties":{"id":"699306685","nom":"Carrera 35","tipo":"residential"},"geometry":{"type":"LineString","coordinates":[[-74.13786,4.5855],[-74.13815,4.58535],[-74.13854,4.58515]]}},{"type":"Feature","properties":{"id":"699306689","nom":"Transversal 35B","tipo":"residential"},"geometry":{"type":"LineString","coordinates":[[-74.13964,4.58546],[-74.13963,4.58549],[-74.13962,4.58557],[-74.13956,4.58568],[-74.13949,4.58578],[-74.13947,4.58579],[-74.13941,4.58584],[-74.13939,4.58585],[-74.13934,4.58587],[-74.13925,4.5859],[-74.13915,4.5859],[-74.13906,4.58588],[-74.13897,4.58584],[-74.13887,4.58579]]}},{"type":"Feature","properties":{"id":"699306690","nom":"Transversal 35 Bis","tipo":"residential"},"geometry":{"type":"LineString","coordinates":[[-74.13873,4.58552],[-74.13875,4.58541],[-74.13879,4.58528],[-74.13885,4.58516],[-74.13894,4.58509],[-74.13908,4.58503],[-74.13918,4.58502],[-74.13928,4.58503],[-74.13932,4.58504],[-74.13935,4.58505],[-74.13941,4.58509],[-74.13946,4.58513],[-74.13952,4.58518],[-74.13954,4.5852]]}},{"type":"Feature","properties":{"id":"699310368","nom":"","tipo":"residential"},"geometry":{"type":"LineString","coordinates":[[-74.14272,4.58547],[-74.14262,4.58524],[-74.14258,4.58519]]}},{"type":"Feature","properties":{"id":"699310369","nom":"","tipo":"residential"},"geometry":{"type":"LineString","coordinates":[[-74.14314,4.58527],[-74.14327,4.5856]]}},{"type":"Feature","properties":{"id":"699310370","nom":"","tipo":"residential"},"geometry":{"type":"LineString","coordinates":[[-74.14238,4.58562],[-74.14264,4.58551],[-74.14272,4.58547],[-74.14289,4.58539],[-74.14314,4.58527]]}},{"type":"Feature","properties":{"id":"699310372","nom":"Carrera 37","tipo":"residential"},"geometry":{"type":"LineString","coordinates":[[-74.14194,4.58598],[-74.14184,4.58602]]}},{"type":"Feature","properties":{"id":"699310377","nom":"Diagonal 56 Bis Sur","tipo":"residential"},"geometry":{"type":"LineString","coordinates":[[-74.14263,4.58238],[-74.14261,4.5825],[-74.14256,4.58274],[-74.14245,4.58322],[-74.14238,4.58353],[-74.14237,4.58358],[-74.14237,4.5836],[-74.14228,4.584],[-74.14223,4.5842],[-74.14223,4.58422],[-74.14222,4.58429],[-74.14204,4.58526],[-74.142,4.58544],[-74.14192,4.58588],[-74.14194,4.58598]]}},{"type":"Feature","properties":{"id":"699310378","nom":"Diagonal 56 Bis Sur","tipo":"residential"},"geometry":{"type":"LineString","coordinates":[[-74.14263,4.58238],[-74.14271,4.58235],[-74.1428,4.58236],[-74.14286,4.58239]]}},{"type":"Feature","properties":{"id":"699312184","nom":"","tipo":"trunk_link"},"geometry":{"type":"LineString","coordinates":[[-74.14373,4.58567],[-74.1438,4.58575],[-74.14385,4.58582],[-74.14391,4.58589]]}},{"type":"Feature","properties":{"id":"699312185","nom":"","tipo":"trunk_link"},"geometry":{"type":"LineString","coordinates":[[-74.14314,4.5837],[-74.14311,4.58405]]}},{"type":"Feature","properties":{"id":"699312186","nom":"Diagonal 56 Bis Sur","tipo":"residential"},"geometry":{"type":"LineString","coordinates":[[-74.14276,4.58197],[-74.14274,4.58199],[-74.14271,4.58201],[-74.1427,4.58205],[-74.14269,4.58208],[-74.14263,4.58238]]}},{"type":"Feature","properties":{"id":"699312190","nom":"Avenida Carrera 33","tipo":"secondary"},"geometry":{"type":"LineString","coordinates":[[-74.14253,4.58031],[-74.14259,4.58026],[-74.14278,4.58009],[-74.14282,4.58005],[-74.14286,4.58],[-74.14294,4.57992],[-74.143,4.57983],[-74.14308,4.57972],[-74.14313,4.57966],[-74.1432,4.57958],[-74.14326,4.57953],[-74.14334,4.57946],[-74.1434,4.57942],[-74.14393,4.57903],[-74.14418,4.57884],[-74.14443,4.57866],[-74.14451,4.57861]]}},{"type":"Feature","properties":{"id":"699312191","nom":"Avenida Calle 56A Sur","tipo":"trunk"},"geometry":{"type":"LineString","coordinates":[[-74.1408,4.57663],[-74.14079,4.57661],[-74.14078,4.5766],[-74.14056,4.57617],[-74.14035,4.57577],[-74.14031,4.57568],[-74.14026,4.57555],[-74.14022,4.57542],[-74.14015,4.57521],[-74.1401,4.57502],[-74.13998,4.57455],[-74.13988,4.57416],[-74.13972,4.5735]]}},{"type":"Feature","properties":{"id":"699312192","nom":"","tipo":"trunk_link"},"geometry":{"type":"LineString","coordinates":[[-74.14259,4.58146],[-74.1427,4.58158],[-74.14275,4.58167],[-74.1428,4.58175]]}},{"type":"Feature","properties":{"id":"699312193","nom":"","tipo":"trunk_link"},"geometry":{"type":"LineString","coordinates":[[-74.14401,4.58573],[-74.14398,4.58538]]}},{"type":"Feature","properties":{"id":"699312194","nom":"","tipo":"trunk_link"},"geometry":{"type":"LineString","coordinates":[[-74.14293,4.58137],[-74.14277,4.58123]]}},{"type":"Feature","properties":{"id":"699312195","nom":"Avenida Calle 56A Sur","tipo":"trunk"},"geometry":{"type":"LineString","coordinates":[[-74.14206,4.57911],[-74.14202,4.57899],[-74.14198,4.5789],[-74.14185,4.57857],[-74.14171,4.57826],[-74.14158,4.57799],[-74.14155,4.57793],[-74.1415,4.57781]]}},{"type":"Feature","properties":{"id":"699312196","nom":"","tipo":"trunk_link"},"geometry":{"type":"LineString","coordinates":[[-74.14331,4.58313],[-74.14327,4.583],[-74.14323,4.58288],[-74.14319,4.58279]]}},{"type":"Feature","properties":{"id":"699319260","nom":"Diagonal 49 Sur","tipo":"residential"},"geometry":{"type":"LineString","coordinates":[[-74.14955,4.58991],[-74.14907,4.59027],[-74.14848,4.59072],[-74.14816,4.59096],[-74.14778,4.59124],[-74.14758,4.5914],[-74.14719,4.59169],[-74.14688,4.59192],[-74.14659,4.59215]]}},{"type":"Feature","properties":{"id":"699319261","nom":"Carrera 61C","tipo":"residential"},"geometry":{"type":"LineString","coordinates":[[-74.14938,4.58959],[-74.14926,4.58936],[-74.14906,4.58898],[-74.14901,4.5889]]}},{"type":"Feature","properties":{"id":"699319278","nom":"Carrera 61","tipo":"residential"},"geometry":{"type":"LineString","coordinates":[[-74.14786,4.58968],[-74.14809,4.59005],[-74.14828,4.59038],[-74.14848,4.59072]]}},{"type":"Feature","properties":{"id":"699319284","nom":"Carrera 61B","tipo":"residential"},"geometry":{"type":"LineString","coordinates":[[-74.14831,4.58865],[-74.14851,4.58912]]}},{"type":"Feature","properties":{"id":"699320505","nom":"Carrera 61","tipo":"residential"},"geometry":{"type":"LineString","coordinates":[[-74.14727,4.58793],[-74.14708,4.58745],[-74.14688,4.58695]]}},{"type":"Feature","properties":{"id":"699320510","nom":"Carrera 60F","tipo":"residential"},"geometry":{"type":"LineString","coordinates":[[-74.14642,4.58754],[-74.14628,4.58719],[-74.14615,4.58685]]}},{"type":"Feature","properties":{"id":"699320512","nom":"Carrera 60D","tipo":"residential"},"geometry":{"type":"LineString","coordinates":[[-74.14577,4.58783],[-74.14562,4.58744],[-74.14549,4.58712]]}},{"type":"Feature","properties":{"id":"699320514","nom":"Carrera 60D","tipo":"residential"},"geometry":{"type":"LineString","coordinates":[[-74.14538,4.58682],[-74.14524,4.58646]]}},{"type":"Feature","properties":{"id":"699320516","nom":"Carrera 60F","tipo":"residential"},"geometry":{"type":"LineString","coordinates":[[-74.14604,4.58658],[-74.14589,4.5862]]}},{"type":"Feature","properties":{"id":"699906762","nom":"Diagonal 46B Sur","tipo":"residential"},"geometry":{"type":"LineString","coordinates":[[-74.1289,4.5846],[-74.12955,4.58507],[-74.13019,4.58552]]}},{"type":"Feature","properties":{"id":"699906763","nom":"Calle 46 Sur","tipo":"residential"},"geometry":{"type":"LineString","coordinates":[[-74.12879,4.58452],[-74.12867,4.58374],[-74.12848,4.58286],[-74.12832,4.58196],[-74.12803,4.58056]]}},{"type":"Feature","properties":{"id":"699908675","nom":"Diagonal 45A Sur","tipo":"residential"},"geometry":{"type":"LineString","coordinates":[[-74.12803,4.58056],[-74.12788,4.58109],[-74.12769,4.5816],[-74.1273,4.5827]]}},{"type":"Feature","properties":{"id":"699908677","nom":"Carrera 24C","tipo":"residential"},"geometry":{"type":"LineString","coordinates":[[-74.12671,4.58039],[-74.12734,4.58021]]}},{"type":"Feature","properties":{"id":"699912778","nom":"Carrera 26","tipo":"residential"},"geometry":{"type":"LineString","coordinates":[[-74.12913,4.58134],[-74.12974,4.58118],[-74.13017,4.58109],[-74.13061,4.58098]]}},{"type":"Feature","properties":{"id":"699917540","nom":"","tipo":"secondary_link"},"geometry":{"type":"LineString","coordinates":[[-74.12907,4.57808],[-74.12912,4.57806],[-74.12917,4.57805],[-74.12921,4.57805],[-74.12923,4.57806],[-74.12925,4.57807],[-74.12928,4.5781],[-74.12931,4.57813],[-74.12934,4.57818]]}},{"type":"Feature","properties":{"id":"699917541","nom":"Transversal 24B","tipo":"tertiary"},"geometry":{"type":"LineString","coordinates":[[-74.12955,4.57887],[-74.12957,4.57888],[-74.1296,4.5789],[-74.1298,4.57898],[-74.12992,4.57903],[-74.12997,4.57904]]}},{"type":"Feature","properties":{"id":"699922253","nom":"Carrera 26","tipo":"residential"},"geometry":{"type":"LineString","coordinates":[[-74.13196,4.58065],[-74.13241,4.58054]]}},{"type":"Feature","properties":{"id":"699922254","nom":"Calle 48C Sur","tipo":"tertiary"},"geometry":{"type":"LineString","coordinates":[[-74.13292,4.58456],[-74.13312,4.58536],[-74.13313,4.5854],[-74.13314,4.58542],[-74.13314,4.58545]]}},{"type":"Feature","properties":{"id":"699922255","nom":"Carrera 26","tipo":"tertiary"},"geometry":{"type":"LineString","coordinates":[[-74.13061,4.58098],[-74.13105,4.58087]]}},{"type":"Feature","properties":{"id":"699922256","nom":"Calle 48 Sur","tipo":"tertiary"},"geometry":{"type":"LineString","coordinates":[[-74.13061,4.58098],[-74.13087,4.58197],[-74.13104,4.58269],[-74.1311,4.58294],[-74.13134,4.58392],[-74.13157,4.58489],[-74.13176,4.58565],[-74.13177,4.58569]]}},{"type":"Feature","properties":{"id":"699922257","nom":"Carrera 26","tipo":"residential"},"geometry":{"type":"LineString","coordinates":[[-74.1329,4.58055],[-74.13295,4.58051],[-74.1333,4.58022],[-74.13364,4.57992],[-74.134,4.57962],[-74.13436,4.57931],[-74.13463,4.57908]]}},{"type":"Feature","properties":{"id":"699925764","nom":"Calle 52B Sur","tipo":"residential"},"geometry":{"type":"LineString","coordinates":[[-74.13222,4.57618],[-74.13225,4.57625],[-74.13254,4.57696],[-74.13257,4.57702],[-74.1326,4.57706],[-74.13265,4.5771],[-74.13272,4.57713],[-74.13311,4.5773],[-74.13335,4.5774],[-74.1335,4.57746],[-74.13351,4.57749],[-74.13355,4.57757],[-74.13369,4.57793],[-74.13371,4.57796],[-74.13392,4.57849],[-74.13413,4.57903],[-74.13415,4.57908]]}},{"type":"Feature","properties":{"id":"699929486","nom":"Carrera 25","tipo":"tertiary"},"geometry":{"type":"LineString","coordinates":[[-74.13179,4.57967],[-74.13172,4.57969],[-74.13128,4.57982],[-74.13102,4.5799],[-74.13089,4.57994],[-74.13084,4.57995],[-74.13079,4.57995],[-74.13036,4.57997],[-74.12995,4.58001],[-74.12991,4.58001],[-74.12951,4.58005],[-74.12945,4.58006],[-74.12884,4.5801]]}},{"type":"Feature","properties":{"id":"699929488","nom":"Avenida Calle 56A Sur","tipo":"trunk"},"geometry":{"type":"LineString","coordinates":[[-74.13967,4.57396],[-74.13994,4.57505],[-74.14001,4.57531],[-74.14006,4.57545],[-74.14009,4.57556],[-74.14013,4.57564]]}},{"type":"Feature","properties":{"id":"699929494","nom":"Avenida Calle 56A Sur","tipo":"trunk"},"geometry":{"type":"LineString","coordinates":[[-74.13957,4.574],[-74.13966,4.57438],[-74.13971,4.57455],[-74.13976,4.57477],[-74.13979,4.57489],[-74.13984,4.57507],[-74.13991,4.57535],[-74.13995,4.57548],[-74.13999,4.5756],[-74.14006,4.57576],[-74.14009,4.57582],[-74.14013,4.57591],[-74.14016,4.57598],[-74.14042,4.57646],[-74.14054,4.5767],[-74.14056,4.57673]]}},{"type":"Feature","properties":{"id":"700332616","nom":"Avenida Carrera 24","tipo":"secondary"},"geometry":{"type":"LineString","coordinates":[[-74.13949,4.57322],[-74.13964,4.57317]]}},{"type":"Feature","properties":{"id":"700332620","nom":"","tipo":"trunk_link"},"geometry":{"type":"LineString","coordinates":[[-74.1392,4.57245],[-74.1392,4.57259],[-74.13918,4.57272],[-74.13916,4.57278],[-74.13913,4.57285],[-74.13908,4.57295],[-74.13907,4.57297],[-74.13903,4.57301],[-74.13898,4.57308],[-74.13884,4.57321],[-74.13868,4.57332],[-74.13853,4.57342],[-74.13839,4.57351],[-74.13816,4.57364]]}},{"type":"Feature","properties":{"id":"700332623","nom":"","tipo":"trunk_link"},"geometry":{"type":"LineString","coordinates":[[-74.13806,4.5738],[-74.13876,4.57358],[-74.13886,4.57355],[-74.13897,4.57354],[-74.13907,4.57355],[-74.13917,4.57357],[-74.13921,4.57359],[-74.13928,4.57363],[-74.13939,4.57371],[-74.13946,4.57379],[-74.13952,4.57388],[-74.13957,4.574]]}},{"type":"Feature","properties":{"id":"700332625","nom":"","tipo":"trunk_link"},"geometry":{"type":"LineString","coordinates":[[-74.14013,4.57564],[-74.14013,4.57591]]}},{"type":"Feature","properties":{"id":"700335779","nom":"","tipo":"trunk_link"},"geometry":{"type":"LineString","coordinates":[[-74.14014,4.57478],[-74.13998,4.57455]]}},{"type":"Feature","properties":{"id":"700622903","nom":"","tipo":"trunk_link"},"geometry":{"type":"LineString","coordinates":[[-74.14087,4.57736],[-74.14107,4.57753]]}},{"type":"Feature","properties":{"id":"700622917","nom":"Calle 55A Sur","tipo":"residential"},"geometry":{"type":"LineString","coordinates":[[-74.14237,4.58358],[-74.14222,4.5832],[-74.14186,4.58227],[-74.14151,4.58135],[-74.1415,4.58134],[-74.14146,4.58124],[-74.14144,4.58119],[-74.14113,4.58039],[-74.14077,4.57946],[-74.14041,4.57853]]}},{"type":"Feature","properties":{"id":"700623802","nom":"Calle 53A Sur","tipo":"residential"},"geometry":{"type":"LineString","coordinates":[[-74.14152,4.58776],[-74.14116,4.58685],[-74.1408,4.58591],[-74.14046,4.58497],[-74.14007,4.58404],[-74.13991,4.58359],[-74.13972,4.58309],[-74.13963,4.58289],[-74.13961,4.58284]]}},{"type":"Feature","properties":{"id":"700623803","nom":"Diagonal 52C Bis Sur","tipo":"residential"},"geometry":{"type":"LineString","coordinates":[[-74.13704,4.58099],[-74.13638,4.58024],[-74.13572,4.57949],[-74.13519,4.57885],[-74.13517,4.57883]]}},{"type":"Feature","properties":{"id":"700623806","nom":"Diagonal 52A Sur","tipo":"residential"},"geometry":{"type":"LineString","coordinates":[[-74.13583,4.5817],[-74.13531,4.58111],[-74.13466,4.58037],[-74.134,4.57962],[-74.13366,4.57923],[-74.13364,4.5792]]}},{"type":"Feature","properties":{"id":"700623807","nom":"Diagonal 52 Sur","tipo":"residential"},"geometry":{"type":"LineString","coordinates":[[-74.13629,4.58292],[-74.13606,4.58266],[-74.13562,4.58216],[-74.13497,4.58139],[-74.1343,4.58067],[-74.13364,4.57992],[-74.13316,4.57936],[-74.13313,4.57933]]}},{"type":"Feature","properties":{"id":"700623808","nom":"Diagonal 51B Sur","tipo":"residential"},"geometry":{"type":"LineString","coordinates":[[-74.13594,4.58321],[-74.13565,4.58288],[-74.13527,4.58246],[-74.13461,4.58171],[-74.13395,4.58096],[-74.1333,4.58022],[-74.13266,4.57949],[-74.13263,4.57946]]}},{"type":"Feature","properties":{"id":"700626377","nom":"Carrera 27","tipo":"residential"},"geometry":{"type":"LineString","coordinates":[[-74.14047,4.57742],[-74.14073,4.57731]]}},{"type":"Feature","properties":{"id":"700626391","nom":"Calle 56B Sur","tipo":"residential"},"geometry":{"type":"LineString","coordinates":[[-74.14221,4.5789],[-74.14235,4.5793]]}},{"type":"Feature","properties":{"id":"700626392","nom":"Calle 56D Sur","tipo":"residential"},"geometry":{"type":"LineString","coordinates":[[-74.14248,4.57879],[-74.14265,4.57918]]}},{"type":"Feature","properties":{"id":"700626393","nom":"Calle 56F Sur","tipo":"residential"},"geometry":{"type":"LineString","coordinates":[[-74.14275,4.57873],[-74.14289,4.57907]]}},{"type":"Feature","properties":{"id":"700626394","nom":"Calle 57 Sur","tipo":"residential"},"geometry":{"type":"LineString","coordinates":[[-74.143,4.57863],[-74.14314,4.57897]]}},{"type":"Feature","properties":{"id":"700626396","nom":"Carrera 29 Bis","tipo":"residential"},"geometry":{"type":"LineString","coordinates":[[-74.1431,4.57865],[-74.14336,4.57855]]}},{"type":"Feature","properties":{"id":"700630806","nom":"","tipo":"trunk_link"},"geometry":{"type":"LineString","coordinates":[[-74.1386,4.56499],[-74.13867,4.56445],[-74.13867,4.56439],[-74.13866,4.56435],[-74.13865,4.56432],[-74.13863,4.56428],[-74.13859,4.56427],[-74.13854,4.56427],[-74.13851,4.56428],[-74.13848,4.56431],[-74.13846,4.56435],[-74.13844,4.56439],[-74.13835,4.56471]]}},{"type":"Feature","properties":{"id":"700630807","nom":"","tipo":"trunk_link"},"geometry":{"type":"LineString","coordinates":[[-74.13635,4.56812],[-74.13657,4.56805],[-74.13671,4.56801],[-74.13678,4.568],[-74.13681,4.568],[-74.13683,4.568],[-74.13686,4.56801],[-74.1369,4.56803],[-74.1372,4.56817],[-74.13776,4.56846],[-74.13803,4.5686],[-74.13809,4.56863],[-74.13814,4.56867],[-74.13818,4.56871],[-74.1382,4.56874],[-74.13833,4.56902]]}},{"type":"Feature","properties":{"id":"700630808","nom":"","tipo":"trunk_link"},"geometry":{"type":"LineString","coordinates":[[-74.13805,4.56776],[-74.13802,4.56791],[-74.13799,4.56803],[-74.13795,4.56812],[-74.13789,4.56819],[-74.13784,4.56824],[-74.13778,4.56827],[-74.1377,4.56828],[-74.13762,4.56827],[-74.13753,4.56824],[-74.13744,4.56817],[-74.13739,4.5681],[-74.13737,4.56806],[-74.13736,4.56801],[-74.13736,4.56792],[-74.13737,4.56787],[-74.13739,4.56782],[-74.13742,4.56778],[-74.13745,4.56774],[-74.13751,4.56768],[-74.13759,4.56762],[-74.1376,4.56762],[-74.13766,4.56759],[-74.13773,4.56756],[-74.13778,4.56754],[-74.13791,4.56751]]}},{"type":"Feature","properties":{"id":"700630813","nom":"","tipo":"trunk_link"},"geometry":{"type":"LineString","coordinates":[[-74.13842,4.56935],[-74.13856,4.56966],[-74.13858,4.5697],[-74.13861,4.56973],[-74.13866,4.56975],[-74.13871,4.56975],[-74.13876,4.56975],[-74.13881,4.56974],[-74.13889,4.56972]]}},{"type":"Feature","properties":{"id":"700630815","nom":"","tipo":"trunk_link"},"geometry":{"type":"LineString","coordinates":[[-74.13862,4.56748],[-74.13884,4.56754],[-74.13889,4.56755],[-74.13897,4.5676],[-74.13904,4.56766],[-74.1391,4.56774],[-74.13913,4.56778],[-74.13915,4.56782],[-74.13917,4.5679],[-74.13918,4.56799],[-74.13916,4.56807],[-74.13913,4.56817],[-74.13907,4.56827],[-74.139,4.56834],[-74.13892,4.56839],[-74.13886,4.56841],[-74.13881,4.56842],[-74.13873,4.56841],[-74.13867,4.56838],[-74.13861,4.56833],[-74.13857,4.56828],[-74.13856,4.56826],[-74.1385,4.56813]]}},{"type":"Feature","properties":{"id":"700630817","nom":"","tipo":"trunk_link"},"geometry":{"type":"LineString","coordinates":[[-74.13889,4.56972],[-74.13891,4.56939],[-74.13892,4.56923],[-74.13896,4.56901],[-74.13898,4.5689],[-74.13901,4.56882],[-74.13911,4.56852],[-74.13919,4.56828],[-74.13929,4.56798],[-74.13934,4.56783],[-74.1394,4.56768],[-74.13943,4.56761],[-74.13947,4.56755],[-74.13953,4.56747],[-74.13957,4.56742],[-74.1396,4.5674],[-74.13965,4.56735],[-74.13973,4.56728]]}},{"type":"Feature","properties":{"id":"700694807","nom":"Calle 55 Sur","tipo":"tertiary"},"geometry":{"type":"LineString","coordinates":[[-74.13441,4.56895],[-74.13442,4.56893],[-74.13443,4.5689],[-74.13443,4.56888],[-74.13443,4.56886],[-74.13443,4.56883],[-74.13442,4.56879],[-74.1344,4.56875],[-74.13439,4.56873],[-74.13438,4.56871],[-74.13436,4.56869],[-74.13434,4.56866],[-74.1343,4.56863],[-74.13425,4.56858]]}},{"type":"Feature","properties":{"id":"700694813","nom":"Avenida Carrera 19C","tipo":"primary"},"geometry":{"type":"LineString","coordinates":[[-74.13862,4.56748],[-74.13868,4.56748],[-74.13885,4.56747],[-74.13898,4.56746],[-74.13907,4.56744],[-74.1392,4.56742],[-74.13954,4.56733],[-74.13973,4.56728]]}},{"type":"Feature","properties":{"id":"700694828","nom":"Calle 51 Sur","tipo":"residential"},"geometry":{"type":"LineString","coordinates":[[-74.12995,4.57027],[-74.12991,4.57024],[-74.12968,4.57001]]}},{"type":"Feature","properties":{"id":"700694829","nom":"","tipo":"tertiary_link"},"geometry":{"type":"LineString","coordinates":[[-74.12856,4.57073],[-74.12865,4.57077],[-74.12874,4.57082],[-74.12882,4.57087],[-74.1289,4.57094],[-74.12894,4.57099],[-74.12897,4.57101],[-74.12906,4.57112]]}},{"type":"Feature","properties":{"id":"700706238","nom":"Transversal 20F","tipo":"tertiary"},"geometry":{"type":"LineString","coordinates":[[-74.14303,4.56666],[-74.14305,4.5666],[-74.14345,4.56551]]}},{"type":"Feature","properties":{"id":"700706242","nom":"Carrera 22B","tipo":"tertiary"},"geometry":{"type":"LineString","coordinates":[[-74.14542,4.56752],[-74.14551,4.56747],[-74.14583,4.56733],[-74.14598,4.56726],[-74.14631,4.5671],[-74.14665,4.56695],[-74.14669,4.56693],[-74.14677,4.56689]]}},{"type":"Feature","properties":{"id":"700706245","nom":"Carrera 22B","tipo":"tertiary"},"geometry":{"type":"LineString","coordinates":[[-74.14486,4.56778],[-74.14483,4.5678],[-74.1448,4.56783],[-74.14478,4.56787],[-74.14478,4.56791],[-74.14478,4.56794]]}},{"type":"Feature","properties":{"id":"700706246","nom":"Carrera 22B","tipo":"tertiary"},"geometry":{"type":"LineString","coordinates":[[-74.1445,4.56776],[-74.14463,4.56777],[-74.14471,4.56778],[-74.14478,4.56778],[-74.14486,4.56778]]}},{"type":"Feature","properties":{"id":"700706247","nom":"Avenida Calle 61 Sur","tipo":"primary"},"geometry":{"type":"LineString","coordinates":[[-74.14077,4.56705],[-74.14145,4.56691],[-74.14164,4.56688],[-74.14173,4.56686],[-74.14187,4.56683],[-74.14199,4.5668],[-74.14211,4.56678],[-74.14221,4.56677],[-74.14231,4.56676],[-74.14242,4.56676],[-74.14253,4.56677],[-74.14268,4.56678],[-74.14272,4.56679],[-74.14282,4.56681],[-74.14293,4.56683],[-74.14303,4.56686],[-74.14309,4.56687],[-74.14314,4.56689],[-74.14325,4.56694],[-74.14336,4.567],[-74.1435,4.56707],[-74.14362,4.56714],[-74.14393,4.56736],[-74.14421,4.56755],[-74.14449,4.56775],[-74.1445,4.56776]]}},{"type":"Feature","properties":{"id":"700716018","nom":"Avenida Calle 61 Sur","tipo":"primary"},"geometry":{"type":"LineString","coordinates":[[-74.1476,4.56987],[-74.14768,4.56992]]}},{"type":"Feature","properties":{"id":"700716019","nom":"Avenida Calle 61 Sur","tipo":"primary"},"geometry":{"type":"LineString","coordinates":[[-74.14774,4.56975],[-74.14769,4.56971],[-74.14767,4.5697]]}},{"type":"Feature","properties":{"id":"700716022","nom":"Carrera 23C","tipo":"residential"},"geometry":{"type":"LineString","coordinates":[[-74.14704,4.56949],[-74.14711,4.56951],[-74.14716,4.56952],[-74.14721,4.56953],[-74.14726,4.56952],[-74.1473,4.5695],[-74.14733,4.56947]]}},{"type":"Feature","properties":{"id":"700716023","nom":"Carrera 23C","tipo":"residential"},"geometry":{"type":"LineString","coordinates":[[-74.14733,4.56947],[-74.14741,4.56973]]}},{"type":"Feature","properties":{"id":"700716024","nom":"","tipo":"primary_link"},"geometry":{"type":"LineString","coordinates":[[-74.1475,4.56959],[-74.14746,4.56959],[-74.14743,4.56961],[-74.14741,4.56964],[-74.1474,4.56967],[-74.1474,4.5697],[-74.14741,4.56973]]}},{"type":"Feature","properties":{"id":"700716033","nom":"Transversal 32","tipo":"residential"},"geometry":{"type":"LineString","coordinates":[[-74.14873,4.57214],[-74.14873,4.57225],[-74.14873,4.57352]]}},{"type":"Feature","properties":{"id":"700716036","nom":"Transversal 33","tipo":"residential"},"geometry":{"type":"LineString","coordinates":[[-74.14904,4.57138],[-74.14903,4.57169],[-74.14902,4.57227],[-74.14902,4.57355]]}},{"type":"Feature","properties":{"id":"700716037","nom":"Calle 59 Sur","tipo":"residential"},"geometry":{"type":"LineString","coordinates":[[-74.14925,4.57355],[-74.14902,4.57355]]}},{"type":"Feature","properties":{"id":"700716041","nom":"Carrera 38","tipo":"tertiary"},"geometry":{"type":"LineString","coordinates":[[-74.15101,4.57247],[-74.15094,4.57258],[-74.15067,4.57299],[-74.15048,4.57328],[-74.1504,4.5734],[-74.1503,4.57354],[-74.15016,4.57373],[-74.15009,4.57381],[-74.15,4.57389],[-74.14991,4.57395],[-74.14979,4.57399]]}},{"type":"Feature","properties":{"id":"700716042","nom":"Avenida Calle 61 Sur","tipo":"primary"},"geometry":{"type":"LineString","coordinates":[[-74.15123,4.57236],[-74.15129,4.5724],[-74.15147,4.57252],[-74.15167,4.57266],[-74.15203,4.57291],[-74.1524,4.57317],[-74.15255,4.57328],[-74.1527,4.5734],[-74.15288,4.57354],[-74.15303,4.57368],[-74.15313,4.57377],[-74.15317,4.57381],[-74.15327,4.5739],[-74.15346,4.57409],[-74.15348,4.57411],[-74.15362,4.57425],[-74.15367,4.57431],[-74.15372,4.57437],[-74.15385,4.57451]]}},{"type":"Feature","properties":{"id":"700716046","nom":"","tipo":"primary_link"},"geometry":{"type":"LineString","coordinates":[[-74.15095,4.57216],[-74.15098,4.57222],[-74.15101,4.5723],[-74.15102,4.57239],[-74.15101,4.57247]]}},{"type":"Feature","properties":{"id":"700716047","nom":"","tipo":"primary_link"},"geometry":{"type":"LineString","coordinates":[[-74.1511,4.57258],[-74.15119,4.57253],[-74.15127,4.57252],[-74.15132,4.57252],[-74.15136,4.57251],[-74.15147,4.57252]]}},{"type":"Feature","properties":{"id":"700718180","nom":"","tipo":"residential"},"geometry":{"type":"LineString","coordinates":[[-74.14978,4.57238],[-74.14977,4.57242],[-74.14974,4.57246],[-74.1497,4.57249],[-74.14966,4.57251],[-74.1496,4.57252]]}},{"type":"Feature","properties":{"id":"700718181","nom":"Calle 59A Sur","tipo":"residential"},"geometry":{"type":"LineString","coordinates":[[-74.14954,4.57258],[-74.14964,4.57278],[-74.14991,4.57318],[-74.1503,4.57354]]}},{"type":"Feature","properties":{"id":"700718193","nom":"Carrera 42 Bis","tipo":"residential"},"geometry":{"type":"LineString","coordinates":[[-74.14987,4.57451],[-74.14969,4.57458],[-74.14965,4.57461],[-74.14961,4.57464],[-74.1496,4.57466],[-74.1496,4.57467],[-74.14961,4.57471],[-74.14964,4.57482]]}},{"type":"Feature","properties":{"id":"700722180","nom":"Calle 59 Sur","tipo":"residential"},"geometry":{"type":"LineString","coordinates":[[-74.15136,4.57574],[-74.15134,4.5757],[-74.15131,4.57558],[-74.1513,4.57547],[-74.1513,4.57545],[-74.15131,4.57535],[-74.15136,4.57523],[-74.15139,4.5751]]}},{"type":"Feature","properties":{"id":"700722184","nom":"Transversal 43","tipo":"residential"},"geometry":{"type":"LineString","coordinates":[[-74.15257,4.57382],[-74.15261,4.57378],[-74.15262,4.57377],[-74.15266,4.57371],[-74.15266,4.5737],[-74.15266,4.57368],[-74.15257,4.57347]]}},{"type":"Feature","properties":{"id":"700722186","nom":"Transversal 42","tipo":"residential"},"geometry":{"type":"LineString","coordinates":[[-74.15229,4.57335],[-74.15237,4.57356]]}},{"type":"Feature","properties":{"id":"700722191","nom":"Calle 59A Sur","tipo":"residential"},"geometry":{"type":"LineString","coordinates":[[-74.15245,4.57552],[-74.15237,4.57533],[-74.1523,4.57526],[-74.15221,4.57522],[-74.15214,4.5752]]}},{"type":"Feature","properties":{"id":"700722193","nom":"Carrera 45","tipo":"residential"},"geometry":{"type":"LineString","coordinates":[[-74.15262,4.57506],[-74.1523,4.57526]]}},{"type":"Feature","properties":{"id":"700722194","nom":"Calle 60A Sur","tipo":"residential"},"geometry":{"type":"LineString","coordinates":[[-74.15309,4.5744],[-74.15291,4.57417],[-74.15273,4.57394]]}},{"type":"Feature","properties":{"id":"700722195","nom":"Carrera 43A","tipo":"residential"},"geometry":{"type":"LineString","coordinates":[[-74.15291,4.57417],[-74.15234,4.57459],[-74.15184,4.57484]]}},{"type":"Feature","properties":{"id":"700722196","nom":"Carrera 43A","tipo":"residential"},"geometry":{"type":"LineString","coordinates":[[-74.15267,4.57393],[-74.15214,4.57433],[-74.15172,4.57458]]}},{"type":"Feature","properties":{"id":"700722202","nom":"","tipo":"primary_link"},"geometry":{"type":"LineString","coordinates":[[-74.15319,4.57358],[-74.15316,4.57358],[-74.15313,4.57359],[-74.15311,4.57362],[-74.1531,4.57366],[-74.15311,4.57371],[-74.15313,4.57377]]}},{"type":"Feature","properties":{"id":"700722206","nom":"Calle 59C Sur","tipo":"tertiary"},"geometry":{"type":"LineString","coordinates":[[-74.15434,4.57807],[-74.1541,4.57755],[-74.15403,4.57738],[-74.15391,4.57709],[-74.15379,4.57682],[-74.15367,4.57652],[-74.15354,4.57622],[-74.15343,4.57598],[-74.15342,4.57594],[-74.15329,4.57567],[-74.15323,4.57554],[-74.15318,4.57542],[-74.15308,4.57519]]}},{"type":"Feature","properties":{"id":"700752856","nom":"","tipo":"secondary_link"},"geometry":{"type":"LineString","coordinates":[[-74.15148,4.58071],[-74.15159,4.58073],[-74.15164,4.58074],[-74.15168,4.58074],[-74.15173,4.58073],[-74.15176,4.58072]]}},{"type":"Feature","properties":{"id":"700752857","nom":"Avenida Carrera 51","tipo":"secondary"},"geometry":{"type":"LineString","coordinates":[[-74.15176,4.58072],[-74.15086,4.58035]]}},{"type":"Feature","properties":{"id":"700752859","nom":"Avenida Carrera 51","tipo":"secondary"},"geometry":{"type":"LineString","coordinates":[[-74.15534,4.58079],[-74.155,4.58085],[-74.1543,4.58098],[-74.15392,4.58104],[-74.15381,4.58106],[-74.15368,4.58107],[-74.15348,4.58108],[-74.1532,4.58107],[-74.15298,4.58105],[-74.1528,4.58103],[-74.15258,4.58099],[-74.1524,4.58095],[-74.15225,4.5809],[-74.15212,4.58086],[-74.1518,4.58073],[-74.15176,4.58072]]}},{"type":"Feature","properties":{"id":"700752862","nom":"Avenida Carrera 51","tipo":"secondary"},"geometry":{"type":"LineString","coordinates":[[-74.15148,4.58071],[-74.15175,4.58082],[-74.15179,4.58084],[-74.15207,4.58095],[-74.1522,4.581],[-74.15239,4.58105],[-74.1526,4.5811],[-74.1528,4.58114],[-74.15296,4.58116],[-74.15318,4.58118],[-74.15341,4.58118],[-74.15356,4.58118],[-74.1537,4.58118],[-74.15382,4.58116],[-74.15538,4.58089],[-74.15547,4.58088],[-74.15563,4.58085]]}},{"type":"Feature","properties":{"id":"700770575","nom":"Avenida Calle 68 Sur","tipo":"primary"},"geometry":{"type":"LineString","coordinates":[[-74.15622,4.57806],[-74.15617,4.57796],[-74.15606,4.57775],[-74.15563,4.57695],[-74.15557,4.57684],[-74.15542,4.57655],[-74.15532,4.57636],[-74.1551,4.57598],[-74.15493,4.57568],[-74.15485,4.57553]]}},{"type":"Feature","properties":{"id":"700773507","nom":"","tipo":"tertiary"},"geometry":{"type":"LineString","coordinates":[[-74.15447,4.57838],[-74.15449,4.57839],[-74.15451,4.57839],[-74.15454,4.57839],[-74.15457,4.57838],[-74.15459,4.57836],[-74.1546,4.57835],[-74.15461,4.57833]]}},{"type":"Feature","properties":{"id":"700773515","nom":"Calle 58A Sur","tipo":"tertiary"},"geometry":{"type":"LineString","coordinates":[[-74.15144,4.5796],[-74.15145,4.57964],[-74.15154,4.57989],[-74.15162,4.58015],[-74.15166,4.58025],[-74.15175,4.58052],[-74.15177,4.58056],[-74.15178,4.5806],[-74.15179,4.58063],[-74.15179,4.58064],[-74.15179,4.58067],[-74.15176,4.58072]]}},{"type":"Feature","properties":{"id":"700773522","nom":"Transversal 48A","tipo":"tertiary"},"geometry":{"type":"LineString","coordinates":[[-74.15145,4.57813],[-74.15144,4.57816],[-74.15143,4.57818],[-74.15139,4.57821],[-74.15131,4.57829],[-74.15127,4.57833],[-74.15112,4.57847],[-74.1511,4.57849],[-74.1511,4.57852],[-74.15109,4.57854]]}},{"type":"Feature","properties":{"id":"700773525","nom":"Calle 59 Bis Sur","tipo":"residential"},"geometry":{"type":"LineString","coordinates":[[-74.15255,4.57692],[-74.15258,4.57701],[-74.15286,4.57777]]}},{"type":"Feature","properties":{"id":"700773526","nom":"Calle 58C Sur","tipo":"residential"},"geometry":{"type":"LineString","coordinates":[[-74.15145,4.57813],[-74.15148,4.57814],[-74.1515,4.57816],[-74.15152,4.57819],[-74.15153,4.57822],[-74.15154,4.57823],[-74.15156,4.57825],[-74.15159,4.57828],[-74.15162,4.5783],[-74.15165,4.57833],[-74.15167,4.57835],[-74.15168,4.57838],[-74.15172,4.57851],[-74.152,4.57941]]}},{"type":"Feature","properties":{"id":"700773528","nom":"Calle 58B Sur","tipo":"residential"},"geometry":{"type":"LineString","coordinates":[[-74.15131,4.57829],[-74.15139,4.57844],[-74.15175,4.57949]]}},{"type":"Feature","properties":{"id":"700775204","nom":"Calle 59A Bis Sur","tipo":"residential"},"geometry":{"type":"LineString","coordinates":[[-74.15294,4.57649],[-74.15303,4.57674]]}},{"type":"Feature","properties":{"id":"700775206","nom":"Carrera 47","tipo":"residential"},"geometry":{"type":"LineString","coordinates":[[-74.15472,4.57598],[-74.15457,4.57606],[-74.15367,4.57652]]}},{"type":"Feature","properties":{"id":"700775207","nom":"Calle 60A Sur","tipo":"residential"},"geometry":{"type":"LineString","coordinates":[[-74.15482,4.5766],[-74.15469,4.57634]]}},{"type":"Feature","properties":{"id":"700775208","nom":"Calle 60A Sur","tipo":"residential"},"geometry":{"type":"LineString","coordinates":[[-74.15471,4.57633],[-74.15457,4.57606]]}},{"type":"Feature","properties":{"id":"700775209","nom":"Carrera 47A","tipo":"residential"},"geometry":{"type":"LineString","coordinates":[[-74.15487,4.57624],[-74.15471,4.57633],[-74.15469,4.57634],[-74.15379,4.57682]]}},{"type":"Feature","properties":{"id":"700775210","nom":"Carrera 46","tipo":"residential"},"geometry":{"type":"LineString","coordinates":[[-74.15439,4.57544],[-74.15342,4.57594]]}},{"type":"Feature","properties":{"id":"700775213","nom":"Carrera 45B","tipo":"residential"},"geometry":{"type":"LineString","coordinates":[[-74.15421,4.5752],[-74.15329,4.57567]]}},{"type":"Feature","properties":{"id":"700775214","nom":"Carrera 45A","tipo":"residential"},"geometry":{"type":"LineString","coordinates":[[-74.15401,4.57495],[-74.15318,4.57542]]}},{"type":"Feature","properties":{"id":"700775215","nom":"Diagonal 62 Sur","tipo":"tertiary"},"geometry":{"type":"LineString","coordinates":[[-74.15468,4.57528],[-74.15466,4.57558]]}},{"type":"Feature","properties":{"id":"701003592","nom":"Calle 59 Sur","tipo":"residential"},"geometry":{"type":"LineString","coordinates":[[-74.15476,4.59409],[-74.1556,4.59398],[-74.15605,4.59392],[-74.15648,4.59387],[-74.1569,4.59382]]}},{"type":"Feature","properties":{"id":"701003600","nom":"Calle 60 Sur","tipo":"residential"},"geometry":{"type":"LineString","coordinates":[[-74.15467,4.59325],[-74.15593,4.59309],[-74.15677,4.59298]]}},{"type":"Feature","properties":{"id":"701007792","nom":"Carrera 65","tipo":"residential"},"geometry":{"type":"LineString","coordinates":[[-74.15368,4.58791],[-74.15347,4.58791],[-74.15338,4.58788],[-74.15328,4.58784],[-74.15327,4.58783],[-74.15318,4.58774],[-74.1531,4.5876],[-74.15308,4.58754],[-74.15309,4.58745],[-74.15311,4.58736],[-74.15316,4.58723],[-74.15327,4.58705],[-74.15333,4.58694],[-74.15335,4.58686],[-74.15339,4.5867]]}},{"type":"Feature","properties":{"id":"701007800","nom":"Carrera 65","tipo":"residential"},"geometry":{"type":"LineString","coordinates":[[-74.15535,4.59026],[-74.15519,4.59005],[-74.15503,4.58983],[-74.15486,4.5896],[-74.1547,4.58938],[-74.15453,4.58912],[-74.15437,4.5889],[-74.15418,4.58866],[-74.15404,4.58845],[-74.15402,4.58842]]}},{"type":"Feature","properties":{"id":"701007801","nom":"Carrera 62","tipo":"residential"},"geometry":{"type":"LineString","coordinates":[[-74.15263,4.59122],[-74.15252,4.59096],[-74.15249,4.59092],[-74.15245,4.59085],[-74.15237,4.59074],[-74.1522,4.59052],[-74.15202,4.59029],[-74.15185,4.59006],[-74.15183,4.59003]]}},{"type":"Feature","properties":{"id":"701007802","nom":"Carrera 61","tipo":"residential"},"geometry":{"type":"LineString","coordinates":[[-74.15339,4.59183],[-74.15328,4.59183],[-74.15321,4.59181],[-74.15314,4.59179],[-74.1531,4.59177],[-74.15306,4.59173],[-74.15301,4.59168],[-74.15275,4.59139],[-74.1527,4.59134],[-74.15267,4.59128],[-74.15263,4.59122]]}},{"type":"Feature","properties":{"id":"701007803","nom":"Calle 67B Sur","tipo":"tertiary"},"geometry":{"type":"LineString","coordinates":[[-74.15177,4.59007],[-74.15183,4.59003],[-74.15188,4.58999],[-74.15251,4.58952],[-74.15255,4.58949],[-74.1526,4.58946],[-74.1533,4.58894],[-74.15402,4.58842],[-74.15476,4.58786]]}},{"type":"Feature","properties":{"id":"701007804","nom":"Calle 67B Sur","tipo":"tertiary"},"geometry":{"type":"LineString","coordinates":[[-74.15155,4.59023],[-74.15177,4.59007]]}},{"type":"Feature","properties":{"id":"703777348","nom":"Diagonal 39A Sur","tipo":"secondary"},"geometry":{"type":"LineString","coordinates":[[-74.12784,4.5926],[-74.12794,4.59264],[-74.12801,4.59267],[-74.12848,4.59282],[-74.12947,4.59314],[-74.12948,4.59314],[-74.12955,4.59317],[-74.1296,4.59319],[-74.12964,4.59322],[-74.12969,4.59327],[-74.1297,4.59328],[-74.12972,4.5933],[-74.12977,4.59332],[-74.12982,4.59334],[-74.12988,4.59335],[-74.12997,4.59334],[-74.13009,4.59333],[-74.13026,4.5933]]}},{"type":"Feature","properties":{"id":"706538009","nom":"Carrera 34F","tipo":"residential"},"geometry":{"type":"LineString","coordinates":[[-74.12622,4.59277],[-74.12626,4.5927],[-74.12639,4.59238],[-74.12652,4.59209],[-74.12665,4.59181],[-74.12667,4.59175],[-74.1267,4.59169]]}},{"type":"Feature","properties":{"id":"707041090","nom":"","tipo":"trunk_link"},"geometry":{"type":"LineString","coordinates":[[-74.12662,4.59434],[-74.12669,4.59429],[-74.12688,4.59417],[-74.12695,4.59413],[-74.12701,4.59408],[-74.12706,4.59404],[-74.12711,4.59399],[-74.12721,4.59391],[-74.12731,4.59384],[-74.12742,4.59378],[-74.12754,4.59374]]}},{"type":"Feature","properties":{"id":"712426736","nom":"Avenida Calle 36 Sur","tipo":"secondary"},"geometry":{"type":"LineString","coordinates":[[-74.11873,4.58165],[-74.11874,4.58171],[-74.11876,4.58175],[-74.11877,4.58179],[-74.11881,4.58194],[-74.11884,4.58202],[-74.11888,4.58212],[-74.11892,4.58222],[-74.11899,4.58232],[-74.11902,4.58236],[-74.11904,4.58239],[-74.11909,4.58244],[-74.1192,4.58254],[-74.11925,4.58259],[-74.1193,4.58265],[-74.11934,4.58271],[-74.11936,4.58274],[-74.11946,4.58288],[-74.11953,4.58299],[-74.11958,4.58306],[-74.11965,4.58314],[-74.11967,4.58316],[-74.1197,4.58319],[-74.11974,4.58323],[-74.11976,4.58326],[-74.12005,4.58355],[-74.12033,4.58384],[-74.12043,4.58394],[-74.12073,4.58423],[-74.12111,4.58462],[-74.12114,4.58465]]}},{"type":"Feature","properties":{"id":"712426755","nom":"Avenida Calle 36 Sur","tipo":"secondary"},"geometry":{"type":"LineString","coordinates":[[-74.12266,4.58805],[-74.1225,4.58773],[-74.12244,4.58761],[-74.12238,4.58747],[-74.12235,4.58742],[-74.12233,4.58736],[-74.12227,4.58724],[-74.12204,4.58664],[-74.12202,4.58655],[-74.12199,4.58644],[-74.12196,4.58631],[-74.12194,4.58617],[-74.12192,4.58603],[-74.12187,4.58564],[-74.12186,4.5856],[-74.12183,4.58535],[-74.12181,4.58526],[-74.12179,4.5852],[-74.12175,4.58507],[-74.12171,4.58499],[-74.12167,4.58492],[-74.12161,4.58484],[-74.12155,4.58478],[-74.12139,4.58462]]}},{"type":"Feature","properties":{"id":"712426756","nom":"Carrera 20","tipo":"residential"},"geometry":{"type":"LineString","coordinates":[[-74.11767,4.57751],[-74.11774,4.57749],[-74.11779,4.57747],[-74.11819,4.57733],[-74.11898,4.57706],[-74.11924,4.57697],[-74.11983,4.57677],[-74.12043,4.57657],[-74.12066,4.57649],[-74.12136,4.57625]]}},{"type":"Feature","properties":{"id":"712432507","nom":"Transversal 23A","tipo":"tertiary"},"geometry":{"type":"LineString","coordinates":[[-74.12754,4.57567],[-74.12793,4.57589],[-74.12794,4.5759],[-74.12845,4.57619],[-74.12885,4.57641]]}},{"type":"Feature","properties":{"id":"712432532","nom":"Transversal 22A","tipo":"tertiary"},"geometry":{"type":"LineString","coordinates":[[-74.12827,4.57437],[-74.12827,4.57443],[-74.12826,4.57448],[-74.12825,4.5745],[-74.12822,4.57452],[-74.12816,4.57454]]}},{"type":"Feature","properties":{"id":"712432533","nom":"Transversal 22A","tipo":"tertiary"},"geometry":{"type":"LineString","coordinates":[[-74.12816,4.57454],[-74.12844,4.5747]]}},{"type":"Feature","properties":{"id":"712432540","nom":"Calle 47B Sur","tipo":"tertiary"},"geometry":{"type":"LineString","coordinates":[[-74.12827,4.57437],[-74.12832,4.5745],[-74.12834,4.57456],[-74.12836,4.57461],[-74.12839,4.57465],[-74.12841,4.57467],[-74.12844,4.5747],[-74.12858,4.57478],[-74.12864,4.57481],[-74.12868,4.57485],[-74.12871,4.57489],[-74.12873,4.57497],[-74.12874,4.57499],[-74.129,4.57594],[-74.12902,4.576],[-74.12902,4.57604],[-74.12902,4.57607],[-74.12902,4.57609],[-74.12901,4.57612],[-74.12885,4.57641]]}},{"type":"Feature","properties":{"id":"712531591","nom":"Calle 41B Sur","tipo":"residential"},"geometry":{"type":"LineString","coordinates":[[-74.12136,4.57625],[-74.12123,4.57599],[-74.12123,4.57598],[-74.1212,4.57593],[-74.12119,4.57591],[-74.12118,4.5759],[-74.12116,4.5759],[-74.12114,4.57589]]}},{"type":"Feature","properties":{"id":"712531593","nom":"Carrera 19","tipo":"residential"},"geometry":{"type":"LineString","coordinates":[[-74.12114,4.57589],[-74.1211,4.57589],[-74.12106,4.57589],[-74.12102,4.57589],[-74.12099,4.5759],[-74.12091,4.57592],[-74.12032,4.57605],[-74.12031,4.57605],[-74.12017,4.57608],[-74.12015,4.57608],[-74.12007,4.5761],[-74.11999,4.57612],[-74.11963,4.5762]]}},{"type":"Feature","properties":{"id":"712531594","nom":"Carrera 22","tipo":"residential"},"geometry":{"type":"LineString","coordinates":[[-74.12202,4.57751],[-74.12118,4.5778],[-74.12089,4.57789],[-74.12027,4.5781],[-74.11971,4.5783],[-74.11935,4.57842],[-74.11859,4.57868]]}},{"type":"Feature","properties":{"id":"712531596","nom":"Carrera 23","tipo":"residential"},"geometry":{"type":"LineString","coordinates":[[-74.12243,4.57831],[-74.12111,4.57877],[-74.12072,4.57889]]}},{"type":"Feature","properties":{"id":"712531604","nom":"Carrera 19","tipo":"secondary"},"geometry":{"type":"LineString","coordinates":[[-74.12363,4.57493],[-74.12369,4.57489],[-74.12373,4.57483],[-74.12376,4.57476]]}},{"type":"Feature","properties":{"id":"712531605","nom":"Avenida Carrera 14","tipo":"secondary"},"geometry":{"type":"LineString","coordinates":[[-74.12364,4.57375],[-74.12361,4.57389],[-74.12359,4.57394],[-74.12358,4.574],[-74.12355,4.57406],[-74.12351,4.57414],[-74.12346,4.57421],[-74.12342,4.57427],[-74.12338,4.57432],[-74.12332,4.5744],[-74.12328,4.57444],[-74.12322,4.57451],[-74.12315,4.57457],[-74.12314,4.57459],[-74.12312,4.57461],[-74.12312,4.57464],[-74.12311,4.57467],[-74.12312,4.57471],[-74.12313,4.57475],[-74.12314,4.57478],[-74.12317,4.57483]]}},{"type":"Feature","properties":{"id":"712531606","nom":"Calle 44C Sur","tipo":"secondary"},"geometry":{"type":"LineString","coordinates":[[-74.12359,4.57438],[-74.12353,4.57436],[-74.12351,4.57435],[-74.12345,4.57433],[-74.12343,4.57433],[-74.12338,4.57432],[-74.12333,4.57431]]}},{"type":"Feature","properties":{"id":"712531607","nom":"Avenida Carrera 14","tipo":"primary"},"geometry":{"type":"LineString","coordinates":[[-74.12359,4.57438],[-74.12362,4.57433],[-74.12366,4.57428],[-74.12372,4.57416]]}},{"type":"Feature","properties":{"id":"712531609","nom":"Calle 44C Sur","tipo":"secondary"},"geometry":{"type":"LineString","coordinates":[[-74.12371,4.57447],[-74.12369,4.57444],[-74.12364,4.5744],[-74.12362,4.57439],[-74.12359,4.57438]]}},{"type":"Feature","properties":{"id":"712531610","nom":"Avenida Carrera 14","tipo":"primary"},"geometry":{"type":"LineString","coordinates":[[-74.12317,4.57483],[-74.12327,4.57474],[-74.12335,4.57465],[-74.12347,4.57453],[-74.12359,4.57438]]}},{"type":"Feature","properties":{"id":"712531611","nom":"Avenida Carrera 14","tipo":"primary"},"geometry":{"type":"LineString","coordinates":[[-74.12296,4.57499],[-74.12308,4.57491],[-74.12317,4.57483]]}},{"type":"Feature","properties":{"id":"712531612","nom":"Calle 43 Sur","tipo":"secondary"},"geometry":{"type":"LineString","coordinates":[[-74.12317,4.57483],[-74.12321,4.57487],[-74.12326,4.57491],[-74.12332,4.57495]]}},{"type":"Feature","properties":{"id":"712531614","nom":"Avenida Calle 44 Sur","tipo":"secondary"},"geometry":{"type":"LineString","coordinates":[[-74.12356,4.57497],[-74.12359,4.57504],[-74.12381,4.57554],[-74.12381,4.57555],[-74.12407,4.57615],[-74.12414,4.57631],[-74.12445,4.57705],[-74.12446,4.57706]]}},{"type":"Feature","properties":{"id":"712539582","nom":"Calle 44B Sur","tipo":"residential"},"geometry":{"type":"LineString","coordinates":[[-74.12535,4.57801],[-74.1257,4.57851]]}},{"type":"Feature","properties":{"id":"712539583","nom":"Avenida Calle 44 Sur","tipo":"secondary"},"geometry":{"type":"LineString","coordinates":[[-74.12521,4.57865],[-74.12519,4.57862],[-74.12503,4.57824],[-74.12486,4.57783],[-74.12485,4.57781],[-74.12461,4.57724],[-74.12452,4.57702],[-74.12452,4.57702],[-74.12421,4.57628],[-74.12413,4.5761],[-74.12388,4.57551],[-74.12387,4.57549],[-74.12366,4.57501],[-74.12363,4.57493]]}},{"type":"Feature","properties":{"id":"712539584","nom":"Avenida Calle 44 Sur","tipo":"secondary"},"geometry":{"type":"LineString","coordinates":[[-74.12577,4.58018],[-74.12595,4.58059],[-74.12616,4.5811],[-74.12622,4.58124],[-74.1265,4.5819],[-74.12651,4.58193]]}},{"type":"Feature","properties":{"id":"712539585","nom":"Transversal 23B","tipo":"tertiary"},"geometry":{"type":"LineString","coordinates":[[-74.12554,4.57929],[-74.12555,4.57924],[-74.12562,4.57907],[-74.12566,4.57893],[-74.12582,4.57848]]}},{"type":"Feature","properties":{"id":"712539586","nom":"Transversal 23 Bis","tipo":"tertiary"},"geometry":{"type":"LineString","coordinates":[[-74.12582,4.57848],[-74.12622,4.57733],[-74.12658,4.57629],[-74.12664,4.5761],[-74.1267,4.57593]]}},{"type":"Feature","properties":{"id":"712539587","nom":"Carrera 23","tipo":"residential"},"geometry":{"type":"LineString","coordinates":[[-74.1267,4.57593],[-74.12659,4.57607],[-74.12648,4.57621],[-74.12634,4.5764],[-74.12621,4.57658],[-74.12606,4.57677],[-74.12595,4.57689],[-74.1258,4.57706],[-74.12558,4.57727],[-74.12546,4.57739],[-74.12532,4.57751],[-74.12515,4.57763],[-74.12501,4.57772],[-74.12489,4.57779],[-74.12488,4.57779],[-74.12485,4.57781],[-74.12478,4.57784],[-74.12477,4.57785],[-74.12475,4.57786],[-74.12458,4.57794],[-74.12441,4.57801],[-74.1242,4.57809],[-74.12399,4.57815],[-74.12358,4.57826],[-74.12309,4.57839]]}},{"type":"Feature","properties":{"id":"712539588","nom":"Transversal 20 Bis","tipo":"residential"},"geometry":{"type":"LineString","coordinates":[[-74.12486,4.57373],[-74.12581,4.57309],[-74.12586,4.57305]]}},{"type":"Feature","properties":{"id":"712539589","nom":"Diagonal 48 Sur","tipo":"primary"},"geometry":{"type":"LineString","coordinates":[[-74.12566,4.56857],[-74.12562,4.56867],[-74.12556,4.56881],[-74.1255,4.56892],[-74.12547,4.56899],[-74.12545,4.56903],[-74.12545,4.56908],[-74.12545,4.56911],[-74.12546,4.56914],[-74.12548,4.56916],[-74.1255,4.56919],[-74.12552,4.5692],[-74.12554,4.56921],[-74.12557,4.56923]]}},{"type":"Feature","properties":{"id":"712539593","nom":"","tipo":"primary_link"},"geometry":{"type":"LineString","coordinates":[[-74.12549,4.56939],[-74.12553,4.56937],[-74.12558,4.56935],[-74.12564,4.56933],[-74.1257,4.56932],[-74.12576,4.56933]]}},{"type":"Feature","properties":{"id":"712539598","nom":"Diagonal 47A Sur","tipo":"residential"},"geometry":{"type":"LineString","coordinates":[[-74.12732,4.5711],[-74.12723,4.57105],[-74.12683,4.57085],[-74.12628,4.57057],[-74.12571,4.57028],[-74.12568,4.57026]]}},{"type":"Feature","properties":{"id":"715895354","nom":"Carrera 19B","tipo":"residential"},"geometry":{"type":"LineString","coordinates":[[-74.12956,4.56988],[-74.13163,4.56897],[-74.13166,4.56895],[-74.13169,4.56894],[-74.13371,4.5681],[-74.13522,4.56742],[-74.13544,4.56714],[-74.13584,4.56663]]}},{"type":"Feature","properties":{"id":"715895357","nom":"Diagonal 50A Sur","tipo":"residential"},"geometry":{"type":"LineString","coordinates":[[-74.12843,4.56985],[-74.12863,4.56994],[-74.12903,4.57008],[-74.12906,4.57008],[-74.1291,4.57007]]}},{"type":"Feature","properties":{"id":"715895363","nom":"Diagonal 50A Sur","tipo":"residential"},"geometry":{"type":"LineString","coordinates":[[-74.12739,4.56921],[-74.12759,4.56961]]}},{"type":"Feature","properties":{"id":"715895364","nom":"Carrera 18C","tipo":"residential"},"geometry":{"type":"LineString","coordinates":[[-74.13415,4.56533],[-74.13361,4.56599],[-74.1322,4.56673],[-74.13101,4.56735],[-74.13047,4.56763],[-74.13044,4.56765],[-74.13042,4.56766],[-74.12847,4.56866]]}},{"type":"Feature","properties":{"id":"715895365","nom":"Carrera 18C","tipo":"residential"},"geometry":{"type":"LineString","coordinates":[[-74.12847,4.56866],[-74.12739,4.56921]]}},{"type":"Feature","properties":{"id":"715895370","nom":"Carrera 18B","tipo":"residential"},"geometry":{"type":"LineString","coordinates":[[-74.12721,4.56881],[-74.12723,4.56877],[-74.12813,4.56828]]}},{"type":"Feature","properties":{"id":"715895372","nom":"Carrera 18A","tipo":"residential"},"geometry":{"type":"LineString","coordinates":[[-74.12703,4.56926],[-74.12684,4.56962],[-74.12682,4.56966]]}},{"type":"Feature","properties":{"id":"715895373","nom":"Carrera 18A","tipo":"residential"},"geometry":{"type":"LineString","coordinates":[[-74.12682,4.56863],[-74.12637,4.56937],[-74.12634,4.56941]]}},{"type":"Feature","properties":{"id":"715895375","nom":"Carrera 18A","tipo":"residential"},"geometry":{"type":"LineString","coordinates":[[-74.12691,4.56842],[-74.12695,4.56841],[-74.1278,4.56791],[-74.12916,4.56712]]}},{"type":"Feature","properties":{"id":"715895376","nom":"Diagonal 50A Sur","tipo":"residential"},"geometry":{"type":"LineString","coordinates":[[-74.12691,4.56842],[-74.12687,4.5684],[-74.12669,4.56809],[-74.12668,4.56805]]}},{"type":"Feature","properties":{"id":"715895378","nom":"Carrera 17A","tipo":"residential"},"geometry":{"type":"LineString","coordinates":[[-74.13204,4.5637],[-74.13158,4.56423],[-74.13032,4.56506],[-74.12892,4.566],[-74.1289,4.56601],[-74.12889,4.56602],[-74.12757,4.56691]]}},{"type":"Feature","properties":{"id":"715895380","nom":"Carrera 17","tipo":"residential"},"geometry":{"type":"LineString","coordinates":[[-74.12853,4.56562],[-74.12852,4.56563],[-74.12712,4.5666],[-74.12696,4.56671],[-74.12689,4.56676],[-74.12688,4.56676],[-74.12685,4.56678],[-74.12683,4.5668],[-74.1268,4.56681]]}},{"type":"Feature","properties":{"id":"715902800","nom":"Carrera 18B","tipo":"residential"},"geometry":{"type":"LineString","coordinates":[[-74.13005,4.56724],[-74.13024,4.56713],[-74.13171,4.5663],[-74.13309,4.56553],[-74.13359,4.5649]]}},{"type":"Feature","properties":{"id":"715902801","nom":"Carrera 18","tipo":"residential"},"geometry":{"type":"LineString","coordinates":[[-74.12668,4.56805],[-74.12671,4.56801],[-74.12747,4.56754],[-74.12832,4.56701],[-74.12925,4.56642],[-74.12927,4.5664],[-74.1293,4.56639],[-74.13078,4.56547],[-74.13212,4.56462],[-74.13252,4.56408]]}},{"type":"Feature","properties":{"id":"715902805","nom":"Calle 51 Sur","tipo":"residential"},"geometry":{"type":"LineString","coordinates":[[-74.12669,4.56687],[-74.12662,4.56687],[-74.12654,4.56688],[-74.12651,4.56689],[-74.12648,4.5669]]}},{"type":"Feature","properties":{"id":"715902806","nom":"Avenida Carrera 14","tipo":"primary"},"geometry":{"type":"LineString","coordinates":[[-74.12669,4.56687],[-74.12669,4.5668]]}},{"type":"Feature","properties":{"id":"715902807","nom":"Avenida Carrera 14","tipo":"primary"},"geometry":{"type":"LineString","coordinates":[[-74.12648,4.56683],[-74.12648,4.5669],[-74.12646,4.567],[-74.12644,4.56712],[-74.12642,4.56722],[-74.1264,4.5673],[-74.12637,4.56738],[-74.12633,4.56745],[-74.12629,4.56752],[-74.12626,4.56758],[-74.12623,4.56763],[-74.12608,4.56783],[-74.12597,4.56802],[-74.12596,4.56804],[-74.12581,4.56829],[-74.12572,4.56844],[-74.12566,4.56857]]}},{"type":"Feature","properties":{"id":"715902809","nom":"Carrera 13F","tipo":"tertiary"},"geometry":{"type":"LineString","coordinates":[[-74.12658,4.56618],[-74.12667,4.56611],[-74.12727,4.56565]]}},{"type":"Feature","properties":{"id":"718039030","nom":"Calle 56 Sur","tipo":"residential"},"geometry":{"type":"LineString","coordinates":[[-74.12996,4.56273],[-74.12999,4.56276],[-74.13026,4.56298],[-74.13064,4.56328]]}},{"type":"Feature","properties":{"id":"718049352","nom":"Carrera 18","tipo":"residential"},"geometry":{"type":"LineString","coordinates":[[-74.13625,4.55979],[-74.13614,4.55989],[-74.13601,4.56001],[-74.13578,4.5602],[-74.13563,4.5604]]}},{"type":"Feature","properties":{"id":"718049353","nom":"Carrera 17 Bis A","tipo":"residential"},"geometry":{"type":"LineString","coordinates":[[-74.13526,4.56012],[-74.13537,4.55994],[-74.1355,4.55971],[-74.13566,4.55944],[-74.13582,4.55918],[-74.13606,4.55879],[-74.13616,4.55861],[-74.13619,4.55858]]}},{"type":"Feature","properties":{"id":"718049354","nom":"Carrera 17","tipo":"residential"},"geometry":{"type":"LineString","coordinates":[[-74.13473,4.56038],[-74.13496,4.55991]]}},{"type":"Feature","properties":{"id":"718050176","nom":"Carrera 18D Bis","tipo":"residential"},"geometry":{"type":"LineString","coordinates":[[-74.13821,4.56271],[-74.13824,4.56256]]}},{"type":"Feature","properties":{"id":"718050183","nom":"Carrera 18C","tipo":"residential"},"geometry":{"type":"LineString","coordinates":[[-74.13861,4.56034],[-74.13864,4.56032],[-74.13889,4.56025]]}},{"type":"Feature","properties":{"id":"724796218","nom":"Avenida Calle 61 Sur","tipo":"trunk"},"geometry":{"type":"LineString","coordinates":[[-74.13933,4.56001],[-74.13932,4.55993],[-74.1393,4.55973],[-74.13928,4.55958],[-74.13925,4.55942],[-74.13923,4.55931],[-74.13923,4.55927],[-74.1392,4.55913],[-74.13916,4.55898],[-74.1391,4.55882],[-74.13902,4.55858],[-74.13897,4.55844],[-74.13891,4.5583],[-74.1389,4.55828],[-74.13885,4.55816],[-74.13879,4.55801],[-74.13875,4.55791],[-74.13872,4.5578],[-74.13867,4.55764],[-74.13859,4.55739],[-74.13851,4.55716],[-74.13847,4.55705],[-74.13828,4.55649],[-74.13822,4.55631],[-74.13816,4.5561],[-74.13803,4.55568],[-74.13793,4.55537]]}},{"type":"Feature","properties":{"id":"724796222","nom":"Calle 59 Sur","tipo":"residential"},"geometry":{"type":"LineString","coordinates":[[-74.13988,4.56344],[-74.13987,4.56352],[-74.13991,4.56371],[-74.14012,4.56398],[-74.14029,4.56418],[-74.14048,4.5644],[-74.14069,4.56464],[-74.14078,4.56474]]}},{"type":"Feature","properties":{"id":"724796223","nom":"Calle 59B","tipo":"residential"},"geometry":{"type":"LineString","coordinates":[[-74.14168,4.56436],[-74.14141,4.56417]]}},{"type":"Feature","properties":{"id":"724796224","nom":"Calle 60 Sur","tipo":"residential"},"geometry":{"type":"LineString","coordinates":[[-74.14188,4.56417],[-74.14159,4.56394]]}},{"type":"Feature","properties":{"id":"724796225","nom":"Calle 60 Sur","tipo":"residential"},"geometry":{"type":"LineString","coordinates":[[-74.14139,4.56372],[-74.14118,4.56356]]}},{"type":"Feature","properties":{"id":"724796227","nom":"Transversal 20B","tipo":"residential"},"geometry":{"type":"LineString","coordinates":[[-74.14268,4.56427],[-74.14268,4.56433],[-74.14268,4.5644],[-74.14267,4.56446],[-74.14264,4.56456],[-74.14255,4.56485]]}},{"type":"Feature","properties":{"id":"724796235","nom":"Carrera 23A","tipo":"residential"},"geometry":{"type":"LineString","coordinates":[[-74.1475,4.56831],[-74.14736,4.56851]]}},{"type":"Feature","properties":{"id":"724796236","nom":"Calle 63B Sur","tipo":"residential"},"geometry":{"type":"LineString","coordinates":[[-74.1479,4.56807],[-74.14793,4.5681],[-74.14815,4.56825]]}},{"type":"Feature","properties":{"id":"724799181","nom":"Carrera 26","tipo":"residential"},"geometry":{"type":"LineString","coordinates":[[-74.1485,4.56927],[-74.14822,4.56968]]}},{"type":"Feature","properties":{"id":"724799182","nom":"Carrera 28","tipo":"residential"},"geometry":{"type":"LineString","coordinates":[[-74.14901,4.56936],[-74.14915,4.56917],[-74.14938,4.56883],[-74.14941,4.56879]]}},{"type":"Feature","properties":{"id":"724799183","nom":"Carrera 31","tipo":"residential"},"geometry":{"type":"LineString","coordinates":[[-74.14924,4.57012],[-74.14928,4.57005],[-74.14933,4.56997]]}},{"type":"Feature","properties":{"id":"724799187","nom":"Carrera 36 Bis","tipo":"residential"},"geometry":{"type":"LineString","coordinates":[[-74.15068,4.57032],[-74.15073,4.57026],[-74.15078,4.57019]]}},{"type":"Feature","properties":{"id":"724799188","nom":"Carrera 37C Bis","tipo":"residential"},"geometry":{"type":"LineString","coordinates":[[-74.15137,4.57159],[-74.15141,4.57153],[-74.15148,4.57143]]}},{"type":"Feature","properties":{"id":"724799190","nom":"Carrera 37C Bis","tipo":"residential"},"geometry":{"type":"LineString","coordinates":[[-74.15176,4.57107],[-74.15181,4.571],[-74.15187,4.57092]]}},{"type":"Feature","properties":{"id":"724799191","nom":"Carrera 37C","tipo":"residential"},"geometry":{"type":"LineString","coordinates":[[-74.15142,4.57116],[-74.15137,4.57124],[-74.15124,4.57142],[-74.15112,4.5716],[-74.1511,4.57163]]}},{"type":"Feature","properties":{"id":"724799193","nom":"Carrera 37C","tipo":"residential"},"geometry":{"type":"LineString","coordinates":[[-74.15151,4.57105],[-74.15163,4.57088],[-74.15175,4.57071],[-74.15181,4.57062]]}},{"type":"Feature","properties":{"id":"724804143","nom":"Diagonal 68A Sur","tipo":"residential"},"geometry":{"type":"LineString","coordinates":[[-74.15408,4.57291],[-74.15399,4.57254],[-74.15396,4.57228],[-74.15393,4.57211],[-74.15389,4.57199],[-74.15387,4.57192],[-74.15384,4.57183],[-74.15376,4.57167]]}},{"type":"Feature","properties":{"id":"724804146","nom":"Diagonal 68A Sur","tipo":"residential"},"geometry":{"type":"LineString","coordinates":[[-74.15448,4.57348],[-74.15445,4.57346],[-74.15437,4.57339],[-74.15433,4.57336],[-74.1543,4.57333],[-74.15427,4.57329],[-74.1542,4.57316],[-74.1541,4.57295],[-74.15408,4.57291]]}},{"type":"Feature","properties":{"id":"724804156","nom":"Carrera 41","tipo":"residential"},"geometry":{"type":"LineString","coordinates":[[-74.15193,4.57126],[-74.15205,4.57125],[-74.1521,4.57123],[-74.15214,4.5712],[-74.15222,4.57115],[-74.15228,4.57108]]}},{"type":"Feature","properties":{"id":"726901224","nom":"Carrera 12","tipo":"residential"},"geometry":{"type":"LineString","coordinates":[[-74.12423,4.5607],[-74.12428,4.56066],[-74.1247,4.56031],[-74.12537,4.55976],[-74.12573,4.55947],[-74.1259,4.55933]]}},{"type":"Feature","properties":{"id":"726901226","nom":"Calle 52 Sur","tipo":"tertiary"},"geometry":{"type":"LineString","coordinates":[[-74.12367,4.55861],[-74.12381,4.55882],[-74.12405,4.5592],[-74.12438,4.55971],[-74.12452,4.55997],[-74.12459,4.56009],[-74.1247,4.56031],[-74.12488,4.56067],[-74.12512,4.56119],[-74.12542,4.5618],[-74.1257,4.56239],[-74.126,4.563],[-74.12629,4.56361],[-74.12655,4.56415],[-74.12677,4.56462]]}},{"type":"Feature","properties":{"id":"726915563","nom":"Carrera 12A","tipo":"residential"},"geometry":{"type":"LineString","coordinates":[[-74.12729,4.55947],[-74.12721,4.55951],[-74.12687,4.55968],[-74.12642,4.55991],[-74.12604,4.56009],[-74.12565,4.56029],[-74.12488,4.56067],[-74.12441,4.56091],[-74.12434,4.56094]]}},{"type":"Feature","properties":{"id":"726915564","nom":"Calle 54 Sur","tipo":"tertiary"},"geometry":{"type":"LineString","coordinates":[[-74.12697,4.56105],[-74.12668,4.56044],[-74.12642,4.55991],[-74.12613,4.5593]]}},{"type":"Feature","properties":{"id":"726917391","nom":"Calle 58 Sur","tipo":"residential"},"geometry":{"type":"LineString","coordinates":[[-74.12929,4.55919],[-74.12959,4.55976],[-74.12989,4.56036]]}},{"type":"Feature","properties":{"id":"726917393","nom":"Calle 54 Sur","tipo":"tertiary"},"geometry":{"type":"LineString","coordinates":[[-74.12818,4.56359],[-74.12783,4.56286],[-74.12765,4.56247]]}},{"type":"Feature","properties":{"id":"726979502","nom":"Carrera 12F","tipo":"residential"},"geometry":{"type":"LineString","coordinates":[[-74.12765,4.56197],[-74.12745,4.56206]]}},{"type":"Feature","properties":{"id":"726979503","nom":"Calle 53 Bis Sur","tipo":"residential"},"geometry":{"type":"LineString","coordinates":[[-74.12725,4.56216],[-74.12734,4.56236],[-74.12744,4.56257]]}},{"type":"Feature","properties":{"id":"726979504","nom":"Calle 54 Bis Sur","tipo":"residential"},"geometry":{"type":"LineString","coordinates":[[-74.12785,4.56238],[-74.12775,4.56216],[-74.12765,4.56197]]}},{"type":"Feature","properties":{"id":"726979506","nom":"Calle 55A Sur","tipo":"residential"},"geometry":{"type":"LineString","coordinates":[[-74.12947,4.56336],[-74.12942,4.56332],[-74.12888,4.5628]]}},{"type":"Feature","properties":{"id":"726979938","nom":"Carrera 13C","tipo":"residential"},"geometry":{"type":"LineString","coordinates":[[-74.13168,4.55967],[-74.13113,4.56029]]}},{"type":"Feature","properties":{"id":"726979941","nom":"Carrera 13D","tipo":"residential"},"geometry":{"type":"LineString","coordinates":[[-74.13212,4.56004],[-74.1315,4.56062],[-74.1312,4.56092],[-74.13092,4.5613]]}},{"type":"Feature","properties":{"id":"727186988","nom":"Avenida Calle 61 Sur","tipo":"trunk"},"geometry":{"type":"LineString","coordinates":[[-74.13753,4.55527],[-74.13755,4.55531],[-74.13773,4.55582],[-74.13782,4.5561],[-74.13806,4.55682],[-74.13815,4.55709],[-74.13822,4.55728],[-74.13839,4.55777],[-74.13844,4.55792],[-74.13863,4.55845],[-74.13871,4.55868],[-74.13879,4.5589],[-74.13886,4.55911],[-74.13888,4.55918],[-74.13888,4.55919],[-74.13891,4.55931],[-74.13891,4.55932],[-74.13894,4.55947],[-74.13895,4.55957],[-74.13897,4.55966],[-74.13898,4.55981],[-74.13898,4.55997],[-74.13899,4.56014],[-74.13899,4.56023],[-74.13898,4.56031]]}},{"type":"Feature","properties":{"id":"727186989","nom":"Avenida Carrera 19","tipo":"trunk"},"geometry":{"type":"LineString","coordinates":[[-74.13887,4.56112],[-74.13886,4.56124],[-74.13885,4.56125],[-74.13883,4.56143],[-74.13881,4.56152],[-74.13876,4.56181],[-74.13875,4.56189],[-74.13872,4.56209],[-74.13868,4.56236],[-74.13864,4.56264],[-74.13861,4.56294],[-74.13855,4.56343],[-74.13854,4.56351]]}},{"type":"Feature","properties":{"id":"727341581","nom":"Carrera 22","tipo":"residential"},"geometry":{"type":"LineString","coordinates":[[-74.14802,4.56563],[-74.14754,4.56578],[-74.14653,4.56609],[-74.14554,4.56638]]}},{"type":"Feature","properties":{"id":"727341584","nom":"Carrera 20F","tipo":"residential"},"geometry":{"type":"LineString","coordinates":[[-74.14771,4.56428],[-74.14713,4.56446],[-74.14613,4.56476],[-74.14514,4.56506],[-74.14413,4.56536],[-74.14347,4.56556]]}},{"type":"Feature","properties":{"id":"727341585","nom":"Carrera 20D","tipo":"residential"},"geometry":{"type":"LineString","coordinates":[[-74.14769,4.56379],[-74.14699,4.56402],[-74.146,4.56432],[-74.145,4.56462],[-74.144,4.56493],[-74.14323,4.56517]]}},{"type":"Feature","properties":{"id":"727341586","nom":"Carrera 20C","tipo":"tertiary"},"geometry":{"type":"LineString","coordinates":[[-74.14298,4.56476],[-74.14386,4.5645],[-74.14487,4.56419],[-74.14587,4.56389]]}},{"type":"Feature","properties":{"id":"727341587","nom":"Carrera 20B","tipo":"residential"},"geometry":{"type":"LineString","coordinates":[[-74.14779,4.56281],[-74.14673,4.56316],[-74.14574,4.56345],[-74.14474,4.56375],[-74.14373,4.56405],[-74.14273,4.56435]]}},{"type":"Feature","properties":{"id":"727341589","nom":"Carrera 19G","tipo":"residential"},"geometry":{"type":"LineString","coordinates":[[-74.15015,4.5607],[-74.15029,4.56066]]}},{"type":"Feature","properties":{"id":"727341591","nom":"Calle 68 Sur","tipo":"tertiary"},"geometry":{"type":"LineString","coordinates":[[-74.14941,4.56091],[-74.14928,4.56047]]}},{"type":"Feature","properties":{"id":"727341592","nom":"Carrera 19G","tipo":"residential"},"geometry":{"type":"LineString","coordinates":[[-74.14941,4.56091],[-74.15015,4.5607]]}},{"type":"Feature","properties":{"id":"727368758","nom":"Transversal 20F","tipo":"residential"},"geometry":{"type":"LineString","coordinates":[[-74.15329,4.56296],[-74.15339,4.563],[-74.15347,4.56304],[-74.15354,4.56308],[-74.15361,4.56313],[-74.15367,4.56319],[-74.15374,4.56327],[-74.15401,4.56362],[-74.15407,4.56369],[-74.15411,4.56374],[-74.15419,4.56381],[-74.1543,4.5639],[-74.15436,4.56394],[-74.15442,4.56398],[-74.15449,4.56401],[-74.15467,4.56407],[-74.15492,4.56415],[-74.15516,4.56422],[-74.15522,4.56424],[-74.15529,4.56427],[-74.15534,4.5643],[-74.15543,4.56435],[-74.15547,4.56438],[-74.15554,4.56445],[-74.15562,4.56452],[-74.15565,4.56456],[-74.15571,4.56463],[-74.15579,4.56473],[-74.15583,4.56477],[-74.15586,4.56481],[-74.15588,4.56484],[-74.15596,4.56493],[-74.15603,4.56499],[-74.15608,4.56504],[-74.15619,4.56514],[-74.1563,4.56524]]}},{"type":"Feature","properties":{"id":"731999566","nom":"Diagonal 68G Sur","tipo":"residential"},"geometry":{"type":"LineString","coordinates":[[-74.15428,4.57042],[-74.15478,4.57078],[-74.15487,4.57085],[-74.15492,4.57089],[-74.15493,4.57089],[-74.15496,4.57093],[-74.155,4.57098],[-74.15503,4.57102],[-74.15505,4.57105],[-74.15506,4.57108],[-74.15508,4.57114],[-74.15509,4.57118],[-74.1551,4.57121],[-74.1551,4.57124],[-74.15511,4.57129],[-74.15511,4.57133],[-74.15511,4.57136],[-74.1551,4.57137],[-74.15509,4.57149],[-74.15508,4.57155],[-74.15508,4.57159],[-74.15508,4.57162],[-74.15508,4.57169],[-74.15509,4.57175],[-74.15511,4.57183],[-74.15513,4.57188],[-74.15516,4.57195],[-74.15518,4.57198],[-74.1552,4.57201],[-74.15524,4.57205],[-74.15527,4.57209],[-74.15532,4.57213]]}},{"type":"Feature","properties":{"id":"732003136","nom":"Transversal 35","tipo":"residential"},"geometry":{"type":"LineString","coordinates":[[-74.15177,4.56894],[-74.15175,4.56893],[-74.15172,4.56892],[-74.15162,4.56891],[-74.15142,4.56889],[-74.15133,4.56889],[-74.15129,4.56888],[-74.15125,4.56886],[-74.15122,4.56883],[-74.1512,4.5688]]}},{"type":"Feature","properties":{"id":"732003141","nom":"Diagonal 67B Sur","tipo":"residential"},"geometry":{"type":"LineString","coordinates":[[-74.15104,4.56625],[-74.15108,4.56666],[-74.15108,4.56672],[-74.15111,4.56726],[-74.15111,4.56755],[-74.15113,4.56777],[-74.15115,4.56797],[-74.15116,4.56805],[-74.15118,4.56836],[-74.15118,4.5685],[-74.15118,4.56852],[-74.15119,4.5687],[-74.1512,4.5688]]}},{"type":"Feature","properties":{"id":"732003143","nom":"Diagonal 68J Sur","tipo":"residential"},"geometry":{"type":"LineString","coordinates":[[-74.15373,4.56666],[-74.15435,4.56743]]}},{"type":"Feature","properties":{"id":"732003144","nom":"Calle 68I Sur","tipo":"residential"},"geometry":{"type":"LineString","coordinates":[[-74.15364,4.56726],[-74.15373,4.56755]]}},{"type":"Feature","properties":{"id":"732003145","nom":"Calle 68H Sur","tipo":"residential"},"geometry":{"type":"LineString","coordinates":[[-74.15338,4.56734],[-74.15345,4.5676]]}},{"type":"Feature","properties":{"id":"732003146","nom":"Carrera 26","tipo":"residential"},"geometry":{"type":"LineString","coordinates":[[-74.15472,4.56578],[-74.15482,4.56572],[-74.15489,4.56568],[-74.15499,4.56563],[-74.1551,4.56559],[-74.1552,4.56554],[-74.15531,4.5655],[-74.15541,4.56547],[-74.15556,4.56543],[-74.15561,4.56541],[-74.15564,4.5654],[-74.15567,4.56537]]}},{"type":"Feature","properties":{"id":"732003150","nom":"Calle 69D Sur","tipo":"residential"},"geometry":{"type":"LineString","coordinates":[[-74.15541,4.56547],[-74.15515,4.56626],[-74.15512,4.56634],[-74.15487,4.56706],[-74.15481,4.56712]]}},{"type":"Feature","properties":{"id":"732003151","nom":"Calle 69C Bis A Sur","tipo":"residential"},"geometry":{"type":"LineString","coordinates":[[-74.1551,4.56559],[-74.15486,4.56624],[-74.15465,4.56694]]}},{"type":"Feature","properties":{"id":"732003156","nom":"Carrera 32","tipo":"residential"},"geometry":{"type":"LineString","coordinates":[[-74.15512,4.56634],[-74.15486,4.56624],[-74.15461,4.56613]]}},{"type":"Feature","properties":{"id":"732003157","nom":"Transversal 32","tipo":"residential"},"geometry":{"type":"LineString","coordinates":[[-74.15339,4.56686],[-74.15333,4.56693],[-74.15329,4.567],[-74.15324,4.56708],[-74.15321,4.56715],[-74.15319,4.56719],[-74.15317,4.56723],[-74.15315,4.56727],[-74.15312,4.5673],[-74.15309,4.56734],[-74.15306,4.56736],[-74.15303,4.56739],[-74.153,4.5674],[-74.15296,4.56742],[-74.15292,4.56742],[-74.15288,4.56742],[-74.15284,4.56742],[-74.15281,4.56741],[-74.15273,4.56738],[-74.1526,4.56733],[-74.15251,4.56729],[-74.15248,4.56729],[-74.15245,4.56728],[-74.15243,4.56728],[-74.15242,4.56729],[-74.1524,4.5673],[-74.15238,4.56732],[-74.15237,4.56736]]}},{"type":"Feature","properties":{"id":"732146760","nom":"Calle 69C Bis Sur","tipo":"residential"},"geometry":{"type":"LineString","coordinates":[[-74.15477,4.56562],[-74.15491,4.56514]]}},{"type":"Feature","properties":{"id":"732146762","nom":"Carrera 26","tipo":"residential"},"geometry":{"type":"LineString","coordinates":[[-74.15285,4.56613],[-74.15289,4.56611],[-74.15291,4.56611],[-74.15294,4.56612],[-74.15298,4.56612],[-74.15302,4.56613],[-74.15312,4.56612],[-74.15322,4.56612],[-74.15327,4.56611],[-74.15341,4.56608],[-74.15353,4.56606],[-74.15385,4.56595],[-74.15413,4.56588],[-74.15418,4.56586],[-74.15444,4.56575],[-74.15448,4.56575],[-74.15452,4.56574],[-74.15458,4.56575],[-74.15464,4.56576]]}},{"type":"Feature","properties":{"id":"732146769","nom":"Calle 69B Sur","tipo":"residential"},"geometry":{"type":"LineString","coordinates":[[-74.1538,4.56504],[-74.15365,4.56564]]}},{"type":"Feature","properties":{"id":"732146771","nom":"Transversal 23","tipo":"residential"},"geometry":{"type":"LineString","coordinates":[[-74.15277,4.56572],[-74.15311,4.56543],[-74.15333,4.56525]]}},{"type":"Feature","properties":{"id":"732146773","nom":"Transversal 20F Bis A","tipo":"tertiary"},"geometry":{"type":"LineString","coordinates":[[-74.15378,4.56382],[-74.15382,4.56394],[-74.15386,4.56403],[-74.15394,4.56418],[-74.154,4.5643],[-74.15408,4.56443],[-74.15409,4.56445],[-74.15412,4.5645],[-74.15414,4.56453],[-74.15424,4.56467],[-74.15427,4.56471],[-74.1543,4.56475],[-74.15432,4.56479],[-74.15434,4.56484],[-74.15436,4.56491],[-74.15438,4.56495],[-74.15439,4.56498]]}},{"type":"Feature","properties":{"id":"732146775","nom":"Transversal 21A","tipo":"residential"},"geometry":{"type":"LineString","coordinates":[[-74.15282,4.56429],[-74.15289,4.56427],[-74.15292,4.56426],[-74.15294,4.56425],[-74.15297,4.56424],[-74.15301,4.56423],[-74.15304,4.56422],[-74.15308,4.56422],[-74.15331,4.56428],[-74.1536,4.56439],[-74.15386,4.56448],[-74.1541,4.56453]]}},{"type":"Feature","properties":{"id":"732177389","nom":"Calle 68K Sur","tipo":"residential"},"geometry":{"type":"LineString","coordinates":[[-74.15339,4.5631],[-74.15319,4.563],[-74.15316,4.56299],[-74.15313,4.563],[-74.15311,4.56302],[-74.15284,4.56381]]}},{"type":"Feature","properties":{"id":"732177391","nom":"Calle 68J Sur","tipo":"residential"},"geometry":{"type":"LineString","coordinates":[[-74.15311,4.56288],[-74.15309,4.5629],[-74.15306,4.56291],[-74.15302,4.56291],[-74.15295,4.5629],[-74.15291,4.56289],[-74.15289,4.56289],[-74.15287,4.56291],[-74.15286,4.56292],[-74.15272,4.56335],[-74.15264,4.5636],[-74.15247,4.56403]]}},{"type":"Feature","properties":{"id":"732177394","nom":"Transversal 20F","tipo":"tertiary"},"geometry":{"type":"LineString","coordinates":[[-74.15264,4.56265],[-74.15276,4.56273],[-74.15279,4.56274],[-74.15294,4.56281],[-74.15311,4.56288],[-74.15329,4.56296]]}},{"type":"Feature","properties":{"id":"732177396","nom":"Carrera 20C","tipo":"tertiary"},"geometry":{"type":"LineString","coordinates":[[-74.14785,4.56328],[-74.14789,4.56327],[-74.14799,4.56324],[-74.14894,4.56297],[-74.14996,4.56265],[-74.15001,4.56263],[-74.15007,4.56261],[-74.15013,4.56259],[-74.15022,4.56256],[-74.15028,4.56254],[-74.15033,4.56253],[-74.15038,4.56252],[-74.15041,4.56252],[-74.1505,4.5625],[-74.1506,4.56247],[-74.15073,4.56243],[-74.1508,4.56241],[-74.15086,4.5624],[-74.15091,4.5624],[-74.15095,4.5624]]}},{"type":"Feature","properties":{"id":"732177397","nom":"Calle 68D Bis Sur","tipo":"residential"},"geometry":{"type":"LineString","coordinates":[[-74.15144,4.56322],[-74.1515,4.56343],[-74.15151,4.56347],[-74.15157,4.56366],[-74.15157,4.56371],[-74.15157,4.56378],[-74.15156,4.56386],[-74.15154,4.56393],[-74.15151,4.564],[-74.15147,4.56409]]}},{"type":"Feature","properties":{"id":"732177400","nom":"Calle 68D Sur","tipo":"residential"},"geometry":{"type":"LineString","coordinates":[[-74.15203,4.56586],[-74.15202,4.56584],[-74.15193,4.56554],[-74.15185,4.5653],[-74.15184,4.56526],[-74.15181,4.56523],[-74.15177,4.56518],[-74.15171,4.5651],[-74.15169,4.56507],[-74.15166,4.56499],[-74.15162,4.5649],[-74.15161,4.56484],[-74.15159,4.56476],[-74.15158,4.5647],[-74.15157,4.56466],[-74.15154,4.56458],[-74.15152,4.56452],[-74.15151,4.56446],[-74.15149,4.56439],[-74.15148,4.56432],[-74.15147,4.56425],[-74.15147,4.56417],[-74.15147,4.56409],[-74.15147,4.56403],[-74.15146,4.56398],[-74.15144,4.56391],[-74.15142,4.56383]]}},{"type":"Feature","properties":{"id":"732177401","nom":"Carrera 23","tipo":"residential"},"geometry":{"type":"LineString","coordinates":[[-74.15203,4.56586],[-74.152,4.56586],[-74.15198,4.56587],[-74.15195,4.56587],[-74.15186,4.5659],[-74.1515,4.56601],[-74.15125,4.5661],[-74.15113,4.56614],[-74.15109,4.56616],[-74.15101,4.56621]]}},{"type":"Feature","properties":{"id":"732177402","nom":"Carrera 23","tipo":"residential"},"geometry":{"type":"LineString","coordinates":[[-74.15082,4.56627],[-74.1509,4.56626],[-74.15101,4.56621]]}},{"type":"Feature","properties":{"id":"732232144","nom":"Calle 64B Sur","tipo":"residential"},"geometry":{"type":"LineString","coordinates":[[-74.15146,4.5696],[-74.15137,4.56954],[-74.15127,4.56948],[-74.1511,4.56936]]}},{"type":"Feature","properties":{"id":"732232147","nom":"Carrera 37","tipo":"residential"},"geometry":{"type":"LineString","coordinates":[[-74.15158,4.56943],[-74.15146,4.5696]]}},{"type":"Feature","properties":{"id":"732232148","nom":"Carrera 36","tipo":"residential"},"geometry":{"type":"LineString","coordinates":[[-74.1511,4.56936],[-74.15122,4.56918]]}},{"type":"Feature","properties":{"id":"732232150","nom":"Carrera 35","tipo":"residential"},"geometry":{"type":"LineString","coordinates":[[-74.15104,4.56906],[-74.15115,4.56889],[-74.1512,4.5688]]}},{"type":"Feature","properties":{"id":"732232157","nom":"Carrera 34","tipo":"residential"},"geometry":{"type":"LineString","coordinates":[[-74.15046,4.56952],[-74.15044,4.56955],[-74.15027,4.5698],[-74.1502,4.5699],[-74.15008,4.57008]]}},{"type":"Feature","properties":{"id":"732232160","nom":"Transversal 23","tipo":"residential"},"geometry":{"type":"LineString","coordinates":[[-74.14944,4.56719],[-74.14906,4.56745],[-74.14887,4.56758],[-74.14872,4.56771],[-74.14869,4.56774],[-74.14867,4.56779]]}},{"type":"Feature","properties":{"id":"732232161","nom":"","tipo":"residential"},"geometry":{"type":"LineString","coordinates":[[-74.14877,4.5678],[-74.14874,4.56779],[-74.14871,4.56778],[-74.14867,4.56779]]}},{"type":"Feature","properties":{"id":"732232162","nom":"Calle 66 Sur","tipo":"residential"},"geometry":{"type":"LineString","coordinates":[[-74.14957,4.56728],[-74.14974,4.56739],[-74.14991,4.5675],[-74.15009,4.56763],[-74.15029,4.56776],[-74.15052,4.56791],[-74.15087,4.56815],[-74.15118,4.56836]]}},{"type":"Feature","properties":{"id":"732232168","nom":"Carrera 23A","tipo":"residential"},"geometry":{"type":"LineString","coordinates":[[-74.14849,4.56738],[-74.14836,4.56743]]}},{"type":"Feature","properties":{"id":"732232169","nom":"Carrera 23A","tipo":"residential"},"geometry":{"type":"LineString","coordinates":[[-74.14836,4.56743],[-74.14829,4.56745]]}},{"type":"Feature","properties":{"id":"732232170","nom":"Calle 66A Sur","tipo":"residential"},"geometry":{"type":"LineString","coordinates":[[-74.14971,4.56696],[-74.14959,4.56658]]}},{"type":"Feature","properties":{"id":"732232171","nom":"Transversal 23A","tipo":"residential"},"geometry":{"type":"LineString","coordinates":[[-74.14971,4.56696],[-74.14998,4.56676],[-74.15015,4.56664]]}},{"type":"Feature","properties":{"id":"732232183","nom":"Diagonal 65A Sur","tipo":"residential"},"geometry":{"type":"LineString","coordinates":[[-74.14773,4.56636],[-74.14774,4.56638],[-74.14778,4.56639],[-74.14786,4.5664],[-74.1479,4.56641],[-74.14795,4.56644],[-74.14797,4.56648],[-74.14818,4.56709],[-74.14824,4.56729],[-74.14829,4.56745]]}},{"type":"Feature","properties":{"id":"734250390","nom":"Carrera 22A","tipo":"residential"},"geometry":{"type":"LineString","coordinates":[[-74.15162,4.56512],[-74.15152,4.56515],[-74.15127,4.56523],[-74.15101,4.56531],[-74.1508,4.56538],[-74.15075,4.56539],[-74.15066,4.56542]]}},{"type":"Feature","properties":{"id":"734250391","nom":"Calle 68D Sur","tipo":"residential"},"geometry":{"type":"LineString","coordinates":[[-74.15142,4.56383],[-74.15132,4.56348],[-74.15123,4.5632],[-74.15121,4.56311],[-74.1512,4.56306],[-74.15116,4.56292],[-74.15115,4.56286],[-74.15112,4.56282],[-74.15109,4.56276],[-74.15106,4.5627],[-74.15102,4.56266],[-74.15099,4.56262],[-74.15096,4.56259],[-74.15092,4.56256],[-74.15087,4.56254],[-74.15083,4.56252],[-74.15078,4.56251],[-74.15073,4.5625],[-74.15068,4.5625],[-74.1505,4.5625]]}},{"type":"Feature","properties":{"id":"734250393","nom":"Carrera 22","tipo":"residential"},"geometry":{"type":"LineString","coordinates":[[-74.14813,4.5656],[-74.14802,4.56563]]}},{"type":"Feature","properties":{"id":"734250399","nom":"Carrera 20F","tipo":"residential"},"geometry":{"type":"LineString","coordinates":[[-74.14785,4.56422],[-74.14771,4.56428]]}},{"type":"Feature","properties":{"id":"734260472","nom":"Calle 69B Sur","tipo":"residential"},"geometry":{"type":"LineString","coordinates":[[-74.15406,4.56416],[-74.15419,4.56381]]}},{"type":"Feature","properties":{"id":"734260473","nom":"Calle 69B Bis Sur","tipo":"residential"},"geometry":{"type":"LineString","coordinates":[[-74.15423,4.56447],[-74.15442,4.56398]]}},{"type":"Feature","properties":{"id":"734260482","nom":"Transversal 20D Bis A","tipo":"residential"},"geometry":{"type":"LineString","coordinates":[[-74.15385,4.56278],[-74.15387,4.56282],[-74.15387,4.56284],[-74.15387,4.56285],[-74.15387,4.56287],[-74.15386,4.56288],[-74.15386,4.5629],[-74.15385,4.56291],[-74.15384,4.56292],[-74.15382,4.56293],[-74.15381,4.56294],[-74.15379,4.56294],[-74.15378,4.56294],[-74.15376,4.56294],[-74.15375,4.56294],[-74.15373,4.56293],[-74.15357,4.56284],[-74.15328,4.56269]]}},{"type":"Feature","properties":{"id":"734260484","nom":"Carrera 20D","tipo":"residential"},"geometry":{"type":"LineString","coordinates":[[-74.15199,4.56249],[-74.15192,4.56251],[-74.15171,4.56256],[-74.15161,4.56261],[-74.15156,4.56268]]}},{"type":"Feature","properties":{"id":"734260486","nom":"Transversal 20D","tipo":"tertiary"},"geometry":{"type":"LineString","coordinates":[[-74.15095,4.5624],[-74.15099,4.56241],[-74.15101,4.56241],[-74.15104,4.56242],[-74.1511,4.56244],[-74.15113,4.56246],[-74.15116,4.56247],[-74.15124,4.56252],[-74.15137,4.56258],[-74.15146,4.56263],[-74.15155,4.56267],[-74.15156,4.56268],[-74.15164,4.56271],[-74.15168,4.56273],[-74.15172,4.56275],[-74.15177,4.56276],[-74.15181,4.56276],[-74.15185,4.56276]]}},{"type":"Feature","properties":{"id":"734260491","nom":"Carrera 20A","tipo":"residential"},"geometry":{"type":"LineString","coordinates":[[-74.14989,4.5617],[-74.14994,4.56169],[-74.14999,4.56168],[-74.15003,4.56166],[-74.15007,4.56163],[-74.15013,4.56159],[-74.1502,4.56155]]}},{"type":"Feature","properties":{"id":"734260492","nom":"Carrera 20A","tipo":"residential"},"geometry":{"type":"LineString","coordinates":[[-74.14976,4.56175],[-74.14989,4.5617]]}},{"type":"Feature","properties":{"id":"734260493","nom":"Calle 68A Sur","tipo":"residential"},"geometry":{"type":"LineString","coordinates":[[-74.14994,4.56169],[-74.14994,4.56177],[-74.14993,4.56181],[-74.14993,4.56185],[-74.14991,4.56191],[-74.14989,4.56198],[-74.14988,4.56206],[-74.14988,4.56214],[-74.14988,4.5622],[-74.1499,4.56225],[-74.15001,4.56263]]}},{"type":"Feature","properties":{"id":"734274198","nom":"Carrera 20","tipo":"residential"},"geometry":{"type":"LineString","coordinates":[[-74.15156,4.56074],[-74.15162,4.56073],[-74.15214,4.56057]]}},{"type":"Feature","properties":{"id":"734274199","nom":"Carrera 20","tipo":"residential"},"geometry":{"type":"LineString","coordinates":[[-74.15148,4.56077],[-74.15156,4.56074]]}},{"type":"Feature","properties":{"id":"734274207","nom":"Carrera 20","tipo":"residential"},"geometry":{"type":"LineString","coordinates":[[-74.15029,4.56113],[-74.1504,4.56109],[-74.15053,4.56105],[-74.15066,4.56101],[-74.15091,4.56094],[-74.15117,4.56086],[-74.15144,4.56078],[-74.15148,4.56077]]}},{"type":"Feature","properties":{"id":"739460827","nom":"Diagonal 45 Bis Sur","tipo":"residential"},"geometry":{"type":"LineString","coordinates":[[-74.12177,4.57203],[-74.12073,4.57202]]}},{"type":"Feature","properties":{"id":"739460830","nom":"Transversal 13I","tipo":"residential"},"geometry":{"type":"LineString","coordinates":[[-74.12204,4.57105],[-74.12194,4.57141]]}},{"type":"Feature","properties":{"id":"740855374","nom":"Transversal 13K","tipo":"residential"},"geometry":{"type":"LineString","coordinates":[[-74.12308,4.57063],[-74.12335,4.5701],[-74.12368,4.56938],[-74.12387,4.56897],[-74.12403,4.56863],[-74.12443,4.56774]]}},{"type":"Feature","properties":{"id":"740855376","nom":"Transversal 13I","tipo":"residential"},"geometry":{"type":"LineString","coordinates":[[-74.12214,4.57025],[-74.12239,4.56966],[-74.12274,4.56893],[-74.12308,4.56818],[-74.12323,4.56784],[-74.12324,4.56782],[-74.12335,4.56757],[-74.12347,4.56731]]}},{"type":"Feature","properties":{"id":"740855381","nom":"Diagonal 45B Bis A Sur","tipo":"residential"},"geometry":{"type":"LineString","coordinates":[[-74.12042,4.57049],[-74.12064,4.57054]]}},{"type":"Feature","properties":{"id":"741028865","nom":"Calle 49C Sur","tipo":"residential"},"geometry":{"type":"LineString","coordinates":[[-74.11925,4.56526],[-74.11939,4.56529],[-74.11954,4.56532],[-74.11962,4.56535],[-74.1197,4.56539],[-74.11976,4.56543],[-74.11988,4.56553],[-74.12008,4.56572],[-74.12024,4.56582],[-74.12039,4.56594],[-74.12056,4.56608],[-74.12061,4.56613],[-74.12073,4.56637],[-74.12078,4.56645],[-74.1208,4.56649],[-74.12082,4.56652],[-74.12085,4.56654],[-74.1209,4.56657],[-74.12102,4.5666],[-74.12109,4.56661],[-74.12115,4.56661],[-74.12118,4.56658]]}},{"type":"Feature","properties":{"id":"741028873","nom":"Diagonal 49 Sur","tipo":"residential"},"geometry":{"type":"LineString","coordinates":[[-74.11837,4.56669],[-74.1189,4.56681],[-74.11926,4.56687],[-74.11962,4.56695],[-74.11998,4.56703],[-74.12009,4.56707],[-74.12034,4.56716]]}},{"type":"Feature","properties":{"id":"741040457","nom":"Transversal 13F","tipo":"residential"},"geometry":{"type":"LineString","coordinates":[[-74.12068,4.56737],[-74.12049,4.56829]]}},{"type":"Feature","properties":{"id":"741040458","nom":"Transversal 13D","tipo":"residential"},"geometry":{"type":"LineString","coordinates":[[-74.12034,4.56716],[-74.12042,4.5668]]}},{"type":"Feature","properties":{"id":"741040463","nom":"Diagonal 49F Bis","tipo":"residential"},"geometry":{"type":"LineString","coordinates":[[-74.12181,4.56754],[-74.12128,4.56744]]}},{"type":"Feature","properties":{"id":"741040464","nom":"Carrera 13C","tipo":"residential"},"geometry":{"type":"LineString","coordinates":[[-74.12036,4.56662],[-74.12022,4.56672],[-74.12013,4.56678]]}},{"type":"Feature","properties":{"id":"741040476","nom":"Transversal 13H Bis A","tipo":"residential"},"geometry":{"type":"LineString","coordinates":[[-74.12278,4.56787],[-74.1228,4.56808]]}},{"type":"Feature","properties":{"id":"741040478","nom":"Transversal 13I","tipo":"residential"},"geometry":{"type":"LineString","coordinates":[[-74.12359,4.56685],[-74.12353,4.56642]]}},{"type":"Feature","properties":{"id":"741040490","nom":"Transversal 13H Bis A","tipo":"residential"},"geometry":{"type":"LineString","coordinates":[[-74.12307,4.56616],[-74.12305,4.56592]]}},{"type":"Feature","properties":{"id":"741040492","nom":"Calle 49F Sur","tipo":"residential"},"geometry":{"type":"LineString","coordinates":[[-74.12307,4.56536],[-74.12294,4.56505],[-74.12291,4.56499],[-74.12287,4.56494],[-74.12284,4.56491],[-74.1228,4.56487],[-74.12276,4.56479],[-74.12266,4.56458],[-74.12265,4.56452],[-74.12262,4.56441],[-74.12262,4.56435],[-74.12262,4.56427],[-74.12263,4.56422],[-74.12265,4.56417],[-74.12267,4.56404],[-74.12269,4.56395],[-74.12274,4.56381],[-74.12289,4.56353],[-74.12298,4.56337],[-74.1231,4.56327],[-74.12315,4.56321],[-74.12317,4.56315],[-74.12315,4.563],[-74.12314,4.56285]]}},{"type":"Feature","properties":{"id":"741040493","nom":"Transversal 13G Bis","tipo":"residential"},"geometry":{"type":"LineString","coordinates":[[-74.12235,4.56587],[-74.12232,4.56617]]}},{"type":"Feature","properties":{"id":"741040494","nom":"Transversal 13G Bis","tipo":"residential"},"geometry":{"type":"LineString","coordinates":[[-74.12226,4.56655],[-74.12229,4.56629]]}},{"type":"Feature","properties":{"id":"741040495","nom":"Diagonal 49D Bis Sur","tipo":"residential"},"geometry":{"type":"LineString","coordinates":[[-74.12278,4.56593],[-74.12235,4.56587]]}},{"type":"Feature","properties":{"id":"741040496","nom":"Transversal 13H","tipo":"residential"},"geometry":{"type":"LineString","coordinates":[[-74.12294,4.56505],[-74.12282,4.56572],[-74.12278,4.56593]]}},{"type":"Feature","properties":{"id":"741106674","nom":"Diagonal 49 Sur","tipo":"residential"},"geometry":{"type":"LineString","coordinates":[[-74.12528,4.56842],[-74.12561,4.56855],[-74.12566,4.56857]]}},{"type":"Feature","properties":{"id":"741106680","nom":"Carrera 13A","tipo":"residential"},"geometry":{"type":"LineString","coordinates":[[-74.12412,4.56469],[-74.12442,4.56453],[-74.12511,4.56418],[-74.12515,4.56415]]}},{"type":"Feature","properties":{"id":"741106683","nom":"Diagonal 49D Sur","tipo":"residential"},"geometry":{"type":"LineString","coordinates":[[-74.12493,4.56593],[-74.12517,4.56586],[-74.12539,4.56578]]}},{"type":"Feature","properties":{"id":"741106684","nom":"Calle 50A Sur","tipo":"residential"},"geometry":{"type":"LineString","coordinates":[[-74.12477,4.56587],[-74.12453,4.56537]]}},{"type":"Feature","properties":{"id":"741106685","nom":"Carrera 13C","tipo":"residential"},"geometry":{"type":"LineString","coordinates":[[-74.12525,4.56553],[-74.12504,4.56564]]}},{"type":"Feature","properties":{"id":"741106690","nom":"Carrera 13","tipo":"residential"},"geometry":{"type":"LineString","coordinates":[[-74.12266,4.56458],[-74.12257,4.56466],[-74.12248,4.5647],[-74.12241,4.56473]]}},{"type":"Feature","properties":{"id":"741106691","nom":"Calle 49D Bis B Sur","tipo":"residential"},"geometry":{"type":"LineString","coordinates":[[-74.12241,4.56473],[-74.12258,4.56506]]}},{"type":"Feature","properties":{"id":"741106692","nom":"Calle 49D Bis A Sur","tipo":"residential"},"geometry":{"type":"LineString","coordinates":[[-74.12202,4.56491],[-74.12203,4.56483],[-74.12206,4.56471],[-74.12209,4.56459],[-74.12214,4.56438],[-74.12217,4.5643],[-74.12223,4.56423],[-74.12229,4.56418],[-74.12251,4.56406],[-74.1226,4.56402],[-74.12269,4.56395]]}},{"type":"Feature","properties":{"id":"741106693","nom":"Carrera 13A","tipo":"residential"},"geometry":{"type":"LineString","coordinates":[[-74.12208,4.56552],[-74.12202,4.56556],[-74.12195,4.56557],[-74.12184,4.56557],[-74.12179,4.56558],[-74.12173,4.56559],[-74.1216,4.5656],[-74.12154,4.56565],[-74.12135,4.56576]]}},{"type":"Feature","properties":{"id":"741106694","nom":"Calle 49C Bis Sur","tipo":"residential"},"geometry":{"type":"LineString","coordinates":[[-74.12135,4.56576],[-74.12125,4.56576],[-74.12117,4.56575],[-74.12114,4.56575],[-74.12105,4.56572],[-74.12097,4.56571],[-74.12087,4.56566]]}},{"type":"Feature","properties":{"id":"741106696","nom":"Calle 49C Bis A Sur","tipo":"residential"},"geometry":{"type":"LineString","coordinates":[[-74.12154,4.56565],[-74.12128,4.56525],[-74.12125,4.56522],[-74.1212,4.56518],[-74.12112,4.56513],[-74.12102,4.56509],[-74.12097,4.56504],[-74.12094,4.56497],[-74.12092,4.56491],[-74.12092,4.56489],[-74.12092,4.56483],[-74.12093,4.56476],[-74.12096,4.56469],[-74.12099,4.56465],[-74.12102,4.5646],[-74.12104,4.56453],[-74.12105,4.56446],[-74.12107,4.56441],[-74.1211,4.56439],[-74.12117,4.56434],[-74.12124,4.56428],[-74.12126,4.56426],[-74.12125,4.56421],[-74.12123,4.56416],[-74.12118,4.56409]]}},{"type":"Feature","properties":{"id":"741106697","nom":"Calle 49D Sur","tipo":"residential"},"geometry":{"type":"LineString","coordinates":[[-74.12173,4.56559],[-74.12146,4.56516]]}},{"type":"Feature","properties":{"id":"741106698","nom":"Calle 49D Bis Sur","tipo":"residential"},"geometry":{"type":"LineString","coordinates":[[-74.12173,4.56501],[-74.12186,4.56529],[-74.12179,4.56558]]}},{"type":"Feature","properties":{"id":"741106699","nom":"Carrera 13","tipo":"residential"},"geometry":{"type":"LineString","coordinates":[[-74.12114,4.56575],[-74.1211,4.56557],[-74.12108,4.56551],[-74.12109,4.56542],[-74.12111,4.56537],[-74.12118,4.5653],[-74.12128,4.56525],[-74.12146,4.56516],[-74.12173,4.56501],[-74.12178,4.56498],[-74.12183,4.56497],[-74.12191,4.56496],[-74.12195,4.56496],[-74.12199,4.56499],[-74.12203,4.565],[-74.12207,4.565]]}},{"type":"Feature","properties":{"id":"741106700","nom":"","tipo":"residential"},"geometry":{"type":"LineString","coordinates":[[-74.12202,4.56491],[-74.12197,4.56482],[-74.12194,4.56474],[-74.12194,4.56463],[-74.12194,4.56453],[-74.12194,4.56448],[-74.12193,4.56443],[-74.12189,4.56433],[-74.12186,4.56426],[-74.12182,4.5642],[-74.12177,4.56416],[-74.12172,4.56413],[-74.12163,4.56411],[-74.12151,4.56413],[-74.12139,4.56413],[-74.12126,4.5641],[-74.12118,4.56409],[-74.12107,4.56409],[-74.12096,4.56411],[-74.12089,4.56414],[-74.12084,4.56418],[-74.12081,4.56424],[-74.12079,4.56429],[-74.12074,4.56431],[-74.1207,4.56432],[-74.12063,4.56433],[-74.1206,4.56434],[-74.12049,4.56434],[-74.12038,4.56433],[-74.12035,4.5644],[-74.12034,4.56443],[-74.12032,4.56452],[-74.1203,4.56457],[-74.12027,4.56458],[-74.12024,4.56459],[-74.1202,4.56457],[-74.12016,4.56452],[-74.12015,4.5645],[-74.12013,4.56444],[-74.12012,4.56438],[-74.12013,4.56411],[-74.12012,4.56407],[-74.12011,4.56401],[-74.12009,4.56396],[-74.12005,4.56393],[-74.12,4.5639],[-74.11992,4.56388],[-74.11981,4.56388],[-74.11978,4.56387],[-74.11976,4.56385],[-74.11975,4.5638],[-74.11979,4.56356]]}},{"type":"Feature","properties":{"id":"741106701","nom":"Carrera 13","tipo":"residential"},"geometry":{"type":"LineString","coordinates":[[-74.12303,4.56432],[-74.12336,4.56416],[-74.12362,4.56404],[-74.12391,4.5639],[-74.12403,4.56384],[-74.12437,4.56367],[-74.12456,4.56356],[-74.12462,4.56353],[-74.12465,4.56351]]}},{"type":"Feature","properties":{"id":"741106702","nom":"Carrera 13","tipo":"residential"},"geometry":{"type":"LineString","coordinates":[[-74.12465,4.56351],[-74.12471,4.56347],[-74.12473,4.56346],[-74.12475,4.56345],[-74.12478,4.56345],[-74.1248,4.56346],[-74.12482,4.56348],[-74.12486,4.56354]]}},{"type":"Feature","properties":{"id":"741106703","nom":"Carrera 13","tipo":"residential"},"geometry":{"type":"LineString","coordinates":[[-74.12482,4.56318],[-74.12477,4.56329],[-74.12465,4.56351]]}},{"type":"Feature","properties":{"id":"741106705","nom":"Carrera 12C","tipo":"residential"},"geometry":{"type":"LineString","coordinates":[[-74.12437,4.56258],[-74.12458,4.56249]]}},{"type":"Feature","properties":{"id":"741106706","nom":"Carrera 12C","tipo":"residential"},"geometry":{"type":"LineString","coordinates":[[-74.12374,4.56292],[-74.12369,4.56296],[-74.12357,4.56303],[-74.1235,4.56308],[-74.12346,4.56308]]}},{"type":"Feature","properties":{"id":"741106712","nom":"Carrera 12A","tipo":"residential"},"geometry":{"type":"LineString","coordinates":[[-74.12395,4.56105],[-74.12392,4.56111],[-74.12387,4.5612],[-74.12385,4.56124],[-74.12381,4.56127],[-74.12377,4.56131],[-74.12368,4.56137],[-74.12338,4.56151]]}},{"type":"Feature","properties":{"id":"741106713","nom":"Carrera 12","tipo":"residential"},"geometry":{"type":"LineString","coordinates":[[-74.12405,4.56083],[-74.124,4.56085],[-74.12352,4.56108]]}},{"type":"Feature","properties":{"id":"741117825","nom":"Carrera 11B","tipo":"residential"},"geometry":{"type":"LineString","coordinates":[[-74.12329,4.56018],[-74.12361,4.56003],[-74.12365,4.56001]]}},{"type":"Feature","properties":{"id":"741117826","nom":"Calle 50C Sur","tipo":"residential"},"geometry":{"type":"LineString","coordinates":[[-74.12355,4.56073],[-74.12342,4.56046],[-74.12329,4.56018]]}},{"type":"Feature","properties":{"id":"741117830","nom":"Carrera 11A","tipo":"residential"},"geometry":{"type":"LineString","coordinates":[[-74.12312,4.55969],[-74.12276,4.55987],[-74.12248,4.56001],[-74.1222,4.56015],[-74.12193,4.56029],[-74.12169,4.56041],[-74.12146,4.56052],[-74.1208,4.56082],[-74.12073,4.56086],[-74.12067,4.56091],[-74.12062,4.56096],[-74.12058,4.56104],[-74.12045,4.56132]]}},{"type":"Feature","properties":{"id":"741117835","nom":"Carrera 12A","tipo":"residential"},"geometry":{"type":"LineString","coordinates":[[-74.12231,4.562],[-74.12259,4.562]]}},{"type":"Feature","properties":{"id":"741117837","nom":"Calle 49G Sur","tipo":"residential"},"geometry":{"type":"LineString","coordinates":[[-74.12186,4.5625],[-74.12189,4.56203],[-74.1219,4.56189]]}},{"type":"Feature","properties":{"id":"741117840","nom":"Transversal 11D","tipo":"residential"},"geometry":{"type":"LineString","coordinates":[[-74.1205,4.56217],[-74.12067,4.56189],[-74.12089,4.56157],[-74.12098,4.56149]]}},{"type":"Feature","properties":{"id":"741117841","nom":"Diagonal 49C Bis A Sur","tipo":"residential"},"geometry":{"type":"LineString","coordinates":[[-74.12076,4.56241],[-74.12074,4.56269]]}},{"type":"Feature","properties":{"id":"741117868","nom":"Calle 50A Sur","tipo":"residential"},"geometry":{"type":"LineString","coordinates":[[-74.12248,4.56001],[-74.12271,4.56045]]}},{"type":"Feature","properties":{"id":"742233393","nom":"Carrera 61G","tipo":"residential"},"geometry":{"type":"LineString","coordinates":[[-74.15137,4.58927],[-74.15135,4.58921],[-74.15133,4.58919],[-74.15132,4.58917],[-74.15111,4.58903],[-74.15089,4.58887],[-74.15084,4.58883],[-74.15076,4.58875],[-74.15061,4.58856]]}},{"type":"Feature","properties":{"id":"743077286","nom":"Transversal 68D","tipo":"residential"},"geometry":{"type":"LineString","coordinates":[[-74.14525,4.59641],[-74.1452,4.59643],[-74.14513,4.59646],[-74.14508,4.59646],[-74.14478,4.59647]]}},{"type":"Feature","properties":{"id":"754967427","nom":"Avenida Carrera 53","tipo":"secondary"},"geometry":{"type":"LineString","coordinates":[[-74.1384,4.59153],[-74.13839,4.59158],[-74.13831,4.59199]]}},{"type":"Feature","properties":{"id":"754967428","nom":"Avenida Carrera 53","tipo":"secondary"},"geometry":{"type":"LineString","coordinates":[[-74.13868,4.59063],[-74.1388,4.59009],[-74.13883,4.58994]]}},{"type":"Feature","properties":{"id":"754967429","nom":"Avenida Carrera 53","tipo":"secondary"},"geometry":{"type":"LineString","coordinates":[[-74.13842,4.58981],[-74.13849,4.58984],[-74.13862,4.58988],[-74.13866,4.5899],[-74.13868,4.58991],[-74.1387,4.58993],[-74.13871,4.58995],[-74.13872,4.58997],[-74.13872,4.58999],[-74.13859,4.59061]]}},{"type":"Feature","properties":{"id":"754967430","nom":"","tipo":"residential"},"geometry":{"type":"LineString","coordinates":[[-74.13868,4.59063],[-74.13859,4.59061]]}},{"type":"Feature","properties":{"id":"754967431","nom":"Diagonal 50 Sur","tipo":"residential"},"geometry":{"type":"LineString","coordinates":[[-74.13752,4.59028],[-74.13758,4.59031],[-74.13773,4.5904],[-74.13778,4.59043],[-74.13785,4.59045],[-74.13811,4.59051],[-74.13856,4.59061],[-74.13859,4.59061]]}},{"type":"Feature","properties":{"id":"754968056","nom":"Transversal 44","tipo":"tertiary"},"geometry":{"type":"LineString","coordinates":[[-74.13684,4.59072],[-74.13684,4.5907],[-74.13684,4.59068],[-74.13685,4.59065],[-74.13688,4.59063],[-74.13691,4.5906],[-74.13741,4.59034],[-74.13752,4.59028],[-74.13824,4.58991],[-74.13831,4.58987],[-74.13834,4.58986],[-74.13842,4.58981]]}},{"type":"Feature","properties":{"id":"757373158","nom":"Transversal 19B Bis","tipo":"residential"},"geometry":{"type":"LineString","coordinates":[[-74.14405,4.56019],[-74.14421,4.56022],[-74.14454,4.56029]]}},{"type":"Feature","properties":{"id":"761292870","nom":"Avenida Carrera 24","tipo":"secondary"},"geometry":{"type":"LineString","coordinates":[[-74.12326,4.58002],[-74.12134,4.58069],[-74.12126,4.58072],[-74.12123,4.58073],[-74.12116,4.58075]]}},{"type":"Feature","properties":{"id":"761292871","nom":"Calle 42 Sur","tipo":"residential"},"geometry":{"type":"LineString","coordinates":[[-74.12381,4.57979],[-74.12385,4.57988]]}},{"type":"Feature","properties":{"id":"763952212","nom":"Calle 57 Sur","tipo":"residential"},"geometry":{"type":"LineString","coordinates":[[-74.13686,4.56742],[-74.1368,4.56738],[-74.13584,4.56663],[-74.13559,4.56644],[-74.13526,4.56619]]}},{"type":"Feature","properties":{"id":"769406321","nom":"Transversal 34A","tipo":"residential"},"geometry":{"type":"LineString","coordinates":[[-74.1269,4.58796],[-74.12693,4.58793],[-74.12723,4.58755],[-74.12728,4.58749],[-74.12735,4.58741]]}},{"type":"Feature","properties":{"id":"770634362","nom":"","tipo":"trunk_link"},"geometry":{"type":"LineString","coordinates":[[-74.14541,4.59043],[-74.14549,4.59033]]}},{"type":"Feature","properties":{"id":"770634363","nom":"","tipo":"trunk_link"},"geometry":{"type":"LineString","coordinates":[[-74.14525,4.59038],[-74.14515,4.59046]]}},{"type":"Feature","properties":{"id":"778361671","nom":"Calle 49 Sur","tipo":"residential"},"geometry":{"type":"LineString","coordinates":[[-74.13241,4.58054],[-74.13229,4.58003],[-74.13224,4.57983]]}},{"type":"Feature","properties":{"id":"812980700","nom":"Calle 60B Sur","tipo":"residential"},"geometry":{"type":"LineString","coordinates":[[-74.13578,4.5602],[-74.13537,4.55994]]}},{"type":"Feature","properties":{"id":"813294284","nom":"Calle 58C Sur","tipo":"tertiary"},"geometry":{"type":"LineString","coordinates":[[-74.15001,4.57465],[-74.15004,4.57469],[-74.15015,4.57501],[-74.15026,4.57527],[-74.15039,4.57554],[-74.1505,4.5758],[-74.15062,4.57607],[-74.15072,4.5763]]}},{"type":"Feature","properties":{"id":"813922937","nom":"Calle 50A Bis Sur","tipo":"residential"},"geometry":{"type":"LineString","coordinates":[[-74.1229,4.56053],[-74.12302,4.56052]]}},{"type":"Feature","properties":{"id":"813924176","nom":"Carrera 11C","tipo":"residential"},"geometry":{"type":"LineString","coordinates":[[-74.12342,4.56046],[-74.12317,4.56058]]}},{"type":"Feature","properties":{"id":"814005688","nom":"Avenida Calle 45A Sur","tipo":"trunk"},"geometry":{"type":"LineString","coordinates":[[-74.14622,4.59516],[-74.14632,4.59515],[-74.14642,4.59515],[-74.14652,4.59515],[-74.14665,4.59516],[-74.14684,4.59518],[-74.14756,4.59526],[-74.14804,4.59531],[-74.14816,4.59532],[-74.14844,4.59534],[-74.14865,4.59536],[-74.14913,4.59541],[-74.14963,4.59546],[-74.15017,4.59552],[-74.15077,4.59559],[-74.15083,4.59559],[-74.15086,4.59559],[-74.15089,4.5956],[-74.15105,4.59561],[-74.15131,4.59564],[-74.1516,4.59566],[-74.15188,4.59569],[-74.15201,4.59572],[-74.15213,4.59576],[-74.15221,4.59579]]}},{"type":"Feature","properties":{"id":"814005689","nom":"Avenida Calle 45A Sur","tipo":"trunk"},"geometry":{"type":"LineString","coordinates":[[-74.14409,4.59529],[-74.14387,4.59531],[-74.14367,4.59533],[-74.14353,4.59535],[-74.14289,4.59542],[-74.1426,4.59546],[-74.14222,4.59549]]}},{"type":"Feature","properties":{"id":"884207974","nom":"Calle 59A Sur","tipo":"residential"},"geometry":{"type":"LineString","coordinates":[[-74.14012,4.5635],[-74.14,4.56346],[-74.13988,4.56344],[-74.13967,4.56345],[-74.13894,4.56333]]}},{"type":"Feature","properties":{"id":"884207983","nom":"Avenida Carrera 33","tipo":"secondary"},"geometry":{"type":"LineString","coordinates":[[-74.14477,4.57837],[-74.14463,4.57843],[-74.14451,4.57848],[-74.1444,4.57855],[-74.14432,4.57861],[-74.14345,4.57925],[-74.14333,4.57933],[-74.14321,4.57942],[-74.14319,4.57943]]}},{"type":"Feature","properties":{"id":"906030127","nom":"Avenida Carrera 24","tipo":"secondary"},"geometry":{"type":"LineString","coordinates":[[-74.12553,4.57941],[-74.1266,4.57911]]}},{"type":"Feature","properties":{"id":"906030128","nom":"Avenida Carrera 24","tipo":"secondary"},"geometry":{"type":"LineString","coordinates":[[-74.1266,4.57911],[-74.12718,4.57894],[-74.12747,4.57886],[-74.12755,4.57884]]}},{"type":"Feature","properties":{"id":"906030129","nom":"Avenida Calle 44 Sur","tipo":"secondary"},"geometry":{"type":"LineString","coordinates":[[-74.12548,4.5793],[-74.12547,4.57927],[-74.12543,4.57919],[-74.12521,4.57865]]}},{"type":"Feature","properties":{"id":"906030130","nom":"Avenida Calle 44 Sur","tipo":"secondary"},"geometry":{"type":"LineString","coordinates":[[-74.12553,4.57941],[-74.12551,4.57937]]}},{"type":"Feature","properties":{"id":"906030131","nom":"Avenida Calle 44 Sur","tipo":"secondary"},"geometry":{"type":"LineString","coordinates":[[-74.12584,4.58016],[-74.12579,4.58003],[-74.12559,4.57957],[-74.12553,4.57941]]}},{"type":"Feature","properties":{"id":"906121992","nom":"Avenida Carrera 72","tipo":"trunk"},"geometry":{"type":"LineString","coordinates":[[-74.14404,4.60128],[-74.14407,4.60119],[-74.14417,4.60091],[-74.14439,4.60029],[-74.14459,4.59975],[-74.14478,4.59927]]}},{"type":"Feature","properties":{"id":"909491701","nom":"Avenida Calle 45A Sur","tipo":"trunk"},"geometry":{"type":"LineString","coordinates":[[-74.1343,4.59414],[-74.13401,4.59407],[-74.13368,4.59401],[-74.13293,4.5939],[-74.13269,4.59387],[-74.13196,4.59372]]}},{"type":"Feature","properties":{"id":"913457319","nom":"Avenida Carrera 50","tipo":"secondary"},"geometry":{"type":"LineString","coordinates":[[-74.12492,4.59802],[-74.12435,4.5987],[-74.12387,4.59928],[-74.12386,4.5993],[-74.12384,4.59932]]}},{"type":"Feature","properties":{"id":"913457320","nom":"Calle 37A Sur","tipo":"residential"},"geometry":{"type":"LineString","coordinates":[[-74.1252,4.59767],[-74.12516,4.59763],[-74.12512,4.59758],[-74.12482,4.59729],[-74.12474,4.59721],[-74.12468,4.59712],[-74.12462,4.59703]]}},{"type":"Feature","properties":{"id":"914653073","nom":"Calle 59C Sur","tipo":"tertiary"},"geometry":{"type":"LineString","coordinates":[[-74.15434,4.57807],[-74.15444,4.57827]]}},{"type":"Feature","properties":{"id":"916540353","nom":"Avenida Calle 44 Sur","tipo":"secondary"},"geometry":{"type":"LineString","coordinates":[[-74.12514,4.57867],[-74.12523,4.57887],[-74.12524,4.57891],[-74.12536,4.57919],[-74.1254,4.57928],[-74.12541,4.57932]]}},{"type":"Feature","properties":{"id":"916540354","nom":"Carrera 23B","tipo":"residential"},"geometry":{"type":"LineString","coordinates":[[-74.12514,4.57867],[-74.12512,4.57868],[-74.12495,4.57872],[-74.12431,4.57891],[-74.12348,4.57915]]}},{"type":"Feature","properties":{"id":"916540355","nom":"Carrera 23B","tipo":"residential"},"geometry":{"type":"LineString","coordinates":[[-74.12521,4.57865],[-74.12514,4.57867]]}},{"type":"Feature","properties":{"id":"918019160","nom":"Avenida Carrera 24","tipo":"secondary"},"geometry":{"type":"LineString","coordinates":[[-74.12548,4.5793],[-74.12541,4.57932]]}},{"type":"Feature","properties":{"id":"918019641","nom":"Avenida Calle 44 Sur","tipo":"secondary"},"geometry":{"type":"LineString","coordinates":[[-74.12541,4.57932],[-74.12546,4.57943]]}},{"type":"Feature","properties":{"id":"918027752","nom":"Avenida Carrera 33","tipo":"secondary"},"geometry":{"type":"LineString","coordinates":[[-74.13233,4.58572],[-74.13315,4.58558],[-74.13319,4.58557],[-74.13321,4.58557],[-74.13326,4.58556]]}},{"type":"Feature","properties":{"id":"918027753","nom":"Avenida Carrera 33","tipo":"secondary"},"geometry":{"type":"LineString","coordinates":[[-74.13134,4.58589],[-74.13147,4.58587],[-74.13233,4.58572]]}},{"type":"Feature","properties":{"id":"918027754","nom":"Calle 47B Sur","tipo":"residential"},"geometry":{"type":"LineString","coordinates":[[-74.13131,4.58577],[-74.13134,4.58589]]}},{"type":"Feature","properties":{"id":"918027755","nom":"Avenida Carrera 33","tipo":"secondary"},"geometry":{"type":"LineString","coordinates":[[-74.13131,4.58577],[-74.13086,4.58585],[-74.13066,4.58588],[-74.13044,4.58591],[-74.13027,4.58594],[-74.13013,4.58597],[-74.12994,4.58602],[-74.12978,4.58608],[-74.12964,4.58614],[-74.12945,4.58622],[-74.12917,4.58635],[-74.12907,4.58641],[-74.12899,4.58645],[-74.12887,4.58653],[-74.12878,4.58658],[-74.12865,4.58665],[-74.12859,4.58667]]}},{"type":"Feature","properties":{"id":"918027756","nom":"Avenida Carrera 33","tipo":"secondary"},"geometry":{"type":"LineString","coordinates":[[-74.13177,4.58569],[-74.13131,4.58577]]}},{"type":"Feature","properties":{"id":"935336719","nom":"Calle 54A Sur","tipo":"residential"},"geometry":{"type":"LineString","coordinates":[[-74.1423,4.58639],[-74.14204,4.58616],[-74.14194,4.58598]]}},{"type":"Feature","properties":{"id":"935336720","nom":"Calle 54A Sur","tipo":"residential"},"geometry":{"type":"LineString","coordinates":[[-74.14324,4.58724],[-74.14322,4.58722],[-74.14313,4.58713]]}},{"type":"Feature","properties":{"id":"935522239","nom":"Calle 54 Sur","tipo":"residential"},"geometry":{"type":"LineString","coordinates":[[-74.14166,4.58557],[-74.14184,4.58602],[-74.14202,4.5865],[-74.14216,4.58683],[-74.14238,4.58736],[-74.1424,4.58744],[-74.14245,4.58759],[-74.14246,4.58762]]}},{"type":"Feature","properties":{"id":"935525613","nom":"Diagonal 46 Sur","tipo":"residential"},"geometry":{"type":"LineString","coordinates":[[-74.1392,4.59409],[-74.13807,4.59385],[-74.13803,4.59384]]}},{"type":"Feature","properties":{"id":"936426247","nom":"Avenida Carrera 27","tipo":"secondary"},"geometry":{"type":"LineString","coordinates":[[-74.11875,4.58905],[-74.11904,4.58912],[-74.11927,4.58918],[-74.11945,4.58923],[-74.11961,4.58926],[-74.11975,4.58929],[-74.12027,4.58937],[-74.12063,4.58943]]}},{"type":"Feature","properties":{"id":"936806654","nom":"Calle 44 Sur","tipo":"tertiary"},"geometry":{"type":"LineString","coordinates":[[-74.14161,4.59664],[-74.14207,4.597],[-74.14215,4.59706],[-74.14234,4.5972],[-74.14273,4.5975],[-74.14309,4.59778]]}},{"type":"Feature","properties":{"id":"936806655","nom":"Calle 44 Sur","tipo":"tertiary"},"geometry":{"type":"LineString","coordinates":[[-74.1411,4.59626],[-74.14161,4.59664]]}},{"type":"Feature","properties":{"id":"936817067","nom":"Avenida Carrera 50","tipo":"secondary"},"geometry":{"type":"LineString","coordinates":[[-74.12644,4.59399],[-74.12645,4.59402],[-74.12647,4.59407],[-74.12648,4.59412],[-74.12647,4.5942],[-74.12645,4.59434],[-74.12642,4.59447]]}},{"type":"Feature","properties":{"id":"937301529","nom":"Calle 49A Sur","tipo":"residential"},"geometry":{"type":"LineString","coordinates":[[-74.13486,4.58706],[-74.13439,4.58616],[-74.13418,4.58573],[-74.13409,4.5855],[-74.13408,4.58546],[-74.13407,4.58542]]}},{"type":"Feature","properties":{"id":"938613406","nom":"Calle 59 Sur","tipo":"residential"},"geometry":{"type":"LineString","coordinates":[[-74.15139,4.5751],[-74.15139,4.57501],[-74.15137,4.57493],[-74.15132,4.5748],[-74.1513,4.57476],[-74.15121,4.57456]]}},{"type":"Feature","properties":{"id":"938613407","nom":"Calle 59 Sur","tipo":"residential"},"geometry":{"type":"LineString","coordinates":[[-74.15149,4.57602],[-74.1514,4.57583],[-74.15136,4.57574]]}},{"type":"Feature","properties":{"id":"938721917","nom":"Avenida Calle 56A Sur","tipo":"trunk"},"geometry":{"type":"LineString","coordinates":[[-74.14319,4.58279],[-74.14317,4.58266],[-74.14314,4.58246],[-74.14311,4.58229],[-74.14308,4.58215],[-74.14302,4.58193],[-74.14296,4.58174],[-74.14289,4.58154],[-74.14277,4.58123],[-74.14268,4.581]]}},{"type":"Feature","properties":{"id":"938721918","nom":"Avenida Calle 56A Sur","tipo":"trunk"},"geometry":{"type":"LineString","coordinates":[[-74.14443,4.58678],[-74.14401,4.58573],[-74.14384,4.5853],[-74.14348,4.58439],[-74.14338,4.5841],[-74.14334,4.58396],[-74.14331,4.58383],[-74.14329,4.5837],[-74.14325,4.58339],[-74.1432,4.583],[-74.14319,4.58279]]}},{"type":"Feature","properties":{"id":"938726674","nom":"Calle 46 Sur","tipo":"tertiary"},"geometry":{"type":"LineString","coordinates":[[-74.12618,4.5741],[-74.12617,4.57408],[-74.12616,4.57405]]}},{"type":"Feature","properties":{"id":"938726675","nom":"Calle 46 Sur","tipo":"tertiary"},"geometry":{"type":"LineString","coordinates":[[-74.12611,4.57387],[-74.12597,4.57341],[-74.12596,4.57336],[-74.12592,4.57326],[-74.12586,4.57305],[-74.12557,4.57214],[-74.12556,4.57209]]}},{"type":"Feature","properties":{"id":"939145771","nom":"Calle 59B Sur","tipo":"residential"},"geometry":{"type":"LineString","coordinates":[[-74.15269,4.57503],[-74.15271,4.57506],[-74.1529,4.5753]]}},{"type":"Feature","properties":{"id":"939145772","nom":"Calle 59B Sur","tipo":"residential"},"geometry":{"type":"LineString","coordinates":[[-74.15243,4.5747],[-74.15252,4.57482],[-74.15269,4.57503]]}},{"type":"Feature","properties":{"id":"941335896","nom":"Avenida Calle 58A Sur","tipo":"trunk"},"geometry":{"type":"LineString","coordinates":[[-74.13866,4.56887],[-74.13859,4.56857],[-74.13853,4.5683],[-74.1385,4.56815],[-74.1385,4.56813]]}},{"type":"Feature","properties":{"id":"941335897","nom":"Avenida Calle 58A Sur","tipo":"trunk"},"geometry":{"type":"LineString","coordinates":[[-74.13949,4.57252],[-74.13947,4.57244],[-74.13938,4.57202]]}},{"type":"Feature","properties":{"id":"957860495","nom":"Avenida Carrera 33","tipo":"secondary"},"geometry":{"type":"LineString","coordinates":[[-74.12859,4.58667],[-74.12853,4.5867]]}},{"type":"Feature","properties":{"id":"958446868","nom":"Calle 40 Sur","tipo":"residential"},"geometry":{"type":"LineString","coordinates":[[-74.12118,4.58081],[-74.12116,4.58075]]}},{"type":"Feature","properties":{"id":"958446869","nom":"Avenida Carrera 24","tipo":"secondary"},"geometry":{"type":"LineString","coordinates":[[-74.11882,4.58162],[-74.11887,4.5816],[-74.11941,4.58142],[-74.12109,4.58084],[-74.12112,4.58083],[-74.12118,4.58081]]}},{"type":"Feature","properties":{"id":"958446870","nom":"Calle 40 Sur","tipo":"residential"},"geometry":{"type":"LineString","coordinates":[[-74.12152,4.58183],[-74.12121,4.58089],[-74.1212,4.58086],[-74.12118,4.58081]]}},{"type":"Feature","properties":{"id":"958659173","nom":"Avenida Calle 51 Sur","tipo":"primary"},"geometry":{"type":"LineString","coordinates":[[-74.12536,4.56405],[-74.12517,4.5637],[-74.12513,4.56362],[-74.1251,4.56356],[-74.12508,4.5635],[-74.12506,4.56344]]}},{"type":"Feature","properties":{"id":"958659175","nom":"Avenida Calle 51 Sur","tipo":"primary"},"geometry":{"type":"LineString","coordinates":[[-74.12594,4.56504],[-74.12567,4.56459],[-74.12542,4.56415],[-74.12536,4.56405]]}},{"type":"Feature","properties":{"id":"958659176","nom":"Avenida Calle 51 Sur","tipo":"primary"},"geometry":{"type":"LineString","coordinates":[[-74.12669,4.5668],[-74.12668,4.56663],[-74.12666,4.56648],[-74.12664,4.5664],[-74.12662,4.56632],[-74.12658,4.56618],[-74.12655,4.5661],[-74.12651,4.56601],[-74.12647,4.56593],[-74.12643,4.56585],[-74.12633,4.56568],[-74.12629,4.56561],[-74.12625,4.56554],[-74.12594,4.56504]]}},{"type":"Feature","properties":{"id":"958659177","nom":"Carrera 13A","tipo":"residential"},"geometry":{"type":"LineString","coordinates":[[-74.12536,4.56405],[-74.1253,4.56408],[-74.1252,4.56413],[-74.12515,4.56415]]}},{"type":"Feature","properties":{"id":"958659178","nom":"Avenida Calle 51 Sur","tipo":"primary"},"geometry":{"type":"LineString","coordinates":[[-74.12496,4.56381],[-74.125,4.56389],[-74.12503,4.56394],[-74.12515,4.56415]]}},{"type":"Feature","properties":{"id":"960807003","nom":"Calle 40 Sur","tipo":"residential"},"geometry":{"type":"LineString","coordinates":[[-74.12116,4.58075],[-74.12115,4.58071],[-74.12114,4.58068],[-74.12101,4.58029]]}},{"type":"Feature","properties":{"id":"960823031","nom":"Avenida Carrera 50","tipo":"secondary"},"geometry":{"type":"LineString","coordinates":[[-74.12844,4.58689],[-74.12842,4.587],[-74.1284,4.58718]]}},{"type":"Feature","properties":{"id":"960823032","nom":"Avenida Carrera 33","tipo":"secondary"},"geometry":{"type":"LineString","coordinates":[[-74.12815,4.58703],[-74.1283,4.58696],[-74.12834,4.58694],[-74.12837,4.58692],[-74.12838,4.58692],[-74.12844,4.58689]]}},{"type":"Feature","properties":{"id":"960823033","nom":"Avenida Carrera 33","tipo":"secondary"},"geometry":{"type":"LineString","coordinates":[[-74.12492,4.58837],[-74.12519,4.58827],[-74.12555,4.58813],[-74.12558,4.58811],[-74.12564,4.58809],[-74.12619,4.58787],[-74.12667,4.58768],[-74.12719,4.58747],[-74.12735,4.58741],[-74.12753,4.58734],[-74.12767,4.58727],[-74.12784,4.58719],[-74.12785,4.58718],[-74.12815,4.58703]]}},{"type":"Feature","properties":{"id":"960827466","nom":"Avenida Carrera 24","tipo":"secondary"},"geometry":{"type":"LineString","coordinates":[[-74.12459,4.57956],[-74.124,4.57974],[-74.12381,4.57979]]}},{"type":"Feature","properties":{"id":"961349828","nom":"Avenida Carrera 53","tipo":"secondary"},"geometry":{"type":"LineString","coordinates":[[-74.13883,4.58994],[-74.13883,4.58982],[-74.13883,4.58976],[-74.13882,4.58971],[-74.13882,4.58968],[-74.1388,4.58963]]}},{"type":"Feature","properties":{"id":"962199014","nom":"Avenida Calle 56A Sur","tipo":"trunk"},"geometry":{"type":"LineString","coordinates":[[-74.14227,4.58037],[-74.14231,4.58048]]}},{"type":"Feature","properties":{"id":"962199016","nom":"Avenida Calle 56A Sur","tipo":"trunk"},"geometry":{"type":"LineString","coordinates":[[-74.14232,4.5805],[-74.14234,4.58055],[-74.14241,4.58074]]}},{"type":"Feature","properties":{"id":"962201385","nom":"Avenida Carrera 72","tipo":"trunk"},"geometry":{"type":"LineString","coordinates":[[-74.14478,4.59927],[-74.14484,4.5991]]}},{"type":"Feature","properties":{"id":"962575352","nom":"Avenida Carrera 72","tipo":"trunk"},"geometry":{"type":"LineString","coordinates":[[-74.14482,4.59834],[-74.14478,4.5985],[-74.14474,4.59864],[-74.1447,4.59876],[-74.14467,4.59886],[-74.14464,4.59895]]}},{"type":"Feature","properties":{"id":"962575353","nom":"","tipo":"trunk_link"},"geometry":{"type":"LineString","coordinates":[[-74.14456,4.59544],[-74.14478,4.59546],[-74.14483,4.59547],[-74.14488,4.59549],[-74.14491,4.5955],[-74.14497,4.59553],[-74.14503,4.59558],[-74.14508,4.59562],[-74.14511,4.59566],[-74.14512,4.5957],[-74.14513,4.59575],[-74.14514,4.5962],[-74.14513,4.59646],[-74.14512,4.59663],[-74.14508,4.59708],[-74.14507,4.59718]]}},{"type":"Feature","properties":{"id":"963221525","nom":"","tipo":"tertiary_link"},"geometry":{"type":"LineString","coordinates":[[-74.12926,4.57048],[-74.12917,4.57051],[-74.12911,4.57055],[-74.12905,4.5706],[-74.12903,4.57063],[-74.12901,4.57067],[-74.12899,4.57071],[-74.12898,4.57076],[-74.12898,4.57078],[-74.12898,4.57079],[-74.12898,4.57081]]}},{"type":"Feature","properties":{"id":"963802479","nom":"Avenida Carrera 24","tipo":"secondary"},"geometry":{"type":"LineString","coordinates":[[-74.12116,4.58075],[-74.1211,4.58077],[-74.1196,4.58128],[-74.1194,4.58135],[-74.11885,4.58154],[-74.1188,4.58155]]}},{"type":"Feature","properties":{"id":"993793409","nom":"Calle 39 Sur","tipo":"residential"},"geometry":{"type":"LineString","coordinates":[[-74.12312,4.58614],[-74.12293,4.58575]]}},{"type":"Feature","properties":{"id":"993793410","nom":"Calle 41 Sur","tipo":"residential"},"geometry":{"type":"LineString","coordinates":[[-74.12419,4.58498],[-74.12436,4.58535],[-74.12452,4.58576],[-74.12468,4.58618],[-74.12484,4.58659],[-74.12503,4.58705],[-74.12518,4.58743],[-74.1254,4.58796],[-74.12541,4.588],[-74.12542,4.58803]]}},{"type":"Feature","properties":{"id":"993793411","nom":"Calle 39 Sur","tipo":"residential"},"geometry":{"type":"LineString","coordinates":[[-74.12276,4.58538],[-74.12251,4.58484],[-74.12235,4.58449],[-74.1221,4.58397],[-74.12169,4.58308]]}},{"type":"Feature","properties":{"id":"993793413","nom":"Carrera 27","tipo":"tertiary"},"geometry":{"type":"LineString","coordinates":[[-74.12351,4.58418],[-74.12356,4.58417],[-74.12359,4.58416],[-74.12365,4.58414]]}},{"type":"Feature","properties":{"id":"993793414","nom":"Carrera 28A","tipo":"residential"},"geometry":{"type":"LineString","coordinates":[[-74.12205,4.586],[-74.12293,4.58575]]}},{"type":"Feature","properties":{"id":"993988109","nom":"Calle 66 Sur","tipo":"residential"},"geometry":{"type":"LineString","coordinates":[[-74.1474,4.5615],[-74.14754,4.56195],[-74.14766,4.56238],[-74.14779,4.56281]]}},{"type":"Feature","properties":{"id":"993988111","nom":"Calle 61B Sur","tipo":"residential"},"geometry":{"type":"LineString","coordinates":[[-74.14259,4.56296],[-74.14272,4.56341],[-74.14285,4.56385]]}},{"type":"Feature","properties":{"id":"993988112","nom":"Calle 61B Sur","tipo":"residential"},"geometry":{"type":"LineString","coordinates":[[-74.14232,4.56209],[-74.14245,4.56252],[-74.14259,4.56296]]}},{"type":"Feature","properties":{"id":"1004424016","nom":"Transversal 72A","tipo":"residential"},"geometry":{"type":"LineString","coordinates":[[-74.14948,4.59676],[-74.1482,4.59728],[-74.14808,4.59733],[-74.14741,4.5976]]}},{"type":"Feature","properties":{"id":"1004712024","nom":"Diagonal 40A Sur","tipo":"residential"},"geometry":{"type":"LineString","coordinates":[[-74.12716,4.59094],[-74.12714,4.59092],[-74.12712,4.59091],[-74.12681,4.59065],[-74.12679,4.59064]]}},{"type":"Feature","properties":{"id":"1008954668","nom":"Avenida Carrera 50","tipo":"secondary"},"geometry":{"type":"LineString","coordinates":[[-74.12642,4.59447],[-74.12622,4.59537],[-74.1262,4.59544],[-74.12619,4.59552]]}},{"type":"Feature","properties":{"id":"1009410759","nom":"Avenida Calle 45A Sur","tipo":"trunk"},"geometry":{"type":"LineString","coordinates":[[-74.1386,4.59499],[-74.13828,4.59494],[-74.13806,4.59491],[-74.13749,4.59482],[-74.1374,4.59481],[-74.13722,4.59477],[-74.13653,4.59464]]}},{"type":"Feature","properties":{"id":"1009410770","nom":"Calle 40 Sur","tipo":"residential"},"geometry":{"type":"LineString","coordinates":[[-74.14029,4.59827],[-74.13962,4.59729],[-74.13953,4.59715],[-74.13949,4.5971],[-74.13944,4.59703],[-74.13907,4.59647],[-74.13878,4.59605]]}},{"type":"Feature","properties":{"id":"1009471451","nom":"Calle 40B Sur","tipo":"residential"},"geometry":{"type":"LineString","coordinates":[[-74.13471,4.59987],[-74.13485,4.59996],[-74.13491,4.6]]}},{"type":"Feature","properties":{"id":"1010078846","nom":"Avenida Calle 58A Sur","tipo":"trunk"},"geometry":{"type":"LineString","coordinates":[[-74.13889,4.56972],[-74.13885,4.56954],[-74.13875,4.5692],[-74.13871,4.56904],[-74.13866,4.56887]]}},{"type":"Feature","properties":{"id":"1010080926","nom":"Avenida Calle 61 Sur","tipo":"primary"},"geometry":{"type":"LineString","coordinates":[[-74.15095,4.57216],[-74.15101,4.57221],[-74.15108,4.57226],[-74.15115,4.57231]]}},{"type":"Feature","properties":{"id":"1010080927","nom":"Avenida Calle 61 Sur","tipo":"primary"},"geometry":{"type":"LineString","coordinates":[[-74.14768,4.56992],[-74.14773,4.56995],[-74.14807,4.57019],[-74.14813,4.57023],[-74.14833,4.57036],[-74.14879,4.57068],[-74.14898,4.57081],[-74.1493,4.57103],[-74.14968,4.57129],[-74.15011,4.57159],[-74.15019,4.57165],[-74.15029,4.57172],[-74.15041,4.5718]]}},{"type":"Feature","properties":{"id":"1010080928","nom":"Transversal 36","tipo":"residential"},"geometry":{"type":"LineString","coordinates":[[-74.14968,4.57129],[-74.14966,4.57134],[-74.14966,4.57134],[-74.14965,4.57139],[-74.14964,4.57148],[-74.14964,4.5715]]}},{"type":"Feature","properties":{"id":"1010347602","nom":"Calle 67 Sur","tipo":"residential"},"geometry":{"type":"LineString","coordinates":[[-74.14867,4.56208],[-74.14881,4.56248]]}},{"type":"Feature","properties":{"id":"1010348570","nom":"Carrera 19F","tipo":"residential"},"geometry":{"type":"LineString","coordinates":[[-74.15011,4.56023],[-74.15016,4.56022]]}},{"type":"Feature","properties":{"id":"1011029892","nom":"Carrera 38","tipo":"tertiary"},"geometry":{"type":"LineString","coordinates":[[-74.15123,4.57236],[-74.15132,4.57219]]}},{"type":"Feature","properties":{"id":"1011029893","nom":"Carrera 38","tipo":"tertiary"},"geometry":{"type":"LineString","coordinates":[[-74.15136,4.57211],[-74.15129,4.57217]]}},{"type":"Feature","properties":{"id":"1011029894","nom":"Avenida Calle 61 Sur","tipo":"primary"},"geometry":{"type":"LineString","coordinates":[[-74.15115,4.57231],[-74.15123,4.57236]]}},{"type":"Feature","properties":{"id":"1012196829","nom":"Diagonal 62 Sur","tipo":"tertiary"},"geometry":{"type":"LineString","coordinates":[[-74.13915,4.56178],[-74.13921,4.56177],[-74.13922,4.56177],[-74.13925,4.56177],[-74.13928,4.56177],[-74.13933,4.56177],[-74.13942,4.56178]]}},{"type":"Feature","properties":{"id":"1012196830","nom":"Avenida Calle 58A Sur","tipo":"trunk"},"geometry":{"type":"LineString","coordinates":[[-74.13938,4.57202],[-74.13927,4.57135]]}},{"type":"Feature","properties":{"id":"1012196831","nom":"Avenida Calle 56A Sur","tipo":"trunk"},"geometry":{"type":"LineString","coordinates":[[-74.13972,4.5735],[-74.13966,4.57326],[-74.13964,4.57317]]}},{"type":"Feature","properties":{"id":"1012196832","nom":"Avenida Calle 56A Sur","tipo":"trunk"},"geometry":{"type":"LineString","coordinates":[[-74.14108,4.5772],[-74.1408,4.57663]]}},{"type":"Feature","properties":{"id":"1012196833","nom":"Avenida Calle 56A Sur","tipo":"trunk"},"geometry":{"type":"LineString","coordinates":[[-74.14243,4.58034],[-74.14239,4.58025],[-74.14205,4.57935],[-74.14184,4.57882],[-74.14175,4.57859],[-74.14153,4.5781],[-74.14123,4.57751]]}},{"type":"Feature","properties":{"id":"1012196834","nom":"Avenida Carrera 33","tipo":"secondary"},"geometry":{"type":"LineString","coordinates":[[-74.14243,4.58034],[-74.14231,4.58048]]}},{"type":"Feature","properties":{"id":"1012196835","nom":"Avenida Calle 56A Sur","tipo":"trunk"},"geometry":{"type":"LineString","coordinates":[[-74.14245,4.58039],[-74.14243,4.58034]]}},{"type":"Feature","properties":{"id":"1012196836","nom":"Avenida Calle 56A Sur","tipo":"trunk"},"geometry":{"type":"LineString","coordinates":[[-74.14268,4.581],[-74.14247,4.58044],[-74.14245,4.58039]]}},{"type":"Feature","properties":{"id":"1012248435","nom":"Avenida Calle 45A Sur","tipo":"trunk"},"geometry":{"type":"LineString","coordinates":[[-74.13196,4.59372],[-74.13176,4.59368],[-74.1312,4.59357],[-74.13107,4.59355]]}},{"type":"Feature","properties":{"id":"1012248436","nom":"Avenida Calle 45A Sur","tipo":"trunk"},"geometry":{"type":"LineString","coordinates":[[-74.13653,4.59464],[-74.13571,4.59445],[-74.13543,4.59438],[-74.13537,4.59437],[-74.1353,4.59435]]}},{"type":"Feature","properties":{"id":"1012248437","nom":"","tipo":"trunk_link"},"geometry":{"type":"LineString","coordinates":[[-74.13656,4.59454],[-74.13618,4.59447],[-74.13581,4.59439],[-74.13568,4.59437],[-74.13557,4.59436],[-74.13549,4.59435],[-74.13538,4.59435],[-74.1353,4.59435]]}},{"type":"Feature","properties":{"id":"1012546808","nom":"Avenida Calle 56A Sur","tipo":"trunk"},"geometry":{"type":"LineString","coordinates":[[-74.14453,4.58675],[-74.14398,4.58538],[-74.14388,4.58513],[-74.14377,4.58485],[-74.1437,4.58466],[-74.14349,4.5841],[-74.14345,4.58399],[-74.14341,4.58383],[-74.14338,4.58369],[-74.14334,4.58337],[-74.14331,4.58313],[-74.1433,4.583],[-74.14327,4.58267],[-74.14322,4.58235],[-74.14319,4.58216],[-74.14313,4.58195],[-74.14308,4.58177],[-74.14302,4.5816],[-74.14293,4.58137]]}},{"type":"Feature","properties":{"id":"1012546809","nom":"Avenida Carrera 33","tipo":"secondary"},"geometry":{"type":"LineString","coordinates":[[-74.14251,4.58025],[-74.14243,4.58034]]}},{"type":"Feature","properties":{"id":"1012891662","nom":"Carrera 63","tipo":"tertiary"},"geometry":{"type":"LineString","coordinates":[[-74.15367,4.59645],[-74.15364,4.59634],[-74.15361,4.59622],[-74.15357,4.59609]]}},{"type":"Feature","properties":{"id":"1012891663","nom":"","tipo":"trunk_link"},"geometry":{"type":"LineString","coordinates":[[-74.15537,4.59627],[-74.1552,4.59633],[-74.15514,4.59634],[-74.15508,4.59636],[-74.15503,4.59637],[-74.15498,4.59637],[-74.15484,4.59637],[-74.15474,4.59637],[-74.15464,4.59636],[-74.15451,4.59635],[-74.15436,4.59633],[-74.15421,4.59631],[-74.15413,4.5963],[-74.15409,4.59631],[-74.15404,4.59632],[-74.15401,4.59633],[-74.15398,4.59635],[-74.15394,4.59638],[-74.15391,4.59642],[-74.15389,4.59646],[-74.15387,4.5965]]}},{"type":"Feature","properties":{"id":"1013169725","nom":"Carrera 63","tipo":"tertiary"},"geometry":{"type":"LineString","coordinates":[[-74.15483,4.59984],[-74.15476,4.59983],[-74.15471,4.59981],[-74.15466,4.59979],[-74.15461,4.59976],[-74.15455,4.59972],[-74.1545,4.59968],[-74.15445,4.59962],[-74.15441,4.59957],[-74.15438,4.59951],[-74.15436,4.59942],[-74.15433,4.59934],[-74.15432,4.59925],[-74.15426,4.59898],[-74.15423,4.59881],[-74.15421,4.5987]]}},{"type":"Feature","properties":{"id":"1013169727","nom":"Carrera 63","tipo":"tertiary"},"geometry":{"type":"LineString","coordinates":[[-74.15416,4.59884],[-74.1542,4.59901],[-74.15428,4.59941],[-74.1543,4.5995],[-74.15432,4.59959],[-74.15435,4.59966],[-74.15439,4.59972],[-74.15442,4.59976],[-74.15446,4.5998],[-74.1545,4.59984],[-74.15454,4.59987],[-74.15458,4.59989]]}},{"type":"Feature","properties":{"id":"1013175791","nom":"Transversal 72D","tipo":"residential"},"geometry":{"type":"LineString","coordinates":[[-74.15155,4.60003],[-74.1515,4.59998],[-74.15144,4.59994],[-74.15136,4.59993],[-74.15131,4.59994],[-74.15127,4.59996],[-74.15088,4.60012],[-74.14882,4.60097]]}},{"type":"Feature","properties":{"id":"1013903603","nom":"Avenida Carrera 51","tipo":"secondary"},"geometry":{"type":"LineString","coordinates":[[-74.14885,4.57955],[-74.14876,4.57952]]}},{"type":"Feature","properties":{"id":"1013903605","nom":"Avenida Carrera 51","tipo":"secondary"},"geometry":{"type":"LineString","coordinates":[[-74.14911,4.57966],[-74.14885,4.57955]]}},{"type":"Feature","properties":{"id":"1013904870","nom":"Avenida Calle 56A Sur","tipo":"trunk"},"geometry":{"type":"LineString","coordinates":[[-74.14232,4.57978],[-74.14225,4.5796]]}},{"type":"Feature","properties":{"id":"1013904871","nom":"Avenida Calle 56A Sur","tipo":"trunk"},"geometry":{"type":"LineString","coordinates":[[-74.14251,4.58025],[-74.14247,4.58017],[-74.14232,4.57978]]}},{"type":"Feature","properties":{"id":"1013905026","nom":"","tipo":"trunk_link"},"geometry":{"type":"LineString","coordinates":[[-74.1415,4.57781],[-74.14123,4.57751]]}},{"type":"Feature","properties":{"id":"1014165083","nom":"","tipo":"residential"},"geometry":{"type":"LineString","coordinates":[[-74.14865,4.56793],[-74.14868,4.56795],[-74.14872,4.56795],[-74.14876,4.56794],[-74.14879,4.56791],[-74.1488,4.56787],[-74.14879,4.56784],[-74.14877,4.5678]]}},{"type":"Feature","properties":{"id":"1014166474","nom":"Avenida Carrera 33","tipo":"secondary"},"geometry":{"type":"LineString","coordinates":[[-74.12237,4.58951],[-74.12253,4.58944]]}},{"type":"Feature","properties":{"id":"1014166475","nom":"Avenida Calle 36 Sur","tipo":"secondary"},"geometry":{"type":"LineString","coordinates":[[-74.12237,4.58951],[-74.12248,4.58943]]}},{"type":"Feature","properties":{"id":"1014167277","nom":"Calle 39 Sur","tipo":"residential"},"geometry":{"type":"LineString","coordinates":[[-74.12293,4.58575],[-74.12284,4.58556]]}},{"type":"Feature","properties":{"id":"1014378122","nom":"Carrera 28","tipo":"tertiary"},"geometry":{"type":"LineString","coordinates":[[-74.14106,4.57828],[-74.14124,4.57821],[-74.14129,4.57819]]}},{"type":"Feature","properties":{"id":"1014431681","nom":"Carrera 26","tipo":"residential"},"geometry":{"type":"LineString","coordinates":[[-74.13463,4.57908],[-74.13465,4.57904],[-74.13466,4.57903],[-74.13466,4.57901],[-74.13466,4.57898]]}},{"type":"Feature","properties":{"id":"1014431682","nom":"Carrera 26","tipo":"residential"},"geometry":{"type":"LineString","coordinates":[[-74.13463,4.57908],[-74.13467,4.57907],[-74.13469,4.57906],[-74.13473,4.57906]]}},{"type":"Feature","properties":{"id":"1014486004","nom":"Transversal 35","tipo":"trunk"},"geometry":{"type":"LineString","coordinates":[[-74.12426,4.59361],[-74.12348,4.5937]]}},{"type":"Feature","properties":{"id":"1014486005","nom":"Transversal 35","tipo":"trunk"},"geometry":{"type":"LineString","coordinates":[[-74.12498,4.59359],[-74.12494,4.59359],[-74.12426,4.59361]]}},{"type":"Feature","properties":{"id":"1014489140","nom":"Carrera 31","tipo":"residential"},"geometry":{"type":"LineString","coordinates":[[-74.12737,4.58578],[-74.12801,4.58557],[-74.12803,4.58557]]}},{"type":"Feature","properties":{"id":"1014489141","nom":"Carrera 29","tipo":"residential"},"geometry":{"type":"LineString","coordinates":[[-74.12776,4.58491],[-74.12772,4.58492],[-74.12653,4.58525]]}},{"type":"Feature","properties":{"id":"1014489142","nom":"Carrera 29","tipo":"residential"},"geometry":{"type":"LineString","coordinates":[[-74.12783,4.58489],[-74.12776,4.58491]]}},{"type":"Feature","properties":{"id":"1014489143","nom":"Avenida Calle 44 Sur","tipo":"secondary"},"geometry":{"type":"LineString","coordinates":[[-74.12859,4.58667],[-74.12858,4.58664],[-74.12839,4.5862],[-74.12831,4.58603],[-74.12811,4.58554]]}},{"type":"Feature","properties":{"id":"1014489144","nom":"Avenida Calle 44 Sur","tipo":"secondary"},"geometry":{"type":"LineString","coordinates":[[-74.12776,4.58491],[-74.12778,4.58496],[-74.12781,4.58504],[-74.12803,4.58557],[-74.1283,4.5862],[-74.12832,4.58624],[-74.12851,4.58664],[-74.12852,4.58667],[-74.12853,4.5867]]}},{"type":"Feature","properties":{"id":"1014489993","nom":"Carrera 28A","tipo":"residential"},"geometry":{"type":"LineString","coordinates":[[-74.12436,4.58535],[-74.12329,4.58567]]}},{"type":"Feature","properties":{"id":"1014489994","nom":"Calle 39 Sur","tipo":"residential"},"geometry":{"type":"LineString","coordinates":[[-74.12395,4.58789],[-74.12373,4.58743],[-74.12353,4.58702]]}},{"type":"Feature","properties":{"id":"1014489995","nom":"Diagonal 41A Sur","tipo":"residential"},"geometry":{"type":"LineString","coordinates":[[-74.12601,4.58622],[-74.12582,4.58672],[-74.12562,4.58727]]}},{"type":"Feature","properties":{"id":"1016286795","nom":"Diagonal 41A Sur","tipo":"tertiary"},"geometry":{"type":"LineString","coordinates":[[-74.12439,4.58253],[-74.12442,4.58247],[-74.12457,4.58202],[-74.12469,4.58169],[-74.12471,4.58164]]}},{"type":"Feature","properties":{"id":"1016301707","nom":"Diagonal 52D Sur","tipo":"residential"},"geometry":{"type":"LineString","coordinates":[[-74.13716,4.58043],[-74.13674,4.57994]]}},{"type":"Feature","properties":{"id":"1016305156","nom":"Calle 51B Sur","tipo":"residential"},"geometry":{"type":"LineString","coordinates":[[-74.13738,4.58489],[-74.13735,4.58484],[-74.13729,4.58473]]}},{"type":"Feature","properties":{"id":"1016305157","nom":"Avenida Carrera 33","tipo":"secondary"},"geometry":{"type":"LineString","coordinates":[[-74.13641,4.58502],[-74.13646,4.58502],[-74.13688,4.58494],[-74.13711,4.5849]]}},{"type":"Feature","properties":{"id":"1016641127","nom":"Avenida Calle 45A Sur","tipo":"trunk"},"geometry":{"type":"LineString","coordinates":[[-74.13963,4.59547],[-74.1401,4.59553],[-74.14017,4.59554],[-74.14138,4.59571],[-74.14156,4.59574],[-74.14174,4.59576],[-74.14191,4.59577],[-74.14206,4.59577],[-74.14221,4.59576],[-74.1424,4.59574],[-74.14265,4.59572],[-74.143,4.59569],[-74.14337,4.59565],[-74.14394,4.59555],[-74.1442,4.59551],[-74.14443,4.59546],[-74.14456,4.59544],[-74.14533,4.59531]]}},{"type":"Feature","properties":{"id":"1016650042","nom":"Carrera 28","tipo":"residential"},"geometry":{"type":"LineString","coordinates":[[-74.12597,4.58446],[-74.12672,4.58424]]}},{"type":"Feature","properties":{"id":"1016650043","nom":"Carrera 27","tipo":"tertiary"},"geometry":{"type":"LineString","coordinates":[[-74.12405,4.58404],[-74.1241,4.58403],[-74.12415,4.58402],[-74.12437,4.58396]]}},{"type":"Feature","properties":{"id":"1016650044","nom":"Calle 41 Sur","tipo":"residential"},"geometry":{"type":"LineString","coordinates":[[-74.1235,4.58326],[-74.12359,4.58347]]}},{"type":"Feature","properties":{"id":"1016650045","nom":"Calle 41 Sur","tipo":"residential"},"geometry":{"type":"LineString","coordinates":[[-74.12359,4.58347],[-74.12376,4.5839]]}},{"type":"Feature","properties":{"id":"1016650046","nom":"Diagonal 41A Sur","tipo":"tertiary"},"geometry":{"type":"LineString","coordinates":[[-74.12398,4.58372],[-74.12409,4.58341],[-74.12411,4.58333],[-74.12413,4.58329],[-74.12432,4.58275],[-74.12438,4.58258],[-74.12439,4.58253]]}},{"type":"Feature","properties":{"id":"1016650047","nom":"Carrera 27","tipo":"tertiary"},"geometry":{"type":"LineString","coordinates":[[-74.12235,4.58449],[-74.12348,4.58419],[-74.12351,4.58418]]}},{"type":"Feature","properties":{"id":"1016652636","nom":"Diagonal 41A Sur","tipo":"residential"},"geometry":{"type":"LineString","coordinates":[[-74.12424,4.58429],[-74.12408,4.58422],[-74.12402,4.58419]]}},{"type":"Feature","properties":{"id":"1016658303","nom":"Avenida Calle 57R Sur","tipo":"trunk"},"geometry":{"type":"LineString","coordinates":[[-74.15387,4.5965],[-74.15396,4.59652],[-74.1541,4.59655],[-74.15426,4.59658]]}},{"type":"Feature","properties":{"id":"1016658304","nom":"Carrera 63","tipo":"tertiary"},"geometry":{"type":"LineString","coordinates":[[-74.15369,4.59655],[-74.15367,4.59645]]}},{"type":"Feature","properties":{"id":"1016658305","nom":"Avenida Calle 57R Sur","tipo":"trunk"},"geometry":{"type":"LineString","coordinates":[[-74.15367,4.59645],[-74.15378,4.59648],[-74.15387,4.5965]]}},{"type":"Feature","properties":{"id":"1016658306","nom":"Avenida Calle 57R Sur","tipo":"trunk"},"geometry":{"type":"LineString","coordinates":[[-74.15247,4.59589],[-74.15255,4.59593],[-74.15265,4.59598],[-74.15291,4.59613],[-74.15306,4.5962],[-74.15322,4.59628],[-74.15324,4.59629]]}},{"type":"Feature","properties":{"id":"1016658619","nom":"Avenida Calle 57R Sur","tipo":"trunk"},"geometry":{"type":"LineString","coordinates":[[-74.15426,4.59658],[-74.15436,4.59659],[-74.15447,4.5966],[-74.15467,4.5966],[-74.1549,4.59659]]}},{"type":"Feature","properties":{"id":"1016661790","nom":"Carrera 32","tipo":"tertiary"},"geometry":{"type":"LineString","coordinates":[[-74.12031,4.58807],[-74.1201,4.58808],[-74.11994,4.58811],[-74.11985,4.58814],[-74.11977,4.58818]]}},{"type":"Feature","properties":{"id":"1016661791","nom":"Calle 39 Sur","tipo":"residential"},"geometry":{"type":"LineString","coordinates":[[-74.12284,4.58556],[-74.12276,4.58538]]}},{"type":"Feature","properties":{"id":"1016666543","nom":"Calle 48C Sur","tipo":"tertiary"},"geometry":{"type":"LineString","coordinates":[[-74.1322,4.58163],[-74.13244,4.58261]]}},{"type":"Feature","properties":{"id":"1016666544","nom":"Calle 48C Sur","tipo":"tertiary"},"geometry":{"type":"LineString","coordinates":[[-74.13196,4.58065],[-74.1322,4.58163]]}},{"type":"Feature","properties":{"id":"1016666548","nom":"Carrera 26","tipo":"tertiary"},"geometry":{"type":"LineString","coordinates":[[-74.13151,4.58076],[-74.13196,4.58065]]}},{"type":"Feature","properties":{"id":"1016666550","nom":"Carrera 26","tipo":"tertiary"},"geometry":{"type":"LineString","coordinates":[[-74.13105,4.58087],[-74.13151,4.58076]]}},{"type":"Feature","properties":{"id":"1016666551","nom":"Diagonal 51A Sur","tipo":"tertiary"},"geometry":{"type":"LineString","coordinates":[[-74.13447,4.58221],[-74.13431,4.58205],[-74.1343,4.58204],[-74.13426,4.582]]}},{"type":"Feature","properties":{"id":"1016666552","nom":"Diagonal 51A Sur","tipo":"tertiary"},"geometry":{"type":"LineString","coordinates":[[-74.136,4.58362],[-74.13574,4.58339],[-74.13544,4.58313],[-74.13497,4.58271],[-74.13447,4.58221]]}},{"type":"Feature","properties":{"id":"1016668401","nom":"Avenida Carrera 72","tipo":"trunk"},"geometry":{"type":"LineString","coordinates":[[-74.14507,4.59718],[-74.14507,4.59721],[-74.14504,4.5974],[-74.14499,4.59768],[-74.14497,4.59776],[-74.14492,4.59796],[-74.14485,4.59823],[-74.14482,4.59834]]}},{"type":"Feature","properties":{"id":"1016668402","nom":"Transversal 68D","tipo":"residential"},"geometry":{"type":"LineString","coordinates":[[-74.14478,4.59647],[-74.14428,4.59658]]}},{"type":"Feature","properties":{"id":"1016668405","nom":"Calle 48C Sur","tipo":"secondary"},"geometry":{"type":"LineString","coordinates":[[-74.13314,4.58545],[-74.13326,4.58556]]}},{"type":"Feature","properties":{"id":"1016668406","nom":"Calle 48C Sur","tipo":"tertiary"},"geometry":{"type":"LineString","coordinates":[[-74.13269,4.58358],[-74.1329,4.58447],[-74.13292,4.58456]]}},{"type":"Feature","properties":{"id":"1016668407","nom":"Calle 48C Sur","tipo":"tertiary"},"geometry":{"type":"LineString","coordinates":[[-74.13244,4.58261],[-74.13269,4.58358]]}},{"type":"Feature","properties":{"id":"1016691145","nom":"Transversal 60","tipo":"trunk"},"geometry":{"type":"LineString","coordinates":[[-74.14541,4.5937],[-74.1455,4.59299]]}},{"type":"Feature","properties":{"id":"1016691146","nom":"Avenida Carrera 72","tipo":"trunk"},"geometry":{"type":"LineString","coordinates":[[-74.14532,4.59725],[-74.14535,4.59703],[-74.14537,4.59686],[-74.14539,4.59665],[-74.14541,4.59642],[-74.14542,4.59617]]}},{"type":"Feature","properties":{"id":"1016691147","nom":"Avenida Carrera 72","tipo":"trunk"},"geometry":{"type":"LineString","coordinates":[[-74.14492,4.59916],[-74.14496,4.59905],[-74.14499,4.59896],[-74.145,4.59893],[-74.14504,4.5988],[-74.14509,4.59864]]}},{"type":"Feature","properties":{"id":"1016694496","nom":"","tipo":"trunk_link"},"geometry":{"type":"LineString","coordinates":[[-74.14478,4.5874],[-74.14457,4.58712]]}},{"type":"Feature","properties":{"id":"1016694497","nom":"Transversal 60","tipo":"trunk"},"geometry":{"type":"LineString","coordinates":[[-74.14516,4.58864],[-74.14485,4.58784]]}},{"type":"Feature","properties":{"id":"1016694498","nom":"Transversal 60","tipo":"trunk"},"geometry":{"type":"LineString","coordinates":[[-74.14485,4.58784],[-74.14481,4.58776],[-74.14457,4.58712],[-74.14443,4.58678]]}},{"type":"Feature","properties":{"id":"1016972071","nom":"Calle 53 Sur","tipo":"residential"},"geometry":{"type":"LineString","coordinates":[[-74.13965,4.5842],[-74.14002,4.58514],[-74.14038,4.58608],[-74.14074,4.58701]]}},{"type":"Feature","properties":{"id":"1016972072","nom":"Calle 51 Sur","tipo":"tertiary"},"geometry":{"type":"LineString","coordinates":[[-74.13619,4.58432],[-74.13604,4.58374],[-74.136,4.58362]]}},{"type":"Feature","properties":{"id":"1016972073","nom":"Calle 51 Sur","tipo":"tertiary"},"geometry":{"type":"LineString","coordinates":[[-74.13635,4.5849],[-74.13634,4.58488],[-74.13626,4.58458]]}},{"type":"Feature","properties":{"id":"1016974017","nom":"Transversal 44","tipo":"tertiary"},"geometry":{"type":"LineString","coordinates":[[-74.14398,4.587],[-74.14414,4.58689],[-74.14418,4.58687]]}},{"type":"Feature","properties":{"id":"1016974341","nom":"Carrera 55A","tipo":"residential"},"geometry":{"type":"LineString","coordinates":[[-74.14415,4.5883],[-74.14413,4.58824],[-74.14398,4.58787],[-74.14382,4.58746]]}},{"type":"Feature","properties":{"id":"1016974342","nom":"Carrera 55A","tipo":"residential"},"geometry":{"type":"LineString","coordinates":[[-74.1445,4.58919],[-74.14433,4.58878],[-74.14418,4.58836],[-74.14415,4.5883]]}},{"type":"Feature","properties":{"id":"1016977801","nom":"Transversal 44","tipo":"tertiary"},"geometry":{"type":"LineString","coordinates":[[-74.13655,4.5907],[-74.13633,4.59081]]}},{"type":"Feature","properties":{"id":"1016977804","nom":"Diagonal 52 Sur","tipo":"tertiary"},"geometry":{"type":"LineString","coordinates":[[-74.14219,4.58925],[-74.1421,4.58928]]}},{"type":"Feature","properties":{"id":"1017024076","nom":"Calle 44F Sur","tipo":"residential"},"geometry":{"type":"LineString","coordinates":[[-74.14609,4.59714],[-74.14568,4.59614]]}},{"type":"Feature","properties":{"id":"1017024077","nom":"Calle 44F Sur","tipo":"residential"},"geometry":{"type":"LineString","coordinates":[[-74.14609,4.59714],[-74.14644,4.598]]}},{"type":"Feature","properties":{"id":"1017032031","nom":"Diagonal 41 Sur","tipo":"residential"},"geometry":{"type":"LineString","coordinates":[[-74.12813,4.59001],[-74.12821,4.59008],[-74.12825,4.5901]]}},{"type":"Feature","properties":{"id":"1017032032","nom":"Diagonal 41 Sur","tipo":"residential"},"geometry":{"type":"LineString","coordinates":[[-74.12826,4.58992],[-74.12825,4.58995],[-74.12824,4.58997],[-74.12822,4.58998],[-74.12821,4.58999],[-74.12819,4.59],[-74.12817,4.59001],[-74.12815,4.59001],[-74.12813,4.59001]]}},{"type":"Feature","properties":{"id":"1017868446","nom":"Avenida Calle 45A Sur","tipo":"trunk"},"geometry":{"type":"LineString","coordinates":[[-74.12814,4.59367],[-74.12818,4.59367],[-74.12825,4.59368],[-74.12834,4.59369],[-74.12846,4.5937],[-74.12855,4.59371]]}},{"type":"Feature","properties":{"id":"1017894355","nom":"Transversal 35","tipo":"trunk"},"geometry":{"type":"LineString","coordinates":[[-74.12266,4.59378],[-74.1225,4.59379],[-74.12245,4.5938],[-74.12215,4.59384],[-74.12204,4.59385]]}},{"type":"Feature","properties":{"id":"1017894356","nom":"Transversal 35","tipo":"trunk"},"geometry":{"type":"LineString","coordinates":[[-74.12348,4.5937],[-74.12303,4.59374]]}},{"type":"Feature","properties":{"id":"1017894357","nom":"Transversal 35","tipo":"trunk"},"geometry":{"type":"LineString","coordinates":[[-74.12303,4.59374],[-74.12274,4.59377],[-74.12266,4.59378]]}},{"type":"Feature","properties":{"id":"1018750438","nom":"","tipo":"residential"},"geometry":{"type":"LineString","coordinates":[[-74.13017,4.59604],[-74.13009,4.59614]]}},{"type":"Feature","properties":{"id":"1018986727","nom":"Calle 50B Sur","tipo":"secondary"},"geometry":{"type":"LineString","coordinates":[[-74.13605,4.58495],[-74.13602,4.58498],[-74.13599,4.585],[-74.13596,4.58502],[-74.13594,4.58504],[-74.13593,4.58507],[-74.13593,4.58509],[-74.13593,4.58511]]}},{"type":"Feature","properties":{"id":"1019045648","nom":"","tipo":"residential"},"geometry":{"type":"LineString","coordinates":[[-74.12003,4.56288],[-74.11954,4.56284]]}},{"type":"Feature","properties":{"id":"1019057417","nom":"","tipo":"residential"},"geometry":{"type":"LineString","coordinates":[[-74.15464,4.56576],[-74.15469,4.5658]]}},{"type":"Feature","properties":{"id":"1019070824","nom":"Calle 69C Bis Sur","tipo":"residential"},"geometry":{"type":"LineString","coordinates":[[-74.15444,4.56668],[-74.15461,4.56613]]}},{"type":"Feature","properties":{"id":"1019070825","nom":"Carrera 32","tipo":"residential"},"geometry":{"type":"LineString","coordinates":[[-74.15461,4.56613],[-74.15448,4.56604]]}},{"type":"Feature","properties":{"id":"1019901754","nom":"Diagonal 46 Sur","tipo":"residential"},"geometry":{"type":"LineString","coordinates":[[-74.14266,4.59491],[-74.14273,4.5949],[-74.1437,4.59475],[-74.14385,4.59473]]}},{"type":"Feature","properties":{"id":"1019903608","nom":"","tipo":"residential"},"geometry":{"type":"LineString","coordinates":[[-74.12017,4.57215],[-74.11992,4.5722]]}},{"type":"Feature","properties":{"id":"1019912402","nom":"Carrera 23","tipo":"residential"},"geometry":{"type":"LineString","coordinates":[[-74.1272,4.57658],[-74.12697,4.57665],[-74.12692,4.57667]]}},{"type":"Feature","properties":{"id":"1019992006","nom":"","tipo":"residential"},"geometry":{"type":"LineString","coordinates":[[-74.13217,4.59753],[-74.1323,4.59737],[-74.13231,4.59736],[-74.13233,4.59737],[-74.13245,4.59746],[-74.13257,4.59757]]}},{"type":"Feature","properties":{"id":"1019998767","nom":"","tipo":"primary_link"},"geometry":{"type":"LineString","coordinates":[[-74.15479,4.57577],[-74.15483,4.57576],[-74.15488,4.57575],[-74.15491,4.57572],[-74.15493,4.57568]]}},{"type":"Feature","properties":{"id":"1020183465","nom":"","tipo":"trunk_link"},"geometry":{"type":"LineString","coordinates":[[-74.14205,4.57935],[-74.14206,4.57911]]}},{"type":"Feature","properties":{"id":"1020240647","nom":"","tipo":"residential"},"geometry":{"type":"LineString","coordinates":[[-74.14244,4.58574],[-74.14225,4.58584]]}},{"type":"Feature","properties":{"id":"1020266428","nom":"","tipo":"residential"},"geometry":{"type":"LineString","coordinates":[[-74.1481,4.56959],[-74.14799,4.56948],[-74.14798,4.56946]]}},{"type":"Feature","properties":{"id":"1020274429","nom":"","tipo":"residential"},"geometry":{"type":"LineString","coordinates":[[-74.14665,4.568],[-74.14655,4.56818],[-74.14653,4.5682]]}},{"type":"Feature","properties":{"id":"1020275463","nom":"Calle 63A Sur","tipo":"residential"},"geometry":{"type":"LineString","coordinates":[[-74.14711,4.56777],[-74.14748,4.56802]]}},{"type":"Feature","properties":{"id":"1020286053","nom":"","tipo":"residential"},"geometry":{"type":"LineString","coordinates":[[-74.15104,4.56625],[-74.15101,4.56621]]}},{"type":"Feature","properties":{"id":"1020446697","nom":"Carrera 11C","tipo":"residential"},"geometry":{"type":"LineString","coordinates":[[-74.12001,4.56213],[-74.12024,4.56212]]}},{"type":"Feature","properties":{"id":"1020544994","nom":"Avenida Carrera 50","tipo":"secondary"},"geometry":{"type":"LineString","coordinates":[[-74.12683,4.59319],[-74.12683,4.59317],[-74.12682,4.59312]]}},{"type":"Feature","properties":{"id":"1020544995","nom":"Avenida Carrera 50","tipo":"secondary"},"geometry":{"type":"LineString","coordinates":[[-74.12693,4.59335],[-74.1269,4.59332],[-74.12688,4.59328],[-74.12683,4.59319]]}},{"type":"Feature","properties":{"id":"1020768079","nom":"Carrera 52B","tipo":"residential"},"geometry":{"type":"LineString","coordinates":[[-74.13277,4.5997],[-74.13302,4.59932]]}},{"type":"Feature","properties":{"id":"1020768080","nom":"Calle 41 Sur","tipo":"residential"},"geometry":{"type":"LineString","coordinates":[[-74.13517,4.59963],[-74.13511,4.59959],[-74.13471,4.59933],[-74.13432,4.59907],[-74.13397,4.59884],[-74.13394,4.59882]]}},{"type":"Feature","properties":{"id":"1020793012","nom":"","tipo":"residential"},"geometry":{"type":"LineString","coordinates":[[-74.15184,4.55989],[-74.15189,4.55999],[-74.15215,4.56049],[-74.15216,4.56051],[-74.15216,4.56052],[-74.15216,4.56053],[-74.15216,4.56054],[-74.15216,4.56054],[-74.15214,4.56057]]}},{"type":"Feature","properties":{"id":"1020816330","nom":"","tipo":"residential"},"geometry":{"type":"LineString","coordinates":[[-74.15273,4.58865],[-74.15258,4.5884],[-74.15258,4.58838],[-74.15259,4.58835]]}},{"type":"Feature","properties":{"id":"1020823747","nom":"","tipo":"residential"},"geometry":{"type":"LineString","coordinates":[[-74.13651,4.56289],[-74.13682,4.56318]]}},{"type":"Feature","properties":{"id":"1020823748","nom":"","tipo":"residential"},"geometry":{"type":"LineString","coordinates":[[-74.13575,4.5636],[-74.13651,4.56289],[-74.13707,4.56236]]}},{"type":"Feature","properties":{"id":"1020834741","nom":"Carrera 13A","tipo":"residential"},"geometry":{"type":"LineString","coordinates":[[-74.12629,4.56361],[-74.12542,4.56402],[-74.12536,4.56405]]}},{"type":"Feature","properties":{"id":"1020834742","nom":"Carrera 13A","tipo":"residential"},"geometry":{"type":"LineString","coordinates":[[-74.1287,4.56243],[-74.12783,4.56286]]}},{"type":"Feature","properties":{"id":"1020855975","nom":"Diagonal 51 Sur","tipo":"residential"},"geometry":{"type":"LineString","coordinates":[[-74.14617,4.59071],[-74.14642,4.59056]]}},{"type":"Feature","properties":{"id":"1020855976","nom":"Carrera 60C","tipo":"residential"},"geometry":{"type":"LineString","coordinates":[[-74.14642,4.59056],[-74.14621,4.59008]]}},{"type":"Feature","properties":{"id":"1021937449","nom":"Diagonal 46 Bis Sur","tipo":"residential"},"geometry":{"type":"LineString","coordinates":[[-74.1248,4.56946],[-74.12508,4.5696]]}},{"type":"Feature","properties":{"id":"1022159806","nom":"Avenida Carrera 72","tipo":"trunk"},"geometry":{"type":"LineString","coordinates":[[-74.14526,4.59631],[-74.14525,4.59641],[-74.14524,4.59649],[-74.14522,4.59662]]}},{"type":"Feature","properties":{"id":"1022159807","nom":"Avenida Carrera 72","tipo":"trunk"},"geometry":{"type":"LineString","coordinates":[[-74.14512,4.59853],[-74.14516,4.59837],[-74.14519,4.59825],[-74.14523,4.5981],[-74.14531,4.5978]]}},{"type":"Feature","properties":{"id":"1022310291","nom":"Carrera 68I","tipo":"residential"},"geometry":{"type":"LineString","coordinates":[[-74.14418,4.5986],[-74.14415,4.59864],[-74.14411,4.59869],[-74.14396,4.59903]]}},{"type":"Feature","properties":{"id":"1024429639","nom":"Carrera 22","tipo":"residential"},"geometry":{"type":"LineString","coordinates":[[-74.14554,4.56638],[-74.14434,4.56675]]}},{"type":"Feature","properties":{"id":"1027104077","nom":"Calle 50D Sur","tipo":"residential"},"geometry":{"type":"LineString","coordinates":[[-74.12406,4.56136],[-74.12392,4.56111]]}},{"type":"Feature","properties":{"id":"1027639170","nom":"Avenida Calle 56A Sur","tipo":"trunk"},"geometry":{"type":"LineString","coordinates":[[-74.14231,4.58048],[-74.14232,4.5805]]}},{"type":"Feature","properties":{"id":"1027639171","nom":"Avenida Carrera 33","tipo":"secondary"},"geometry":{"type":"LineString","coordinates":[[-74.14231,4.58048],[-74.14224,4.58057]]}},{"type":"Feature","properties":{"id":"1028078387","nom":"Diagonal 48 Sur","tipo":"primary"},"geometry":{"type":"LineString","coordinates":[[-74.12557,4.56923],[-74.12562,4.56926],[-74.12564,4.56926],[-74.12565,4.56927],[-74.12576,4.56933]]}},{"type":"Feature","properties":{"id":"1028078388","nom":"Diagonal 48 Sur","tipo":"primary"},"geometry":{"type":"LineString","coordinates":[[-74.12576,4.56933],[-74.12613,4.56952],[-74.12636,4.56964],[-74.12668,4.56981],[-74.12698,4.56997],[-74.12723,4.5701],[-74.12771,4.57036],[-74.1278,4.57041],[-74.12796,4.57049],[-74.12819,4.5706],[-74.12837,4.57067],[-74.12847,4.5707],[-74.12856,4.57073]]}},{"type":"Feature","properties":{"id":"1028078389","nom":"Avenida Carrera 14","tipo":"primary"},"geometry":{"type":"LineString","coordinates":[[-74.12506,4.57034],[-74.12514,4.57015],[-74.12535,4.5697],[-74.12544,4.56949],[-74.12549,4.56939]]}},{"type":"Feature","properties":{"id":"1028078390","nom":"Avenida Carrera 14","tipo":"primary"},"geometry":{"type":"LineString","coordinates":[[-74.12549,4.56939],[-74.12554,4.56929],[-74.12557,4.56923]]}},{"type":"Feature","properties":{"id":"1029343704","nom":"Avenida Carrera 50","tipo":"secondary"},"geometry":{"type":"LineString","coordinates":[[-74.12662,4.59434],[-74.12666,4.59429],[-74.12666,4.59428],[-74.1267,4.59424],[-74.12676,4.59419],[-74.1269,4.59408]]}},{"type":"Feature","properties":{"id":"1029371314","nom":"Carrera 51","tipo":"tertiary"},"geometry":{"type":"LineString","coordinates":[[-74.13145,4.59389],[-74.13136,4.59399],[-74.13112,4.5943],[-74.13094,4.59452]]}},{"type":"Feature","properties":{"id":"1029371315","nom":"Carrera 51","tipo":"tertiary"},"geometry":{"type":"LineString","coordinates":[[-74.12879,4.59723],[-74.12864,4.59742],[-74.12833,4.5978],[-74.12814,4.59804],[-74.12809,4.59811],[-74.12782,4.59844],[-74.12758,4.59873],[-74.12753,4.5988],[-74.12733,4.59904],[-74.12708,4.59936],[-74.12686,4.59963],[-74.12682,4.59968]]}},{"type":"Feature","properties":{"id":"1029371316","nom":"Calle 39A Sur","tipo":"tertiary"},"geometry":{"type":"LineString","coordinates":[[-74.12631,4.59555],[-74.12629,4.59554],[-74.12622,4.59552],[-74.12619,4.59552]]}},{"type":"Feature","properties":{"id":"1032396258","nom":"Avenida Calle 56A Sur","tipo":"trunk"},"geometry":{"type":"LineString","coordinates":[[-74.13939,4.57326],[-74.13941,4.57334],[-74.13957,4.574]]}},{"type":"Feature","properties":{"id":"1032396259","nom":"Avenida Carrera 24","tipo":"secondary"},"geometry":{"type":"LineString","coordinates":[[-74.13806,4.5738],[-74.13925,4.57332]]}},{"type":"Feature","properties":{"id":"1032396260","nom":"Avenida Carrera 24","tipo":"secondary"},"geometry":{"type":"LineString","coordinates":[[-74.13937,4.57316],[-74.13922,4.57322],[-74.13816,4.57364]]}},{"type":"Feature","properties":{"id":"1032396261","nom":"Avenida Calle 58A Sur","tipo":"trunk"},"geometry":{"type":"LineString","coordinates":[[-74.1392,4.57245],[-74.13937,4.57316]]}},{"type":"Feature","properties":{"id":"1032396262","nom":"Avenida Carrera 24","tipo":"secondary"},"geometry":{"type":"LineString","coordinates":[[-74.13939,4.57326],[-74.13949,4.57322]]}},{"type":"Feature","properties":{"id":"1032396263","nom":"Avenida Calle 56A Sur","tipo":"trunk"},"geometry":{"type":"LineString","coordinates":[[-74.13946,4.57312],[-74.13949,4.57322]]}},{"type":"Feature","properties":{"id":"1032396265","nom":"Avenida Calle 56A Sur","tipo":"trunk"},"geometry":{"type":"LineString","coordinates":[[-74.14253,4.58031],[-74.14251,4.58025]]}},{"type":"Feature","properties":{"id":"1032396266","nom":"Avenida Carrera 33","tipo":"secondary"},"geometry":{"type":"LineString","coordinates":[[-74.14245,4.58039],[-74.14253,4.58031]]}},{"type":"Feature","properties":{"id":"1032396268","nom":"Avenida Carrera 33","tipo":"secondary"},"geometry":{"type":"LineString","coordinates":[[-74.14232,4.5805],[-74.14245,4.58039]]}},{"type":"Feature","properties":{"id":"1033059632","nom":"Avenida Carrera 24","tipo":"secondary"},"geometry":{"type":"LineString","coordinates":[[-74.13946,4.57312],[-74.13937,4.57316]]}},{"type":"Feature","properties":{"id":"1033059835","nom":"Avenida Carrera 24","tipo":"secondary"},"geometry":{"type":"LineString","coordinates":[[-74.13961,4.57306],[-74.13946,4.57312]]}},{"type":"Feature","properties":{"id":"1033062966","nom":"Transversal 60","tipo":"trunk"},"geometry":{"type":"LineString","coordinates":[[-74.14428,4.58683],[-74.14443,4.58723],[-74.14469,4.58787],[-74.14472,4.58795]]}},{"type":"Feature","properties":{"id":"1033062967","nom":"Diagonal 52 Sur","tipo":"tertiary"},"geometry":{"type":"LineString","coordinates":[[-74.14485,4.58784],[-74.14472,4.58795]]}},{"type":"Feature","properties":{"id":"1033062969","nom":"Avenida Calle 56A Sur","tipo":"trunk"},"geometry":{"type":"LineString","coordinates":[[-74.14107,4.57753],[-74.14175,4.57901],[-74.14188,4.57935],[-74.14219,4.58016],[-74.14227,4.58037]]}},{"type":"Feature","properties":{"id":"1033062970","nom":"Avenida Calle 56A Sur","tipo":"trunk"},"geometry":{"type":"LineString","coordinates":[[-74.14065,4.57669],[-74.14083,4.57704],[-74.14107,4.57753]]}},{"type":"Feature","properties":{"id":"1033062971","nom":"Carrera 25","tipo":"tertiary"},"geometry":{"type":"LineString","coordinates":[[-74.1408,4.57663],[-74.14065,4.57669]]}},{"type":"Feature","properties":{"id":"1033991227","nom":"Avenida Carrera 72","tipo":"trunk"},"geometry":{"type":"LineString","coordinates":[[-74.14464,4.59895],[-74.14455,4.59917],[-74.14445,4.59943],[-74.14431,4.59979],[-74.14417,4.60015],[-74.14388,4.60095],[-74.14382,4.60112],[-74.14379,4.60121]]}},{"type":"Feature","properties":{"id":"1034300958","nom":"Transversal 60","tipo":"trunk"},"geometry":{"type":"LineString","coordinates":[[-74.14525,4.59347],[-74.14526,4.59383]]}},{"type":"Feature","properties":{"id":"1036111723","nom":"Avenida Calle 56A Sur","tipo":"trunk"},"geometry":{"type":"LineString","coordinates":[[-74.14013,4.57564],[-74.14017,4.57574],[-74.14024,4.5759],[-74.14052,4.57643],[-74.14063,4.57666],[-74.14065,4.57669]]}},{"type":"Feature","properties":{"id":"1036346151","nom":"Carrera 63","tipo":"tertiary"},"geometry":{"type":"LineString","coordinates":[[-74.15387,4.5965],[-74.15385,4.59656],[-74.15384,4.59659]]}},{"type":"Feature","properties":{"id":"1036892080","nom":"Transversal 60","tipo":"trunk"},"geometry":{"type":"LineString","coordinates":[[-74.14479,4.58841],[-74.14493,4.58878],[-74.14499,4.58894]]}},{"type":"Feature","properties":{"id":"1036892081","nom":"Transversal 60","tipo":"trunk"},"geometry":{"type":"LineString","coordinates":[[-74.14463,4.58801],[-74.14479,4.58841]]}},{"type":"Feature","properties":{"id":"1036892082","nom":"Transversal 60","tipo":"trunk"},"geometry":{"type":"LineString","coordinates":[[-74.14418,4.58687],[-74.14421,4.58693],[-74.14431,4.5872],[-74.14444,4.58752],[-74.1446,4.58794],[-74.14463,4.58801]]}},{"type":"Feature","properties":{"id":"1036892083","nom":"Avenida Calle 56A Sur","tipo":"trunk"},"geometry":{"type":"LineString","coordinates":[[-74.14373,4.58567],[-74.14409,4.58662]]}},{"type":"Feature","properties":{"id":"1037042214","nom":"Diagonal 62 Sur","tipo":"tertiary"},"geometry":{"type":"LineString","coordinates":[[-74.13942,4.56178],[-74.13935,4.56175],[-74.1393,4.56173],[-74.13926,4.5617],[-74.13923,4.56167],[-74.13922,4.56166],[-74.13917,4.5616]]}},{"type":"Feature","properties":{"id":"1038838708","nom":"Carrera 27","tipo":"tertiary"},"geometry":{"type":"LineString","coordinates":[[-74.12753,4.58311],[-74.1277,4.58307],[-74.12775,4.58305],[-74.12786,4.58302]]}},{"type":"Feature","properties":{"id":"1038838709","nom":"Carrera 27","tipo":"tertiary"},"geometry":{"type":"LineString","coordinates":[[-74.12713,4.58322],[-74.12716,4.58321],[-74.12753,4.58311]]}},{"type":"Feature","properties":{"id":"1038838710","nom":"Transversal 26A Bis","tipo":"residential"},"geometry":{"type":"LineString","coordinates":[[-74.12786,4.58302],[-74.12754,4.58281]]}},{"type":"Feature","properties":{"id":"1038838711","nom":"Transversal 27 Bis","tipo":"residential"},"geometry":{"type":"LineString","coordinates":[[-74.1269,4.58373],[-74.12728,4.58392],[-74.12733,4.58395],[-74.12736,4.58396]]}},{"type":"Feature","properties":{"id":"1038838712","nom":"Transversal 26B Bis","tipo":"residential"},"geometry":{"type":"LineString","coordinates":[[-74.12652,4.58307],[-74.12632,4.58344]]}},{"type":"Feature","properties":{"id":"1038838713","nom":"Carrera 27","tipo":"tertiary"},"geometry":{"type":"LineString","coordinates":[[-74.12706,4.58324],[-74.12713,4.58322]]}},{"type":"Feature","properties":{"id":"1038838714","nom":"Avenida Calle 44 Sur","tipo":"secondary"},"geometry":{"type":"LineString","coordinates":[[-74.12679,4.58259],[-74.12685,4.58275],[-74.12703,4.58317],[-74.12706,4.58324]]}},{"type":"Feature","properties":{"id":"1038838715","nom":"Avenida Calle 44 Sur","tipo":"secondary"},"geometry":{"type":"LineString","coordinates":[[-74.12706,4.58324],[-74.12708,4.58331],[-74.1272,4.58357],[-74.12736,4.58396]]}},{"type":"Feature","properties":{"id":"1038838716","nom":"Diagonal 42C Sur","tipo":"tertiary"},"geometry":{"type":"LineString","coordinates":[[-74.12548,4.57947],[-74.12549,4.57942]]}},{"type":"Feature","properties":{"id":"1038838717","nom":"Avenida Calle 44 Sur","tipo":"secondary"},"geometry":{"type":"LineString","coordinates":[[-74.12546,4.57943],[-74.12548,4.57947]]}},{"type":"Feature","properties":{"id":"1038838718","nom":"Avenida Carrera 24","tipo":"secondary"},"geometry":{"type":"LineString","coordinates":[[-74.12546,4.57943],[-74.12549,4.57942]]}},{"type":"Feature","properties":{"id":"1038838719","nom":"Carrera 22A","tipo":"residential"},"geometry":{"type":"LineString","coordinates":[[-74.1263,4.57454],[-74.12628,4.5746],[-74.12621,4.57478],[-74.12612,4.57501],[-74.126,4.5753],[-74.12586,4.57562],[-74.12573,4.57583],[-74.12556,4.57607],[-74.12544,4.57623],[-74.12534,4.57635],[-74.12522,4.57648],[-74.12511,4.5766],[-74.12504,4.57667],[-74.12494,4.57675],[-74.12472,4.5769],[-74.12456,4.577],[-74.12455,4.57701],[-74.12452,4.57702]]}},{"type":"Feature","properties":{"id":"1039066183","nom":"Carrera 50A","tipo":"residential"},"geometry":{"type":"LineString","coordinates":[[-74.12311,4.60115],[-74.1234,4.60079],[-74.12364,4.6005],[-74.12366,4.60047],[-74.12395,4.60011],[-74.12426,4.59974]]}},{"type":"Feature","properties":{"id":"1039066184","nom":"Avenida Carrera 50","tipo":"secondary"},"geometry":{"type":"LineString","coordinates":[[-74.12392,4.59941],[-74.12394,4.59938],[-74.12445,4.59876]]}},{"type":"Feature","properties":{"id":"1039066185","nom":"Calle 39A Sur","tipo":"tertiary"},"geometry":{"type":"LineString","coordinates":[[-74.12679,4.59566],[-74.12642,4.59557],[-74.12639,4.59557],[-74.12631,4.59555]]}},{"type":"Feature","properties":{"id":"1039066186","nom":"Calle 39A Sur","tipo":"residential"},"geometry":{"type":"LineString","coordinates":[[-74.12619,4.59552],[-74.12612,4.5955],[-74.12609,4.5955],[-74.12569,4.59541]]}},{"type":"Feature","properties":{"id":"1039066187","nom":"Avenida Carrera 50","tipo":"secondary"},"geometry":{"type":"LineString","coordinates":[[-74.12631,4.59555],[-74.12633,4.59547],[-74.12636,4.59536],[-74.12656,4.59448],[-74.12657,4.59443],[-74.12658,4.59441],[-74.1266,4.59438],[-74.12662,4.59434]]}},{"type":"Feature","properties":{"id":"1039402184","nom":"Carrera 26","tipo":"residential"},"geometry":{"type":"LineString","coordinates":[[-74.12657,4.58191],[-74.12651,4.58193]]}},{"type":"Feature","properties":{"id":"1039402185","nom":"Carrera 26","tipo":"residential"},"geometry":{"type":"LineString","coordinates":[[-74.12769,4.5816],[-74.12727,4.58171],[-74.12677,4.58185],[-74.12661,4.5819],[-74.12657,4.58191]]}},{"type":"Feature","properties":{"id":"1039402186","nom":"Avenida Calle 44 Sur","tipo":"secondary"},"geometry":{"type":"LineString","coordinates":[[-74.12686,4.58256],[-74.1266,4.58196]]}},{"type":"Feature","properties":{"id":"1039402187","nom":"Avenida Calle 44 Sur","tipo":"secondary"},"geometry":{"type":"LineString","coordinates":[[-74.12657,4.58191],[-74.12656,4.58188],[-74.1265,4.58173],[-74.12639,4.58146],[-74.12623,4.58108]]}},{"type":"Feature","properties":{"id":"1039404737","nom":"Calle 48C Sur","tipo":"tertiary"},"geometry":{"type":"LineString","coordinates":[[-74.12902,4.57095],[-74.12898,4.57081]]}},{"type":"Feature","properties":{"id":"1039404738","nom":"Diagonal 48 Sur","tipo":"primary"},"geometry":{"type":"LineString","coordinates":[[-74.12856,4.57073],[-74.12867,4.57075],[-74.12882,4.57078],[-74.12898,4.57081]]}},{"type":"Feature","properties":{"id":"1040355312","nom":"Avenida Calle 61 Sur","tipo":"primary"},"geometry":{"type":"LineString","coordinates":[[-74.14599,4.56855],[-74.14507,4.56792],[-74.14486,4.56778]]}},{"type":"Feature","properties":{"id":"1040355313","nom":"Avenida Calle 61 Sur","tipo":"primary"},"geometry":{"type":"LineString","coordinates":[[-74.14767,4.5697],[-74.1475,4.56959],[-74.14733,4.56947]]}},{"type":"Feature","properties":{"id":"1040917406","nom":"Avenida Calle 68 Sur","tipo":"primary"},"geometry":{"type":"LineString","coordinates":[[-74.15468,4.57528],[-74.15434,4.57482],[-74.15402,4.57442],[-74.15397,4.57437]]}},{"type":"Feature","properties":{"id":"1040917407","nom":"Avenida Calle 68 Sur","tipo":"primary"},"geometry":{"type":"LineString","coordinates":[[-74.15485,4.57553],[-74.15477,4.57541],[-74.15468,4.57528]]}},{"type":"Feature","properties":{"id":"1047874815","nom":"","tipo":"residential"},"geometry":{"type":"LineString","coordinates":[[-74.15094,4.563],[-74.15055,4.56311]]}},{"type":"Feature","properties":{"id":"1047874816","nom":"","tipo":"residential"},"geometry":{"type":"LineString","coordinates":[[-74.15093,4.56272],[-74.15047,4.56285]]}},{"type":"Feature","properties":{"id":"1049112500","nom":"","tipo":"secondary_link"},"geometry":{"type":"LineString","coordinates":[[-74.14333,4.57933],[-74.1434,4.57942]]}},{"type":"Feature","properties":{"id":"1049112501","nom":"Avenida Carrera 33","tipo":"secondary"},"geometry":{"type":"LineString","coordinates":[[-74.14319,4.57943],[-74.14315,4.57947],[-74.14309,4.57952],[-74.14304,4.57959]]}},{"type":"Feature","properties":{"id":"1049112502","nom":"","tipo":"secondary_link"},"geometry":{"type":"LineString","coordinates":[[-74.14313,4.57966],[-74.14319,4.57943]]}},{"type":"Feature","properties":{"id":"1049112503","nom":"Diagonal 58 Sur","tipo":"residential"},"geometry":{"type":"LineString","coordinates":[[-74.14324,4.5792],[-74.14331,4.5793],[-74.14333,4.57933]]}},{"type":"Feature","properties":{"id":"1049255364","nom":"Carrera 24B","tipo":"residential"},"geometry":{"type":"LineString","coordinates":[[-74.12683,4.57987],[-74.12777,4.57961]]}},{"type":"Feature","properties":{"id":"1049512336","nom":"","tipo":"residential"},"geometry":{"type":"LineString","coordinates":[[-74.14867,4.56779],[-74.14864,4.56782],[-74.14863,4.56785],[-74.14863,4.56789],[-74.14865,4.56793]]}},{"type":"Feature","properties":{"id":"1049512337","nom":"Transversal 23","tipo":"residential"},"geometry":{"type":"LineString","coordinates":[[-74.14865,4.56793],[-74.14864,4.56797],[-74.14862,4.56802],[-74.1486,4.56809],[-74.14859,4.56812],[-74.14857,4.56816],[-74.14855,4.5682]]}},{"type":"Feature","properties":{"id":"1049595141","nom":"Carrera 41A","tipo":"residential"},"geometry":{"type":"LineString","coordinates":[[-74.12542,4.59642],[-74.12546,4.5963],[-74.12569,4.59541],[-74.12589,4.59449],[-74.12595,4.59421]]}},{"type":"Feature","properties":{"id":"1052148992","nom":"Calle 60B Sur","tipo":"residential"},"geometry":{"type":"LineString","coordinates":[[-74.13758,4.56159],[-74.13842,4.56175],[-74.1387,4.5618],[-74.13876,4.56181]]}},{"type":"Feature","properties":{"id":"1052148993","nom":"Carrera 18D","tipo":"residential"},"geometry":{"type":"LineString","coordinates":[[-74.13798,4.56136],[-74.13804,4.56132],[-74.13811,4.56126],[-74.13817,4.5612],[-74.13827,4.56106]]}},{"type":"Feature","properties":{"id":"1052594266","nom":"Carrera 19A","tipo":"residential"},"geometry":{"type":"LineString","coordinates":[[-74.13778,4.56349],[-74.13687,4.56449]]}},{"type":"Feature","properties":{"id":"1052603402","nom":"Carrera 17","tipo":"residential"},"geometry":{"type":"LineString","coordinates":[[-74.12989,4.56467],[-74.12856,4.5656],[-74.12853,4.56562]]}},{"type":"Feature","properties":{"id":"1053916800","nom":"Carrera 52","tipo":"tertiary"},"geometry":{"type":"LineString","coordinates":[[-74.13192,4.59905],[-74.13215,4.59873],[-74.13218,4.5987],[-74.13242,4.59837],[-74.13259,4.59812],[-74.1327,4.59797]]}},{"type":"Feature","properties":{"id":"1053916801","nom":"Carrera 52","tipo":"tertiary"},"geometry":{"type":"LineString","coordinates":[[-74.1327,4.59797],[-74.13299,4.59757],[-74.13323,4.59723],[-74.13343,4.59695],[-74.13346,4.59691],[-74.13348,4.59688]]}},{"type":"Feature","properties":{"id":"1053916802","nom":"Calle 41 Sur","tipo":"residential"},"geometry":{"type":"LineString","coordinates":[[-74.13394,4.59882],[-74.13389,4.59879],[-74.13352,4.59855],[-74.13313,4.59829],[-74.13282,4.59809],[-74.1327,4.59797]]}},{"type":"Feature","properties":{"id":"1054691727","nom":"Calle 64C Sur","tipo":"residential"},"geometry":{"type":"LineString","coordinates":[[-74.14887,4.56758],[-74.14919,4.5678]]}},{"type":"Feature","properties":{"id":"1054705574","nom":"Carrera 29","tipo":"residential"},"geometry":{"type":"LineString","coordinates":[[-74.14933,4.56929],[-74.14956,4.56895],[-74.14958,4.56891]]}},{"type":"Feature","properties":{"id":"1054705577","nom":"Calle 63A Sur","tipo":"residential"},"geometry":{"type":"LineString","coordinates":[[-74.14932,4.56929],[-74.14915,4.56917],[-74.14897,4.56902]]}},{"type":"Feature","properties":{"id":"1054705579","nom":"Calle 63 Sur","tipo":"residential"},"geometry":{"type":"LineString","coordinates":[[-74.14895,4.56932],[-74.14865,4.56912],[-74.14847,4.569],[-74.14825,4.56884]]}},{"type":"Feature","properties":{"id":"1054771066","nom":"","tipo":"residential"},"geometry":{"type":"LineString","coordinates":[[-74.15032,4.56857],[-74.14991,4.56913]]}},{"type":"Feature","properties":{"id":"1054919050","nom":"Calle 47 Sur","tipo":"residential"},"geometry":{"type":"LineString","coordinates":[[-74.12544,4.56949],[-74.12549,4.56966],[-74.12568,4.57026]]}},{"type":"Feature","properties":{"id":"1054919051","nom":"Calle 43 Sur","tipo":"secondary"},"geometry":{"type":"LineString","coordinates":[[-74.12332,4.57495],[-74.12337,4.57497],[-74.12343,4.57498]]}},{"type":"Feature","properties":{"id":"1054919052","nom":"Carrera 19","tipo":"secondary"},"geometry":{"type":"LineString","coordinates":[[-74.12376,4.57476],[-74.12377,4.57471],[-74.12378,4.57465],[-74.12377,4.5746],[-74.12376,4.57454],[-74.12373,4.57449]]}},{"type":"Feature","properties":{"id":"1055054007","nom":"","tipo":"residential"},"geometry":{"type":"LineString","coordinates":[[-74.13522,4.56081],[-74.13546,4.56027]]}},{"type":"Feature","properties":{"id":"1055329935","nom":"Calle 36 Sur","tipo":"residential"},"geometry":{"type":"LineString","coordinates":[[-74.12648,4.59998],[-74.12714,4.60067]]}},{"type":"Feature","properties":{"id":"1055382254","nom":"Calle 37 Sur","tipo":"tertiary"},"geometry":{"type":"LineString","coordinates":[[-74.12738,4.60025],[-74.12709,4.59996],[-74.12708,4.59994],[-74.12694,4.5998],[-74.12688,4.59974],[-74.12682,4.59968]]}},{"type":"Feature","properties":{"id":"1055447027","nom":"Calle 42 Sur","tipo":"tertiary"},"geometry":{"type":"LineString","coordinates":[[-74.13468,4.59767],[-74.13471,4.59769],[-74.13508,4.59793]]}},{"type":"Feature","properties":{"id":"1055457436","nom":"Avenida Carrera 68","tipo":"secondary"},"geometry":{"type":"LineString","coordinates":[[-74.13768,4.59521],[-74.13765,4.59528],[-74.13762,4.59534],[-74.13759,4.5954],[-74.13755,4.5955],[-74.13754,4.59555],[-74.13753,4.59559],[-74.13752,4.59562],[-74.13752,4.59567],[-74.13748,4.59581],[-74.13745,4.59589],[-74.13741,4.59598],[-74.13736,4.59608],[-74.1373,4.59616],[-74.13694,4.59668],[-74.13683,4.59682],[-74.1368,4.59687],[-74.13679,4.59689],[-74.13669,4.59703],[-74.13634,4.59766]]}},{"type":"Feature","properties":{"id":"1055697983","nom":"Carrera 13A","tipo":"residential"},"geometry":{"type":"LineString","coordinates":[[-74.11994,4.56623],[-74.12008,4.56614]]}},{"type":"Feature","properties":{"id":"1055697984","nom":"Carrera 13B","tipo":"residential"},"geometry":{"type":"LineString","coordinates":[[-74.12034,4.5663],[-74.12008,4.56647]]}},{"type":"Feature","properties":{"id":"1055699223","nom":"Carrera 13 Bis","tipo":"residential"},"geometry":{"type":"LineString","coordinates":[[-74.1232,4.5647],[-74.12356,4.56453]]}},{"type":"Feature","properties":{"id":"1055731617","nom":"Transversal 13D","tipo":"residential"},"geometry":{"type":"LineString","coordinates":[[-74.12563,4.56644],[-74.12575,4.5663]]}},{"type":"Feature","properties":{"id":"1055731618","nom":"Calle 54 Sur","tipo":"tertiary"},"geometry":{"type":"LineString","coordinates":[[-74.12755,4.56227],[-74.12745,4.56206]]}},{"type":"Feature","properties":{"id":"1055731619","nom":"Calle 54 Sur","tipo":"tertiary"},"geometry":{"type":"LineString","coordinates":[[-74.12745,4.56206],[-74.12726,4.56166]]}},{"type":"Feature","properties":{"id":"1055731620","nom":"Carrera 12F","tipo":"residential"},"geometry":{"type":"LineString","coordinates":[[-74.12745,4.56206],[-74.12725,4.56216]]}},{"type":"Feature","properties":{"id":"1055743114","nom":"Carrera 13 Bis","tipo":"residential"},"geometry":{"type":"LineString","coordinates":[[-74.12765,4.56247],[-74.12785,4.56238]]}},{"type":"Feature","properties":{"id":"1055743115","nom":"Calle 54 Sur","tipo":"tertiary"},"geometry":{"type":"LineString","coordinates":[[-74.12765,4.56247],[-74.12755,4.56227]]}},{"type":"Feature","properties":{"id":"1055743116","nom":"Carrera 16D","tipo":"residential"},"geometry":{"type":"LineString","coordinates":[[-74.13124,4.56309],[-74.13164,4.56257]]}},{"type":"Feature","properties":{"id":"1055743117","nom":"Calle 57 Sur","tipo":"residential"},"geometry":{"type":"LineString","coordinates":[[-74.13039,4.56219],[-74.13042,4.56225],[-74.13067,4.56261],[-74.13095,4.56287]]}},{"type":"Feature","properties":{"id":"1055795577","nom":"Carrera 52A","tipo":"tertiary"},"geometry":{"type":"LineString","coordinates":[[-74.13633,4.59081],[-74.13621,4.59087],[-74.13617,4.59091],[-74.13613,4.59096],[-74.1361,4.591],[-74.13607,4.59106]]}},{"type":"Feature","properties":{"id":"1055959271","nom":"Avenida Calle 56A Sur","tipo":"trunk"},"geometry":{"type":"LineString","coordinates":[[-74.14217,4.57938],[-74.14206,4.57911]]}},{"type":"Feature","properties":{"id":"1055959272","nom":"Avenida Calle 56A Sur","tipo":"trunk"},"geometry":{"type":"LineString","coordinates":[[-74.14225,4.5796],[-74.14217,4.57938]]}},{"type":"Feature","properties":{"id":"1055959273","nom":"Calle 53B Sur","tipo":"residential"},"geometry":{"type":"LineString","coordinates":[[-74.14051,4.58387],[-74.14087,4.58481],[-74.14123,4.58574]]}},{"type":"Feature","properties":{"id":"1055959274","nom":"Carrera 34","tipo":"residential"},"geometry":{"type":"LineString","coordinates":[[-74.14222,4.5832],[-74.1418,4.58337],[-74.14137,4.58354],[-74.14094,4.5837],[-74.14051,4.58387]]}},{"type":"Feature","properties":{"id":"1055959275","nom":"Calle 53B Sur","tipo":"residential"},"geometry":{"type":"LineString","coordinates":[[-74.14123,4.58574],[-74.14159,4.58666]]}},{"type":"Feature","properties":{"id":"1055959276","nom":"Carrera 36A","tipo":"residential"},"geometry":{"type":"LineString","coordinates":[[-74.142,4.58544],[-74.14166,4.58557]]}},{"type":"Feature","properties":{"id":"1055959278","nom":"","tipo":"residential"},"geometry":{"type":"LineString","coordinates":[[-74.14238,4.58562],[-74.1422,4.5857]]}},{"type":"Feature","properties":{"id":"1057024299","nom":"Avenida Carrera 50","tipo":"secondary"},"geometry":{"type":"LineString","coordinates":[[-74.12327,4.6002],[-74.12387,4.59946],[-74.12389,4.59944],[-74.12392,4.59941]]}},{"type":"Feature","properties":{"id":"1057024301","nom":"Avenida Carrera 50","tipo":"secondary"},"geometry":{"type":"LineString","coordinates":[[-74.12501,4.59809],[-74.12524,4.59781],[-74.12526,4.59779],[-74.12529,4.59776]]}},{"type":"Feature","properties":{"id":"1057024302","nom":"Avenida Carrera 50","tipo":"secondary"},"geometry":{"type":"LineString","coordinates":[[-74.1261,4.5964],[-74.1262,4.596],[-74.12628,4.59568],[-74.12631,4.59555]]}},{"type":"Feature","properties":{"id":"1057024303","nom":"Calle 37 Sur","tipo":"tertiary"},"geometry":{"type":"LineString","coordinates":[[-74.12561,4.59809],[-74.12535,4.59782],[-74.12534,4.59781],[-74.12533,4.5978],[-74.12529,4.59776]]}},{"type":"Feature","properties":{"id":"1057082429","nom":"Carrera 28","tipo":"tertiary"},"geometry":{"type":"LineString","coordinates":[[-74.14041,4.57853],[-74.14084,4.57836],[-74.14106,4.57828]]}},{"type":"Feature","properties":{"id":"1057082430","nom":"Calle 55A Sur","tipo":"residential"},"geometry":{"type":"LineString","coordinates":[[-74.14041,4.57853],[-74.14004,4.57759],[-74.13983,4.57705],[-74.13982,4.57704]]}},{"type":"Feature","properties":{"id":"1058239856","nom":"Diagonal 61 Bis A Sur","tipo":"residential"},"geometry":{"type":"LineString","coordinates":[[-74.13934,4.56034],[-74.13942,4.56035],[-74.13949,4.56037]]}},{"type":"Feature","properties":{"id":"1058771610","nom":"Calle 59 Sur","tipo":"residential"},"geometry":{"type":"LineString","coordinates":[[-74.1315,4.56062],[-74.13113,4.56029]]}},{"type":"Feature","properties":{"id":"1059441963","nom":"Carrera 13C","tipo":"residential"},"geometry":{"type":"LineString","coordinates":[[-74.13053,4.56096],[-74.12997,4.56159]]}},{"type":"Feature","properties":{"id":"1059445288","nom":"Calle 59 Sur","tipo":"residential"},"geometry":{"type":"LineString","coordinates":[[-74.13113,4.56029],[-74.13079,4.55996]]}},{"type":"Feature","properties":{"id":"1059831098","nom":"Avenida Calle 56A Sur","tipo":"trunk"},"geometry":{"type":"LineString","coordinates":[[-74.14224,4.58057],[-74.14226,4.58062],[-74.14239,4.58098]]}},{"type":"Feature","properties":{"id":"1061030956","nom":"Carrera 52","tipo":"tertiary"},"geometry":{"type":"LineString","coordinates":[[-74.1308,4.60064],[-74.13083,4.6006],[-74.13109,4.60024],[-74.1311,4.60021],[-74.13166,4.59942],[-74.13167,4.5994],[-74.13189,4.5991]]}},{"type":"Feature","properties":{"id":"1061038777","nom":"Calle 51 Sur","tipo":"residential"},"geometry":{"type":"LineString","coordinates":[[-74.12847,4.56866],[-74.12883,4.56906],[-74.12919,4.56946],[-74.12956,4.56988],[-74.12968,4.57001]]}},{"type":"Feature","properties":{"id":"1061038778","nom":"Carrera 19","tipo":"residential"},"geometry":{"type":"LineString","coordinates":[[-74.13577,4.56463],[-74.13521,4.56533]]}},{"type":"Feature","properties":{"id":"1061038779","nom":"Calle 58A Sur","tipo":"residential"},"geometry":{"type":"LineString","coordinates":[[-74.13613,4.56492],[-74.13577,4.56463]]}},{"type":"Feature","properties":{"id":"1061038780","nom":"Carrera 19 Bis","tipo":"residential"},"geometry":{"type":"LineString","coordinates":[[-74.13613,4.56492],[-74.13558,4.56561]]}},{"type":"Feature","properties":{"id":"1061038781","nom":"Calle 58A Sur","tipo":"residential"},"geometry":{"type":"LineString","coordinates":[[-74.13577,4.56463],[-74.13541,4.56434],[-74.13514,4.56412],[-74.13465,4.56371]]}},{"type":"Feature","properties":{"id":"1061038782","nom":"Calle 59 Sur","tipo":"residential"},"geometry":{"type":"LineString","coordinates":[[-74.13247,4.56183],[-74.1321,4.56151]]}},{"type":"Feature","properties":{"id":"1061038783","nom":"Calle 55 Sur","tipo":"tertiary"},"geometry":{"type":"LineString","coordinates":[[-74.12989,4.56467],[-74.12946,4.56429],[-74.12905,4.56392],[-74.12903,4.5639]]}},{"type":"Feature","properties":{"id":"1061156501","nom":"Avenida Calle 44 Sur","tipo":"secondary"},"geometry":{"type":"LineString","coordinates":[[-74.12759,4.58453],[-74.12773,4.58484],[-74.12776,4.58491]]}},{"type":"Feature","properties":{"id":"1061156502","nom":"Avenida Calle 44 Sur","tipo":"secondary"},"geometry":{"type":"LineString","coordinates":[[-74.12811,4.58554],[-74.12789,4.58505],[-74.12785,4.58494],[-74.12783,4.58489]]}},{"type":"Feature","properties":{"id":"1061282680","nom":"Carrera 54","tipo":"tertiary"},"geometry":{"type":"LineString","coordinates":[[-74.14219,4.58925],[-74.14217,4.58919],[-74.14213,4.58904],[-74.14205,4.58882],[-74.14188,4.58849]]}},{"type":"Feature","properties":{"id":"1061282681","nom":"Carrera 54","tipo":"tertiary"},"geometry":{"type":"LineString","coordinates":[[-74.14217,4.59035],[-74.14218,4.59027],[-74.14223,4.58996],[-74.14224,4.58981],[-74.14223,4.58966],[-74.1422,4.58938],[-74.14219,4.58925]]}},{"type":"Feature","properties":{"id":"1061282682","nom":"Carrera 54","tipo":"tertiary"},"geometry":{"type":"LineString","coordinates":[[-74.1417,4.59221],[-74.14169,4.59226],[-74.14163,4.59256],[-74.14154,4.59299],[-74.14152,4.59307],[-74.14151,4.59313]]}},{"type":"Feature","properties":{"id":"1061282683","nom":"Diagonal 50 Sur","tipo":"residential"},"geometry":{"type":"LineString","coordinates":[[-74.14197,4.59131],[-74.14202,4.59132],[-74.14315,4.59156]]}},{"type":"Feature","properties":{"id":"1061282684","nom":"Diagonal 50 Sur","tipo":"residential"},"geometry":{"type":"LineString","coordinates":[[-74.14188,4.59129],[-74.14197,4.59131]]}},{"type":"Feature","properties":{"id":"1061325288","nom":"Avenida Carrera 33","tipo":"secondary"},"geometry":{"type":"LineString","coordinates":[[-74.13998,4.58252],[-74.1398,4.58267],[-74.13964,4.58282],[-74.13961,4.58284]]}},{"type":"Feature","properties":{"id":"1061325289","nom":"Calle 53B Sur","tipo":"residential"},"geometry":{"type":"LineString","coordinates":[[-74.14016,4.58292],[-74.14051,4.58387]]}},{"type":"Feature","properties":{"id":"1061325290","nom":"Calle 53B Sur","tipo":"residential"},"geometry":{"type":"LineString","coordinates":[[-74.13998,4.58252],[-74.13999,4.58255],[-74.14003,4.58263],[-74.14016,4.58292]]}},{"type":"Feature","properties":{"id":"1061325291","nom":"Avenida Carrera 33","tipo":"secondary"},"geometry":{"type":"LineString","coordinates":[[-74.14035,4.5822],[-74.13998,4.58252]]}},{"type":"Feature","properties":{"id":"1061325292","nom":"Calle 54 Sur","tipo":"residential"},"geometry":{"type":"LineString","coordinates":[[-74.14058,4.58276],[-74.14094,4.5837],[-74.14131,4.58464]]}},{"type":"Feature","properties":{"id":"1061325293","nom":"Calle 54 Sur","tipo":"residential"},"geometry":{"type":"LineString","coordinates":[[-74.14035,4.5822],[-74.14037,4.58223],[-74.1404,4.58232],[-74.14043,4.58238],[-74.14058,4.58276]]}},{"type":"Feature","properties":{"id":"1061325294","nom":"Avenida Carrera 33","tipo":"secondary"},"geometry":{"type":"LineString","coordinates":[[-74.14072,4.58188],[-74.14035,4.5822]]}},{"type":"Feature","properties":{"id":"1061325295","nom":"Avenida Carrera 33","tipo":"secondary"},"geometry":{"type":"LineString","coordinates":[[-74.14224,4.58057],[-74.14219,4.58061],[-74.14184,4.58091]]}},{"type":"Feature","properties":{"id":"1061325296","nom":"Calle 54A Sur","tipo":"residential"},"geometry":{"type":"LineString","coordinates":[[-74.141,4.5826],[-74.14137,4.58354],[-74.14173,4.58447],[-74.14204,4.58526]]}},{"type":"Feature","properties":{"id":"1061325297","nom":"Calle 54A Sur","tipo":"residential"},"geometry":{"type":"LineString","coordinates":[[-74.14072,4.58188],[-74.14074,4.58193],[-74.14077,4.582],[-74.1408,4.58209],[-74.141,4.5826]]}},{"type":"Feature","properties":{"id":"1061590101","nom":"Avenida Carrera 33","tipo":"secondary"},"geometry":{"type":"LineString","coordinates":[[-74.1411,4.58155],[-74.14107,4.58157],[-74.14072,4.58188]]}},{"type":"Feature","properties":{"id":"1061590102","nom":"Calle 55 Sur","tipo":"residential"},"geometry":{"type":"LineString","coordinates":[[-74.14143,4.58243],[-74.14112,4.5816],[-74.1411,4.58155]]}},{"type":"Feature","properties":{"id":"1061590103","nom":"Carrera 33A","tipo":"residential"},"geometry":{"type":"LineString","coordinates":[[-74.13904,4.58334],[-74.13928,4.58326]]}},{"type":"Feature","properties":{"id":"1061590104","nom":"Calle 53 Sur","tipo":"residential"},"geometry":{"type":"LineString","coordinates":[[-74.13928,4.58326],[-74.13929,4.58329],[-74.13965,4.5842]]}},{"type":"Feature","properties":{"id":"1061624537","nom":"Carrera 35","tipo":"residential"},"geometry":{"type":"LineString","coordinates":[[-74.13731,4.58579],[-74.13772,4.58558]]}},{"type":"Feature","properties":{"id":"1061624538","nom":"Calle 51A Sur","tipo":"residential"},"geometry":{"type":"LineString","coordinates":[[-74.13731,4.58579],[-74.13689,4.58497],[-74.13688,4.58494]]}},{"type":"Feature","properties":{"id":"1061624539","nom":"Carrera 32","tipo":"residential"},"geometry":{"type":"LineString","coordinates":[[-74.13697,4.58366],[-74.13661,4.58396]]}},{"type":"Feature","properties":{"id":"1061624540","nom":"Diagonal 51B Sur","tipo":"residential"},"geometry":{"type":"LineString","coordinates":[[-74.13661,4.58396],[-74.13594,4.58321]]}},{"type":"Feature","properties":{"id":"1061624541","nom":"Diagonal 51B Sur","tipo":"residential"},"geometry":{"type":"LineString","coordinates":[[-74.13725,4.58471],[-74.13724,4.58469],[-74.13702,4.58445],[-74.13661,4.58396]]}},{"type":"Feature","properties":{"id":"1061624542","nom":"Carrera 32","tipo":"residential"},"geometry":{"type":"LineString","coordinates":[[-74.13731,4.58337],[-74.13697,4.58366]]}},{"type":"Feature","properties":{"id":"1061624543","nom":"Diagonal 52 Sur","tipo":"residential"},"geometry":{"type":"LineString","coordinates":[[-74.13697,4.58366],[-74.13629,4.58292]]}},{"type":"Feature","properties":{"id":"1061624544","nom":"Carrera 32","tipo":"residential"},"geometry":{"type":"LineString","coordinates":[[-74.13767,4.58308],[-74.13731,4.58337]]}},{"type":"Feature","properties":{"id":"1061624545","nom":"Carrera 32","tipo":"residential"},"geometry":{"type":"LineString","coordinates":[[-74.13849,4.5825],[-74.1381,4.58273],[-74.13806,4.58275],[-74.13802,4.58279],[-74.13767,4.58308]]}},{"type":"Feature","properties":{"id":"1061624546","nom":"Diagonal 52A Sur","tipo":"residential"},"geometry":{"type":"LineString","coordinates":[[-74.13731,4.58337],[-74.13665,4.58262]]}},{"type":"Feature","properties":{"id":"1061624547","nom":"Diagonal 52A Sur","tipo":"residential"},"geometry":{"type":"LineString","coordinates":[[-74.13797,4.58413],[-74.13796,4.58412],[-74.13731,4.58337]]}},{"type":"Feature","properties":{"id":"1061624548","nom":"Carrera 32","tipo":"residential"},"geometry":{"type":"LineString","coordinates":[[-74.13935,4.58217],[-74.13892,4.58234]]}},{"type":"Feature","properties":{"id":"1061624549","nom":"Carrera 32","tipo":"residential"},"geometry":{"type":"LineString","coordinates":[[-74.13892,4.58234],[-74.13849,4.5825]]}},{"type":"Feature","properties":{"id":"1061624550","nom":"Carrera 32","tipo":"residential"},"geometry":{"type":"LineString","coordinates":[[-74.14108,4.58149],[-74.14104,4.58151],[-74.14064,4.58167],[-74.14021,4.58184],[-74.13978,4.582],[-74.13946,4.58213],[-74.13935,4.58217]]}},{"type":"Feature","properties":{"id":"1061624551","nom":"Calle 53 Sur","tipo":"residential"},"geometry":{"type":"LineString","coordinates":[[-74.13892,4.58234],[-74.13893,4.58235],[-74.13908,4.58275],[-74.13923,4.58313],[-74.13924,4.58316]]}},{"type":"Feature","properties":{"id":"1061624552","nom":"Diagonal 52A Sur","tipo":"residential"},"geometry":{"type":"LineString","coordinates":[[-74.13665,4.58262],[-74.13598,4.58187],[-74.13583,4.5817]]}},{"type":"Feature","properties":{"id":"1061624553","nom":"Avenida Carrera 33","tipo":"secondary"},"geometry":{"type":"LineString","coordinates":[[-74.13797,4.58413],[-74.13762,4.58443]]}},{"type":"Feature","properties":{"id":"1061624554","nom":"Diagonal 52 Sur","tipo":"residential"},"geometry":{"type":"LineString","coordinates":[[-74.13762,4.58443],[-74.1376,4.58441],[-74.13697,4.58366]]}},{"type":"Feature","properties":{"id":"1061624555","nom":"Diagonal 52 Sur","tipo":"residential"},"geometry":{"type":"LineString","coordinates":[[-74.13815,4.58535],[-74.1381,4.58507],[-74.13808,4.585],[-74.13807,4.58497],[-74.13804,4.58492],[-74.13763,4.58444],[-74.13762,4.58443]]}},{"type":"Feature","properties":{"id":"1061624556","nom":"Avenida Carrera 33","tipo":"secondary"},"geometry":{"type":"LineString","coordinates":[[-74.13762,4.58443],[-74.13731,4.58467]]}},{"type":"Feature","properties":{"id":"1061624557","nom":"Carrera 28","tipo":"tertiary"},"geometry":{"type":"LineString","coordinates":[[-74.13674,4.57994],[-74.13681,4.57989],[-74.13687,4.57986],[-74.13694,4.57984],[-74.13698,4.57982],[-74.1374,4.57967],[-74.13783,4.57952],[-74.13825,4.57936],[-74.1387,4.5792],[-74.1389,4.57912],[-74.13912,4.57903],[-74.13957,4.57886],[-74.13998,4.5787],[-74.14017,4.57862],[-74.14041,4.57853]]}},{"type":"Feature","properties":{"id":"1061624558","nom":"Carrera 28","tipo":"tertiary"},"geometry":{"type":"LineString","coordinates":[[-74.13638,4.58024],[-74.13674,4.57994]]}},{"type":"Feature","properties":{"id":"1061666212","nom":"Transversal 44","tipo":"tertiary"},"geometry":{"type":"LineString","coordinates":[[-74.14409,4.58662],[-74.14404,4.58665],[-74.14341,4.58702],[-74.14337,4.58706],[-74.14324,4.58724],[-74.14322,4.58726],[-74.14318,4.58729],[-74.14311,4.58732],[-74.14246,4.58762]]}},{"type":"Feature","properties":{"id":"1061666213","nom":"Transversal 44","tipo":"tertiary"},"geometry":{"type":"LineString","coordinates":[[-74.14246,4.58762],[-74.14205,4.58784],[-74.14174,4.588],[-74.14171,4.58802],[-74.14165,4.58805]]}},{"type":"Feature","properties":{"id":"1061666215","nom":"Calle 53B Sur","tipo":"residential"},"geometry":{"type":"LineString","coordinates":[[-74.14196,4.5876],[-74.14203,4.5878],[-74.14205,4.58784]]}},{"type":"Feature","properties":{"id":"1061666216","nom":"Calle 53B Sur","tipo":"residential"},"geometry":{"type":"LineString","coordinates":[[-74.14159,4.58666],[-74.14196,4.5876]]}},{"type":"Feature","properties":{"id":"1061666217","nom":"Carrera 38A","tipo":"residential"},"geometry":{"type":"LineString","coordinates":[[-74.1424,4.58744],[-74.14196,4.5876]]}},{"type":"Feature","properties":{"id":"1061666219","nom":"Calle 54A Sur","tipo":"residential"},"geometry":{"type":"LineString","coordinates":[[-74.14313,4.58713],[-74.14262,4.58668]]}},{"type":"Feature","properties":{"id":"1061666220","nom":"Carrera 38A","tipo":"residential"},"geometry":{"type":"LineString","coordinates":[[-74.14313,4.58713],[-74.1424,4.58744]]}},{"type":"Feature","properties":{"id":"1061681297","nom":"Calle 53 Sur","tipo":"residential"},"geometry":{"type":"LineString","coordinates":[[-74.1411,4.58793],[-74.14111,4.58795],[-74.14121,4.58822],[-74.14123,4.58827]]}},{"type":"Feature","properties":{"id":"1061681298","nom":"Calle 53 Sur","tipo":"residential"},"geometry":{"type":"LineString","coordinates":[[-74.14074,4.58701],[-74.1411,4.58793]]}},{"type":"Feature","properties":{"id":"1061681299","nom":"Carrera 38A","tipo":"residential"},"geometry":{"type":"LineString","coordinates":[[-74.14152,4.58776],[-74.14151,4.58777],[-74.1411,4.58793],[-74.14066,4.58811]]}},{"type":"Feature","properties":{"id":"1061681300","nom":"Calle 53A Sur","tipo":"residential"},"geometry":{"type":"LineString","coordinates":[[-74.14165,4.58805],[-74.14163,4.58801],[-74.14162,4.588],[-74.14158,4.58793],[-74.14152,4.58776]]}},{"type":"Feature","properties":{"id":"1061681302","nom":"Carrera 38A","tipo":"residential"},"geometry":{"type":"LineString","coordinates":[[-74.14196,4.5876],[-74.14152,4.58776]]}},{"type":"Feature","properties":{"id":"1061696723","nom":"Calle 52 Sur","tipo":"residential"},"geometry":{"type":"LineString","coordinates":[[-74.13951,4.58802],[-74.13996,4.58889],[-74.13998,4.58892]]}},{"type":"Feature","properties":{"id":"1061696724","nom":"Calle 52 Sur","tipo":"residential"},"geometry":{"type":"LineString","coordinates":[[-74.13906,4.58714],[-74.13951,4.58802]]}},{"type":"Feature","properties":{"id":"1061696725","nom":"Carrera 38","tipo":"residential"},"geometry":{"type":"LineString","coordinates":[[-74.13951,4.58802],[-74.13992,4.58781]]}},{"type":"Feature","properties":{"id":"1061696726","nom":"Carrera 38","tipo":"residential"},"geometry":{"type":"LineString","coordinates":[[-74.1391,4.58824],[-74.13951,4.58802]]}},{"type":"Feature","properties":{"id":"1061696727","nom":"Calle 53B Sur","tipo":"residential"},"geometry":{"type":"LineString","coordinates":[[-74.13978,4.582],[-74.13997,4.58249],[-74.13998,4.58252]]}},{"type":"Feature","properties":{"id":"1061696728","nom":"Carrera 35A","tipo":"residential"},"geometry":{"type":"LineString","coordinates":[[-74.14131,4.58464],[-74.14173,4.58447],[-74.14216,4.58431]]}},{"type":"Feature","properties":{"id":"1061696729","nom":"Carrera 35A","tipo":"residential"},"geometry":{"type":"LineString","coordinates":[[-74.14087,4.58481],[-74.14131,4.58464]]}},{"type":"Feature","properties":{"id":"1061696730","nom":"Carrera 36A","tipo":"residential"},"geometry":{"type":"LineString","coordinates":[[-74.14166,4.58557],[-74.14123,4.58574]]}},{"type":"Feature","properties":{"id":"1061696731","nom":"Calle 54 Sur","tipo":"residential"},"geometry":{"type":"LineString","coordinates":[[-74.14131,4.58464],[-74.14166,4.58557]]}},{"type":"Feature","properties":{"id":"1061707480","nom":"Carrera 33A","tipo":"residential"},"geometry":{"type":"LineString","coordinates":[[-74.13972,4.58309],[-74.14016,4.58292]]}},{"type":"Feature","properties":{"id":"1061707481","nom":"Carrera 33A","tipo":"residential"},"geometry":{"type":"LineString","coordinates":[[-74.13928,4.58326],[-74.13932,4.58324],[-74.13938,4.58322],[-74.1397,4.5831],[-74.13972,4.58309]]}},{"type":"Feature","properties":{"id":"1061707482","nom":"Calle 49 Sur","tipo":"residential"},"geometry":{"type":"LineString","coordinates":[[-74.13313,4.58347],[-74.13337,4.58445],[-74.13359,4.58533],[-74.1336,4.58537]]}},{"type":"Feature","properties":{"id":"1061707483","nom":"Calle 49 Sur","tipo":"residential"},"geometry":{"type":"LineString","coordinates":[[-74.13289,4.58249],[-74.13313,4.58347]]}},{"type":"Feature","properties":{"id":"1061707484","nom":"Carrera 28","tipo":"tertiary"},"geometry":{"type":"LineString","coordinates":[[-74.13289,4.58249],[-74.13305,4.58245],[-74.13333,4.58238]]}},{"type":"Feature","properties":{"id":"1061707485","nom":"Carrera 28","tipo":"tertiary"},"geometry":{"type":"LineString","coordinates":[[-74.13244,4.58261],[-74.13289,4.58249]]}},{"type":"Feature","properties":{"id":"1061707486","nom":"Calle 49B Sur","tipo":"residential"},"geometry":{"type":"LineString","coordinates":[[-74.13378,4.58226],[-74.13402,4.58325]]}},{"type":"Feature","properties":{"id":"1061707487","nom":"Calle 49B Sur","tipo":"residential"},"geometry":{"type":"LineString","coordinates":[[-74.13355,4.58129],[-74.13357,4.58136],[-74.13378,4.58226]]}},{"type":"Feature","properties":{"id":"1061707488","nom":"Carrera 28","tipo":"tertiary"},"geometry":{"type":"LineString","coordinates":[[-74.13333,4.58238],[-74.13378,4.58226]]}},{"type":"Feature","properties":{"id":"1061707489","nom":"Carrera 28","tipo":"tertiary"},"geometry":{"type":"LineString","coordinates":[[-74.13378,4.58226],[-74.13391,4.58221],[-74.13401,4.58217],[-74.1341,4.58211],[-74.13416,4.58207],[-74.13418,4.58206],[-74.1342,4.58205]]}},{"type":"Feature","properties":{"id":"1061707490","nom":"Carrera 28","tipo":"tertiary"},"geometry":{"type":"LineString","coordinates":[[-74.13426,4.582],[-74.13429,4.58198],[-74.13461,4.58171],[-74.13497,4.58139],[-74.13531,4.58111],[-74.13568,4.58081]]}},{"type":"Feature","properties":{"id":"1061707491","nom":"Carrera 28","tipo":"tertiary"},"geometry":{"type":"LineString","coordinates":[[-74.1342,4.58205],[-74.13426,4.582]]}},{"type":"Feature","properties":{"id":"1061707492","nom":"Calle 50 Sur","tipo":"residential"},"geometry":{"type":"LineString","coordinates":[[-74.1342,4.58205],[-74.1342,4.58208],[-74.13421,4.5821],[-74.13446,4.58308]]}},{"type":"Feature","properties":{"id":"1061707493","nom":"Diagonal 52C Sur","tipo":"residential"},"geometry":{"type":"LineString","coordinates":[[-74.13669,4.58128],[-74.13602,4.58053]]}},{"type":"Feature","properties":{"id":"1061707494","nom":"Diagonal 52C Sur","tipo":"residential"},"geometry":{"type":"LineString","coordinates":[[-74.13735,4.58205],[-74.13669,4.58128]]}},{"type":"Feature","properties":{"id":"1061707495","nom":"Carrera 28","tipo":"tertiary"},"geometry":{"type":"LineString","coordinates":[[-74.13602,4.58053],[-74.13638,4.58024]]}},{"type":"Feature","properties":{"id":"1061707496","nom":"Carrera 28","tipo":"tertiary"},"geometry":{"type":"LineString","coordinates":[[-74.13568,4.58081],[-74.13602,4.58053]]}},{"type":"Feature","properties":{"id":"1061789517","nom":"Calle 37 Sur","tipo":"residential"},"geometry":{"type":"LineString","coordinates":[[-74.12607,4.5991],[-74.12535,4.59841]]}},{"type":"Feature","properties":{"id":"1062036955","nom":"Calle 41 Sur","tipo":"residential"},"geometry":{"type":"LineString","coordinates":[[-74.1327,4.59797],[-74.13263,4.59789],[-74.13244,4.59774]]}},{"type":"Feature","properties":{"id":"1062132876","nom":"Carrera 51","tipo":"tertiary"},"geometry":{"type":"LineString","coordinates":[[-74.12913,4.5968],[-74.12879,4.59723]]}},{"type":"Feature","properties":{"id":"1062132878","nom":"Carrera 50C","tipo":"residential"},"geometry":{"type":"LineString","coordinates":[[-74.12864,4.59644],[-74.12895,4.59606],[-74.12925,4.59569],[-74.12956,4.5953],[-74.12986,4.59493]]}},{"type":"Feature","properties":{"id":"1062132879","nom":"Carrera 50C","tipo":"residential"},"geometry":{"type":"LineString","coordinates":[[-74.12831,4.59684],[-74.12864,4.59644]]}},{"type":"Feature","properties":{"id":"1062132880","nom":"Carrera 50C","tipo":"residential"},"geometry":{"type":"LineString","coordinates":[[-74.12796,4.59727],[-74.12831,4.59684]]}},{"type":"Feature","properties":{"id":"1062132881","nom":"Calle 39A Sur","tipo":"tertiary"},"geometry":{"type":"LineString","coordinates":[[-74.12831,4.59684],[-74.12754,4.59621],[-74.12733,4.59603]]}},{"type":"Feature","properties":{"id":"1062132882","nom":"Carrera 50A","tipo":"residential"},"geometry":{"type":"LineString","coordinates":[[-74.12733,4.59603],[-74.12764,4.59564]]}},{"type":"Feature","properties":{"id":"1062132884","nom":"Carrera 50 Bis A","tipo":"residential"},"geometry":{"type":"LineString","coordinates":[[-74.12761,4.59498],[-74.1273,4.59536],[-74.12698,4.59575]]}},{"type":"Feature","properties":{"id":"1062132885","nom":"Calle 39A Sur","tipo":"tertiary"},"geometry":{"type":"LineString","coordinates":[[-74.12733,4.59603],[-74.12698,4.59575]]}},{"type":"Feature","properties":{"id":"1062132886","nom":"Carrera 50 Bis A","tipo":"residential"},"geometry":{"type":"LineString","coordinates":[[-74.12698,4.59575],[-74.1265,4.59632]]}},{"type":"Feature","properties":{"id":"1062132887","nom":"Carrera 50 Bis","tipo":"residential"},"geometry":{"type":"LineString","coordinates":[[-74.12693,4.59507],[-74.12692,4.59508],[-74.12679,4.59566]]}},{"type":"Feature","properties":{"id":"1062132888","nom":"Calle 39A Sur","tipo":"tertiary"},"geometry":{"type":"LineString","coordinates":[[-74.12698,4.59575],[-74.12694,4.59572],[-74.12689,4.5957],[-74.12685,4.59568],[-74.12679,4.59566]]}},{"type":"Feature","properties":{"id":"1062132889","nom":"Carrera 50 Bis","tipo":"residential"},"geometry":{"type":"LineString","coordinates":[[-74.12703,4.59469],[-74.127,4.59474],[-74.12699,4.5948],[-74.12693,4.59507]]}},{"type":"Feature","properties":{"id":"1062141481","nom":"Calle 39 Sur","tipo":"tertiary"},"geometry":{"type":"LineString","coordinates":[[-74.13721,4.60045],[-74.13668,4.59948],[-74.13667,4.59947],[-74.13665,4.59943]]}},{"type":"Feature","properties":{"id":"1062141483","nom":"Carrera 68A","tipo":"residential"},"geometry":{"type":"LineString","coordinates":[[-74.13683,4.59913],[-74.13687,4.59908],[-74.13699,4.59889]]}},{"type":"Feature","properties":{"id":"1062141484","nom":"Calle 42 Sur","tipo":"tertiary"},"geometry":{"type":"LineString","coordinates":[[-74.13508,4.59793],[-74.13544,4.59817]]}},{"type":"Feature","properties":{"id":"1062141485","nom":"Carrera 52C","tipo":"tertiary"},"geometry":{"type":"LineString","coordinates":[[-74.13443,4.59805],[-74.13447,4.598],[-74.13465,4.59771],[-74.13468,4.59767]]}},{"type":"Feature","properties":{"id":"1062141486","nom":"Carrera 52B","tipo":"residential"},"geometry":{"type":"LineString","coordinates":[[-74.13474,4.59671],[-74.1343,4.59737],[-74.13428,4.59741]]}},{"type":"Feature","properties":{"id":"1062141487","nom":"Calle 42 Sur","tipo":"tertiary"},"geometry":{"type":"LineString","coordinates":[[-74.13428,4.59741],[-74.13465,4.59765],[-74.13468,4.59767]]}},{"type":"Feature","properties":{"id":"1062141488","nom":"Carrera 52A","tipo":"residential"},"geometry":{"type":"LineString","coordinates":[[-74.13362,4.59754],[-74.13387,4.59718],[-74.13389,4.59715]]}},{"type":"Feature","properties":{"id":"1062141489","nom":"Calle 42 Sur","tipo":"tertiary"},"geometry":{"type":"LineString","coordinates":[[-74.13389,4.59715],[-74.13423,4.59737],[-74.13428,4.59741]]}},{"type":"Feature","properties":{"id":"1062141491","nom":"Carrera 52","tipo":"tertiary"},"geometry":{"type":"LineString","coordinates":[[-74.13387,4.59627],[-74.13352,4.59681],[-74.1335,4.59684],[-74.13348,4.59688]]}},{"type":"Feature","properties":{"id":"1062141492","nom":"Calle 42 Sur","tipo":"residential"},"geometry":{"type":"LineString","coordinates":[[-74.13248,4.59608],[-74.13266,4.59623],[-74.13282,4.59635]]}},{"type":"Feature","properties":{"id":"1062141493","nom":"Carrera 51D Bis","tipo":"residential"},"geometry":{"type":"LineString","coordinates":[[-74.13307,4.59594],[-74.13299,4.5961],[-74.13292,4.59621],[-74.13282,4.59635]]}},{"type":"Feature","properties":{"id":"1062141495","nom":"Calle 42 Sur","tipo":"residential"},"geometry":{"type":"LineString","coordinates":[[-74.13228,4.59591],[-74.13248,4.59608]]}},{"type":"Feature","properties":{"id":"1062141496","nom":"Calle 42 Sur","tipo":"residential"},"geometry":{"type":"LineString","coordinates":[[-74.13206,4.59573],[-74.13224,4.59588]]}},{"type":"Feature","properties":{"id":"1062141497","nom":"Calle 42 Sur","tipo":"residential"},"geometry":{"type":"LineString","coordinates":[[-74.13224,4.59588],[-74.13228,4.59591]]}},{"type":"Feature","properties":{"id":"1062141498","nom":"Calle 42 Sur","tipo":"residential"},"geometry":{"type":"LineString","coordinates":[[-74.13188,4.59558],[-74.13206,4.59573]]}},{"type":"Feature","properties":{"id":"1062141499","nom":"Calle 42 Sur","tipo":"residential"},"geometry":{"type":"LineString","coordinates":[[-74.13162,4.59541],[-74.13168,4.59544],[-74.13173,4.59546],[-74.13176,4.59548],[-74.13188,4.59558]]}},{"type":"Feature","properties":{"id":"1062141500","nom":"Calle 42 Sur","tipo":"residential"},"geometry":{"type":"LineString","coordinates":[[-74.13136,4.5953],[-74.13132,4.59528],[-74.13129,4.59525],[-74.13108,4.59507],[-74.13104,4.59503]]}},{"type":"Feature","properties":{"id":"1062141501","nom":"Carrera 51B","tipo":"residential"},"geometry":{"type":"LineString","coordinates":[[-74.13178,4.59499],[-74.13173,4.59511],[-74.13165,4.59534],[-74.13162,4.59541]]}},{"type":"Feature","properties":{"id":"1062141502","nom":"Carrera 51B","tipo":"residential"},"geometry":{"type":"LineString","coordinates":[[-74.13162,4.59541],[-74.13157,4.59549],[-74.13147,4.59563],[-74.13137,4.59576]]}},{"type":"Feature","properties":{"id":"1062141503","nom":"Carrera 51B","tipo":"residential"},"geometry":{"type":"LineString","coordinates":[[-74.13217,4.59403],[-74.13214,4.59412],[-74.1321,4.59422],[-74.13193,4.59463],[-74.13186,4.5948],[-74.13178,4.59499]]}},{"type":"Feature","properties":{"id":"1062141504","nom":"Calle 42 Sur","tipo":"residential"},"geometry":{"type":"LineString","coordinates":[[-74.13104,4.59503],[-74.13074,4.59477]]}},{"type":"Feature","properties":{"id":"1062141505","nom":"Carrera 51","tipo":"tertiary"},"geometry":{"type":"LineString","coordinates":[[-74.13094,4.59452],[-74.13074,4.59477]]}},{"type":"Feature","properties":{"id":"1062141506","nom":"Carrera 51","tipo":"tertiary"},"geometry":{"type":"LineString","coordinates":[[-74.13032,4.5953],[-74.13015,4.59552],[-74.12989,4.59584],[-74.12964,4.59616]]}},{"type":"Feature","properties":{"id":"1062141508","nom":"Carrera 51","tipo":"tertiary"},"geometry":{"type":"LineString","coordinates":[[-74.13074,4.59477],[-74.13039,4.59521]]}},{"type":"Feature","properties":{"id":"1062141510","nom":"Carrera 51","tipo":"tertiary"},"geometry":{"type":"LineString","coordinates":[[-74.12964,4.59616],[-74.12942,4.59644]]}},{"type":"Feature","properties":{"id":"1062141511","nom":"Calle 40A Sur","tipo":"residential"},"geometry":{"type":"LineString","coordinates":[[-74.12942,4.59644],[-74.12895,4.59606]]}},{"type":"Feature","properties":{"id":"1062141512","nom":"Carrera 51","tipo":"tertiary"},"geometry":{"type":"LineString","coordinates":[[-74.12942,4.59644],[-74.12913,4.5968]]}},{"type":"Feature","properties":{"id":"1062205681","nom":"Avenida Calle 56A Sur","tipo":"trunk"},"geometry":{"type":"LineString","coordinates":[[-74.14338,4.58483],[-74.14373,4.58567]]}},{"type":"Feature","properties":{"id":"1062205682","nom":"Avenida Calle 56A Sur","tipo":"trunk"},"geometry":{"type":"LineString","coordinates":[[-74.14239,4.58098],[-74.14259,4.58146]]}},{"type":"Feature","properties":{"id":"1062205683","nom":"Avenida Calle 56A Sur","tipo":"trunk"},"geometry":{"type":"LineString","coordinates":[[-74.14241,4.58074],[-74.14263,4.58129]]}},{"type":"Feature","properties":{"id":"1062205684","nom":"Avenida Calle 56A Sur","tipo":"trunk"},"geometry":{"type":"LineString","coordinates":[[-74.14129,4.57819],[-74.14137,4.57835],[-74.14153,4.57873],[-74.14167,4.57911],[-74.14188,4.57965],[-74.14203,4.58003]]}},{"type":"Feature","properties":{"id":"1062205685","nom":"Avenida Calle 56A Sur","tipo":"trunk"},"geometry":{"type":"LineString","coordinates":[[-74.14087,4.57736],[-74.14129,4.57819]]}},{"type":"Feature","properties":{"id":"1062205686","nom":"Avenida Calle 56A Sur","tipo":"trunk"},"geometry":{"type":"LineString","coordinates":[[-74.14081,4.57724],[-74.14087,4.57736]]}},{"type":"Feature","properties":{"id":"1062205687","nom":"Avenida Calle 56A Sur","tipo":"trunk"},"geometry":{"type":"LineString","coordinates":[[-74.13949,4.57322],[-74.13951,4.57331],[-74.13957,4.57355],[-74.13967,4.57396]]}},{"type":"Feature","properties":{"id":"1062205688","nom":"Avenida Calle 58A Sur","tipo":"trunk"},"geometry":{"type":"LineString","coordinates":[[-74.13805,4.56776],[-74.13807,4.56786],[-74.13808,4.56796],[-74.13814,4.56824],[-74.13823,4.56858],[-74.13826,4.56872],[-74.13833,4.56902]]}},{"type":"Feature","properties":{"id":"1062205689","nom":"Avenida Calle 58A Sur","tipo":"trunk"},"geometry":{"type":"LineString","coordinates":[[-74.13805,4.56766],[-74.13805,4.56776]]}},{"type":"Feature","properties":{"id":"1062205690","nom":"Avenida Calle 59A Sur","tipo":"trunk"},"geometry":{"type":"LineString","coordinates":[[-74.13819,4.56587],[-74.13816,4.56605],[-74.1381,4.56641],[-74.13807,4.5666],[-74.13805,4.56675],[-74.13804,4.56684],[-74.13804,4.56692]]}},{"type":"Feature","properties":{"id":"1062872795","nom":"Carrera 21A","tipo":"residential"},"geometry":{"type":"LineString","coordinates":[[-74.14947,4.56471],[-74.15016,4.5645]]}},{"type":"Feature","properties":{"id":"1062872796","nom":"Calle 67 Sur","tipo":"residential"},"geometry":{"type":"LineString","coordinates":[[-74.14947,4.56471],[-74.14933,4.56427]]}},{"type":"Feature","properties":{"id":"1062872797","nom":"Calle 67 Sur","tipo":"residential"},"geometry":{"type":"LineString","coordinates":[[-74.14933,4.56427],[-74.1492,4.56381],[-74.14907,4.56339],[-74.14894,4.56297],[-74.14887,4.56261]]}},{"type":"Feature","properties":{"id":"1062872798","nom":"Carrera 21","tipo":"residential"},"geometry":{"type":"LineString","coordinates":[[-74.14933,4.56427],[-74.15002,4.56404]]}},{"type":"Feature","properties":{"id":"1062878182","nom":"Calle 67 Sur","tipo":"residential"},"geometry":{"type":"LineString","coordinates":[[-74.14986,4.56601],[-74.14973,4.56557]]}},{"type":"Feature","properties":{"id":"1062878183","nom":"Carrera 22B","tipo":"residential"},"geometry":{"type":"LineString","coordinates":[[-74.14986,4.56601],[-74.15054,4.5658]]}},{"type":"Feature","properties":{"id":"1062878184","nom":"Calle 67 Sur","tipo":"residential"},"geometry":{"type":"LineString","coordinates":[[-74.14973,4.56557],[-74.1496,4.56516]]}},{"type":"Feature","properties":{"id":"1062878185","nom":"Carrera 22A","tipo":"residential"},"geometry":{"type":"LineString","coordinates":[[-74.15041,4.56536],[-74.14973,4.56557]]}},{"type":"Feature","properties":{"id":"1062878186","nom":"Calle 67 Sur","tipo":"residential"},"geometry":{"type":"LineString","coordinates":[[-74.1496,4.56516],[-74.14947,4.56471]]}},{"type":"Feature","properties":{"id":"1062878187","nom":"Carrera 22","tipo":"residential"},"geometry":{"type":"LineString","coordinates":[[-74.1496,4.56516],[-74.14856,4.56547]]}},{"type":"Feature","properties":{"id":"1062891711","nom":"Carrera 22","tipo":"residential"},"geometry":{"type":"LineString","coordinates":[[-74.14856,4.56547],[-74.14813,4.5656]]}},{"type":"Feature","properties":{"id":"1062891712","nom":"Calle 66 Sur","tipo":"residential"},"geometry":{"type":"LineString","coordinates":[[-74.14856,4.56547],[-74.14842,4.56502]]}},{"type":"Feature","properties":{"id":"1062891713","nom":"Calle 66 Sur","tipo":"residential"},"geometry":{"type":"LineString","coordinates":[[-74.14842,4.56502],[-74.14829,4.56457]]}},{"type":"Feature","properties":{"id":"1062891714","nom":"Carrera 21A","tipo":"residential"},"geometry":{"type":"LineString","coordinates":[[-74.14842,4.56502],[-74.14947,4.56471]]}},{"type":"Feature","properties":{"id":"1062891715","nom":"Calle 66 Sur","tipo":"residential"},"geometry":{"type":"LineString","coordinates":[[-74.14829,4.56457],[-74.14815,4.56413],[-74.14802,4.5637],[-74.14789,4.56327]]}},{"type":"Feature","properties":{"id":"1062891716","nom":"Carrera 21","tipo":"residential"},"geometry":{"type":"LineString","coordinates":[[-74.14829,4.56457],[-74.14933,4.56427]]}},{"type":"Feature","properties":{"id":"1068261373","nom":"Avenida Carrera 53","tipo":"secondary"},"geometry":{"type":"LineString","coordinates":[[-74.13831,4.59199],[-74.13823,4.59238],[-74.13822,4.59242],[-74.13822,4.59245]]}},{"type":"Feature","properties":{"id":"1068261374","nom":"Transversal 44","tipo":"tertiary"},"geometry":{"type":"LineString","coordinates":[[-74.13876,4.58955],[-74.13842,4.58973],[-74.13835,4.58977]]}},{"type":"Feature","properties":{"id":"1068261375","nom":"Transversal 44","tipo":"tertiary"},"geometry":{"type":"LineString","coordinates":[[-74.13842,4.58981],[-74.1388,4.58963]]}},{"type":"Feature","properties":{"id":"1068261376","nom":"Calle 51 Sur","tipo":"secondary"},"geometry":{"type":"LineString","coordinates":[[-74.1388,4.58963],[-74.13876,4.58955]]}},{"type":"Feature","properties":{"id":"1068261989","nom":"Carrera 54","tipo":"tertiary"},"geometry":{"type":"LineString","coordinates":[[-74.14197,4.59131],[-74.14207,4.59084],[-74.14214,4.59047],[-74.14215,4.59043],[-74.14217,4.59035]]}},{"type":"Feature","properties":{"id":"1068264585","nom":"Calle 55 Sur","tipo":"residential"},"geometry":{"type":"LineString","coordinates":[[-74.1411,4.58155],[-74.14108,4.58149],[-74.14107,4.58147],[-74.14071,4.58055],[-74.14034,4.57962],[-74.13998,4.5787]]}},{"type":"Feature","properties":{"id":"1068264586","nom":"Avenida Carrera 33","tipo":"secondary"},"geometry":{"type":"LineString","coordinates":[[-74.14184,4.58091],[-74.14146,4.58124],[-74.14122,4.58145],[-74.1411,4.58155]]}},{"type":"Feature","properties":{"id":"1068266353","nom":"Avenida Calle 44 Sur","tipo":"secondary"},"geometry":{"type":"LineString","coordinates":[[-74.12548,4.57947],[-74.12553,4.57959],[-74.12577,4.58018]]}},{"type":"Feature","properties":{"id":"1068266354","nom":"Diagonal 42C Sur","tipo":"tertiary"},"geometry":{"type":"LineString","coordinates":[[-74.12517,4.58035],[-74.12533,4.57989],[-74.12544,4.57957],[-74.12548,4.57947]]}},{"type":"Feature","properties":{"id":"1068266355","nom":"Calle 46 Sur","tipo":"tertiary"},"geometry":{"type":"LineString","coordinates":[[-74.12755,4.57884],[-74.12752,4.57873]]}},{"type":"Feature","properties":{"id":"1071444199","nom":"","tipo":"trunk_link"},"geometry":{"type":"LineString","coordinates":[[-74.14222,4.59549],[-74.14163,4.59542],[-74.14125,4.59537]]}},{"type":"Feature","properties":{"id":"1071444214","nom":"Avenida Carrera 68","tipo":"primary"},"geometry":{"type":"LineString","coordinates":[[-74.1386,4.59499],[-74.13851,4.59498],[-74.1384,4.59497],[-74.13832,4.59497],[-74.13824,4.59498],[-74.13819,4.59499],[-74.13813,4.59501],[-74.13804,4.59505],[-74.13799,4.59507],[-74.13793,4.5951],[-74.13787,4.59515],[-74.13782,4.59519],[-74.13779,4.59522],[-74.13774,4.59528],[-74.13771,4.59533],[-74.13768,4.59537],[-74.13766,4.59542],[-74.13764,4.59547],[-74.13761,4.59556],[-74.13758,4.59568],[-74.13756,4.5958],[-74.13752,4.59589],[-74.13748,4.59598],[-74.13743,4.59607],[-74.13732,4.59627]]}},{"type":"Feature","properties":{"id":"1071444217","nom":"Avenida Carrera 68","tipo":"primary"},"geometry":{"type":"LineString","coordinates":[[-74.13634,4.59766],[-74.1361,4.59802],[-74.13597,4.59821],[-74.13589,4.59834],[-74.13586,4.59838],[-74.13583,4.59843]]}},{"type":"Feature","properties":{"id":"1076386615","nom":"Avenida Carrera 33","tipo":"secondary"},"geometry":{"type":"LineString","coordinates":[[-74.1336,4.58537],[-74.13324,4.58544],[-74.13314,4.58545]]}},{"type":"Feature","properties":{"id":"1076386616","nom":"Avenida Carrera 33","tipo":"secondary"},"geometry":{"type":"LineString","coordinates":[[-74.13314,4.58545],[-74.13312,4.58546],[-74.1328,4.58551],[-74.13269,4.58553],[-74.13222,4.58561],[-74.13177,4.58569]]}},{"type":"Feature","properties":{"id":"1076386617","nom":"Avenida Carrera 33","tipo":"secondary"},"geometry":{"type":"LineString","coordinates":[[-74.13404,4.5853],[-74.13401,4.5853],[-74.1336,4.58537]]}},{"type":"Feature","properties":{"id":"1076603930","nom":"Calle 53A Sur","tipo":"residential"},"geometry":{"type":"LineString","coordinates":[[-74.13961,4.58284],[-74.1396,4.58281],[-74.13935,4.58217]]}},{"type":"Feature","properties":{"id":"1076603931","nom":"Calle 53A Sur","tipo":"residential"},"geometry":{"type":"LineString","coordinates":[[-74.13935,4.58217],[-74.13906,4.58142],[-74.13899,4.58123],[-74.13862,4.58029],[-74.13858,4.58017],[-74.13825,4.57936],[-74.13814,4.57906],[-74.13791,4.57842],[-74.13772,4.57798],[-74.13771,4.57796]]}},{"type":"Feature","properties":{"id":"1076603932","nom":"Avenida Carrera 33","tipo":"secondary"},"geometry":{"type":"LineString","coordinates":[[-74.13961,4.58284],[-74.1396,4.58285],[-74.13958,4.58287]]}},{"type":"Feature","properties":{"id":"1076603936","nom":"Diagonal 52B Sur","tipo":"residential"},"geometry":{"type":"LineString","coordinates":[[-74.13833,4.58384],[-74.13831,4.58382],[-74.13767,4.58308]]}},{"type":"Feature","properties":{"id":"1076603937","nom":"Diagonal 52B Sur","tipo":"residential"},"geometry":{"type":"LineString","coordinates":[[-74.13888,4.5845],[-74.13841,4.58394],[-74.13835,4.58386],[-74.13833,4.58384]]}},{"type":"Feature","properties":{"id":"1076603938","nom":"Avenida Carrera 33","tipo":"secondary"},"geometry":{"type":"LineString","coordinates":[[-74.13833,4.58384],[-74.13832,4.58385],[-74.13797,4.58413]]}},{"type":"Feature","properties":{"id":"1076620309","nom":"Avenida Carrera 51","tipo":"secondary"},"geometry":{"type":"LineString","coordinates":[[-74.15086,4.58035],[-74.14975,4.57991]]}},{"type":"Feature","properties":{"id":"1083635578","nom":"Avenida Carrera 68","tipo":"primary"},"geometry":{"type":"LineString","coordinates":[[-74.13607,4.59859],[-74.1361,4.59854],[-74.13617,4.59844],[-74.13637,4.59813],[-74.13676,4.59753]]}},{"type":"Feature","properties":{"id":"1083635579","nom":"Avenida Carrera 68","tipo":"primary"},"geometry":{"type":"LineString","coordinates":[[-74.13583,4.59843],[-74.1357,4.59863],[-74.1356,4.59879],[-74.13552,4.59895],[-74.13547,4.59908],[-74.13541,4.59921],[-74.13535,4.59934],[-74.13532,4.59941],[-74.13528,4.59947],[-74.13517,4.59963],[-74.13509,4.59974],[-74.13491,4.6],[-74.13464,4.60038],[-74.13452,4.60055],[-74.13447,4.60062],[-74.13441,4.6007],[-74.13441,4.60071],[-74.13438,4.60075]]}},{"type":"Feature","properties":{"id":"1084732318","nom":"Calle 47B Sur","tipo":"tertiary"},"geometry":{"type":"LineString","coordinates":[[-74.12928,4.57795],[-74.12934,4.57818]]}},{"type":"Feature","properties":{"id":"1084732319","nom":"Calle 47B Sur","tipo":"tertiary"},"geometry":{"type":"LineString","coordinates":[[-74.12925,4.57787],[-74.12928,4.57795]]}},{"type":"Feature","properties":{"id":"1084732320","nom":"Avenida Carrera 24","tipo":"secondary"},"geometry":{"type":"LineString","coordinates":[[-74.12925,4.57787],[-74.12971,4.57737],[-74.12977,4.57731],[-74.12983,4.57725],[-74.12992,4.57717],[-74.12997,4.57714],[-74.13002,4.57711],[-74.13007,4.57708],[-74.13015,4.57704],[-74.13028,4.57698],[-74.13043,4.57691],[-74.13061,4.57684],[-74.13068,4.57681]]}},{"type":"Feature","properties":{"id":"1084732321","nom":"Avenida Carrera 24","tipo":"secondary"},"geometry":{"type":"LineString","coordinates":[[-74.12917,4.57796],[-74.12925,4.57787]]}},{"type":"Feature","properties":{"id":"1084732325","nom":"Calle 52B Sur","tipo":"residential"},"geometry":{"type":"LineString","coordinates":[[-74.13218,4.57608],[-74.13222,4.57618]]}},{"type":"Feature","properties":{"id":"1085211352","nom":"Avenida Carrera 24","tipo":"secondary"},"geometry":{"type":"LineString","coordinates":[[-74.12549,4.57942],[-74.12552,4.57941],[-74.12553,4.57941]]}},{"type":"Feature","properties":{"id":"1085211353","nom":"Transversal 23B","tipo":"tertiary"},"geometry":{"type":"LineString","coordinates":[[-74.12551,4.57937],[-74.12554,4.57929]]}},{"type":"Feature","properties":{"id":"1089244051","nom":"Avenida Carrera 68","tipo":"primary"},"geometry":{"type":"LineString","coordinates":[[-74.13461,4.60091],[-74.13462,4.60089],[-74.13463,4.60088],[-74.13473,4.60069],[-74.13483,4.6005],[-74.13491,4.60037],[-74.13506,4.60013],[-74.13529,4.59977],[-74.13583,4.59895],[-74.13598,4.59873],[-74.13603,4.59864],[-74.13607,4.59859]]}},{"type":"Feature","properties":{"id":"1089244063","nom":"Calle 42 Sur","tipo":"tertiary"},"geometry":{"type":"LineString","coordinates":[[-74.1359,4.59848],[-74.13592,4.59849],[-74.136,4.59855],[-74.13607,4.59859]]}},{"type":"Feature","properties":{"id":"1103918479","nom":"Avenida Calle 44 Sur","tipo":"secondary"},"geometry":{"type":"LineString","coordinates":[[-74.12653,4.58198],[-74.12679,4.58259]]}},{"type":"Feature","properties":{"id":"1103918480","nom":"Avenida Calle 44 Sur","tipo":"secondary"},"geometry":{"type":"LineString","coordinates":[[-74.12651,4.58193],[-74.12653,4.58198]]}},{"type":"Feature","properties":{"id":"1103918481","nom":"Avenida Calle 44 Sur","tipo":"secondary"},"geometry":{"type":"LineString","coordinates":[[-74.1266,4.58196],[-74.12657,4.58191]]}},{"type":"Feature","properties":{"id":"1107375203","nom":"Transversal 44","tipo":"tertiary"},"geometry":{"type":"LineString","coordinates":[[-74.1388,4.58963],[-74.13884,4.5896]]}},{"type":"Feature","properties":{"id":"1111600781","nom":"Avenida Carrera 51","tipo":"secondary"},"geometry":{"type":"LineString","coordinates":[[-74.14881,4.57964],[-74.1491,4.57975]]}},{"type":"Feature","properties":{"id":"1111600782","nom":"Avenida Carrera 51","tipo":"secondary"},"geometry":{"type":"LineString","coordinates":[[-74.14872,4.5796],[-74.14881,4.57964]]}},{"type":"Feature","properties":{"id":"1111601465","nom":"Avenida Carrera 24","tipo":"secondary"},"geometry":{"type":"LineString","coordinates":[[-74.13964,4.57317],[-74.13972,4.57313]]}},{"type":"Feature","properties":{"id":"1116073526","nom":"Calle 57B Sur","tipo":"tertiary"},"geometry":{"type":"LineString","coordinates":[[-74.15458,4.59989],[-74.15457,4.59991],[-74.15455,4.59994],[-74.15453,4.6],[-74.15452,4.60002],[-74.15451,4.60004],[-74.15446,4.60007],[-74.15428,4.60015],[-74.15374,4.60036],[-74.15369,4.60038],[-74.15327,4.60055],[-74.1532,4.60059],[-74.15299,4.60069],[-74.15289,4.60073],[-74.15242,4.60095]]}},{"type":"Feature","properties":{"id":"1116077110","nom":"Carrera 63","tipo":"tertiary"},"geometry":{"type":"LineString","coordinates":[[-74.15392,4.59738],[-74.15391,4.59744]]}},{"type":"Feature","properties":{"id":"1116077111","nom":"Carrera 63","tipo":"tertiary"},"geometry":{"type":"LineString","coordinates":[[-74.15398,4.59747],[-74.15395,4.59742],[-74.15392,4.59738]]}},{"type":"Feature","properties":{"id":"1116077112","nom":"Carrera 63","tipo":"tertiary"},"geometry":{"type":"LineString","coordinates":[[-74.15385,4.59721],[-74.15372,4.59665],[-74.15369,4.59655]]}},{"type":"Feature","properties":{"id":"1116077113","nom":"Carrera 63","tipo":"tertiary"},"geometry":{"type":"LineString","coordinates":[[-74.15394,4.59727],[-74.15393,4.59732],[-74.15392,4.59738]]}},{"type":"Feature","properties":{"id":"1116077114","nom":"Carrera 63","tipo":"tertiary"},"geometry":{"type":"LineString","coordinates":[[-74.15384,4.59659],[-74.15383,4.59665],[-74.15383,4.5967],[-74.15384,4.59677],[-74.15385,4.59685],[-74.15392,4.59711],[-74.15393,4.59717],[-74.15394,4.59722],[-74.15394,4.59727]]}},{"type":"Feature","properties":{"id":"1116077115","nom":"Carrera 63","tipo":"tertiary"},"geometry":{"type":"LineString","coordinates":[[-74.15392,4.59738],[-74.15388,4.59731],[-74.15386,4.59726],[-74.15385,4.59721]]}},{"type":"Feature","properties":{"id":"1117103550","nom":"","tipo":"residential"},"geometry":{"type":"LineString","coordinates":[[-74.14254,4.58661],[-74.14264,4.58656]]}},{"type":"Feature","properties":{"id":"1117103551","nom":"","tipo":"residential"},"geometry":{"type":"LineString","coordinates":[[-74.14262,4.58668],[-74.14271,4.58661]]}},{"type":"Feature","properties":{"id":"1118170677","nom":"Carrera 20","tipo":"residential"},"geometry":{"type":"LineString","coordinates":[[-74.12556,4.57209],[-74.12553,4.5721]]}},{"type":"Feature","properties":{"id":"1118170682","nom":"Diagonal 44 Sur","tipo":"tertiary"},"geometry":{"type":"LineString","coordinates":[[-74.1267,4.57593],[-74.12674,4.57592],[-74.12712,4.5758]]}},{"type":"Feature","properties":{"id":"1118170685","nom":"Calle 46 Sur","tipo":"tertiary"},"geometry":{"type":"LineString","coordinates":[[-74.1267,4.57593],[-74.12667,4.57583],[-74.12662,4.57567],[-74.1263,4.57454],[-74.12618,4.5741]]}},{"type":"Feature","properties":{"id":"1121179793","nom":"Carrera 19B Bis","tipo":"residential"},"geometry":{"type":"LineString","coordinates":[[-74.13712,4.56567],[-74.13729,4.56552],[-74.13744,4.56533],[-74.13762,4.56509]]}},{"type":"Feature","properties":{"id":"1121179794","nom":"Carrera 19B Bis","tipo":"residential"},"geometry":{"type":"LineString","coordinates":[[-74.13648,4.56631],[-74.13683,4.56594],[-74.13698,4.56579],[-74.13712,4.56567]]}},{"type":"Feature","properties":{"id":"1123265278","nom":"Transversal 60","tipo":"trunk"},"geometry":{"type":"LineString","coordinates":[[-74.14542,4.59242],[-74.14542,4.59172],[-74.14541,4.59105],[-74.14541,4.59096],[-74.14541,4.59089],[-74.14541,4.59043]]}},{"type":"Feature","properties":{"id":"1123265279","nom":"Transversal 60","tipo":"trunk"},"geometry":{"type":"LineString","coordinates":[[-74.14517,4.58838],[-74.1451,4.5882],[-74.14493,4.58777]]}},{"type":"Feature","properties":{"id":"1123738687","nom":"Carrera 54B Sur","tipo":"residential"},"geometry":{"type":"LineString","coordinates":[[-74.14266,4.58808],[-74.14285,4.58845],[-74.14304,4.58882],[-74.14307,4.58888]]}},{"type":"Feature","properties":{"id":"1124976879","nom":"Diagonal 62 Sur","tipo":"residential"},"geometry":{"type":"LineString","coordinates":[[-74.1456,4.56788],[-74.14524,4.56764],[-74.14521,4.56761]]}},{"type":"Feature","properties":{"id":"1124976880","nom":"Carrera 22B","tipo":"tertiary"},"geometry":{"type":"LineString","coordinates":[[-74.14521,4.56761],[-74.14542,4.56752]]}},{"type":"Feature","properties":{"id":"1124976881","nom":"Carrera 22B","tipo":"tertiary"},"geometry":{"type":"LineString","coordinates":[[-74.14486,4.56778],[-74.14494,4.56774],[-74.14516,4.56764]]}},{"type":"Feature","properties":{"id":"1124990966","nom":"Diagonal 42C Sur","tipo":"tertiary"},"geometry":{"type":"LineString","coordinates":[[-74.12471,4.58164],[-74.12477,4.5815]]}},{"type":"Feature","properties":{"id":"1124990967","nom":"Calle 42 Sur","tipo":"residential"},"geometry":{"type":"LineString","coordinates":[[-74.12466,4.58153],[-74.12471,4.58164]]}},{"type":"Feature","properties":{"id":"1124990968","nom":"Calle 42 Sur","tipo":"residential"},"geometry":{"type":"LineString","coordinates":[[-74.12423,4.58062],[-74.12443,4.58104],[-74.12462,4.58144],[-74.12466,4.58153]]}},{"type":"Feature","properties":{"id":"1126119059","nom":"Transversal 26H Bis","tipo":"secondary"},"geometry":{"type":"LineString","coordinates":[[-74.12293,4.58892],[-74.12256,4.58893],[-74.12233,4.58894],[-74.12222,4.58896],[-74.12212,4.58898],[-74.12204,4.58901],[-74.12182,4.58911],[-74.12172,4.58916],[-74.12143,4.5893],[-74.12136,4.58933],[-74.12127,4.58935]]}},{"type":"Feature","properties":{"id":"1126119060","nom":"Avenida Carrera 27","tipo":"secondary"},"geometry":{"type":"LineString","coordinates":[[-74.11904,4.58912],[-74.11972,4.58922],[-74.12027,4.5893],[-74.12101,4.58941],[-74.12115,4.58943],[-74.12123,4.58943],[-74.12131,4.58943]]}},{"type":"Feature","properties":{"id":"1126536195","nom":"Calle 42 Bis Sur","tipo":"residential"},"geometry":{"type":"LineString","coordinates":[[-74.13344,4.59612],[-74.13309,4.59588]]}},{"type":"Feature","properties":{"id":"1134714270","nom":"Diagonal 45 Bis B Sur","tipo":"tertiary"},"geometry":{"type":"LineString","coordinates":[[-74.12284,4.57137],[-74.12253,4.57139],[-74.12194,4.57141]]}},{"type":"Feature","properties":{"id":"1134714271","nom":"Diagonal 45A Sur","tipo":"residential"},"geometry":{"type":"LineString","coordinates":[[-74.12284,4.57137],[-74.12256,4.57126],[-74.12204,4.57105]]}},{"type":"Feature","properties":{"id":"1153655034","nom":"Avenida Carrera 68","tipo":"primary"},"geometry":{"type":"LineString","coordinates":[[-74.13732,4.59627],[-74.13689,4.59686],[-74.13685,4.59692],[-74.1368,4.59698],[-74.1367,4.59714],[-74.13634,4.59766]]}},{"type":"Feature","properties":{"id":"1153655035","nom":"Diagonal 49 Sur","tipo":"residential"},"geometry":{"type":"LineString","coordinates":[[-74.14296,4.59247],[-74.14282,4.59244],[-74.14197,4.59227],[-74.14186,4.59225],[-74.14184,4.59224],[-74.14182,4.59224],[-74.14179,4.59223]]}},{"type":"Feature","properties":{"id":"1153655036","nom":"Carrera 54","tipo":"tertiary"},"geometry":{"type":"LineString","coordinates":[[-74.14188,4.59129],[-74.14179,4.59175]]}},{"type":"Feature","properties":{"id":"1153655037","nom":"Carrera 54","tipo":"tertiary"},"geometry":{"type":"LineString","coordinates":[[-74.1418,4.58853],[-74.14196,4.58885],[-74.14203,4.58906],[-74.14207,4.58917],[-74.14208,4.58922],[-74.1421,4.58928]]}},{"type":"Feature","properties":{"id":"1153655038","nom":"Diagonal 52 Sur","tipo":"tertiary"},"geometry":{"type":"LineString","coordinates":[[-74.14472,4.58795],[-74.14463,4.58801]]}},{"type":"Feature","properties":{"id":"1154793477","nom":"Transversal 60","tipo":"trunk"},"geometry":{"type":"LineString","coordinates":[[-74.1455,4.59227],[-74.1455,4.59215],[-74.14549,4.59159]]}},{"type":"Feature","properties":{"id":"1154793478","nom":"Diagonal 51 Sur","tipo":"tertiary"},"geometry":{"type":"LineString","coordinates":[[-74.14208,4.59033],[-74.14217,4.59035]]}},{"type":"Feature","properties":{"id":"1154793479","nom":"Carrera 54","tipo":"tertiary"},"geometry":{"type":"LineString","coordinates":[[-74.14179,4.59223],[-74.1418,4.5922],[-74.14188,4.59176],[-74.14197,4.59131]]}},{"type":"Feature","properties":{"id":"1154793480","nom":"Diagonal 47A Sur","tipo":"residential"},"geometry":{"type":"LineString","coordinates":[[-74.1416,4.59315],[-74.14151,4.59313]]}},{"type":"Feature","properties":{"id":"1155100574","nom":"Calle 42 Sur","tipo":"residential"},"geometry":{"type":"LineString","coordinates":[[-74.12162,4.57551],[-74.12164,4.57554],[-74.12194,4.57614],[-74.12233,4.57691]]}},{"type":"Feature","properties":{"id":"1155100575","nom":"Carrera 21","tipo":"residential"},"geometry":{"type":"LineString","coordinates":[[-74.12179,4.57709],[-74.12074,4.57745],[-74.12012,4.57766]]}},{"type":"Feature","properties":{"id":"1155100576","nom":"Calle 40 Sur","tipo":"residential"},"geometry":{"type":"LineString","coordinates":[[-74.12012,4.57766],[-74.11997,4.5772],[-74.11983,4.57677],[-74.11969,4.57635],[-74.11963,4.5762]]}},{"type":"Feature","properties":{"id":"1155100578","nom":"Calle 41B Sur","tipo":"residential"},"geometry":{"type":"LineString","coordinates":[[-74.12326,4.58002],[-74.12325,4.57999],[-74.12305,4.57959]]}},{"type":"Feature","properties":{"id":"1155100579","nom":"Avenida Carrera 24","tipo":"secondary"},"geometry":{"type":"LineString","coordinates":[[-74.12381,4.57979],[-74.12373,4.57982],[-74.12326,4.58002]]}},{"type":"Feature","properties":{"id":"1155100580","nom":"Avenida Carrera 24","tipo":"secondary"},"geometry":{"type":"LineString","coordinates":[[-74.13218,4.57608],[-74.13214,4.5761],[-74.13203,4.57614],[-74.132,4.57615],[-74.13195,4.57617],[-74.13172,4.57627],[-74.13169,4.57628],[-74.13072,4.57668],[-74.13064,4.57671]]}},{"type":"Feature","properties":{"id":"1155100581","nom":"Carrera 25","tipo":"tertiary"},"geometry":{"type":"LineString","coordinates":[[-74.13641,4.57847],[-74.13617,4.57856],[-74.13567,4.5787],[-74.13552,4.57874],[-74.13517,4.57883],[-74.1349,4.57889],[-74.13464,4.57896],[-74.13452,4.57899],[-74.13415,4.57908]]}},{"type":"Feature","properties":{"id":"1155100582","nom":"Carrera 25","tipo":"tertiary"},"geometry":{"type":"LineString","coordinates":[[-74.1394,4.57722],[-74.13903,4.57739],[-74.13898,4.57741],[-74.13856,4.57759],[-74.13813,4.57778],[-74.13771,4.57796],[-74.13752,4.57804],[-74.13738,4.5781],[-74.13729,4.57814],[-74.13687,4.57831],[-74.13647,4.57845],[-74.13644,4.57846],[-74.13641,4.57847]]}},{"type":"Feature","properties":{"id":"1155100583","nom":"Avenida Carrera 24","tipo":"secondary"},"geometry":{"type":"LineString","coordinates":[[-74.13222,4.57618],[-74.13227,4.57616],[-74.13247,4.57608],[-74.13389,4.5755]]}},{"type":"Feature","properties":{"id":"1155100584","nom":"Avenida Carrera 24","tipo":"secondary"},"geometry":{"type":"LineString","coordinates":[[-74.12385,4.57988],[-74.12402,4.57984],[-74.12538,4.57945],[-74.12546,4.57943]]}},{"type":"Feature","properties":{"id":"1155113429","nom":"Avenida Calle 56A Sur","tipo":"trunk"},"geometry":{"type":"LineString","coordinates":[[-74.14203,4.58003],[-74.14219,4.58045],[-74.14224,4.58057]]}},{"type":"Feature","properties":{"id":"1155113430","nom":"Carrera 31","tipo":"residential"},"geometry":{"type":"LineString","coordinates":[[-74.14156,4.58022],[-74.14198,4.58005],[-74.14203,4.58003]]}},{"type":"Feature","properties":{"id":"1155113431","nom":"Calle 56 Sur","tipo":"residential"},"geometry":{"type":"LineString","coordinates":[[-74.14184,4.58091],[-74.14182,4.58086],[-74.14156,4.58022]]}},{"type":"Feature","properties":{"id":"1155113435","nom":"Avenida Calle 61 Sur","tipo":"primary"},"geometry":{"type":"LineString","coordinates":[[-74.14478,4.56794],[-74.14524,4.56825],[-74.14559,4.56849],[-74.14589,4.56869],[-74.14592,4.56872],[-74.14618,4.5689],[-74.14639,4.56904],[-74.14659,4.56917],[-74.14663,4.5692],[-74.14686,4.56936],[-74.14704,4.56949],[-74.14708,4.56951],[-74.14731,4.56967],[-74.14741,4.56973],[-74.14753,4.56982],[-74.1476,4.56987]]}},{"type":"Feature","properties":{"id":"1155113436","nom":"Carrera 22B","tipo":"tertiary"},"geometry":{"type":"LineString","coordinates":[[-74.14516,4.56764],[-74.14521,4.56761]]}},{"type":"Feature","properties":{"id":"1155113437","nom":"Diagonal 62 Sur","tipo":"tertiary"},"geometry":{"type":"LineString","coordinates":[[-74.13942,4.56178],[-74.13954,4.56181],[-74.1396,4.56181],[-74.13964,4.56182],[-74.13987,4.56183],[-74.13994,4.56184],[-74.14001,4.56184],[-74.14008,4.56185],[-74.14014,4.56187],[-74.1402,4.56189],[-74.14028,4.56193],[-74.14041,4.56201],[-74.14046,4.56204],[-74.1406,4.56213],[-74.14099,4.56238],[-74.14107,4.56243],[-74.14112,4.56246]]}},{"type":"Feature","properties":{"id":"1155121415","nom":"Avenida Calle 58A Sur","tipo":"trunk"},"geometry":{"type":"LineString","coordinates":[[-74.13945,4.57201],[-74.13927,4.57135]]}},{"type":"Feature","properties":{"id":"1155121418","nom":"Avenida Calle 58A Sur","tipo":"trunk"},"geometry":{"type":"LineString","coordinates":[[-74.13833,4.56902],[-74.13842,4.56935]]}},{"type":"Feature","properties":{"id":"1155126034","nom":"Calle 48C Sur","tipo":"tertiary"},"geometry":{"type":"LineString","coordinates":[[-74.13068,4.57681],[-74.13064,4.57671]]}},{"type":"Feature","properties":{"id":"1155126035","nom":"Avenida Carrera 19C","tipo":"primary"},"geometry":{"type":"LineString","coordinates":[[-74.13441,4.56895],[-74.13454,4.5689],[-74.1346,4.56887],[-74.13463,4.56886],[-74.135,4.56872],[-74.13526,4.56863],[-74.13569,4.56845],[-74.13579,4.56841],[-74.13588,4.56837],[-74.13618,4.5682],[-74.13635,4.56812]]}},{"type":"Feature","properties":{"id":"1155126036","nom":"Carrera 13F","tipo":"tertiary"},"geometry":{"type":"LineString","coordinates":[[-74.12903,4.5639],[-74.12947,4.56336]]}},{"type":"Feature","properties":{"id":"1155126037","nom":"Avenida Carrera 19","tipo":"trunk"},"geometry":{"type":"LineString","coordinates":[[-74.13894,4.56063],[-74.13893,4.56071],[-74.13891,4.56087],[-74.13887,4.56112]]}},{"type":"Feature","properties":{"id":"1155255490","nom":"Calle 41B Sur","tipo":"residential"},"geometry":{"type":"LineString","coordinates":[[-74.12179,4.57709],[-74.12157,4.57666],[-74.12136,4.57625]]}},{"type":"Feature","properties":{"id":"1155255491","nom":"Carrera 21","tipo":"residential"},"geometry":{"type":"LineString","coordinates":[[-74.12233,4.57691],[-74.12179,4.57709]]}},{"type":"Feature","properties":{"id":"1155255494","nom":"Avenida Calle 36 Sur","tipo":"secondary"},"geometry":{"type":"LineString","coordinates":[[-74.12139,4.58462],[-74.12136,4.58458],[-74.12114,4.58435],[-74.12094,4.58415],[-74.1207,4.5839],[-74.12036,4.58354],[-74.12019,4.58337],[-74.11993,4.58312],[-74.1199,4.58309]]}},{"type":"Feature","properties":{"id":"1155255495","nom":"Avenida Carrera 33","tipo":"secondary"},"geometry":{"type":"LineString","coordinates":[[-74.12723,4.58728],[-74.1272,4.58729],[-74.12689,4.58742],[-74.12623,4.5877],[-74.1258,4.58787],[-74.12556,4.58797],[-74.12553,4.58798],[-74.12542,4.58803]]}},{"type":"Feature","properties":{"id":"1155255496","nom":"Avenida Carrera 33","tipo":"secondary"},"geometry":{"type":"LineString","coordinates":[[-74.12853,4.5867],[-74.12844,4.58674],[-74.12735,4.58723],[-74.12723,4.58728]]}},{"type":"Feature","properties":{"id":"1155255497","nom":"","tipo":"residential"},"geometry":{"type":"LineString","coordinates":[[-74.12628,4.5855],[-74.12633,4.58551],[-74.12639,4.5855],[-74.12644,4.58548]]}},{"type":"Feature","properties":{"id":"1155255498","nom":"","tipo":"residential"},"geometry":{"type":"LineString","coordinates":[[-74.12617,4.58519],[-74.12615,4.58524],[-74.12614,4.58529],[-74.12614,4.58534]]}},{"type":"Feature","properties":{"id":"1155255499","nom":"","tipo":"residential"},"geometry":{"type":"LineString","coordinates":[[-74.12627,4.58512],[-74.12621,4.58515],[-74.12617,4.58519]]}},{"type":"Feature","properties":{"id":"1155255500","nom":"","tipo":"residential"},"geometry":{"type":"LineString","coordinates":[[-74.12641,4.58512],[-74.12636,4.58511],[-74.12631,4.58511],[-74.12627,4.58512]]}},{"type":"Feature","properties":{"id":"1155255501","nom":"","tipo":"residential"},"geometry":{"type":"LineString","coordinates":[[-74.12653,4.58525],[-74.1265,4.5852],[-74.12646,4.58515],[-74.12641,4.58512]]}},{"type":"Feature","properties":{"id":"1155255502","nom":"","tipo":"residential"},"geometry":{"type":"LineString","coordinates":[[-74.12652,4.58539],[-74.12654,4.58534],[-74.12654,4.5853],[-74.12653,4.58525]]}},{"type":"Feature","properties":{"id":"1155255503","nom":"","tipo":"residential"},"geometry":{"type":"LineString","coordinates":[[-74.12644,4.58548],[-74.12649,4.58544],[-74.12652,4.58539]]}},{"type":"Feature","properties":{"id":"1155255504","nom":"Carrera 27","tipo":"tertiary"},"geometry":{"type":"LineString","coordinates":[[-74.12632,4.58344],[-74.12676,4.58332],[-74.12696,4.58327],[-74.12704,4.58325],[-74.12706,4.58324]]}},{"type":"Feature","properties":{"id":"1155255505","nom":"","tipo":"tertiary"},"geometry":{"type":"LineString","coordinates":[[-74.12379,4.58428],[-74.12383,4.58429],[-74.12387,4.58429],[-74.12391,4.58428]]}},{"type":"Feature","properties":{"id":"1155255506","nom":"","tipo":"tertiary"},"geometry":{"type":"LineString","coordinates":[[-74.12365,4.58414],[-74.12368,4.5842],[-74.12373,4.58425],[-74.12379,4.58428]]}},{"type":"Feature","properties":{"id":"1155255507","nom":"","tipo":"tertiary"},"geometry":{"type":"LineString","coordinates":[[-74.12366,4.584],[-74.12365,4.58405],[-74.12364,4.5841],[-74.12365,4.58414]]}},{"type":"Feature","properties":{"id":"1155255508","nom":"","tipo":"tertiary"},"geometry":{"type":"LineString","coordinates":[[-74.12376,4.5839],[-74.12372,4.58393],[-74.12369,4.58396],[-74.12366,4.584]]}},{"type":"Feature","properties":{"id":"1155255509","nom":"","tipo":"tertiary"},"geometry":{"type":"LineString","coordinates":[[-74.12392,4.58389],[-74.12386,4.58388],[-74.12381,4.58388],[-74.12376,4.5839]]}},{"type":"Feature","properties":{"id":"1155255510","nom":"","tipo":"tertiary"},"geometry":{"type":"LineString","coordinates":[[-74.12405,4.58404],[-74.12403,4.584],[-74.124,4.58395],[-74.12396,4.58392],[-74.12392,4.58389]]}},{"type":"Feature","properties":{"id":"1155255511","nom":"","tipo":"tertiary"},"geometry":{"type":"LineString","coordinates":[[-74.12391,4.58428],[-74.12395,4.58426],[-74.12399,4.58423],[-74.12402,4.58419]]}},{"type":"Feature","properties":{"id":"1155255512","nom":"Avenida Calle 36 Sur","tipo":"secondary"},"geometry":{"type":"LineString","coordinates":[[-74.12114,4.58465],[-74.12131,4.58482],[-74.12139,4.5849],[-74.12145,4.58497],[-74.12149,4.58504],[-74.12152,4.58509],[-74.12155,4.58516],[-74.12157,4.58523],[-74.12159,4.58529],[-74.12161,4.58541],[-74.12168,4.58595],[-74.12172,4.5862],[-74.12175,4.58643],[-74.12178,4.58654],[-74.1218,4.58663],[-74.12183,4.58672],[-74.12193,4.58698],[-74.12202,4.58721],[-74.1222,4.58765],[-74.12221,4.58769],[-74.12222,4.58771],[-74.12222,4.58774]]}},{"type":"Feature","properties":{"id":"1155257723","nom":"Avenida Carrera 14","tipo":"primary"},"geometry":{"type":"LineString","coordinates":[[-74.12458,4.57172],[-74.12461,4.57163],[-74.12467,4.57145],[-74.12473,4.57126],[-74.12482,4.57099],[-74.12488,4.57081],[-74.12496,4.57061],[-74.12504,4.57039],[-74.12506,4.57034]]}},{"type":"Feature","properties":{"id":"1155264233","nom":"Transversal 60","tipo":"trunk"},"geometry":{"type":"LineString","coordinates":[[-74.14541,4.5937],[-74.14542,4.59298],[-74.14542,4.59242]]}},{"type":"Feature","properties":{"id":"1155264234","nom":"Transversal 60","tipo":"trunk"},"geometry":{"type":"LineString","coordinates":[[-74.1455,4.59299],[-74.1455,4.59274],[-74.1455,4.59227]]}},{"type":"Feature","properties":{"id":"1155265680","nom":"Calle 45 Sur","tipo":"tertiary"},"geometry":{"type":"LineString","coordinates":[[-74.14732,4.59764],[-74.1478,4.59879],[-74.14785,4.59892],[-74.14821,4.59976],[-74.14829,4.59996],[-74.14852,4.60051],[-74.14873,4.60101]]}},{"type":"Feature","properties":{"id":"1155265786","nom":"Avenida Carrera 33","tipo":"secondary"},"geometry":{"type":"LineString","coordinates":[[-74.12406,4.58867],[-74.12465,4.58846],[-74.12492,4.58837]]}},{"type":"Feature","properties":{"id":"1155265787","nom":"Diagonal 40 Sur","tipo":"secondary"},"geometry":{"type":"LineString","coordinates":[[-74.12363,4.58925],[-74.12355,4.5892],[-74.12345,4.58912],[-74.12337,4.58906],[-74.12326,4.58899],[-74.12319,4.58896],[-74.12313,4.58894],[-74.12307,4.58893],[-74.12299,4.58892],[-74.12293,4.58892]]}},{"type":"Feature","properties":{"id":"1155265789","nom":"Avenida Carrera 50","tipo":"secondary"},"geometry":{"type":"LineString","coordinates":[[-74.12682,4.59312],[-74.12681,4.59307],[-74.12681,4.59306],[-74.12682,4.59299],[-74.12683,4.59294],[-74.12684,4.5929],[-74.12688,4.59278]]}},{"type":"Feature","properties":{"id":"1155265790","nom":"","tipo":"trunk_link"},"geometry":{"type":"LineString","coordinates":[[-74.12753,4.59341],[-74.12735,4.59339],[-74.12726,4.59338]]}},{"type":"Feature","properties":{"id":"1155265800","nom":"Calle 50B Sur","tipo":"secondary"},"geometry":{"type":"LineString","coordinates":[[-74.13834,4.58974],[-74.13835,4.58977]]}},{"type":"Feature","properties":{"id":"1155265807","nom":"Avenida Carrera 33","tipo":"secondary"},"geometry":{"type":"LineString","coordinates":[[-74.12844,4.58689],[-74.12852,4.58685]]}},{"type":"Feature","properties":{"id":"1155265808","nom":"Carrera 19","tipo":"secondary"},"geometry":{"type":"LineString","coordinates":[[-74.12343,4.57498],[-74.12348,4.57498],[-74.12352,4.57498],[-74.12356,4.57497]]}},{"type":"Feature","properties":{"id":"1155265809","nom":"Avenida Carrera 14","tipo":"primary"},"geometry":{"type":"LineString","coordinates":[[-74.12438,4.57157],[-74.12425,4.57195],[-74.12399,4.57273],[-74.12383,4.57321],[-74.1237,4.57355],[-74.12364,4.57375]]}},{"type":"Feature","properties":{"id":"1155265823","nom":"Avenida Calle 36 Sur","tipo":"secondary"},"geometry":{"type":"LineString","coordinates":[[-74.12268,4.58811],[-74.12266,4.58805]]}},{"type":"Feature","properties":{"id":"1155266818","nom":"Avenida Calle 45A Sur","tipo":"trunk"},"geometry":{"type":"LineString","coordinates":[[-74.12894,4.59374],[-74.12909,4.59375]]}},{"type":"Feature","properties":{"id":"1155266819","nom":"Carrera 50 Bis A","tipo":"residential"},"geometry":{"type":"LineString","coordinates":[[-74.12848,4.59394],[-74.12858,4.59382],[-74.12863,4.59379],[-74.1287,4.59376]]}},{"type":"Feature","properties":{"id":"1155266824","nom":"Avenida Carrera 27","tipo":"secondary"},"geometry":{"type":"LineString","coordinates":[[-74.12149,4.58958],[-74.12171,4.58962],[-74.12203,4.58968],[-74.12226,4.58972]]}},{"type":"Feature","properties":{"id":"1155846373","nom":"","tipo":"secondary"},"geometry":{"type":"LineString","coordinates":[[-74.12703,4.59205],[-74.12704,4.59208]]}},{"type":"Feature","properties":{"id":"1157004585","nom":"Avenida Carrera 33","tipo":"secondary"},"geometry":{"type":"LineString","coordinates":[[-74.13593,4.58511],[-74.13635,4.58504],[-74.13641,4.58502]]}},{"type":"Feature","properties":{"id":"1157053247","nom":"Calle 41B Sur","tipo":"residential"},"geometry":{"type":"LineString","coordinates":[[-74.12222,4.57791],[-74.12202,4.57751],[-74.12179,4.57709]]}},{"type":"Feature","properties":{"id":"1157053248","nom":"Carrera 22A","tipo":"residential"},"geometry":{"type":"LineString","coordinates":[[-74.12452,4.57702],[-74.12446,4.57706]]}},{"type":"Feature","properties":{"id":"1157053249","nom":"Avenida Calle 44 Sur","tipo":"secondary"},"geometry":{"type":"LineString","coordinates":[[-74.12446,4.57706],[-74.12455,4.57728],[-74.12478,4.57784],[-74.12495,4.57826],[-74.12513,4.57864],[-74.12514,4.57867]]}},{"type":"Feature","properties":{"id":"1157053250","nom":"Avenida Carrera 14","tipo":"primary"},"geometry":{"type":"LineString","coordinates":[[-74.12466,4.57073],[-74.12457,4.57099],[-74.1245,4.5712],[-74.12445,4.57136],[-74.1244,4.5715],[-74.12438,4.57157]]}},{"type":"Feature","properties":{"id":"1157053251","nom":"Avenida Carrera 14","tipo":"primary"},"geometry":{"type":"LineString","coordinates":[[-74.12364,4.57375],[-74.12359,4.57389],[-74.12352,4.57404],[-74.12347,4.57413],[-74.12343,4.57419],[-74.12338,4.57425],[-74.12333,4.57431]]}},{"type":"Feature","properties":{"id":"1157054896","nom":"Calle 54 Sur","tipo":"tertiary"},"geometry":{"type":"LineString","coordinates":[[-74.12855,4.56437],[-74.12853,4.56432],[-74.12818,4.56359]]}},{"type":"Feature","properties":{"id":"1157054897","nom":"Carrera 13C","tipo":"residential"},"geometry":{"type":"LineString","coordinates":[[-74.12677,4.56462],[-74.12599,4.56502],[-74.12594,4.56504]]}},{"type":"Feature","properties":{"id":"1157054898","nom":"Calle 55A Sur","tipo":"residential"},"geometry":{"type":"LineString","coordinates":[[-74.12888,4.5628],[-74.1287,4.56243],[-74.12841,4.56183],[-74.12812,4.56124]]}},{"type":"Feature","properties":{"id":"1157054899","nom":"Carrera 13F","tipo":"tertiary"},"geometry":{"type":"LineString","coordinates":[[-74.12947,4.56336],[-74.12975,4.563],[-74.12985,4.56287],[-74.12996,4.56273],[-74.13039,4.56219]]}},{"type":"Feature","properties":{"id":"1157054900","nom":"Calle 48C Sur","tipo":"tertiary"},"geometry":{"type":"LineString","coordinates":[[-74.13179,4.57967],[-74.13178,4.57963],[-74.1315,4.57887],[-74.13148,4.57882],[-74.13135,4.57847]]}},{"type":"Feature","properties":{"id":"1157054901","nom":"Calle 47B Sur","tipo":"tertiary"},"geometry":{"type":"LineString","coordinates":[[-74.12934,4.57818],[-74.12951,4.57878],[-74.12951,4.57881],[-74.12953,4.57884],[-74.12955,4.57887]]}},{"type":"Feature","properties":{"id":"1157054902","nom":"Avenida Carrera 24","tipo":"secondary"},"geometry":{"type":"LineString","coordinates":[[-74.12907,4.57808],[-74.12917,4.57796]]}},{"type":"Feature","properties":{"id":"1157054903","nom":"Avenida Carrera 27","tipo":"secondary"},"geometry":{"type":"LineString","coordinates":[[-74.12063,4.58943],[-74.1211,4.58951],[-74.12114,4.58952],[-74.12149,4.58958]]}},{"type":"Feature","properties":{"id":"1157073979","nom":"Avenida Carrera 14","tipo":"primary"},"geometry":{"type":"LineString","coordinates":[[-74.12566,4.56857],[-74.1253,4.56924],[-74.12528,4.5693],[-74.12513,4.56963],[-74.12496,4.56999]]}},{"type":"Feature","properties":{"id":"1157073981","nom":"Avenida Carrera 26G","tipo":"secondary"},"geometry":{"type":"LineString","coordinates":[[-74.12222,4.58774],[-74.12221,4.58777],[-74.12219,4.5878],[-74.12217,4.58783],[-74.12213,4.58786],[-74.12209,4.58788],[-74.12205,4.5879],[-74.122,4.58791],[-74.12192,4.58792],[-74.12158,4.58793],[-74.12145,4.58793]]}},{"type":"Feature","properties":{"id":"1157221986","nom":"Diagonal 48 Sur","tipo":"primary"},"geometry":{"type":"LineString","coordinates":[[-74.12978,4.57034],[-74.12971,4.57037],[-74.12967,4.57039],[-74.12963,4.5704],[-74.12957,4.57042],[-74.12942,4.57045],[-74.12926,4.57048]]}},{"type":"Feature","properties":{"id":"1157221987","nom":"Avenida Carrera 19C","tipo":"primary"},"geometry":{"type":"LineString","coordinates":[[-74.13209,4.56942],[-74.13003,4.57024],[-74.12995,4.57027],[-74.12978,4.57034]]}},{"type":"Feature","properties":{"id":"1157221988","nom":"Carrera 13F","tipo":"tertiary"},"geometry":{"type":"LineString","coordinates":[[-74.12794,4.56498],[-74.12855,4.56437],[-74.12903,4.5639]]}},{"type":"Feature","properties":{"id":"1157221989","nom":"Carrera 13F","tipo":"tertiary"},"geometry":{"type":"LineString","coordinates":[[-74.12727,4.56565],[-74.12736,4.56556],[-74.12791,4.56501],[-74.12794,4.56498]]}},{"type":"Feature","properties":{"id":"1158817334","nom":"Calle 46 Sur","tipo":"tertiary"},"geometry":{"type":"LineString","coordinates":[[-74.12752,4.57873],[-74.12751,4.57868],[-74.12744,4.57844],[-74.12734,4.57806]]}},{"type":"Feature","properties":{"id":"1158817335","nom":"Avenida Carrera 24","tipo":"secondary"},"geometry":{"type":"LineString","coordinates":[[-74.12752,4.57873],[-74.12744,4.57875],[-74.12575,4.57923],[-74.12554,4.57929]]}},{"type":"Feature","properties":{"id":"1158817336","nom":"Avenida Carrera 24","tipo":"secondary"},"geometry":{"type":"LineString","coordinates":[[-74.13064,4.57671],[-74.13057,4.57674],[-74.13037,4.57682],[-74.13035,4.57683],[-74.13019,4.5769],[-74.13011,4.57694],[-74.13002,4.57699],[-74.12994,4.57704],[-74.12986,4.57709]]}},{"type":"Feature","properties":{"id":"1158817337","nom":"Calle 47B Sur","tipo":"tertiary"},"geometry":{"type":"LineString","coordinates":[[-74.12922,4.57774],[-74.12925,4.57787]]}},{"type":"Feature","properties":{"id":"1158818256","nom":"Avenida Carrera 33","tipo":"secondary"},"geometry":{"type":"LineString","coordinates":[[-74.13046,4.58604],[-74.13071,4.586],[-74.13095,4.58596],[-74.13106,4.58594],[-74.13134,4.58589]]}},{"type":"Feature","properties":{"id":"1158828292","nom":"Carrera 19","tipo":"secondary"},"geometry":{"type":"LineString","coordinates":[[-74.12356,4.57497],[-74.1236,4.57495],[-74.12363,4.57493]]}},{"type":"Feature","properties":{"id":"1158828293","nom":"Avenida Carrera 33","tipo":"secondary"},"geometry":{"type":"LineString","coordinates":[[-74.13731,4.58467],[-74.13725,4.58471],[-74.13719,4.58474],[-74.13714,4.58476],[-74.13709,4.58477],[-74.13681,4.58482],[-74.13645,4.58489],[-74.13641,4.58489],[-74.13635,4.5849]]}},{"type":"Feature","properties":{"id":"1158828948","nom":"Carrera 54","tipo":"tertiary"},"geometry":{"type":"LineString","coordinates":[[-74.1416,4.58816],[-74.14162,4.5882],[-74.14163,4.58821],[-74.1418,4.58853]]}},{"type":"Feature","properties":{"id":"1158828949","nom":"Transversal 44","tipo":"tertiary"},"geometry":{"type":"LineString","coordinates":[[-74.13884,4.5896],[-74.13893,4.58956],[-74.13981,4.5891],[-74.14084,4.58856],[-74.14157,4.58818],[-74.1416,4.58816]]}},{"type":"Feature","properties":{"id":"1158828950","nom":"","tipo":"secondary"},"geometry":{"type":"LineString","coordinates":[[-74.12716,4.59188],[-74.12712,4.59189],[-74.12708,4.59192],[-74.12705,4.59196],[-74.12703,4.592],[-74.12703,4.59205]]}},{"type":"Feature","properties":{"id":"1158828951","nom":"","tipo":"secondary"},"geometry":{"type":"LineString","coordinates":[[-74.12704,4.59208],[-74.12706,4.59213],[-74.12709,4.59216],[-74.12713,4.59219],[-74.12718,4.5922]]}},{"type":"Feature","properties":{"id":"1158828952","nom":"","tipo":"secondary"},"geometry":{"type":"LineString","coordinates":[[-74.12644,4.59399],[-74.1265,4.59404],[-74.12658,4.59408],[-74.12666,4.5941],[-74.12674,4.59411],[-74.12682,4.5941],[-74.1269,4.59408]]}},{"type":"Feature","properties":{"id":"1158828954","nom":"Diagonal 39A Sur","tipo":"secondary"},"geometry":{"type":"LineString","coordinates":[[-74.12756,4.59242],[-74.12765,4.59249],[-74.12773,4.59254],[-74.12784,4.5926]]}},{"type":"Feature","properties":{"id":"1158828955","nom":"Avenida Carrera 50","tipo":"secondary"},"geometry":{"type":"LineString","coordinates":[[-74.12688,4.59278],[-74.12696,4.59259],[-74.12704,4.59241],[-74.12705,4.59238]]}},{"type":"Feature","properties":{"id":"1158828956","nom":"","tipo":"trunk_link"},"geometry":{"type":"LineString","coordinates":[[-74.12753,4.59341],[-74.12744,4.59342],[-74.1274,4.59342],[-74.12736,4.59342],[-74.12725,4.59342],[-74.12715,4.59342],[-74.12708,4.59341],[-74.12698,4.59338]]}},{"type":"Feature","properties":{"id":"1158828957","nom":"","tipo":"trunk_link"},"geometry":{"type":"LineString","coordinates":[[-74.12757,4.59341],[-74.12753,4.59341]]}},{"type":"Feature","properties":{"id":"1158836124","nom":"Calle 55 Sur","tipo":"tertiary"},"geometry":{"type":"LineString","coordinates":[[-74.13425,4.56858],[-74.1342,4.56854],[-74.13371,4.5681],[-74.13319,4.56763]]}},{"type":"Feature","properties":{"id":"1158836125","nom":"Carrera 25","tipo":"tertiary"},"geometry":{"type":"LineString","coordinates":[[-74.13415,4.57908],[-74.13364,4.5792],[-74.13313,4.57933],[-74.13263,4.57946],[-74.13243,4.57951],[-74.13203,4.57961]]}},{"type":"Feature","properties":{"id":"1158836126","nom":"Avenida Calle 56A Sur","tipo":"trunk"},"geometry":{"type":"LineString","coordinates":[[-74.14123,4.57751],[-74.14108,4.5772]]}},{"type":"Feature","properties":{"id":"1158836127","nom":"Avenida Calle 56A Sur","tipo":"trunk"},"geometry":{"type":"LineString","coordinates":[[-74.1415,4.57781],[-74.14146,4.57775],[-74.14111,4.57702],[-74.14089,4.57659]]}},{"type":"Feature","properties":{"id":"1158836128","nom":"Avenida Calle 56A Sur","tipo":"trunk"},"geometry":{"type":"LineString","coordinates":[[-74.14089,4.57659],[-74.14087,4.57656]]}},{"type":"Feature","properties":{"id":"1158836130","nom":"Avenida Calle 56A Sur","tipo":"trunk"},"geometry":{"type":"LineString","coordinates":[[-74.14056,4.57673],[-74.14068,4.57696],[-74.14081,4.57724]]}},{"type":"Feature","properties":{"id":"1158836131","nom":"Avenida Calle 56A Sur","tipo":"trunk"},"geometry":{"type":"LineString","coordinates":[[-74.14087,4.57656],[-74.14063,4.5761],[-74.14053,4.57589],[-74.14042,4.57567],[-74.14035,4.57551],[-74.14031,4.5754],[-74.14027,4.57527],[-74.14021,4.57508],[-74.14014,4.57478],[-74.13991,4.57388],[-74.13981,4.57349],[-74.13975,4.57322],[-74.13972,4.57313]]}},{"type":"Feature","properties":{"id":"1158877753","nom":"","tipo":"trunk_link"},"geometry":{"type":"LineString","coordinates":[[-74.14102,4.59535],[-74.14065,4.59532],[-74.14046,4.59531],[-74.14026,4.59529]]}},{"type":"Feature","properties":{"id":"1158877754","nom":"","tipo":"trunk_link"},"geometry":{"type":"LineString","coordinates":[[-74.14026,4.59529],[-74.14,4.59524]]}},{"type":"Feature","properties":{"id":"1160114451","nom":"Diagonal 47A Sur","tipo":"residential"},"geometry":{"type":"LineString","coordinates":[[-74.13822,4.59245],[-74.13818,4.59244],[-74.13704,4.59221]]}},{"type":"Feature","properties":{"id":"1160114452","nom":"Carrera 52C","tipo":"tertiary"},"geometry":{"type":"LineString","coordinates":[[-74.13704,4.59221],[-74.13713,4.59175],[-74.13723,4.59129],[-74.13732,4.59083]]}},{"type":"Feature","properties":{"id":"1160114453","nom":"Diagonal 47A Sur","tipo":"residential"},"geometry":{"type":"LineString","coordinates":[[-74.13588,4.59197],[-74.13591,4.59198],[-74.13704,4.59221]]}},{"type":"Feature","properties":{"id":"1160114454","nom":"Carrera 52A","tipo":"tertiary"},"geometry":{"type":"LineString","coordinates":[[-74.13605,4.59116],[-74.13599,4.59147],[-74.13598,4.59151],[-74.13589,4.59194],[-74.13588,4.59197]]}},{"type":"Feature","properties":{"id":"1160114455","nom":"Carrera 54","tipo":"tertiary"},"geometry":{"type":"LineString","coordinates":[[-74.14151,4.59361],[-74.14155,4.59341],[-74.14158,4.59325],[-74.14159,4.59318],[-74.1416,4.59315]]}},{"type":"Feature","properties":{"id":"1162628308","nom":"Avenida Carrera 14","tipo":"primary"},"geometry":{"type":"LineString","coordinates":[[-74.12496,4.56999],[-74.12493,4.57007],[-74.12489,4.57016],[-74.12477,4.57045],[-74.12466,4.57073]]}},{"type":"Feature","properties":{"id":"1162628310","nom":"Avenida Carrera 19C","tipo":"primary"},"geometry":{"type":"LineString","coordinates":[[-74.13425,4.56858],[-74.13395,4.5687],[-74.13338,4.56893],[-74.13273,4.56917],[-74.13209,4.56942]]}},{"type":"Feature","properties":{"id":"1164686993","nom":"Diagonal 49 Sur","tipo":"residential"},"geometry":{"type":"LineString","coordinates":[[-74.14179,4.59223],[-74.1417,4.59221]]}},{"type":"Feature","properties":{"id":"1164686995","nom":"Carrera 54","tipo":"tertiary"},"geometry":{"type":"LineString","coordinates":[[-74.1416,4.59315],[-74.14161,4.59309],[-74.14177,4.5923],[-74.14178,4.59228],[-74.14179,4.59223]]}},{"type":"Feature","properties":{"id":"1164689925","nom":"","tipo":"secondary"},"geometry":{"type":"LineString","coordinates":[[-74.1271,4.59388],[-74.12713,4.59379],[-74.12714,4.5937],[-74.12713,4.59361],[-74.1271,4.59352],[-74.12705,4.59345],[-74.12698,4.59338]]}},{"type":"Feature","properties":{"id":"1164690517","nom":"Calle 53 Sur","tipo":"tertiary"},"geometry":{"type":"LineString","coordinates":[[-74.12794,4.56498],[-74.128,4.56504],[-74.12824,4.5653]]}},{"type":"Feature","properties":{"id":"1164693922","nom":"Avenida Carrera 19","tipo":"trunk"},"geometry":{"type":"LineString","coordinates":[[-74.13892,4.56348],[-74.13894,4.56333],[-74.13899,4.56298],[-74.13905,4.56247],[-74.13909,4.56219],[-74.13915,4.56178]]}},{"type":"Feature","properties":{"id":"1166165503","nom":"","tipo":"secondary"},"geometry":{"type":"LineString","coordinates":[[-74.12693,4.59335],[-74.12683,4.59331],[-74.12673,4.5933],[-74.12662,4.59331],[-74.12653,4.59336]]}},{"type":"Feature","properties":{"id":"1166165504","nom":"","tipo":"secondary"},"geometry":{"type":"LineString","coordinates":[[-74.12698,4.59338],[-74.12693,4.59335]]}},{"type":"Feature","properties":{"id":"1167199877","nom":"","tipo":"secondary"},"geometry":{"type":"LineString","coordinates":[[-74.12653,4.59336],[-74.12646,4.5934]]}},{"type":"Feature","properties":{"id":"1167373545","nom":"Diagonal 62 Sur","tipo":"tertiary"},"geometry":{"type":"LineString","coordinates":[[-74.14112,4.56246],[-74.1413,4.56258],[-74.14137,4.56263],[-74.14146,4.56269],[-74.14156,4.56276],[-74.14166,4.56285],[-74.14175,4.56294],[-74.14182,4.56301],[-74.14188,4.56307],[-74.14195,4.56316]]}},{"type":"Feature","properties":{"id":"1167376063","nom":"Avenida Calle 44 Sur","tipo":"secondary"},"geometry":{"type":"LineString","coordinates":[[-74.12736,4.58396],[-74.12759,4.58453]]}},{"type":"Feature","properties":{"id":"1167376064","nom":"Carrera 27","tipo":"tertiary"},"geometry":{"type":"LineString","coordinates":[[-74.12561,4.58363],[-74.12632,4.58344]]}},{"type":"Feature","properties":{"id":"1167376065","nom":"Calle 42 Sur","tipo":"residential"},"geometry":{"type":"LineString","coordinates":[[-74.12561,4.58363],[-74.12562,4.58365],[-74.12587,4.58423],[-74.12597,4.58446],[-74.12627,4.58512]]}},{"type":"Feature","properties":{"id":"1167376787","nom":"Avenida Calle 45A Sur","tipo":"trunk"},"geometry":{"type":"LineString","coordinates":[[-74.14222,4.59549],[-74.14186,4.5955],[-74.14176,4.5955],[-74.14155,4.5955],[-74.14141,4.59549],[-74.14124,4.59548],[-74.1404,4.59536],[-74.13929,4.59511]]}},{"type":"Feature","properties":{"id":"1167376992","nom":"","tipo":"secondary"},"geometry":{"type":"LineString","coordinates":[[-74.12646,4.5934],[-74.1264,4.59347],[-74.12635,4.59356],[-74.12633,4.59366],[-74.12633,4.59376],[-74.12635,4.59386],[-74.1264,4.59394]]}},{"type":"Feature","properties":{"id":"1167376993","nom":"Transversal 35","tipo":"trunk"},"geometry":{"type":"LineString","coordinates":[[-74.12424,4.59389],[-74.12499,4.59381],[-74.12503,4.5938]]}},{"type":"Feature","properties":{"id":"1167380998","nom":"Avenida Carrera 19","tipo":"trunk"},"geometry":{"type":"LineString","coordinates":[[-74.13917,4.5616],[-74.1392,4.5614],[-74.13926,4.56093]]}},{"type":"Feature","properties":{"id":"1169137906","nom":"Carrera 61G","tipo":"residential"},"geometry":{"type":"LineString","coordinates":[[-74.15061,4.58856],[-74.15031,4.58828],[-74.14992,4.58793]]}},{"type":"Feature","properties":{"id":"1169137907","nom":"Carrera 61G","tipo":"residential"},"geometry":{"type":"LineString","coordinates":[[-74.15144,4.59001],[-74.15139,4.58947],[-74.15138,4.58933],[-74.15137,4.58927]]}},{"type":"Feature","properties":{"id":"1169137908","nom":"Transversal 60","tipo":"trunk"},"geometry":{"type":"LineString","coordinates":[[-74.14549,4.59159],[-74.14549,4.59105],[-74.14549,4.59096]]}},{"type":"Feature","properties":{"id":"1169137909","nom":"Avenida Carrera 72","tipo":"trunk"},"geometry":{"type":"LineString","coordinates":[[-74.14509,4.59864],[-74.14512,4.59853]]}},{"type":"Feature","properties":{"id":"1169137910","nom":"Transversal 72A","tipo":"tertiary"},"geometry":{"type":"LineString","coordinates":[[-74.14741,4.5976],[-74.14732,4.59764]]}},{"type":"Feature","properties":{"id":"1169137911","nom":"Avenida Calle 45A Sur","tipo":"trunk"},"geometry":{"type":"LineString","coordinates":[[-74.14533,4.59531],[-74.1457,4.59524],[-74.14607,4.59517]]}},{"type":"Feature","properties":{"id":"1169137912","nom":"","tipo":"secondary"},"geometry":{"type":"LineString","coordinates":[[-74.1272,4.59187],[-74.12716,4.59188]]}},{"type":"Feature","properties":{"id":"1169137913","nom":"Calle 47B Sur","tipo":"tertiary"},"geometry":{"type":"LineString","coordinates":[[-74.12885,4.57641],[-74.12896,4.57679],[-74.12901,4.57701],[-74.12917,4.57758],[-74.1292,4.57768],[-74.12922,4.57774]]}},{"type":"Feature","properties":{"id":"1169137914","nom":"Diagonal 44B Sur","tipo":"tertiary"},"geometry":{"type":"LineString","coordinates":[[-74.12376,4.57476],[-74.12386,4.5748],[-74.12434,4.57499]]}},{"type":"Feature","properties":{"id":"1169137915","nom":"Carrera 20","tipo":"residential"},"geometry":{"type":"LineString","coordinates":[[-74.12548,4.57212],[-74.12502,4.57333],[-74.12486,4.57373],[-74.12465,4.57428],[-74.12446,4.57476],[-74.12441,4.57486],[-74.12434,4.57499]]}},{"type":"Feature","properties":{"id":"1169160372","nom":"Avenida Carrera 19C","tipo":"primary"},"geometry":{"type":"LineString","coordinates":[[-74.14036,4.56714],[-74.14046,4.56711]]}},{"type":"Feature","properties":{"id":"1169160555","nom":"Avenida Calle 44 Sur","tipo":"secondary"},"geometry":{"type":"LineString","coordinates":[[-74.12551,4.57937],[-74.12548,4.5793]]}},{"type":"Feature","properties":{"id":"1169160556","nom":"Avenida Carrera 53","tipo":"secondary"},"geometry":{"type":"LineString","coordinates":[[-74.13784,4.59483],[-74.13785,4.59479],[-74.13785,4.59476],[-74.13786,4.5947],[-74.13786,4.59464]]}},{"type":"Feature","properties":{"id":"1169160557","nom":"Avenida Calle 45A Sur","tipo":"trunk"},"geometry":{"type":"LineString","coordinates":[[-74.14739,4.59496],[-74.14711,4.59493],[-74.14691,4.59491],[-74.14679,4.59491],[-74.14669,4.59491],[-74.14655,4.59492],[-74.14645,4.59493],[-74.14633,4.59494],[-74.1458,4.59503]]}},{"type":"Feature","properties":{"id":"1169160988","nom":"Avenida Carrera 19C","tipo":"primary"},"geometry":{"type":"LineString","coordinates":[[-74.14044,4.56699],[-74.1404,4.567]]}},{"type":"Feature","properties":{"id":"1169194392","nom":"Carrera 25A","tipo":"residential"},"geometry":{"type":"LineString","coordinates":[[-74.12623,4.58108],[-74.12627,4.58107],[-74.12684,4.5809],[-74.12785,4.58061],[-74.12803,4.58056]]}},{"type":"Feature","properties":{"id":"1169194393","nom":"Avenida Calle 44 Sur","tipo":"secondary"},"geometry":{"type":"LineString","coordinates":[[-74.12623,4.58108],[-74.12601,4.58058],[-74.12584,4.58016]]}},{"type":"Feature","properties":{"id":"1169338497","nom":"Carrera 12C","tipo":"residential"},"geometry":{"type":"LineString","coordinates":[[-74.12784,4.56062],[-74.12697,4.56105]]}},{"type":"Feature","properties":{"id":"1169338498","nom":"Carrera 12C","tipo":"residential"},"geometry":{"type":"LineString","coordinates":[[-74.12959,4.55976],[-74.12891,4.56009],[-74.12784,4.56062]]}},{"type":"Feature","properties":{"id":"1169338499","nom":"Calle 55A Sur","tipo":"residential"},"geometry":{"type":"LineString","coordinates":[[-74.12784,4.56062],[-74.12755,4.56002],[-74.12729,4.55947]]}},{"type":"Feature","properties":{"id":"1169338500","nom":"Carrera 25","tipo":"tertiary"},"geometry":{"type":"LineString","coordinates":[[-74.13203,4.57961],[-74.13179,4.57967]]}},{"type":"Feature","properties":{"id":"1169369335","nom":"Avenida Carrera 33","tipo":"secondary"},"geometry":{"type":"LineString","coordinates":[[-74.13326,4.58556],[-74.13398,4.58544],[-74.13403,4.58543],[-74.13407,4.58542]]}},{"type":"Feature","properties":{"id":"1174447002","nom":"Carrera 63","tipo":"tertiary"},"geometry":{"type":"LineString","coordinates":[[-74.15414,4.59873],[-74.15416,4.59884]]}},{"type":"Feature","properties":{"id":"1174447995","nom":"Carrera 38","tipo":"tertiary"},"geometry":{"type":"LineString","coordinates":[[-74.15115,4.57231],[-74.15109,4.57237],[-74.15107,4.57239],[-74.15101,4.57247]]}},{"type":"Feature","properties":{"id":"1174447996","nom":"Avenida Calle 61 Sur","tipo":"primary"},"geometry":{"type":"LineString","coordinates":[[-74.15041,4.5718],[-74.15058,4.57191],[-74.15084,4.57209],[-74.15095,4.57216]]}},{"type":"Feature","properties":{"id":"1174453104","nom":"Avenida Calle 61 Sur","tipo":"primary"},"geometry":{"type":"LineString","coordinates":[[-74.15129,4.57217],[-74.15119,4.5721],[-74.15021,4.57144],[-74.14951,4.57096],[-74.14909,4.57067],[-74.14884,4.5705],[-74.14791,4.56986],[-74.14774,4.56975]]}},{"type":"Feature","properties":{"id":"1174453105","nom":"Carrera 38","tipo":"tertiary"},"geometry":{"type":"LineString","coordinates":[[-74.15132,4.57219],[-74.15136,4.57211]]}},{"type":"Feature","properties":{"id":"1174453106","nom":"","tipo":"tertiary"},"geometry":{"type":"LineString","coordinates":[[-74.15,4.57419],[-74.15,4.57414],[-74.14998,4.57408],[-74.14995,4.57404],[-74.1499,4.57401],[-74.14985,4.57399],[-74.14979,4.57399]]}},{"type":"Feature","properties":{"id":"1174575926","nom":"Avenida Calle 56A Sur","tipo":"trunk"},"geometry":{"type":"LineString","coordinates":[[-74.14409,4.58662],[-74.14418,4.58687]]}},{"type":"Feature","properties":{"id":"1174575927","nom":"Carrera 25","tipo":"tertiary"},"geometry":{"type":"LineString","coordinates":[[-74.14065,4.57669],[-74.14056,4.57673]]}},{"type":"Feature","properties":{"id":"1174580171","nom":"","tipo":"trunk_link"},"geometry":{"type":"LineString","coordinates":[[-74.13757,4.59475],[-74.13678,4.59459],[-74.13656,4.59454]]}},{"type":"Feature","properties":{"id":"1174654387","nom":"Calle 64 Sur","tipo":"tertiary"},"geometry":{"type":"LineString","coordinates":[[-74.14677,4.56689],[-74.14678,4.56694],[-74.14682,4.567],[-74.14688,4.56705],[-74.14719,4.56726],[-74.14737,4.56739],[-74.14753,4.56749],[-74.14774,4.56764],[-74.14793,4.56777],[-74.14824,4.56799],[-74.1483,4.56802]]}},{"type":"Feature","properties":{"id":"1174654388","nom":"Calle 64 Sur","tipo":"tertiary"},"geometry":{"type":"LineString","coordinates":[[-74.14508,4.56128],[-74.14521,4.56169],[-74.14533,4.56212]]}},{"type":"Feature","properties":{"id":"1174654389","nom":"Carrera 19G","tipo":"tertiary"},"geometry":{"type":"LineString","coordinates":[[-74.14334,4.56272],[-74.1435,4.56268],[-74.14396,4.56253],[-74.14434,4.56242],[-74.14533,4.56212]]}},{"type":"Feature","properties":{"id":"1174654390","nom":"Carrera 19G","tipo":"tertiary"},"geometry":{"type":"LineString","coordinates":[[-74.14195,4.56316],[-74.14224,4.56307],[-74.14259,4.56296],[-74.14334,4.56272]]}},{"type":"Feature","properties":{"id":"1174654391","nom":"Calle 62 Sur","tipo":"residential"},"geometry":{"type":"LineString","coordinates":[[-74.14334,4.56272],[-74.14321,4.56229],[-74.1431,4.56186]]}},{"type":"Feature","properties":{"id":"1174654392","nom":"Calle 62 Sur","tipo":"residential"},"geometry":{"type":"LineString","coordinates":[[-74.1431,4.56186],[-74.14275,4.56128],[-74.14252,4.56083],[-74.14223,4.56039],[-74.14194,4.55994],[-74.14183,4.55976]]}},{"type":"Feature","properties":{"id":"1174654393","nom":"Carrera 19D","tipo":"tertiary"},"geometry":{"type":"LineString","coordinates":[[-74.1431,4.56186],[-74.14301,4.56189],[-74.14232,4.56209],[-74.14199,4.56219],[-74.14155,4.56232],[-74.14134,4.56239],[-74.14112,4.56246]]}},{"type":"Feature","properties":{"id":"1174654394","nom":"Carrera 19D","tipo":"tertiary"},"geometry":{"type":"LineString","coordinates":[[-74.14473,4.56138],[-74.14438,4.56148],[-74.14408,4.56157],[-74.14397,4.5616],[-74.14363,4.5617],[-74.14358,4.56172],[-74.14329,4.5618],[-74.1431,4.56186]]}},{"type":"Feature","properties":{"id":"1174656508","nom":"Avenida Carrera 27","tipo":"secondary"},"geometry":{"type":"LineString","coordinates":[[-74.12127,4.58935],[-74.12121,4.58935],[-74.12114,4.58934],[-74.12043,4.58923],[-74.12042,4.58923],[-74.12028,4.58921],[-74.11952,4.5891],[-74.11908,4.58903],[-74.11897,4.58901],[-74.11888,4.58899],[-74.11879,4.58897]]}},{"type":"Feature","properties":{"id":"1174656511","nom":"Avenida Carrera 26G","tipo":"secondary"},"geometry":{"type":"LineString","coordinates":[[-74.12145,4.58793],[-74.12129,4.58794],[-74.12112,4.58796],[-74.12046,4.58805],[-74.12031,4.58807]]}},{"type":"Feature","properties":{"id":"1176359868","nom":"Diagonal 62 Sur","tipo":"tertiary"},"geometry":{"type":"LineString","coordinates":[[-74.14195,4.56316],[-74.14208,4.56331],[-74.14225,4.56356],[-74.14249,4.56396],[-74.14268,4.56426],[-74.14268,4.56427],[-74.14273,4.56435],[-74.14298,4.56476]]}},{"type":"Feature","properties":{"id":"1176359873","nom":"Transversal 22","tipo":"tertiary"},"geometry":{"type":"LineString","coordinates":[[-74.15439,4.56498],[-74.15464,4.56506],[-74.15491,4.56514],[-74.15516,4.56522],[-74.15541,4.56529],[-74.15567,4.56537],[-74.15578,4.56541],[-74.1559,4.56544]]}},{"type":"Feature","properties":{"id":"1176359874","nom":"Carrera 20C","tipo":"tertiary"},"geometry":{"type":"LineString","coordinates":[[-74.14587,4.56389],[-74.14686,4.56358],[-74.14779,4.5633],[-74.1478,4.56329]]}},{"type":"Feature","properties":{"id":"1176359875","nom":"Calle 64 Sur","tipo":"tertiary"},"geometry":{"type":"LineString","coordinates":[[-74.14533,4.56212],[-74.14547,4.56257],[-74.1456,4.56301],[-74.14574,4.56345],[-74.14587,4.56389]]}},{"type":"Feature","properties":{"id":"1176359876","nom":"Avenida Calle 61 Sur","tipo":"primary"},"geometry":{"type":"LineString","coordinates":[[-74.1445,4.56776],[-74.14478,4.56794]]}},{"type":"Feature","properties":{"id":"1176363261","nom":"Carrera 19D","tipo":"tertiary"},"geometry":{"type":"LineString","coordinates":[[-74.14508,4.56128],[-74.14473,4.56138]]}},{"type":"Feature","properties":{"id":"1176363262","nom":"Calle 37 Sur","tipo":"tertiary"},"geometry":{"type":"LineString","coordinates":[[-74.12633,4.59883],[-74.12564,4.59812],[-74.12561,4.59809]]}},{"type":"Feature","properties":{"id":"1176363263","nom":"Carrera 50B","tipo":"residential"},"geometry":{"type":"LineString","coordinates":[[-74.12607,4.5991],[-74.12633,4.59883]]}},{"type":"Feature","properties":{"id":"1176363276","nom":"Carrera 52C","tipo":"tertiary"},"geometry":{"type":"LineString","coordinates":[[-74.13239,4.60116],[-74.13243,4.60111],[-74.13266,4.60075],[-74.13291,4.60037],[-74.13315,4.60002],[-74.13318,4.59997]]}},{"type":"Feature","properties":{"id":"1176363279","nom":"Avenida Carrera 33","tipo":"secondary"},"geometry":{"type":"LineString","coordinates":[[-74.13635,4.5849],[-74.13605,4.58495]]}},{"type":"Feature","properties":{"id":"1176363280","nom":"Carrera 19D","tipo":"tertiary"},"geometry":{"type":"LineString","coordinates":[[-74.14545,4.56117],[-74.14508,4.56128]]}},{"type":"Feature","properties":{"id":"1176611619","nom":"Avenida Calle 45A Sur","tipo":"trunk"},"geometry":{"type":"LineString","coordinates":[[-74.12855,4.59371],[-74.12868,4.59372],[-74.12894,4.59374]]}},{"type":"Feature","properties":{"id":"1176613174","nom":"Calle 40 Sur","tipo":"tertiary"},"geometry":{"type":"LineString","coordinates":[[-74.14176,4.60044],[-74.14144,4.59996],[-74.14137,4.59985],[-74.14076,4.59895],[-74.14056,4.59866],[-74.14029,4.59827]]}},{"type":"Feature","properties":{"id":"1176613175","nom":"Carrera 63","tipo":"tertiary"},"geometry":{"type":"LineString","coordinates":[[-74.15458,4.59989],[-74.15465,4.59993],[-74.15469,4.59994],[-74.15474,4.59996],[-74.15481,4.59997],[-74.15494,4.59998]]}},{"type":"Feature","properties":{"id":"1176613177","nom":"Carrera 66","tipo":"residential"},"geometry":{"type":"LineString","coordinates":[[-74.15368,4.58791],[-74.15395,4.58787],[-74.15401,4.58786],[-74.15413,4.58785],[-74.15422,4.58786],[-74.1545,4.58785],[-74.15466,4.58786],[-74.15476,4.58786]]}},{"type":"Feature","properties":{"id":"1176613178","nom":"Carrera 61A","tipo":"tertiary"},"geometry":{"type":"LineString","coordinates":[[-74.1515,4.59026],[-74.15155,4.59023]]}},{"type":"Feature","properties":{"id":"1176613179","nom":"Diagonal 49 Sur","tipo":"residential"},"geometry":{"type":"LineString","coordinates":[[-74.14659,4.59215],[-74.14638,4.59232],[-74.14607,4.59258],[-74.14572,4.59284],[-74.1456,4.59292],[-74.1455,4.59299]]}},{"type":"Feature","properties":{"id":"1176616629","nom":"Avenida Calle 45A Sur","tipo":"trunk"},"geometry":{"type":"LineString","coordinates":[[-74.14834,4.5951],[-74.14802,4.59505],[-74.14757,4.59498],[-74.14739,4.59496]]}},{"type":"Feature","properties":{"id":"1176616630","nom":"Carrera 63","tipo":"tertiary"},"geometry":{"type":"LineString","coordinates":[[-74.15421,4.5987],[-74.1542,4.59866],[-74.15412,4.59821]]}},{"type":"Feature","properties":{"id":"1176616631","nom":"Calle 57B Sur","tipo":"tertiary"},"geometry":{"type":"LineString","coordinates":[[-74.15545,4.59983],[-74.15498,4.59984],[-74.1549,4.59984],[-74.15483,4.59984]]}},{"type":"Feature","properties":{"id":"1176616632","nom":"Calle 57B Sur","tipo":"tertiary"},"geometry":{"type":"LineString","coordinates":[[-74.15483,4.59984],[-74.15473,4.59983],[-74.15468,4.59984],[-74.15464,4.59985],[-74.15461,4.59987],[-74.15458,4.59989]]}},{"type":"Feature","properties":{"id":"1176616634","nom":"Calle 57B Sur","tipo":"tertiary"},"geometry":{"type":"LineString","coordinates":[[-74.15494,4.59998],[-74.15504,4.59998],[-74.15546,4.59997]]}},{"type":"Feature","properties":{"id":"1176617730","nom":"Calle 44 Sur","tipo":"tertiary"},"geometry":{"type":"LineString","coordinates":[[-74.14418,4.5986],[-74.1446,4.59892],[-74.14464,4.59895]]}},{"type":"Feature","properties":{"id":"1176617731","nom":"Carrera 68I","tipo":"residential"},"geometry":{"type":"LineString","coordinates":[[-74.14396,4.59903],[-74.14361,4.59994],[-74.14336,4.60059],[-74.14319,4.60105]]}},{"type":"Feature","properties":{"id":"1176617733","nom":"Transversal 60","tipo":"trunk"},"geometry":{"type":"LineString","coordinates":[[-74.14526,4.59383],[-74.14527,4.59458]]}},{"type":"Feature","properties":{"id":"1176617734","nom":"Diagonal 47A Sur","tipo":"residential"},"geometry":{"type":"LineString","coordinates":[[-74.1416,4.59315],[-74.14165,4.59316],[-74.14266,4.59335],[-74.14334,4.59349]]}},{"type":"Feature","properties":{"id":"1176617736","nom":"Avenida Calle 45A Sur","tipo":"trunk"},"geometry":{"type":"LineString","coordinates":[[-74.14534,4.59512],[-74.14512,4.59516],[-74.14499,4.59518],[-74.14486,4.5952],[-74.14462,4.59523],[-74.14436,4.59526],[-74.14409,4.59529]]}},{"type":"Feature","properties":{"id":"1176619479","nom":"Calle 64 Sur","tipo":"tertiary"},"geometry":{"type":"LineString","coordinates":[[-74.1483,4.56802],[-74.14836,4.56807]]}},{"type":"Feature","properties":{"id":"1176619481","nom":"Avenida Calle 61 Sur","tipo":"primary"},"geometry":{"type":"LineString","coordinates":[[-74.14733,4.56947],[-74.14667,4.56902],[-74.14647,4.56889],[-74.1462,4.5687],[-74.14599,4.56855]]}},{"type":"Feature","properties":{"id":"1176619790","nom":"Transversal 60","tipo":"trunk"},"geometry":{"type":"LineString","coordinates":[[-74.14549,4.59033],[-74.14549,4.59023]]}},{"type":"Feature","properties":{"id":"1176619791","nom":"Transversal 60","tipo":"trunk"},"geometry":{"type":"LineString","coordinates":[[-74.14549,4.59096],[-74.14549,4.59089],[-74.14549,4.59056],[-74.14549,4.59053],[-74.14549,4.59033]]}},{"type":"Feature","properties":{"id":"1178462654","nom":"Calle 53 Sur","tipo":"residential"},"geometry":{"type":"LineString","coordinates":[[-74.12747,4.56411],[-74.12705,4.56324],[-74.12676,4.56264],[-74.12647,4.56204],[-74.12618,4.56143]]}},{"type":"Feature","properties":{"id":"1178462655","nom":"Carrera 12C","tipo":"residential"},"geometry":{"type":"LineString","coordinates":[[-74.12697,4.56105],[-74.12618,4.56143]]}},{"type":"Feature","properties":{"id":"1178468403","nom":"","tipo":"secondary"},"geometry":{"type":"LineString","coordinates":[[-74.12735,4.59208],[-74.12736,4.59204]]}},{"type":"Feature","properties":{"id":"1178596613","nom":"","tipo":"trunk_link"},"geometry":{"type":"LineString","coordinates":[[-74.12754,4.59374],[-74.12769,4.59374],[-74.12789,4.59374],[-74.12801,4.59375],[-74.12811,4.59375],[-74.12837,4.59377],[-74.12853,4.59377],[-74.1287,4.59376]]}},{"type":"Feature","properties":{"id":"1178596618","nom":"","tipo":"secondary"},"geometry":{"type":"LineString","coordinates":[[-74.1264,4.59394],[-74.12642,4.59397],[-74.12644,4.59399]]}},{"type":"Feature","properties":{"id":"1180760038","nom":"Carrera 15","tipo":"residential"},"geometry":{"type":"LineString","coordinates":[[-74.13095,4.56287],[-74.13064,4.56328]]}},{"type":"Feature","properties":{"id":"1180760039","nom":"Calle 57 Sur","tipo":"residential"},"geometry":{"type":"LineString","coordinates":[[-74.13095,4.56287],[-74.13124,4.56309]]}},{"type":"Feature","properties":{"id":"1180775112","nom":"Calle 53 Sur","tipo":"residential"},"geometry":{"type":"LineString","coordinates":[[-74.12791,4.56501],[-74.12788,4.56496],[-74.12747,4.56411]]}},{"type":"Feature","properties":{"id":"1180775113","nom":"Carrera 13C","tipo":"tertiary"},"geometry":{"type":"LineString","coordinates":[[-74.12818,4.56359],[-74.12747,4.56411]]}},{"type":"Feature","properties":{"id":"1180775114","nom":"Avenida Carrera 24","tipo":"secondary"},"geometry":{"type":"LineString","coordinates":[[-74.1397,4.57303],[-74.13961,4.57306]]}},{"type":"Feature","properties":{"id":"1180992297","nom":"Avenida Carrera 14","tipo":"primary"},"geometry":{"type":"LineString","coordinates":[[-74.12557,4.56923],[-74.12559,4.56918],[-74.12573,4.5689],[-74.12576,4.56883]]}},{"type":"Feature","properties":{"id":"1180994859","nom":"Calle 68C Sur","tipo":"tertiary"},"geometry":{"type":"LineString","coordinates":[[-74.15335,4.56991],[-74.15337,4.56993],[-74.15338,4.56993],[-74.15341,4.56997],[-74.15342,4.56998],[-74.15345,4.57],[-74.15347,4.57004],[-74.15348,4.57008],[-74.15349,4.57012],[-74.15349,4.57017],[-74.1535,4.57022],[-74.15351,4.57027],[-74.15352,4.57031],[-74.15354,4.57037],[-74.15358,4.57043],[-74.15365,4.57053],[-74.15381,4.57075],[-74.15399,4.57099],[-74.15402,4.57104],[-74.15406,4.57111],[-74.15409,4.57117],[-74.15413,4.57124],[-74.15416,4.57133]]}},{"type":"Feature","properties":{"id":"1180994860","nom":"Calle 64 Sur","tipo":"tertiary"},"geometry":{"type":"LineString","coordinates":[[-74.15228,4.57076],[-74.15234,4.57081],[-74.15242,4.57086]]}},{"type":"Feature","properties":{"id":"1181867874","nom":"Avenida Calle 58A Sur","tipo":"trunk"},"geometry":{"type":"LineString","coordinates":[[-74.13972,4.57313],[-74.1397,4.57303]]}},{"type":"Feature","properties":{"id":"1182585147","nom":"Avenida Carrera 24","tipo":"secondary"},"geometry":{"type":"LineString","coordinates":[[-74.12986,4.57709],[-74.12978,4.57715],[-74.12971,4.57721],[-74.12969,4.57723],[-74.12961,4.57731],[-74.12949,4.57744],[-74.12934,4.57761],[-74.12922,4.57774]]}},{"type":"Feature","properties":{"id":"1182587887","nom":"Carrera 13F","tipo":"tertiary"},"geometry":{"type":"LineString","coordinates":[[-74.13039,4.56219],[-74.1307,4.56181],[-74.13103,4.56141]]}},{"type":"Feature","properties":{"id":"1182595140","nom":"Calle 46 Sur","tipo":"tertiary"},"geometry":{"type":"LineString","coordinates":[[-74.12616,4.57405],[-74.12611,4.57387]]}},{"type":"Feature","properties":{"id":"1182595141","nom":"Calle 47B Sur","tipo":"tertiary"},"geometry":{"type":"LineString","coordinates":[[-74.1278,4.57258],[-74.12779,4.57261],[-74.12779,4.57263],[-74.1278,4.5727],[-74.12782,4.57275],[-74.12785,4.57288],[-74.12806,4.57362],[-74.12821,4.57416],[-74.12827,4.57437]]}},{"type":"Feature","properties":{"id":"1182599985","nom":"Avenida Calle 61 Sur","tipo":"trunk"},"geometry":{"type":"LineString","coordinates":[[-74.13898,4.56031],[-74.13897,4.56043],[-74.13894,4.56063]]}},{"type":"Feature","properties":{"id":"1182599986","nom":"Avenida Calle 61 Sur","tipo":"trunk"},"geometry":{"type":"LineString","coordinates":[[-74.13926,4.56093],[-74.1393,4.56073],[-74.13932,4.56058],[-74.13933,4.56044],[-74.13934,4.56034],[-74.13934,4.5602],[-74.13934,4.56012],[-74.13933,4.56001]]}},{"type":"Feature","properties":{"id":"1189740458","nom":"Carrera 63","tipo":"tertiary"},"geometry":{"type":"LineString","coordinates":[[-74.15404,4.59824],[-74.15411,4.59856],[-74.15413,4.59868],[-74.15414,4.59873]]}},{"type":"Feature","properties":{"id":"1189740463","nom":"Avenida Calle 57R Sur","tipo":"trunk"},"geometry":{"type":"LineString","coordinates":[[-74.15324,4.59629],[-74.15341,4.59636],[-74.15354,4.5964],[-74.15357,4.59641],[-74.15367,4.59645]]}},{"type":"Feature","properties":{"id":"1189740464","nom":"Avenida Calle 45A Sur","tipo":"trunk"},"geometry":{"type":"LineString","coordinates":[[-74.13533,4.59464],[-74.13584,4.59472],[-74.13624,4.59479],[-74.13659,4.59486],[-74.13677,4.5949],[-74.1373,4.59502],[-74.13753,4.59508],[-74.13798,4.59519],[-74.13826,4.59525],[-74.13841,4.59527],[-74.13907,4.59539],[-74.13963,4.59547]]}},{"type":"Feature","properties":{"id":"1189740465","nom":"Avenida Carrera 68","tipo":"secondary"},"geometry":{"type":"LineString","coordinates":[[-74.13706,4.59706],[-74.13716,4.59692],[-74.13729,4.5967],[-74.13738,4.59653],[-74.1376,4.59618],[-74.13768,4.59603],[-74.1377,4.59597],[-74.13775,4.59585],[-74.13778,4.59573],[-74.13779,4.5957],[-74.1378,4.59566],[-74.1378,4.59564],[-74.13782,4.59554],[-74.13783,4.59546],[-74.13783,4.59539],[-74.13783,4.59523]]}},{"type":"Feature","properties":{"id":"1189853941","nom":"Calle 54 Sur","tipo":"tertiary"},"geometry":{"type":"LineString","coordinates":[[-74.12726,4.56166],[-74.12697,4.56105]]}},{"type":"Feature","properties":{"id":"1189853942","nom":"Carrera 12D","tipo":"residential"},"geometry":{"type":"LineString","coordinates":[[-74.12726,4.56166],[-74.12812,4.56124]]}},{"type":"Feature","properties":{"id":"1189853943","nom":"Carrera 12D","tipo":"residential"},"geometry":{"type":"LineString","coordinates":[[-74.12812,4.56124],[-74.12931,4.56067],[-74.12989,4.56036]]}},{"type":"Feature","properties":{"id":"1189853944","nom":"Calle 55A Sur","tipo":"residential"},"geometry":{"type":"LineString","coordinates":[[-74.12812,4.56124],[-74.12784,4.56062]]}},{"type":"Feature","properties":{"id":"1191302290","nom":"","tipo":"tertiary"},"geometry":{"type":"LineString","coordinates":[[-74.15453,4.57822],[-74.1545,4.57822],[-74.15448,4.57823],[-74.15446,4.57824],[-74.15445,4.57825],[-74.15444,4.57827]]}},{"type":"Feature","properties":{"id":"1191313887","nom":"Avenida Calle 57R Sur","tipo":"trunk"},"geometry":{"type":"LineString","coordinates":[[-74.15357,4.59609],[-74.15332,4.59602],[-74.15314,4.59596],[-74.15297,4.59591],[-74.15283,4.59586],[-74.15251,4.59572]]}},{"type":"Feature","properties":{"id":"1193168529","nom":"Carrera 40","tipo":"residential"},"geometry":{"type":"LineString","coordinates":[[-74.12417,4.59619],[-74.12382,4.59652],[-74.12348,4.59682],[-74.12315,4.59712],[-74.1228,4.59744],[-74.12243,4.59778]]}},{"type":"Feature","properties":{"id":"1193168530","nom":"Calle 33 Sur","tipo":"tertiary"},"geometry":{"type":"LineString","coordinates":[[-74.12275,4.59813],[-74.12351,4.59897],[-74.1238,4.59929],[-74.12382,4.5993],[-74.12384,4.59932]]}},{"type":"Feature","properties":{"id":"1193168532","nom":"Calle 40 Sur","tipo":"tertiary"},"geometry":{"type":"LineString","coordinates":[[-74.13318,4.59997],[-74.13313,4.59993],[-74.13277,4.5997],[-74.13231,4.5994],[-74.13189,4.5991]]}},{"type":"Feature","properties":{"id":"1195019560","nom":"Calle 52 Sur","tipo":"tertiary"},"geometry":{"type":"LineString","coordinates":[[-74.12677,4.56462],[-74.12703,4.56516],[-74.12723,4.56557],[-74.12727,4.56565]]}},{"type":"Feature","properties":{"id":"1195019561","nom":"Carrera 13C","tipo":"tertiary"},"geometry":{"type":"LineString","coordinates":[[-74.12747,4.56411],[-74.12677,4.56462]]}},{"type":"Feature","properties":{"id":"1195022063","nom":"Avenida Calle 61 Sur","tipo":"primary"},"geometry":{"type":"LineString","coordinates":[[-74.15132,4.57219],[-74.15129,4.57217]]}},{"type":"Feature","properties":{"id":"1195022064","nom":"Carrera 38","tipo":"tertiary"},"geometry":{"type":"LineString","coordinates":[[-74.15129,4.57217],[-74.15115,4.57231]]}},{"type":"Feature","properties":{"id":"1195023609","nom":"Calle 53 Sur","tipo":"tertiary"},"geometry":{"type":"LineString","coordinates":[[-74.12824,4.5653],[-74.12853,4.56562]]}},{"type":"Feature","properties":{"id":"1196118689","nom":"Diagonal 45 Sur","tipo":"residential"},"geometry":{"type":"LineString","coordinates":[[-74.13666,4.59405],[-74.13732,4.59418],[-74.13781,4.59428],[-74.13785,4.59429]]}},{"type":"Feature","properties":{"id":"1196118691","nom":"","tipo":"trunk_link"},"geometry":{"type":"LineString","coordinates":[[-74.14125,4.59537],[-74.14102,4.59535]]}},{"type":"Feature","properties":{"id":"1197109664","nom":"Avenida Carrera 24","tipo":"secondary"},"geometry":{"type":"LineString","coordinates":[[-74.13925,4.57332],[-74.13939,4.57326]]}},{"type":"Feature","properties":{"id":"1197228856","nom":"Transversal 35","tipo":"trunk"},"geometry":{"type":"LineString","coordinates":[[-74.12066,4.59436],[-74.12182,4.59414],[-74.12243,4.59406],[-74.12247,4.59405],[-74.12316,4.59399],[-74.12397,4.59392],[-74.12424,4.59389]]}},{"type":"Feature","properties":{"id":"1197229731","nom":"Carrera 24B","tipo":"residential"},"geometry":{"type":"LineString","coordinates":[[-74.12423,4.58062],[-74.12513,4.58036],[-74.12517,4.58035]]}},{"type":"Feature","properties":{"id":"1197229732","nom":"Calle 42 Sur","tipo":"residential"},"geometry":{"type":"LineString","coordinates":[[-74.12385,4.57988],[-74.12387,4.57991],[-74.12423,4.58062]]}},{"type":"Feature","properties":{"id":"1197229780","nom":"Carrera 40","tipo":"residential"},"geometry":{"type":"LineString","coordinates":[[-74.12036,4.59966],[-74.12016,4.59986],[-74.1198,4.60022],[-74.11948,4.60055],[-74.11904,4.60099],[-74.119,4.60103]]}},{"type":"Feature","properties":{"id":"1197350341","nom":"Carrera 53B","tipo":"residential"},"geometry":{"type":"LineString","coordinates":[[-74.14026,4.59529],[-74.14024,4.59525],[-74.14022,4.59521],[-74.14022,4.59518],[-74.14021,4.59515],[-74.14028,4.59482]]}},{"type":"Feature","properties":{"id":"1197465490","nom":"Diagonal 51 Sur","tipo":"tertiary"},"geometry":{"type":"LineString","coordinates":[[-74.14217,4.59035],[-74.14222,4.59035],[-74.14262,4.59044],[-74.14334,4.59059]]}},{"type":"Feature","properties":{"id":"1197465491","nom":"Diagonal 52 Sur","tipo":"tertiary"},"geometry":{"type":"LineString","coordinates":[[-74.14463,4.58801],[-74.14459,4.58805],[-74.14454,4.58809],[-74.1445,4.58811],[-74.14415,4.5883],[-74.14307,4.58888]]}},{"type":"Feature","properties":{"id":"1197466817","nom":"Transversal 60","tipo":"trunk"},"geometry":{"type":"LineString","coordinates":[[-74.14549,4.59023],[-74.14548,4.58984]]}},{"type":"Feature","properties":{"id":"1197472577","nom":"Avenida Carrera 19C","tipo":"primary"},"geometry":{"type":"LineString","coordinates":[[-74.13973,4.56728],[-74.14028,4.56715],[-74.14036,4.56714]]}},{"type":"Feature","properties":{"id":"1199629045","nom":"Avenida Carrera 53","tipo":"secondary"},"geometry":{"type":"LineString","coordinates":[[-74.13779,4.59466],[-74.13777,4.59478],[-74.13777,4.59482]]}},{"type":"Feature","properties":{"id":"1199629046","nom":"Avenida Calle 45A Sur","tipo":"trunk"},"geometry":{"type":"LineString","coordinates":[[-74.1458,4.59503],[-74.14534,4.59512]]}},{"type":"Feature","properties":{"id":"1208172933","nom":"Avenida Calle 45A Sur","tipo":"trunk"},"geometry":{"type":"LineString","coordinates":[[-74.12909,4.59375],[-74.12919,4.59375],[-74.12955,4.59376],[-74.12976,4.59377],[-74.13031,4.59379],[-74.13048,4.59379],[-74.1306,4.5938],[-74.13099,4.59383],[-74.13125,4.59386],[-74.13145,4.59389]]}},{"type":"Feature","properties":{"id":"1208172951","nom":"Carrera 52","tipo":"tertiary"},"geometry":{"type":"LineString","coordinates":[[-74.13189,4.5991],[-74.13189,4.59909],[-74.13192,4.59905]]}},{"type":"Feature","properties":{"id":"1209767975","nom":"Carrera 53B","tipo":"residential"},"geometry":{"type":"LineString","coordinates":[[-74.14028,4.59482],[-74.14028,4.59478]]}},{"type":"Feature","properties":{"id":"1209767976","nom":"Carrera 53A","tipo":"residential"},"geometry":{"type":"LineString","coordinates":[[-74.13911,4.59455],[-74.1391,4.59457],[-74.13903,4.59493],[-74.13902,4.59499]]}},{"type":"Feature","properties":{"id":"1217192965","nom":"Calle 49D Bis A Sur","tipo":"residential"},"geometry":{"type":"LineString","coordinates":[[-74.12208,4.56552],[-74.12212,4.56546],[-74.12216,4.56535],[-74.12216,4.56526],[-74.12214,4.56517],[-74.12211,4.56508],[-74.12207,4.565],[-74.12206,4.56497],[-74.12202,4.56491]]}},{"type":"Feature","properties":{"id":"1218128072","nom":"Calle 63B Sur","tipo":"residential"},"geometry":{"type":"LineString","coordinates":[[-74.1489,4.56875],[-74.14906,4.56886],[-74.14907,4.56888]]}},{"type":"Feature","properties":{"id":"1218128075","nom":"Calle 69C Sur","tipo":"residential"},"geometry":{"type":"LineString","coordinates":[[-74.15447,4.56563],[-74.15464,4.56506]]}},{"type":"Feature","properties":{"id":"1229473791","nom":"Avenida Calle 56A Sur","tipo":"trunk"},"geometry":{"type":"LineString","coordinates":[[-74.14293,4.58137],[-74.14281,4.58105],[-74.14255,4.58037],[-74.14253,4.58031]]}},{"type":"Feature","properties":{"id":"1235079373","nom":"Transversal 13N","tipo":"residential"},"geometry":{"type":"LineString","coordinates":[[-74.12357,4.57273],[-74.12346,4.57301]]}},{"type":"Feature","properties":{"id":"1238729796","nom":"Carrera 56","tipo":"residential"},"geometry":{"type":"LineString","coordinates":[[-74.14412,4.59319],[-74.14406,4.59357]]}},{"type":"Feature","properties":{"id":"1238738326","nom":"Carrera 19A Bis","tipo":"residential"},"geometry":{"type":"LineString","coordinates":[[-74.13559,4.56644],[-74.13598,4.56592]]}},{"type":"Feature","properties":{"id":"1275034430","nom":"Carrera 61G","tipo":"residential"},"geometry":{"type":"LineString","coordinates":[[-74.15155,4.59023],[-74.15151,4.59019],[-74.15148,4.59014],[-74.15144,4.59001]]}},{"type":"Feature","properties":{"id":"1275034431","nom":"Carrera 61G","tipo":"residential"},"geometry":{"type":"LineString","coordinates":[[-74.15144,4.59001],[-74.15145,4.59016],[-74.15146,4.5902],[-74.15148,4.59023],[-74.1515,4.59026]]}},{"type":"Feature","properties":{"id":"1275925080","nom":"Carrera 45A","tipo":"residential"},"geometry":{"type":"LineString","coordinates":[[-74.14939,4.57636],[-74.1496,4.57639],[-74.14971,4.57638],[-74.14984,4.57637],[-74.15072,4.5763]]}},{"type":"Feature","properties":{"id":"1275925081","nom":"Transversal 33","tipo":"residential"},"geometry":{"type":"LineString","coordinates":[[-74.14868,4.57363],[-74.14863,4.57379],[-74.14852,4.57421]]}},{"type":"Feature","properties":{"id":"1279870636","nom":"Carrera 19D","tipo":"tertiary"},"geometry":{"type":"LineString","coordinates":[[-74.14715,4.56066],[-74.14694,4.56073],[-74.14652,4.56085],[-74.14608,4.56098],[-74.14597,4.56101],[-74.14577,4.56107],[-74.14556,4.56113],[-74.14545,4.56117]]}},{"type":"Feature","properties":{"id":"1279870637","nom":"Carrera 19G","tipo":"tertiary"},"geometry":{"type":"LineString","coordinates":[[-74.1474,4.5615],[-74.14841,4.56121],[-74.14941,4.56091]]}},{"type":"Feature","properties":{"id":"1318931045","nom":"","tipo":"tertiary"},"geometry":{"type":"LineString","coordinates":[[-74.15461,4.57833],[-74.15461,4.57832],[-74.15461,4.5783],[-74.15461,4.57828],[-74.1546,4.57826],[-74.15458,4.57824],[-74.15457,4.57823],[-74.15455,4.57822],[-74.15453,4.57822]]}},{"type":"Feature","properties":{"id":"1322051309","nom":"Calle 40 Sur","tipo":"residential"},"geometry":{"type":"LineString","coordinates":[[-74.13878,4.59605],[-74.13865,4.59586],[-74.13858,4.59575],[-74.13857,4.59573],[-74.13858,4.59571],[-74.13859,4.59569],[-74.13861,4.59567],[-74.13862,4.59565],[-74.13864,4.59563],[-74.13866,4.59562],[-74.13873,4.59559],[-74.1388,4.59557],[-74.13897,4.59554],[-74.13923,4.59551],[-74.13943,4.59549],[-74.13963,4.59547]]}},{"type":"Feature","properties":{"id":"1322987426","nom":"Diagonal 47A Sur","tipo":"residential"},"geometry":{"type":"LineString","coordinates":[[-74.14334,4.59349],[-74.14345,4.5935],[-74.14406,4.59357]]}},{"type":"Feature","properties":{"id":"1326404750","nom":"Carrera 40","tipo":"residential"},"geometry":{"type":"LineString","coordinates":[[-74.12084,4.59923],[-74.12036,4.59966]]}},{"type":"Feature","properties":{"id":"1344372264","nom":"","tipo":"secondary_link"},"geometry":{"type":"LineString","coordinates":[[-74.14735,4.57907],[-74.14739,4.57897]]}},{"type":"Feature","properties":{"id":"1344397154","nom":"Transversal 20F","tipo":"residential"},"geometry":{"type":"LineString","coordinates":[[-74.14282,4.56681],[-74.14303,4.56666]]}},{"type":"Feature","properties":{"id":"1344397999","nom":"Calle 54A Sur","tipo":"residential"},"geometry":{"type":"LineString","coordinates":[[-74.13898,4.57741],[-74.13899,4.57743],[-74.13919,4.57792],[-74.13957,4.57886]]}},{"type":"Feature","properties":{"id":"1388642068","nom":"Carrera 54","tipo":"tertiary"},"geometry":{"type":"LineString","coordinates":[[-74.14179,4.59175],[-74.14171,4.59213],[-74.1417,4.59218],[-74.1417,4.59221]]}},{"type":"Feature","properties":{"id":"1389337187","nom":"Avenida Calle 45A Sur","tipo":"trunk"},"geometry":{"type":"LineString","coordinates":[[-74.12941,4.59342],[-74.12916,4.59341],[-74.12894,4.59342],[-74.1288,4.59342],[-74.12842,4.59343],[-74.12827,4.59344],[-74.12814,4.59345]]}},{"type":"Feature","properties":{"id":"1390109746","nom":"Diagonal 62 Sur","tipo":"residential"},"geometry":{"type":"LineString","coordinates":[[-74.14753,4.56918],[-74.14658,4.56854]]}},{"type":"Feature","properties":{"id":"1396590126","nom":"Carrera 52B","tipo":"residential"},"geometry":{"type":"LineString","coordinates":[[-74.13571,4.59523],[-74.13524,4.59595]]}},{"type":"Feature","properties":{"id":"1435697249","nom":"","tipo":"secondary"},"geometry":{"type":"LineString","coordinates":[[-74.12718,4.5922],[-74.12721,4.5922],[-74.12723,4.5922]]}},{"type":"Feature","properties":{"id":"1435697250","nom":"","tipo":"secondary"},"geometry":{"type":"LineString","coordinates":[[-74.12723,4.5922],[-74.12728,4.59218],[-74.12731,4.59215],[-74.12734,4.59212],[-74.12735,4.59208]]}},{"type":"Feature","properties":{"id":"1436704228","nom":"Calle 44 Sur","tipo":"residential"},"geometry":{"type":"LineString","coordinates":[[-74.13524,4.59514],[-74.13571,4.59523],[-74.13617,4.59532],[-74.13623,4.59534]]}},{"type":"Feature","properties":{"id":"1436704229","nom":"Carrera 52C","tipo":"tertiary"},"geometry":{"type":"LineString","coordinates":[[-74.13623,4.59534],[-74.13625,4.5953],[-74.13646,4.59498],[-74.13651,4.59492]]}},{"type":"Feature","properties":{"id":"1443125870","nom":"Carrera 43A","tipo":"residential"},"geometry":{"type":"LineString","coordinates":[[-74.15454,4.57183],[-74.15452,4.57179],[-74.15452,4.57177],[-74.15454,4.57174],[-74.15459,4.57171],[-74.15477,4.57164],[-74.15485,4.57159],[-74.15494,4.57152],[-74.15499,4.57147],[-74.15502,4.57142],[-74.15504,4.57138],[-74.15507,4.57137],[-74.15511,4.57136]]}},{"type":"Feature","properties":{"id":"1443127585","nom":"Diagonal 68 Sur","tipo":"residential"},"geometry":{"type":"LineString","coordinates":[[-74.15234,4.57081],[-74.15237,4.57077],[-74.15237,4.57076],[-74.15244,4.57066],[-74.15247,4.5706],[-74.1525,4.57054],[-74.15252,4.57048],[-74.15253,4.57043],[-74.15253,4.57039],[-74.15253,4.57035],[-74.15252,4.57032]]}},{"type":"Feature","properties":{"id":"1444285466","nom":"","tipo":"trunk_link"},"geometry":{"type":"LineString","coordinates":[[-74.14,4.59524],[-74.13929,4.59511]]}},{"type":"Feature","properties":{"id":"1450996285","nom":"","tipo":"tertiary"},"geometry":{"type":"LineString","coordinates":[[-74.15436,4.57153],[-74.15433,4.57154],[-74.1543,4.57155],[-74.15428,4.57157],[-74.15427,4.5716],[-74.15426,4.57162]]}},{"type":"Feature","properties":{"id":"1450996286","nom":"Calle 68C Sur","tipo":"tertiary"},"geometry":{"type":"LineString","coordinates":[[-74.15428,4.57168],[-74.1543,4.57171],[-74.15438,4.57191]]}},{"type":"Feature","properties":{"id":"1450996287","nom":"Calle 68C Sur","tipo":"tertiary"},"geometry":{"type":"LineString","coordinates":[[-74.15438,4.57191],[-74.15437,4.57186],[-74.15437,4.57182],[-74.15436,4.57179],[-74.15437,4.57176],[-74.15438,4.57173],[-74.15439,4.57171],[-74.15441,4.57169]]}},{"type":"Feature","properties":{"id":"1450996288","nom":"Calle 68C Sur","tipo":"tertiary"},"geometry":{"type":"LineString","coordinates":[[-74.15416,4.57133],[-74.1542,4.57143],[-74.15422,4.57148],[-74.15423,4.57153],[-74.15424,4.57156],[-74.15425,4.57159],[-74.15426,4.57162]]}},{"type":"Feature","properties":{"id":"1450996289","nom":"Calle 68C Sur","tipo":"tertiary"},"geometry":{"type":"LineString","coordinates":[[-74.15436,4.57153],[-74.15432,4.57152],[-74.15429,4.5715],[-74.15426,4.57147],[-74.15424,4.57145],[-74.15423,4.57143],[-74.15416,4.57133]]}},{"type":"Feature","properties":{"id":"1450996290","nom":"Carrera 43 Bis","tipo":"tertiary"},"geometry":{"type":"LineString","coordinates":[[-74.15462,4.57152],[-74.15458,4.57154],[-74.15453,4.57155],[-74.15448,4.57156],[-74.15443,4.57155],[-74.15439,4.57154]]}},{"type":"Feature","properties":{"id":"1450996291","nom":"Carrera 43 Bis","tipo":"tertiary"},"geometry":{"type":"LineString","coordinates":[[-74.15443,4.57167],[-74.15447,4.57163],[-74.15452,4.5716],[-74.15456,4.57156],[-74.15462,4.57152]]}},{"type":"Feature","properties":{"id":"1451401383","nom":"Calle 44C Sur","tipo":"secondary"},"geometry":{"type":"LineString","coordinates":[[-74.12373,4.57449],[-74.12371,4.57447]]}},{"type":"Feature","properties":{"id":"1453873885","nom":"Diagonal 43 Sur","tipo":"residential"},"geometry":{"type":"LineString","coordinates":[[-74.12622,4.57733],[-74.1258,4.57706],[-74.12559,4.57692],[-74.12511,4.5766]]}},{"type":"Feature","properties":{"id":"1465183083","nom":"Transversal 13H","tipo":"residential"},"geometry":{"type":"LineString","coordinates":[[-74.12252,4.56685],[-74.12254,4.56659],[-74.12257,4.56631]]}},{"type":"Feature","properties":{"id":"1465183084","nom":"Calle 49D Bis Sur","tipo":"residential"},"geometry":{"type":"LineString","coordinates":[[-74.12214,4.56517],[-74.12186,4.56529]]}},{"type":"Feature","properties":{"id":"1465183087","nom":"Transversal 13H","tipo":"residential"},"geometry":{"type":"LineString","coordinates":[[-74.12247,4.56825],[-74.12237,4.56801],[-74.12236,4.56794],[-74.12238,4.56778],[-74.12242,4.56758],[-74.12247,4.56732],[-74.1225,4.56705],[-74.12251,4.56695],[-74.12252,4.56685]]}},{"type":"Feature","properties":{"id":"1475427922","nom":"Carrera 68A","tipo":"residential"},"geometry":{"type":"LineString","coordinates":[[-74.13776,4.59767],[-74.13811,4.59712],[-74.13878,4.59605]]}},{"type":"Feature","properties":{"id":"1476713667","nom":"Diagonal 49A Sur","tipo":"residential"},"geometry":{"type":"LineString","coordinates":[[-74.13858,4.59109],[-74.13863,4.5911],[-74.13977,4.59133]]}},{"type":"Feature","properties":{"id":"1529628531","nom":"Calle 39I Sur","tipo":"residential"},"geometry":{"type":"LineString","coordinates":[[-74.13676,4.59753],[-74.13683,4.59757],[-74.13755,4.59801]]}},{"type":"Feature","properties":{"id":"1529628532","nom":"Carrera 68A","tipo":"residential"},"geometry":{"type":"LineString","coordinates":[[-74.13755,4.59801],[-74.13776,4.59767]]}},{"type":"Feature","properties":{"id":"1547595978","nom":"Carrera 27","tipo":"residential"},"geometry":{"type":"LineString","coordinates":[[-74.1322,4.58163],[-74.13175,4.58173],[-74.13156,4.58178],[-74.1313,4.58185],[-74.13087,4.58197],[-74.13041,4.58208],[-74.12996,4.58218]]}},{"type":"Feature","properties":{"id":"1547595979","nom":"Carrera 27","tipo":"residential"},"geometry":{"type":"LineString","coordinates":[[-74.13265,4.58152],[-74.1322,4.58163]]}},{"type":"Feature","properties":{"id":"1547595980","nom":"Calle 49 Sur","tipo":"residential"},"geometry":{"type":"LineString","coordinates":[[-74.13241,4.58054],[-74.13265,4.58152]]}},{"type":"Feature","properties":{"id":"1547595981","nom":"Carrera 26","tipo":"residential"},"geometry":{"type":"LineString","coordinates":[[-74.13241,4.58054],[-74.13281,4.58044],[-74.13282,4.58044]]}},{"type":"Feature","properties":{"id":"1547704199","nom":"","tipo":"trunk_link"},"geometry":{"type":"LineString","coordinates":[[-74.13809,4.59483],[-74.13802,4.59481],[-74.138,4.5948],[-74.13797,4.59479],[-74.13796,4.59478],[-74.13794,4.59476],[-74.13793,4.59474],[-74.13789,4.59468],[-74.13786,4.59464]]}},{"type":"Feature","properties":{"id":"1547927245","nom":"","tipo":"tertiary"},"geometry":{"type":"LineString","coordinates":[[-74.15428,4.57168],[-74.1543,4.5717],[-74.15433,4.57171],[-74.15436,4.57171],[-74.15438,4.57171],[-74.15441,4.57169]]}},{"type":"Feature","properties":{"id":"1547927246","nom":"","tipo":"tertiary"},"geometry":{"type":"LineString","coordinates":[[-74.15443,4.57167],[-74.15444,4.57164],[-74.15444,4.57161],[-74.15443,4.57158]]}},{"type":"Feature","properties":{"id":"1547927247","nom":"","tipo":"tertiary"},"geometry":{"type":"LineString","coordinates":[[-74.15441,4.57169],[-74.15443,4.57167]]}},{"type":"Feature","properties":{"id":"1547927248","nom":"","tipo":"tertiary"},"geometry":{"type":"LineString","coordinates":[[-74.15443,4.57158],[-74.15441,4.57156],[-74.15439,4.57154]]}},{"type":"Feature","properties":{"id":"1547927249","nom":"","tipo":"tertiary"},"geometry":{"type":"LineString","coordinates":[[-74.15439,4.57154],[-74.15436,4.57153]]}},{"type":"Feature","properties":{"id":"1547927250","nom":"","tipo":"tertiary"},"geometry":{"type":"LineString","coordinates":[[-74.15426,4.57162],[-74.15427,4.57165],[-74.15428,4.57168]]}},{"type":"Feature","properties":{"id":"1547932387","nom":"Diagonal 50 Sur","tipo":"residential"},"geometry":{"type":"LineString","coordinates":[[-74.13986,4.59087],[-74.13913,4.59072]]}},{"type":"Feature","properties":{"id":"1547932388","nom":"Carrera 53A","tipo":"residential"},"geometry":{"type":"LineString","coordinates":[[-74.13986,4.59087],[-74.13977,4.59133],[-74.13967,4.5918]]}},{"type":"Feature","properties":{"id":"1547932389","nom":"Diagonal 49 Sur","tipo":"residential"},"geometry":{"type":"LineString","coordinates":[[-74.13967,4.5918],[-74.13857,4.59157],[-74.13853,4.59156],[-74.13848,4.59155]]}},{"type":"Feature","properties":{"id":"1547932390","nom":"Carrera 52A","tipo":"tertiary"},"geometry":{"type":"LineString","coordinates":[[-74.13607,4.59106],[-74.13605,4.59116]]}},{"type":"Feature","properties":{"id":"1548024289","nom":"Avenida Carrera 53","tipo":"secondary"},"geometry":{"type":"LineString","coordinates":[[-74.13849,4.59107],[-74.13842,4.59145],[-74.13841,4.59149],[-74.1384,4.59153]]}},{"type":"Feature","properties":{"id":"1548024290","nom":"Transversal 44","tipo":"tertiary"},"geometry":{"type":"LineString","coordinates":[[-74.13672,4.59061],[-74.13655,4.5907]]}},{"type":"Feature","properties":{"id":"1548024291","nom":"","tipo":"trunk_link"},"geometry":{"type":"LineString","coordinates":[[-74.13748,4.59515],[-74.13755,4.59518],[-74.13759,4.5952],[-74.13759,4.5952],[-74.13761,4.59522],[-74.13762,4.59526],[-74.13762,4.5953],[-74.13762,4.59534]]}},{"type":"Feature","properties":{"id":"1548024292","nom":"Avenida Calle 45A Sur","tipo":"trunk"},"geometry":{"type":"LineString","coordinates":[[-74.1353,4.59435],[-74.13459,4.5942],[-74.1343,4.59414]]}},{"type":"Feature","properties":{"id":"1548024293","nom":"Carrera 51D","tipo":"residential"},"geometry":{"type":"LineString","coordinates":[[-74.1343,4.59414],[-74.13427,4.5941],[-74.13424,4.59403],[-74.13424,4.59397],[-74.13432,4.59358]]}},{"type":"Feature","properties":{"id":"1548024294","nom":"Avenida Carrera 53","tipo":"secondary"},"geometry":{"type":"LineString","coordinates":[[-74.13786,4.59464],[-74.13792,4.59435],[-74.13793,4.59434],[-74.13793,4.59431]]}},{"type":"Feature","properties":{"id":"1548024295","nom":"Diagonal 45B Sur","tipo":"residential"},"geometry":{"type":"LineString","coordinates":[[-74.13785,4.59429],[-74.13793,4.59431]]}},{"type":"Feature","properties":{"id":"1548024296","nom":"Diagonal 50 Sur","tipo":"residential"},"geometry":{"type":"LineString","coordinates":[[-74.13913,4.59072],[-74.13873,4.59064],[-74.13868,4.59063]]}},{"type":"Feature","properties":{"id":"1549000374","nom":"Diagonal 40 Sur","tipo":"secondary"},"geometry":{"type":"LineString","coordinates":[[-74.1251,4.59027],[-74.12493,4.59014],[-74.12492,4.59013],[-74.12486,4.59009],[-74.12471,4.58996],[-74.12465,4.58992],[-74.12457,4.58987],[-74.12443,4.58979],[-74.12439,4.58976],[-74.12424,4.58967],[-74.12418,4.58963],[-74.12394,4.58947],[-74.12393,4.58946],[-74.12378,4.58936],[-74.12363,4.58925]]}},{"type":"Feature","properties":{"id":"1549248130","nom":"","tipo":"trunk_link"},"geometry":{"type":"LineString","coordinates":[[-74.12584,4.59382],[-74.12589,4.59382],[-74.12612,4.59382],[-74.12616,4.59382],[-74.1262,4.59382],[-74.12623,4.59383],[-74.12624,4.59383],[-74.12629,4.59386],[-74.12634,4.59389],[-74.1264,4.59394]]}},{"type":"Feature","properties":{"id":"1549248131","nom":"","tipo":"secondary"},"geometry":{"type":"LineString","coordinates":[[-74.1269,4.59408],[-74.12698,4.59403],[-74.12705,4.59396],[-74.1271,4.59388]]}},{"type":"Feature","properties":{"id":"1549396516","nom":"Avenida Carrera 19C","tipo":"primary"},"geometry":{"type":"LineString","coordinates":[[-74.13635,4.56812],[-74.13679,4.56789],[-74.1372,4.56768],[-74.13731,4.56763],[-74.13743,4.56758],[-74.1375,4.56755],[-74.1376,4.56753],[-74.13769,4.56752],[-74.13778,4.56752],[-74.13791,4.56751]]}},{"type":"Feature","properties":{"id":"1549396517","nom":"Avenida Carrera 19C","tipo":"primary"},"geometry":{"type":"LineString","coordinates":[[-74.13791,4.56751],[-74.1382,4.56749],[-74.13862,4.56748]]}},{"type":"Feature","properties":{"id":"1549749467","nom":"Avenida Calle 58A Sur","tipo":"trunk"},"geometry":{"type":"LineString","coordinates":[[-74.1385,4.56813],[-74.13846,4.56789],[-74.13845,4.56781],[-74.13844,4.56766]]}},{"type":"Feature","properties":{"id":"1549750935","nom":"Avenida Carrera 19C","tipo":"primary"},"geometry":{"type":"LineString","coordinates":[[-74.13686,4.56742],[-74.13645,4.56764],[-74.1362,4.56776],[-74.13581,4.56796],[-74.13574,4.568],[-74.13568,4.56802],[-74.13542,4.56813],[-74.13483,4.56835],[-74.13444,4.56851],[-74.13425,4.56858]]}},{"type":"Feature","properties":{"id":"1552434249","nom":"","tipo":"tertiary"},"geometry":{"type":"LineString","coordinates":[[-74.15444,4.57827],[-74.15444,4.57829],[-74.15443,4.57831],[-74.15444,4.57833],[-74.15445,4.57835],[-74.15446,4.57836],[-74.15447,4.57838]]}},{"type":"Feature","properties":{"id":"1552434250","nom":"Calle 58A Sur","tipo":"tertiary"},"geometry":{"type":"LineString","coordinates":[[-74.15109,4.57854],[-74.1511,4.57857],[-74.15111,4.5786],[-74.15119,4.57884],[-74.15128,4.57911],[-74.15137,4.57938],[-74.1514,4.57949],[-74.15144,4.5796]]}},{"type":"Feature","properties":{"id":"1552434251","nom":"Avenida Carrera 51","tipo":"secondary"},"geometry":{"type":"LineString","coordinates":[[-74.14976,4.58],[-74.15131,4.58064],[-74.15148,4.58071]]}},{"type":"Feature","properties":{"id":"1552543498","nom":"Carrera 54","tipo":"tertiary"},"geometry":{"type":"LineString","coordinates":[[-74.14115,4.59496],[-74.14112,4.59513],[-74.1411,4.59521],[-74.14109,4.59527],[-74.14108,4.59528],[-74.14106,4.5953],[-74.14104,4.59532],[-74.14102,4.59535]]}},{"type":"Feature","properties":{"id":"1552543499","nom":"Avenida Carrera 53","tipo":"secondary"},"geometry":{"type":"LineString","coordinates":[[-74.13785,4.59429],[-74.13784,4.59432],[-74.13783,4.59438],[-74.13781,4.59451],[-74.1378,4.59457],[-74.13779,4.59463],[-74.13779,4.59466]]}},{"type":"Feature","properties":{"id":"1552543503","nom":"Avenida Carrera 68","tipo":"primary"},"geometry":{"type":"LineString","coordinates":[[-74.13676,4.59753],[-74.13689,4.59735],[-74.13703,4.59711],[-74.13706,4.59706]]}},{"type":"Feature","properties":{"id":"1553294736","nom":"Carrera 51D","tipo":"residential"},"geometry":{"type":"LineString","coordinates":[[-74.13432,4.59358],[-74.13441,4.59311],[-74.13451,4.59265]]}},{"type":"Feature","properties":{"id":"1553294737","nom":"Avenida Carrera 53","tipo":"secondary"},"geometry":{"type":"LineString","coordinates":[[-74.13793,4.59431],[-74.13794,4.59428],[-74.13803,4.59384],[-74.13811,4.59345],[-74.13811,4.59343],[-74.13812,4.5934]]}},{"type":"Feature","properties":{"id":"1553437984","nom":"Avenida Calle 45A Sur","tipo":"trunk"},"geometry":{"type":"LineString","coordinates":[[-74.13929,4.59511],[-74.1386,4.59499]]}},{"type":"Feature","properties":{"id":"1553518613","nom":"Calle 66A Sur","tipo":"tertiary"},"geometry":{"type":"LineString","coordinates":[[-74.15476,4.58786],[-74.15487,4.58781],[-74.15492,4.58779],[-74.15497,4.58778],[-74.15523,4.58773]]}},{"type":"Feature","properties":{"id":"1553518614","nom":"Calle 59 Sur","tipo":"residential"},"geometry":{"type":"LineString","coordinates":[[-74.15431,4.58565],[-74.15436,4.5858],[-74.15447,4.58606],[-74.1545,4.58612],[-74.15454,4.58621],[-74.15459,4.58631],[-74.15462,4.58637],[-74.15467,4.58645],[-74.15473,4.58655],[-74.15478,4.58663],[-74.1548,4.58666],[-74.15486,4.5868],[-74.15489,4.58686],[-74.15496,4.587],[-74.15506,4.58725],[-74.15515,4.58749],[-74.1552,4.58764],[-74.15521,4.58767],[-74.15523,4.58773]]}},{"type":"Feature","properties":{"id":"1553977385","nom":"Calle 57 Sur","tipo":"residential"},"geometry":{"type":"LineString","coordinates":[[-74.13152,4.56331],[-74.13204,4.5637],[-74.13216,4.5638],[-74.13252,4.56408],[-74.13307,4.5645],[-74.1332,4.5646]]}},{"type":"Feature","properties":{"id":"1553977386","nom":"Calle 58 Sur","tipo":"residential"},"geometry":{"type":"LineString","coordinates":[[-74.13359,4.56408],[-74.13314,4.56374],[-74.13256,4.56329],[-74.13219,4.56301],[-74.13177,4.56267],[-74.13164,4.56257],[-74.1314,4.56238],[-74.13136,4.56235]]}},{"type":"Feature","properties":{"id":"1553977387","nom":"Calle 58 Sur","tipo":"residential"},"geometry":{"type":"LineString","coordinates":[[-74.13136,4.56235],[-74.13107,4.56211],[-74.13074,4.56184],[-74.1307,4.56181]]}},{"type":"Feature","properties":{"id":"1553977388","nom":"Calle 57 Sur","tipo":"residential"},"geometry":{"type":"LineString","coordinates":[[-74.13124,4.56309],[-74.13152,4.56331]]}},{"type":"Feature","properties":{"id":"1554352580","nom":"Transversal 60","tipo":"trunk"},"geometry":{"type":"LineString","coordinates":[[-74.14534,4.58886],[-74.14529,4.5887],[-74.14517,4.58838]]}},{"type":"Feature","properties":{"id":"1554352581","nom":"Transversal 60","tipo":"trunk"},"geometry":{"type":"LineString","coordinates":[[-74.14521,4.58877],[-74.14516,4.58864]]}},{"type":"Feature","properties":{"id":"1554352582","nom":"Diagonal 52 Sur","tipo":"tertiary"},"geometry":{"type":"LineString","coordinates":[[-74.14493,4.58777],[-74.14485,4.58784]]}},{"type":"Feature","properties":{"id":"1554670313","nom":"Calle 37 Sur","tipo":"tertiary"},"geometry":{"type":"LineString","coordinates":[[-74.12682,4.59968],[-74.12676,4.59964],[-74.12664,4.59957]]}},{"type":"Feature","properties":{"id":"1554848166","nom":"","tipo":"tertiary"},"geometry":{"type":"LineString","coordinates":[[-74.14976,4.57433],[-74.14981,4.57434],[-74.14987,4.57433],[-74.14992,4.57431],[-74.14997,4.57427],[-74.14999,4.57422],[-74.15,4.57419]]}},{"type":"Feature","properties":{"id":"1554943889","nom":"Carrera 61","tipo":"residential"},"geometry":{"type":"LineString","coordinates":[[-74.14832,4.59183],[-74.14829,4.59187],[-74.14824,4.59197],[-74.14815,4.59228],[-74.14793,4.59306],[-74.1479,4.59316]]}},{"type":"Feature","properties":{"id":"1555340422","nom":"Carrera 61B","tipo":"residential"},"geometry":{"type":"LineString","coordinates":[[-74.14748,4.58506],[-74.14749,4.58508],[-74.14763,4.58571],[-74.14778,4.58641]]}},{"type":"Feature","properties":{"id":"1557707545","nom":"Avenida Calle 45A Sur","tipo":"trunk"},"geometry":{"type":"LineString","coordinates":[[-74.14607,4.59517],[-74.14622,4.59516]]}},{"type":"Feature","properties":{"id":"1557709176","nom":"Carrera 40A","tipo":"residential"},"geometry":{"type":"LineString","coordinates":[[-74.12116,4.5996],[-74.1208,4.59994],[-74.12049,4.60023],[-74.12046,4.60025],[-74.11983,4.60084],[-74.11941,4.60123],[-74.11937,4.60126]]}},{"type":"Feature","properties":{"id":"1557709177","nom":"Calle 29B Sur","tipo":"residential"},"geometry":{"type":"LineString","coordinates":[[-74.12116,4.5996],[-74.12084,4.59923]]}},{"type":"Feature","properties":{"id":"1557709178","nom":"Carrera 40A","tipo":"residential"},"geometry":{"type":"LineString","coordinates":[[-74.12275,4.59813],[-74.12243,4.59842],[-74.12183,4.59898],[-74.12116,4.5996]]}},{"type":"Feature","properties":{"id":"1557709179","nom":"Calle 33 Sur","tipo":"tertiary"},"geometry":{"type":"LineString","coordinates":[[-74.12243,4.59778],[-74.12275,4.59813]]}},{"type":"Feature","properties":{"id":"1557941497","nom":"Calle 55 Sur","tipo":"residential"},"geometry":{"type":"LineString","coordinates":[[-74.13998,4.5787],[-74.13961,4.57776],[-74.13941,4.57724],[-74.1394,4.57722]]}},{"type":"Feature","properties":{"id":"1557941498","nom":"Carrera 25","tipo":"tertiary"},"geometry":{"type":"LineString","coordinates":[[-74.14056,4.57673],[-74.14051,4.57675],[-74.13993,4.577],[-74.13982,4.57704],[-74.13946,4.57719],[-74.1394,4.57722]]}},{"type":"Feature","properties":{"id":"1557941499","nom":"Calle 52F Sur","tipo":"residential"},"geometry":{"type":"LineString","coordinates":[[-74.13576,4.57687],[-74.13588,4.57718],[-74.13607,4.57764],[-74.13612,4.57777],[-74.13639,4.57842],[-74.13641,4.57847]]}},{"type":"Feature","properties":{"id":"1557941500","nom":"Calle 55 Sur","tipo":"residential"},"geometry":{"type":"LineString","coordinates":[[-74.1394,4.57722],[-74.13938,4.57718],[-74.13935,4.57709],[-74.13928,4.57693],[-74.13914,4.5766],[-74.13905,4.57639],[-74.13887,4.57592],[-74.13875,4.57563]]}},{"type":"Feature","properties":{"id":"1557945326","nom":"Diagonal 38A Sur","tipo":"tertiary"},"geometry":{"type":"LineString","coordinates":[[-74.12266,4.58805],[-74.12264,4.58796],[-74.12263,4.58786],[-74.12263,4.58776],[-74.12264,4.5876],[-74.12266,4.58747],[-74.12269,4.58734]]}},{"type":"Feature","properties":{"id":"1557945327","nom":"Avenida Carrera 33","tipo":"secondary"},"geometry":{"type":"LineString","coordinates":[[-74.12319,4.58883],[-74.12312,4.58883],[-74.1231,4.58883],[-74.12275,4.58881],[-74.12265,4.5888],[-74.12256,4.58877],[-74.1225,4.58874],[-74.12245,4.58871],[-74.1224,4.58868],[-74.12236,4.58865],[-74.12232,4.58861]]}},{"type":"Feature","properties":{"id":"1557945328","nom":"Carrera 26","tipo":"residential"},"geometry":{"type":"LineString","coordinates":[[-74.12651,4.58193],[-74.12648,4.58193],[-74.12598,4.58208],[-74.12566,4.58217],[-74.12503,4.58235],[-74.12472,4.58244],[-74.12447,4.58251],[-74.12439,4.58253]]}},{"type":"Feature","properties":{"id":"1557945329","nom":"Diagonal 40 Sur","tipo":"residential"},"geometry":{"type":"LineString","coordinates":[[-74.122,4.58323],[-74.12169,4.58308],[-74.12137,4.58293],[-74.12114,4.58283],[-74.12103,4.58278],[-74.12099,4.58275],[-74.12096,4.5827],[-74.12092,4.5826]]}}]}